#x_m,y_m,w_tr_right_m,w_tr_left_m
9.049999999999997,53.20000000000001,0.7000000000000001,0.6000000000000001
9.100000000000001,53.15000000000001,0.65,0.65
9.399999999999999,53.15000000000001,0.6606601717798214,0.65
9.450000000000003,53.1,0.6198039027185569,0.681665382639197
9.600000000000001,53.1,0.65,0.6062305898749054
9.649999999999999,53.050000000000004,0.6000000000000001,0.6307764064044152
10.0,53.050000000000004,0.6198039027185569,0.5513148795220223
10.049999999999997,53.00000000000001,0.582344135219425,0.6000000000000001
10.549999999999997,53.00000000000001,0.6198039027185569,0.5513148795220223
10.600000000000001,52.95000000000001,0.582344135219425,0.6000000000000001
10.899999999999999,52.95000000000001,0.6111874208078343,0.55524865872714
10.950000000000003,52.90000000000001,0.57082439194738,0.6012492197250394
11.200000000000003,52.90000000000001,0.6111874208078343,0.55524865872714
11.25,52.85,0.57082439194738,0.6012492197250394
11.450000000000003,52.85,0.6111874208078343,0.5617692030835671
11.5,52.800000000000004,0.57082439194738,0.604987562112089
11.75,52.800000000000004,0.6111874208078343,0.5617692030835671
11.799999999999997,52.75000000000001,0.57082439194738,0.604987562112089
11.950000000000003,52.75000000000001,0.604987562112089,0.57082439194738
12.0,52.70000000000001,0.5617692030835671,0.6111874208078343
12.25,52.70000000000001,0.6111874208078343,0.55524865872714
12.299999999999997,52.65000000000001,0.57082439194738,0.6012492197250394
12.5,52.65000000000001,0.6111874208078343,0.5617692030835671
12.549999999999997,52.6,0.57082439194738,0.604987562112089
12.799999999999997,52.6,0.6111874208078343,0.5617692030835671
12.850000000000001,52.550000000000004,0.57082439194738,0.604987562112089
13.049999999999997,52.550000000000004,0.6111874208078343,0.5617692030835671
13.100000000000001,52.50000000000001,0.57082439194738,0.604987562112089
13.299999999999997,52.50000000000001,0.6111874208078343,0.5617692030835671
13.350000000000001,52.45000000000001,0.57082439194738,0.604987562112089
13.600000000000001,52.45000000000001,0.6111874208078343,0.5617692030835671
13.649999999999999,52.40000000000001,0.57082439194738,0.604987562112089
13.850000000000001,52.40000000000001,0.6111874208078343,0.5617692030835671
13.899999999999999,52.35,0.57082439194738,0.604987562112089
14.100000000000001,52.35,0.6111874208078343,0.5617692030835671
14.149999999999999,52.300000000000004,0.57082439194738,0.604987562112089
14.399999999999999,52.300000000000004,0.6111874208078343,0.55524865872714
14.450000000000003,52.25000000000001,0.57082439194738,0.6012492197250394
14.649999999999999,52.25000000000001,0.6111874208078343,0.5617692030835671
14.700000000000003,52.20000000000001,0.57082439194738,0.604987562112089
14.899999999999999,52.20000000000001,0.6111874208078343,0.5617692030835671
14.950000000000003,52.15000000000001,0.57082439194738,0.604987562112089
15.149999999999999,52.15000000000001,0.604987562112089,0.57082439194738
15.200000000000003,52.1,0.5617692030835671,0.6111874208078343
15.350000000000001,52.1,0.5962429422585638,0.57082439194738
15.399999999999999,52.050000000000004,0.55524865872714,0.6062305898749054
15.549999999999997,52.050000000000004,0.582344135219425,0.5486832980505139
15.600000000000001,52.00000000000001,0.5486832980505139,0.582344135219425
15.950000000000003,52.00000000000001,0.6111874208078343,0.55
16.0,51.95000000000001,0.57082439194738,0.6000000000000001
16.25,51.95000000000001,0.6111874208078343,0.5617692030835671
16.299999999999997,51.90000000000001,0.57082439194738,0.604987562112089
16.450000000000003,51.90000000000001,0.604987562112089,0.57082439194738
16.5,51.85,0.5617692030835671,0.6111874208078343
16.75,51.85,0.6111874208078343,0.55524865872714
16.799999999999997,51.800000000000004,0.57082439194738,0.6012492197250394
17.0,51.800000000000004,0.6111874208078343,0.5617692030835671
17.049999999999997,51.75000000000001,0.57082439194738,0.604987562112089
17.25,51.75000000000001,0.604987562112089,0.57082439194738
17.299999999999997,51.70000000000001,0.5617692030835671,0.6111874208078343
17.549999999999997,51.70000000000001,0.6111874208078343,0.55524865872714
17.6,51.65000000000001,0.57082439194738,0.6012492197250394
17.75,51.65000000000001,0.604987562112089,0.57082439194738
17.799999999999997,51.6,0.5617692030835671,0.6111874208078343
18.049999999999997,51.6,0.6111874208078343,0.55524865872714
18.1,51.550000000000004,0.57082439194738,0.6012492197250394
18.35,51.550000000000004,0.6111874208078343,0.55524865872714
18.4,51.50000000000001,0.57082439194738,0.6012492197250394
18.549999999999997,51.50000000000001,0.604987562112089,0.5656603957913984
18.6,51.45000000000001,0.5617692030835671,0.5962429422585638
18.85,51.45000000000001,0.6111874208078343,0.5513148795220223
18.9,51.40000000000001,0.57082439194738,0.6000000000000001
19.049999999999997,51.40000000000001,0.604987562112089,0.5656603957913984
19.1,51.35,0.5617692030835671,0.5962429422585638
19.35,51.35,0.6111874208078343,0.5513148795220223
19.4,51.300000000000004,0.57082439194738,0.6000000000000001
19.6,51.300000000000004,0.604987562112089,0.5617692030835671
19.65,51.25000000000001,0.5617692030835671,0.604987562112089
19.799999999999997,51.25000000000001,0.5962429422585638,0.5656603957913984
19.85,51.20000000000001,0.55524865872714,0.5962429422585638
20.15,51.20000000000001,0.6111874208078343,0.55
20.200000000000003,51.15000000000001,0.57082439194738,0.6000000000000001
20.35,51.15000000000001,0.604987562112089,0.5656603957913984
20.4,51.1,0.5617692030835671,0.5962429422585638
20.6,51.1,0.604987562112089,0.55524865872714
20.65,51.050000000000004,0.5617692030835671,0.5962429422585638
20.9,51.050000000000004,0.604987562112089,0.5513148795220223
20.950000000000003,51.00000000000001,0.5617692030835671,0.6000000000000001
21.15,51.00000000000001,0.604987562112089,0.5617692030835671
21.200000000000003,50.95000000000001,0.5617692030835671,0.5962429422585638
21.4,50.95000000000001,0.604987562112089,0.55524865872714
21.450000000000003,50.90000000000001,0.5617692030835671,0.6012492197250394
21.65,50.90000000000001,0.604987562112089,0.5617692030835671
21.700000000000003,50.85,0.5617692030835671,0.5962429422585638
21.9,50.85,0.604987562112089,0.55524865872714
21.950000000000003,50.800000000000004,0.5617692030835671,0.6012492197250394
22.15,50.800000000000004,0.604987562112089,0.5617692030835671
22.200000000000003,50.75000000000001,0.5617692030835671,0.5962429422585638
22.4,50.75000000000001,0.604987562112089,0.55524865872714
22.450000000000003,50.70000000000001,0.5617692030835671,0.5962429422585638
22.65,50.70000000000001,0.6012492197250394,0.5486832980505139
22.700000000000003,50.65000000000001,0.55524865872714,0.582344135219425
22.9,50.65000000000001,0.5962429422585638,0.5513148795220223
22.950000000000003,50.6,0.55524865872714,0.5962429422585638
23.200000000000003,50.6,0.604987562112089,0.5513148795220223
23.25,50.550000000000004,0.5617692030835671,0.6000000000000001
23.400000000000006,50.550000000000004,0.5962429422585638,0.5656603957913984
23.450000000000003,50.50000000000001,0.55524865872714,0.5962429422585638
23.650000000000006,50.50000000000001,0.5962429422585638,0.5486832980505139
23.700000000000003,50.45000000000001,0.55524865872714,0.582344135219425
23.950000000000003,50.45000000000001,0.604987562112089,0.55
24.0,50.40000000000001,0.5617692030835671,0.5962429422585638
24.150000000000006,50.40000000000001,0.5962429422585638,0.5486832980505139
24.200000000000003,50.35,0.55524865872714,0.582344135219425
24.400000000000006,50.35,0.5962429422585638,0.5513148795220223
24.450000000000003,50.300000000000004,0.55524865872714,0.5962429422585638
24.700000000000003,50.300000000000004,0.6012492197250394,0.5486832980505139
24.75,50.25000000000001,0.55524865872714,0.582344135219425
24.950000000000003,50.25000000000001,0.5962429422585638,0.5513148795220223
25.0,50.20000000000001,0.55524865872714,0.5962429422585638
25.200000000000003,50.20000000000001,0.5962429422585638,0.55524865872714
25.25,50.15000000000001,0.55524865872714,0.6012492197250394
25.400000000000006,50.15000000000001,0.582344135219425,0.5486832980505139
25.450000000000003,50.1,0.5486832980505139,0.582344135219425
25.700000000000003,50.1,0.5962429422585638,0.5486832980505139
25.75,50.050000000000004,0.55524865872714,0.582344135219425
25.900000000000006,50.050000000000004,0.582344135219425,0.5486832980505139
25.950000000000003,50.00000000000001,0.5486832980505139,0.582344135219425
26.150000000000006,50.00000000000001,0.582344135219425,0.5486832980505139
26.200000000000003,49.95000000000001,0.5486832980505139,0.582344135219425
26.450000000000003,49.95000000000001,0.5962429422585638,0.5486832980505139
26.5,49.90000000000001,0.55524865872714,0.582344135219425
26.700000000000003,49.90000000000001,0.5962429422585638,0.5513148795220223
26.75,49.85,0.55524865872714,0.5962429422585638
26.950000000000003,49.85,0.5962429422585638,0.55524865872714
27.0,49.800000000000004,0.55524865872714,0.5962429422585638
27.200000000000003,49.800000000000004,0.5962429422585638,0.5486832980505139
27.25,49.75000000000001,0.55524865872714,0.582344135219425
27.450000000000003,49.75000000000001,0.5962429422585638,0.5486832980505139
27.5,49.70000000000001,0.5513148795220223,0.582344135219425
27.75,49.70000000000001,0.5962429422585638,0.5486832980505139
27.799999999999997,49.65000000000001,0.55524865872714,0.582344135219425
27.950000000000003,49.65000000000001,0.582344135219425,0.5486832980505139
28.0,49.6,0.5486832980505139,0.582344135219425
28.150000000000006,49.6,0.57082439194738,0.5486832980505139
28.200000000000003,49.550000000000004,0.5340770846134703,0.582344135219425
28.450000000000003,49.550000000000004,0.582344135219425,0.5486832980505139
28.5,49.50000000000001,0.5486832980505139,0.582344135219425
28.75,49.50000000000001,0.5962429422585638,0.5486832980505139
28.799999999999997,49.45000000000001,0.55524865872714,0.582344135219425
29.0,49.45000000000001,0.5962429422585638,0.5486832980505139
29.049999999999997,49.40000000000001,0.55524865872714,0.582344135219425
29.200000000000003,49.40000000000001,0.582344135219425,0.5486832980505139
29.25,49.35,0.5486832980505139,0.582344135219425
29.450000000000003,49.35,0.582344135219425,0.5486832980505139
29.5,49.300000000000004,0.5486832980505139,0.582344135219425
29.700000000000003,49.300000000000004,0.582344135219425,0.5486832980505139
29.75,49.25000000000001,0.5486832980505139,0.582344135219425
29.950000000000003,49.25000000000001,0.582344135219425,0.5486832980505139
30.0,49.20000000000001,0.5486832980505139,0.582344135219425
30.200000000000003,49.20000000000001,0.582344135219425,0.5486832980505139
30.25,49.15000000000001,0.5486832980505139,0.582344135219425
30.450000000000003,49.15000000000001,0.582344135219425,0.5486832980505139
30.5,49.1,0.5486832980505139,0.582344135219425
30.700000000000003,49.1,0.582344135219425,0.5486832980505139
30.75,49.050000000000004,0.5486832980505139,0.582344135219425
30.950000000000003,49.050000000000004,0.582344135219425,0.5486832980505139
31.0,49.00000000000001,0.5486832980505139,0.582344135219425
31.200000000000003,49.00000000000001,0.582344135219425,0.5486832980505139
31.25,48.95000000000001,0.5486832980505139,0.582344135219425
31.450000000000003,48.95000000000001,0.582344135219425,0.5486832980505139
31.5,48.90000000000001,0.5486832980505139,0.582344135219425
31.700000000000003,48.90000000000001,0.582344135219425,0.5486832980505139
31.75,48.85,0.5486832980505139,0.582344135219425
31.950000000000003,48.85,0.582344135219425,0.5486832980505139
32.0,48.800000000000004,0.5486832980505139,0.582344135219425
32.150000000000006,48.800000000000004,0.57082439194738,0.5486832980505139
32.2,48.75000000000001,0.5340770846134703,0.582344135219425
32.45,48.75000000000001,0.582344135219425,0.5486832980505139
32.5,48.70000000000001,0.5486832980505139,0.582344135219425
32.7,48.70000000000001,0.582344135219425,0.5486832980505139
32.75,48.65000000000001,0.5486832980505139,0.582344135219425
32.95,48.65000000000001,0.582344135219425,0.5486832980505139
33.0,48.6,0.5486832980505139,0.582344135219425
33.150000000000006,48.6,0.57082439194738,0.5486832980505139
33.2,48.550000000000004,0.5340770846134703,0.582344135219425
33.45,48.550000000000004,0.582344135219425,0.5486832980505139
33.5,48.50000000000001,0.5486832980505139,0.582344135219425
33.7,48.50000000000001,0.582344135219425,0.5486832980505139
33.75,48.45000000000001,0.5486832980505139,0.582344135219425
33.900000000000006,48.45000000000001,0.57082439194738,0.5486832980505139
33.95,48.40000000000001,0.5340770846134703,0.582344135219425
34.2,48.40000000000001,0.5962429422585638,0.5486832980505139
34.25,48.35,0.55524865872714,0.582344135219425
34.400000000000006,48.35,0.582344135219425,0.5486832980505139
34.45,48.300000000000004,0.5486832980505139,0.582344135219425
34.650000000000006,48.300000000000004,0.582344135219425,0.5486832980505139
34.7,48.25000000000001,0.5486832980505139,0.582344135219425
34.900000000000006,48.25000000000001,0.582344135219425,0.5486832980505139
34.95,48.20000000000001,0.5486832980505139,0.582344135219425
35.150000000000006,48.20000000000001,0.582344135219425,0.5486832980505139
35.2,48.15000000000001,0.5486832980505139,0.582344135219425
35.349999999999994,48.15000000000001,0.57082439194738,0.55524865872714
35.400000000000006,48.1,0.5340770846134703,0.5962429422585638
35.55,48.1,0.582344135219425,0.5486832980505139
35.599999999999994,48.050000000000004,0.5486832980505139,0.582344135219425
35.7,48.050000000000004,0.57082439194738,0.5486832980505139
35.75,48.00000000000001,0.5340770846134703,0.582344135219425
35.900000000000006,48.00000000000001,0.582344135219425,0.5340770846134703
35.95,47.95000000000001,0.5486832980505139,0.5617692030835671
36.0,47.95000000000001,0.5656603957913984,0.5394147114027968
36.05,47.90000000000001,0.5340770846134703,0.5656603957913984
36.150000000000006,47.90000000000001,0.5656603957913984,0.5340770846134703
36.2,47.85,0.5394147114027968,0.5656603957913984
36.3,47.85,0.5848857801796105,0.5340770846134703
36.35000000000001,47.800000000000004,0.5617692030835671,0.5617692030835671
36.400000000000006,47.800000000000004,0.5848857801796105,0.5394147114027968
36.5,47.70000000000001,0.5394147114027968,0.57082439194738
36.55,47.70000000000001,0.5617692030835671,0.5433981132056603
36.60000000000001,47.65000000000001,0.5394147114027968,0.5617692030835671
36.650000000000006,47.65000000000001,0.5617692030835671,0.5394147114027968
36.7,47.6,0.5394147114027968,0.5656603957913984
36.75,47.6,0.5617692030835671,0.5433981132056603
36.8,47.550000000000004,0.5394147114027968,0.5617692030835671
36.85000000000001,47.550000000000004,0.5617692030835671,0.5394147114027968
36.900000000000006,47.50000000000001,0.5394147114027968,0.5617692030835671
36.95,47.50000000000001,0.5617692030835671,0.5394147114027968
37.05,47.40000000000001,0.5300537618869138,0.57082439194738
37.10000000000001,47.40000000000001,0.5604686356149273,0.5433981132056603
37.2,47.300000000000004,0.5433981132056603,0.5848857801796105
37.25,47.300000000000004,0.57082439194738,0.5545941546018393
37.400000000000006,47.15000000000001,0.5300537618869138,0.57082439194738
37.45,47.15000000000001,0.5604686356149273,0.5433981132056603
37.55,47.050000000000004,0.5300537618869138,0.55524865872714
37.60000000000001,47.050000000000004,0.5604686356149273,0.5219544457292887
38.400000000000006,46.25000000000001,0.55524865872714,0.5300537618869138
38.400000000000006,46.20000000000001,0.5219544457292887,0.5604686356149273
38.650000000000006,45.95000000000001,0.57082439194738,0.5545941546018393
38.650000000000006,45.90000000000001,0.5433981132056603,0.5848857801796105
38.75,45.800000000000004,0.5604686356149273,0.5433981132056603
38.75,45.75000000000001,0.5300537618869138,0.57082439194738
38.85000000000001,45.65000000000001,0.55524865872714,0.5433981132056603
38.85000000000001,45.6,0.5219544457292887,0.57082439194738
39.0,45.45000000000001,0.5617692030835671,0.5300537618869138
39.0,45.40000000000001,0.5394147114027968,0.5604686356149273
39.05,45.35,0.5617692030835671,0.5433981132056603
39.05,45.300000000000004,0.5394147114027968,0.57082439194738
39.150000000000006,45.20000000000001,0.5848857801796105,0.5433981132056603
39.150000000000006,45.15000000000001,0.5604686356149273,0.57082439194738
39.2,45.1,0.57082439194738,0.5604686356149273
39.2,45.050000000000004,0.5433981132056603,0.582344135219425
39.25,45.00000000000001,0.5617692030835671,0.5486832980505139
39.25,44.95000000000001,0.5394147114027968,0.5656603957913984
39.3,44.90000000000001,0.5617692030835671,0.5394147114027968
39.3,44.85,0.5394147114027968,0.5617692030835671
39.35000000000001,44.800000000000004,0.5617692030835671,0.5394147114027968
39.35000000000001,44.75000000000001,0.5394147114027968,0.5617692030835671
39.400000000000006,44.70000000000001,0.5617692030835671,0.5394147114027968
39.400000000000006,44.65000000000001,0.5394147114027968,0.5617692030835671
39.45,44.6,0.5617692030835671,0.5394147114027968
39.45,44.550000000000004,0.5394147114027968,0.5617692030835671
39.5,44.50000000000001,0.5617692030835671,0.5394147114027968
39.5,44.45000000000001,0.5394147114027968,0.5617692030835671
39.55,44.40000000000001,0.5656603957913984,0.5340770846134703
39.55,44.300000000000004,0.5340770846134703,0.5656603957913984
39.60000000000001,44.25000000000001,0.5656603957913984,0.5394147114027968
39.60000000000001,44.20000000000001,0.5486832980505139,0.5617692030835671
39.650000000000006,44.15000000000001,0.582344135219425,0.5394147114027968
39.650000000000006,44.050000000000004,0.5486832980505139,0.5848857801796105
39.7,44.00000000000001,0.582344135219425,0.5617692030835671
39.7,43.95000000000001,0.5617692030835671,0.582344135219425
39.75,43.90000000000001,0.5848857801796105,0.5486832980505139
39.75,43.800000000000004,0.5486832980505139,0.582344135219425
39.8,43.75000000000001,0.582344135219425,0.5486832980505139
39.8,43.65000000000001,0.5486832980505139,0.582344135219425
39.85000000000001,43.6,0.582344135219425,0.5486832980505139
39.85000000000001,43.550000000000004,0.5617692030835671,0.5656603957913984
39.900000000000006,43.50000000000001,0.5848857801796105,0.5340770846134703
39.900000000000006,43.40000000000001,0.5486832980505139,0.5656603957913984
39.95,43.35,0.582344135219425,0.5340770846134703
39.95,43.25000000000001,0.5486832980505139,0.5656603957913984
40.0,43.20000000000001,0.582344135219425,0.5340770846134703
40.0,43.1,0.5486832980505139,0.5656603957913984
40.05,43.050000000000004,0.582344135219425,0.5340770846134703
40.05,42.95000000000001,0.5394147114027968,0.5656603957913984
40.10000000000001,42.90000000000001,0.5656603957913984,0.5340770846134703
40.10000000000001,42.800000000000004,0.5340770846134703,0.5656603957913984
40.150000000000006,42.75000000000001,0.57082439194738,0.5340770846134703
40.150000000000006,42.6,0.5340770846134703,0.582344135219425
40.2,42.550000000000004,0.57082439194738,0.5486832980505139
40.2,42.45000000000001,0.5486832980505139,0.582344135219425
40.25,42.40000000000001,0.582344135219425,0.5486832980505139
40.25,42.25000000000001,0.5486832980505139,0.582344135219425
40.3,42.20000000000001,0.582344135219425,0.5486832980505139
40.3,41.95000000000001,0.5340770846134703,0.6012492197250394
40.35000000000001,41.90000000000001,0.57082439194738,0.55524865872714
40.35000000000001,41.75000000000001,0.5340770846134703,0.582344135219425
40.400000000000006,41.70000000000001,0.57082439194738,0.5486832980505139
40.400000000000006,41.50000000000001,0.5219544457292887,0.57082439194738
40.45,41.45000000000001,0.5617692030835671,0.5340770846134703
40.45,41.25000000000001,0.512414379544733,0.57082439194738
40.5,41.20000000000001,0.55524865872714,0.5340770846134703
40.5,40.75000000000001,0.5486832980505139,0.604987562112089
40.55,40.70000000000001,0.582344135219425,0.5617692030835671
40.55,40.50000000000001,0.5513148795220223,0.6124228365658294
40.60000000000001,40.45000000000001,0.6000000000000001,0.5848857801796105
40.60000000000001,33.550000000000004,0.6111874208078343,0.5848857801796105
40.55,33.50000000000001,0.57082439194738,0.6124228365658294
40.55,33.35,0.6000000000000001,0.57082439194738
40.5,33.300000000000004,0.55,0.6111874208078343
40.5,32.800000000000004,0.5617692030835671,0.5513148795220223
40.45,32.75000000000001,0.5219544457292887,0.6000000000000001
40.45,32.1,0.5617692030835671,0.5513148795220223
40.400000000000006,32.050000000000004,0.5219544457292887,0.6000000000000001
40.400000000000006,31.400000000000013,0.5617692030835671,0.5513148795220223
40.35000000000001,31.35,0.5219544457292887,0.6000000000000001
40.35000000000001,30.70000000000001,0.57082439194738,0.5513148795220223
40.3,30.650000000000013,0.5340770846134703,0.6000000000000001
40.3,30.050000000000004,0.5617692030835671,0.5513148795220223
40.25,30.000000000000007,0.5219544457292887,0.6000000000000001
40.25,29.70000000000001,0.57082439194738,0.55524865872714
40.2,29.650000000000013,0.5340770846134703,0.6012492197250394
40.2,29.35,0.57082439194738,0.5513148795220223
40.150000000000006,29.300000000000004,0.5340770846134703,0.6000000000000001
40.150000000000006,29.050000000000004,0.57082439194738,0.55524865872714
40.10000000000001,29.000000000000007,0.5340770846134703,0.6012492197250394
40.10000000000001,28.70000000000001,0.57082439194738,0.5513148795220223
40.05,28.650000000000013,0.5340770846134703,0.5962429422585638
40.05,28.400000000000013,0.57082439194738,0.5513148795220223
40.0,28.35,0.5340770846134703,0.5962429422585638
40.0,28.1,0.5617692030835671,0.5513148795220223
39.95,28.050000000000004,0.5219544457292887,0.6000000000000001
39.95,27.750000000000007,0.57082439194738,0.5486832980505139
39.900000000000006,27.70000000000001,0.5340770846134703,0.582344135219425
39.900000000000006,27.500000000000007,0.5617692030835671,0.5513148795220223
39.85000000000001,27.45000000000001,0.5219544457292887,0.6000000000000001
39.85000000000001,27.150000000000013,0.5617692030835671,0.5486832980505139
39.8,27.1,0.5219544457292887,0.582344135219425
39.8,26.85,0.5617692030835671,0.55
39.75,26.800000000000004,0.5219544457292887,0.5962429422585638
39.75,26.550000000000004,0.5617692030835671,0.5513148795220223
39.7,26.500000000000007,0.5219544457292887,0.5962429422585638
39.7,26.250000000000007,0.5617692030835671,0.5513148795220223
39.650000000000006,26.20000000000001,0.5219544457292887,0.5962429422585638
39.650000000000006,26.000000000000007,0.57082439194738,0.55524865872714
39.60000000000001,25.95000000000001,0.5340770846134703,0.5962429422585638
39.60000000000001,25.750000000000007,0.582344135219425,0.55524865872714
39.55,25.70000000000001,0.5486832980505139,0.5962429422585638
39.55,25.500000000000007,0.582344135219425,0.5486832980505139
39.5,25.45000000000001,0.5486832980505139,0.582344135219425
39.5,25.300000000000004,0.582344135219425,0.5486832980505139
39.45,25.250000000000007,0.5486832980505139,0.582344135219425
39.45,25.1,0.582344135219425,0.55524865872714
39.400000000000006,25.050000000000004,0.5486832980505139,0.5962429422585638
39.400000000000006,24.900000000000013,0.582344135219425,0.5617692030835671
39.35000000000001,24.85,0.5486832980505139,0.5962429422585638
39.35000000000001,24.70000000000001,0.582344135219425,0.5617692030835671
39.3,24.650000000000013,0.5486832980505139,0.5962429422585638
39.3,24.45000000000001,0.582344135219425,0.5486832980505139
39.25,24.400000000000013,0.5486832980505139,0.582344135219425
39.25,24.300000000000004,0.57082439194738,0.5486832980505139
39.2,24.250000000000007,0.5340770846134703,0.582344135219425
39.2,24.1,0.57082439194738,0.5486832980505139
39.150000000000006,24.050000000000004,0.5340770846134703,0.582344135219425
39.150000000000006,23.900000000000013,0.57082439194738,0.5486832980505139
39.10000000000001,23.85,0.5340770846134703,0.582344135219425
39.10000000000001,23.70000000000001,0.57082439194738,0.55524865872714
39.05,23.650000000000013,0.5340770846134703,0.5962429422585638
39.05,23.45000000000001,0.57082439194738,0.5340770846134703
39.0,23.400000000000013,0.5340770846134703,0.57082439194738
39.0,23.250000000000007,0.57082439194738,0.5340770846134703
38.95,23.20000000000001,0.5340770846134703,0.57082439194738
38.95,23.050000000000004,0.57082439194738,0.5486832980505139
38.900000000000006,23.000000000000007,0.5340770846134703,0.582344135219425
38.900000000000006,22.85,0.57082439194738,0.5486832980505139
38.85000000000001,22.800000000000004,0.5340770846134703,0.582344135219425
38.85000000000001,22.65,0.57082439194738,0.5486832980505139
38.8,22.6,0.5340770846134703,0.582344135219425
38.8,22.45000000000001,0.57082439194738,0.5486832980505139
38.75,22.4,0.5340770846134703,0.582344135219425
38.75,22.250000000000007,0.57082439194738,0.5486832980505139
38.7,22.20000000000001,0.5340770846134703,0.582344135219425
38.7,22.050000000000004,0.57082439194738,0.5486832980505139
38.650000000000006,22.000000000000007,0.5340770846134703,0.582344135219425
38.650000000000006,21.85,0.582344135219425,0.5340770846134703
38.60000000000001,21.800000000000004,0.5486832980505139,0.5656603957913984
38.60000000000001,21.70000000000001,0.582344135219425,0.5340770846134703
38.55,21.65,0.5486832980505139,0.5656603957913984
38.55,21.550000000000004,0.582344135219425,0.5340770846134703
38.5,21.500000000000007,0.5486832980505139,0.57082439194738
38.5,21.4,0.57082439194738,0.5486832980505139
38.45,21.35,0.5340770846134703,0.582344135219425
38.45,21.20000000000001,0.582344135219425,0.5340770846134703
38.400000000000006,21.15,0.5486832980505139,0.5656603957913984
38.400000000000006,21.050000000000004,0.582344135219425,0.5340770846134703
38.35000000000001,21.000000000000007,0.5486832980505139,0.5656603957913984
38.35000000000001,20.9,0.582344135219425,0.5340770846134703
38.3,20.85,0.5486832980505139,0.57082439194738
38.3,20.750000000000007,0.582344135219425,0.5486832980505139
38.25,20.70000000000001,0.5486832980505139,0.582344135219425
38.25,20.6,0.57082439194738,0.5486832980505139
38.2,20.550000000000004,0.5340770846134703,0.582344135219425
38.2,20.4,0.582344135219425,0.5340770846134703
38.150000000000006,20.35,0.5486832980505139,0.5656603957913984
38.150000000000006,20.250000000000007,0.582344135219425,0.5340770846134703
38.10000000000001,20.20000000000001,0.5486832980505139,0.5656603957913984
38.10000000000001,20.1,0.582344135219425,0.5340770846134703
38.05,20.050000000000004,0.5486832980505139,0.57082439194738
38.05,19.95000000000001,0.582344135219425,0.5486832980505139
38.0,19.9,0.5486832980505139,0.582344135219425
38.0,19.800000000000004,0.582344135219425,0.5486832980505139
37.95,19.750000000000007,0.5486832980505139,0.582344135219425
37.95,19.65,0.57082439194738,0.5486832980505139
37.900000000000006,19.6,0.5340770846134703,0.582344135219425
37.900000000000006,19.45000000000001,0.582344135219425,0.5340770846134703
37.85000000000001,19.4,0.5486832980505139,0.57082439194738
37.85000000000001,19.300000000000004,0.582344135219425,0.5486832980505139
37.8,19.250000000000007,0.5486832980505139,0.582344135219425
37.8,19.15,0.582344135219425,0.5486832980505139
37.75,19.1,0.5486832980505139,0.582344135219425
37.75,19.000000000000007,0.57082439194738,0.5486832980505139
37.7,18.95000000000001,0.5340770846134703,0.582344135219425
37.7,18.800000000000004,0.582344135219425,0.5340770846134703
37.650000000000006,18.750000000000007,0.5486832980505139,0.5656603957913984
37.650000000000006,18.65,0.582344135219425,0.5340770846134703
37.60000000000001,18.6,0.5486832980505139,0.5656603957913984
37.60000000000001,18.500000000000007,0.582344135219425,0.5340770846134703
37.55,18.45000000000001,0.5486832980505139,0.57082439194738
37.55,18.35,0.582344135219425,0.5486832980505139
37.5,18.300000000000004,0.5486832980505139,0.582344135219425
37.5,18.20000000000001,0.582344135219425,0.5486832980505139
37.45,18.15,0.5486832980505139,0.582344135219425
37.45,18.050000000000004,0.57082439194738,0.5486832980505139
37.400000000000006,18.000000000000007,0.5340770846134703,0.582344135219425
37.400000000000006,17.85,0.582344135219425,0.5340770846134703
37.35000000000001,17.800000000000004,0.5486832980505139,0.5656603957913984
37.35000000000001,17.70000000000001,0.57082439194738,0.5340770846134703
37.3,17.65,0.5340770846134703,0.57082439194738
37.3,17.500000000000007,0.57082439194738,0.5340770846134703
37.25,17.45000000000001,0.5340770846134703,0.5656603957913984
37.25,17.35,0.5656603957913984,0.5340770846134703
37.2,17.300000000000004,0.5340770846134703,0.57082439194738
37.2,17.15,0.57082439194738,0.5340770846134703
37.150000000000006,17.1,0.5340770846134703,0.57082439194738
37.150000000000006,16.95000000000001,0.57082439194738,0.5340770846134703
37.10000000000001,16.9,0.5340770846134703,0.57082439194738
37.10000000000001,16.750000000000007,0.57082439194738,0.5340770846134703
37.05,16.70000000000001,0.5340770846134703,0.57082439194738
37.05,16.550000000000004,0.582344135219425,0.5340770846134703
37.0,16.500000000000007,0.5486832980505139,0.57082439194738
37.0,16.4,0.57082439194738,0.5486832980505139
36.95,16.35,0.5340770846134703,0.582344135219425
36.95,16.20000000000001,0.57082439194738,0.55524865872714
36.900000000000006,16.15,0.5340770846134703,0.5962429422585638
36.900000000000006,15.95000000000001,0.582344135219425,0.5486832980505139
36.85000000000001,15.899999999999999,0.5486832980505139,0.582344135219425
36.85000000000001,15.750000000000007,0.582344135219425,0.5486832980505139
36.8,15.70000000000001,0.5486832980505139,0.582344135219425
36.8,15.600000000000001,0.582344135219425,0.5617692030835671
36.75,15.550000000000004,0.5486832980505139,0.5962429422585638
36.75,15.399999999999999,0.582344135219425,0.5617692030835671
36.7,15.350000000000001,0.5486832980505139,0.5962429422585638
36.7,15.20000000000001,0.582344135219425,0.5617692030835671
36.650000000000006,15.149999999999999,0.5486832980505139,0.5962429422585638
36.650000000000006,14.95000000000001,0.582344135219425,0.5486832980505139
36.60000000000001,14.899999999999999,0.5486832980505139,0.582344135219425
36.60000000000001,14.70000000000001,0.57082439194738,0.5340770846134703
36.55,14.649999999999999,0.5340770846134703,0.57082439194738
36.55,14.45000000000001,0.55524865872714,0.55
36.5,14.399999999999999,0.512414379544733,0.5962429422585638
36.5,14.100000000000001,0.55524865872714,0.55
36.45,14.050000000000004,0.512414379544733,0.6000000000000001
36.45,13.70000000000001,0.57082439194738,0.55524865872714
36.400000000000006,13.649999999999999,0.5340770846134703,0.6012492197250394
36.400000000000006,13.300000000000004,0.582344135219425,0.5617692030835671
36.35000000000001,13.250000000000007,0.5486832980505139,0.604987562112089
36.35000000000001,12.850000000000001,0.6000000000000001,0.57082439194738
36.3,12.800000000000004,0.55,0.6111874208078343
36.3,11.649999999999999,0.55524865872714,0.55
36.25,11.600000000000001,0.512414379544733,0.6000000000000001
36.25,10.899999999999999,0.55,0.65
36.3,10.850000000000001,0.6000000000000001,0.6000000000000001
36.3,10.300000000000004,0.512414379544733,0.6000000000000001
36.35000000000001,10.250000000000007,0.55524865872714,0.55
36.35000000000001,9.950000000000003,0.5219544457292887,0.582344135219425
36.400000000000006,9.900000000000006,0.5617692030835671,0.5486832980505139
36.400000000000006,9.650000000000006,0.5486832980505139,0.5962429422585638
36.45,9.600000000000001,0.582344135219425,0.55524865872714
36.45,9.500000000000007,0.5486832980505139,0.57082439194738
36.5,9.450000000000003,0.582344135219425,0.5340770846134703
36.5,9.300000000000004,0.5340770846134703,0.57082439194738
36.55,9.250000000000007,0.5656603957913984,0.5340770846134703
36.55,9.150000000000006,0.5340770846134703,0.5617692030835671
36.60000000000001,9.100000000000001,0.5656603957913984,0.5219544457292887
36.60000000000001,8.950000000000003,0.5192388155425117,0.5617692030835671
36.650000000000006,8.900000000000006,0.5486832980505139,0.5219544457292887
36.650000000000006,8.800000000000004,0.5192388155425117,0.5486832980505139
36.7,8.750000000000007,0.5486832980505139,0.5192388155425117
36.7,8.650000000000006,0.5192388155425117,0.5486832980505139
36.75,8.600000000000001,0.5486832980505139,0.5192388155425117
36.75,8.500000000000007,0.5192388155425117,0.5486832980505139
36.8,8.450000000000003,0.5486832980505139,0.5192388155425117
36.8,8.350000000000001,0.5219544457292887,0.5486832980505139
36.85000000000001,8.300000000000004,0.5617692030835671,0.5192388155425117
36.85000000000001,8.200000000000003,0.5340770846134703,0.5486832980505139
36.900000000000006,8.150000000000006,0.5656603957913984,0.5192388155425117
36.900000000000006,8.050000000000004,0.5340770846134703,0.5486832980505139
36.95,8.000000000000007,0.5656603957913984,0.5192388155425117
36.95,7.850000000000001,0.5219544457292887,0.5656603957913984
37.0,7.800000000000004,0.5617692030835671,0.5340770846134703
37.0,7.650000000000006,0.5192388155425117,0.5617692030835671
37.05,7.600000000000001,0.5486832980505139,0.5219544457292887
37.05,7.500000000000007,0.5219544457292887,0.5486832980505139
37.10000000000001,7.450000000000003,0.5617692030835671,0.5192388155425117
37.10000000000001,7.250000000000007,0.512414379544733,0.5617692030835671
37.150000000000006,7.200000000000003,0.55524865872714,0.5219544457292887
37.150000000000006,6.950000000000003,0.5055385138137417,0.57082439194738
37.2,6.900000000000006,0.5513148795220223,0.5340770846134703
37.2,5.800000000000004,0.55524865872714,0.55
37.150000000000006,5.750000000000007,0.512414379544733,0.5962429422585638
37.150000000000006,5.500000000000007,0.57082439194738,0.5340770846134703
37.10000000000001,5.450000000000003,0.5340770846134703,0.57082439194738
37.10000000000001,5.300000000000004,0.582344135219425,0.5340770846134703
37.05,5.250000000000007,0.5486832980505139,0.57082439194738
37.05,5.150000000000006,0.582344135219425,0.5394147114027968
37.0,5.100000000000001,0.5486832980505139,0.5617692030835671
37.0,5.050000000000004,0.5656603957913984,0.5394147114027968
36.95,5.000000000000007,0.5394147114027968,0.5656603957913984
36.95,4.900000000000006,0.582344135219425,0.5340770846134703
36.900000000000006,4.850000000000001,0.5486832980505139,0.5617692030835671
36.900000000000006,4.800000000000004,0.5656603957913984,0.5394147114027968
36.85000000000001,4.750000000000007,0.5394147114027968,0.5656603957913984
36.85000000000001,4.650000000000006,0.5848857801796105,0.5340770846134703
36.8,4.600000000000001,0.5617692030835671,0.5617692030835671
36.8,4.550000000000004,0.5848857801796105,0.5394147114027968
36.7,4.450000000000003,0.5394147114027968,0.57082439194738
36.7,4.400000000000006,0.5617692030835671,0.5433981132056603
36.650000000000006,4.350000000000001,0.5433981132056603,0.5617692030835671
36.650000000000006,4.300000000000004,0.57082439194738,0.5394147114027968
36.60000000000001,4.250000000000007,0.5604686356149273,0.5617692030835671
36.60000000000001,4.200000000000003,0.5848857801796105,0.5394147114027968
36.5,4.100000000000001,0.5394147114027968,0.57082439194738
36.5,4.050000000000004,0.5617692030835671,0.5433981132056603
36.45,4.000000000000007,0.5394147114027968,0.5617692030835671
36.45,3.950000000000003,0.5617692030835671,0.5394147114027968
36.35000000000001,3.8500000000000014,0.5300537618869138,0.57082439194738
36.35000000000001,3.8000000000000043,0.5604686356149273,0.5433981132056603
36.25,3.700000000000003,0.5433981132056603,0.5848857801796105
36.25,3.6500000000000057,0.57082439194738,0.5545941546018393
36.05,3.450000000000003,0.5433981132056603,0.57082439194738
36.05,3.4000000000000057,0.57082439194738,0.5433981132056603
35.849999999999994,3.200000000000003,0.5300537618869138,0.57082439194738
35.849999999999994,3.1500000000000057,0.5604686356149273,0.5433981132056603
35.650000000000006,2.950000000000003,0.5300537618869138,0.57082439194738
35.650000000000006,2.9000000000000057,0.5604686356149273,0.5433981132056603
35.400000000000006,2.6500000000000057,0.5219544457292887,0.57082439194738
35.400000000000006,2.6000000000000014,0.55524865872714,0.5433981132056603
35.2,2.4000000000000057,0.5219544457292887,0.57082439194738
35.2,2.3500000000000014,0.55524865872714,0.5433981132056603
35.05,2.200000000000003,0.5219544457292887,0.57082439194738
35.05,2.1500000000000057,0.55524865872714,0.5433981132056603
34.900000000000006,2.000000000000007,0.5300537618869138,0.57082439194738
34.900000000000006,1.9500000000000028,0.5604686356149273,0.5433981132056603
34.75,1.8000000000000043,0.5300537618869138,0.57082439194738
34.75,1.750000000000007,0.5604686356149273,0.5433981132056603
34.55,1.5500000000000043,0.5300537618869138,0.57082439194738
34.55,1.500000000000007,0.5604686356149273,0.5433981132056603
34.400000000000006,1.3500000000000014,0.5300537618869138,0.57082439194738
34.400000000000006,1.3000000000000043,0.5604686356149273,0.5433981132056603
34.25,1.1500000000000057,0.5433981132056603,0.57082439194738
34.25,1.1000000000000014,0.57082439194738,0.5433981132056603
34.099999999999994,0.9500000000000028,0.5433981132056603,0.57082439194738
34.099999999999994,0.9000000000000057,0.57082439194738,0.5433981132056603
33.900000000000006,0.7000000000000028,0.5433981132056603,0.5861541461658011
33.900000000000006,0.6500000000000057,0.57082439194738,0.55524865872714
33.75,0.5000000000000071,0.5433981132056603,0.5861541461658011
33.75,0.45000000000000284,0.57082439194738,0.55524865872714
33.599999999999994,0.30000000000000426,0.5433981132056603,0.5861541461658011
33.599999999999994,0.2500000000000071,0.57082439194738,0.55524865872714
33.5,0.15000000000000568,0.5433981132056603,0.57082439194738
33.5,0.10000000000000142,0.57082439194738,0.5433981132056603
33.349999999999994,-0.04999999999999716,0.5300537618869138,0.57082439194738
33.349999999999994,-0.09999999999999432,0.5604686356149273,0.5433981132056603
33.3,-0.14999999999999858,0.5394147114027968,0.5604686356149273
33.3,-0.19999999999999574,0.5617692030835671,0.5300537618869138
33.2,-0.29999999999999716,0.5300537618869138,0.5617692030835671
33.2,-0.3499999999999943,0.5604686356149273,0.5394147114027968
33.099999999999994,-0.44999999999999574,0.5300537618869138,0.57082439194738
33.099999999999994,-0.4999999999999929,0.5604686356149273,0.5433981132056603
33.05,-0.5499999999999972,0.5433981132056603,0.5617692030835671
33.05,-0.5999999999999943,0.57082439194738,0.5394147114027968
32.95,-0.6999999999999957,0.5394147114027968,0.57082439194738
32.95,-0.7499999999999929,0.5617692030835671,0.5433981132056603
32.900000000000006,-0.7999999999999972,0.5433981132056603,0.5617692030835671
32.900000000000006,-0.8499999999999943,0.57082439194738,0.5394147114027968
32.8,-0.9499999999999957,0.5433981132056603,0.5848857801796105
32.8,-0.9999999999999929,0.57082439194738,0.5604686356149273
32.7,-1.0999999999999943,0.5433981132056603,0.5861541461658011
32.7,-1.1499999999999986,0.57082439194738,0.5617692030835671
32.650000000000006,-1.1999999999999957,0.5604686356149273,0.5848857801796105
32.650000000000006,-1.249999999999993,0.582344135219425,0.5604686356149273
32.599999999999994,-1.2999999999999972,0.5486832980505139,0.57082439194738
32.599999999999994,-1.3499999999999943,0.5656603957913984,0.5433981132056603
32.55,-1.3999999999999986,0.5394147114027968,0.5617692030835671
32.55,-1.4499999999999957,0.5617692030835671,0.5394147114027968
32.5,-1.499999999999993,0.5394147114027968,0.5617692030835671
32.5,-1.5499999999999972,0.5617692030835671,0.5394147114027968
32.45,-1.5999999999999943,0.5394147114027968,0.5617692030835671
32.45,-1.6499999999999986,0.5617692030835671,0.5394147114027968
32.400000000000006,-1.6999999999999957,0.5394147114027968,0.5617692030835671
32.400000000000006,-1.749999999999993,0.5617692030835671,0.5394147114027968
32.349999999999994,-1.7999999999999972,0.5394147114027968,0.5617692030835671
32.349999999999994,-1.8499999999999943,0.5617692030835671,0.5394147114027968
32.3,-1.8999999999999986,0.5394147114027968,0.5656603957913984
32.3,-1.999999999999993,0.5848857801796105,0.5340770846134703
32.25,-2.049999999999997,0.5617692030835671,0.5617692030835671
32.25,-2.0999999999999943,0.582344135219425,0.5394147114027968
32.2,-2.1499999999999986,0.5486832980505139,0.5656603957913984
32.2,-2.249999999999993,0.5848857801796105,0.5340770846134703
32.150000000000006,-2.299999999999997,0.5617692030835671,0.5617692030835671
32.150000000000006,-2.3499999999999943,0.582344135219425,0.5394147114027968
32.099999999999994,-2.3999999999999986,0.5486832980505139,0.5656603957913984
32.099999999999994,-2.499999999999993,0.582344135219425,0.5340770846134703
32.05,-2.549999999999997,0.5486832980505139,0.5617692030835671
32.05,-2.6499999999999986,0.57082439194738,0.5192388155425117
32.0,-2.6999999999999957,0.5340770846134703,0.5486832980505139
32.0,-2.799999999999997,0.5656603957913984,0.5219544457292887
31.950000000000003,-2.8499999999999943,0.5340770846134703,0.5617692030835671
31.950000000000003,-2.9499999999999957,0.5656603957913984,0.5340770846134703
31.900000000000006,-2.999999999999993,0.5340770846134703,0.57082439194738
31.900000000000006,-3.1499999999999986,0.57082439194738,0.5513148795220223
31.849999999999994,-3.1999999999999957,0.5340770846134703,0.5962429422585638
31.849999999999994,-3.3499999999999943,0.582344135219425,0.5617692030835671
31.799999999999997,-3.3999999999999986,0.5486832980505139,0.5962429422585638
31.799999999999997,-3.6499999999999986,0.5617692030835671,0.5513148795220223
31.75,-3.6999999999999957,0.5219544457292887,0.6000000000000001
31.75,-4.049999999999997,0.5617692030835671,0.5513148795220223
31.700000000000003,-4.099999999999994,0.5219544457292887,0.6000000000000001
31.700000000000003,-4.749999999999993,0.5219544457292887,0.6000000000000001
31.75,-4.799999999999997,0.5617692030835671,0.5513148795220223
31.75,-5.249999999999993,0.5219544457292887,0.6000000000000001
31.799999999999997,-5.299999999999997,0.5617692030835671,0.5513148795220223
31.799999999999997,-5.449999999999996,0.5340770846134703,0.57082439194738
31.849999999999994,-5.499999999999993,0.57082439194738,0.5340770846134703
31.849999999999994,-5.649999999999999,0.5340770846134703,0.57082439194738
31.900000000000006,-5.699999999999996,0.57082439194738,0.5340770846134703
31.900000000000006,-5.899999999999999,0.5340770846134703,0.582344135219425
31.950000000000003,-5.949999999999996,0.57082439194738,0.5486832980505139
31.950000000000003,-6.099999999999994,0.5340770846134703,0.582344135219425
32.0,-6.149999999999999,0.57082439194738,0.5486832980505139
32.0,-6.299999999999997,0.5486832980505139,0.5962429422585638
32.05,-6.349999999999994,0.582344135219425,0.5617692030835671
32.05,-6.449999999999996,0.5486832980505139,0.582344135219425
32.099999999999994,-6.499999999999993,0.582344135219425,0.5486832980505139
32.099999999999994,-6.599999999999994,0.5486832980505139,0.582344135219425
32.150000000000006,-6.649999999999999,0.582344135219425,0.5486832980505139
32.150000000000006,-6.749999999999993,0.5394147114027968,0.57082439194738
32.2,-6.799999999999997,0.5656603957913984,0.5340770846134703
32.2,-6.899999999999999,0.5340770846134703,0.5656603957913984
32.25,-6.949999999999996,0.5656603957913984,0.5340770846134703
32.25,-7.049999999999997,0.5340770846134703,0.5656603957913984
32.3,-7.099999999999994,0.5656603957913984,0.5340770846134703
32.3,-7.199999999999996,0.5340770846134703,0.5656603957913984
32.349999999999994,-7.249999999999993,0.5656603957913984,0.5340770846134703
32.349999999999994,-7.349999999999994,0.5340770846134703,0.5656603957913984
32.400000000000006,-7.399999999999999,0.5656603957913984,0.5340770846134703
32.400000000000006,-7.499999999999993,0.5340770846134703,0.5656603957913984
32.45,-7.549999999999997,0.5656603957913984,0.5340770846134703
32.45,-7.649999999999999,0.5340770846134703,0.5656603957913984
32.5,-7.699999999999996,0.5656603957913984,0.5340770846134703
32.5,-7.799999999999997,0.5340770846134703,0.5656603957913984
32.55,-7.849999999999994,0.5656603957913984,0.5340770846134703
32.55,-7.949999999999996,0.5340770846134703,0.5656603957913984
32.599999999999994,-7.999999999999993,0.5656603957913984,0.5340770846134703
32.599999999999994,-8.099999999999994,0.5340770846134703,0.5656603957913984
32.650000000000006,-8.149999999999999,0.5656603957913984,0.5340770846134703
32.650000000000006,-8.249999999999993,0.5340770846134703,0.5656603957913984
32.7,-8.299999999999997,0.5656603957913984,0.5340770846134703
32.7,-8.399999999999999,0.5340770846134703,0.5656603957913984
32.75,-8.449999999999996,0.57082439194738,0.5340770846134703
32.75,-8.599999999999994,0.5340770846134703,0.57082439194738
32.8,-8.649999999999999,0.57082439194738,0.5340770846134703
32.8,-8.799999999999997,0.5340770846134703,0.5848857801796105
32.849999999999994,-8.849999999999994,0.5656603957913984,0.55
32.849999999999994,-8.999999999999993,0.5219544457292887,0.5617692030835671
32.900000000000006,-9.049999999999997,0.5617692030835671,0.5219544457292887
32.900000000000006,-9.299999999999997,0.5055385138137417,0.57082439194738
32.95,-9.349999999999994,0.5513148795220223,0.5340770846134703
32.95,-9.549999999999997,0.512414379544733,0.57082439194738
33.0,-9.599999999999994,0.55524865872714,0.5340770846134703
33.0,-10.799999999999997,0.55,0.5340770846134703
32.95,-10.849999999999994,0.5013878188659974,0.57082439194738
32.95,-11.149999999999999,0.55524865872714,0.5340770846134703
32.900000000000006,-11.199999999999996,0.512414379544733,0.57082439194738
32.900000000000006,-11.399999999999999,0.5656603957913984,0.5192388155425117
32.849999999999994,-11.449999999999996,0.5340770846134703,0.5486832980505139
32.849999999999994,-11.549999999999997,0.5656603957913984,0.5219544457292887
32.8,-11.599999999999994,0.5340770846134703,0.5617692030835671
32.8,-11.699999999999996,0.5656603957913984,0.5340770846134703
32.75,-11.749999999999993,0.5340770846134703,0.5656603957913984
32.75,-11.849999999999994,0.5656603957913984,0.5340770846134703
32.7,-11.899999999999999,0.5340770846134703,0.57082439194738
32.7,-11.999999999999993,0.5656603957913984,0.5394147114027968
32.650000000000006,-12.049999999999997,0.5394147114027968,0.5617692030835671
32.650000000000006,-12.099999999999994,0.5617692030835671,0.5394147114027968
32.599999999999994,-12.149999999999999,0.5394147114027968,0.5617692030835671
32.599999999999994,-12.199999999999996,0.5617692030835671,0.5394147114027968
32.55,-12.249999999999993,0.5394147114027968,0.5617692030835671
32.55,-12.299999999999997,0.5617692030835671,0.5394147114027968
32.5,-12.349999999999994,0.5394147114027968,0.5617692030835671
32.5,-12.399999999999999,0.5617692030835671,0.5394147114027968
32.45,-12.449999999999996,0.5394147114027968,0.5617692030835671
32.45,-12.499999999999993,0.5617692030835671,0.5394147114027968
32.400000000000006,-12.549999999999997,0.5394147114027968,0.5617692030835671
32.400000000000006,-12.599999999999994,0.5617692030835671,0.5394147114027968
32.3,-12.699999999999996,0.5300537618869138,0.57082439194738
32.3,-12.749999999999993,0.5604686356149273,0.5433981132056603
32.2,-12.849999999999994,0.5300537618869138,0.57082439194738
32.2,-12.899999999999999,0.5604686356149273,0.5433981132056603
32.099999999999994,-12.999999999999993,0.5300537618869138,0.57082439194738
32.099999999999994,-13.049999999999997,0.5604686356149273,0.5433981132056603
31.950000000000003,-13.199999999999996,0.5300537618869138,0.57082439194738
31.950000000000003,-13.249999999999993,0.5604686356149273,0.5433981132056603
31.849999999999994,-13.349999999999994,0.5300537618869138,0.57082439194738
31.849999999999994,-13.399999999999999,0.5604686356149273,0.5433981132056603
31.150000000000006,-14.099999999999994,0.5604686356149273,0.5433981132056603
31.099999999999994,-14.099999999999994,0.5300537618869138,0.57082439194738
30.950000000000003,-14.249999999999993,0.55524865872714,0.5433981132056603
30.900000000000006,-14.249999999999993,0.5219544457292887,0.57082439194738
30.75,-14.399999999999999,0.55524865872714,0.5433981132056603
30.700000000000003,-14.399999999999999,0.5219544457292887,0.57082439194738
30.549999999999997,-14.549999999999997,0.5617692030835671,0.5433981132056603
30.5,-14.549999999999997,0.5394147114027968,0.57082439194738
30.400000000000006,-14.649999999999999,0.5848857801796105,0.5394147114027968
30.349999999999994,-14.649999999999999,0.5617692030835671,0.5617692030835671
30.299999999999997,-14.699999999999996,0.5848857801796105,0.5394147114027968
30.25,-14.699999999999996,0.5617692030835671,0.5617692030835671
30.200000000000003,-14.749999999999993,0.5848857801796105,0.5394147114027968
30.150000000000006,-14.749999999999993,0.5604686356149273,0.5617692030835671
30.099999999999994,-14.799999999999997,0.57082439194738,0.5394147114027968
30.049999999999997,-14.799999999999997,0.5433981132056603,0.5617692030835671
30.0,-14.849999999999994,0.5617692030835671,0.5394147114027968
29.950000000000003,-14.849999999999994,0.5394147114027968,0.5617692030835671
29.900000000000006,-14.899999999999999,0.5656603957913984,0.5394147114027968
29.849999999999994,-14.899999999999999,0.5486832980505139,0.5617692030835671
29.799999999999997,-14.949999999999996,0.582344135219425,0.5394147114027968
29.700000000000003,-14.949999999999996,0.5486832980505139,0.57082439194738
29.650000000000006,-14.999999999999993,0.582344135219425,0.5340770846134703
29.549999999999997,-14.999999999999993,0.5486832980505139,0.5656603957913984
29.5,-15.049999999999997,0.582344135219425,0.5340770846134703
29.400000000000006,-15.049999999999997,0.5486832980505139,0.5656603957913984
29.349999999999994,-15.099999999999994,0.582344135219425,0.5340770846134703
29.25,-15.099999999999994,0.5486832980505139,0.5656603957913984
29.200000000000003,-15.149999999999999,0.582344135219425,0.5340770846134703
29.099999999999994,-15.149999999999999,0.5486832980505139,0.5656603957913984
29.049999999999997,-15.199999999999996,0.582344135219425,0.5340770846134703
28.950000000000003,-15.199999999999996,0.5486832980505139,0.5656603957913984
28.900000000000006,-15.249999999999993,0.582344135219425,0.5340770846134703
28.799999999999997,-15.249999999999993,0.5486832980505139,0.5656603957913984
28.75,-15.299999999999997,0.582344135219425,0.5394147114027968
28.549999999999997,-15.299999999999997,0.5340770846134703,0.5962429422585638
28.5,-15.349999999999994,0.57082439194738,0.55524865872714
28.349999999999994,-15.349999999999994,0.5340770846134703,0.582344135219425
28.299999999999997,-15.399999999999999,0.57082439194738,0.5486832980505139
28.099999999999994,-15.399999999999999,0.5340770846134703,0.5962429422585638
28.049999999999997,-15.449999999999996,0.57082439194738,0.55524865872714
27.900000000000006,-15.449999999999996,0.5340770846134703,0.582344135219425
27.849999999999994,-15.499999999999993,0.57082439194738,0.5486832980505139
27.700000000000003,-15.499999999999993,0.5340770846134703,0.582344135219425
27.650000000000006,-15.549999999999997,0.57082439194738,0.5486832980505139
27.450000000000003,-15.549999999999997,0.5340770846134703,0.5962429422585638
27.400000000000006,-15.599999999999994,0.57082439194738,0.55524865872714
27.25,-15.599999999999994,0.5340770846134703,0.582344135219425
27.200000000000003,-15.649999999999999,0.57082439194738,0.5486832980505139
27.049999999999997,-15.649999999999999,0.5340770846134703,0.582344135219425
27.0,-15.699999999999996,0.57082439194738,0.5486832980505139
26.849999999999994,-15.699999999999996,0.5486832980505139,0.582344135219425
26.799999999999997,-15.75,0.582344135219425,0.5486832980505139
26.650000000000006,-15.75,0.5486832980505139,0.582344135219425
26.599999999999994,-15.799999999999997,0.582344135219425,0.5486832980505139
26.450000000000003,-15.799999999999997,0.5486832980505139,0.582344135219425
26.400000000000006,-15.849999999999994,0.582344135219425,0.5486832980505139
26.200000000000003,-15.849999999999994,0.5486832980505139,0.5962429422585638
26.150000000000006,-15.899999999999999,0.582344135219425,0.5617692030835671
26.0,-15.899999999999999,0.5486832980505139,0.5962429422585638
25.950000000000003,-15.949999999999996,0.582344135219425,0.5617692030835671
25.799999999999997,-15.949999999999996,0.5486832980505139,0.5962429422585638
25.75,-16.0,0.582344135219425,0.5617692030835671
25.650000000000006,-16.0,0.5486832980505139,0.582344135219425
25.599999999999994,-16.049999999999997,0.582344135219425,0.5486832980505139
25.5,-16.049999999999997,0.5486832980505139,0.582344135219425
25.450000000000003,-16.099999999999994,0.582344135219425,0.5486832980505139
25.349999999999994,-16.099999999999994,0.5486832980505139,0.57082439194738
25.299999999999997,-16.15,0.582344135219425,0.5340770846134703
25.150000000000006,-16.15,0.5340770846134703,0.57082439194738
25.099999999999994,-16.199999999999996,0.5656603957913984,0.5340770846134703
25.0,-16.199999999999996,0.5340770846134703,0.5617692030835671
24.950000000000003,-16.25,0.5656603957913984,0.5219544457292887
24.849999999999994,-16.25,0.5340770846134703,0.5486832980505139
24.799999999999997,-16.299999999999997,0.5656603957913984,0.5192388155425117
24.700000000000003,-16.299999999999997,0.5340770846134703,0.5617692030835671
24.650000000000006,-16.349999999999994,0.5656603957913984,0.5340770846134703
24.549999999999997,-16.349999999999994,0.5340770846134703,0.5656603957913984
24.5,-16.4,0.5656603957913984,0.5394147114027968
24.450000000000003,-16.4,0.5486832980505139,0.5617692030835671
24.400000000000006,-16.449999999999996,0.582344135219425,0.5394147114027968
24.299999999999997,-16.449999999999996,0.5486832980505139,0.582344135219425
24.25,-16.5,0.582344135219425,0.5486832980505139
24.150000000000006,-16.5,0.5433981132056603,0.5848857801796105
24.049999999999997,-16.599999999999994,0.5848857801796105,0.5394147114027968
24.0,-16.599999999999994,0.5617692030835671,0.5617692030835671
23.950000000000003,-16.65,0.5848857801796105,0.5340770846134703
23.849999999999994,-16.65,0.5394147114027968,0.5656603957913984
23.799999999999997,-16.699999999999996,0.5617692030835671,0.5394147114027968
23.75,-16.699999999999996,0.5394147114027968,0.5617692030835671
23.700000000000003,-16.75,0.5617692030835671,0.5394147114027968
23.650000000000006,-16.75,0.5394147114027968,0.5617692030835671
23.599999999999994,-16.799999999999997,0.5617692030835671,0.5340770846134703
23.549999999999997,-16.799999999999997,0.5394147114027968,0.5486832980505139
23.5,-16.849999999999994,0.5617692030835671,0.5192388155425117
23.400000000000006,-16.849999999999994,0.517877987534291,0.5617692030835671
23.299999999999997,-16.949999999999996,0.5617692030835671,0.5300537618869138
23.25,-16.949999999999996,0.5394147114027968,0.5604686356149273
23.200000000000003,-17.0,0.5617692030835671,0.5394147114027968
23.15,-17.0,0.5394147114027968,0.5617692030835671
23.1,-17.049999999999997,0.5617692030835671,0.5433981132056603
23.049999999999997,-17.049999999999997,0.5394147114027968,0.57082439194738
22.950000000000003,-17.15,0.5848857801796105,0.5433981132056603
22.9,-17.15,0.5604686356149273,0.57082439194738
22.85,-17.199999999999996,0.57082439194738,0.5604686356149273
22.799999999999997,-17.199999999999996,0.5433981132056603,0.5861541461658011
22.65,-17.349999999999994,0.57082439194738,0.5394147114027968
22.6,-17.349999999999994,0.5433981132056603,0.5617692030835671
22.549999999999997,-17.4,0.5604686356149273,0.5433981132056603
22.5,-17.4,0.5300537618869138,0.57082439194738
22.4,-17.5,0.55524865872714,0.5433981132056603
22.35,-17.5,0.5219544457292887,0.57082439194738
22.200000000000003,-17.65,0.55524865872714,0.5300537618869138
22.15,-17.65,0.5219544457292887,0.5604686356149273
22.0,-17.799999999999997,0.55524865872714,0.5433981132056603
21.950000000000003,-17.799999999999997,0.5219544457292887,0.57082439194738
21.700000000000003,-18.049999999999997,0.57082439194738,0.5545941546018393
21.65,-18.049999999999997,0.5433981132056603,0.5899494936611666
19.0,-20.699999999999996,0.5545941546018393,0.5899494936611666
19.0,-20.75,0.5899494936611666,0.5545941546018393
16.85,-22.9,0.5545941546018393,0.5899494936611666
16.85,-22.949999999999996,0.5899494936611666,0.5545941546018393
14.450000000000003,-25.349999999999998,0.5545941546018393,0.5899494936611666
14.450000000000003,-25.4,0.5899494936611666,0.5545941546018393
11.25,-28.599999999999998,0.5545941546018393,0.5899494936611666
11.25,-28.65,0.5899494936611666,0.5545941546018393
10.899999999999999,-28.999999999999996,0.5899494936611666,0.5545941546018393
10.850000000000001,-28.999999999999996,0.5545941546018393,0.5899494936611666
10.399999999999999,-29.449999999999996,0.5545941546018393,0.5924716620639604
10.399999999999999,-29.499999999999996,0.5899494936611666,0.55524865872714
10.350000000000001,-29.499999999999996,0.5545941546018393,0.5899494936611666
9.899999999999999,-29.949999999999996,0.5545941546018393,0.5924716620639604
9.899999999999999,-29.999999999999996,0.5899494936611666,0.55524865872714
-0.75,-40.65,0.5899494936611666,0.5545941546018393
-0.7999999999999972,-40.65,0.5545941546018393,0.5899494936611666
-2.200000000000003,-42.05,0.5899494936611666,0.55524865872714
-2.25,-42.05,0.5545941546018393,0.5899494936611666
-2.6000000000000014,-42.4,0.5899494936611666,0.55524865872714
-2.6499999999999986,-42.4,0.5545941546018393,0.5899494936611666
-2.950000000000003,-42.699999999999996,0.5899494936611666,0.5545941546018393
-3.0,-42.699999999999996,0.5545941546018393,0.5899494936611666
-3.3000000000000043,-43.0,0.5899494936611666,0.5545941546018393
-3.3500000000000014,-43.0,0.5545941546018393,0.5899494936611666
-3.5,-43.15,0.5604686356149273,0.5433981132056603
-3.5500000000000043,-43.15,0.5300537618869138,0.57082439194738
-4.149999999999999,-43.75,0.5899494936611666,0.5545941546018393
-4.200000000000003,-43.75,0.55524865872714,0.5899494936611666
-4.550000000000004,-44.099999999999994,0.5899494936611666,0.57082439194738
-4.600000000000001,-44.099999999999994,0.55524865872714,0.6000000000000001
-5.050000000000004,-44.55,0.5899494936611666,0.5604686356149273
-5.100000000000001,-44.55,0.55524865872714,0.5924716620639604
-5.550000000000004,-45.0,0.5899494936611666,0.5545941546018393
-5.600000000000001,-45.0,0.55524865872714,0.5899494936611666
-6.050000000000004,-45.449999999999996,0.5899494936611666,0.5604686356149273
-6.100000000000001,-45.449999999999996,0.55524865872714,0.5924716620639604
-6.5,-45.849999999999994,0.5899494936611666,0.5604686356149273
-6.550000000000004,-45.849999999999994,0.55524865872714,0.5924716620639604
-6.950000000000003,-46.25,0.5899494936611666,0.55524865872714
-7.0,-46.25,0.55524865872714,0.5899494936611666
-7.450000000000003,-46.699999999999996,0.5899494936611666,0.55524865872714
-7.5,-46.699999999999996,0.55524865872714,0.5899494936611666
-7.850000000000001,-47.05,0.5899494936611666,0.5545941546018393
-7.899999999999999,-47.05,0.5545941546018393,0.5899494936611666
-8.200000000000003,-47.349999999999994,0.5899494936611666,0.5545941546018393
-8.25,-47.349999999999994,0.5545941546018393,0.5899494936611666
-8.5,-47.599999999999994,0.57082439194738,0.5545941546018393
-8.550000000000004,-47.599999999999994,0.5433981132056603,0.5899494936611666
-8.900000000000002,-47.949999999999996,0.55524865872714,0.5433981132056603
-8.950000000000003,-47.949999999999996,0.5219544457292887,0.57082439194738
-9.25,-48.25,0.55524865872714,0.5192388155425117
-9.3,-48.25,0.5219544457292887,0.5545941546018393
-9.5,-48.449999999999996,0.55524865872714,0.5300537618869138
-9.55,-48.449999999999996,0.5219544457292887,0.5604686356149273
-9.8,-48.699999999999996,0.55524865872714,0.5219544457292887
-9.850000000000001,-48.699999999999996,0.5219544457292887,0.55524865872714
-10.05,-48.9,0.55524865872714,0.5300537618869138
-10.100000000000001,-48.9,0.5219544457292887,0.5604686356149273
-10.350000000000001,-49.15,0.55524865872714,0.5433981132056603
-10.400000000000002,-49.15,0.5219544457292887,0.57082439194738
-10.600000000000001,-49.35,0.55524865872714,0.5300537618869138
-10.650000000000002,-49.35,0.5219544457292887,0.5604686356149273
-10.900000000000002,-49.6,0.5604686356149273,0.5433981132056603
-10.950000000000003,-49.6,0.5300537618869138,0.57082439194738
-11.100000000000001,-49.75,0.55524865872714,0.5433981132056603
-11.150000000000002,-49.75,0.5219544457292887,0.57082439194738
-11.400000000000002,-50.0,0.55524865872714,0.5433981132056603
-11.450000000000003,-50.0,0.5219544457292887,0.57082439194738
-11.700000000000003,-50.25,0.57082439194738,0.5433981132056603
-11.75,-50.25,0.5433981132056603,0.57082439194738
-11.950000000000003,-50.449999999999996,0.57082439194738,0.5545941546018393
-12.0,-50.449999999999996,0.5433981132056603,0.5861541461658011
-12.150000000000002,-50.6,0.5604686356149273,0.5433981132056603
-12.200000000000003,-50.6,0.5300537618869138,0.57082439194738
-12.350000000000001,-50.75,0.55524865872714,0.5433981132056603
-12.400000000000002,-50.75,0.5219544457292887,0.57082439194738
-12.55,-50.9,0.5604686356149273,0.5433981132056603
-12.600000000000001,-50.9,0.5300537618869138,0.57082439194738
-12.700000000000003,-51.0,0.5604686356149273,0.5433981132056603
-12.75,-51.0,0.5300537618869138,0.57082439194738
-12.900000000000002,-51.15,0.57082439194738,0.5433981132056603
-12.950000000000003,-51.15,0.5433981132056603,0.57082439194738
-13.05,-51.25,0.57082439194738,0.55524865872714
-13.100000000000001,-51.25,0.5433981132056603,0.5861541461658011
-13.25,-51.4,0.57082439194738,0.5433981132056603
-13.3,-51.4,0.5433981132056603,0.57082439194738
-13.400000000000002,-51.5,0.57082439194738,0.55524865872714
-13.450000000000003,-51.5,0.5433981132056603,0.5899494936611666
-13.600000000000001,-51.65,0.5861541461658011,0.5604686356149273
-13.650000000000002,-51.65,0.5604686356149273,0.5848857801796105
-13.700000000000003,-51.699999999999996,0.57082439194738,0.5617692030835671
-13.75,-51.699999999999996,0.5433981132056603,0.582344135219425
-13.8,-51.75,0.5617692030835671,0.5486832980505139
-13.850000000000001,-51.75,0.5394147114027968,0.5656603957913984
-13.900000000000002,-51.8,0.5656603957913984,0.5394147114027968
-13.950000000000003,-51.8,0.5486832980505139,0.5617692030835671
-14.0,-51.85,0.582344135219425,0.5394147114027968
-14.05,-51.85,0.5617692030835671,0.5617692030835671
-14.100000000000001,-51.9,0.5848857801796105,0.5394147114027968
-14.150000000000002,-51.9,0.5617692030835671,0.5617692030835671
-14.200000000000003,-51.949999999999996,0.5848857801796105,0.5394147114027968
-14.25,-51.949999999999996,0.5617692030835671,0.5617692030835671
-14.3,-52.0,0.5848857801796105,0.5394147114027968
-14.350000000000001,-52.0,0.5617692030835671,0.5617692030835671
-14.400000000000002,-52.05,0.5848857801796105,0.5394147114027968
-14.450000000000003,-52.05,0.5617692030835671,0.5617692030835671
-14.5,-52.1,0.5848857801796105,0.5394147114027968
-14.600000000000001,-52.1,0.5486832980505139,0.5848857801796105
-14.650000000000002,-52.15,0.582344135219425,0.5617692030835671
-14.700000000000003,-52.15,0.5617692030835671,0.5848857801796105
-14.75,-52.199999999999996,0.5848857801796105,0.5617692030835671
-14.8,-52.199999999999996,0.5617692030835671,0.5848857801796105
-14.850000000000001,-52.25,0.5848857801796105,0.5617692030835671
-14.900000000000002,-52.25,0.5617692030835671,0.5848857801796105
-14.950000000000003,-52.3,0.5848857801796105,0.5617692030835671
-15.0,-52.3,0.5617692030835671,0.5861541461658011
-15.05,-52.35,0.5848857801796105,0.57082439194738
-15.100000000000001,-52.35,0.5656603957913984,0.5962429422585638
-15.150000000000002,-52.4,0.5962429422585638,0.5656603957913984
-15.25,-52.4,0.5617692030835671,0.5962429422585638
-15.3,-52.449999999999996,0.5848857801796105,0.5656603957913984
-15.350000000000001,-52.449999999999996,0.5617692030835671,0.5848857801796105
-15.400000000000002,-52.5,0.5848857801796105,0.5617692030835671
-15.450000000000003,-52.5,0.5656603957913984,0.5848857801796105
-15.5,-52.55,0.5962429422585638,0.5617692030835671
-15.600000000000001,-52.55,0.57082439194738,0.5962429422585638
-15.650000000000002,-52.6,0.6111874208078343,0.5656603957913984
-15.8,-52.6,0.5656603957913984,0.6111874208078343
-15.850000000000001,-52.65,0.5962429422585638,0.57082439194738
-16.05,-52.65,0.55524865872714,0.6198039027185569
-16.1,-52.699999999999996,0.6012492197250394,0.582344135219425
-16.200000000000003,-52.699999999999996,0.582344135219425,0.6124228365658294
-16.25,-52.75,0.6198039027185569,0.5848857801796105
-16.55,-52.75,0.6000000000000001,0.7000000000000001
-16.6,-52.8,0.65,0.65
-17.25,-52.8,0.65,0.65
-17.3,-52.75,0.6000000000000001,0.7000000000000001
-17.6,-52.75,0.6307764064044152,0.5848857801796105
-17.650000000000002,-52.699999999999996,0.5962429422585638,0.6124228365658294
-17.75,-52.699999999999996,0.6111874208078343,0.582344135219425
-17.8,-52.65,0.57082439194738,0.6198039027185569
-17.950000000000003,-52.65,0.6111874208078343,0.582344135219425
-18.0,-52.6,0.57082439194738,0.6198039027185569
-18.200000000000003,-52.6,0.6111874208078343,0.582344135219425
-18.25,-52.55,0.57082439194738,0.6124228365658294
-18.400000000000002,-52.55,0.6124228365658294,0.57082439194738
-18.450000000000003,-52.5,0.5848857801796105,0.6111874208078343
-18.55,-52.5,0.6295630140987001,0.582344135219425
-18.6,-52.449999999999996,0.5962429422585638,0.6198039027185569
-18.700000000000003,-52.449999999999996,0.6307764064044152,0.604987562112089
-18.75,-52.4,0.5962429422585638,0.651189802081432
-18.900000000000002,-52.4,0.651189802081432,0.6198039027185569
-18.950000000000003,-52.35,0.6295630140987001,0.6606601717798214
-19.05,-52.35,0.6594810050208546,0.651189802081432
-19.1,-52.3,0.6307764064044152,0.6770329614269008
-19.200000000000003,-52.3,0.6735455276791944,0.6295630140987001
-19.25,-52.25,0.651189802081432,0.651189802081432
-19.3,-52.25,0.6735455276791944,0.6295630140987001
-19.400000000000002,-52.15,0.6295630140987001,0.663014581273465
-19.450000000000003,-52.15,0.651189802081432,0.6307764064044152
-19.5,-52.1,0.6295630140987001,0.6404326023342407
-19.55,-52.1,0.651189802081432,0.6124228365658294
-19.6,-52.05,0.6295630140987001,0.6295630140987001
-19.650000000000002,-52.05,0.6547511554864495,0.6062305898749054
-19.8,-51.9,0.6259142264341597,0.6404326023342407
-19.85,-51.9,0.651189802081432,0.6124228365658294
-19.900000000000002,-51.85,0.6295630140987001,0.6295630140987001
-19.950000000000003,-51.85,0.6547511554864495,0.6062305898749054
-20.150000000000002,-51.65,0.6000000000000001,0.6404326023342407
-20.200000000000003,-51.65,0.6295630140987001,0.6124228365658294
-20.450000000000003,-51.4,0.5899494936611666,0.6307764064044152
-20.5,-51.4,0.6253048327204939,0.6000000000000001
-20.85,-51.05,0.5899494936611666,0.6253048327204939
-20.900000000000002,-51.05,0.6253048327204939,0.5899494936611666
-21.0,-50.949999999999996,0.6253048327204939,0.5899494936611666
-21.0,-50.9,0.5899494936611666,0.6253048327204939
-21.200000000000003,-50.699999999999996,0.6000000000000001,0.5861541461658011
-21.200000000000003,-50.65,0.57082439194738,0.6124228365658294
-21.400000000000002,-50.449999999999996,0.6000000000000001,0.57082439194738
-21.400000000000002,-50.4,0.57082439194738,0.6000000000000001
-21.5,-50.3,0.5924716620639604,0.57082439194738
-21.5,-50.25,0.5604686356149273,0.6000000000000001
-21.650000000000002,-50.1,0.6062305898749054,0.5656603957913984
-21.650000000000002,-50.05,0.5848857801796105,0.5848857801796105
-21.700000000000003,-50.0,0.6000000000000001,0.5617692030835671
-21.700000000000003,-49.949999999999996,0.57082439194738,0.5861541461658011
-21.750000000000004,-49.9,0.5861541461658011,0.57082439194738
-21.750000000000004,-49.85,0.5617692030835671,0.6000000000000001
-21.85,-49.75,0.6062305898749054,0.5617692030835671
-21.85,-49.699999999999996,0.5848857801796105,0.5848857801796105
-21.900000000000002,-49.65,0.6000000000000001,0.5617692030835671
-21.900000000000002,-49.6,0.57082439194738,0.5848857801796105
-21.950000000000003,-49.55,0.5861541461658011,0.5617692030835671
-21.950000000000003,-49.5,0.5617692030835671,0.5848857801796105
-22.000000000000004,-49.449999999999996,0.5848857801796105,0.5617692030835671
-22.000000000000004,-49.4,0.5617692030835671,0.5848857801796105
-22.05,-49.35,0.5848857801796105,0.5617692030835671
-22.05,-49.3,0.5656603957913984,0.5848857801796105
-22.1,-49.25,0.5962429422585638,0.5617692030835671
-22.1,-49.15,0.5656603957913984,0.5962429422585638
-22.150000000000002,-49.099999999999994,0.5962429422585638,0.5656603957913984
-22.150000000000002,-49.0,0.5617692030835671,0.5962429422585638
-22.200000000000003,-48.949999999999996,0.5848857801796105,0.5656603957913984
-22.200000000000003,-48.9,0.5656603957913984,0.582344135219425
-22.250000000000004,-48.849999999999994,0.5962429422585638,0.5486832980505139
-22.250000000000004,-48.75,0.5656603957913984,0.582344135219425
-22.3,-48.699999999999996,0.5962429422585638,0.5486832980505139
-22.3,-48.55,0.5486832980505139,0.5962429422585638
-22.35,-48.5,0.582344135219425,0.5617692030835671
-22.35,-48.4,0.5486832980505139,0.582344135219425
-22.400000000000002,-48.349999999999994,0.582344135219425,0.5486832980505139
-22.400000000000002,-48.199999999999996,0.55524865872714,0.582344135219425
-22.450000000000003,-48.15,0.5962429422585638,0.5486832980505139
-22.450000000000003,-47.949999999999996,0.55524865872714,0.582344135219425
-22.500000000000004,-47.9,0.5962429422585638,0.5486832980505139
-22.500000000000004,-47.699999999999996,0.55524865872714,0.582344135219425
-22.55,-47.65,0.5962429422585638,0.5486832980505139
-22.55,-47.4,0.5340770846134703,0.582344135219425
-22.6,-47.349999999999994,0.57082439194738,0.5486832980505139
-22.6,-47.15,0.5486832980505139,0.57082439194738
-22.650000000000002,-47.099999999999994,0.582344135219425,0.5340770846134703
-22.650000000000002,-46.9,0.5340770846134703,0.57082439194738
-22.700000000000003,-46.849999999999994,0.57082439194738,0.5340770846134703
-22.700000000000003,-46.599999999999994,0.55,0.57082439194738
-22.750000000000004,-46.55,0.6000000000000001,0.5340770846134703
-22.750000000000004,-46.15,0.5617692030835671,0.6000000000000001
-22.8,-46.099999999999994,0.604987562112089,0.55
-22.8,-45.449999999999996,0.55524865872714,0.582344135219425
-22.85,-45.4,0.6012492197250394,0.5486832980505139
-22.85,-44.55,0.55,0.582344135219425
-22.900000000000002,-44.5,0.6000000000000001,0.5486832980505139
-22.900000000000002,-43.75,0.5513148795220223,0.582344135219425
-22.950000000000003,-43.699999999999996,0.6000000000000001,0.5486832980505139
-22.950000000000003,-43.4,0.55524865872714,0.582344135219425
-23.000000000000004,-43.349999999999994,0.6012492197250394,0.5486832980505139
-23.000000000000004,-43.05,0.5340770846134703,0.582344135219425
-23.05,-43.0,0.57082439194738,0.5486832980505139
-23.05,-42.849999999999994,0.5340770846134703,0.57082439194738
-23.1,-42.8,0.57082439194738,0.5340770846134703
-23.1,-42.65,0.5486832980505139,0.582344135219425
-23.150000000000002,-42.599999999999994,0.582344135219425,0.5486832980505139
-23.150000000000002,-42.5,0.5486832980505139,0.57082439194738
-23.200000000000003,-42.449999999999996,0.582344135219425,0.5340770846134703
-23.200000000000003,-42.349999999999994,0.5394147114027968,0.5656603957913984
-23.250000000000004,-42.3,0.5617692030835671,0.5394147114027968
-23.250000000000004,-42.25,0.5394147114027968,0.5617692030835671
-23.3,-42.199999999999996,0.5656603957913984,0.5433981132056603
-23.3,-42.15,0.5486832980505139,0.57082439194738
-23.35,-42.099999999999994,0.582344135219425,0.5604686356149273
-23.35,-42.05,0.5617692030835671,0.582344135219425
-23.400000000000002,-42.0,0.5848857801796105,0.5486832980505139
-23.400000000000002,-41.9,0.5486832980505139,0.5848857801796105
-23.450000000000003,-41.849999999999994,0.57082439194738,0.5617692030835671
-23.450000000000003,-41.8,0.5433981132056603,0.5861541461658011
-23.55,-41.699999999999996,0.5848857801796105,0.5340770846134703
-23.55,-41.599999999999994,0.5486832980505139,0.5656603957913984
-23.6,-41.55,0.582344135219425,0.5394147114027968
-23.6,-41.5,0.5617692030835671,0.5617692030835671
-23.650000000000002,-41.449999999999996,0.5848857801796105,0.5394147114027968
-23.650000000000002,-41.4,0.5617692030835671,0.5617692030835671
-23.700000000000003,-41.349999999999994,0.5848857801796105,0.5433981132056603
-23.700000000000003,-41.3,0.5617692030835671,0.57082439194738
-23.750000000000004,-41.25,0.5848857801796105,0.5604686356149273
-23.750000000000004,-41.199999999999996,0.5617692030835671,0.57082439194738
-23.8,-41.15,0.5848857801796105,0.5340770846134703
-23.8,-41.05,0.5394147114027968,0.5656603957913984
-23.85,-41.0,0.5617692030835671,0.5394147114027968
-23.85,-40.949999999999996,0.5394147114027968,0.5617692030835671
-23.900000000000002,-40.9,0.5656603957913984,0.5433981132056603
-23.900000000000002,-40.849999999999994,0.5486832980505139,0.57082439194738
-23.950000000000003,-40.8,0.582344135219425,0.5604686356149273
-23.950000000000003,-40.75,0.5617692030835671,0.5924716620639604
-24.000000000000004,-40.699999999999996,0.5848857801796105,0.5656603957913984
-24.000000000000004,-40.65,0.5617692030835671,0.5848857801796105
-24.05,-40.599999999999994,0.5848857801796105,0.5617692030835671
-24.05,-40.55,0.5617692030835671,0.582344135219425
-24.1,-40.5,0.5848857801796105,0.5486832980505139
-24.1,-40.449999999999996,0.5617692030835671,0.5656603957913984
-24.150000000000002,-40.4,0.5848857801796105,0.5394147114027968
-24.150000000000002,-40.349999999999994,0.5617692030835671,0.5617692030835671
-24.200000000000003,-40.3,0.5848857801796105,0.5394147114027968
-24.200000000000003,-40.25,0.5617692030835671,0.5617692030835671
-24.250000000000004,-40.199999999999996,0.5848857801796105,0.5340770846134703
-24.250000000000004,-40.099999999999994,0.5486832980505139,0.5656603957913984
-24.3,-40.05,0.582344135219425,0.5394147114027968
-24.3,-40.0,0.5617692030835671,0.5617692030835671
-24.35,-39.949999999999996,0.5848857801796105,0.5433981132056603
-24.35,-39.9,0.5617692030835671,0.57082439194738
-24.400000000000002,-39.849999999999994,0.5848857801796105,0.5604686356149273
-24.400000000000002,-39.8,0.5617692030835671,0.57082439194738
-24.450000000000003,-39.75,0.5848857801796105,0.5340770846134703
-24.450000000000003,-39.65,0.5394147114027968,0.5656603957913984
-24.500000000000004,-39.599999999999994,0.5617692030835671,0.5394147114027968
-24.500000000000004,-39.55,0.5394147114027968,0.5617692030835671
-24.55,-39.5,0.5656603957913984,0.5433981132056603
-24.55,-39.449999999999996,0.5486832980505139,0.57082439194738
-24.6,-39.4,0.582344135219425,0.5604686356149273
-24.6,-39.349999999999994,0.5617692030835671,0.582344135219425
-24.650000000000002,-39.3,0.5848857801796105,0.5486832980505139
-24.650000000000002,-39.25,0.5617692030835671,0.5656603957913984
-24.700000000000003,-39.199999999999996,0.5848857801796105,0.5394147114027968
-24.700000000000003,-39.15,0.5617692030835671,0.5617692030835671
-24.75,-39.099999999999994,0.5848857801796105,0.5394147114027968
-24.75,-39.05,0.5617692030835671,0.5617692030835671
-24.800000000000004,-39.0,0.5848857801796105,0.5394147114027968
-24.800000000000004,-38.949999999999996,0.5617692030835671,0.5617692030835671
-24.85,-38.9,0.5848857801796105,0.5433981132056603
-24.85,-38.849999999999994,0.5656603957913984,0.57082439194738
-24.900000000000002,-38.8,0.5962429422585638,0.5604686356149273
-24.900000000000002,-38.75,0.582344135219425,0.5848857801796105
-24.950000000000003,-38.699999999999996,0.6062305898749054,0.5617692030835671
-24.950000000000003,-38.599999999999994,0.5617692030835671,0.582344135219425
-25.0,-38.55,0.5848857801796105,0.5486832980505139
-25.0,-38.5,0.5617692030835671,0.5656603957913984
-25.050000000000004,-38.449999999999996,0.5848857801796105,0.5394147114027968
-25.050000000000004,-38.4,0.5617692030835671,0.5617692030835671
-25.1,-38.349999999999994,0.5848857801796105,0.5433981132056603
-25.1,-38.3,0.5617692030835671,0.57082439194738
-25.150000000000002,-38.25,0.5848857801796105,0.5340770846134703
-25.150000000000002,-38.15,0.5486832980505139,0.5656603957913984
-25.200000000000003,-38.099999999999994,0.582344135219425,0.5394147114027968
-25.200000000000003,-38.05,0.5617692030835671,0.5617692030835671
-25.25,-38.0,0.5848857801796105,0.5394147114027968
-25.25,-37.949999999999996,0.5617692030835671,0.5617692030835671
-25.300000000000004,-37.9,0.5848857801796105,0.5394147114027968
-25.300000000000004,-37.849999999999994,0.5617692030835671,0.5617692030835671
-25.35,-37.8,0.5848857801796105,0.5394147114027968
-25.35,-37.75,0.5617692030835671,0.5617692030835671
-25.400000000000002,-37.7,0.5848857801796105,0.5394147114027968
-25.400000000000002,-37.65,0.5617692030835671,0.5617692030835671
-25.450000000000003,-37.599999999999994,0.5848857801796105,0.5340770846134703
-25.450000000000003,-37.5,0.5486832980505139,0.5656603957913984
-25.5,-37.45,0.582344135219425,0.5394147114027968
-25.5,-37.4,0.5617692030835671,0.5617692030835671
-25.550000000000004,-37.349999999999994,0.5848857801796105,0.5394147114027968
-25.550000000000004,-37.3,0.5617692030835671,0.5617692030835671
-25.6,-37.25,0.5848857801796105,0.5433981132056603
-25.6,-37.2,0.5617692030835671,0.5656603957913984
-25.650000000000002,-37.15,0.5848857801796105,0.5394147114027968
-25.650000000000002,-37.099999999999994,0.5617692030835671,0.5617692030835671
-25.700000000000003,-37.05,0.5848857801796105,0.5340770846134703
-25.700000000000003,-36.95,0.5394147114027968,0.5656603957913984
-25.75,-36.9,0.5656603957913984,0.5394147114027968
-25.75,-36.849999999999994,0.5486832980505139,0.5617692030835671
-25.800000000000004,-36.8,0.582344135219425,0.5433981132056603
-25.800000000000004,-36.75,0.5617692030835671,0.57082439194738
-25.85,-36.7,0.5848857801796105,0.5486832980505139
-25.85,-36.65,0.5617692030835671,0.5656603957913984
-25.900000000000002,-36.599999999999994,0.5848857801796105,0.5394147114027968
-25.900000000000002,-36.55,0.5617692030835671,0.5617692030835671
-25.950000000000003,-36.5,0.5848857801796105,0.5394147114027968
-25.950000000000003,-36.45,0.5617692030835671,0.5617692030835671
-26.0,-36.4,0.5848857801796105,0.5433981132056603
-26.0,-36.349999999999994,0.5617692030835671,0.5656603957913984
-26.050000000000004,-36.3,0.5848857801796105,0.5394147114027968
-26.050000000000004,-36.2,0.5486832980505139,0.5848857801796105
-26.1,-36.15,0.582344135219425,0.5617692030835671
-26.1,-36.099999999999994,0.5617692030835671,0.582344135219425
-26.150000000000002,-36.05,0.5848857801796105,0.5486832980505139
-26.150000000000002,-36.0,0.5617692030835671,0.5656603957913984
-26.200000000000003,-35.95,0.5848857801796105,0.5394147114027968
-26.200000000000003,-35.9,0.5617692030835671,0.5617692030835671
-26.25,-35.849999999999994,0.5848857801796105,0.5394147114027968
-26.25,-35.8,0.5617692030835671,0.5617692030835671
-26.300000000000004,-35.75,0.5848857801796105,0.5394147114027968
-26.300000000000004,-35.65,0.5486832980505139,0.5848857801796105
-26.35,-35.599999999999994,0.582344135219425,0.5617692030835671
-26.35,-35.55,0.5617692030835671,0.5848857801796105
-26.400000000000002,-35.5,0.5848857801796105,0.5617692030835671
-26.400000000000002,-35.45,0.5617692030835671,0.5848857801796105
-26.450000000000003,-35.4,0.5848857801796105,0.5617692030835671
-26.450000000000003,-35.349999999999994,0.5617692030835671,0.582344135219425
-26.5,-35.3,0.5848857801796105,0.5486832980505139
-26.5,-35.25,0.5617692030835671,0.5656603957913984
-26.550000000000004,-35.2,0.5848857801796105,0.5340770846134703
-26.550000000000004,-35.099999999999994,0.5486832980505139,0.5656603957913984
-26.6,-35.05,0.582344135219425,0.5394147114027968
-26.6,-35.0,0.5617692030835671,0.5617692030835671
-26.650000000000002,-34.95,0.5848857801796105,0.5394147114027968
-26.650000000000002,-34.9,0.5617692030835671,0.5617692030835671
-26.700000000000003,-34.849999999999994,0.5848857801796105,0.5394147114027968
-26.700000000000003,-34.8,0.5617692030835671,0.5617692030835671
-26.75,-34.75,0.5848857801796105,0.5394147114027968
-26.75,-34.699999999999996,0.5617692030835671,0.5617692030835671
-26.800000000000004,-34.65,0.5848857801796105,0.5340770846134703
-26.800000000000004,-34.55,0.5486832980505139,0.5656603957913984
-26.85,-34.5,0.582344135219425,0.5394147114027968
-26.85,-34.449999999999996,0.5617692030835671,0.5617692030835671
-26.900000000000002,-34.4,0.5848857801796105,0.5394147114027968
-26.900000000000002,-34.349999999999994,0.5617692030835671,0.5617692030835671
-26.950000000000003,-34.3,0.5848857801796105,0.5394147114027968
-26.950000000000003,-34.25,0.5617692030835671,0.5617692030835671
-27.0,-34.199999999999996,0.5848857801796105,0.5340770846134703
-27.0,-34.099999999999994,0.5394147114027968,0.5656603957913984
-27.050000000000004,-34.05,0.5617692030835671,0.5394147114027968
-27.050000000000004,-34.0,0.5394147114027968,0.5617692030835671
-27.1,-33.949999999999996,0.5656603957913984,0.5394147114027968
-27.1,-33.9,0.5486832980505139,0.5617692030835671
-27.150000000000002,-33.849999999999994,0.582344135219425,0.5394147114027968
-27.150000000000002,-33.8,0.5617692030835671,0.5617692030835671
-27.200000000000003,-33.75,0.5848857801796105,0.5394147114027968
-27.200000000000003,-33.699999999999996,0.5617692030835671,0.5617692030835671
-27.25,-33.65,0.5848857801796105,0.5394147114027968
-27.25,-33.599999999999994,0.5617692030835671,0.5617692030835671
-27.300000000000004,-33.55,0.5848857801796105,0.5340770846134703
-27.300000000000004,-33.449999999999996,0.5394147114027968,0.5656603957913984
-27.35,-33.4,0.5656603957913984,0.5394147114027968
-27.35,-33.349999999999994,0.5486832980505139,0.5617692030835671
-27.400000000000002,-33.3,0.582344135219425,0.5394147114027968
-27.400000000000002,-33.25,0.5617692030835671,0.5617692030835671
-27.450000000000003,-33.199999999999996,0.5848857801796105,0.5394147114027968
-27.450000000000003,-33.15,0.5617692030835671,0.5617692030835671
-27.5,-33.099999999999994,0.5848857801796105,0.5394147114027968
-27.5,-33.05,0.5617692030835671,0.5617692030835671
-27.550000000000004,-33.0,0.5848857801796105,0.5394147114027968
-27.550000000000004,-32.949999999999996,0.5617692030835671,0.5617692030835671
-27.6,-32.9,0.5848857801796105,0.5394147114027968
-27.6,-32.8,0.5486832980505139,0.582344135219425
-27.650000000000002,-32.75,0.582344135219425,0.5486832980505139
-27.650000000000002,-32.699999999999996,0.5617692030835671,0.5656603957913984
-27.700000000000003,-32.65,0.5848857801796105,0.5394147114027968
-27.700000000000003,-32.599999999999994,0.5617692030835671,0.5617692030835671
-27.75,-32.55,0.5848857801796105,0.5394147114027968
-27.75,-32.5,0.5617692030835671,0.5617692030835671
-27.800000000000004,-32.449999999999996,0.5848857801796105,0.5340770846134703
-27.800000000000004,-32.349999999999994,0.5394147114027968,0.5656603957913984
-27.85,-32.3,0.5656603957913984,0.5394147114027968
-27.85,-32.25,0.5486832980505139,0.5617692030835671
-27.900000000000002,-32.199999999999996,0.582344135219425,0.5433981132056603
-27.900000000000002,-32.15,0.5617692030835671,0.5656603957913984
-27.950000000000003,-32.099999999999994,0.5848857801796105,0.5394147114027968
-27.950000000000003,-32.05,0.5617692030835671,0.5617692030835671
-28.0,-31.999999999999996,0.5848857801796105,0.5394147114027968
-28.0,-31.949999999999996,0.5617692030835671,0.5617692030835671
-28.050000000000004,-31.9,0.5848857801796105,0.5394147114027968
-28.050000000000004,-31.849999999999998,0.5617692030835671,0.5617692030835671
-28.1,-31.799999999999997,0.5848857801796105,0.5340770846134703
-28.1,-31.699999999999996,0.5486832980505139,0.5656603957913984
-28.150000000000002,-31.65,0.582344135219425,0.5394147114027968
-28.150000000000002,-31.599999999999998,0.5617692030835671,0.5617692030835671
-28.200000000000003,-31.549999999999997,0.5848857801796105,0.5394147114027968
-28.200000000000003,-31.499999999999996,0.5617692030835671,0.5617692030835671
-28.25,-31.449999999999996,0.5848857801796105,0.5394147114027968
-28.25,-31.4,0.5617692030835671,0.5617692030835671
-28.300000000000004,-31.349999999999998,0.5848857801796105,0.5394147114027968
-28.300000000000004,-31.299999999999997,0.5617692030835671,0.5617692030835671
-28.35,-31.249999999999996,0.5848857801796105,0.5394147114027968
-28.35,-31.15,0.5486832980505139,0.582344135219425
-28.400000000000002,-31.099999999999998,0.582344135219425,0.5486832980505139
-28.400000000000002,-31.049999999999997,0.5617692030835671,0.5656603957913984
-28.450000000000003,-30.999999999999996,0.5848857801796105,0.5394147114027968
-28.450000000000003,-30.949999999999996,0.5617692030835671,0.5617692030835671
-28.5,-30.9,0.5848857801796105,0.5394147114027968
-28.5,-30.849999999999998,0.5617692030835671,0.5617692030835671
-28.550000000000004,-30.799999999999997,0.5848857801796105,0.5340770846134703
-28.550000000000004,-30.699999999999996,0.5486832980505139,0.5656603957913984
-28.6,-30.65,0.582344135219425,0.5394147114027968
-28.6,-30.599999999999998,0.5617692030835671,0.5617692030835671
-28.650000000000002,-30.549999999999997,0.5848857801796105,0.5433981132056603
-28.650000000000002,-30.499999999999996,0.5617692030835671,0.5656603957913984
-28.700000000000003,-30.449999999999996,0.5848857801796105,0.5394147114027968
-28.700000000000003,-30.4,0.5617692030835671,0.5617692030835671
-28.75,-30.349999999999998,0.5848857801796105,0.5394147114027968
-28.75,-30.299999999999997,0.5617692030835671,0.5617692030835671
-28.800000000000004,-30.249999999999996,0.5848857801796105,0.5394147114027968
-28.800000000000004,-30.15,0.5486832980505139,0.5848857801796105
-28.85,-30.099999999999998,0.582344135219425,0.5617692030835671
-28.85,-30.049999999999997,0.5617692030835671,0.5848857801796105
-28.900000000000002,-29.999999999999996,0.5848857801796105,0.5617692030835671
-28.900000000000002,-29.949999999999996,0.5617692030835671,0.582344135219425
-28.950000000000003,-29.9,0.5848857801796105,0.5486832980505139
-28.950000000000003,-29.849999999999998,0.5617692030835671,0.5656603957913984
-29.0,-29.799999999999997,0.5848857801796105,0.5394147114027968
-29.0,-29.749999999999996,0.5617692030835671,0.5617692030835671
-29.050000000000004,-29.699999999999996,0.5848857801796105,0.5394147114027968
-29.050000000000004,-29.599999999999998,0.5486832980505139,0.5848857801796105
-29.1,-29.549999999999997,0.582344135219425,0.5617692030835671
-29.1,-29.499999999999996,0.5617692030835671,0.5848857801796105
-29.150000000000002,-29.449999999999996,0.5848857801796105,0.5617692030835671
-29.150000000000002,-29.4,0.5617692030835671,0.582344135219425
-29.200000000000003,-29.349999999999998,0.5848857801796105,0.5486832980505139
-29.200000000000003,-29.299999999999997,0.5617692030835671,0.5656603957913984
-29.25,-29.249999999999996,0.5848857801796105,0.5394147114027968
-29.25,-29.199999999999996,0.5617692030835671,0.5617692030835671
-29.300000000000004,-29.15,0.5848857801796105,0.5394147114027968
-29.300000000000004,-29.049999999999997,0.5486832980505139,0.5848857801796105
-29.35,-28.999999999999996,0.582344135219425,0.5617692030835671
-29.35,-28.949999999999996,0.5617692030835671,0.5848857801796105
-29.400000000000002,-28.9,0.5848857801796105,0.5617692030835671
-29.400000000000002,-28.849999999999998,0.5617692030835671,0.5848857801796105
-29.450000000000003,-28.799999999999997,0.5848857801796105,0.5617692030835671
-29.450000000000003,-28.749999999999996,0.5617692030835671,0.582344135219425
-29.5,-28.699999999999996,0.5848857801796105,0.5486832980505139
-29.5,-28.65,0.5617692030835671,0.5656603957913984
-29.550000000000004,-28.599999999999998,0.5848857801796105,0.5394147114027968
-29.550000000000004,-28.499999999999996,0.5486832980505139,0.582344135219425
-29.6,-28.449999999999996,0.582344135219425,0.5486832980505139
-29.6,-28.4,0.5617692030835671,0.5656603957913984
-29.650000000000002,-28.349999999999998,0.5848857801796105,0.5394147114027968
-29.650000000000002,-28.249999999999996,0.5486832980505139,0.582344135219425
-29.700000000000003,-28.199999999999996,0.582344135219425,0.5486832980505139
-29.700000000000003,-28.099999999999998,0.5486832980505139,0.5848857801796105
-29.75,-28.049999999999997,0.582344135219425,0.5617692030835671
-29.75,-27.999999999999996,0.5617692030835671,0.582344135219425
-29.800000000000004,-27.949999999999996,0.5848857801796105,0.5486832980505139
-29.800000000000004,-27.9,0.5617692030835671,0.5656603957913984
-29.85,-27.849999999999998,0.5848857801796105,0.5394147114027968
-29.85,-27.749999999999996,0.5486832980505139,0.5848857801796105
-29.900000000000002,-27.699999999999996,0.582344135219425,0.5617692030835671
-29.900000000000002,-27.65,0.5604686356149273,0.5861541461658011
-30.050000000000004,-27.499999999999996,0.5924716620639604,0.55524865872714
-30.050000000000004,-27.449999999999996,0.5604686356149273,0.5899494936611666
-30.300000000000004,-27.199999999999996,0.55524865872714,0.5899494936611666
-30.35,-27.199999999999996,0.5899494936611666,0.55524865872714
-30.450000000000003,-27.099999999999998,0.5617692030835671,0.57082439194738
-30.5,-27.099999999999998,0.5848857801796105,0.5433981132056603
-30.6,-26.999999999999996,0.5433981132056603,0.5848857801796105
-30.700000000000003,-26.999999999999996,0.5848857801796105,0.5486832980505139
-30.75,-26.949999999999996,0.5617692030835671,0.582344135219425
-30.85,-26.949999999999996,0.5962429422585638,0.5486832980505139
-30.900000000000002,-26.9,0.5617692030835671,0.582344135219425
-31.0,-26.9,0.582344135219425,0.5617692030835671
-31.050000000000004,-26.849999999999998,0.5486832980505139,0.604987562112089
-31.25,-26.849999999999998,0.5486832980505139,0.6012492197250394
-31.300000000000004,-26.9,0.582344135219425,0.55524865872714
-31.450000000000003,-26.9,0.5486832980505139,0.582344135219425
-31.5,-26.949999999999996,0.582344135219425,0.5486832980505139
-31.6,-26.949999999999996,0.5486832980505139,0.582344135219425
-31.650000000000002,-26.999999999999996,0.582344135219425,0.5486832980505139
-31.700000000000003,-26.999999999999996,0.5617692030835671,0.5656603957913984
-31.75,-27.049999999999997,0.5848857801796105,0.5394147114027968
-31.800000000000004,-27.049999999999997,0.5617692030835671,0.5617692030835671
-31.85,-27.099999999999998,0.5848857801796105,0.5433981132056603
-31.900000000000002,-27.099999999999998,0.5604686356149273,0.57082439194738
-31.950000000000003,-27.15,0.57082439194738,0.5604686356149273
-32.0,-27.15,0.5433981132056603,0.5861541461658011
-32.1,-27.249999999999996,0.57082439194738,0.5604686356149273
-32.150000000000006,-27.249999999999996,0.5433981132056603,0.5861541461658011
-32.25,-27.349999999999998,0.57082439194738,0.5604686356149273
-32.300000000000004,-27.349999999999998,0.5433981132056603,0.5848857801796105
-32.400000000000006,-27.449999999999996,0.5848857801796105,0.5433981132056603
-32.45,-27.449999999999996,0.5604686356149273,0.57082439194738
-32.5,-27.499999999999996,0.57082439194738,0.5604686356149273
-32.550000000000004,-27.499999999999996,0.5433981132056603,0.5848857801796105
-32.650000000000006,-27.599999999999998,0.57082439194738,0.5394147114027968
-32.7,-27.599999999999998,0.5433981132056603,0.5617692030835671
-32.75,-27.65,0.5617692030835671,0.5394147114027968
-32.800000000000004,-27.65,0.5394147114027968,0.5617692030835671
-32.85,-27.699999999999996,0.5617692030835671,0.5433981132056603
-32.900000000000006,-27.699999999999996,0.5394147114027968,0.57082439194738
-32.95,-27.749999999999996,0.5656603957913984,0.5604686356149273
-33.0,-27.749999999999996,0.5486832980505139,0.5848857801796105
-33.050000000000004,-27.799999999999997,0.582344135219425,0.5617692030835671
-33.1,-27.799999999999997,0.5617692030835671,0.5848857801796105
-33.150000000000006,-27.849999999999998,0.5848857801796105,0.5617692030835671
-33.2,-27.849999999999998,0.5617692030835671,0.582344135219425
-33.25,-27.9,0.5848857801796105,0.5486832980505139
-33.35,-27.9,0.5486832980505139,0.57082439194738
-33.400000000000006,-27.949999999999996,0.582344135219425,0.5340770846134703
-33.550000000000004,-27.949999999999996,0.5340770846134703,0.582344135219425
-33.6,-27.999999999999996,0.57082439194738,0.5486832980505139
-33.800000000000004,-27.999999999999996,0.5219544457292887,0.6000000000000001
-33.85,-28.049999999999997,0.5617692030835671,0.5513148795220223
-35.050000000000004,-28.049999999999997,0.57082439194738,0.55524865872714
-35.1,-27.999999999999996,0.5340770846134703,0.6012492197250394
-35.35,-27.999999999999996,0.582344135219425,0.5486832980505139
-35.400000000000006,-27.949999999999996,0.5486832980505139,0.582344135219425
-35.5,-27.949999999999996,0.582344135219425,0.5617692030835671
-35.550000000000004,-27.9,0.5486832980505139,0.604987562112089
-35.7,-27.9,0.5962429422585638,0.57082439194738
-35.75,-27.849999999999998,0.5656603957913984,0.6062305898749054
-35.85,-27.849999999999998,0.5962429422585638,0.5656603957913984
-35.900000000000006,-27.799999999999997,0.5656603957913984,0.5962429422585638
-36.0,-27.799999999999997,0.6062305898749054,0.5617692030835671
-36.050000000000004,-27.749999999999996,0.5861541461658011,0.5848857801796105
-36.1,-27.749999999999996,0.6124228365658294,0.5656603957913984
-36.150000000000006,-27.699999999999996,0.6000000000000001,0.5962429422585638
-36.2,-27.699999999999996,0.6295630140987001,0.582344135219425
-36.25,-27.65,0.6062305898749054,0.6062305898749054
-36.300000000000004,-27.65,0.6295630140987001,0.5848857801796105
-36.35,-27.599999999999998,0.6062305898749054,0.6062305898749054
-36.400000000000006,-27.599999999999998,0.6295630140987001,0.5848857801796105
-36.5,-27.499999999999996,0.5861541461658011,0.6124228365658294
-36.550000000000004,-27.499999999999996,0.6124228365658294,0.5861541461658011
-36.6,-27.449999999999996,0.6000000000000001,0.6062305898749054
-36.650000000000006,-27.449999999999996,0.6295630140987001,0.5848857801796105
-36.75,-27.349999999999998,0.6000000000000001,0.6295630140987001
-36.800000000000004,-27.349999999999998,0.6307764064044152,0.6062305898749054
-36.95,-27.199999999999996,0.6000000000000001,0.6307764064044152
-37.0,-27.199999999999996,0.6307764064044152,0.6000000000000001
-37.85,-26.349999999999998,0.6700467279516348,0.6404326023342407
-37.85,-26.299999999999997,0.6404326023342407,0.6700467279516348
-38.050000000000004,-26.099999999999998,0.681665382639197,0.6547511554864495
-38.050000000000004,-26.049999999999997,0.6547511554864495,0.681665382639197
-38.2,-25.9,0.681665382639197,0.6547511554864495
-38.2,-25.849999999999998,0.6547511554864495,0.681665382639197
-38.300000000000004,-25.749999999999996,0.681665382639197,0.651189802081432
-38.300000000000004,-25.699999999999996,0.6547511554864495,0.6735455276791944
-38.400000000000006,-25.599999999999998,0.681665382639197,0.6404326023342407
-38.400000000000006,-25.549999999999997,0.6547511554864495,0.6700467279516348
-38.5,-25.449999999999996,0.6965856099730655,0.6547511554864495
-38.5,-25.4,0.6735455276791944,0.681665382639197
-38.550000000000004,-25.349999999999998,0.6965856099730655,0.6700467279516348
-38.550000000000004,-25.299999999999997,0.6735455276791944,0.6965856099730655
-38.6,-25.249999999999996,0.6965856099730655,0.6735455276791944
-38.6,-25.199999999999996,0.6735455276791944,0.6965856099730655
-38.650000000000006,-25.15,0.6965856099730655,0.6735455276791944
-38.650000000000006,-25.099999999999998,0.6735455276791944,0.6965856099730655
-38.7,-25.049999999999997,0.6965856099730655,0.6735455276791944
-38.7,-24.999999999999996,0.6735455276791944,0.6965856099730655
-38.75,-24.949999999999996,0.6965856099730655,0.6735455276791944
-38.75,-24.9,0.6735455276791944,0.6965856099730655
-38.800000000000004,-24.849999999999998,0.6965856099730655,0.6735455276791944
-38.800000000000004,-24.799999999999997,0.6735455276791944,0.6965856099730655
-38.85,-24.749999999999996,0.6965856099730655,0.6735455276791944
-38.85,-24.699999999999996,0.6770329614269008,0.6965856099730655
-38.900000000000006,-24.65,0.7067971810589327,0.6735455276791944
-38.900000000000006,-24.549999999999997,0.6735455276791944,0.7067971810589327
-38.95,-24.499999999999996,0.6965856099730655,0.6770329614269008
-38.95,-24.4,0.6594810050208546,0.7067971810589327
-39.0,-24.349999999999998,0.6920164833920778,0.6770329614269008
-39.0,-24.249999999999996,0.6594810050208546,0.7067971810589327
-39.050000000000004,-24.199999999999996,0.6920164833920778,0.6770329614269008
-39.050000000000004,-24.099999999999998,0.6594810050208546,0.7067971810589327
-39.1,-24.049999999999997,0.6920164833920778,0.6770329614269008
-39.1,-23.949999999999996,0.6594810050208546,0.7067971810589327
-39.150000000000006,-23.9,0.6920164833920778,0.6688779163215974
-39.150000000000006,-23.799999999999997,0.6688779163215974,0.6920164833920778
-39.2,-23.749999999999996,0.7067971810589327,0.651189802081432
-39.2,-23.549999999999997,0.6606601717798214,0.6793516572461451
-39.25,-23.499999999999996,0.7045361017187262,0.6440306508910552
-39.25,-23.249999999999996,0.6688779163215974,0.6920164833920778
-39.300000000000004,-23.199999999999996,0.710180165558726,0.65
-39.300000000000004,-22.699999999999996,0.7000000000000001,0.7236102527122116
-39.35,-22.65,0.75,0.6965856099730655
-39.35,-22.499999999999996,0.75,0.7661903789690602
-39.400000000000006,-22.449999999999996,0.8,0.7510864433221338
-39.400000000000006,-22.349999999999998,0.8,0.8103718436910206
-39.45,-22.299999999999997,0.8500000000000001,0.8041594578792296
-39.45,-22.15,0.8500000000000001,0.8041594578792296
-39.400000000000006,-22.099999999999998,0.8,0.8103718436910206
-39.400000000000006,-21.999999999999996,0.8,0.7510864433221338
-39.35,-21.949999999999996,0.75,0.7661903789690602
-39.35,-21.799999999999997,0.75,0.6965856099730655
-39.300000000000004,-21.75,0.7000000000000001,0.7236102527122116
-39.300000000000004,-21.5,0.710180165558726,0.6594810050208546
-39.25,-21.449999999999996,0.6688779163215974,0.6920164833920778
-39.25,-21.15,0.7000000000000001,0.6307764064044152
-39.2,-21.099999999999994,0.651189802081432,0.6688779163215974
-39.2,-20.799999999999997,0.7000000000000001,0.6198039027185569
-39.150000000000006,-20.75,0.65,0.6606601717798214
-39.150000000000006,-20.599999999999994,0.6606601717798214,0.6124228365658294
-39.1,-20.549999999999997,0.6198039027185569,0.6440306508910552
-39.1,-20.449999999999996,0.6440306508910552,0.6198039027185569
-39.050000000000004,-20.4,0.6124228365658294,0.6594810050208546
-39.050000000000004,-20.25,0.6594810050208546,0.6124228365658294
-39.0,-20.199999999999996,0.6198039027185569,0.6440306508910552
-39.0,-20.099999999999994,0.6440306508910552,0.6124228365658294
-38.95,-20.049999999999997,0.6124228365658294,0.6295630140987001
-38.95,-19.949999999999996,0.6440306508910552,0.5848857801796105
-38.900000000000006,-19.9,0.6124228365658294,0.6124228365658294
-38.900000000000006,-19.849999999999994,0.6307764064044152,0.5962429422585638
-38.85,-19.799999999999997,0.6062305898749054,0.6307764064044152
-38.85,-19.75,0.6295630140987001,0.6124228365658294
-38.800000000000004,-19.699999999999996,0.6062305898749054,0.6295630140987001
-38.800000000000004,-19.65,0.6295630140987001,0.6062305898749054
-38.75,-19.599999999999994,0.6062305898749054,0.6295630140987001
-38.75,-19.549999999999997,0.6295630140987001,0.6062305898749054
-38.7,-19.5,0.6062305898749054,0.6295630140987001
-38.7,-19.449999999999996,0.6295630140987001,0.6062305898749054
-38.650000000000006,-19.4,0.6062305898749054,0.6295630140987001
-38.650000000000006,-19.349999999999994,0.6295630140987001,0.6000000000000001
-38.550000000000004,-19.25,0.5848857801796105,0.6259142264341597
-38.550000000000004,-19.199999999999996,0.6062305898749054,0.5924716620639604
-38.45,-19.099999999999994,0.57082439194738,0.6124228365658294
-38.45,-19.049999999999997,0.6000000000000001,0.5861541461658011
-38.35,-18.949999999999996,0.57082439194738,0.6124228365658294
-38.35,-18.9,0.6000000000000001,0.5861541461658011
-38.25,-18.799999999999997,0.5861541461658011,0.6124228365658294
-38.25,-18.75,0.6124228365658294,0.5861541461658011
-38.1,-18.599999999999994,0.57082439194738,0.6000000000000001
-38.1,-18.549999999999997,0.6000000000000001,0.57082439194738
-37.75,-18.199999999999996,0.5899494936611666,0.6253048327204939
-37.75,-18.15,0.6253048327204939,0.5899494936611666
-37.7,-18.099999999999994,0.6253048327204939,0.5899494936611666
-37.650000000000006,-18.099999999999994,0.5899494936611666,0.6253048327204939
-37.45,-17.9,0.5604686356149273,0.5899494936611666
-37.45,-17.849999999999994,0.5924716620639604,0.5545941546018393
-36.900000000000006,-17.299999999999997,0.5924716620639604,0.5545941546018393
-36.85,-17.299999999999997,0.5604686356149273,0.5899494936611666
-36.550000000000004,-17.0,0.5924716620639604,0.57082439194738
-36.5,-17.0,0.5604686356149273,0.6000000000000001
-36.25,-16.75,0.5924716620639604,0.55524865872714
-36.2,-16.75,0.5604686356149273,0.5899494936611666
-35.95,-16.5,0.5924716620639604,0.57082439194738
-35.900000000000006,-16.5,0.5604686356149273,0.6000000000000001
-35.650000000000006,-16.25,0.5924716620639604,0.5604686356149273
-35.6,-16.25,0.5604686356149273,0.5924716620639604
-35.35,-16.0,0.5924716620639604,0.55524865872714
-35.300000000000004,-16.0,0.5604686356149273,0.5899494936611666
-35.1,-15.799999999999997,0.5899494936611666,0.5604686356149273
-35.050000000000004,-15.799999999999997,0.5545941546018393,0.5861541461658011
-34.45,-15.199999999999996,0.5924716620639604,0.5545941546018393
-34.400000000000006,-15.199999999999996,0.5604686356149273,0.5899494936611666
-34.0,-14.799999999999997,0.5924716620639604,0.5545941546018393
-33.95,-14.799999999999997,0.5604686356149273,0.5899494936611666
-33.800000000000004,-14.649999999999999,0.5899494936611666,0.5617692030835671
-33.75,-14.649999999999999,0.5545941546018393,0.5861541461658011
-33.050000000000004,-13.949999999999996,0.5924716620639604,0.5545941546018393
-33.0,-13.949999999999996,0.5604686356149273,0.5899494936611666
-32.6,-13.549999999999997,0.5924716620639604,0.5545941546018393
-32.550000000000004,-13.549999999999997,0.5604686356149273,0.5899494936611666
-32.300000000000004,-13.299999999999997,0.5899494936611666,0.5604686356149273
-32.25,-13.299999999999997,0.5545941546018393,0.5861541461658011
-31.650000000000002,-12.699999999999996,0.5924716620639604,0.5545941546018393
-31.6,-12.699999999999996,0.5604686356149273,0.5899494936611666
-31.200000000000003,-12.299999999999997,0.5924716620639604,0.55524865872714
-31.150000000000002,-12.299999999999997,0.5604686356149273,0.5899494936611666
-30.75,-11.899999999999999,0.5924716620639604,0.5545941546018393
-30.700000000000003,-11.899999999999999,0.5604686356149273,0.5899494936611666
-30.300000000000004,-11.499999999999993,0.5924716620639604,0.5545941546018393
-30.25,-11.499999999999993,0.5604686356149273,0.5899494936611666
-29.85,-11.099999999999994,0.5924716620639604,0.5604686356149273
-29.800000000000004,-11.099999999999994,0.5604686356149273,0.5924716620639604
-29.400000000000002,-10.699999999999996,0.5924716620639604,0.5604686356149273
-29.35,-10.699999999999996,0.5604686356149273,0.5924716620639604
-29.0,-10.349999999999994,0.5924716620639604,0.5545941546018393
-28.950000000000003,-10.349999999999994,0.5604686356149273,0.5899494936611666
-28.550000000000004,-9.949999999999996,0.5924716620639604,0.57082439194738
-28.5,-9.949999999999996,0.5604686356149273,0.6000000000000001
-28.300000000000004,-9.749999999999993,0.5899494936611666,0.5617692030835671
-28.25,-9.749999999999993,0.5545941546018393,0.5861541461658011
-27.75,-9.249999999999993,0.5899494936611666,0.5604686356149273
-27.700000000000003,-9.249999999999993,0.5545941546018393,0.5861541461658011
-27.200000000000003,-8.749999999999993,0.5924716620639604,0.5604686356149273
-27.150000000000002,-8.749999999999993,0.5604686356149273,0.5924716620639604
-26.75,-8.349999999999994,0.5924716620639604,0.5545941546018393
-26.700000000000003,-8.349999999999994,0.5604686356149273,0.5899494936611666
-26.35,-7.999999999999993,0.5924716620639604,0.5545941546018393
-26.300000000000004,-7.999999999999993,0.5604686356149273,0.5899494936611666
-25.950000000000003,-7.649999999999999,0.5924716620639604,0.55524865872714
-25.900000000000002,-7.649999999999999,0.5604686356149273,0.5924716620639604
-25.5,-7.249999999999993,0.5924716620639604,0.5604686356149273
-25.450000000000003,-7.249999999999993,0.5604686356149273,0.5924716620639604
-25.1,-6.899999999999999,0.5924716620639604,0.5604686356149273
-25.050000000000004,-6.899999999999999,0.5604686356149273,0.5924716620639604
-24.75,-6.599999999999994,0.5899494936611666,0.55524865872714
-24.700000000000003,-6.599999999999994,0.5545941546018393,0.5861541461658011
-24.250000000000004,-6.149999999999999,0.5924716620639604,0.5545941546018393
-24.200000000000003,-6.149999999999999,0.5604686356149273,0.5899494936611666
-23.8,-5.749999999999993,0.5924716620639604,0.5545941546018393
-23.750000000000004,-5.749999999999993,0.5604686356149273,0.5899494936611666
-23.400000000000002,-5.399999999999999,0.5924716620639604,0.5545941546018393
-23.35,-5.399999999999999,0.5604686356149273,0.5899494936611666
-22.950000000000003,-4.999999999999993,0.5924716620639604,0.5545941546018393
-22.900000000000002,-4.999999999999993,0.5604686356149273,0.5899494936611666
-22.55,-4.649999999999999,0.5924716620639604,0.5545941546018393
-22.500000000000004,-4.649999999999999,0.5604686356149273,0.5899494936611666
-22.150000000000002,-4.299999999999997,0.5924716620639604,0.5545941546018393
-22.1,-4.299999999999997,0.5604686356149273,0.5899494936611666
-21.8,-3.999999999999993,0.5899494936611666,0.55524865872714
-21.750000000000004,-3.999999999999993,0.5545941546018393,0.5861541461658011
-21.3,-3.549999999999997,0.5924716620639604,0.5545941546018393
-21.25,-3.549999999999997,0.5604686356149273,0.5899494936611666
-20.900000000000002,-3.1999999999999957,0.5924716620639604,0.5545941546018393
-20.85,-3.1999999999999957,0.5604686356149273,0.5861541461658011
-20.450000000000003,-2.799999999999997,0.5924716620639604,0.5545941546018393
-20.400000000000002,-2.799999999999997,0.5604686356149273,0.5899494936611666
-20.05,-2.4499999999999957,0.5924716620639604,0.5545941546018393
-20.0,-2.4499999999999957,0.5604686356149273,0.5899494936611666
-19.700000000000003,-2.1499999999999986,0.5899494936611666,0.5545941546018393
-19.650000000000002,-2.1499999999999986,0.55524865872714,0.5861541461658011
-19.25,-1.749999999999993,0.5924716620639604,0.5545941546018393
-19.200000000000003,-1.749999999999993,0.5604686356149273,0.5899494936611666
-18.85,-1.3999999999999986,0.5924716620639604,0.5545941546018393
-18.8,-1.3999999999999986,0.5604686356149273,0.5899494936611666
-18.450000000000003,-1.0499999999999972,0.5924716620639604,0.5545941546018393
-18.400000000000002,-1.0499999999999972,0.5604686356149273,0.5861541461658011
-18.150000000000002,-0.7999999999999972,0.5899494936611666,0.5545941546018393
-18.1,-0.7999999999999972,0.5545941546018393,0.5861541461658011
-17.6,-0.29999999999999716,0.5924716620639604,0.5545941546018393
-17.55,-0.29999999999999716,0.5604686356149273,0.5861541461658011
-17.200000000000003,0.05000000000000426,0.5924716620639604,0.5545941546018393
-17.150000000000002,0.05000000000000426,0.5604686356149273,0.5861541461658011
-16.8,0.4000000000000057,0.5924716620639604,0.5545941546018393
-16.75,0.4000000000000057,0.5604686356149273,0.5899494936611666
-16.400000000000002,0.7500000000000071,0.5924716620639604,0.5545941546018393
-16.35,0.7500000000000071,0.5604686356149273,0.5899494936611666
-16.0,1.1000000000000014,0.5924716620639604,0.5545941546018393
-15.950000000000003,1.1000000000000014,0.5604686356149273,0.5899494936611666
-15.650000000000002,1.4000000000000057,0.5924716620639604,0.5545941546018393
-15.600000000000001,1.4000000000000057,0.5604686356149273,0.5899494936611666
-15.25,1.750000000000007,0.5924716620639604,0.55524865872714
-15.200000000000003,1.750000000000007,0.5604686356149273,0.5899494936611666
-14.850000000000001,2.1000000000000014,0.6000000000000001,0.57082439194738
-14.8,2.1000000000000014,0.57082439194738,0.6000000000000001
-14.700000000000003,2.200000000000003,0.6000000000000001,0.5861541461658011
-14.650000000000002,2.200000000000003,0.57082439194738,0.6124228365658294
-14.5,2.3500000000000014,0.6000000000000001,0.5848857801796105
-14.450000000000003,2.3500000000000014,0.57082439194738,0.6062305898749054
-14.350000000000001,2.450000000000003,0.6062305898749054,0.5617692030835671
-14.3,2.450000000000003,0.5848857801796105,0.5861541461658011
-14.25,2.500000000000007,0.6000000000000001,0.57082439194738
-14.200000000000003,2.500000000000007,0.57082439194738,0.6000000000000001
-14.100000000000001,2.6000000000000014,0.6000000000000001,0.5617692030835671
-14.05,2.6000000000000014,0.57082439194738,0.5848857801796105
-14.0,2.6500000000000057,0.5861541461658011,0.5617692030835671
-13.950000000000003,2.6500000000000057,0.5604686356149273,0.5848857801796105
-13.900000000000002,2.700000000000003,0.57082439194738,0.5617692030835671
-13.850000000000001,2.700000000000003,0.5433981132056603,0.5848857801796105
-13.75,2.8000000000000043,0.5848857801796105,0.5433981132056603
-13.700000000000003,2.8000000000000043,0.5656603957913984,0.57082439194738
-13.650000000000002,2.8500000000000014,0.5962429422585638,0.5604686356149273
-13.600000000000001,2.8500000000000014,0.582344135219425,0.5848857801796105
-13.55,2.9000000000000057,0.6124228365658294,0.5617692030835671
-13.450000000000003,2.9000000000000057,0.582344135219425,0.5962429422585638
-13.400000000000002,2.950000000000003,0.6062305898749054,0.5656603957913984
-13.3,2.950000000000003,0.5656603957913984,0.5962429422585638
-13.25,3.000000000000007,0.5962429422585638,0.5656603957913984
-13.100000000000001,3.000000000000007,0.5617692030835671,0.6111874208078343
-13.05,3.0500000000000043,0.604987562112089,0.57082439194738
-12.8,3.0500000000000043,0.6000000000000001,0.6111874208078343
-12.75,3.1000000000000014,0.65,0.57082439194738
-11.850000000000001,3.1000000000000014,0.6547511554864495,0.6000000000000001
-11.8,3.0500000000000043,0.6111874208078343,0.6440306508910552
-11.55,3.0500000000000043,0.651189802081432,0.5962429422585638
-11.5,3.000000000000007,0.604987562112089,0.6307764064044152
-11.350000000000001,3.000000000000007,0.6307764064044152,0.604987562112089
-11.3,2.950000000000003,0.5962429422585638,0.6440306508910552
-11.150000000000002,2.950000000000003,0.6440306508910552,0.6111874208078343
-11.100000000000001,2.9000000000000057,0.6124228365658294,0.6440306508910552
-11.0,2.9000000000000057,0.651189802081432,0.6124228365658294
-10.950000000000003,2.8500000000000014,0.6198039027185569,0.6440306508910552
-10.850000000000001,2.8500000000000014,0.6440306508910552,0.6062305898749054
-10.8,2.8000000000000043,0.6111874208078343,0.6307764064044152
-10.700000000000003,2.8000000000000043,0.6307764064044152,0.5962429422585638
-10.650000000000002,2.750000000000007,0.5962429422585638,0.6295630140987001
-10.55,2.750000000000007,0.6307764064044152,0.5848857801796105
-10.5,2.700000000000003,0.6062305898749054,0.6124228365658294
-10.450000000000003,2.700000000000003,0.6295630140987001,0.5962429422585638
-10.400000000000002,2.6500000000000057,0.6062305898749054,0.6307764064044152
-10.3,2.6500000000000057,0.651189802081432,0.5962429422585638
-10.25,2.6000000000000014,0.6295630140987001,0.6295630140987001
-10.200000000000003,2.6000000000000014,0.651189802081432,0.6062305898749054
-10.150000000000002,2.5500000000000043,0.6295630140987001,0.6307764064044152
-10.100000000000001,2.5500000000000043,0.651189802081432,0.6124228365658294
-10.05,2.500000000000007,0.6295630140987001,0.6404326023342407
-10.0,2.500000000000007,0.6440306508910552,0.6124228365658294
-9.950000000000003,2.450000000000003,0.6124228365658294,0.6295630140987001
-9.900000000000002,2.450000000000003,0.6307764064044152,0.6062305898749054
-9.850000000000001,2.4000000000000057,0.6062305898749054,0.6295630140987001
-9.8,2.4000000000000057,0.6295630140987001,0.6062305898749054
-9.75,2.3500000000000014,0.6062305898749054,0.6295630140987001
-9.700000000000003,2.3500000000000014,0.6295630140987001,0.6000000000000001
-9.650000000000002,2.3000000000000043,0.6062305898749054,0.6124228365658294
-9.600000000000001,2.3000000000000043,0.6295630140987001,0.5861541461658011
-9.55,2.250000000000007,0.6062305898749054,0.6062305898749054
-9.5,2.250000000000007,0.6295630140987001,0.5848857801796105
-9.450000000000003,2.200000000000003,0.6062305898749054,0.6062305898749054
-9.400000000000002,2.200000000000003,0.6295630140987001,0.5848857801796105
-9.350000000000001,2.1500000000000057,0.6062305898749054,0.6062305898749054
-9.3,2.1500000000000057,0.6295630140987001,0.5848857801796105
-9.25,2.1000000000000014,0.6062305898749054,0.6062305898749054
-9.200000000000003,2.1000000000000014,0.6295630140987001,0.5848857801796105
-9.100000000000001,2.000000000000007,0.6000000000000001,0.6295630140987001
-9.05,2.000000000000007,0.6295630140987001,0.6062305898749054
-9.0,1.9500000000000028,0.6062305898749054,0.6295630140987001
-8.950000000000003,1.9500000000000028,0.6295630140987001,0.6000000000000001
-8.850000000000001,1.8500000000000014,0.6000000000000001,0.6295630140987001
-8.8,1.8500000000000014,0.6295630140987001,0.6062305898749054
-8.75,1.8000000000000043,0.6062305898749054,0.6295630140987001
-8.700000000000003,1.8000000000000043,0.6295630140987001,0.6000000000000001
-8.600000000000001,1.7000000000000028,0.6000000000000001,0.6295630140987001
-8.550000000000004,1.7000000000000028,0.6295630140987001,0.6000000000000001
-8.5,1.6500000000000057,0.6062305898749054,0.6124228365658294
-8.450000000000003,1.6500000000000057,0.6295630140987001,0.5861541461658011
-8.350000000000001,1.5500000000000043,0.6000000000000001,0.6124228365658294
-8.300000000000004,1.5500000000000043,0.6295630140987001,0.5861541461658011
-8.200000000000003,1.4500000000000028,0.5861541461658011,0.6124228365658294
-8.149999999999999,1.4500000000000028,0.6124228365658294,0.5861541461658011
-8.050000000000004,1.3500000000000014,0.5848857801796105,0.6124228365658294
-8.0,1.3500000000000014,0.6062305898749054,0.5861541461658011
-7.950000000000003,1.3000000000000043,0.5848857801796105,0.6062305898749054
-7.899999999999999,1.3000000000000043,0.6062305898749054,0.5848857801796105
-7.800000000000004,1.2000000000000028,0.57082439194738,0.6124228365658294
-7.75,1.2000000000000028,0.6000000000000001,0.5861541461658011
-7.600000000000001,1.0500000000000043,0.5604686356149273,0.5924716620639604
-7.550000000000004,1.0500000000000043,0.5848857801796105,0.5604686356149273
-7.450000000000003,0.9500000000000028,0.5433981132056603,0.5861541461658011
-7.399999999999999,0.9500000000000028,0.57082439194738,0.5617692030835671
-7.350000000000001,0.9000000000000057,0.5604686356149273,0.5848857801796105
-7.300000000000004,0.9000000000000057,0.5848857801796105,0.5656603957913984
-7.25,0.8500000000000014,0.5617692030835671,0.5899494936611666
-7.200000000000003,0.8500000000000014,0.5861541461658011,0.5545941546018393
-7.050000000000004,0.7000000000000028,0.5394147114027968,0.57082439194738
-7.0,0.7000000000000028,0.5617692030835671,0.5433981132056603
-6.950000000000003,0.6500000000000057,0.5433981132056603,0.5617692030835671
-6.899999999999999,0.6500000000000057,0.57082439194738,0.5394147114027968
-6.850000000000001,0.6000000000000014,0.5604686356149273,0.5617692030835671
-6.800000000000004,0.6000000000000014,0.5848857801796105,0.5394147114027968
-6.700000000000003,0.5000000000000071,0.5433981132056603,0.5899494936611666
-6.649999999999999,0.5000000000000071,0.57082439194738,0.55524865872714
-6.550000000000004,0.4000000000000057,0.5394147114027968,0.57082439194738
-6.5,0.4000000000000057,0.5617692030835671,0.5433981132056603
-6.450000000000003,0.3500000000000014,0.5394147114027968,0.5617692030835671
-6.399999999999999,0.3500000000000014,0.5617692030835671,0.5394147114027968
-6.350000000000001,0.30000000000000426,0.5394147114027968,0.5617692030835671
-6.300000000000004,0.30000000000000426,0.5617692030835671,0.5394147114027968
-6.25,0.2500000000000071,0.5394147114027968,0.5617692030835671
-6.200000000000003,0.2500000000000071,0.5617692030835671,0.5394147114027968
-6.149999999999999,0.20000000000000284,0.5394147114027968,0.5656603957913984
-6.050000000000004,0.20000000000000284,0.5848857801796105,0.5340770846134703
-6.0,0.15000000000000568,0.5617692030835671,0.57082439194738
-5.950000000000003,0.15000000000000568,0.5848857801796105,0.5617692030835671
-5.899999999999999,0.10000000000000142,0.5617692030835671,0.5861541461658011
-5.850000000000001,0.10000000000000142,0.5848857801796105,0.5617692030835671
-5.800000000000004,0.05000000000000426,0.5617692030835671,0.5848857801796105
-5.75,0.05000000000000426,0.5848857801796105,0.5656603957913984
-5.700000000000003,7.105427357601002e-15,0.5617692030835671,0.5962429422585638
-5.600000000000001,7.105427357601002e-15,0.6062305898749054,0.5617692030835671
-5.550000000000004,-0.04999999999999716,0.5848857801796105,0.5848857801796105
-5.5,-0.04999999999999716,0.6062305898749054,0.5617692030835671
-5.450000000000003,-0.09999999999999432,0.5848857801796105,0.5848857801796105
-5.399999999999999,-0.09999999999999432,0.6062305898749054,0.5617692030835671
-5.300000000000004,-0.19999999999999574,0.5617692030835671,0.5924716620639604
-5.25,-0.19999999999999574,0.5848857801796105,0.5604686356149273
-5.200000000000003,-0.2499999999999929,0.5617692030835671,0.57082439194738
-5.149999999999999,-0.2499999999999929,0.5848857801796105,0.5433981132056603
-5.100000000000001,-0.29999999999999716,0.5617692030835671,0.5617692030835671
-5.050000000000004,-0.29999999999999716,0.5848857801796105,0.5394147114027968
-5.0,-0.3499999999999943,0.5617692030835671,0.5617692030835671
-4.950000000000003,-0.3499999999999943,0.5848857801796105,0.5394147114027968
-4.899999999999999,-0.3999999999999986,0.5617692030835671,0.5656603957913984
-4.850000000000001,-0.3999999999999986,0.5848857801796105,0.5486832980505139
-4.800000000000004,-0.44999999999999574,0.5617692030835671,0.57082439194738
-4.75,-0.44999999999999574,0.5848857801796105,0.5433981132056603
-4.700000000000003,-0.4999999999999929,0.5617692030835671,0.5617692030835671
-4.649999999999999,-0.4999999999999929,0.5848857801796105,0.5394147114027968
-4.600000000000001,-0.5499999999999972,0.5617692030835671,0.5617692030835671
-4.550000000000004,-0.5499999999999972,0.5848857801796105,0.5394147114027968
-4.450000000000003,-0.6499999999999986,0.5433981132056603,0.5861541461658011
-4.399999999999999,-0.6499999999999986,0.57082439194738,0.5617692030835671
-4.350000000000001,-0.6999999999999957,0.5604686356149273,0.5848857801796105
-4.300000000000004,-0.6999999999999957,0.582344135219425,0.5617692030835671
-4.25,-0.7499999999999929,0.5486832980505139,0.5848857801796105
-4.149999999999999,-0.7499999999999929,0.582344135219425,0.5394147114027968
-4.100000000000001,-0.7999999999999972,0.5486832980505139,0.5617692030835671
-4.050000000000004,-0.7999999999999972,0.5656603957913984,0.5394147114027968
-4.0,-0.8499999999999943,0.5394147114027968,0.5617692030835671
-3.950000000000003,-0.8499999999999943,0.5617692030835671,0.5394147114027968
-3.8999999999999986,-0.8999999999999986,0.5340770846134703,0.5617692030835671
-3.8000000000000043,-0.8999999999999986,0.5656603957913984,0.5192388155425117
-3.75,-0.9499999999999957,0.5340770846134703,0.5486832980505139
-3.6499999999999986,-0.9499999999999957,0.5656603957913984,0.5192388155425117
-3.6000000000000014,-0.9999999999999929,0.5394147114027968,0.5486832980505139
-3.5500000000000043,-0.9999999999999929,0.5617692030835671,0.5340770846134703
-3.5,-1.0499999999999972,0.5340770846134703,0.5656603957913984
-3.3999999999999986,-1.0499999999999972,0.5656603957913984,0.5340770846134703
-3.3500000000000014,-1.0999999999999943,0.5394147114027968,0.5656603957913984
-3.25,-1.0999999999999943,0.582344135219425,0.5340770846134703
-3.200000000000003,-1.1499999999999986,0.5486832980505139,0.5617692030835671
-3.1499999999999986,-1.1499999999999986,0.5656603957913984,0.5394147114027968
-3.1000000000000014,-1.1999999999999957,0.5340770846134703,0.5656603957913984
-3.0,-1.1999999999999957,0.5656603957913984,0.5340770846134703
-2.950000000000003,-1.249999999999993,0.5394147114027968,0.5656603957913984
-2.8500000000000014,-1.249999999999993,0.582344135219425,0.5340770846134703
-2.8000000000000043,-1.2999999999999972,0.5486832980505139,0.5656603957913984
-2.700000000000003,-1.2999999999999972,0.5848857801796105,0.5340770846134703
-2.6499999999999986,-1.3499999999999943,0.5617692030835671,0.5656603957913984
-2.6000000000000014,-1.3499999999999943,0.582344135219425,0.5486832980505139
-2.5500000000000043,-1.3999999999999986,0.5486832980505139,0.582344135219425
-2.450000000000003,-1.3999999999999986,0.582344135219425,0.5394147114027968
-2.3999999999999986,-1.4499999999999957,0.5486832980505139,0.5656603957913984
-2.299999999999997,-1.4499999999999957,0.5848857801796105,0.5340770846134703
-2.25,-1.499999999999993,0.5617692030835671,0.5656603957913984
-2.200000000000003,-1.499999999999993,0.582344135219425,0.5486832980505139
-2.1499999999999986,-1.5499999999999972,0.5486832980505139,0.582344135219425
-2.049999999999997,-1.5499999999999972,0.582344135219425,0.5486832980505139
-2.0,-1.5999999999999943,0.5486832980505139,0.582344135219425
-1.8999999999999986,-1.5999999999999943,0.5848857801796105,0.5394147114027968
-1.8500000000000014,-1.6499999999999986,0.5617692030835671,0.5656603957913984
-1.7999999999999972,-1.6499999999999986,0.582344135219425,0.5486832980505139
-1.75,-1.6999999999999957,0.5486832980505139,0.582344135219425
-1.6499999999999986,-1.6999999999999957,0.582344135219425,0.5486832980505139
-1.6000000000000014,-1.749999999999993,0.5486832980505139,0.582344135219425
-1.5,-1.749999999999993,0.582344135219425,0.5486832980505139
-1.4500000000000028,-1.7999999999999972,0.5486832980505139,0.582344135219425
-1.3500000000000014,-1.7999999999999972,0.582344135219425,0.5486832980505139
-1.2999999999999972,-1.8499999999999943,0.5486832980505139,0.582344135219425
-1.2000000000000028,-1.8499999999999943,0.57082439194738,0.5486832980505139
-1.1499999999999986,-1.8999999999999986,0.5340770846134703,0.582344135219425
-1.0,-1.8999999999999986,0.582344135219425,0.5486832980505139
-0.9500000000000028,-1.9499999999999957,0.5486832980505139,0.582344135219425
-0.7999999999999972,-1.9499999999999957,0.582344135219425,0.5486832980505139
-0.75,-1.999999999999993,0.5486832980505139,0.582344135219425
-0.5499999999999972,-1.999999999999993,0.582344135219425,0.5486832980505139
-0.5,-2.049999999999997,0.5486832980505139,0.582344135219425
-0.3500000000000014,-2.049999999999997,0.57082439194738,0.5486832980505139
-0.29999999999999716,-2.0999999999999943,0.5340770846134703,0.582344135219425
-0.10000000000000142,-2.0999999999999943,0.57082439194738,0.5486832980505139
-0.04999999999999716,-2.1499999999999986,0.5340770846134703,0.582344135219425
0.14999999999999858,-2.1499999999999986,0.582344135219425,0.5486832980505139
0.20000000000000284,-2.1999999999999957,0.5486832980505139,0.582344135219425
0.5,-2.1999999999999957,0.6000000000000001,0.5340770846134703
0.5499999999999972,-2.249999999999993,0.55,0.57082439194738
2.450000000000003,-2.249999999999993,0.55,0.57082439194738
2.5,-2.1999999999999957,0.6000000000000001,0.5340770846134703
2.950000000000003,-2.1999999999999957,0.5486832980505139,0.57082439194738
3.0,-2.1499999999999986,0.582344135219425,0.5340770846134703
3.200000000000003,-2.1499999999999986,0.5340770846134703,0.582344135219425
3.25,-2.0999999999999943,0.57082439194738,0.5486832980505139
3.3500000000000014,-2.0999999999999943,0.5486832980505139,0.57082439194738
3.3999999999999986,-2.049999999999997,0.582344135219425,0.5340770846134703
3.549999999999997,-2.049999999999997,0.5340770846134703,0.57082439194738
3.6000000000000014,-1.999999999999993,0.57082439194738,0.5340770846134703
3.75,-1.999999999999993,0.5340770846134703,0.57082439194738
3.799999999999997,-1.9499999999999957,0.57082439194738,0.5340770846134703
3.950000000000003,-1.9499999999999957,0.5340770846134703,0.57082439194738
4.0,-1.8999999999999986,0.5656603957913984,0.5340770846134703
4.149999999999999,-1.8999999999999986,0.5219544457292887,0.57082439194738
4.200000000000003,-1.8499999999999943,0.5617692030835671,0.5340770846134703
4.350000000000001,-1.8499999999999943,0.5219544457292887,0.57082439194738
4.399999999999999,-1.7999999999999972,0.5617692030835671,0.5340770846134703
4.5,-1.7999999999999972,0.5340770846134703,0.5656603957913984
4.549999999999997,-1.749999999999993,0.57082439194738,0.5394147114027968
4.600000000000001,-1.749999999999993,0.5617692030835671,0.5617692030835671
4.649999999999999,-1.6999999999999957,0.5848857801796105,0.5394147114027968
4.75,-1.6999999999999957,0.5486832980505139,0.582344135219425
4.799999999999997,-1.6499999999999986,0.582344135219425,0.5486832980505139
4.850000000000001,-1.6499999999999986,0.5617692030835671,0.5656603957913984
4.899999999999999,-1.5999999999999943,0.5848857801796105,0.5394147114027968
4.950000000000003,-1.5999999999999943,0.5617692030835671,0.5617692030835671
5.0,-1.5499999999999972,0.5848857801796105,0.5340770846134703
5.100000000000001,-1.5499999999999972,0.5394147114027968,0.5656603957913984
5.149999999999999,-1.499999999999993,0.5656603957913984,0.5394147114027968
5.200000000000003,-1.499999999999993,0.5486832980505139,0.5617692030835671
5.25,-1.4499999999999957,0.582344135219425,0.5394147114027968
5.299999999999997,-1.4499999999999957,0.5617692030835671,0.5617692030835671
5.350000000000001,-1.3999999999999986,0.5848857801796105,0.5340770846134703
5.450000000000003,-1.3999999999999986,0.5394147114027968,0.5656603957913984
5.5,-1.3499999999999943,0.5656603957913984,0.5394147114027968
5.549999999999997,-1.3499999999999943,0.5486832980505139,0.5617692030835671
5.600000000000001,-1.2999999999999972,0.582344135219425,0.5394147114027968
5.649999999999999,-1.2999999999999972,0.5617692030835671,0.5617692030835671
5.700000000000003,-1.249999999999993,0.5848857801796105,0.5340770846134703
5.799999999999997,-1.249999999999993,0.5394147114027968,0.5656603957913984
5.850000000000001,-1.1999999999999957,0.5617692030835671,0.5394147114027968
5.899999999999999,-1.1999999999999957,0.5394147114027968,0.5617692030835671
5.950000000000003,-1.1499999999999986,0.5656603957913984,0.5394147114027968
6.0,-1.1499999999999986,0.5486832980505139,0.5617692030835671
6.049999999999997,-1.0999999999999943,0.582344135219425,0.5394147114027968
6.100000000000001,-1.0999999999999943,0.5617692030835671,0.5617692030835671
6.149999999999999,-1.0499999999999972,0.5848857801796105,0.5394147114027968
6.200000000000003,-1.0499999999999972,0.5617692030835671,0.5617692030835671
6.25,-0.9999999999999929,0.5848857801796105,0.5394147114027968
6.299999999999997,-0.9999999999999929,0.5604686356149273,0.5617692030835671
6.350000000000001,-0.9499999999999957,0.57082439194738,0.5433981132056603
6.399999999999999,-0.9499999999999957,0.5433981132056603,0.57082439194738
6.5,-0.8499999999999943,0.5848857801796105,0.5394147114027968
6.549999999999997,-0.8499999999999943,0.5604686356149273,0.5617692030835671
6.600000000000001,-0.7999999999999972,0.57082439194738,0.5394147114027968
6.649999999999999,-0.7999999999999972,0.5433981132056603,0.5617692030835671
6.700000000000003,-0.7499999999999929,0.5617692030835671,0.5433981132056603
6.75,-0.7499999999999929,0.5394147114027968,0.57082439194738
6.850000000000001,-0.6499999999999986,0.57082439194738,0.5433981132056603
6.899999999999999,-0.6499999999999986,0.5433981132056603,0.57082439194738
7.0,-0.5499999999999972,0.5848857801796105,0.5394147114027968
7.049999999999997,-0.5499999999999972,0.5604686356149273,0.5617692030835671
7.100000000000001,-0.4999999999999929,0.57082439194738,0.5394147114027968
7.149999999999999,-0.4999999999999929,0.5433981132056603,0.5617692030835671
7.200000000000003,-0.44999999999999574,0.5617692030835671,0.5433981132056603
7.25,-0.44999999999999574,0.5394147114027968,0.57082439194738
7.350000000000001,-0.3499999999999943,0.5848857801796105,0.5394147114027968
7.399999999999999,-0.3499999999999943,0.5604686356149273,0.5617692030835671
7.450000000000003,-0.29999999999999716,0.57082439194738,0.5394147114027968
7.5,-0.29999999999999716,0.5433981132056603,0.5617692030835671
7.549999999999997,-0.2499999999999929,0.5617692030835671,0.5433981132056603
7.600000000000001,-0.2499999999999929,0.5394147114027968,0.57082439194738
7.700000000000003,-0.14999999999999858,0.57082439194738,0.5394147114027968
7.75,-0.14999999999999858,0.5433981132056603,0.5617692030835671
7.799999999999997,-0.09999999999999432,0.5617692030835671,0.5433981132056603
7.850000000000001,-0.09999999999999432,0.5394147114027968,0.57082439194738
7.950000000000003,7.105427357601002e-15,0.57082439194738,0.5394147114027968
8.0,7.105427357601002e-15,0.5433981132056603,0.5617692030835671
8.049999999999997,0.05000000000000426,0.5617692030835671,0.5433981132056603
8.100000000000001,0.05000000000000426,0.5394147114027968,0.57082439194738
8.200000000000003,0.15000000000000568,0.57082439194738,0.5433981132056603
8.25,0.15000000000000568,0.5433981132056603,0.57082439194738
8.350000000000001,0.2500000000000071,0.5848857801796105,0.5394147114027968
8.399999999999999,0.2500000000000071,0.5604686356149273,0.5617692030835671
8.450000000000003,0.30000000000000426,0.57082439194738,0.5433981132056603
8.5,0.30000000000000426,0.5433981132056603,0.57082439194738
8.600000000000001,0.4000000000000057,0.57082439194738,0.5433981132056603
8.649999999999999,0.4000000000000057,0.5433981132056603,0.57082439194738
8.75,0.5000000000000071,0.57082439194738,0.5394147114027968
8.799999999999997,0.5000000000000071,0.5433981132056603,0.5617692030835671
8.850000000000001,0.5500000000000043,0.5617692030835671,0.5433981132056603
8.899999999999999,0.5500000000000043,0.5394147114027968,0.57082439194738
9.0,0.6500000000000057,0.57082439194738,0.5433981132056603
9.049999999999997,0.6500000000000057,0.5433981132056603,0.57082439194738
9.149999999999999,0.7500000000000071,0.57082439194738,0.5433981132056603
9.200000000000003,0.7500000000000071,0.5433981132056603,0.57082439194738
9.299999999999997,0.8500000000000014,0.57082439194738,0.5433981132056603
9.350000000000001,0.8500000000000014,0.5433981132056603,0.57082439194738
9.450000000000003,0.9500000000000028,0.57082439194738,0.5394147114027968
9.5,0.9500000000000028,0.5433981132056603,0.5617692030835671
9.549999999999997,1.000000000000007,0.5617692030835671,0.5433981132056603
9.600000000000001,1.000000000000007,0.5394147114027968,0.57082439194738
9.700000000000003,1.1000000000000014,0.57082439194738,0.5433981132056603
9.75,1.1000000000000014,0.5433981132056603,0.57082439194738
9.850000000000001,1.2000000000000028,0.57082439194738,0.5433981132056603
9.899999999999999,1.2000000000000028,0.5433981132056603,0.57082439194738
10.0,1.3000000000000043,0.5604686356149273,0.5433981132056603
10.049999999999997,1.3000000000000043,0.5300537618869138,0.57082439194738
10.200000000000003,1.4500000000000028,0.5604686356149273,0.5433981132056603
10.25,1.4500000000000028,0.5300537618869138,0.57082439194738
10.450000000000003,1.6500000000000057,0.5604686356149273,0.5300537618869138
10.5,1.6500000000000057,0.5300537618869138,0.5604686356149273
10.649999999999999,1.8000000000000043,0.5604686356149273,0.5433981132056603
10.700000000000003,1.8000000000000043,0.5300537618869138,0.57082439194738
10.899999999999999,2.000000000000007,0.57082439194738,0.5433981132056603
10.950000000000003,2.000000000000007,0.5433981132056603,0.57082439194738
11.149999999999999,2.200000000000003,0.5861541461658011,0.5545941546018393
11.200000000000003,2.200000000000003,0.5545941546018393,0.5861541461658011
11.350000000000001,2.3500000000000014,0.57082439194738,0.55524865872714
11.399999999999999,2.3500000000000014,0.5433981132056603,0.5861541461658011
11.600000000000001,2.5500000000000043,0.5861541461658011,0.5545941546018393
11.649999999999999,2.5500000000000043,0.55524865872714,0.5861541461658011
11.850000000000001,2.750000000000007,0.5899494936611666,0.5545941546018393
11.899999999999999,2.750000000000007,0.55524865872714,0.5861541461658011
12.100000000000001,2.950000000000003,0.5924716620639604,0.5545941546018393
12.149999999999999,2.950000000000003,0.5604686356149273,0.5861541461658011
12.399999999999999,3.200000000000003,0.5924716620639604,0.5545941546018393
12.450000000000003,3.200000000000003,0.5604686356149273,0.5861541461658011
12.649999999999999,3.4000000000000057,0.5924716620639604,0.5545941546018393
12.700000000000003,3.4000000000000057,0.5604686356149273,0.5861541461658011
12.850000000000001,3.5500000000000043,0.5899494936611666,0.55524865872714
12.899999999999999,3.5500000000000043,0.5545941546018393,0.5861541461658011
13.100000000000001,3.750000000000007,0.5861541461658011,0.5545941546018393
13.149999999999999,3.750000000000007,0.5545941546018393,0.5861541461658011
13.350000000000001,3.950000000000003,0.57082439194738,0.5433981132056603
13.399999999999999,3.950000000000003,0.5433981132056603,0.57082439194738
13.600000000000001,4.150000000000006,0.57082439194738,0.5433981132056603
13.649999999999999,4.150000000000006,0.5433981132056603,0.57082439194738
13.850000000000001,4.350000000000001,0.5604686356149273,0.5433981132056603
13.899999999999999,4.350000000000001,0.5300537618869138,0.57082439194738
14.149999999999999,4.600000000000001,0.5604686356149273,0.5219544457292887
14.200000000000003,4.600000000000001,0.5300537618869138,0.55524865872714
14.299999999999997,4.700000000000003,0.5604686356149273,0.5433981132056603
14.350000000000001,4.700000000000003,0.5300537618869138,0.57082439194738
14.450000000000003,4.800000000000004,0.5604686356149273,0.5433981132056603
14.5,4.800000000000004,0.5300537618869138,0.57082439194738
14.600000000000001,4.900000000000006,0.5617692030835671,0.5394147114027968
14.649999999999999,4.900000000000006,0.5394147114027968,0.5617692030835671
14.700000000000003,4.950000000000003,0.5617692030835671,0.5433981132056603
14.75,4.950000000000003,0.5394147114027968,0.57082439194738
14.799999999999997,5.000000000000007,0.5656603957913984,0.5604686356149273
14.850000000000001,5.000000000000007,0.5486832980505139,0.582344135219425
14.899999999999999,5.050000000000004,0.582344135219425,0.5486832980505139
15.049999999999997,5.050000000000004,0.5340770846134703,0.5962429422585638
15.100000000000001,5.100000000000001,0.57082439194738,0.55524865872714
15.25,5.100000000000001,0.5513148795220223,0.582344135219425
15.299999999999997,5.150000000000006,0.6000000000000001,0.5486832980505139
15.5,5.150000000000006,0.6000000000000001,0.5486832980505139
15.549999999999997,5.100000000000001,0.5513148795220223,0.582344135219425
15.700000000000003,5.100000000000001,0.57082439194738,0.55524865872714
15.75,5.050000000000004,0.5340770846134703,0.5962429422585638
15.899999999999999,5.050000000000004,0.5848857801796105,0.5486832980505139
15.950000000000003,5.000000000000007,0.5617692030835671,0.582344135219425
16.0,5.000000000000007,0.5848857801796105,0.5617692030835671
16.049999999999997,4.950000000000003,0.5617692030835671,0.5848857801796105
16.1,4.950000000000003,0.5861541461658011,0.5604686356149273
16.200000000000003,4.850000000000001,0.5604686356149273,0.5861541461658011
16.25,4.850000000000001,0.5924716620639604,0.5545941546018393
16.25,4.800000000000004,0.55524865872714,0.5899494936611666
16.450000000000003,4.600000000000001,0.5861541461658011,0.55524865872714
16.450000000000003,4.550000000000004,0.5617692030835671,0.5848857801796105
16.5,4.500000000000007,0.5848857801796105,0.5617692030835671
16.5,4.450000000000003,0.5617692030835671,0.582344135219425
16.549999999999997,4.400000000000006,0.5848857801796105,0.5486832980505139
16.549999999999997,4.350000000000001,0.5617692030835671,0.5656603957913984
16.6,4.300000000000004,0.5848857801796105,0.5340770846134703
16.6,4.150000000000006,0.5340770846134703,0.5848857801796105
16.65,4.100000000000001,0.57082439194738,0.55524865872714
16.65,3.950000000000003,0.5340770846134703,0.582344135219425
16.700000000000003,3.9000000000000057,0.57082439194738,0.5486832980505139
16.700000000000003,3.700000000000003,0.5340770846134703,0.6000000000000001
16.75,3.6500000000000057,0.57082439194738,0.5513148795220223
16.75,3.3500000000000014,0.5486832980505139,0.604987562112089
16.799999999999997,3.3000000000000043,0.582344135219425,0.5617692030835671
16.799999999999997,3.000000000000007,0.5340770846134703,0.6000000000000001
16.85,2.950000000000003,0.57082439194738,0.5513148795220223
16.85,2.6000000000000014,0.5219544457292887,0.6000000000000001
16.9,2.5500000000000043,0.5617692030835671,0.5513148795220223
16.9,2.250000000000007,0.5340770846134703,0.6000000000000001
16.950000000000003,2.200000000000003,0.57082439194738,0.5513148795220223
16.950000000000003,1.8000000000000043,0.5219544457292887,0.6000000000000001
17.0,1.750000000000007,0.5617692030835671,0.5513148795220223
17.0,1.4000000000000057,0.5219544457292887,0.6000000000000001
17.049999999999997,1.3500000000000014,0.5617692030835671,0.5513148795220223
17.049999999999997,1.000000000000007,0.5340770846134703,0.6000000000000001
17.1,0.9500000000000028,0.57082439194738,0.5513148795220223
17.1,0.6000000000000014,0.5340770846134703,0.6000000000000001
17.15,0.5500000000000043,0.57082439194738,0.5513148795220223
17.15,0.20000000000000284,0.5340770846134703,0.6000000000000001
17.200000000000003,0.15000000000000568,0.57082439194738,0.5513148795220223
17.200000000000003,-0.2499999999999929,0.5219544457292887,0.6000000000000001
17.25,-0.29999999999999716,0.5617692030835671,0.5513148795220223
17.25,-0.5499999999999972,0.5340770846134703,0.5962429422585638
17.299999999999997,-0.5999999999999943,0.57082439194738,0.5513148795220223
17.299999999999997,-0.7499999999999929,0.5340770846134703,0.57082439194738
17.35,-0.7999999999999972,0.57082439194738,0.5340770846134703
17.35,-0.9999999999999929,0.5340770846134703,0.582344135219425
17.4,-1.0499999999999972,0.57082439194738,0.5486832980505139
17.4,-1.1999999999999957,0.5340770846134703,0.582344135219425
17.450000000000003,-1.249999999999993,0.57082439194738,0.5486832980505139
17.450000000000003,-1.3999999999999986,0.5486832980505139,0.582344135219425
17.5,-1.4499999999999957,0.582344135219425,0.5486832980505139
17.5,-1.5999999999999943,0.5340770846134703,0.582344135219425
17.549999999999997,-1.6499999999999986,0.57082439194738,0.5486832980505139
17.549999999999997,-1.749999999999993,0.5486832980505139,0.57082439194738
17.6,-1.7999999999999972,0.582344135219425,0.5340770846134703
17.6,-1.9499999999999957,0.5340770846134703,0.57082439194738
17.65,-1.999999999999993,0.5656603957913984,0.5340770846134703
17.65,-2.0999999999999943,0.5340770846134703,0.5656603957913984
17.700000000000003,-2.1499999999999986,0.5656603957913984,0.5394147114027968
17.700000000000003,-2.1999999999999957,0.5486832980505139,0.5617692030835671
17.75,-2.249999999999993,0.582344135219425,0.5340770846134703
17.75,-2.3499999999999943,0.5486832980505139,0.5656603957913984
17.799999999999997,-2.3999999999999986,0.582344135219425,0.5340770846134703
17.799999999999997,-2.499999999999993,0.5486832980505139,0.5656603957913984
17.85,-2.549999999999997,0.582344135219425,0.5394147114027968
17.85,-2.5999999999999943,0.5617692030835671,0.5617692030835671
17.9,-2.6499999999999986,0.5848857801796105,0.5394147114027968
17.9,-2.6999999999999957,0.5617692030835671,0.5617692030835671
17.950000000000003,-2.749999999999993,0.5848857801796105,0.5394147114027968
17.950000000000003,-2.799999999999997,0.5617692030835671,0.5617692030835671
18.0,-2.8499999999999943,0.5848857801796105,0.5394147114027968
18.0,-2.9499999999999957,0.5486832980505139,0.5848857801796105
18.049999999999997,-2.999999999999993,0.57082439194738,0.5617692030835671
18.049999999999997,-3.049999999999997,0.5433981132056603,0.5861541461658011
18.25,-3.249999999999993,0.5899494936611666,0.5545941546018393
18.25,-3.299999999999997,0.55524865872714,0.5899494936611666
18.35,-3.3999999999999986,0.5604686356149273,0.5899494936611666
18.4,-3.3999999999999986,0.5924716620639604,0.5545941546018393
18.6,-3.5999999999999943,0.5433981132056603,0.5861541461658011
18.65,-3.5999999999999943,0.57082439194738,0.5617692030835671
18.700000000000003,-3.6499999999999986,0.5486832980505139,0.5848857801796105
18.799999999999997,-3.6499999999999986,0.582344135219425,0.5486832980505139
18.85,-3.6999999999999957,0.5486832980505139,0.582344135219425
19.700000000000003,-3.6999999999999957,0.5486832980505139,0.57082439194738
19.75,-3.6499999999999986,0.582344135219425,0.5340770846134703
19.85,-3.6499999999999986,0.5486832980505139,0.5656603957913984
19.9,-3.5999999999999943,0.582344135219425,0.5340770846134703
20.0,-3.5999999999999943,0.5394147114027968,0.5656603957913984
20.049999999999997,-3.549999999999997,0.5617692030835671,0.5394147114027968
20.1,-3.549999999999997,0.5394147114027968,0.5617692030835671
20.15,-3.499999999999993,0.5617692030835671,0.5433981132056603
20.200000000000003,-3.499999999999993,0.5394147114027968,0.57082439194738
20.299999999999997,-3.3999999999999986,0.57082439194738,0.5394147114027968
20.35,-3.3999999999999986,0.5433981132056603,0.5617692030835671
20.4,-3.3499999999999943,0.5604686356149273,0.5433981132056603
20.450000000000003,-3.3499999999999943,0.5300537618869138,0.57082439194738
20.6,-3.1999999999999957,0.5848857801796105,0.5433981132056603
20.65,-3.1999999999999957,0.55524865872714,0.57082439194738
20.75,-3.0999999999999943,0.57082439194738,0.55524865872714
20.799999999999997,-3.0999999999999943,0.5433981132056603,0.5861541461658011
21.0,-2.8999999999999986,0.5604686356149273,0.5300537618869138
21.049999999999997,-2.8999999999999986,0.5300537618869138,0.5604686356149273
21.299999999999997,-2.6499999999999986,0.5604686356149273,0.5192388155425117
21.35,-2.6499999999999986,0.5300537618869138,0.5545941546018393
21.6,-2.3999999999999986,0.57082439194738,0.5545941546018393
21.65,-2.3999999999999986,0.5433981132056603,0.5861541461658011
22.4,-1.6499999999999986,0.5433981132056603,0.5861541461658011
22.4,-1.5999999999999943,0.57082439194738,0.5545941546018393
22.65,-1.3499999999999943,0.5545941546018393,0.5861541461658011
22.65,-1.2999999999999972,0.5899494936611666,0.5545941546018393
22.85,-1.0999999999999943,0.55524865872714,0.5861541461658011
22.85,-1.0499999999999972,0.5861541461658011,0.5545941546018393
23.1,-0.7999999999999972,0.5300537618869138,0.57082439194738
23.1,-0.7499999999999929,0.5604686356149273,0.5433981132056603
23.200000000000003,-0.6499999999999986,0.5300537618869138,0.5604686356149273
23.200000000000003,-0.5999999999999943,0.5604686356149273,0.5300537618869138
23.400000000000006,-0.3999999999999986,0.5300537618869138,0.57082439194738
23.400000000000006,-0.3499999999999943,0.5604686356149273,0.5433981132056603
23.5,-0.2499999999999929,0.5300537618869138,0.57082439194738
23.5,-0.19999999999999574,0.5604686356149273,0.5433981132056603
23.650000000000006,-0.04999999999999716,0.5300537618869138,0.57082439194738
23.650000000000006,7.105427357601002e-15,0.5604686356149273,0.5433981132056603
23.849999999999994,0.20000000000000284,0.5433981132056603,0.5861541461658011
23.849999999999994,0.2500000000000071,0.57082439194738,0.5604686356149273
23.950000000000003,0.3500000000000014,0.55524865872714,0.5861541461658011
23.950000000000003,0.4000000000000057,0.5861541461658011,0.55524865872714
24.099999999999994,0.5500000000000043,0.55524865872714,0.5861541461658011
24.099999999999994,0.6000000000000014,0.5861541461658011,0.55524865872714
24.25,0.7500000000000071,0.55524865872714,0.5861541461658011
24.25,0.8000000000000043,0.5861541461658011,0.55524865872714
24.400000000000006,0.9500000000000028,0.5433981132056603,0.5861541461658011
24.400000000000006,1.000000000000007,0.57082439194738,0.5617692030835671
24.450000000000003,1.0500000000000043,0.5604686356149273,0.5848857801796105
24.450000000000003,1.1000000000000014,0.5861541461658011,0.5604686356149273
24.549999999999997,1.2000000000000028,0.5604686356149273,0.5861541461658011
24.549999999999997,1.250000000000007,0.5861541461658011,0.5617692030835671
24.650000000000006,1.3500000000000014,0.5604686356149273,0.6000000000000001
24.650000000000006,1.4000000000000057,0.5848857801796105,0.57082439194738
24.700000000000003,1.4500000000000028,0.5617692030835671,0.5861541461658011
24.700000000000003,1.500000000000007,0.5861541461658011,0.5604686356149273
24.799999999999997,1.6000000000000014,0.5604686356149273,0.5861541461658011
24.799999999999997,1.6500000000000057,0.5861541461658011,0.5617692030835671
24.900000000000006,1.750000000000007,0.5604686356149273,0.6000000000000001
24.900000000000006,1.8000000000000043,0.5861541461658011,0.57082439194738
24.950000000000003,1.8500000000000014,0.57082439194738,0.5861541461658011
24.950000000000003,1.9000000000000057,0.6000000000000001,0.5617692030835671
25.049999999999997,2.000000000000007,0.5848857801796105,0.6000000000000001
25.049999999999997,2.0500000000000043,0.6062305898749054,0.57082439194738
25.099999999999994,2.1000000000000014,0.5848857801796105,0.5861541461658011
25.099999999999994,2.1500000000000057,0.6062305898749054,0.5617692030835671
25.200000000000003,2.250000000000007,0.5617692030835671,0.6000000000000001
25.200000000000003,2.3000000000000043,0.5848857801796105,0.57082439194738
25.25,2.3500000000000014,0.5617692030835671,0.5861541461658011
25.25,2.4000000000000057,0.5848857801796105,0.5617692030835671
25.299999999999997,2.450000000000003,0.5617692030835671,0.5848857801796105
25.299999999999997,2.500000000000007,0.5848857801796105,0.5604686356149273
25.349999999999994,2.5500000000000043,0.5617692030835671,0.57082439194738
25.349999999999994,2.6000000000000014,0.5848857801796105,0.5433981132056603
25.450000000000003,2.700000000000003,0.5433981132056603,0.5848857801796105
25.450000000000003,2.750000000000007,0.57082439194738,0.5656603957913984
25.5,2.8000000000000043,0.5604686356149273,0.5962429422585638
25.5,2.9000000000000057,0.6062305898749054,0.5617692030835671
25.549999999999997,2.950000000000003,0.5848857801796105,0.5848857801796105
25.549999999999997,3.000000000000007,0.6062305898749054,0.5656603957913984
25.599999999999994,3.0500000000000043,0.582344135219425,0.5962429422585638
25.599999999999994,3.1500000000000057,0.6124228365658294,0.5617692030835671
25.650000000000006,3.200000000000003,0.582344135219425,0.5848857801796105
25.650000000000006,3.250000000000007,0.5962429422585638,0.5656603957913984
25.700000000000003,3.3000000000000043,0.5656603957913984,0.5962429422585638
25.700000000000003,3.4000000000000057,0.6062305898749054,0.5617692030835671
25.75,3.450000000000003,0.582344135219425,0.5848857801796105
25.75,3.500000000000007,0.5962429422585638,0.5656603957913984
25.799999999999997,3.5500000000000043,0.5656603957913984,0.5962429422585638
25.799999999999997,3.6500000000000057,0.5962429422585638,0.57082439194738
25.849999999999994,3.700000000000003,0.5656603957913984,0.6111874208078343
25.849999999999994,3.8500000000000014,0.6124228365658294,0.57082439194738
25.900000000000006,3.9000000000000057,0.5848857801796105,0.6111874208078343
25.900000000000006,4.050000000000004,0.6440306508910552,0.582344135219425
25.950000000000003,4.100000000000001,0.6000000000000001,0.6198039027185569
25.950000000000003,4.350000000000001,0.6198039027185569,0.5617692030835671
26.0,4.400000000000006,0.582344135219425,0.604987562112089
26.0,4.550000000000004,0.6198039027185569,0.582344135219425
26.049999999999997,4.600000000000001,0.582344135219425,0.6198039027185569
26.049999999999997,5.400000000000006,0.65,0.57082439194738
26.099999999999994,5.450000000000003,0.6000000000000001,0.6111874208078343
26.099999999999994,5.900000000000006,0.582344135219425,0.6000000000000001
26.049999999999997,5.950000000000003,0.6198039027185569,0.55
26.049999999999997,6.500000000000007,0.582344135219425,0.6000000000000001
26.0,6.550000000000004,0.6198039027185569,0.55
26.0,6.900000000000006,0.5486832980505139,0.582344135219425
25.950000000000003,6.950000000000003,0.582344135219425,0.5486832980505139
25.950000000000003,7.150000000000006,0.5486832980505139,0.582344135219425
25.900000000000006,7.200000000000003,0.582344135219425,0.5486832980505139
25.900000000000006,7.350000000000001,0.5486832980505139,0.582344135219425
25.849999999999994,7.400000000000006,0.582344135219425,0.5486832980505139
25.849999999999994,7.500000000000007,0.5486832980505139,0.57082439194738
25.799999999999997,7.550000000000004,0.582344135219425,0.5340770846134703
25.799999999999997,7.650000000000006,0.5486832980505139,0.5656603957913984
25.75,7.700000000000003,0.582344135219425,0.5394147114027968
25.75,7.800000000000004,0.5486832980505139,0.582344135219425
25.700000000000003,7.850000000000001,0.582344135219425,0.5486832980505139
25.700000000000003,7.900000000000006,0.5617692030835671,0.5656603957913984
25.650000000000006,7.950000000000003,0.5848857801796105,0.5394147114027968
25.650000000000006,8.000000000000007,0.5617692030835671,0.5617692030835671
25.599999999999994,8.050000000000004,0.5848857801796105,0.5394147114027968
25.599999999999994,8.150000000000006,0.5433981132056603,0.5848857801796105
25.5,8.250000000000007,0.5848857801796105,0.5394147114027968
25.5,8.300000000000004,0.5617692030835671,0.5617692030835671
25.450000000000003,8.350000000000001,0.5848857801796105,0.5340770846134703
25.450000000000003,8.450000000000003,0.5300537618869138,0.5656603957913984
25.400000000000006,8.500000000000007,0.5433981132056603,0.5394147114027968
25.400000000000006,8.550000000000004,0.517877987534291,0.5617692030835671
25.299999999999997,8.650000000000006,0.5617692030835671,0.5300537618869138
25.299999999999997,8.700000000000003,0.5394147114027968,0.5604686356149273
25.25,8.750000000000007,0.5617692030835671,0.5394147114027968
25.25,8.800000000000004,0.5394147114027968,0.5617692030835671
25.200000000000003,8.850000000000001,0.5617692030835671,0.5433981132056603
25.200000000000003,8.900000000000006,0.5394147114027968,0.57082439194738
25.099999999999994,9.000000000000007,0.57082439194738,0.5394147114027968
25.099999999999994,9.050000000000004,0.5433981132056603,0.5617692030835671
25.049999999999997,9.100000000000001,0.5617692030835671,0.5433981132056603
25.049999999999997,9.150000000000006,0.5394147114027968,0.57082439194738
24.950000000000003,9.250000000000007,0.5848857801796105,0.5486832980505139
24.950000000000003,9.300000000000004,0.5617692030835671,0.5656603957913984
24.900000000000006,9.350000000000001,0.5848857801796105,0.5394147114027968
24.900000000000006,9.400000000000006,0.5604686356149273,0.5617692030835671
24.849999999999994,9.450000000000003,0.57082439194738,0.5433981132056603
24.849999999999994,9.500000000000007,0.5433981132056603,0.57082439194738
24.75,9.600000000000001,0.57082439194738,0.55524865872714
24.75,9.650000000000006,0.5433981132056603,0.5899494936611666
24.650000000000006,9.750000000000007,0.5848857801796105,0.5394147114027968
24.650000000000006,9.800000000000004,0.5617692030835671,0.5617692030835671
24.599999999999994,9.850000000000001,0.5848857801796105,0.5433981132056603
24.599999999999994,9.900000000000006,0.5604686356149273,0.57082439194738
24.549999999999997,9.950000000000003,0.57082439194738,0.5604686356149273
24.549999999999997,10.000000000000007,0.5433981132056603,0.5848857801796105
24.450000000000003,10.100000000000001,0.57082439194738,0.5433981132056603
24.450000000000003,10.149999999999999,0.5433981132056603,0.57082439194738
24.349999999999994,10.250000000000007,0.5848857801796105,0.5394147114027968
24.349999999999994,10.300000000000004,0.5604686356149273,0.5617692030835671
24.299999999999997,10.350000000000001,0.57082439194738,0.5433981132056603
24.299999999999997,10.399999999999999,0.5433981132056603,0.57082439194738
24.200000000000003,10.500000000000007,0.5848857801796105,0.55524865872714
24.200000000000003,10.550000000000004,0.5604686356149273,0.5848857801796105
24.150000000000006,10.600000000000001,0.57082439194738,0.5617692030835671
24.150000000000006,10.649999999999999,0.5433981132056603,0.5861541461658011
24.049999999999997,10.750000000000007,0.5848857801796105,0.5604686356149273
24.049999999999997,10.800000000000004,0.5604686356149273,0.5861541461658011
23.950000000000003,10.899999999999999,0.5861541461658011,0.5604686356149273
23.950000000000003,10.95000000000001,0.5617692030835671,0.5848857801796105
23.900000000000006,11.000000000000007,0.5848857801796105,0.5617692030835671
23.900000000000006,11.050000000000004,0.5604686356149273,0.5861541461658011
23.849999999999994,11.100000000000001,0.57082439194738,0.5656603957913984
23.849999999999994,11.149999999999999,0.5433981132056603,0.5848857801796105
23.75,11.250000000000007,0.5848857801796105,0.5394147114027968
23.75,11.300000000000004,0.5604686356149273,0.5617692030835671
23.700000000000003,11.350000000000001,0.57082439194738,0.5433981132056603
23.700000000000003,11.399999999999999,0.5433981132056603,0.57082439194738
23.599999999999994,11.500000000000007,0.5848857801796105,0.5394147114027968
23.599999999999994,11.550000000000004,0.5604686356149273,0.5617692030835671
23.549999999999997,11.600000000000001,0.57082439194738,0.5394147114027968
23.549999999999997,11.649999999999999,0.5433981132056603,0.5617692030835671
23.5,11.70000000000001,0.5617692030835671,0.5433981132056603
23.5,11.750000000000007,0.5394147114027968,0.57082439194738
23.349999999999994,11.899999999999999,0.5861541461658011,0.55524865872714
23.349999999999994,11.95000000000001,0.5617692030835671,0.582344135219425
23.299999999999997,12.000000000000007,0.5848857801796105,0.5486832980505139
23.299999999999997,12.050000000000004,0.5604686356149273,0.5656603957913984
23.25,12.100000000000001,0.57082439194738,0.5394147114027968
23.25,12.149999999999999,0.5433981132056603,0.5617692030835671
23.200000000000003,12.20000000000001,0.5617692030835671,0.5433981132056603
23.200000000000003,12.250000000000007,0.5394147114027968,0.57082439194738
23.1,12.350000000000001,0.57082439194738,0.5394147114027968
23.1,12.399999999999999,0.5433981132056603,0.5617692030835671
23.049999999999997,12.45000000000001,0.5617692030835671,0.5433981132056603
23.049999999999997,12.500000000000007,0.5394147114027968,0.57082439194738
22.950000000000003,12.600000000000001,0.5848857801796105,0.5433981132056603
22.950000000000003,12.649999999999999,0.5604686356149273,0.57082439194738
22.9,12.70000000000001,0.57082439194738,0.5604686356149273
22.9,12.750000000000007,0.5433981132056603,0.5861541461658011
22.799999999999997,12.850000000000001,0.5848857801796105,0.5486832980505139
22.799999999999997,12.899999999999999,0.5604686356149273,0.5656603957913984
22.75,12.95000000000001,0.57082439194738,0.5394147114027968
22.75,13.000000000000007,0.5433981132056603,0.5617692030835671
22.700000000000003,13.050000000000004,0.5617692030835671,0.5433981132056603
22.700000000000003,13.100000000000001,0.5394147114027968,0.57082439194738
22.6,13.20000000000001,0.57082439194738,0.5394147114027968
22.6,13.250000000000007,0.5433981132056603,0.5617692030835671
22.549999999999997,13.300000000000004,0.5617692030835671,0.5433981132056603
22.549999999999997,13.350000000000001,0.5394147114027968,0.57082439194738
22.450000000000003,13.45000000000001,0.57082439194738,0.5433981132056603
22.450000000000003,13.500000000000007,0.5433981132056603,0.57082439194738
22.35,13.600000000000001,0.5848857801796105,0.5394147114027968
22.35,13.649999999999999,0.5617692030835671,0.5617692030835671
22.299999999999997,13.70000000000001,0.5848857801796105,0.5394147114027968
22.299999999999997,13.750000000000007,0.5604686356149273,0.5617692030835671
22.25,13.800000000000004,0.57082439194738,0.5394147114027968
22.25,13.850000000000001,0.5433981132056603,0.5617692030835671
22.200000000000003,13.899999999999999,0.5617692030835671,0.5433981132056603
22.200000000000003,13.95000000000001,0.5394147114027968,0.57082439194738
22.1,14.050000000000004,0.57082439194738,0.55524865872714
22.1,14.100000000000001,0.5433981132056603,0.5899494936611666
22.0,14.20000000000001,0.5848857801796105,0.5394147114027968
22.0,14.250000000000007,0.5604686356149273,0.5617692030835671
21.950000000000003,14.300000000000004,0.57082439194738,0.5394147114027968
21.950000000000003,14.350000000000001,0.5433981132056603,0.5617692030835671
21.9,14.399999999999999,0.5617692030835671,0.5433981132056603
21.9,14.45000000000001,0.5394147114027968,0.57082439194738
21.799999999999997,14.550000000000004,0.5848857801796105,0.55524865872714
21.799999999999997,14.600000000000001,0.5604686356149273,0.5848857801796105
21.75,14.649999999999999,0.57082439194738,0.5617692030835671
21.75,14.70000000000001,0.5433981132056603,0.5861541461658011
21.65,14.800000000000004,0.5848857801796105,0.5604686356149273
21.65,14.850000000000001,0.5604686356149273,0.5924716620639604
21.6,14.899999999999999,0.57082439194738,0.5656603957913984
21.6,14.95000000000001,0.5433981132056603,0.5848857801796105
21.5,15.050000000000004,0.5848857801796105,0.5433981132056603
21.5,15.100000000000001,0.5604686356149273,0.5656603957913984
21.450000000000003,15.149999999999999,0.57082439194738,0.5394147114027968
21.450000000000003,15.20000000000001,0.5433981132056603,0.5617692030835671
21.4,15.250000000000007,0.5617692030835671,0.5433981132056603
21.4,15.300000000000004,0.5394147114027968,0.57082439194738
21.299999999999997,15.399999999999999,0.57082439194738,0.5433981132056603
21.299999999999997,15.45000000000001,0.5433981132056603,0.57082439194738
21.200000000000003,15.550000000000004,0.5848857801796105,0.5394147114027968
21.200000000000003,15.600000000000001,0.5617692030835671,0.5617692030835671
21.15,15.649999999999999,0.5848857801796105,0.5433981132056603
21.15,15.70000000000001,0.5604686356149273,0.57082439194738
21.1,15.750000000000007,0.57082439194738,0.5604686356149273
21.1,15.800000000000004,0.5433981132056603,0.5848857801796105
21.0,15.899999999999999,0.5848857801796105,0.5433981132056603
21.0,15.95000000000001,0.5604686356149273,0.5656603957913984
20.950000000000003,16.000000000000007,0.57082439194738,0.5394147114027968
20.950000000000003,16.050000000000004,0.5433981132056603,0.5617692030835671
20.9,16.1,0.5617692030835671,0.5433981132056603
20.9,16.15,0.5394147114027968,0.57082439194738
20.799999999999997,16.250000000000007,0.57082439194738,0.5394147114027968
20.799999999999997,16.300000000000004,0.5433981132056603,0.5617692030835671
20.75,16.35,0.5617692030835671,0.5433981132056603
20.75,16.4,0.5394147114027968,0.57082439194738
20.65,16.500000000000007,0.5848857801796105,0.5433981132056603
20.65,16.550000000000004,0.5604686356149273,0.57082439194738
20.6,16.6,0.57082439194738,0.5604686356149273
20.6,16.65,0.5433981132056603,0.5848857801796105
20.5,16.750000000000007,0.5848857801796105,0.5394147114027968
20.5,16.800000000000004,0.5604686356149273,0.5617692030835671
20.450000000000003,16.85,0.57082439194738,0.5394147114027968
20.450000000000003,16.9,0.5433981132056603,0.5617692030835671
20.4,16.95000000000001,0.5617692030835671,0.5433981132056603
20.4,17.000000000000007,0.5394147114027968,0.57082439194738
20.299999999999997,17.1,0.5848857801796105,0.5433981132056603
20.299999999999997,17.15,0.5604686356149273,0.57082439194738
20.25,17.20000000000001,0.57082439194738,0.5604686356149273
20.25,17.250000000000007,0.5433981132056603,0.5848857801796105
20.15,17.35,0.5848857801796105,0.5394147114027968
20.15,17.4,0.5604686356149273,0.5617692030835671
20.1,17.45000000000001,0.57082439194738,0.5394147114027968
20.1,17.500000000000007,0.5433981132056603,0.5617692030835671
20.049999999999997,17.550000000000004,0.5617692030835671,0.5433981132056603
20.049999999999997,17.6,0.5394147114027968,0.57082439194738
19.950000000000003,17.70000000000001,0.57082439194738,0.5394147114027968
19.950000000000003,17.750000000000007,0.5433981132056603,0.5617692030835671
19.9,17.800000000000004,0.5617692030835671,0.5433981132056603
19.9,17.85,0.5394147114027968,0.57082439194738
19.799999999999997,17.95000000000001,0.57082439194738,0.5394147114027968
19.799999999999997,18.000000000000007,0.5433981132056603,0.5617692030835671
19.75,18.050000000000004,0.5617692030835671,0.5433981132056603
19.75,18.1,0.5394147114027968,0.57082439194738
19.65,18.20000000000001,0.5848857801796105,0.5433981132056603
19.65,18.250000000000007,0.5604686356149273,0.57082439194738
19.6,18.300000000000004,0.57082439194738,0.5604686356149273
19.6,18.35,0.5433981132056603,0.5861541461658011
19.5,18.45000000000001,0.5848857801796105,0.5486832980505139
19.5,18.500000000000007,0.5604686356149273,0.5656603957913984
19.450000000000003,18.550000000000004,0.57082439194738,0.5394147114027968
19.450000000000003,18.6,0.5433981132056603,0.5617692030835671
19.4,18.65,0.5617692030835671,0.5433981132056603
19.4,18.70000000000001,0.5394147114027968,0.57082439194738
19.299999999999997,18.800000000000004,0.5848857801796105,0.5486832980505139
19.299999999999997,18.85,0.5604686356149273,0.5656603957913984
19.25,18.9,0.57082439194738,0.5394147114027968
19.25,18.95000000000001,0.5433981132056603,0.5617692030835671
19.200000000000003,19.000000000000007,0.5617692030835671,0.5433981132056603
19.200000000000003,19.050000000000004,0.5394147114027968,0.57082439194738
19.1,19.15,0.57082439194738,0.5394147114027968
19.1,19.20000000000001,0.5433981132056603,0.5617692030835671
19.049999999999997,19.250000000000007,0.5617692030835671,0.5433981132056603
19.049999999999997,19.300000000000004,0.5394147114027968,0.57082439194738
18.950000000000003,19.4,0.5848857801796105,0.5394147114027968
18.950000000000003,19.45000000000001,0.5604686356149273,0.5617692030835671
18.9,19.500000000000007,0.57082439194738,0.5433981132056603
18.9,19.550000000000004,0.5433981132056603,0.57082439194738
18.799999999999997,19.65,0.5848857801796105,0.5394147114027968
18.799999999999997,19.70000000000001,0.5604686356149273,0.5617692030835671
18.75,19.750000000000007,0.57082439194738,0.5394147114027968
18.75,19.800000000000004,0.5433981132056603,0.5617692030835671
18.700000000000003,19.85,0.5617692030835671,0.5433981132056603
18.700000000000003,19.9,0.5394147114027968,0.57082439194738
18.6,20.000000000000007,0.5848857801796105,0.5433981132056603
18.6,20.050000000000004,0.5604686356149273,0.57082439194738
18.549999999999997,20.1,0.57082439194738,0.5604686356149273
18.549999999999997,20.15,0.5433981132056603,0.5861541461658011
18.450000000000003,20.250000000000007,0.5848857801796105,0.5394147114027968
18.450000000000003,20.300000000000004,0.5604686356149273,0.5617692030835671
18.4,20.35,0.57082439194738,0.5394147114027968
18.4,20.4,0.5433981132056603,0.5617692030835671
18.35,20.45000000000001,0.5617692030835671,0.5433981132056603
18.35,20.500000000000007,0.5394147114027968,0.57082439194738
18.25,20.6,0.57082439194738,0.5433981132056603
18.25,20.65,0.5433981132056603,0.57082439194738
18.15,20.750000000000007,0.5848857801796105,0.5394147114027968
18.15,20.800000000000004,0.5617692030835671,0.5617692030835671
18.1,20.85,0.5848857801796105,0.5394147114027968
18.1,20.9,0.5604686356149273,0.5617692030835671
18.049999999999997,20.95000000000001,0.57082439194738,0.5394147114027968
18.049999999999997,21.000000000000007,0.5433981132056603,0.5617692030835671
18.0,21.050000000000004,0.5617692030835671,0.5433981132056603
18.0,21.1,0.5394147114027968,0.57082439194738
17.9,21.20000000000001,0.57082439194738,0.55524865872714
17.9,21.250000000000007,0.5433981132056603,0.5848857801796105
17.799999999999997,21.35,0.5848857801796105,0.5433981132056603
17.799999999999997,21.4,0.5617692030835671,0.5656603957913984
17.75,21.45000000000001,0.5848857801796105,0.5394147114027968
17.75,21.500000000000007,0.5604686356149273,0.5617692030835671
17.700000000000003,21.550000000000004,0.57082439194738,0.5394147114027968
17.700000000000003,21.6,0.5433981132056603,0.5617692030835671
17.65,21.65,0.5617692030835671,0.5433981132056603
17.65,21.70000000000001,0.5394147114027968,0.57082439194738
17.549999999999997,21.800000000000004,0.5848857801796105,0.5433981132056603
17.549999999999997,21.85,0.5604686356149273,0.57082439194738
17.5,21.9,0.57082439194738,0.5604686356149273
17.5,21.95000000000001,0.5433981132056603,0.5848857801796105
17.4,22.050000000000004,0.5848857801796105,0.5394147114027968
17.4,22.1,0.5604686356149273,0.5617692030835671
17.35,22.15,0.57082439194738,0.5394147114027968
17.35,22.20000000000001,0.5433981132056603,0.5617692030835671
17.299999999999997,22.250000000000007,0.5617692030835671,0.5433981132056603
17.299999999999997,22.300000000000004,0.5394147114027968,0.57082439194738
17.200000000000003,22.4,0.57082439194738,0.5394147114027968
17.200000000000003,22.45000000000001,0.5433981132056603,0.5617692030835671
17.15,22.500000000000007,0.5617692030835671,0.5394147114027968
17.15,22.550000000000004,0.5394147114027968,0.5617692030835671
17.1,22.6,0.5617692030835671,0.5433981132056603
17.1,22.65,0.5394147114027968,0.57082439194738
17.0,22.750000000000007,0.57082439194738,0.5394147114027968
17.0,22.800000000000004,0.5433981132056603,0.5617692030835671
16.950000000000003,22.85,0.5617692030835671,0.5433981132056603
16.950000000000003,22.900000000000013,0.5394147114027968,0.57082439194738
16.85,23.000000000000007,0.5848857801796105,0.5433981132056603
16.85,23.050000000000004,0.5604686356149273,0.5656603957913984
16.799999999999997,23.1,0.57082439194738,0.5394147114027968
16.799999999999997,23.150000000000013,0.5433981132056603,0.5617692030835671
16.75,23.20000000000001,0.5617692030835671,0.5433981132056603
16.75,23.250000000000007,0.5394147114027968,0.57082439194738
16.65,23.35,0.57082439194738,0.5394147114027968
16.65,23.400000000000013,0.5433981132056603,0.5617692030835671
16.6,23.45000000000001,0.5617692030835671,0.5433981132056603
16.6,23.500000000000007,0.5394147114027968,0.57082439194738
16.5,23.6,0.5848857801796105,0.5394147114027968
16.5,23.650000000000013,0.5604686356149273,0.5617692030835671
16.450000000000003,23.70000000000001,0.57082439194738,0.5433981132056603
16.450000000000003,23.750000000000007,0.5433981132056603,0.57082439194738
16.35,23.85,0.5848857801796105,0.5394147114027968
16.35,23.900000000000013,0.5604686356149273,0.5617692030835671
16.299999999999997,23.95000000000001,0.57082439194738,0.5394147114027968
16.299999999999997,24.000000000000007,0.5433981132056603,0.5617692030835671
16.25,24.050000000000004,0.5617692030835671,0.5433981132056603
16.25,24.1,0.5394147114027968,0.57082439194738
16.15,24.20000000000001,0.5848857801796105,0.5394147114027968
16.15,24.250000000000007,0.5604686356149273,0.5617692030835671
16.1,24.300000000000004,0.57082439194738,0.5433981132056603
16.1,24.35,0.5433981132056603,0.57082439194738
16.0,24.45000000000001,0.5848857801796105,0.5433981132056603
16.0,24.500000000000007,0.5617692030835671,0.57082439194738
15.950000000000003,24.550000000000004,0.5848857801796105,0.5486832980505139
15.950000000000003,24.6,0.5604686356149273,0.5656603957913984
15.899999999999999,24.650000000000013,0.57082439194738,0.5394147114027968
15.899999999999999,24.70000000000001,0.5433981132056603,0.5617692030835671
15.850000000000001,24.750000000000007,0.5617692030835671,0.5433981132056603
15.850000000000001,24.800000000000004,0.5394147114027968,0.57082439194738
15.75,24.900000000000013,0.5848857801796105,0.5394147114027968
15.75,24.95000000000001,0.5604686356149273,0.5617692030835671
15.700000000000003,25.000000000000007,0.57082439194738,0.5394147114027968
15.700000000000003,25.050000000000004,0.5433981132056603,0.5617692030835671
15.649999999999999,25.1,0.5617692030835671,0.5433981132056603
15.649999999999999,25.150000000000013,0.5394147114027968,0.57082439194738
15.549999999999997,25.250000000000007,0.57082439194738,0.5394147114027968
15.549999999999997,25.300000000000004,0.5433981132056603,0.5617692030835671
15.5,25.35,0.5617692030835671,0.5433981132056603
15.5,25.400000000000013,0.5394147114027968,0.57082439194738
15.399999999999999,25.500000000000007,0.5848857801796105,0.5394147114027968
15.399999999999999,25.550000000000004,0.5604686356149273,0.5617692030835671
15.350000000000001,25.6,0.57082439194738,0.5394147114027968
15.350000000000001,25.650000000000013,0.5433981132056603,0.5617692030835671
15.299999999999997,25.70000000000001,0.5617692030835671,0.5433981132056603
15.299999999999997,25.750000000000007,0.5394147114027968,0.57082439194738
15.200000000000003,25.85,0.5848857801796105,0.5394147114027968
15.200000000000003,25.900000000000013,0.5604686356149273,0.5617692030835671
15.149999999999999,25.95000000000001,0.57082439194738,0.5394147114027968
15.149999999999999,26.000000000000007,0.5433981132056603,0.5617692030835671
15.100000000000001,26.050000000000004,0.5617692030835671,0.5433981132056603
15.100000000000001,26.1,0.5394147114027968,0.57082439194738
15.0,26.20000000000001,0.5848857801796105,0.5394147114027968
15.0,26.250000000000007,0.5604686356149273,0.5617692030835671
14.950000000000003,26.300000000000004,0.57082439194738,0.5433981132056603
14.950000000000003,26.35,0.5433981132056603,0.57082439194738
14.850000000000001,26.45000000000001,0.5848857801796105,0.5394147114027968
14.850000000000001,26.500000000000007,0.5604686356149273,0.5617692030835671
14.799999999999997,26.550000000000004,0.57082439194738,0.5394147114027968
14.799999999999997,26.6,0.5433981132056603,0.5617692030835671
14.75,26.650000000000013,0.5617692030835671,0.5433981132056603
14.75,26.70000000000001,0.5394147114027968,0.57082439194738
14.649999999999999,26.800000000000004,0.5848857801796105,0.5394147114027968
14.649999999999999,26.85,0.5604686356149273,0.5617692030835671
14.600000000000001,26.900000000000013,0.57082439194738,0.5394147114027968
14.600000000000001,26.95000000000001,0.5433981132056603,0.5617692030835671
14.549999999999997,27.000000000000007,0.5617692030835671,0.5433981132056603
14.549999999999997,27.050000000000004,0.5394147114027968,0.57082439194738
14.450000000000003,27.150000000000013,0.5848857801796105,0.5394147114027968
14.450000000000003,27.20000000000001,0.5604686356149273,0.5617692030835671
14.399999999999999,27.250000000000007,0.57082439194738,0.5394147114027968
14.399999999999999,27.300000000000004,0.5433981132056603,0.5617692030835671
14.350000000000001,27.35,0.5617692030835671,0.5433981132056603
14.350000000000001,27.400000000000013,0.5394147114027968,0.57082439194738
14.25,27.500000000000007,0.5848857801796105,0.5394147114027968
14.25,27.550000000000004,0.5604686356149273,0.5617692030835671
14.200000000000003,27.6,0.57082439194738,0.5433981132056603
14.200000000000003,27.650000000000013,0.5433981132056603,0.57082439194738
14.100000000000001,27.750000000000007,0.5848857801796105,0.5394147114027968
14.100000000000001,27.800000000000004,0.5604686356149273,0.5617692030835671
14.049999999999997,27.85,0.57082439194738,0.5394147114027968
14.049999999999997,27.900000000000013,0.5433981132056603,0.5617692030835671
14.0,27.95000000000001,0.5617692030835671,0.5433981132056603
14.0,28.000000000000007,0.5394147114027968,0.57082439194738
13.899999999999999,28.1,0.5848857801796105,0.5394147114027968
13.899999999999999,28.150000000000013,0.5604686356149273,0.5617692030835671
13.850000000000001,28.20000000000001,0.57082439194738,0.5394147114027968
13.850000000000001,28.250000000000007,0.5433981132056603,0.5617692030835671
13.799999999999997,28.300000000000004,0.5617692030835671,0.5433981132056603
13.799999999999997,28.35,0.5394147114027968,0.57082439194738
13.700000000000003,28.45000000000001,0.5848857801796105,0.5394147114027968
13.700000000000003,28.500000000000007,0.5604686356149273,0.5617692030835671
13.649999999999999,28.550000000000004,0.57082439194738,0.5394147114027968
13.649999999999999,28.6,0.5433981132056603,0.5617692030835671
13.600000000000001,28.650000000000013,0.5617692030835671,0.5433981132056603
13.600000000000001,28.70000000000001,0.5394147114027968,0.57082439194738
13.5,28.800000000000004,0.57082439194738,0.5394147114027968
13.5,28.85,0.5433981132056603,0.5617692030835671
13.450000000000003,28.900000000000013,0.5617692030835671,0.5394147114027968
13.450000000000003,28.95000000000001,0.5394147114027968,0.5617692030835671
13.399999999999999,29.000000000000007,0.5617692030835671,0.5433981132056603
13.399999999999999,29.050000000000004,0.5394147114027968,0.57082439194738
13.299999999999997,29.150000000000013,0.57082439194738,0.5394147114027968
13.299999999999997,29.20000000000001,0.5433981132056603,0.5617692030835671
13.25,29.250000000000007,0.5617692030835671,0.5433981132056603
13.25,29.300000000000004,0.5394147114027968,0.57082439194738
13.149999999999999,29.400000000000013,0.5848857801796105,0.5394147114027968
13.149999999999999,29.45000000000001,0.5604686356149273,0.5617692030835671
13.100000000000001,29.500000000000007,0.57082439194738,0.5394147114027968
13.100000000000001,29.550000000000004,0.5433981132056603,0.5617692030835671
13.049999999999997,29.6,0.5617692030835671,0.5433981132056603
13.049999999999997,29.650000000000013,0.5394147114027968,0.57082439194738
12.950000000000003,29.750000000000007,0.5848857801796105,0.5394147114027968
12.950000000000003,29.800000000000004,0.5604686356149273,0.5617692030835671
12.899999999999999,29.85,0.57082439194738,0.5394147114027968
12.899999999999999,29.900000000000013,0.5433981132056603,0.5617692030835671
12.850000000000001,29.95000000000001,0.5617692030835671,0.5433981132056603
12.850000000000001,30.000000000000007,0.5394147114027968,0.57082439194738
12.75,30.1,0.5848857801796105,0.5394147114027968
12.75,30.150000000000013,0.5604686356149273,0.5617692030835671
12.700000000000003,30.20000000000001,0.57082439194738,0.5394147114027968
12.700000000000003,30.250000000000007,0.5433981132056603,0.5617692030835671
12.649999999999999,30.300000000000004,0.5617692030835671,0.5433981132056603
12.649999999999999,30.35,0.5394147114027968,0.57082439194738
12.549999999999997,30.45000000000001,0.57082439194738,0.5394147114027968
12.549999999999997,30.500000000000007,0.5433981132056603,0.5617692030835671
12.5,30.550000000000004,0.5604686356149273,0.5433981132056603
12.5,30.6,0.5300537618869138,0.57082439194738
12.399999999999999,30.70000000000001,0.5604686356149273,0.5433981132056603
12.399999999999999,30.750000000000007,0.5300537618869138,0.57082439194738
12.25,30.900000000000013,0.5848857801796105,0.5394147114027968
12.25,30.95000000000001,0.5604686356149273,0.5617692030835671
12.200000000000003,31.000000000000007,0.57082439194738,0.5433981132056603
12.200000000000003,31.050000000000004,0.5433981132056603,0.57082439194738
12.100000000000001,31.150000000000013,0.57082439194738,0.5433981132056603
12.100000000000001,31.20000000000001,0.5433981132056603,0.57082439194738
12.0,31.300000000000004,0.5848857801796105,0.5433981132056603
12.0,31.35,0.5604686356149273,0.57082439194738
11.899999999999999,31.45000000000001,0.5861541461658011,0.55524865872714
11.899999999999999,31.500000000000007,0.5604686356149273,0.5861541461658011
11.799999999999997,31.6,0.5861541461658011,0.5604686356149273
11.799999999999997,31.650000000000013,0.5617692030835671,0.5848857801796105
11.75,31.70000000000001,0.5848857801796105,0.5617692030835671
11.75,31.750000000000007,0.5604686356149273,0.5861541461658011
11.649999999999999,31.85,0.5861541461658011,0.5604686356149273
11.649999999999999,31.900000000000013,0.5604686356149273,0.5861541461658011
11.549999999999997,32.00000000000001,0.5861541461658011,0.5604686356149273
11.549999999999997,32.050000000000004,0.5604686356149273,0.5861541461658011
11.450000000000003,32.15000000000001,0.5861541461658011,0.5604686356149273
11.450000000000003,32.20000000000001,0.5604686356149273,0.5861541461658011
11.350000000000001,32.300000000000004,0.5861541461658011,0.5604686356149273
11.350000000000001,32.35,0.5604686356149273,0.5861541461658011
11.25,32.45000000000001,0.5861541461658011,0.5604686356149273
11.25,32.50000000000001,0.55524865872714,0.5861541461658011
11.149999999999999,32.6,0.57082439194738,0.5604686356149273
11.149999999999999,32.65000000000001,0.5433981132056603,0.5861541461658011
11.049999999999997,32.75000000000001,0.57082439194738,0.5604686356149273
11.049999999999997,32.800000000000004,0.5433981132056603,0.5861541461658011
10.950000000000003,32.90000000000001,0.57082439194738,0.5604686356149273
10.950000000000003,32.95000000000001,0.5433981132056603,0.5861541461658011
10.850000000000001,33.050000000000004,0.57082439194738,0.5604686356149273
10.850000000000001,33.1,0.5433981132056603,0.5861541461658011
10.75,33.20000000000001,0.57082439194738,0.5604686356149273
10.75,33.25000000000001,0.5433981132056603,0.5861541461658011
10.649999999999999,33.35,0.57082439194738,0.5604686356149273
10.649999999999999,33.40000000000001,0.5433981132056603,0.5861541461658011
10.5,33.550000000000004,0.57082439194738,0.5433981132056603
10.5,33.6,0.5433981132056603,0.57082439194738
10.399999999999999,33.70000000000001,0.57082439194738,0.5433981132056603
10.399999999999999,33.75000000000001,0.5433981132056603,0.57082439194738
10.299999999999997,33.85,0.57082439194738,0.5433981132056603
10.299999999999997,33.90000000000001,0.5433981132056603,0.57082439194738
10.200000000000003,34.00000000000001,0.57082439194738,0.5394147114027968
10.200000000000003,34.050000000000004,0.5433981132056603,0.5617692030835671
10.149999999999999,34.1,0.5604686356149273,0.5433981132056603
10.149999999999999,34.15000000000001,0.5300537618869138,0.57082439194738
10.0,34.300000000000004,0.5604686356149273,0.5300537618869138
10.0,34.35,0.5300537618869138,0.5604686356149273
9.899999999999999,34.45000000000001,0.5604686356149273,0.5300537618869138
9.899999999999999,34.50000000000001,0.5300537618869138,0.5604686356149273
9.799999999999997,34.6,0.5604686356149273,0.5394147114027968
9.799999999999997,34.65000000000001,0.5300537618869138,0.5617692030835671
9.700000000000003,34.75000000000001,0.5604686356149273,0.5300537618869138
9.700000000000003,34.800000000000004,0.5300537618869138,0.5604686356149273
9.600000000000001,34.90000000000001,0.5604686356149273,0.5300537618869138
9.600000000000001,34.95000000000001,0.5300537618869138,0.5604686356149273
9.5,35.050000000000004,0.5604686356149273,0.5433981132056603
9.5,35.1,0.5300537618869138,0.57082439194738
9.350000000000001,35.25000000000001,0.5604686356149273,0.5300537618869138
9.350000000000001,35.300000000000004,0.5300537618869138,0.5604686356149273
9.25,35.40000000000001,0.5604686356149273,0.5433981132056603
9.25,35.45000000000001,0.5300537618869138,0.57082439194738
9.100000000000001,35.6,0.57082439194738,0.5433981132056603
9.100000000000001,35.65000000000001,0.5433981132056603,0.57082439194738
9.0,35.75000000000001,0.57082439194738,0.55524865872714
9.0,35.800000000000004,0.5433981132056603,0.5861541461658011
8.899999999999999,35.90000000000001,0.57082439194738,0.5604686356149273
8.899999999999999,35.95000000000001,0.5433981132056603,0.5861541461658011
8.75,36.1,0.57082439194738,0.55524865872714
8.75,36.15000000000001,0.5433981132056603,0.5861541461658011
8.600000000000001,36.300000000000004,0.57082439194738,0.5433981132056603
8.600000000000001,36.35,0.5433981132056603,0.57082439194738
8.5,36.45000000000001,0.57082439194738,0.55524865872714
8.5,36.50000000000001,0.5433981132056603,0.5861541461658011
8.350000000000001,36.65000000000001,0.57082439194738,0.5433981132056603
8.350000000000001,36.70000000000001,0.5433981132056603,0.57082439194738
8.200000000000003,36.85,0.57082439194738,0.5433981132056603
8.200000000000003,36.90000000000001,0.5433981132056603,0.57082439194738
8.100000000000001,37.00000000000001,0.57082439194738,0.55524865872714
8.100000000000001,37.050000000000004,0.5433981132056603,0.5861541461658011
7.950000000000003,37.20000000000001,0.57082439194738,0.5433981132056603
7.950000000000003,37.25000000000001,0.5433981132056603,0.57082439194738
7.799999999999997,37.40000000000001,0.57082439194738,0.5433981132056603
7.799999999999997,37.45000000000001,0.5433981132056603,0.57082439194738
7.700000000000003,37.550000000000004,0.57082439194738,0.5433981132056603
7.700000000000003,37.6,0.5433981132056603,0.57082439194738
7.549999999999997,37.75000000000001,0.57082439194738,0.5433981132056603
7.549999999999997,37.800000000000004,0.5433981132056603,0.57082439194738
7.399999999999999,37.95000000000001,0.57082439194738,0.5433981132056603
7.399999999999999,38.00000000000001,0.5433981132056603,0.57082439194738
7.299999999999997,38.1,0.57082439194738,0.5433981132056603
7.299999999999997,38.15000000000001,0.5433981132056603,0.57082439194738
7.149999999999999,38.300000000000004,0.57082439194738,0.5433981132056603
7.149999999999999,38.35,0.5433981132056603,0.57082439194738
7.049999999999997,38.45000000000001,0.5604686356149273,0.5433981132056603
7.049999999999997,38.50000000000001,0.5300537618869138,0.57082439194738
6.899999999999999,38.65000000000001,0.57082439194738,0.5433981132056603
6.899999999999999,38.70000000000001,0.5433981132056603,0.57082439194738
6.799999999999997,38.800000000000004,0.5604686356149273,0.5433981132056603
6.799999999999997,38.85,0.5300537618869138,0.57082439194738
6.649999999999999,39.00000000000001,0.57082439194738,0.5433981132056603
6.649999999999999,39.050000000000004,0.5433981132056603,0.57082439194738
6.5,39.20000000000001,0.57082439194738,0.5433981132056603
6.5,39.25000000000001,0.5433981132056603,0.57082439194738
6.399999999999999,39.35,0.5604686356149273,0.5433981132056603
6.399999999999999,39.40000000000001,0.5300537618869138,0.57082439194738
6.25,39.550000000000004,0.57082439194738,0.5433981132056603
6.25,39.6,0.5433981132056603,0.57082439194738
6.149999999999999,39.70000000000001,0.5604686356149273,0.5433981132056603
6.149999999999999,39.75000000000001,0.5300537618869138,0.57082439194738
6.0,39.90000000000001,0.57082439194738,0.5433981132056603
6.0,39.95000000000001,0.5433981132056603,0.57082439194738
5.899999999999999,40.050000000000004,0.5604686356149273,0.5433981132056603
5.899999999999999,40.1,0.5300537618869138,0.57082439194738
5.75,40.25000000000001,0.57082439194738,0.5433981132056603
5.75,40.300000000000004,0.5433981132056603,0.57082439194738
5.649999999999999,40.40000000000001,0.5604686356149273,0.5433981132056603
5.649999999999999,40.45000000000001,0.5300537618869138,0.57082439194738
5.5,40.6,0.57082439194738,0.5433981132056603
5.5,40.65000000000001,0.5433981132056603,0.57082439194738
5.399999999999999,40.75000000000001,0.57082439194738,0.5433981132056603
5.399999999999999,40.800000000000004,0.5433981132056603,0.57082439194738
5.25,40.95000000000001,0.57082439194738,0.5433981132056603
5.25,41.00000000000001,0.5433981132056603,0.57082439194738
5.149999999999999,41.1,0.57082439194738,0.5433981132056603
5.149999999999999,41.15000000000001,0.5433981132056603,0.57082439194738
5.049999999999997,41.25000000000001,0.57082439194738,0.5433981132056603
5.049999999999997,41.300000000000004,0.5433981132056603,0.57082439194738
4.950000000000003,41.40000000000001,0.57082439194738,0.55524865872714
4.950000000000003,41.45000000000001,0.5433981132056603,0.5861541461658011
4.799999999999997,41.6,0.57082439194738,0.5433981132056603
4.799999999999997,41.65000000000001,0.5433981132056603,0.57082439194738
4.649999999999999,41.800000000000004,0.57082439194738,0.5433981132056603
4.649999999999999,41.85,0.5433981132056603,0.57082439194738
3.8999999999999986,42.6,0.5300537618869138,0.57082439194738
3.8500000000000014,42.6,0.5604686356149273,0.5433981132056603
3.799999999999997,42.65000000000001,0.5394147114027968,0.5604686356149273
3.75,42.65000000000001,0.5617692030835671,0.5300537618869138
3.6499999999999986,42.75000000000001,0.5300537618869138,0.5617692030835671
3.6000000000000014,42.75000000000001,0.5604686356149273,0.5394147114027968
3.549999999999997,42.800000000000004,0.5394147114027968,0.5617692030835671
3.5,42.800000000000004,0.5617692030835671,0.5394147114027968
3.450000000000003,42.85,0.5394147114027968,0.5617692030835671
3.3999999999999986,42.85,0.5617692030835671,0.5394147114027968
3.3500000000000014,42.90000000000001,0.5394147114027968,0.5656603957913984
3.25,42.90000000000001,0.57082439194738,0.5340770846134703
3.200000000000003,42.95000000000001,0.5340770846134703,0.5656603957913984
3.1000000000000014,42.95000000000001,0.5617692030835671,0.5340770846134703
3.049999999999997,43.00000000000001,0.5219544457292887,0.57082439194738
2.3999999999999986,43.00000000000001,0.512414379544733,0.57082439194738
2.3500000000000014,42.95000000000001,0.55524865872714,0.5340770846134703
2.25,42.95000000000001,0.5486832980505139,0.5617692030835671
2.200000000000003,42.90000000000001,0.582344135219425,0.5219544457292887
2.1000000000000014,42.90000000000001,0.5394147114027968,0.5486832980505139
2.049999999999997,42.85,0.5656603957913984,0.5192388155425117
1.9500000000000028,42.85,0.5340770846134703,0.5617692030835671
1.8999999999999986,42.800000000000004,0.5617692030835671,0.5394147114027968
1.8500000000000014,42.800000000000004,0.5394147114027968,0.5617692030835671
1.7999999999999972,42.75000000000001,0.5617692030835671,0.5394147114027968
1.75,42.75000000000001,0.5394147114027968,0.5617692030835671
1.7000000000000028,42.70000000000001,0.5617692030835671,0.5433981132056603
1.6499999999999986,42.70000000000001,0.5394147114027968,0.57082439194738
1.5499999999999972,42.6,0.57082439194738,0.55524865872714
1.5,42.6,0.5433981132056603,0.5861541461658011
1.2999999999999972,42.40000000000001,0.5861541461658011,0.5545941546018393
1.25,42.40000000000001,0.5545941546018393,0.5899494936611666
0.7999999999999972,41.95000000000001,0.5545941546018393,0.5899494936611666
0.7999999999999972,41.90000000000001,0.5861541461658011,0.55524865872714
0.6499999999999986,41.75000000000001,0.5433981132056603,0.5861541461658011
0.6499999999999986,41.70000000000001,0.57082439194738,0.5545941546018393
0.5,41.550000000000004,0.5300537618869138,0.57082439194738
0.5,41.50000000000001,0.5604686356149273,0.5433981132056603
0.3999999999999986,41.40000000000001,0.5433981132056603,0.57082439194738
0.3999999999999986,41.35,0.57082439194738,0.5433981132056603
0.29999999999999716,41.25000000000001,0.5433981132056603,0.57082439194738
0.29999999999999716,41.20000000000001,0.57082439194738,0.5433981132056603
0.20000000000000284,41.1,0.5433981132056603,0.57082439194738
0.20000000000000284,41.050000000000004,0.57082439194738,0.5433981132056603
0.10000000000000142,40.95000000000001,0.5433981132056603,0.57082439194738
0.10000000000000142,40.90000000000001,0.57082439194738,0.5433981132056603
0.0,40.800000000000004,0.55524865872714,0.57082439194738
0.0,40.75000000000001,0.5848857801796105,0.5433981132056603
-0.10000000000000142,40.65000000000001,0.5433981132056603,0.57082439194738
-0.10000000000000142,40.6,0.57082439194738,0.5433981132056603
-0.14999999999999858,40.550000000000004,0.5604686356149273,0.5617692030835671
-0.14999999999999858,40.50000000000001,0.5848857801796105,0.5394147114027968
-0.25,40.40000000000001,0.5394147114027968,0.57082439194738
-0.25,40.35,0.5617692030835671,0.5433981132056603
-0.29999999999999716,40.300000000000004,0.5433981132056603,0.5617692030835671
-0.29999999999999716,40.25000000000001,0.57082439194738,0.5394147114027968
-0.3999999999999986,40.15000000000001,0.5394147114027968,0.57082439194738
-0.3999999999999986,40.1,0.5617692030835671,0.5433981132056603
-0.45000000000000284,40.050000000000004,0.5433981132056603,0.5617692030835671
-0.45000000000000284,40.00000000000001,0.57082439194738,0.5394147114027968
-0.5,39.95000000000001,0.5604686356149273,0.5617692030835671
-0.5,39.90000000000001,0.5848857801796105,0.5394147114027968
-0.6000000000000014,39.800000000000004,0.5433981132056603,0.57082439194738
-0.6000000000000014,39.75000000000001,0.57082439194738,0.5433981132056603
-0.6499999999999986,39.70000000000001,0.5604686356149273,0.5617692030835671
-0.6499999999999986,39.65000000000001,0.5848857801796105,0.5394147114027968
-0.75,39.550000000000004,0.5394147114027968,0.57082439194738
-0.75,39.50000000000001,0.5617692030835671,0.5433981132056603
-0.7999999999999972,39.45000000000001,0.5433981132056603,0.5617692030835671
-0.7999999999999972,39.40000000000001,0.57082439194738,0.5394147114027968
-0.8999999999999986,39.300000000000004,0.5394147114027968,0.57082439194738
-0.8999999999999986,39.25000000000001,0.5617692030835671,0.5433981132056603
-0.9500000000000028,39.20000000000001,0.5433981132056603,0.5617692030835671
-0.9500000000000028,39.15000000000001,0.57082439194738,0.5394147114027968
-1.0,39.1,0.5604686356149273,0.5617692030835671
-1.0,39.050000000000004,0.5848857801796105,0.5394147114027968
-1.1000000000000014,38.95000000000001,0.5433981132056603,0.57082439194738
-1.1000000000000014,38.90000000000001,0.57082439194738,0.5433981132056603
-1.25,38.75000000000001,0.5300537618869138,0.57082439194738
-1.25,38.70000000000001,0.5604686356149273,0.5433981132056603
-1.3500000000000014,38.6,0.5300537618869138,0.5604686356149273
-1.3500000000000014,38.550000000000004,0.5604686356149273,0.5300537618869138
-1.5,38.40000000000001,0.5219544457292887,0.57082439194738
-1.5,38.35,0.55524865872714,0.5433981132056603
-1.6000000000000014,38.25000000000001,0.5433981132056603,0.57082439194738
-1.6000000000000014,38.20000000000001,0.57082439194738,0.5433981132056603
-1.75,38.050000000000004,0.5433981132056603,0.5861541461658011
-1.75,38.00000000000001,0.57082439194738,0.5604686356149273
-1.8999999999999986,37.85,0.5545941546018393,0.5899494936611666
-1.8999999999999986,37.800000000000004,0.5861541461658011,0.5545941546018393
-2.1499999999999986,37.550000000000004,0.5545941546018393,0.5899494936611666
-2.1499999999999986,37.50000000000001,0.5899494936611666,0.5545941546018393
-2.299999999999997,37.35,0.5899494936611666,0.5545941546018393
-2.3500000000000014,37.35,0.5545941546018393,0.5899494936611666
-2.5500000000000043,37.15000000000001,0.5861541461658011,0.55524865872714
-2.6000000000000014,37.15000000000001,0.5604686356149273,0.5848857801796105
-2.6499999999999986,37.1,0.57082439194738,0.5617692030835671
-2.700000000000003,37.1,0.5433981132056603,0.5848857801796105
-2.8000000000000043,37.00000000000001,0.5848857801796105,0.5394147114027968
-2.8500000000000014,37.00000000000001,0.5617692030835671,0.5617692030835671
-2.8999999999999986,36.95000000000001,0.5848857801796105,0.5394147114027968
-3.0,36.95000000000001,0.5486832980505139,0.582344135219425
-3.0500000000000043,36.90000000000001,0.582344135219425,0.5486832980505139
-3.200000000000003,36.90000000000001,0.5340770846134703,0.582344135219425
-3.25,36.85,0.57082439194738,0.5486832980505139
-3.450000000000003,36.85,0.5340770846134703,0.5962429422585638
-3.5,36.800000000000004,0.57082439194738,0.5513148795220223
-3.700000000000003,36.800000000000004,0.5340770846134703,0.582344135219425
-3.75,36.75000000000001,0.57082439194738,0.5486832980505139
-5.300000000000004,36.75000000000001,0.5962429422585638,0.5617692030835671
-5.350000000000001,36.800000000000004,0.55524865872714,0.604987562112089
-5.550000000000004,36.800000000000004,0.5962429422585638,0.5486832980505139
-5.600000000000001,36.85,0.5617692030835671,0.582344135219425
-5.700000000000003,36.85,0.582344135219425,0.5617692030835671
-5.75,36.90000000000001,0.5486832980505139,0.5962429422585638
-5.850000000000001,36.90000000000001,0.5848857801796105,0.5617692030835671
-5.899999999999999,36.95000000000001,0.5617692030835671,0.5848857801796105
-5.950000000000003,36.95000000000001,0.5848857801796105,0.5617692030835671
-6.0,37.00000000000001,0.5617692030835671,0.5848857801796105
-6.050000000000004,37.00000000000001,0.5848857801796105,0.5617692030835671
-6.100000000000001,37.050000000000004,0.5617692030835671,0.5848857801796105
-6.149999999999999,37.050000000000004,0.5848857801796105,0.5656603957913984
-6.200000000000003,37.1,0.5617692030835671,0.5962429422585638
-6.25,37.1,0.5848857801796105,0.57082439194738
-6.300000000000004,37.15000000000001,0.5617692030835671,0.5861541461658011
-6.350000000000001,37.15000000000001,0.5848857801796105,0.5617692030835671
-6.399999999999999,37.20000000000001,0.5617692030835671,0.5848857801796105
-6.450000000000003,37.20000000000001,0.5861541461658011,0.5604686356149273
-6.600000000000001,37.35,0.55524865872714,0.6000000000000001
-6.649999999999999,37.35,0.5861541461658011,0.57082439194738
-6.800000000000004,37.50000000000001,0.55524865872714,0.5899494936611666
-6.850000000000001,37.50000000000001,0.5899494936611666,0.55524865872714
-7.25,37.90000000000001,0.6000000000000001,0.5861541461658011
-7.25,37.95000000000001,0.57082439194738,0.6124228365658294
-7.399999999999999,38.1,0.6000000000000001,0.5848857801796105
-7.399999999999999,38.15000000000001,0.57082439194738,0.6062305898749054
-7.5,38.25000000000001,0.6000000000000001,0.57082439194738
-7.5,38.300000000000004,0.57082439194738,0.6000000000000001
-7.600000000000001,38.40000000000001,0.6062305898749054,0.5848857801796105
-7.600000000000001,38.45000000000001,0.5848857801796105,0.6062305898749054
-7.649999999999999,38.50000000000001,0.6124228365658294,0.5861541461658011
-7.649999999999999,38.550000000000004,0.5962429422585638,0.6124228365658294
-7.700000000000003,38.6,0.6295630140987001,0.5848857801796105
-7.700000000000003,38.65000000000001,0.6062305898749054,0.6062305898749054
-7.75,38.70000000000001,0.6307764064044152,0.5848857801796105
-7.75,38.800000000000004,0.5962429422585638,0.6295630140987001
-7.800000000000004,38.85,0.6307764064044152,0.6062305898749054
-7.800000000000004,38.95000000000001,0.5962429422585638,0.6440306508910552
-7.850000000000001,39.00000000000001,0.6307764064044152,0.604987562112089
-7.850000000000001,39.15000000000001,0.604987562112089,0.6307764064044152
-7.899999999999999,39.20000000000001,0.651189802081432,0.5962429422585638
-7.899999999999999,39.50000000000001,0.604987562112089,0.6307764064044152
-7.950000000000003,39.550000000000004,0.651189802081432,0.5962429422585638
-7.950000000000003,39.6,0.65,0.5962429422585638
-7.899999999999999,39.65000000000001,0.6012492197250394,0.6307764064044152
-7.899999999999999,40.00000000000001,0.65,0.582344135219425
-7.850000000000001,40.050000000000004,0.6000000000000001,0.6198039027185569
-7.850000000000001,40.20000000000001,0.6111874208078343,0.5962429422585638
-7.800000000000004,40.25000000000001,0.57082439194738,0.6307764064044152
-7.800000000000004,40.40000000000001,0.6111874208078343,0.582344135219425
-7.75,40.45000000000001,0.57082439194738,0.6198039027185569
-7.75,40.6,0.6124228365658294,0.5656603957913984
-7.700000000000003,40.65000000000001,0.582344135219425,0.5962429422585638
-7.700000000000003,40.75000000000001,0.6124228365658294,0.5656603957913984
-7.649999999999999,40.800000000000004,0.582344135219425,0.5962429422585638
-7.649999999999999,40.90000000000001,0.6124228365658294,0.5656603957913984
-7.600000000000001,40.95000000000001,0.5848857801796105,0.5962429422585638
-7.600000000000001,41.00000000000001,0.6062305898749054,0.582344135219425
-7.550000000000004,41.050000000000004,0.5848857801796105,0.6062305898749054
-7.550000000000004,41.1,0.6062305898749054,0.5848857801796105
-7.5,41.15000000000001,0.5848857801796105,0.6062305898749054
-7.5,41.20000000000001,0.6062305898749054,0.5848857801796105
-7.450000000000003,41.25000000000001,0.5848857801796105,0.6062305898749054
-7.450000000000003,41.300000000000004,0.6062305898749054,0.5848857801796105
-7.399999999999999,41.35,0.5848857801796105,0.6062305898749054
-7.399999999999999,41.40000000000001,0.6062305898749054,0.5848857801796105
-7.350000000000001,41.45000000000001,0.5848857801796105,0.6062305898749054
-7.350000000000001,41.50000000000001,0.6062305898749054,0.5848857801796105
-7.300000000000004,41.550000000000004,0.5848857801796105,0.6000000000000001
-7.300000000000004,41.6,0.6062305898749054,0.57082439194738
-7.200000000000003,41.70000000000001,0.5617692030835671,0.6000000000000001
-7.200000000000003,41.75000000000001,0.5861541461658011,0.57082439194738
-7.149999999999999,41.800000000000004,0.57082439194738,0.5861541461658011
-7.149999999999999,41.85,0.6000000000000001,0.5617692030835671
-7.050000000000004,41.95000000000001,0.57082439194738,0.6124228365658294
-7.050000000000004,42.00000000000001,0.6000000000000001,0.5861541461658011
-6.950000000000003,42.1,0.57082439194738,0.6124228365658294
-6.950000000000003,42.15000000000001,0.6000000000000001,0.5861541461658011
-6.850000000000001,42.25000000000001,0.57082439194738,0.6000000000000001
-6.850000000000001,42.300000000000004,0.6000000000000001,0.57082439194738
-6.700000000000003,42.45000000000001,0.5604686356149273,0.5924716620639604
-6.700000000000003,42.50000000000001,0.5861541461658011,0.5604686356149273
-6.600000000000001,42.6,0.5604686356149273,0.5861541461658011
-6.600000000000001,42.65000000000001,0.5924716620639604,0.5545941546018393
-6.399999999999999,42.85,0.5604686356149273,0.5861541461658011
-6.399999999999999,42.90000000000001,0.5924716620639604,0.55524865872714
-6.149999999999999,43.15000000000001,0.5604686356149273,0.5924716620639604
-6.149999999999999,43.20000000000001,0.5924716620639604,0.5604686356149273
-5.899999999999999,43.45000000000001,0.5604686356149273,0.5924716620639604
-5.899999999999999,43.50000000000001,0.5924716620639604,0.5604686356149273
-5.649999999999999,43.75000000000001,0.5604686356149273,0.5899494936611666
-5.649999999999999,43.800000000000004,0.5924716620639604,0.55524865872714
-5.399999999999999,44.050000000000004,0.5604686356149273,0.5899494936611666
-5.399999999999999,44.1,0.5924716620639604,0.5545941546018393
-5.149999999999999,44.35,0.5604686356149273,0.5899494936611666
-5.149999999999999,44.40000000000001,0.5924716620639604,0.55524865872714
-4.899999999999999,44.65000000000001,0.5604686356149273,0.5899494936611666
-4.899999999999999,44.70000000000001,0.5924716620639604,0.55524865872714
-4.649999999999999,44.95000000000001,0.5604686356149273,0.5899494936611666
-4.649999999999999,45.00000000000001,0.5924716620639604,0.5545941546018393
-4.350000000000001,45.300000000000004,0.5604686356149273,0.5899494936611666
-4.350000000000001,45.35,0.5924716620639604,0.55524865872714
-3.950000000000003,45.75000000000001,0.57082439194738,0.6000000000000001
-3.950000000000003,45.800000000000004,0.6000000000000001,0.57082439194738
-3.5,46.25000000000001,0.5604686356149273,0.5899494936611666
-3.5,46.300000000000004,0.5924716620639604,0.5545941546018393
-3.0500000000000043,46.75000000000001,0.5604686356149273,0.5899494936611666
-3.0500000000000043,46.800000000000004,0.5924716620639604,0.5545941546018393
-2.0,47.85,0.6000000000000001,0.5861541461658011
-1.9500000000000028,47.85,0.57082439194738,0.6124228365658294
-1.5,48.300000000000004,0.5924716620639604,0.5604686356149273
-1.4500000000000028,48.300000000000004,0.5604686356149273,0.5924716620639604
-0.9500000000000028,48.800000000000004,0.5924716620639604,0.5545941546018393
-0.8999999999999986,48.800000000000004,0.5604686356149273,0.5861541461658011
-0.7000000000000028,49.00000000000001,0.5899494936611666,0.5545941546018393
-0.6499999999999986,49.00000000000001,0.5545941546018393,0.5861541461658011
-0.29999999999999716,49.35,0.57082439194738,0.5545941546018393
-0.25,49.35,0.5433981132056603,0.5861541461658011
0.04999999999999716,49.65000000000001,0.5899494936611666,0.5545941546018393
0.10000000000000142,49.65000000000001,0.55524865872714,0.5861541461658011
0.29999999999999716,49.85,0.5924716620639604,0.5545941546018393
0.3500000000000014,49.85,0.5604686356149273,0.5899494936611666
0.5,50.00000000000001,0.5924716620639604,0.57082439194738
0.5499999999999972,50.00000000000001,0.5604686356149273,0.6000000000000001
0.7000000000000028,50.15000000000001,0.5924716620639604,0.5604686356149273
0.75,50.15000000000001,0.5604686356149273,0.5924716620639604
0.8999999999999986,50.300000000000004,0.5924716620639604,0.5604686356149273
0.9500000000000028,50.300000000000004,0.5604686356149273,0.5924716620639604
1.1000000000000014,50.45000000000001,0.5899494936611666,0.5604686356149273
1.1499999999999986,50.45000000000001,0.55524865872714,0.5861541461658011
1.2999999999999972,50.6,0.5861541461658011,0.55524865872714
1.3500000000000014,50.6,0.5604686356149273,0.5848857801796105
1.3999999999999986,50.65000000000001,0.57082439194738,0.5617692030835671
1.4500000000000028,50.65000000000001,0.5433981132056603,0.5861541461658011
1.6499999999999986,50.85,0.57082439194738,0.5433981132056603
1.7000000000000028,50.85,0.5433981132056603,0.57082439194738
1.7999999999999972,50.95000000000001,0.5604686356149273,0.5433981132056603
1.8500000000000014,50.95000000000001,0.5300537618869138,0.57082439194738
2.0,51.1,0.5604686356149273,0.5433981132056603
2.049999999999997,51.1,0.5300537618869138,0.57082439194738
2.200000000000003,51.25000000000001,0.5604686356149273,0.5394147114027968
2.25,51.25000000000001,0.5300537618869138,0.5617692030835671
2.3500000000000014,51.35,0.5617692030835671,0.5300537618869138
2.3999999999999986,51.35,0.5394147114027968,0.5604686356149273
2.5,51.45000000000001,0.5848857801796105,0.5433981132056603
2.549999999999997,51.45000000000001,0.5604686356149273,0.57082439194738
2.6499999999999986,51.550000000000004,0.5861541461658011,0.55524865872714
2.700000000000003,51.550000000000004,0.5604686356149273,0.5861541461658011
2.799999999999997,51.65000000000001,0.5861541461658011,0.5604686356149273
2.8500000000000014,51.65000000000001,0.5617692030835671,0.5861541461658011
2.8999999999999986,51.70000000000001,0.5848857801796105,0.57082439194738
2.950000000000003,51.70000000000001,0.5604686356149273,0.6000000000000001
3.049999999999997,51.800000000000004,0.5861541461658011,0.5617692030835671
3.1000000000000014,51.800000000000004,0.5617692030835671,0.5861541461658011
3.1499999999999986,51.85,0.5848857801796105,0.57082439194738
3.200000000000003,51.85,0.5604686356149273,0.6000000000000001
3.299999999999997,51.95000000000001,0.5861541461658011,0.5617692030835671
3.3500000000000014,51.95000000000001,0.5617692030835671,0.5848857801796105
3.3999999999999986,52.00000000000001,0.5848857801796105,0.5617692030835671
3.450000000000003,52.00000000000001,0.5604686356149273,0.5848857801796105
3.5,52.050000000000004,0.57082439194738,0.5617692030835671
3.549999999999997,52.050000000000004,0.5433981132056603,0.5861541461658011
3.6499999999999986,52.15000000000001,0.5848857801796105,0.5604686356149273
3.700000000000003,52.15000000000001,0.5604686356149273,0.5848857801796105
3.75,52.20000000000001,0.57082439194738,0.5617692030835671
3.799999999999997,52.20000000000001,0.5433981132056603,0.5848857801796105
3.8999999999999986,52.300000000000004,0.5848857801796105,0.5394147114027968
4.0,52.300000000000004,0.5486832980505139,0.5848857801796105
4.049999999999997,52.35,0.582344135219425,0.5617692030835671
4.100000000000001,52.35,0.5617692030835671,0.5848857801796105
4.149999999999999,52.40000000000001,0.5848857801796105,0.5617692030835671
4.200000000000003,52.40000000000001,0.5617692030835671,0.5848857801796105
4.25,52.45000000000001,0.5848857801796105,0.5617692030835671
4.299999999999997,52.45000000000001,0.5617692030835671,0.5848857801796105
4.350000000000001,52.50000000000001,0.5848857801796105,0.5617692030835671
4.399999999999999,52.50000000000001,0.5617692030835671,0.5848857801796105
4.450000000000003,52.550000000000004,0.5848857801796105,0.5617692030835671
4.5,52.550000000000004,0.5656603957913984,0.5861541461658011
4.549999999999997,52.6,0.5962429422585638,0.57082439194738
4.600000000000001,52.6,0.582344135219425,0.6000000000000001
4.649999999999999,52.65000000000001,0.6062305898749054,0.582344135219425
4.700000000000003,52.65000000000001,0.5848857801796105,0.5962429422585638
4.75,52.70000000000001,0.6062305898749054,0.5656603957913984
4.850000000000001,52.70000000000001,0.5617692030835671,0.5962429422585638
4.899999999999999,52.75000000000001,0.5848857801796105,0.5656603957913984
4.950000000000003,52.75000000000001,0.5656603957913984,0.582344135219425
5.0,52.800000000000004,0.5962429422585638,0.5486832980505139
5.100000000000001,52.800000000000004,0.5656603957913984,0.582344135219425
5.149999999999999,52.85,0.5962429422585638,0.5486832980505139
5.25,52.85,0.5656603957913984,0.582344135219425
5.299999999999997,52.90000000000001,0.5962429422585638,0.5486832980505139
5.399999999999999,52.90000000000001,0.5656603957913984,0.582344135219425
5.450000000000003,52.95000000000001,0.5962429422585638,0.5486832980505139
5.549999999999997,52.95000000000001,0.5656603957913984,0.582344135219425
5.600000000000001,53.00000000000001,0.5962429422585638,0.5486832980505139
5.75,53.00000000000001,0.5617692030835671,0.5962429422585638
5.799999999999997,53.050000000000004,0.5962429422585638,0.5656603957913984
5.899999999999999,53.050000000000004,0.5656603957913984,0.5962429422585638
5.950000000000003,53.1,0.5962429422585638,0.5656603957913984
6.049999999999997,53.1,0.57082439194738,0.6062305898749054
6.100000000000001,53.15000000000001,0.6111874208078343,0.5848857801796105
6.200000000000003,53.15000000000001,0.6012492197250394,0.6295630140987001
6.25,53.20000000000001,0.65,0.6000000000000001
