#x_m,y_m,w_tr_right_m,w_tr_left_m
-21.899999365210533,53.60000175982714,1.9868928054501456,0.4800735355706574
-21.94999936595559,53.55000175908208,2.045551190749882,0.5433034484420096
-22.24999937042594,53.55000175908208,2.0699119263875563,0.5500000111758709
-22.299999371170998,53.50000175833702,2.1264780594935924,0.600000011920929
-22.399999372661114,53.50000175833702,2.143608363974079,0.600000011920929
-22.449999373406172,53.45000175759196,2.183799523733424,0.6500000126659871
-22.549999374896288,53.45000175759196,2.169071583398344,0.6246211374113445
-22.599999375641346,53.400001756846905,2.21298573835902,0.6631338379432997
-22.649999376386404,53.400001756846905,2.2083189516452078,0.6558621511845243
-22.699999377131462,53.35000175610185,2.25458757830292,0.7013878322977225
-22.799999378621578,53.35000175610185,2.2382371043798854,0.68600227053593
-22.849999379366636,53.30000175535679,2.273863412234033,0.7219544594674806
-22.899999380111694,53.30000175535679,2.259674811901779,0.7124143931407667
-22.99999938160181,53.20000175386667,2.3079872781688127,0.7962429571037405
-23.04999938234687,53.20000175386667,2.2884734647070046,0.7823441498574933
-23.149999383836985,53.100001752376556,2.330316223480648,0.8307764217641807
-23.199999384582043,53.100001752376556,2.3059928545705364,0.8124228516521053
-23.79999939352274,52.50000174343586,2.3927784711282443,0.8062306048689096
-23.79999939352274,52.4500017426908,2.424880988795112,0.8295630294403845
-23.899999395012856,52.350001741200686,2.3942243928715246,0.7848857948555522
-23.899999395012856,52.30000174045563,2.417728061548872,0.8062306048689096
-23.99999939650297,52.20000173896551,2.3597851853778122,0.7617692174150451
-23.99999939650297,52.15000173822045,2.370992064747255,0.7708244064137908
-24.04999939724803,52.100001737475395,2.3347584088981583,0.7340770985323035
-24.04999939724803,52.05000173673034,2.3480384992169134,0.7486833121869966
-24.099999397993088,52.00000173598528,2.310975943314401,0.7124143931407667
-24.099999397993088,51.95000173524022,2.3223996887125717,0.7219544594674806
-24.149999398738146,51.90000173449516,2.2864633888824626,0.68600227053593
-24.149999398738146,51.850001733750105,2.300000037252903,0.7013878322977225
-24.199999399483204,51.80000173300505,2.2622144871388805,0.6732124728405287
-24.199999399483204,51.75000173225999,2.273863412234033,0.68600227053593
-24.249999400228262,51.70000173151493,2.2382371043798854,0.6500000126659871
-24.249999400228262,51.600001730024815,2.2500000365078447,0.6558621511845243
-24.29999940097332,51.55000172927976,2.200520812602108,0.6139410419336518
-24.29999940097332,51.40000172704458,2.2083189516452078,0.6500000126659871
-24.349999401718378,51.350001726299524,2.1632604948346197,0.600000011920929
-24.349999401718378,51.20000172406435,2.183799523733424,0.6062257868435552
-24.399999402463436,51.15000172331929,2.143608363974079,0.5648529384361146
-24.399999402463436,51.050001721829176,2.1500000350177286,0.590569426822497
-24.449999403208494,51.00000172108412,2.1000000342726706,0.5500000111758709
-24.449999403208494,50.75000171735883,2.1135470947263926,0.5648529384361146
-24.499999403953552,50.70000171661377,2.0699119263875563,0.5280109997762609
-24.499999403953552,50.35000171139836,2.1005434483462366,0.5648529384361146
-24.54999940469861,50.300001710653305,2.0522211594717517,0.5280109997762609
-24.54999940469861,49.85000170394778,2.1000000342726706,0.590569426822497
-24.59999940544367,49.800001703202724,2.0500000335276125,0.5500000111758709
-24.59999940544367,49.40000169724226,2.0852790104585983,0.5566373087958522
-24.649999406188726,49.3500016964972,2.045551190749882,0.5158910638314256
-24.649999406188726,48.95000169053674,2.077059541277971,0.5500000111758709
-24.699999406933784,48.90000168979168,2.036068010819799,0.5017834528382981
-24.699999406933784,48.35000168159604,2.0852790104585983,0.551664830119324
-24.749999407678843,48.30000168085098,2.045551190749882,0.5071067917232597
-24.749999407678843,47.85000167414546,2.0852790104585983,0.5500000111758709
-24.7999994084239,47.8000016734004,2.045551190749882,0.5017834528382981
-24.7999994084239,47.30000166594982,2.0852790104585983,0.5500000111758709
-24.84999940916896,47.25000166520476,2.045551190749882,0.5017834528382981
-24.84999940916896,46.75000165775418,2.094558815308343,0.5500000111758709
-24.899999409914017,46.700001657009125,2.05055552052127,0.5017834528382981
-24.899999409914017,46.200001649558544,2.1048861486687014,0.590569426822497
-24.949999410659075,46.150001648813486,2.0588714332751104,0.551664830119324
-24.949999410659075,45.650001641362906,2.153720494261132,0.6544003872633107
-24.999999411404133,45.60000164061785,2.1162469988948636,0.6246211374113445
-24.999999411404133,45.35000163689256,2.1648467533160556,0.7013878322977225
-25.04999941214919,45.3000016361475,2.1286262391382382,0.6631338379432997
-25.04999941214919,45.10000163316727,2.1879908228357463,0.7192388292402375
-25.09999941289425,45.05000163242221,2.1584953181584696,0.6944272043279197
-25.09999941289425,44.95000163093209,2.19635142897277,0.7394147254011668
-25.149999413639307,44.900001630187035,2.1711811756092274,0.7178780012117388
-25.149999413639307,44.75000162795186,2.2233241993208708,0.7823441498574933
-25.199999414384365,44.7000016272068,2.19635142897277,0.7486833121869966
-25.199999414384365,44.55000162497163,2.259674811901779,0.8062306048689096
-25.249999415129423,44.50000162422657,2.2377243849747046,0.7861541608606429
-25.249999415129423,44.45000162348151,2.259674811901779,0.8124228516521053
-25.29999941587448,44.400001622736454,2.2377243849747046,0.8000000149011612
-25.29999941587448,44.350001621991396,2.259674811901779,0.8295630294403845
-25.34999941661954,44.30000162124634,2.2382371043798854,0.8124228516521053
-25.34999941661954,44.25000162050128,2.2622144871388805,0.8404326178378946
-25.399999417364597,44.20000161975622,2.2438699183864865,0.8295630294403845
-25.399999417364597,44.150001619011164,2.269817843848847,0.8511898177453807
-25.449999418109655,44.100001618266106,2.25458757830292,0.8295630294403845
-25.449999418109655,44.05000161752105,2.2824383544524953,0.8547511712034664
-25.499999418854713,44.00000161677599,2.270323902217819,0.8404326178378946
-25.499999418854713,43.95000161603093,2.300000037252903,0.8700467438965735
-25.59999942034483,43.850001614540815,2.2824383544524953,0.8606601875848896
-25.59999942034483,43.80000161379576,2.310975943314401,0.8960155271710525
-25.649999421089888,43.7500016130507,2.300000037252903,0.8960155271710525
-25.649999421089888,43.70000161230564,2.330316223480648,0.9313708667572156
-26.049999427050352,43.30000160634518,2.3102291106175716,0.9313708667572156
-26.09999942779541,43.30000160634518,2.274873771031409,0.8960155271710525
-26.249999430030584,43.15000160411,2.2789110881867614,0.9011357936854637
-26.299999430775642,43.15000160411,2.245914998173975,0.8700467438965735
-26.449999433010817,43.00000160187483,2.270323902217819,0.9101801821016996
-26.499999433755875,43.00000160187483,2.241311159525111,0.8816653987572671
-26.549999434500933,42.95000160112977,2.25458757830292,0.8965856263134644
-26.59999943524599,42.95000160112977,2.2274472549594533,0.8630145971136167
-26.64999943599105,42.90000160038471,2.241311159525111,0.8700467438965735
-26.699999436736107,42.90000160038471,2.21298573835902,0.8404326178378946
-26.749999437481165,42.850001599639654,2.2274472549594533,0.8547511712034664
-26.799999438226223,42.850001599639654,2.200520812602108,0.8295630294403845
-26.84999943897128,42.800001598894596,2.21298573835902,0.8511898177453807
-26.89999943971634,42.800001598894596,2.1853721239201267,0.8295630294403845
-26.999999441206455,42.70000159740448,2.21298573835902,0.8735455436762694
-27.049999441951513,42.70000159740448,2.1853721239201267,0.8511898177453807
-27.09999944269657,42.65000159665942,2.2010414764868993,0.8735455436762694
-27.199999444186687,42.65000159665942,2.1505318897342858,0.8295630294403845
-27.249999444931746,42.600001595914364,2.1706539535514358,0.8404326178378946
-27.34999944642186,42.600001595914364,2.1259407045818186,0.7861541608606429
-27.39999944716692,42.550001595169306,2.1505318897342858,0.8062306048689096
-27.449999447911978,42.550001595169306,2.1307724388925484,0.7848857948555522
-27.499999448657036,42.50000159442425,2.1584953181584696,0.8062306048689096
-27.64999945089221,42.50000159442425,2.1048861486687014,0.7394147254011668
-27.699999451637268,42.45000159367919,2.1307724388925484,0.7656604101808596
-27.799999453127384,42.45000159367919,2.094013983574364,0.7340770985323035
-27.849999453872442,42.40000159293413,2.1243278944690758,0.7656604101808596
-27.94999945536256,42.40000159293413,2.0847319658043313,0.7340770985323035
-27.999999456107616,42.350001592189074,2.1119256387897543,0.7656604101808596
-28.14999945834279,42.350001592189074,2.061083844611777,0.7192388292402375
-28.19999945908785,42.300001591444016,2.094013983574364,0.7486833121869966
-28.349999461323023,42.300001591444016,2.0561028681542477,0.7013878322977225
-28.39999946206808,42.25000159069896,2.094013983574364,0.7340770985323035
-28.599999465048313,42.25000159069896,2.045551190749882,0.6732124728405287
-28.64999946579337,42.2000015899539,2.0852790104585983,0.7013878322977225
-28.849999468773603,42.2000015899539,2.045551190749882,0.6381527432014595
-28.89999946951866,42.15000158920884,2.0803508841781513,0.6732124728405287
-29.099999472498894,42.15000158920884,2.03215146181662,0.6246211374113445
-29.149999473243952,42.10000158846378,2.0677081278811973,0.6631338379432997
-29.349999476224184,42.10000158846378,2.0276669741893705,0.6246211374113445
-29.399999476969242,42.050001587718725,2.0677081278811973,0.6631338379432997
-29.599999479949474,42.050001587718725,2.0276669741893705,0.6246211374113445
-29.649999480694532,42.00000158697367,2.0677081278811973,0.6631338379432997
-29.849999483674765,42.00000158697367,2.0276669741893705,0.6246211374113445
-29.899999484419823,41.95000158622861,2.0699119263875563,0.6631338379432997
-30.149999488145113,41.95000158622861,2.0276669741893705,0.6139410419336518
-30.19999948889017,41.90000158548355,2.0677081278811973,0.6558621511845243
-30.399999491870403,41.90000158548355,2.0276669741893705,0.6139410419336518
-30.44999949261546,41.85000158473849,2.0677081278811973,0.6558621511845243
-30.649999495595694,41.85000158473849,2.0276669741893705,0.6139410419336518
-30.69999949634075,41.800001583993435,2.0677081278811973,0.6558621511845243
-30.899999499320984,41.800001583993435,2.0276669741893705,0.6246211374113445
-30.949999500066042,41.75000158324838,2.0677081278811973,0.6631338379432997
-31.149999503046274,41.75000158324838,2.0276669741893705,0.6246211374113445
-31.199999503791332,41.70000158250332,2.0699119263875563,0.6631338379432997
-31.399999506771564,41.70000158250332,2.036068010819799,0.6246211374113445
-31.449999507516623,41.65000158175826,2.077059541277971,0.6631338379432997
-31.79999951273203,41.65000158175826,2.0073740383568475,0.6015609890382593
-31.849999513477087,41.6000015810132,2.045551190749882,0.6381527432014595
-32.149999517947435,41.6000015810132,1.9868928054501456,0.5762087463794127
-32.19999951869249,41.550001580268145,2.0276669741893705,0.6139410419336518
-32.49999952316284,41.550001580268145,2.000568141257559,0.590569426822497
-32.5499995239079,41.50000157952309,2.0500000335276125,0.6246211374113445
-32.899999529123306,41.50000157952309,2.00510773997866,0.5762087463794127
-32.949999529868364,41.45000157877803,2.0522211594717517,0.6139410419336518
-33.24999953433871,41.45000157877803,2.0276669741893705,0.5762087463794127
-33.29999953508377,41.40000157803297,2.0699119263875563,0.6139410419336518
-33.699999541044235,41.40000157803297,2.045551190749882,0.5566373087958522
-33.74999954178929,41.35000157728791,2.0852790104585983,0.6015609890382593
-34.04999954625964,41.35000157728791,2.0522211594717517,0.5566373087958522
-34.0999995470047,41.300001576542854,2.1005434483462366,0.6015609890382593
-34.34999955072999,41.300001576542854,2.0699119263875563,0.5648529384361146
-34.39999955147505,41.250001575797796,2.1135470947263926,0.6062257868435552
-34.64999955520034,41.250001575797796,2.1000000342726706,0.590569426822497
-34.699999555945396,41.20000157505274,2.1500000350177286,0.6246211374113445
-34.94999955967069,41.20000157505274,2.1135470947263926,0.600000011920929
-34.999999560415745,41.15000157430768,2.153720494261132,0.6381527432014595
-35.249999564141035,41.15000157430768,2.1048861486687014,0.600000011920929
-35.29999956488609,41.10000157356262,2.143608363974079,0.6381527432014595
-35.54999956861138,41.10000157356262,2.094558815308343,0.600000011920929
-35.59999956935644,41.050001572817564,2.1345235407728618,0.6381527432014595
-35.799999572336674,41.050001572817564,2.1048861486687014,0.6015609890382593
-35.84999957308173,41.000001572072506,2.143608363974079,0.6500000126659871
-35.999999575316906,41.000001572072506,2.1162469988948636,0.6139410419336518
-36.049999576061964,40.95000157132745,2.153720494261132,0.6558621511845243
-36.14999957755208,40.95000157132745,2.1345235407728618,0.6500000126659871
-36.19999957829714,40.90000157058239,2.175920909507324,0.68600227053593
-36.299999579787254,40.90000157058239,2.153720494261132,0.6631338379432997
-36.34999958053231,40.85000156983733,2.1926972584550466,0.7055385273073171
-36.44999958202243,40.85000156983733,2.171708280467491,0.7000000134110451
-36.49999958276749,40.800001569092274,2.204163091859083,0.7340770985323035
-36.5999995842576,40.800001569092274,2.1711811756092274,0.7124143931407667
-36.64999958500266,40.750001568347216,2.19635142897277,0.7486833121869966
-36.74999958649278,40.750001568347216,2.1584953181584696,0.7192388292402375
-36.799999587237835,40.70000156760216,2.1879908228357463,0.7486833121869966
-36.89999958872795,40.70000156760216,2.1563743687023496,0.7192388292402375
-36.94999958947301,40.6500015668571,2.1879908228357463,0.7486833121869966
-37.049999590963125,40.6500015668571,2.1563743687023496,0.7192388292402375
-37.09999959170818,40.60000156611204,2.1879908228357463,0.7486833121869966
-37.14999959245324,40.60000156611204,2.1711811756092274,0.7340770985323035
-37.1999995931983,40.55000156536698,2.19635142897277,0.7656604101808596
-37.24999959394336,40.55000156536698,2.1769729002205986,0.7486833121869966
-37.299999594688416,40.500001564621925,2.205202730001452,0.7823441498574933
-37.349999595433474,40.500001564621925,2.1879908228357463,0.7656604101808596
-37.39999959617853,40.45000156387687,2.21919411672939,0.7962429571037405
-37.44999959692359,40.45000156387687,2.204163091859083,0.7823441498574933
-37.49999959766865,40.40000156313181,2.235159168663883,0.8124228516521053
-37.549999598413706,40.40000156313181,2.21919411672939,0.7962429571037405
-37.599999599158764,40.35000156238675,2.252040003586089,0.8295630294403845
-37.64999959990382,40.35000156238675,2.235159168663883,0.8062306048689096
-37.74999960139394,40.250001560896635,2.269817843848847,0.8511898177453807
-37.799999602138996,40.250001560896635,2.2438699183864865,0.8295630294403845
-37.849999602884054,40.20000156015158,2.2622144871388805,0.8511898177453807
-37.89999960362911,40.20000156015158,2.2382371043798854,0.8295630294403845
-37.94999960437417,40.15000155940652,2.259674811901779,0.8511898177453807
-37.99999960511923,40.15000155940652,2.2377243849747046,0.8295630294403845
-38.049999605864286,40.10000155866146,2.259674811901779,0.8404326178378946
-38.099999606609344,40.10000155866146,2.2377243849747046,0.8124228516521053
-38.19999960809946,40.000001557171345,2.269817843848847,0.8511898177453807
-38.24999960884452,40.000001557171345,2.2438699183864865,0.8295630294403845
-38.349999610334635,39.90000155568123,2.2824383544524953,0.8735455436762694
-38.39999961107969,39.90000155568123,2.259674811901779,0.8511898177453807
-38.49999961256981,39.80000155419111,2.304495994593537,0.8700467438965735
-38.54999961331487,39.80000155419111,2.2824383544524953,0.8404326178378946
-38.69999961555004,39.65000155195594,2.330316223480648,0.8816653987572671
-38.7499996162951,39.65000155195594,2.3059928545705364,0.8547511712034664
-38.89999961853027,39.500001549720764,2.354407992952605,0.8816653987572671
-38.94999961927533,39.500001549720764,2.3223996887125717,0.8547511712034664
-39.099999621510506,39.35000154748559,2.3495097947870485,0.8816653987572671
-39.149999622255564,39.35000154748559,2.3164459439302902,0.8547511712034664
-39.24999962374568,39.250001545995474,2.330316223480648,0.8816653987572671
-39.29999962449074,39.250001545995474,2.300000037252903,0.8547511712034664
-39.49999962747097,39.05000154301524,2.340177197027697,0.8977249363623835
-39.54999962821603,39.05000154301524,2.310975943314401,0.8700467438965735
-39.84999963268638,38.75000153854489,2.354407992952605,0.9313708667572156
-39.899999633431435,38.75000153854489,2.3223996887125717,0.8960155271710525
-41.34999965503812,37.30000151693821,2.345584450203735,0.8547511712034664
-41.34999965503812,37.25000151619315,2.3806976185681785,0.8816653987572671
-41.54999965801835,37.05000151321292,2.3495097947870485,0.8547511712034664
-41.54999965801835,37.00000151246786,2.3806976185681785,0.8816653987572671
-41.74999966099858,36.80000150948763,2.3387004927868054,0.8404326178378946
-41.74999966099858,36.75000150874257,2.36563836036449,0.8700467438965735
-41.89999966323376,36.6000015065074,2.3238859304336232,0.8404326178378946
-41.89999966323376,36.55000150576234,2.351960069062137,0.8700467438965735
-42.04999966546893,36.400001503527164,2.3223996887125717,0.8404326178378946
-42.04999966546893,36.350001502782106,2.351960069062137,0.8700467438965735
-42.14999966695905,36.25000150129199,2.3238859304336232,0.8547511712034664
-42.14999966695905,36.20000150054693,2.351960069062137,0.8816653987572671
-42.29999966919422,36.05000149831176,2.3223996887125717,0.8606601875848896
-42.29999966919422,36.0000014975667,2.351960069062137,0.8960155271710525
-42.449999671429396,35.850001495331526,2.310975943314401,0.8630145971136167
-42.449999671429396,35.80000149458647,2.340177197027697,0.8965856263134644
-42.59999967366457,35.650001492351294,2.310975943314401,0.8404326178378946
-42.59999967366457,35.600001491606236,2.3387004927868054,0.8700467438965735
-42.699999675154686,35.50000149011612,2.310975943314401,0.8295630294403845
-42.699999675154686,35.45000148937106,2.3387004927868054,0.8511898177453807
-42.7999996766448,35.350001487880945,2.310975943314401,0.8124228516521053
-42.7999996766448,35.30000148713589,2.340177197027697,0.8404326178378946
-42.89999967813492,35.20000148564577,2.304495994593537,0.8062306048689096
-42.89999967813492,35.15000148490071,2.3268557913517407,0.8295630294403845
-42.949999678879976,35.100001484155655,2.304495994593537,0.8062306048689096
-42.949999678879976,35.0500014834106,2.3268557913517407,0.8295630294403845
-43.04999968037009,34.95000148192048,2.2824383544524953,0.7861541608606429
-43.04999968037009,34.90000148117542,2.304495994593537,0.8124228516521053
-43.09999968111515,34.850001480430365,2.2824383544524953,0.8000000149011612
-43.09999968111515,34.80000147968531,2.304495994593537,0.8295630294403845
-43.14999968186021,34.75000147894025,2.2824383544524953,0.8062306048689096
-43.14999968186021,34.70000147819519,2.304495994593537,0.8295630294403845
-43.19999968260527,34.65000147745013,2.2824383544524953,0.8062306048689096
-43.19999968260527,34.600001476705074,2.304495994593537,0.8295630294403845
-43.29999968409538,34.50000147521496,2.259674811901779,0.8000000149011612
-43.29999968409538,34.4500014744699,2.2824383544524953,0.8295630294403845
-43.34999968484044,34.40000147372484,2.2622144871388805,0.8062306048689096
-43.34999968484044,34.350001472979784,2.286966060147859,0.8295630294403845
-43.3999996855855,34.300001472234726,2.269817843848847,0.8062306048689096
-43.3999996855855,34.25000147148967,2.296497583764698,0.8295630294403845
-43.44999968633056,34.20000147074461,2.2824383544524953,0.8062306048689096
-43.44999968633056,34.15000146999955,2.304495994593537,0.8295630294403845
-43.499999687075615,34.100001469254494,2.2824383544524953,0.8124228516521053
-43.499999687075615,34.050001468509436,2.304495994593537,0.8404326178378946
-43.54999968782067,34.00000146776438,2.2824383544524953,0.8295630294403845
-43.54999968782067,33.95000146701932,2.304495994593537,0.8511898177453807
-43.64999968931079,33.8500014655292,2.259674811901779,0.8062306048689096
-43.64999968931079,33.800001464784145,2.2824383544524953,0.8295630294403845
-43.69999969005585,33.75000146403909,2.259674811901779,0.8124228516521053
-43.69999969005585,33.70000146329403,2.2824383544524953,0.8307764217641807
-43.749999690800905,33.65000146254897,2.259674811901779,0.8062306048689096
-43.749999690800905,33.60000146180391,2.2824383544524953,0.8295630294403845
-43.79999969154596,33.550001461058855,2.259674811901779,0.7962429571037405
-43.79999969154596,33.5000014603138,2.2824383544524953,0.8124228516521053
-43.89999969303608,33.40000145882368,2.2377243849747046,0.7486833121869966
-43.89999969303608,33.35000145807862,2.259674811901779,0.7656604101808596
-43.94999969378114,33.300001457333565,2.235159168663883,0.7394147254011668
-43.94999969378114,33.20000145584345,2.2667793134666776,0.7823441498574933
-43.999999694526196,33.15000145509839,2.235159168663883,0.7486833121869966
-43.999999694526196,33.10000145435333,2.252040003586089,0.7656604101808596
-44.049999695271254,33.050001453608274,2.21919411672939,0.7394147254011668
-44.049999695271254,33.000001452863216,2.235159168663883,0.7617692174150451
-44.09999969601631,32.95000145211816,2.204163091859083,0.7340770985323035
-44.09999969601631,32.85000145062804,2.235159168663883,0.7656604101808596
-44.14999969676137,32.800001449882984,2.204163091859083,0.7340770985323035
-44.14999969676137,32.750001449137926,2.21919411672939,0.7486833121869966
-44.19999969750643,32.70000144839287,2.1879908228357463,0.7192388292402375
-44.19999969750643,32.60000144690275,2.21919411672939,0.7617692174150451
-44.249999698251486,32.550001446157694,2.1879908228357463,0.7340770985323035
-44.249999698251486,32.45000144466758,2.21919411672939,0.7656604101808596
-44.299999698996544,32.40000144392252,2.1879908228357463,0.7340770985323035
-44.299999698996544,32.300001442432404,2.21919411672939,0.7656604101808596
-44.3499996997416,32.250001441687346,2.1879908228357463,0.7394147254011668
-44.3499996997416,32.15000144019723,2.21919411672939,0.7823441498574933
-44.39999970048666,32.10000143945217,2.1879908228357463,0.7486833121869966
-44.39999970048666,32.05000143870711,2.204163091859083,0.7656604101808596
-44.44999970123172,32.000001437962055,2.171708280467491,0.7340770985323035
-44.44999970123172,31.90000143647194,2.204163091859083,0.7656604101808596
-44.499999701976776,31.85000143572688,2.171708280467491,0.7394147254011668
-44.499999701976776,31.750001434236765,2.204163091859083,0.7823441498574933
-44.549999702721834,31.700001433491707,2.171708280467491,0.7486833121869966
-44.549999702721834,31.65000143274665,2.1879908228357463,0.7656604101808596
-44.59999970346689,31.60000143200159,2.1563743687023496,0.7340770985323035
-44.59999970346689,31.500001430511475,2.1879908228357463,0.7656604101808596
-44.64999970421195,31.450001429766417,2.1563743687023496,0.7340770985323035
-44.64999970421195,31.3500014282763,2.1879908228357463,0.7552486729614543
-44.69999970495701,31.300001427531242,2.1563743687023496,0.7124143931407667
-44.69999970495701,31.250001426786184,2.171708280467491,0.7219544594674806
-44.749999705702066,31.200001426041126,2.140940017026649,0.68600227053593
-44.749999705702066,31.10000142455101,2.1632604948346197,0.7055385273073171
-44.799999706447124,31.050001423805952,2.119482735511626,0.6631338379432997
-44.799999706447124,30.950001422315836,2.1345235407728618,0.68600227053593
-44.84999970719218,30.900001421570778,2.094558815308343,0.6544003872633107
-44.84999970719218,30.80000142008066,2.1162469988948636,0.6732124728405287
-44.89999970793724,30.750001419335604,2.077059541277971,0.6381527432014595
-44.89999970793724,30.55000141635537,2.1135470947263926,0.6732124728405287
-44.9499997086823,30.500001415610313,2.0699119263875563,0.6381527432014595
-44.9499997086823,30.30000141263008,2.1048861486687014,0.68600227053593
-44.99999970942736,30.250001411885023,2.0677081278811973,0.6514693309842018
-44.99999970942736,30.10000140964985,2.094558815308343,0.6732124728405287
-45.049999710172415,30.05000140890479,2.0561028681542477,0.6381527432014595
-45.049999710172415,29.85000140592456,2.0852790104585983,0.6732124728405287
-45.09999971091747,29.8000014051795,2.045551190749882,0.6381527432014595
-45.09999971091747,29.650001402944326,2.0699119263875563,0.6732124728405287
-45.14999971166253,29.60000140219927,2.0276669741893705,0.6381527432014595
-45.14999971166253,29.400001399219036,2.0677081278811973,0.6732124728405287
-45.19999971240759,29.350001398473978,2.0276669741893705,0.6381527432014595
-45.19999971240759,29.150001395493746,2.063846318268293,0.6558621511845243
-45.24999971315265,29.100001394748688,2.020360364203399,0.6139410419336518
-45.24999971315265,28.900001391768456,2.0522211594717517,0.6500000126659871
-45.299999713897705,28.850001391023397,2.00510773997866,0.600000011920929
-45.299999713897705,28.650001388043165,2.0276669741893705,0.600000011920929
-45.34999971464276,28.600001387298107,1.9868928054501456,0.5500000111758709
-45.34999971464276,28.350001383572817,2.0000000327825544,0.5762087463794127
-45.39999971538782,28.30000138282776,1.9500000320374966,0.5433034484420096
-45.39999971538782,27.650001373142004,1.9644861144446923,0.5648529384361146
-45.44999971613288,27.600001372396946,1.9213203751697792,0.5280109997762609
-45.44999971613288,26.75000135973096,1.9500000320374966,0.5500000111758709
-45.49999971687794,26.7000013589859,1.9005951850613074,0.5000000104308129
-45.49999971687794,24.95000133290887,1.8000000298023224,0.40000000894069676
-45.44999971613288,24.90000133216381,1.8500000305473805,0.4500000096857548
-45.44999971613288,24.050001319497824,1.760229607600963,0.33851648873797124
-45.39999971538782,24.000001318752766,1.805617141899182,0.37008772104453785
-45.39999971538782,23.40000130981207,1.7039433048369428,0.26097722973374027
-45.34999971464276,23.35000130906701,1.7416488128275815,0.30249378854378534
-45.34999971464276,22.950001303106546,1.655397559175525,0.22720019363165536
-45.299999713897705,22.90000130236149,1.692749351278933,0.26097722973374027
-45.299999713897705,22.700001299381256,1.655397559175525,0.22720019363165536
-45.24999971315265,22.650001298636198,1.692749351278933,0.26097722973374027
-45.24999971315265,22.450001295655966,1.655397559175525,0.22720019363165536
-45.19999971240759,22.400001294910908,1.692749351278933,0.26097722973374027
-45.19999971240759,22.150001291185617,1.6337121094136642,0.21231056870567222
-45.14999971166253,22.10000129044056,1.6741665093263882,0.25276926365365854
-45.14999971166253,21.900001287460327,1.6337121094136642,0.21231056870567222
-45.09999971091747,21.85000128671527,1.6741665093263882,0.25276926365365854
-45.09999971091747,21.650001283735037,1.6337121094136642,0.21231056870567222
-45.049999710172415,21.60000128298998,1.6741665093263882,0.24721360216395982
-45.049999710172415,21.400001280009747,1.6337121094136642,0.18078866096738858
-44.99999970942736,21.35000127926469,1.668154197064607,0.21231056870567222
-44.99999970942736,21.150001276284456,1.6200274994406525,0.16400549988813046
-44.9499997086823,21.100001275539398,1.655397559175525,0.20311289342177757
-44.9499997086823,20.900001272559166,1.602775664595445,0.1500000052154064
-44.89999970793724,20.850001271814108,1.6337121094136642,0.18078866096738858
-44.89999970793724,20.650001268833876,1.555705012769987,0.11622777072899887
-44.84999970719218,20.600001268088818,1.5867568651453154,0.15355339586162983
-44.84999970719218,20.400001265108585,1.5088007745266214,0.10000000447034836
-44.799999706447124,20.350001264363527,1.5392527390094939,0.13541020162296988
-44.799999706447124,20.25000126287341,1.5007351605124235,0.10413813104692221
-44.749999705702066,20.200001262128353,1.5269916296512345,0.13541020162296988
-44.749999705702066,20.100001260638237,1.491892456780025,0.10413813104692221
-44.69999970495701,20.05000125989318,1.5219175614308271,0.13541020162296988
-44.69999970495701,19.900001257658005,1.4620770386263438,0.10000000447034836
-44.64999970421195,19.850001256912947,1.491892456780025,0.13541020162296988
-44.64999970421195,19.75000125542283,1.4552945603904957,0.09154759908666274
-44.59999970346689,19.700001254677773,1.4770510081148494,0.11622777072899887
-44.59999970346689,19.5500012524426,1.4155494662139136,0.06925824436898563
-44.549999702721834,19.50000125169754,1.4446884448476198,0.09154759908666274
-44.549999702721834,19.400001250207424,1.4101242428031824,0.05495097947870481
-44.499999701976776,19.350001249462366,1.4347782967872762,0.09154759908666274
-44.499999701976776,19.25000124797225,1.3976545546739536,0.0500000037252903
-44.44999970123172,19.200001247227192,1.4286497717590054,0.06925824436898563
-44.44999970123172,19.050001244992018,1.3692355060309525,0.023606801081979916
-44.39999970048666,19.00000124424696,1.3976545546739536,0.0500000037252903
-44.39999970048666,18.9500012435019,1.3811388536449942,0.023606801081979916
-44.3499996997416,18.900001242756844,1.4101242428031824,0.05495097947870481
-44.3499996997416,18.800001241266727,1.3692355060309525,0.023606801081979916
-44.299999698996544,18.75000124052167,1.3976545546739536,0.05495097947870481
-44.299999698996544,18.600001238286495,1.3435349270437755,0.006155284352836106
-44.249999698251486,18.550001237541437,1.3692355060309525,0.023606801081979916
-44.249999698251486,18.50000123679638,1.350806265035896,0.006155284352836106
-44.19999969750643,18.45000123605132,1.3811388536449942,0.0500000037252903
-44.19999969750643,18.350001234561205,1.3435349270437755,0.006155284352836106
-44.14999969676137,18.300001233816147,1.3652476075738595,0.023606801081979916
-44.14999969676137,18.25000123307109,1.3435349270437755,0.006155284352836106
-44.09999969601631,18.20000123232603,1.3692355060309525,0.0500000037252903
-44.09999969601631,18.100001230835915,1.3337861878729915,0.006155284352836106
-44.049999695271254,18.050001230090857,1.3652476075738595,0.023606801081979916
-44.049999695271254,18.0000012293458,1.3435349270437755,0.006155284352836106
-43.999999694526196,17.95000122860074,1.3692355060309525,0.0500000037252903
-43.999999694526196,17.850001227110624,1.3337861878729915,0.006155284352836106
-43.94999969378114,17.800001226365566,1.3652476075738595,0.023606801081979916
-43.94999969378114,17.750001225620508,1.3435349270437755,0.006155284352836106
-43.89999969303608,17.70000122487545,1.3692355060309525,0.0500000037252903
-43.89999969303608,17.600001223385334,1.3337861878729915,0.006155284352836106
-43.84999969229102,17.550001222640276,1.3652476075738595,0.023606801081979916
-43.84999969229102,17.500001221895218,1.3435349270437755,0.006155284352836106
-43.79999969154596,17.45000122115016,1.3692355060309525,0.0500000037252903
-43.79999969154596,17.350001219660044,1.3337861878729915,0.006155284352836106
-43.749999690800905,17.300001218914986,1.3652476075738595,0.023606801081979916
-43.749999690800905,17.250001218169928,1.3435349270437755,0.006155284352836106
-43.69999969005585,17.20000121742487,1.3692355060309525,0.0500000037252903
-43.69999969005585,17.100001215934753,1.3337861878729915,0.006155284352836106
-43.64999968931079,17.050001215189695,1.3652476075738595,0.0500000037252903
-43.64999968931079,17.000001214444637,1.3435349270437755,0.023606801081979916
-43.59999968856573,16.95000121369958,1.3652476075738595,0.0500000037252903
-43.59999968856573,16.850001212209463,1.3231546438695543,0.006155284352836106
-43.54999968782067,16.800001211464405,1.350806265035896,0.0500000037252903
-43.54999968782067,16.750001210719347,1.3337861878729915,0.023606801081979916
-43.499999687075615,16.70000120997429,1.3652476075738595,0.0500000037252903
-43.499999687075615,16.600001208484173,1.3231546438695543,0.006155284352836106
-43.44999968633056,16.550001207739115,1.350806265035896,0.0500000037252903
-43.44999968633056,16.500001206994057,1.3337861878729915,0.023606801081979916
-43.3999996855855,16.450001206249,1.3652476075738595,0.0500000037252903
-43.3999996855855,16.350001204758883,1.3231546438695543,0.006155284352836106
-43.34999968484044,16.300001204013824,1.350806265035896,0.0500000037252903
-43.34999968484044,16.250001203268766,1.3337861878729915,0.023606801081979916
-43.29999968409538,16.20000120252371,1.3652476075738595,0.0500000037252903
-43.29999968409538,16.100001201033592,1.3231546438695543,0.006155284352836106
-43.249999683350325,16.050001200288534,1.350806265035896,0.023606801081979916
-43.249999683350325,16.000001199543476,1.3337861878729915,0.006155284352836106
-43.19999968260527,15.950001198798418,1.3652476075738595,0.023606801081979916
-43.19999968260527,15.850001197308302,1.3231546438695543,2.9802322387695306e-09
-43.14999968186021,15.800001196563244,1.350806265035896,0.023606801081979916
-43.14999968186021,15.700001195073128,1.318222667692178,-0.019722433540455508
-43.09999968111515,15.65000119432807,1.3435349270437755,0.006155284352836106
-43.09999968111515,15.600001193583012,1.3231546438695543,-0.019722433540455508
-43.04999968037009,15.550001192837954,1.350806265035896,0.006155284352836106
-43.04999968037009,15.450001191347837,1.318222667692178,-0.019722433540455508
-42.999999679625034,15.40000119060278,1.3435349270437755,0.006155284352836106
-42.999999679625034,15.350001189857721,1.3206906552346112,-0.019722433540455508
-42.949999678879976,15.300001189112663,1.3435349270437755,0.006155284352836106
-42.949999678879976,15.200001187622547,1.3041609180628764,-0.041886114635500564
-42.89999967813492,15.150001186877489,1.3337861878729915,-0.019722433540455508
-42.89999967813492,15.100001186132431,1.318222667692178,-0.041886114635500564
-42.84999967738986,15.050001185387373,1.3435349270437755,2.9802322387695306e-09
-42.84999967738986,14.950001183897257,1.3041609180628764,-0.041886114635500564
-42.7999996766448,14.900001183152199,1.3337861878729915,-0.019722433540455508
-42.7999996766448,14.85000118240714,1.318222667692178,-0.041886114635500564
-42.749999675899744,14.800001181662083,1.3435349270437755,-0.019722433540455508
-42.749999675899744,14.750001180917025,1.3231546438695543,-0.041886114635500564
-42.699999675154686,14.700001180171967,1.350806265035896,-0.019722433540455508
-42.699999675154686,14.650001179426908,1.3337861878729915,-0.041886114635500564
-42.64999967440963,14.60000117868185,1.3652476075738595,2.9802322387695306e-09
-42.64999967440963,14.500001177191734,1.3231546438695543,-0.041886114635500564
-42.59999967366457,14.450001176446676,1.350806265035896,-0.019722433540455508
-42.59999967366457,14.400001175701618,1.3337861878729915,-0.041886114635500564
-42.54999967291951,14.35000117495656,1.3652476075738595,-0.019722433540455508
-42.54999967291951,14.300001174211502,1.3435349270437755,-0.041886114635500564
-42.499999672174454,14.250001173466444,1.3692355060309525,2.9802322387695306e-09
-42.499999672174454,14.150001171976328,1.3337861878729915,-0.041886114635500564
-42.449999671429396,14.10000117123127,1.3652476075738595,-0.019722433540455508
-42.449999671429396,14.050001170486212,1.3435349270437755,-0.041886114635500564
-42.39999967068434,14.000001169741154,1.3652476075738595,-0.019722433540455508
-42.39999967068434,13.950001168996096,1.3435349270437755,-0.041886114635500564
-42.34999966993928,13.900001168251038,1.3692355060309525,-0.019722433540455508
-42.34999966993928,13.800001166760921,1.3337861878729915,-0.04999999776482582
-42.29999966919422,13.750001166015863,1.3652476075738595,-0.019722433540455508
-42.29999966919422,13.700001165270805,1.3435349270437755,-0.041886114635500564
-42.24999966844916,13.650001164525747,1.3692355060309525,-0.019722433540455508
-42.24999966844916,13.60000116378069,1.350806265035896,-0.041886114635500564
-42.199999667704105,13.550001163035631,1.3811388536449942,-0.019722433540455508
-42.199999667704105,13.500001162290573,1.3652476075738595,-0.041886114635500564
-42.14999966695905,13.450001161545515,1.389024881885386,2.9802322387695306e-09
-42.14999966695905,13.350001160055399,1.350806265035896,-0.041886114635500564
-42.09999966621399,13.30000115931034,1.3811388536449942,-0.019722433540455508
-42.09999966621399,13.250001158565283,1.3652476075738595,-0.041886114635500564
-42.04999966546893,13.200001157820225,1.389024881885386,-0.019722433540455508
-42.04999966546893,13.150001157075167,1.3692355060309525,-0.041886114635500564
-41.99999966472387,13.100001156330109,1.3976545546739536,-0.019722433540455508
-41.99999966472387,13.000001154839993,1.3652476075738595,-0.04999999776482582
-41.949999663978815,12.950001154094934,1.389024881885386,-0.019722433540455508
-41.949999663978815,12.900001153349876,1.3692355060309525,-0.041886114635500564
-41.89999966323376,12.850001152604818,1.3976545546739536,-0.019722433540455508
-41.89999966323376,12.80000115185976,1.3811388536449942,-0.041886114635500564
-41.8499996624887,12.750001151114702,1.4101242428031824,-0.019722433540455508
-41.8499996624887,12.700001150369644,1.3882380410934498,-0.041886114635500564
-41.79999966174364,12.650001149624586,1.4101242428031824,-0.019722433540455508
-41.79999966174364,12.55000114813447,1.3692355060309525,-0.04999999776482582
-41.74999966099858,12.500001147389412,1.3976545546739536,-0.019722433540455508
-41.74999966099858,12.450001146644354,1.3811388536449942,-0.041886114635500564
-41.699999660253525,12.400001145899296,1.4101242428031824,-0.019722433540455508
-41.699999660253525,12.30000114440918,1.3692355060309525,-0.05857864165534806
-41.64999965950847,12.250001143664122,1.3976545546739536,-0.041886114635500564
-41.64999965950847,12.200001142919064,1.3811388536449942,-0.04999999776482582
-41.59999965876341,12.150001142174006,1.4101242428031824,-0.019722433540455508
-41.59999965876341,12.05000114068389,1.3692355060309525,-0.05857864165534806
-41.54999965801835,12.000001139938831,1.3976545546739536,-0.041886114635500564
-41.54999965801835,11.950001139193773,1.3811388536449942,-0.05857864165534806
-41.49999965727329,11.900001138448715,1.4101242428031824,-0.041886114635500564
-41.49999965727329,11.850001137703657,1.389024881885386,-0.05857864165534806
-41.449999656528234,11.800001136958599,1.4155494662139136,-0.041886114635500564
-41.449999656528234,11.700001135468483,1.3811388536449942,-0.05857864165534806
-41.399999655783176,11.650001134723425,1.4101242428031824,-0.041886114635500564
-41.399999655783176,11.600001133978367,1.389024881885386,-0.05857864165534806
-41.34999965503812,11.550001133233309,1.4155494662139136,-0.041886114635500564
-41.34999965503812,11.50000113248825,1.3976545546739536,-0.05857864165534806
-41.29999965429306,11.450001131743193,1.4286497717590054,-0.041886114635500564
-41.29999965429306,11.400001130998135,1.4101242428031824,-0.04999999776482582
-41.249999653548,11.350001130253077,1.4324827960573399,-0.019722433540455508
-41.249999653548,11.25000112876296,1.389024881885386,-0.05857864165534806
-41.199999652802944,11.200001128017902,1.4155494662139136,-0.041886114635500564
-41.199999652802944,11.150001127272844,1.3976545546739536,-0.05857864165534806
-41.149999652057886,11.100001126527786,1.4286497717590054,-0.041886114635500564
-41.149999652057886,11.050001125782728,1.4101242428031824,-0.05857864165534806
-41.09999965131283,11.00000112503767,1.4347782967872762,-0.041886114635500564
-41.09999965131283,10.900001123547554,1.3976545546739536,-0.05857864165534806
-41.04999965056777,10.850001122802496,1.4286497717590054,-0.041886114635500564
-41.04999965056777,10.800001122057438,1.4101242428031824,-0.05857864165534806
-40.99999964982271,10.75000112131238,1.4347782967872762,-0.041886114635500564
-40.99999964982271,10.700001120567322,1.4155494662139136,-0.05857864165534806
-40.949999649077654,10.650001119822264,1.4446884448476198,-0.041886114635500564
-40.949999649077654,10.600001119077206,1.4286497717590054,-0.04999999776482582
-40.899999648332596,10.550001118332148,1.4552945603904957,-0.019722433540455508
-40.899999648332596,10.450001116842031,1.4155494662139136,-0.05857864165534806
-40.84999964758754,10.400001116096973,1.4446884448476198,-0.041886114635500564
-40.84999964758754,10.350001115351915,1.4286497717590054,-0.05857864165534806
-40.79999964684248,10.300001114606857,1.4552945603904957,-0.041886114635500564
-40.79999964684248,10.2500011138618,1.4347782967872762,-0.05857864165534806
-40.74999964609742,10.200001113116741,1.4620770386263438,-0.041886114635500564
-40.74999964609742,10.100001111626625,1.4286497717590054,-0.05857864165534806
-40.699999645352364,10.050001110881567,1.4552945603904957,-0.041886114635500564
-40.699999645352364,10.000001110136509,1.4347782967872762,-0.05857864165534806
-40.649999644607306,9.95000110939145,1.4620770386263438,-0.041886114635500564
-40.649999644607306,9.900001108646393,1.4446884448476198,-0.05857864165534806
-40.59999964386225,9.850001107901335,1.476305486402919,-0.041886114635500564
-40.59999964386225,9.750001106411219,1.4324827960573399,-0.08819659945901004
-40.54999964311719,9.70000110566616,1.4552945603904957,-0.04999999776482582
-40.54999964311719,9.650001104921103,1.4347782967872762,-0.05857864165534806
-40.49999964237213,9.600001104176044,1.4620770386263438,-0.041886114635500564
-40.49999964237213,9.500001102685928,1.4286497717590054,-0.08819659945901004
-40.44999964162707,9.45000110194087,1.4552945603904957,-0.05857864165534806
-40.44999964162707,9.400001101195812,1.4347782967872762,-0.08819659945901004
-40.399999640882015,9.350001100450754,1.4620770386263438,-0.04999999776482582
-40.399999640882015,9.250001098960638,1.4286497717590054,-0.08819659945901004
-40.34999964013696,9.20000109821558,1.4552945603904957,-0.05857864165534806
-40.34999964013696,9.150001097470522,1.4347782967872762,-0.08819659945901004
-40.2999996393919,9.100001096725464,1.4620770386263438,-0.05857864165534806
-40.2999996393919,9.050001095980406,1.4446884448476198,-0.08819659945901004
-40.24999963864684,9.000001095235348,1.476305486402919,-0.05857864165534806
-40.24999963864684,8.95000109449029,1.4552945603904957,-0.08819659945901004
-40.19999963790178,8.900001093745232,1.48077365644264,-0.04999999776482582
-40.19999963790178,8.800001092255116,1.4446884448476198,-0.08819659945901004
-40.149999637156725,8.750001091510057,1.476305486402919,-0.05857864165534806
-40.149999637156725,8.700001090765,1.4552945603904957,-0.08819659945901004
-40.09999963641167,8.650001090019941,1.48077365644264,-0.05857864165534806
-40.09999963641167,8.600001089274883,1.4620770386263438,-0.08819659945901004
-40.04999963566661,8.550001088529825,1.491892456780025,-0.04999999776482582
-40.04999963566661,8.500001087784767,1.476305486402919,-0.05857864165534806
-39.99999963492155,8.450001087039709,1.500000025331974,-0.041886114635500564
-39.99999963492155,8.350001085549593,1.4552945603904957,-0.08819659945901004
-39.94999963417649,8.300001084804535,1.48077365644264,-0.05857864165534806
-39.94999963417649,8.250001084059477,1.4620770386263438,-0.08819659945901004
-39.899999633431435,8.200001083314419,1.491892456780025,-0.05857864165534806
-39.899999633431435,8.15000108256936,1.476305486402919,-0.08819659945901004
-39.84999963268638,8.100001081824303,1.5007351605124235,-0.04999999776482582
-39.84999963268638,8.000001080334187,1.4620770386263438,-0.08819659945901004
-39.79999963194132,7.9500010795891285,1.491892456780025,-0.05857864165534806
-39.79999963194132,7.90000107884407,1.476305486402919,-0.08819659945901004
-39.74999963119626,7.850001078099012,1.5007351605124235,-0.05857864165534806
-39.74999963119626,7.800001077353954,1.48077365644264,-0.08819659945901004
-39.6999996304512,7.750001076608896,1.5088007745266214,-0.04999999776482582
-39.6999996304512,7.700001075863838,1.491892456780025,-0.05857864165534806
-39.649999629706144,7.65000107511878,1.5219175614308271,-0.041886114635500564
-39.649999629706144,7.550001073628664,1.48077365644264,-0.08819659945901004
-39.599999628961086,7.500001072883606,1.5088007745266214,-0.05857864165534806
-39.599999628961086,7.450001072138548,1.491892456780025,-0.08819659945901004
-39.54999962821603,7.40000107139349,1.5219175614308271,-0.05857864165534806
-39.54999962821603,7.350001070648432,1.5007351605124235,-0.08819659945901004
-39.49999962747097,7.300001069903374,1.5269916296512345,-0.04999999776482582
-39.49999962747097,7.200001068413258,1.491892456780025,-0.08819659945901004
-39.44999962672591,7.1500010676681995,1.5219175614308271,-0.05857864165534806
-39.44999962672591,7.1000010669231415,1.500000025331974,-0.08819659945901004
-39.399999625980854,7.050001066178083,1.5219175614308271,-0.05857864165534806
-39.399999625980854,7.000001065433025,1.5007351605124235,-0.08819659945901004
-39.349999625235796,6.950001064687967,1.5269916296512345,-0.05857864165534806
-39.349999625235796,6.850001063197851,1.491892456780025,-0.09999999850988388
-39.29999962449074,6.800001062452793,1.5219175614308271,-0.05857864165534806
-39.29999962449074,6.750001061707735,1.5007351605124235,-0.08819659945901004
-39.24999962374568,6.700001060962677,1.5269916296512345,-0.05857864165534806
-39.24999962374568,6.650001060217619,1.5088007745266214,-0.08819659945901004
-39.19999962300062,6.600001059472561,1.5392527390094939,-0.05857864165534806
-39.19999962300062,6.500001057982445,1.5007351605124235,-0.09999999850988388
-39.149999622255564,6.450001057237387,1.5269916296512345,-0.05857864165534806
-39.149999622255564,6.400001056492329,1.5088007745266214,-0.08819659945901004
-39.099999621510506,6.350001055747271,1.5392527390094939,-0.05857864165534806
-39.099999621510506,6.3000010550022125,1.5219175614308271,-0.08819659945901004
-39.04999962076545,6.2500010542571545,1.5464249456810573,-0.05857864165534806
-39.04999962076545,6.150001052767038,1.5088007745266214,-0.09999999850988388
-38.99999962002039,6.10000105202198,1.5392527390094939,-0.08819659945901004
-38.99999962002039,6.050001051276922,1.5219175614308271,-0.09999999850988388
-38.94999961927533,6.000001050531864,1.5464249456810573,-0.05857864165534806
-38.94999961927533,5.900001049041748,1.5088007745266214,-0.09999999850988388
-38.89999961853027,5.85000104829669,1.5392527390094939,-0.08819659945901004
-38.89999961853027,5.800001047551632,1.5219175614308271,-0.09999999850988388
-38.849999617785215,5.750001046806574,1.5464249456810573,-0.08819659945901004
-38.849999617785215,5.700001046061516,1.5269916296512345,-0.09999999850988388
-38.79999961704016,5.650001045316458,1.555705012769987,-0.05857864165534806
-38.79999961704016,5.6000010445714,1.5392527390094939,-0.08819659945901004
-38.7499996162951,5.550001043826342,1.5670597310384706,-0.05857864165534806
-38.7499996162951,5.4500010423362255,1.5219175614308271,-0.09999999850988388
-38.69999961555004,5.4000010415911674,1.5464249456810573,-0.08819659945901004
-38.69999961555004,5.350001040846109,1.5269916296512345,-0.09999999850988388
-38.64999961480498,5.300001040101051,1.555705012769987,-0.08819659945901004
-38.64999961480498,5.250001039355993,1.5392527390094939,-0.09999999850988388
-38.599999614059925,5.200001038610935,1.5670597310384706,-0.05857864165534806
-38.599999614059925,5.100001037120819,1.5269916296512345,-0.09999999850988388
-38.54999961331487,5.050001036375761,1.555705012769987,-0.08819659945901004
-38.54999961331487,5.000001035630703,1.5392527390094939,-0.09999999850988388
-38.49999961256981,4.950001034885645,1.5670597310384706,-0.08819659945901004
-38.49999961256981,4.900001034140587,1.5464249456810573,-0.09999999850988388
-38.44999961182475,4.850001033395529,1.5734148115227595,-0.08819659945901004
-38.44999961182475,4.750001031905413,1.5392527390094939,-0.09999999850988388
-38.39999961107969,4.700001031160355,1.5670597310384706,-0.08819659945901004
-38.39999961107969,4.6500010304152966,1.5464249456810573,-0.09999999850988388
-38.349999610334635,4.6000010296702385,1.5734148115227595,-0.08819659945901004
-38.349999610334635,4.55000102892518,1.555705012769987,-0.09999999850988388
-38.29999960958958,4.500001028180122,1.5867568651453154,-0.08819659945901004
-38.29999960958958,4.400001026690006,1.5464249456810573,-0.09999999850988388
-38.24999960884452,4.350001025944948,1.5734148115227595,-0.08819659945901004
-38.24999960884452,4.30000102519989,1.555705012769987,-0.09999999850988388
-38.19999960809946,4.250001024454832,1.5867568651453154,-0.08819659945901004
-38.19999960809946,4.200001023709774,1.5670597310384706,-0.09999999850988388
-38.1499996073544,4.150001022964716,1.5888544086558394,-0.08819659945901004
-38.1499996073544,4.100001022219658,1.5670597310384706,-0.09999999850988388
-38.099999606609344,4.0500010214746,1.5923448596015113,-0.08819659945901004
-38.099999606609344,3.9500010199844837,1.555705012769987,-0.09999999850988388
-38.049999605864286,3.9000010192394257,1.5867568651453154,-0.08819659945901004
-38.049999605864286,3.8500010184943676,1.5670597310384706,-0.09999999850988388
-37.99999960511923,3.8000010177493095,1.5923448596015113,-0.08819659945901004
-37.99999960511923,3.7500010170042515,1.5734148115227595,-0.09999999850988388
-37.94999960437417,3.7000010162591934,1.602775664595445,-0.08819659945901004
-37.94999960437417,3.6500010155141354,1.5867568651453154,-0.09999999850988388
-37.89999960362911,3.6000010147690773,1.6124569230468984,-0.05857864165534806
-37.89999960362911,3.500001013278961,1.5734148115227595,-0.09999999850988388
-37.849999602884054,3.450001012533903,1.602775664595445,-0.08819659945901004
-37.849999602884054,3.400001011788845,1.5867568651453154,-0.09999999850988388
-37.799999602138996,3.350001011043787,1.6124569230468984,-0.05857864165534806
-37.799999602138996,3.300001010298729,1.5923448596015113,-0.08819659945901004
-37.74999960139394,3.250001009553671,1.6200274994406525,-0.05857864165534806
-37.74999960139394,3.1500010080635548,1.5867568651453154,-0.09999999850988388
-37.69999960064888,3.1000010073184967,1.6124569230468984,-0.05857864165534806
-37.69999960064888,3.0500010065734386,1.5923448596015113,-0.08819659945901004
-37.64999959990382,3.0000010058283806,1.6200274994406525,-0.05857864165534806
-37.64999959990382,2.9000010043382645,1.5867568651453154,-0.09999999850988388
-37.599999599158764,2.8500010035932064,1.6117671201967774,-0.05857864165534806
-37.599999599158764,2.8000010028481483,1.5888544086558394,-0.08819659945901004
-37.549999598413706,2.7500010021030903,1.6124569230468984,-0.05857864165534806
-37.549999598413706,2.7000010013580322,1.5923448596015113,-0.08819659945901004
-37.49999959766865,2.650001000612974,1.6200274994406525,-0.04999999776482582
-37.49999959766865,2.550000999122858,1.5867568651453154,-0.08819659945901004
-37.44999959692359,2.5000009983778,1.6124569230468984,-0.05857864165534806
-37.44999959692359,2.450000997632742,1.5923448596015113,-0.08819659945901004
-37.39999959617853,2.400000996887684,1.6200274994406525,-0.04999999776482582
-37.39999959617853,2.3000009953975677,1.5867568651453154,-0.08819659945901004
-37.349999595433474,2.2500009946525097,1.6124569230468984,-0.05857864165534806
-37.349999595433474,2.2000009939074516,1.5923448596015113,-0.08819659945901004
-37.299999594688416,2.1500009931623936,1.6200274994406525,-0.04999999776482582
-37.299999594688416,2.0500009916722775,1.5867568651453154,-0.08819659945901004
-37.24999959394336,2.0000009909272194,1.6124569230468984,-0.05857864165534806
-37.24999959394336,1.9500009901821613,1.5923448596015113,-0.08819659945901004
-37.1999995931983,1.9000009894371033,1.6200274994406525,-0.04999999776482582
-37.1999995931983,1.8000009879469872,1.5867568651453154,-0.08819659945901004
-37.14999959245324,1.750000987201929,1.6124569230468984,-0.05857864165534806
-37.14999959245324,1.700000986456871,1.5923448596015113,-0.08819659945901004
-37.09999959170818,1.650000985711813,1.6200274994406525,-0.04999999776482582
-37.09999959170818,1.5500009842216969,1.5867568651453154,-0.08819659945901004
-37.049999590963125,1.5000009834766388,1.6117671201967774,-0.05857864165534806
-37.049999590963125,1.4500009827315807,1.5888544086558394,-0.08819659945901004
-36.99999959021807,1.4000009819865227,1.6124569230468984,-0.04999999776482582
-36.99999959021807,1.3500009812414646,1.5923448596015113,-0.05857864165534806
-36.94999958947301,1.3000009804964066,1.6200274994406525,-0.041886114635500564
-36.94999958947301,1.2000009790062904,1.5867568651453154,-0.08819659945901004
-36.89999958872795,1.1500009782612324,1.6124569230468984,-0.04999999776482582
-36.89999958872795,1.1000009775161743,1.5923448596015113,-0.05857864165534806
-36.84999958798289,1.0500009767711163,1.6200274994406525,-0.041886114635500564
-36.84999958798289,0.9500009752810001,1.5867568651453154,-0.08819659945901004
-36.799999587237835,0.9000009745359421,1.6124569230468984,-0.04999999776482582
-36.799999587237835,0.850000973790884,1.5923448596015113,-0.05857864165534806
-36.74999958649278,0.800000973045826,1.6200274994406525,-0.041886114635500564
-36.74999958649278,0.7000009715557098,1.5867568651453154,-0.08819659945901004
-36.69999958574772,0.6500009708106518,1.6124569230468984,-0.04999999776482582
-36.69999958574772,0.6000009700655937,1.5923448596015113,-0.05857864165534806
-36.64999958500266,0.5500009693205357,1.6200274994406525,-0.041886114635500564
-36.64999958500266,0.45000096783041954,1.5867568651453154,-0.08819659945901004
-36.5999995842576,0.4000009670853615,1.6124569230468984,-0.04999999776482582
-36.5999995842576,0.3500009663403034,1.5923448596015113,-0.05857864165534806
-36.549999583512545,0.30000096559524536,1.6200274994406525,-0.041886114635500564
-36.549999583512545,0.20000096410512924,1.5867568651453154,-0.08819659945901004
-36.49999958276749,0.15000096336007118,1.6124569230468984,-0.04999999776482582
-36.49999958276749,0.10000096261501312,1.5923448596015113,-0.05857864165534806
-36.44999958202243,0.05000096186995506,1.6200274994406525,-0.041886114635500564
-36.44999958202243,9.611248970031738e-07,1.602775664595445,-0.05857864165534806
-36.39999958127737,-0.049999039620161057,1.6337121094136642,-0.041886114635500564
-36.39999958127737,-0.14999904111027718,1.5888544086558394,-0.05857864165534806
-36.34999958053231,-0.19999904185533524,1.6124569230468984,-0.041886114635500564
-36.34999958053231,-0.2499990426003933,1.5923448596015113,-0.05857864165534806
-36.299999579787254,-0.29999904334545135,1.6200274994406525,-0.041886114635500564
-36.299999579787254,-0.3999990448355675,1.5867568651453154,-0.05857864165534806
-36.249999579042196,-0.44999904558062553,1.6124569230468984,-0.041886114635500564
-36.249999579042196,-0.4999990463256836,1.5923448596015113,-0.05857864165534806
-36.19999957829714,-0.5499990470707417,1.6200274994406525,-0.041886114635500564
-36.19999957829714,-0.6499990485608578,1.5867568651453154,-0.05857864165534806
-36.14999957755208,-0.6999990493059158,1.6124569230468984,-0.041886114635500564
-36.14999957755208,-0.7499990500509739,1.5923448596015113,-0.05857864165534806
-36.09999957680702,-0.799999050796032,1.6200274994406525,-0.041886114635500564
-36.09999957680702,-0.8999990522861481,1.5867568651453154,-0.05857864165534806
-36.049999576061964,-0.9499990530312061,1.6124569230468984,-0.041886114635500564
-36.049999576061964,-0.9999990537762642,1.5923448596015113,-0.05857864165534806
-35.999999575316906,-1.0499990545213223,1.6200274994406525,-0.041886114635500564
-35.999999575316906,-1.1499990560114384,1.5867568651453154,-0.05857864165534806
-35.94999957457185,-1.1999990567564964,1.6124569230468984,-0.041886114635500564
-35.94999957457185,-1.2499990575015545,1.5923448596015113,-0.05857864165534806
-35.89999957382679,-1.2999990582466125,1.6200274994406525,-0.041886114635500564
-35.89999957382679,-1.3999990597367287,1.5867568651453154,-0.05857864165534806
-35.84999957308173,-1.4499990604817867,1.6117671201967774,-0.041886114635500564
-35.84999957308173,-1.4999990612268448,1.5888544086558394,-0.05857864165534806
-35.799999572336674,-1.5499990619719028,1.6124569230468984,-0.041886114635500564
-35.799999572336674,-1.649999063462019,1.5734148115227595,-0.05857864165534806
-35.749999571591616,-1.699999064207077,1.602775664595445,-0.041886114635500564
-35.749999571591616,-1.749999064952135,1.5867568651453154,-0.05857864165534806
-35.69999957084656,-1.7999990656971931,1.6124569230468984,-0.041886114635500564
-35.69999957084656,-1.8999990671873093,1.5734148115227595,-0.05857864165534806
-35.6499995701015,-1.9499990679323673,1.602775664595445,-0.041886114635500564
-35.6499995701015,-1.9999990686774254,1.5867568651453154,-0.05857864165534806
-35.59999956935644,-2.0499990694224834,1.6124569230468984,-0.041886114635500564
-35.59999956935644,-2.1499990709125996,1.5734148115227595,-0.05857864165534806
-35.54999956861138,-2.1999990716576576,1.602775664595445,-0.041886114635500564
-35.54999956861138,-2.2499990724027157,1.5867568651453154,-0.05857864165534806
-35.499999567866325,-2.2999990731477737,1.6124569230468984,-0.041886114635500564
-35.499999567866325,-2.39999907463789,1.5734148115227595,-0.05857864165534806
-35.44999956712127,-2.449999075382948,1.602775664595445,-0.041886114635500564
-35.44999956712127,-2.499999076128006,1.5867568651453154,-0.05857864165534806
-35.39999956637621,-2.549999076873064,1.6124569230468984,-0.041886114635500564
-35.39999956637621,-2.64999907836318,1.5734148115227595,-0.05857864165534806
-35.34999956563115,-2.699999079108238,1.602775664595445,-0.041886114635500564
-35.34999956563115,-2.7499990798532963,1.5867568651453154,-0.05857864165534806
-35.29999956488609,-2.7999990805983543,1.6117671201967774,-0.041886114635500564
-35.29999956488609,-2.8999990820884705,1.5670597310384706,-0.08819659945901004
-35.249999564141035,-2.9499990828335285,1.5923448596015113,-0.04999999776482582
-35.249999564141035,-2.9999990835785866,1.5734148115227595,-0.05857864165534806
-35.19999956339598,-3.0499990843236446,1.602775664595445,-0.041886114635500564
-35.19999956339598,-3.1499990858137608,1.5670597310384706,-0.08819659945901004
-35.14999956265092,-3.199999086558819,1.5923448596015113,-0.04999999776482582
-35.14999956265092,-3.249999087303877,1.5734148115227595,-0.05857864165534806
-35.09999956190586,-3.299999088048935,1.602775664595445,-0.041886114635500564
-35.09999956190586,-3.399999089539051,1.5670597310384706,-0.08819659945901004
-35.0499995611608,-3.449999090284109,1.5923448596015113,-0.04999999776482582
-35.0499995611608,-3.499999091029167,1.5734148115227595,-0.05857864165534806
-34.999999560415745,-3.5499990917742252,1.602775664595445,-0.041886114635500564
-34.999999560415745,-3.6499990932643414,1.5670597310384706,-0.08819659945901004
-34.94999955967069,-3.6999990940093994,1.5923448596015113,-0.04999999776482582
-34.94999955967069,-3.7499990947544575,1.5734148115227595,-0.05857864165534806
-34.89999955892563,-3.7999990954995155,1.602775664595445,-0.041886114635500564
-34.89999955892563,-3.8999990969896317,1.5670597310384706,-0.08819659945901004
-34.84999955818057,-3.9499990977346897,1.5923448596015113,-0.04999999776482582
-34.84999955818057,-3.9999990984797478,1.5734148115227595,-0.05857864165534806
-34.79999955743551,-4.049999099224806,1.602775664595445,-0.041886114635500564
-34.79999955743551,-4.099999099969864,1.5867568651453154,-0.05857864165534806
-34.749999556690454,-4.149999100714922,1.6124569230468984,-0.041886114635500564
-34.749999556690454,-4.249999102205038,1.5734148115227595,-0.05857864165534806
-34.699999555945396,-4.299999102950096,1.602775664595445,-0.041886114635500564
-34.699999555945396,-4.349999103695154,1.5867568651453154,-0.05857864165534806
-34.64999955520034,-4.399999104440212,1.6117671201967774,-0.041886114635500564
-34.64999955520034,-4.499999105930328,1.5670597310384706,-0.05857864165534806
-34.59999955445528,-4.549999106675386,1.5923448596015113,-0.041886114635500564
-34.59999955445528,-4.5999991074204445,1.5734148115227595,-0.05857864165534806
-34.54999955371022,-4.6499991081655025,1.602775664595445,-0.041886114635500564
-34.54999955371022,-4.749999109655619,1.5670597310384706,-0.05857864165534806
-34.499999552965164,-4.799999110400677,1.5923448596015113,-0.041886114635500564
-34.499999552965164,-4.849999111145735,1.5734148115227595,-0.05857864165534806
-34.449999552220106,-4.899999111890793,1.602775664595445,-0.041886114635500564
-34.449999552220106,-4.999999113380909,1.5670597310384706,-0.05857864165534806
-34.39999955147505,-5.049999114125967,1.5923448596015113,-0.041886114635500564
-34.39999955147505,-5.099999114871025,1.5734148115227595,-0.05857864165534806
-34.34999955072999,-5.149999115616083,1.602775664595445,-0.041886114635500564
-34.34999955072999,-5.249999117106199,1.5670597310384706,-0.05857864165534806
-34.29999954998493,-5.299999117851257,1.5923448596015113,-0.041886114635500564
-34.29999954998493,-5.349999118596315,1.5734148115227595,-0.05857864165534806
-34.249999549239874,-5.399999119341373,1.602775664595445,-0.041886114635500564
-34.249999549239874,-5.49999912083149,1.5670597310384706,-0.05857864165534806
-34.199999548494816,-5.549999121576548,1.5923448596015113,-0.041886114635500564
-34.199999548494816,-5.599999122321606,1.5734148115227595,-0.05857864165534806
-34.14999954774976,-5.649999123066664,1.602775664595445,-0.041886114635500564
-34.14999954774976,-5.74999912455678,1.5670597310384706,-0.05857864165534806
-34.0999995470047,-5.799999125301838,1.5888544086558394,-0.041886114635500564
-34.0999995470047,-5.849999126046896,1.5670597310384706,-0.05857864165534806
-34.04999954625964,-5.899999126791954,1.5923448596015113,-0.041886114635500564
-34.04999954625964,-5.99999912828207,1.555705012769987,-0.05857864165534806
-33.999999545514584,-6.049999129027128,1.5867568651453154,-0.041886114635500564
-33.999999545514584,-6.099999129772186,1.5670597310384706,-0.05857864165534806
-33.949999544769526,-6.149999130517244,1.5923448596015113,-0.041886114635500564
-33.949999544769526,-6.2499991320073605,1.555705012769987,-0.05857864165534806
-33.89999954402447,-6.2999991327524185,1.5867568651453154,-0.041886114635500564
-33.89999954402447,-6.349999133497477,1.5670597310384706,-0.05857864165534806
-33.84999954327941,-6.399999134242535,1.5923448596015113,-0.041886114635500564
-33.84999954327941,-6.499999135732651,1.555705012769987,-0.05857864165534806
-33.79999954253435,-6.549999136477709,1.5867568651453154,-0.041886114635500564
-33.79999954253435,-6.599999137222767,1.5670597310384706,-0.05857864165534806
-33.74999954178929,-6.649999137967825,1.5923448596015113,-0.041886114635500564
-33.74999954178929,-6.749999139457941,1.555705012769987,-0.05857864165534806
-33.699999541044235,-6.799999140202999,1.5867568651453154,-0.041886114635500564
-33.699999541044235,-6.849999140948057,1.5670597310384706,-0.05857864165534806
-33.64999954029918,-6.899999141693115,1.5923448596015113,-0.041886114635500564
-33.64999954029918,-6.999999143183231,1.555705012769987,-0.05857864165534806
-33.59999953955412,-7.049999143928289,1.5867568651453154,-0.041886114635500564
-33.59999953955412,-7.0999991446733475,1.5670597310384706,-0.05857864165534806
-33.54999953880906,-7.1499991454184055,1.5888544086558394,-0.041886114635500564
-33.54999953880906,-7.249999146908522,1.5464249456810573,-0.05857864165534806
-33.499999538064,-7.29999914765358,1.5734148115227595,-0.041886114635500564
-33.499999538064,-7.349999148398638,1.555705012769987,-0.05857864165534806
-33.449999537318945,-7.399999149143696,1.5867568651453154,-0.041886114635500564
-33.449999537318945,-7.499999150633812,1.5464249456810573,-0.05857864165534806
-33.39999953657389,-7.54999915137887,1.5734148115227595,-0.041886114635500564
-33.39999953657389,-7.599999152123928,1.555705012769987,-0.05857864165534806
-33.34999953582883,-7.649999152868986,1.5867568651453154,-0.041886114635500564
-33.34999953582883,-7.749999154359102,1.5464249456810573,-0.05857864165534806
-33.29999953508377,-7.79999915510416,1.5734148115227595,-0.041886114635500564
-33.29999953508377,-7.849999155849218,1.555705012769987,-0.05857864165534806
-33.24999953433871,-7.899999156594276,1.5867568651453154,-0.041886114635500564
-33.24999953433871,-7.9999991580843925,1.5464249456810573,-0.05857864165534806
-33.199999533593655,-8.04999915882945,1.5734148115227595,-0.041886114635500564
-33.199999533593655,-8.099999159574509,1.555705012769987,-0.05857864165534806
-33.1499995328486,-8.149999160319567,1.5867568651453154,-0.041886114635500564
-33.1499995328486,-8.249999161809683,1.5464249456810573,-0.05857864165534806
-33.09999953210354,-8.299999162554741,1.5734148115227595,-0.041886114635500564
-33.09999953210354,-8.349999163299799,1.555705012769987,-0.05857864165534806
-33.04999953135848,-8.399999164044857,1.5867568651453154,-0.041886114635500564
-33.04999953135848,-8.499999165534973,1.5442763802429842,-0.05857864165534806
-32.99999953061342,-8.549999166280031,1.5670597310384706,-0.041886114635500564
-32.99999953061342,-8.59999916702509,1.5464249456810573,-0.05857864165534806
-32.949999529868364,-8.649999167770147,1.5734148115227595,-0.041886114635500564
-32.949999529868364,-8.749999169260263,1.5392527390094939,-0.05857864165534806
-32.899999529123306,-8.799999170005322,1.5670597310384706,-0.041886114635500564
-32.899999529123306,-8.84999917075038,1.5464249456810573,-0.05857864165534806
-32.84999952837825,-8.899999171495438,1.5734148115227595,-0.041886114635500564
-32.84999952837825,-8.999999172985554,1.5392527390094939,-0.05857864165534806
-32.79999952763319,-9.049999173730612,1.5670597310384706,-0.041886114635500564
-32.79999952763319,-9.09999917447567,1.5464249456810573,-0.05857864165534806
-32.74999952688813,-9.149999175220728,1.5734148115227595,-0.041886114635500564
-32.74999952688813,-9.249999176710844,1.5392527390094939,-0.08819659945901004
-32.699999526143074,-9.299999177455902,1.5670597310384706,-0.04999999776482582
-32.699999526143074,-9.34999917820096,1.5464249456810573,-0.05857864165534806
-32.649999525398016,-9.399999178946018,1.5734148115227595,-0.041886114635500564
-32.649999525398016,-9.499999180436134,1.5392527390094939,-0.08819659945901004
-32.59999952465296,-9.549999181181192,1.5670597310384706,-0.04999999776482582
-32.59999952465296,-9.59999918192625,1.5464249456810573,-0.05857864165534806
-32.5499995239079,-9.649999182671309,1.5734148115227595,-0.041886114635500564
-32.5499995239079,-9.749999184161425,1.5392527390094939,-0.08819659945901004
-32.49999952316284,-9.799999184906483,1.5670597310384706,-0.04999999776482582
-32.49999952316284,-9.84999918565154,1.5464249456810573,-0.05857864165534806
-32.449999522417784,-9.899999186396599,1.5734148115227595,-0.041886114635500564
-32.449999522417784,-9.999999187886715,1.5392527390094939,-0.08819659945901004
-32.399999521672726,-10.049999188631773,1.5670597310384706,-0.04999999776482582
-32.399999521672726,-10.099999189376831,1.5442763802429842,-0.05857864165534806
-32.34999952092767,-10.14999919012189,1.5670597310384706,-0.041886114635500564
-32.34999952092767,-10.249999191612005,1.5269916296512345,-0.08819659945901004
-32.29999952018261,-10.299999192357063,1.555705012769987,-0.04999999776482582
-32.29999952018261,-10.349999193102121,1.5392527390094939,-0.05857864165534806
-32.24999951943755,-10.39999919384718,1.5670597310384706,-0.041886114635500564
-32.24999951943755,-10.449999194592237,1.5464249456810573,-0.05857864165534806
-32.19999951869249,-10.499999195337296,1.5734148115227595,-0.041886114635500564
-32.19999951869249,-10.599999196827412,1.5392527390094939,-0.05857864165534806
-32.149999517947435,-10.64999919757247,1.5670597310384706,-0.041886114635500564
-32.149999517947435,-10.699999198317528,1.5464249456810573,-0.05857864165534806
-32.09999951720238,-10.749999199062586,1.5734148115227595,-0.041886114635500564
-32.09999951720238,-10.849999200552702,1.5392527390094939,-0.05857864165534806
-32.04999951645732,-10.89999920129776,1.5670597310384706,-0.041886114635500564
-32.04999951645732,-10.949999202042818,1.5464249456810573,-0.05857864165534806
-31.99999951571226,-10.999999202787876,1.5734148115227595,-0.041886114635500564
-31.99999951571226,-11.099999204277992,1.5392527390094939,-0.05857864165534806
-31.949999514967203,-11.14999920502305,1.5670597310384706,-0.041886114635500564
-31.949999514967203,-11.199999205768108,1.5464249456810573,-0.05857864165534806
-31.899999514222145,-11.249999206513166,1.5734148115227595,-0.041886114635500564
-31.899999514222145,-11.349999208003283,1.5392527390094939,-0.05857864165534806
-31.849999513477087,-11.39999920874834,1.5670597310384706,-0.041886114635500564
-31.849999513477087,-11.449999209493399,1.5442763802429842,-0.05857864165534806
-31.79999951273203,-11.499999210238457,1.5670597310384706,-0.041886114635500564
-31.79999951273203,-11.599999211728573,1.5269916296512345,-0.05857864165534806
-31.74999951198697,-11.649999212473631,1.555705012769987,-0.041886114635500564
-31.74999951198697,-11.699999213218689,1.5392527390094939,-0.05857864165534806
-31.699999511241913,-11.749999213963747,1.5670597310384706,-0.041886114635500564
-31.699999511241913,-11.849999215453863,1.5269916296512345,-0.05857864165534806
-31.649999510496855,-11.899999216198921,1.555705012769987,-0.041886114635500564
-31.649999510496855,-11.94999921694398,1.5392527390094939,-0.05857864165534806
-31.599999509751797,-11.999999217689037,1.5670597310384706,-0.041886114635500564
-31.599999509751797,-12.099999219179153,1.5269916296512345,-0.05857864165534806
-31.54999950900674,-12.149999219924212,1.555705012769987,-0.041886114635500564
-31.54999950900674,-12.19999922066927,1.5392527390094939,-0.05857864165534806
-31.49999950826168,-12.249999221414328,1.5670597310384706,-0.041886114635500564
-31.49999950826168,-12.349999222904444,1.5269916296512345,-0.05857864165534806
-31.449999507516623,-12.399999223649502,1.555705012769987,-0.041886114635500564
-31.449999507516623,-12.44999922439456,1.5392527390094939,-0.05857864165534806
-31.399999506771564,-12.499999225139618,1.5670597310384706,-0.041886114635500564
-31.399999506771564,-12.599999226629734,1.5269916296512345,-0.05857864165534806
-31.349999506026506,-12.649999227374792,1.555705012769987,-0.041886114635500564
-31.349999506026506,-12.69999922811985,1.5392527390094939,-0.05857864165534806
-31.29999950528145,-12.749999228864908,1.5670597310384706,-0.041886114635500564
-31.29999950528145,-12.799999229609966,1.5442763802429842,-0.04999999776482582
-31.24999950453639,-12.849999230355024,1.5670597310384706,-0.019722433540455508
-31.24999950453639,-12.94999923184514,1.5269916296512345,-0.05857864165534806
-31.199999503791332,-12.999999232590199,1.555705012769987,-0.041886114635500564
-31.199999503791332,-13.049999233335257,1.5392527390094939,-0.04999999776482582
-31.149999503046274,-13.099999234080315,1.5670597310384706,-0.019722433540455508
-31.149999503046274,-13.19999923557043,1.5269916296512345,-0.05857864165534806
-31.099999502301216,-13.249999236315489,1.555705012769987,-0.041886114635500564
-31.099999502301216,-13.299999237060547,1.5392527390094939,-0.04999999776482582
-31.049999501556158,-13.349999237805605,1.5670597310384706,-0.019722433540455508
-31.049999501556158,-13.449999239295721,1.5269916296512345,-0.05857864165534806
-30.9999995008111,-13.49999924004078,1.555705012769987,-0.041886114635500564
-30.9999995008111,-13.549999240785837,1.5392527390094939,-0.04999999776482582
-30.949999500066042,-13.599999241530895,1.5670597310384706,-0.019722433540455508
-30.949999500066042,-13.699999243021011,1.5269916296512345,-0.05857864165534806
-30.899999499320984,-13.74999924376607,1.555705012769987,-0.041886114635500564
-30.899999499320984,-13.799999244511127,1.5392527390094939,-0.04999999776482582
-30.849999498575926,-13.849999245256186,1.5670597310384706,-0.019722433540455508
-30.849999498575926,-13.949999246746302,1.5269916296512345,-0.05857864165534806
-30.799999497830868,-13.99999924749136,1.555705012769987,-0.041886114635500564
-30.799999497830868,-14.049999248236418,1.5392527390094939,-0.04999999776482582
-30.74999949708581,-14.099999248981476,1.5670597310384706,-0.019722433540455508
-30.74999949708581,-14.199999250471592,1.5269916296512345,-0.05857864165534806
-30.69999949634075,-14.24999925121665,1.555705012769987,-0.041886114635500564
-30.69999949634075,-14.299999251961708,1.5392527390094939,-0.04999999776482582
-30.649999495595694,-14.349999252706766,1.5670597310384706,-0.019722433540455508
-30.649999495595694,-14.449999254196882,1.5219175614308271,-0.05857864165534806
-30.599999494850636,-14.49999925494194,1.5464249456810573,-0.041886114635500564
-30.599999494850636,-14.549999255686998,1.5269916296512345,-0.04999999776482582
-30.549999494105577,-14.599999256432056,1.555705012769987,-0.019722433540455508
-30.549999494105577,-14.699999257922173,1.5219175614308271,-0.05857864165534806
-30.49999949336052,-14.74999925866723,1.5464249456810573,-0.041886114635500564
-30.49999949336052,-14.799999259412289,1.5269916296512345,-0.04999999776482582
-30.44999949261546,-14.849999260157347,1.555705012769987,-0.019722433540455508
-30.44999949261546,-14.949999261647463,1.5219175614308271,-0.05857864165534806
-30.399999491870403,-14.999999262392521,1.5464249456810573,-0.041886114635500564
-30.399999491870403,-15.049999263137579,1.5269916296512345,-0.04999999776482582
-30.349999491125345,-15.099999263882637,1.555705012769987,-0.019722433540455508
-30.349999491125345,-15.199999265372753,1.5219175614308271,-0.05857864165534806
-30.299999490380287,-15.249999266117811,1.5464249456810573,-0.041886114635500564
-30.299999490380287,-15.29999926686287,1.5269916296512345,-0.05857864165534806
-30.24999948963523,-15.349999267607927,1.555705012769987,-0.041886114635500564
-30.24999948963523,-15.449999269098043,1.5219175614308271,-0.05857864165534806
-30.19999948889017,-15.499999269843102,1.5464249456810573,-0.041886114635500564
-30.19999948889017,-15.54999927058816,1.5269916296512345,-0.05857864165534806
-30.149999488145113,-15.599999271333218,1.555705012769987,-0.041886114635500564
-30.149999488145113,-15.699999272823334,1.5219175614308271,-0.05857864165534806
-30.099999487400055,-15.749999273568392,1.5442763802429842,-0.041886114635500564
-30.099999487400055,-15.79999927431345,1.5219175614308271,-0.05857864165534806
-30.049999486654997,-15.849999275058508,1.5464249456810573,-0.041886114635500564
-30.049999486654997,-15.949999276548624,1.5088007745266214,-0.05857864165534806
-29.99999948590994,-15.999999277293682,1.5392527390094939,-0.041886114635500564
-29.99999948590994,-16.04999927803874,1.5219175614308271,-0.05857864165534806
-29.94999948516488,-16.099999278783798,1.5464249456810573,-0.041886114635500564
-29.94999948516488,-16.199999280273914,1.5088007745266214,-0.05857864165534806
-29.899999484419823,-16.249999281018972,1.5392527390094939,-0.041886114635500564
-29.899999484419823,-16.29999928176403,1.5219175614308271,-0.05857864165534806
-29.849999483674765,-16.34999928250909,1.5464249456810573,-0.041886114635500564
-29.849999483674765,-16.449999283999205,1.5088007745266214,-0.05857864165534806
-29.799999482929707,-16.499999284744263,1.5392527390094939,-0.041886114635500564
-29.799999482929707,-16.54999928548932,1.5219175614308271,-0.05857864165534806
-29.74999948218465,-16.59999928623438,1.5464249456810573,-0.041886114635500564
-29.74999948218465,-16.649999286979437,1.5269916296512345,-0.04999999776482582
-29.69999948143959,-16.699999287724495,1.555705012769987,-0.019722433540455508
-29.69999948143959,-16.79999928921461,1.5219175614308271,-0.05857864165534806
-29.649999480694532,-16.84999928995967,1.5464249456810573,-0.041886114635500564
-29.649999480694532,-16.899999290704727,1.5269916296512345,-0.04999999776482582
-29.599999479949474,-16.949999291449785,1.555705012769987,-0.019722433540455508
-29.599999479949474,-17.0499992929399,1.5219175614308271,-0.05857864165534806
-29.549999479204416,-17.09999929368496,1.5442763802429842,-0.041886114635500564
-29.549999479204416,-17.149999294430017,1.5219175614308271,-0.04999999776482582
-29.499999478459358,-17.199999295175076,1.5464249456810573,-0.019722433540455508
-29.499999478459358,-17.29999929666519,1.5088007745266214,-0.05857864165534806
-29.4499994777143,-17.34999929741025,1.5392527390094939,-0.041886114635500564
-29.4499994777143,-17.399999298155308,1.5219175614308271,-0.04999999776482582
-29.399999476969242,-17.449999298900366,1.5464249456810573,-0.019722433540455508
-29.399999476969242,-17.549999300390482,1.5088007745266214,-0.05857864165534806
-29.349999476224184,-17.59999930113554,1.5392527390094939,-0.041886114635500564
-29.349999476224184,-17.649999301880598,1.5219175614308271,-0.04999999776482582
-29.299999475479126,-17.699999302625656,1.5464249456810573,-0.019722433540455508
-29.299999475479126,-17.799999304115772,1.5088007745266214,-0.05857864165534806
-29.249999474734068,-17.84999930486083,1.5392527390094939,-0.041886114635500564
-29.249999474734068,-17.89999930560589,1.5219175614308271,-0.04999999776482582
-29.19999947398901,-17.949999306350946,1.5464249456810573,-0.019722433540455508
-29.19999947398901,-18.049999307841063,1.5088007745266214,-0.05857864165534806
-29.149999473243952,-18.09999930858612,1.5392527390094939,-0.041886114635500564
-29.149999473243952,-18.14999930933118,1.5219175614308271,-0.04999999776482582
-29.099999472498894,-18.199999310076237,1.5464249456810573,-0.019722433540455508
-29.099999472498894,-18.299999311566353,1.5088007745266214,-0.05857864165534806
-29.049999471753836,-18.34999931231141,1.5392527390094939,-0.041886114635500564
-29.049999471753836,-18.39999931305647,1.5219175614308271,-0.04999999776482582
-28.999999471008778,-18.449999313801527,1.5442763802429842,-0.019722433540455508
-28.999999471008778,-18.499999314546585,1.5219175614308271,-0.041886114635500564
-28.94999947026372,-18.549999315291643,1.5464249456810573,-0.019722433540455508
-28.94999947026372,-18.64999931678176,1.5088007745266214,-0.04999999776482582
-28.89999946951866,-18.699999317526817,1.5392527390094939,-0.019722433540455508
-28.89999946951866,-18.749999318271875,1.5219175614308271,-0.041886114635500564
-28.849999468773603,-18.799999319016933,1.5464249456810573,-0.019722433540455508
-28.849999468773603,-18.89999932050705,1.5088007745266214,-0.04999999776482582
-28.799999468028545,-18.949999321252108,1.5392527390094939,-0.019722433540455508
-28.799999468028545,-18.999999321997166,1.5219175614308271,-0.041886114635500564
-28.749999467283487,-19.049999322742224,1.5464249456810573,-0.019722433540455508
-28.749999467283487,-19.14999932423234,1.5088007745266214,-0.04999999776482582
-28.69999946653843,-19.199999324977398,1.5392527390094939,-0.019722433540455508
-28.69999946653843,-19.249999325722456,1.5219175614308271,-0.041886114635500564
-28.64999946579337,-19.299999326467514,1.5464249456810573,-0.019722433540455508
-28.64999946579337,-19.39999932795763,1.5088007745266214,-0.04999999776482582
-28.599999465048313,-19.449999328702688,1.5392527390094939,-0.019722433540455508
-28.599999465048313,-19.499999329447746,1.5219175614308271,-0.041886114635500564
-28.549999464303255,-19.549999330192804,1.5464249456810573,-0.019722433540455508
-28.549999464303255,-19.64999933168292,1.5088007745266214,-0.04999999776482582
-28.499999463558197,-19.69999933242798,1.5392527390094939,-0.019722433540455508
-28.499999463558197,-19.749999333173037,1.5219175614308271,-0.041886114635500564
-28.44999946281314,-19.799999333918095,1.5464249456810573,-0.019722433540455508
-28.44999946281314,-19.89999933540821,1.5088007745266214,-0.04999999776482582
-28.39999946206808,-19.94999933615327,1.5392527390094939,-0.019722433540455508
-28.39999946206808,-19.999999336898327,1.5219175614308271,-0.041886114635500564
-28.349999461323023,-20.049999337643385,1.5442763802429842,-0.019722433540455508
-28.349999461323023,-20.1499993391335,1.5007351605124235,-0.04999999776482582
-28.299999460577965,-20.19999933987856,1.5269916296512345,-0.019722433540455508
-28.299999460577965,-20.249999340623617,1.5088007745266214,-0.041886114635500564
-28.249999459832907,-20.299999341368675,1.5392527390094939,-0.019722433540455508
-28.249999459832907,-20.39999934285879,1.5007351605124235,-0.04999999776482582
-28.19999945908785,-20.44999934360385,1.5269916296512345,-0.019722433540455508
-28.19999945908785,-20.499999344348907,1.5088007745266214,-0.041886114635500564
-28.14999945834279,-20.549999345093966,1.5392527390094939,-0.019722433540455508
-28.14999945834279,-20.64999934658408,1.5007351605124235,-0.04999999776482582
-28.099999457597733,-20.69999934732914,1.5269916296512345,-0.019722433540455508
-28.099999457597733,-20.749999348074198,1.5088007745266214,-0.041886114635500564
-28.049999456852674,-20.799999348819256,1.5392527390094939,-0.019722433540455508
-28.049999456852674,-20.899999350309372,1.5007351605124235,-0.04999999776482582
-27.999999456107616,-20.94999935105443,1.5269916296512345,-0.019722433540455508
-27.999999456107616,-20.999999351799488,1.5088007745266214,-0.041886114635500564
-27.94999945536256,-21.049999352544546,1.5392527390094939,-0.019722433540455508
-27.94999945536256,-21.149999354034662,1.5007351605124235,-0.04999999776482582
-27.8999994546175,-21.19999935477972,1.5269916296512345,-0.019722433540455508
-27.8999994546175,-21.24999935552478,1.5088007745266214,-0.041886114635500564
-27.849999453872442,-21.299999356269836,1.5392527390094939,-0.019722433540455508
-27.849999453872442,-21.399999357759953,1.500000025331974,-0.04999999776482582
-27.799999453127384,-21.44999935850501,1.5219175614308271,-0.019722433540455508
-27.799999453127384,-21.49999935925007,1.5007351605124235,-0.041886114635500564
-27.749999452382326,-21.549999359995127,1.5269916296512345,-0.019722433540455508
-27.749999452382326,-21.649999361485243,1.491892456780025,-0.05857864165534806
-27.699999451637268,-21.6999993622303,1.5219175614308271,-0.041886114635500564
-27.699999451637268,-21.74999936297536,1.5007351605124235,-0.04999999776482582
-27.64999945089221,-21.799999363720417,1.5269916296512345,-0.019722433540455508
-27.64999945089221,-21.899999365210533,1.491892456780025,-0.05857864165534806
-27.599999450147152,-21.94999936595559,1.5219175614308271,-0.041886114635500564
-27.599999450147152,-21.99999936670065,1.5007351605124235,-0.04999999776482582
-27.549999449402094,-22.049999367445707,1.5269916296512345,-0.019722433540455508
-27.549999449402094,-22.149999368935823,1.491892456780025,-0.05857864165534806
-27.499999448657036,-22.19999936968088,1.5219175614308271,-0.041886114635500564
-27.499999448657036,-22.24999937042594,1.5007351605124235,-0.04999999776482582
-27.449999447911978,-22.299999371170998,1.5269916296512345,-0.019722433540455508
-27.449999447911978,-22.399999372661114,1.491892456780025,-0.05857864165534806
-27.39999944716692,-22.449999373406172,1.5219175614308271,-0.041886114635500564
-27.39999944716692,-22.49999937415123,1.5007351605124235,-0.04999999776482582
-27.34999944642186,-22.549999374896288,1.5269916296512345,-0.019722433540455508
-27.34999944642186,-22.649999376386404,1.491892456780025,-0.05857864165534806
-27.299999445676804,-22.699999377131462,1.5219175614308271,-0.041886114635500564
-27.299999445676804,-22.74999937787652,1.500000025331974,-0.04999999776482582
-27.249999444931746,-22.799999378621578,1.5219175614308271,-0.019722433540455508
-27.249999444931746,-22.849999379366636,1.5007351605124235,-0.041886114635500564
-27.199999444186687,-22.899999380111694,1.5269916296512345,-0.019722433540455508
-27.199999444186687,-22.99999938160181,1.491892456780025,-0.04999999776482582
-27.14999944344163,-23.04999938234687,1.5219175614308271,-0.019722433540455508
-27.14999944344163,-23.099999383091927,1.5007351605124235,-0.041886114635500564
-27.09999944269657,-23.149999383836985,1.5269916296512345,-0.019722433540455508
-27.09999944269657,-23.2499993853271,1.491892456780025,-0.04999999776482582
-27.049999441951513,-23.29999938607216,1.5219175614308271,-0.019722433540455508
-27.049999441951513,-23.349999386817217,1.5007351605124235,-0.041886114635500564
-26.999999441206455,-23.399999387562275,1.5269916296512345,-0.019722433540455508
-26.999999441206455,-23.49999938905239,1.491892456780025,-0.04999999776482582
-26.949999440461397,-23.54999938979745,1.5219175614308271,-0.019722433540455508
-26.949999440461397,-23.599999390542507,1.5007351605124235,-0.041886114635500564
-26.89999943971634,-23.649999391287565,1.5269916296512345,-0.019722433540455508
-26.89999943971634,-23.74999939277768,1.491892456780025,-0.04999999776482582
-26.84999943897128,-23.79999939352274,1.5219175614308271,-0.019722433540455508
-26.84999943897128,-23.849999394267797,1.5007351605124235,-0.041886114635500564
-26.799999438226223,-23.899999395012856,1.5269916296512345,-0.019722433540455508
-26.799999438226223,-23.99999939650297,1.491892456780025,-0.04999999776482582
-26.749999437481165,-24.04999939724803,1.5219175614308271,-0.019722433540455508
-26.749999437481165,-24.099999397993088,1.5007351605124235,-0.041886114635500564
-26.699999436736107,-24.149999398738146,1.5269916296512345,-0.019722433540455508
-26.699999436736107,-24.199999399483204,1.5088007745266214,-0.041886114635500564
-26.64999943599105,-24.249999400228262,1.5392527390094939,2.9802322387695306e-09
-26.64999943599105,-24.349999401718378,1.500000025331974,-0.041886114635500564
-26.59999943524599,-24.399999402463436,1.5219175614308271,-0.019722433540455508
-26.59999943524599,-24.449999403208494,1.5007351605124235,-0.041886114635500564
-26.549999434500933,-24.499999403953552,1.5269916296512345,2.9802322387695306e-09
-26.549999434500933,-24.59999940544367,1.491892456780025,-0.041886114635500564
-26.499999433755875,-24.649999406188726,1.5219175614308271,-0.019722433540455508
-26.499999433755875,-24.699999406933784,1.5007351605124235,-0.041886114635500564
-26.449999433010817,-24.749999407678843,1.5269916296512345,2.9802322387695306e-09
-26.449999433010817,-24.84999940916896,1.491892456780025,-0.041886114635500564
-26.39999943226576,-24.899999409914017,1.5219175614308271,-0.019722433540455508
-26.39999943226576,-24.949999410659075,1.5007351605124235,-0.041886114635500564
-26.3499994315207,-24.999999411404133,1.5269916296512345,2.9802322387695306e-09
-26.3499994315207,-25.09999941289425,1.491892456780025,-0.041886114635500564
-26.299999430775642,-25.149999413639307,1.5219175614308271,-0.019722433540455508
-26.299999430775642,-25.199999414384365,1.5007351605124235,-0.041886114635500564
-26.249999430030584,-25.249999415129423,1.5269916296512345,2.9802322387695306e-09
-26.249999430030584,-25.34999941661954,1.491892456780025,-0.041886114635500564
-26.199999429285526,-25.399999417364597,1.5219175614308271,-0.019722433540455508
-26.199999429285526,-25.449999418109655,1.5007351605124235,-0.041886114635500564
-26.149999428540468,-25.499999418854713,1.5269916296512345,2.9802322387695306e-09
-26.149999428540468,-25.59999942034483,1.491892456780025,-0.041886114635500564
-26.09999942779541,-25.649999421089888,1.5219175614308271,-0.019722433540455508
-26.09999942779541,-25.699999421834946,1.500000025331974,-0.041886114635500564
-26.049999427050352,-25.749999422580004,1.5219175614308271,2.9802322387695306e-09
-26.049999427050352,-25.84999942407012,1.48077365644264,-0.041886114635500564
-25.999999426305294,-25.899999424815178,1.5088007745266214,-0.019722433540455508
-25.999999426305294,-25.949999425560236,1.491892456780025,-0.041886114635500564
-25.949999425560236,-25.999999426305294,1.5219175614308271,2.9802322387695306e-09
-25.949999425560236,-26.09999942779541,1.48077365644264,-0.041886114635500564
-25.899999424815178,-26.149999428540468,1.5088007745266214,-0.019722433540455508
-25.899999424815178,-26.199999429285526,1.491892456780025,-0.041886114635500564
-25.84999942407012,-26.249999430030584,1.5219175614308271,2.9802322387695306e-09
-25.84999942407012,-26.3499994315207,1.48077365644264,-0.041886114635500564
-25.799999423325062,-26.39999943226576,1.5088007745266214,-0.019722433540455508
-25.799999423325062,-26.449999433010817,1.491892456780025,-0.041886114635500564
-25.749999422580004,-26.499999433755875,1.5219175614308271,2.9802322387695306e-09
-25.749999422580004,-26.59999943524599,1.48077365644264,-0.041886114635500564
-25.699999421834946,-26.64999943599105,1.5088007745266214,-0.019722433540455508
-25.699999421834946,-26.699999436736107,1.491892456780025,-0.041886114635500564
-25.649999421089888,-26.749999437481165,1.5219175614308271,2.9802322387695306e-09
-25.649999421089888,-26.84999943897128,1.48077365644264,-0.041886114635500564
-25.59999942034483,-26.89999943971634,1.5088007745266214,-0.019722433540455508
-25.59999942034483,-26.949999440461397,1.491892456780025,-0.041886114635500564
-25.54999941959977,-26.999999441206455,1.5219175614308271,2.9802322387695306e-09
-25.54999941959977,-27.09999944269657,1.4770510081148494,-0.041886114635500564
-25.499999418854713,-27.14999944344163,1.5007351605124235,-0.019722433540455508
-25.499999418854713,-27.199999444186687,1.48077365644264,-0.041886114635500564
-25.449999418109655,-27.249999444931746,1.5088007745266214,2.9802322387695306e-09
-25.449999418109655,-27.34999944642186,1.476305486402919,-0.041886114635500564
-25.399999417364597,-27.39999944716692,1.5007351605124235,-0.019722433540455508
-25.399999417364597,-27.449999447911978,1.48077365644264,-0.041886114635500564
-25.34999941661954,-27.499999448657036,1.5088007745266214,2.9802322387695306e-09
-25.34999941661954,-27.599999450147152,1.476305486402919,-0.041886114635500564
-25.29999941587448,-27.64999945089221,1.5007351605124235,-0.019722433540455508
-25.29999941587448,-27.699999451637268,1.48077365644264,-0.041886114635500564
-25.249999415129423,-27.749999452382326,1.5088007745266214,2.9802322387695306e-09
-25.249999415129423,-27.849999453872442,1.476305486402919,-0.041886114635500564
-25.199999414384365,-27.8999994546175,1.5007351605124235,-0.019722433540455508
-25.199999414384365,-27.94999945536256,1.48077365644264,-0.041886114635500564
-25.149999413639307,-27.999999456107616,1.5088007745266214,2.9802322387695306e-09
-25.149999413639307,-28.099999457597733,1.476305486402919,-0.041886114635500564
-25.09999941289425,-28.14999945834279,1.5007351605124235,-0.019722433540455508
-25.09999941289425,-28.19999945908785,1.48077365644264,-0.041886114635500564
-25.04999941214919,-28.249999459832907,1.5088007745266214,-0.019722433540455508
-25.04999941214919,-28.349999461323023,1.476305486402919,-0.04999999776482582
-24.999999411404133,-28.39999946206808,1.500000025331974,-0.019722433540455508
-24.999999411404133,-28.44999946281314,1.4770510081148494,-0.041886114635500564
-24.949999410659075,-28.499999463558197,1.5007351605124235,-0.019722433540455508
-24.949999410659075,-28.599999465048313,1.4620770386263438,-0.04999999776482582
-24.899999409914017,-28.64999946579337,1.491892456780025,-0.019722433540455508
-24.899999409914017,-28.69999946653843,1.476305486402919,-0.041886114635500564
-24.84999940916896,-28.749999467283487,1.5007351605124235,-0.019722433540455508
-24.84999940916896,-28.849999468773603,1.4620770386263438,-0.04999999776482582
-24.7999994084239,-28.89999946951866,1.491892456780025,-0.019722433540455508
-24.7999994084239,-28.94999947026372,1.476305486402919,-0.041886114635500564
-24.749999407678843,-28.999999471008778,1.5007351605124235,-0.019722433540455508
-24.749999407678843,-29.099999472498894,1.4620770386263438,-0.04999999776482582
-24.699999406933784,-29.149999473243952,1.491892456780025,-0.019722433540455508
-24.699999406933784,-29.19999947398901,1.476305486402919,-0.041886114635500564
-24.649999406188726,-29.249999474734068,1.5007351605124235,-0.019722433540455508
-24.649999406188726,-29.349999476224184,1.4620770386263438,-0.04999999776482582
-24.59999940544367,-29.399999476969242,1.491892456780025,-0.019722433540455508
-24.59999940544367,-29.4499994777143,1.476305486402919,-0.041886114635500564
-24.54999940469861,-29.499999478459358,1.5007351605124235,-0.019722433540455508
-24.54999940469861,-29.549999479204416,1.48077365644264,-0.041886114635500564
-24.499999403953552,-29.599999479949474,1.5088007745266214,2.9802322387695306e-09
-24.499999403953552,-29.69999948143959,1.476305486402919,-0.041886114635500564
-24.449999403208494,-29.74999948218465,1.5007351605124235,-0.019722433540455508
-24.449999403208494,-29.799999482929707,1.48077365644264,-0.041886114635500564
-24.399999402463436,-29.849999483674765,1.5088007745266214,2.9802322387695306e-09
-24.399999402463436,-29.94999948516488,1.476305486402919,-0.041886114635500564
-24.349999401718378,-29.99999948590994,1.500000025331974,-0.019722433540455508
-24.349999401718378,-30.049999486654997,1.4770510081148494,-0.041886114635500564
-24.29999940097332,-30.099999487400055,1.5007351605124235,2.9802322387695306e-09
-24.29999940097332,-30.19999948889017,1.4620770386263438,-0.041886114635500564
-24.249999400228262,-30.24999948963523,1.491892456780025,-0.019722433540455508
-24.249999400228262,-30.299999490380287,1.476305486402919,-0.041886114635500564
-24.199999399483204,-30.349999491125345,1.5007351605124235,2.9802322387695306e-09
-24.199999399483204,-30.44999949261546,1.4620770386263438,-0.041886114635500564
-24.149999398738146,-30.49999949336052,1.491892456780025,-0.019722433540455508
-24.149999398738146,-30.549999494105577,1.476305486402919,-0.041886114635500564
-24.099999397993088,-30.599999494850636,1.5007351605124235,2.9802322387695306e-09
-24.099999397993088,-30.69999949634075,1.4620770386263438,-0.041886114635500564
-24.04999939724803,-30.74999949708581,1.491892456780025,-0.019722433540455508
-24.04999939724803,-30.799999497830868,1.476305486402919,-0.041886114635500564
-23.99999939650297,-30.849999498575926,1.5007351605124235,2.9802322387695306e-09
-23.99999939650297,-30.949999500066042,1.4620770386263438,-0.041886114635500564
-23.949999395757914,-30.9999995008111,1.491892456780025,-0.019722433540455508
-23.949999395757914,-31.049999501556158,1.476305486402919,-0.041886114635500564
-23.899999395012856,-31.099999502301216,1.5007351605124235,2.9802322387695306e-09
-23.899999395012856,-31.199999503791332,1.4620770386263438,-0.041886114635500564
-23.849999394267797,-31.24999950453639,1.491892456780025,-0.019722433540455508
-23.849999394267797,-31.29999950528145,1.476305486402919,-0.041886114635500564
-23.79999939352274,-31.349999506026506,1.500000025331974,2.9802322387695306e-09
-23.79999939352274,-31.449999507516623,1.4552945603904957,-0.041886114635500564
-23.74999939277768,-31.49999950826168,1.48077365644264,-0.019722433540455508
-23.74999939277768,-31.54999950900674,1.4620770386263438,-0.041886114635500564
-23.699999392032623,-31.599999509751797,1.491892456780025,2.9802322387695306e-09
-23.699999392032623,-31.699999511241913,1.4552945603904957,-0.041886114635500564
-23.649999391287565,-31.74999951198697,1.48077365644264,-0.019722433540455508
-23.649999391287565,-31.79999951273203,1.4620770386263438,-0.041886114635500564
-23.599999390542507,-31.849999513477087,1.491892456780025,2.9802322387695306e-09
-23.599999390542507,-31.949999514967203,1.4552945603904957,-0.041886114635500564
-23.54999938979745,-31.99999951571226,1.48077365644264,-0.019722433540455508
-23.54999938979745,-32.04999951645732,1.4620770386263438,-0.041886114635500564
-23.49999938905239,-32.09999951720238,1.491892456780025,2.9802322387695306e-09
-23.49999938905239,-32.19999951869249,1.4552945603904957,-0.041886114635500564
-23.449999388307333,-32.24999951943755,1.48077365644264,-0.019722433540455508
-23.449999388307333,-32.29999952018261,1.4620770386263438,-0.041886114635500564
-23.399999387562275,-32.34999952092767,1.491892456780025,2.9802322387695306e-09
-23.399999387562275,-32.449999522417784,1.4552945603904957,-0.041886114635500564
-23.349999386817217,-32.49999952316284,1.48077365644264,-0.019722433540455508
-23.349999386817217,-32.5499995239079,1.4620770386263438,-0.041886114635500564
-23.29999938607216,-32.59999952465296,1.491892456780025,2.9802322387695306e-09
-23.29999938607216,-32.699999526143074,1.4552945603904957,-0.041886114635500564
-23.2499993853271,-32.74999952688813,1.4770510081148494,-0.019722433540455508
-23.2499993853271,-32.79999952763319,1.4552945603904957,-0.041886114635500564
-23.199999384582043,-32.84999952837825,1.48077365644264,2.9802322387695306e-09
-23.199999384582043,-32.949999529868364,1.4446884448476198,-0.041886114635500564
-23.149999383836985,-32.99999953061342,1.476305486402919,-0.019722433540455508
-23.149999383836985,-33.04999953135848,1.4552945603904957,-0.041886114635500564
-23.099999383091927,-33.09999953210354,1.48077365644264,2.9802322387695306e-09
-23.099999383091927,-33.199999533593655,1.4446884448476198,-0.041886114635500564
-23.04999938234687,-33.24999953433871,1.476305486402919,-0.019722433540455508
-23.04999938234687,-33.29999953508377,1.4552945603904957,-0.041886114635500564
-22.99999938160181,-33.34999953582883,1.48077365644264,2.9802322387695306e-09
-22.99999938160181,-33.449999537318945,1.4446884448476198,-0.041886114635500564
-22.949999380856752,-33.499999538064,1.476305486402919,-0.019722433540455508
-22.949999380856752,-33.54999953880906,1.4552945603904957,-0.041886114635500564
-22.899999380111694,-33.59999953955412,1.48077365644264,2.9802322387695306e-09
-22.899999380111694,-33.699999541044235,1.4446884448476198,-0.041886114635500564
-22.849999379366636,-33.74999954178929,1.476305486402919,-0.019722433540455508
-22.849999379366636,-33.79999954253435,1.4552945603904957,-0.041886114635500564
-22.799999378621578,-33.84999954327941,1.48077365644264,2.9802322387695306e-09
-22.799999378621578,-33.949999544769526,1.4446884448476198,-0.041886114635500564
-22.74999937787652,-33.999999545514584,1.476305486402919,-0.019722433540455508
-22.74999937787652,-34.04999954625964,1.4552945603904957,-0.041886114635500564
-22.699999377131462,-34.0999995470047,1.48077365644264,2.9802322387695306e-09
-22.699999377131462,-34.199999548494816,1.4446884448476198,-0.041886114635500564
-22.649999376386404,-34.249999549239874,1.476305486402919,-0.019722433540455508
-22.649999376386404,-34.29999954998493,1.4552945603904957,-0.041886114635500564
-22.599999375641346,-34.34999955072999,1.4770510081148494,2.9802322387695306e-09
-22.599999375641346,-34.449999552220106,1.4347782967872762,-0.041886114635500564
-22.549999374896288,-34.499999552965164,1.4620770386263438,-0.019722433540455508
-22.549999374896288,-34.54999955371022,1.4446884448476198,-0.041886114635500564
-22.49999937415123,-34.59999955445528,1.476305486402919,-0.019722433540455508
-22.49999937415123,-34.699999555945396,1.4347782967872762,-0.04999999776482582
-22.449999373406172,-34.749999556690454,1.4620770386263438,-0.019722433540455508
-22.449999373406172,-34.79999955743551,1.4446884448476198,-0.041886114635500564
-22.399999372661114,-34.84999955818057,1.476305486402919,-0.019722433540455508
-22.399999372661114,-34.94999955967069,1.4347782967872762,-0.04999999776482582
-22.349999371916056,-34.999999560415745,1.4620770386263438,-0.019722433540455508
-22.349999371916056,-35.0499995611608,1.4446884448476198,-0.041886114635500564
-22.299999371170998,-35.09999956190586,1.476305486402919,-0.019722433540455508
-22.299999371170998,-35.19999956339598,1.4347782967872762,-0.04999999776482582
-22.24999937042594,-35.249999564141035,1.4620770386263438,-0.019722433540455508
-22.24999937042594,-35.29999956488609,1.4446884448476198,-0.041886114635500564
-22.19999936968088,-35.34999956563115,1.476305486402919,-0.019722433540455508
-22.19999936968088,-35.44999956712127,1.4347782967872762,-0.04999999776482582
-22.149999368935823,-35.499999567866325,1.4620770386263438,-0.019722433540455508
-22.149999368935823,-35.54999956861138,1.4446884448476198,-0.041886114635500564
-22.099999368190765,-35.59999956935644,1.476305486402919,-0.019722433540455508
-22.099999368190765,-35.69999957084656,1.4324827960573399,-0.04999999776482582
-22.049999367445707,-35.749999571591616,1.4552945603904957,-0.019722433540455508
-22.049999367445707,-35.799999572336674,1.4347782967872762,-0.041886114635500564
-21.99999936670065,-35.84999957308173,1.4620770386263438,-0.019722433540455508
-21.99999936670065,-35.89999957382679,1.4446884448476198,-0.041886114635500564
-21.94999936595559,-35.94999957457185,1.476305486402919,2.9802322387695306e-09
-21.94999936595559,-36.049999576061964,1.4347782967872762,-0.041886114635500564
-21.899999365210533,-36.09999957680702,1.4620770386263438,-0.019722433540455508
-21.899999365210533,-36.14999957755208,1.4446884448476198,-0.041886114635500564
-21.849999364465475,-36.19999957829714,1.476305486402919,2.9802322387695306e-09
-21.849999364465475,-36.299999579787254,1.4347782967872762,-0.041886114635500564
-21.799999363720417,-36.34999958053231,1.4620770386263438,-0.019722433540455508
-21.799999363720417,-36.39999958127737,1.4446884448476198,-0.041886114635500564
-21.74999936297536,-36.44999958202243,1.476305486402919,2.9802322387695306e-09
-21.74999936297536,-36.549999583512545,1.4347782967872762,-0.041886114635500564
-21.6999993622303,-36.5999995842576,1.4620770386263438,-0.019722433540455508
-21.6999993622303,-36.64999958500266,1.4446884448476198,-0.041886114635500564
-21.649999361485243,-36.69999958574772,1.476305486402919,2.9802322387695306e-09
-21.649999361485243,-36.799999587237835,1.4347782967872762,-0.041886114635500564
-21.599999360740185,-36.84999958798289,1.4620770386263438,-0.019722433540455508
-21.599999360740185,-36.89999958872795,1.4446884448476198,-0.041886114635500564
-21.549999359995127,-36.94999958947301,1.476305486402919,2.9802322387695306e-09
-21.549999359995127,-37.049999590963125,1.4324827960573399,-0.041886114635500564
-21.49999935925007,-37.09999959170818,1.4552945603904957,-0.019722433540455508
-21.49999935925007,-37.14999959245324,1.4347782967872762,-0.041886114635500564
-21.44999935850501,-37.1999995931983,1.4620770386263438,2.9802322387695306e-09
-21.44999935850501,-37.299999594688416,1.4286497717590054,-0.041886114635500564
-21.399999357759953,-37.349999595433474,1.4552945603904957,-0.019722433540455508
-21.399999357759953,-37.39999959617853,1.4347782967872762,-0.041886114635500564
-21.349999357014894,-37.44999959692359,1.4620770386263438,2.9802322387695306e-09
-21.349999357014894,-37.549999598413706,1.4286497717590054,-0.041886114635500564
-21.299999356269836,-37.599999599158764,1.4552945603904957,-0.019722433540455508
-21.299999356269836,-37.64999959990382,1.4347782967872762,-0.041886114635500564
-21.24999935552478,-37.69999960064888,1.4620770386263438,2.9802322387695306e-09
-21.24999935552478,-37.799999602138996,1.4286497717590054,-0.041886114635500564
-21.19999935477972,-37.849999602884054,1.4552945603904957,-0.019722433540455508
-21.19999935477972,-37.89999960362911,1.4347782967872762,-0.041886114635500564
-21.149999354034662,-37.94999960437417,1.4620770386263438,2.9802322387695306e-09
-21.149999354034662,-38.049999605864286,1.4286497717590054,-0.041886114635500564
-21.099999353289604,-38.099999606609344,1.4552945603904957,-0.019722433540455508
-21.099999353289604,-38.1499996073544,1.4347782967872762,-0.041886114635500564
-21.049999352544546,-38.19999960809946,1.4620770386263438,2.9802322387695306e-09
-21.049999352544546,-38.29999960958958,1.4286497717590054,-0.041886114635500564
-20.999999351799488,-38.349999610334635,1.4552945603904957,-0.019722433540455508
-20.999999351799488,-38.39999961107969,1.4324827960573399,-0.041886114635500564
-20.94999935105443,-38.44999961182475,1.4552945603904957,2.9802322387695306e-09
-20.94999935105443,-38.49999961256981,1.4347782967872762,-0.019722433540455508
-20.899999350309372,-38.54999961331487,1.4620770386263438,0.006155284352836106
-20.899999350309372,-38.64999961480498,1.4286497717590054,-0.041886114635500564
-20.849999349564314,-38.69999961555004,1.4552945603904957,2.9802322387695306e-09
-20.849999349564314,-38.7499996162951,1.4347782967872762,-0.019722433540455508
-20.799999348819256,-38.79999961704016,1.4620770386263438,0.006155284352836106
-20.799999348819256,-38.89999961853027,1.4286497717590054,-0.041886114635500564
-20.749999348074198,-38.94999961927533,1.4552945603904957,2.9802322387695306e-09
-20.749999348074198,-38.99999962002039,1.4347782967872762,-0.019722433540455508
-20.69999934732914,-39.04999962076545,1.4620770386263438,0.006155284352836106
-20.69999934732914,-39.149999622255564,1.4286497717590054,-0.041886114635500564
-20.64999934658408,-39.19999962300062,1.4552945603904957,2.9802322387695306e-09
-20.64999934658408,-39.24999962374568,1.4347782967872762,-0.019722433540455508
-20.599999345839024,-39.29999962449074,1.4620770386263438,0.006155284352836106
-20.599999345839024,-39.399999625980854,1.4286497717590054,-0.041886114635500564
-20.549999345093966,-39.44999962672591,1.4552945603904957,2.9802322387695306e-09
-20.549999345093966,-39.49999962747097,1.4347782967872762,-0.019722433540455508
-20.499999344348907,-39.54999962821603,1.4620770386263438,0.006155284352836106
-20.499999344348907,-39.649999629706144,1.4286497717590054,-0.041886114635500564
-20.44999934360385,-39.6999996304512,1.4552945603904957,2.9802322387695306e-09
-20.44999934360385,-39.74999963119626,1.4347782967872762,-0.019722433540455508
-20.39999934285879,-39.79999963194132,1.4620770386263438,0.006155284352836106
-20.39999934285879,-39.84999963268638,1.4446884448476198,-0.019722433540455508
-20.349999342113733,-39.899999633431435,1.476305486402919,0.006155284352836106
-20.349999342113733,-39.99999963492155,1.4324827960573399,-0.019722433540455508
-20.299999341368675,-40.04999963566661,1.4552945603904957,0.006155284352836106
-20.299999341368675,-40.09999963641167,1.4347782967872762,-0.019722433540455508
-20.249999340623617,-40.149999637156725,1.4620770386263438,0.006155284352836106
-20.249999340623617,-40.24999963864684,1.4286497717590054,-0.019722433540455508
-20.19999933987856,-40.2999996393919,1.4552945603904957,0.006155284352836106
-20.19999933987856,-40.34999964013696,1.4347782967872762,-0.019722433540455508
-20.1499993391335,-40.399999640882015,1.4620770386263438,0.006155284352836106
-20.1499993391335,-40.49999964237213,1.4286497717590054,-0.019722433540455508
-20.099999338388443,-40.54999964311719,1.4552945603904957,0.006155284352836106
-20.099999338388443,-40.59999964386225,1.4347782967872762,-0.019722433540455508
-20.049999337643385,-40.649999644607306,1.4620770386263438,0.006155284352836106
-20.049999337643385,-40.74999964609742,1.4286497717590054,-0.019722433540455508
-19.999999336898327,-40.79999964684248,1.4552945603904957,0.006155284352836106
-19.999999336898327,-40.84999964758754,1.4347782967872762,-0.019722433540455508
-19.94999933615327,-40.899999648332596,1.4620770386263438,0.006155284352836106
-19.94999933615327,-40.99999964982271,1.4286497717590054,-0.041886114635500564
-19.89999933540821,-41.04999965056777,1.4552945603904957,2.9802322387695306e-09
-19.89999933540821,-41.09999965131283,1.4347782967872762,-0.019722433540455508
-19.849999334663153,-41.149999652057886,1.4620770386263438,0.006155284352836106
-19.849999334663153,-41.249999653548,1.4286497717590054,-0.041886114635500564
-19.799999333918095,-41.29999965429306,1.4552945603904957,2.9802322387695306e-09
-19.799999333918095,-41.34999965503812,1.4324827960573399,-0.019722433540455508
-19.749999333173037,-41.399999655783176,1.4552945603904957,0.006155284352836106
-19.749999333173037,-41.49999965727329,1.4155494662139136,-0.041886114635500564
-19.69999933242798,-41.54999965801835,1.4446884448476198,-0.019722433540455508
-19.69999933242798,-41.59999965876341,1.4286497717590054,-0.041886114635500564
-19.64999933168292,-41.64999965950847,1.4552945603904957,-0.019722433540455508
-19.64999933168292,-41.74999966099858,1.4155494662139136,-0.05857864165534806
-19.599999330937862,-41.79999966174364,1.4446884448476198,-0.041886114635500564
-19.599999330937862,-41.8499996624887,1.4286497717590054,-0.04999999776482582
-19.549999330192804,-41.89999966323376,1.4552945603904957,-0.019722433540455508
-19.549999330192804,-41.99999966472387,1.4155494662139136,-0.05857864165534806
-19.499999329447746,-42.04999966546893,1.4446884448476198,-0.041886114635500564
-19.499999329447746,-42.09999966621399,1.4286497717590054,-0.05857864165534806
-19.449999328702688,-42.14999966695905,1.4552945603904957,-0.041886114635500564
-19.449999328702688,-42.199999667704105,1.4347782967872762,-0.05857864165534806
-19.39999932795763,-42.24999966844916,1.4620770386263438,-0.041886114635500564
-19.39999932795763,-42.34999966993928,1.4286497717590054,-0.08819659945901004
-19.349999327212572,-42.39999967068434,1.4552945603904957,-0.04999999776482582
-19.349999327212572,-42.449999671429396,1.4324827960573399,-0.05857864165534806
-19.299999326467514,-42.499999672174454,1.45075742652012,-0.041886114635500564
-19.299999326467514,-42.59999967366457,1.3953056371262877,-0.08819659945901004
-19.249999325722456,-42.64999967440963,1.4124515736871104,-0.05857864165534806
-19.249999325722456,-42.699999675154686,1.3882380410934498,-0.08819659945901004
-19.199999324977398,-42.749999675899744,1.4101242428031824,-0.05857864165534806
-19.199999324977398,-42.7999996766448,1.3882380410934498,-0.08819659945901004
-19.14999932423234,-42.84999967738986,1.4101242428031824,-0.05857864165534806
-19.14999932423234,-42.949999678879976,1.3652476075738595,-0.09999999850988388
-19.099999323487282,-42.999999679625034,1.3882380410934498,-0.08819659945901004
-19.099999323487282,-43.04999968037009,1.3652476075738595,-0.09999999850988388
-19.049999322742224,-43.09999968111515,1.3882380410934498,-0.08819659945901004
-19.049999322742224,-43.19999968260527,1.3435349270437755,-0.12928932082767405
-18.999999321997166,-43.249999683350325,1.3652476075738595,-0.09999999850988388
-18.999999321997166,-43.29999968409538,1.3435349270437755,-0.12928932082767405
-18.949999321252108,-43.34999968484044,1.3652476075738595,-0.12928932082767405
-18.949999321252108,-43.3999996855855,1.3435349270437755,-0.14999999925494195
-18.89999932050705,-43.44999968633056,1.3652476075738595,-0.12928932082767405
-18.89999932050705,-43.499999687075615,1.3435349270437755,-0.14999999925494195
-18.84999931976199,-43.54999968782067,1.3652476075738595,-0.12928932082767405
-18.84999931976199,-43.59999968856573,1.3435349270437755,-0.14999999925494195
-18.799999319016933,-43.64999968931079,1.3652476075738595,-0.12928932082767405
-18.799999319016933,-43.749999690800905,1.3206906552346112,-0.16464466041383702
-18.749999318271875,-43.79999969154596,1.3435349270437755,-0.16464466041383702
-18.749999318271875,-43.84999969229102,1.3206906552346112,-0.2
-18.699999317526817,-43.89999969303608,1.3402922030270783,-0.16464466041383702
-18.699999317526817,-43.94999969378114,1.3116216683080153,-0.2
-18.64999931678176,-43.999999694526196,1.3264337749930102,-0.2
-18.64999931678176,-44.049999695271254,1.3000000223517418,-0.2
-18.5999993160367,-44.09999969601631,1.3116216683080153,-0.2
-18.5999993160367,-44.14999969676137,1.2840822300801311,-0.16464466041383702
-18.549999315291643,-44.19999969750643,1.3000000223517418,-0.16464466041383702
-18.549999315291643,-44.249999698251486,1.2705441388980891,-0.14999999925494195
-18.499999314546585,-44.299999698996544,1.2840822300801311,-0.16464466041383702
-18.499999314546585,-44.3499996997416,1.2534442070328695,-0.12928932082767405
-18.449999313801527,-44.39999970048666,1.260308208411311,-0.14999999925494195
-18.449999313801527,-44.44999970123172,1.2300349859166906,-0.12928932082767405
-18.39999931305647,-44.499999701976776,1.242220531676356,-0.12928932082767405
-18.39999931305647,-44.549999702721834,1.2150971908950816,-0.09393398124151106
-18.299999311566353,-44.64999970421195,1.242220531676356,-0.09393398124151106
-18.299999311566353,-44.69999970495701,1.2150971908950816,-0.05857864165534806
-18.249999310821295,-44.749999705702066,1.2300349859166906,-0.05857864165534806
-18.249999310821295,-44.799999706447124,1.2008925934871162,-0.02322330206918508
-18.199999310076237,-44.84999970719218,1.2142135834465193,-0.02322330206918508
-18.199999310076237,-44.89999970793724,1.1788582438603563,0.012132037516977877
-18.14999930933118,-44.9499997086823,1.1788582438603563,0.006155284352836106
-18.14999930933118,-44.99999970942736,1.1435029042741933,0.023606801081979916
-18.049999307841063,-45.09999971091747,1.1435029042741933,0.012132037516977877
-18.049999307841063,-45.14999971166253,1.1086252523302755,0.047487377103140875
-17.949999306350946,-45.24999971315265,1.1200378979145058,0.06925824436898563
-17.949999306350946,-45.299999713897705,1.0903488092840894,0.11622777072899887
-17.799999304115772,-45.44999971613288,1.0747548973935241,0.13541020162296988
-17.799999304115772,-45.49999971687794,1.0379418587607656,0.18078866096738858
-17.699999302625656,-45.59999971836805,1.0206555797625556,0.19051248961442216
-17.699999302625656,-45.64999971911311,0.9800423897045963,0.2301162697613631
-17.399999298155308,-45.94999972358346,0.8965856263134644,0.33851648873797124
-17.399999298155308,-45.99999972432852,0.8511898177453807,0.3830951981733255
-16.899999290704727,-46.4999997317791,0.5826238037869298,0.590569426822497
-16.84999928995967,-46.4999997317791,0.6015609890382593,0.5762087463794127
-16.699999287724495,-46.64999973401427,0.4800735355706574,0.6732124728405287
-16.649999286979437,-46.64999973401427,0.49641942423666396,0.6631338379432997
-16.54999928548932,-46.74999973550439,0.4082762620938444,0.7340770985323035
-16.499999284744263,-46.74999973550439,0.4184658530585083,0.7192388292402375
-16.449999283999205,-46.79999973624945,0.3852350042566623,0.7486833121869966
-16.399999283254147,-46.79999973624945,0.40000000894069676,0.7340770985323035
-16.34999928250909,-46.849999736994505,0.3522680590887983,0.7656604101808596
-16.29999928176403,-46.849999736994505,0.3590170027049498,0.7486833121869966
-16.199999280273914,-46.94999973848462,0.29244289742777607,0.8198039179148193
-16.149999279528856,-46.94999973848462,0.3000000074505806,0.8111874358757011
-16.099999278783798,-46.99999973922968,0.25276926365365854,0.8547511712034664
-16.04999927803874,-46.99999973922968,0.26097722973374027,0.8511898177453807
-15.999999277293682,-47.04999973997474,0.22720019363165536,0.9000000163912774
-15.949999276548624,-47.04999973997474,0.24721360216395982,0.8920164996643914
-15.899999275803566,-47.099999740719795,0.20000000596046447,0.9280514340771239
-15.79999927431345,-47.099999740719795,0.20000000596046447,0.9101801821016996
-15.749999273568392,-47.14999974146485,0.1500000052154064,0.9543396552625206
-15.699999272823334,-47.14999974146485,0.1500000052154064,0.9510864604746585
-15.649999272078276,-47.19999974220991,0.10000000447034836,1.0000000178813935
-15.54999927058816,-47.19999974220991,0.10000000447034836,1.0000000178813935
-15.499999269843102,-47.24999974295497,0.0500000037252903,1.0500000186264515
-15.349999267607927,-47.24999974295497,0.0500000037252903,1.0500000186264515
-15.29999926686287,-47.29999974370003,2.9802322387695306e-09,1.1000000193715096
-15.149999264627695,-47.29999974370003,2.9802322387695306e-09,1.1000000193715096
-15.099999263882637,-47.349999744445086,-0.04999999776482582,1.1500000201165677
-14.599999256432056,-47.349999744445086,-0.04999999776482582,1.1500000201165677
-14.549999255686998,-47.399999745190144,-0.09999999850988388,1.2000000208616257
-13.549999240785837,-47.399999745190144,-0.25000000074505807,1.3524174927588255
-13.49999924004078,-47.349999744445086,-0.2,1.318222667692178
-12.94999923184514,-47.349999744445086,-0.38027756645954447,1.476305486402919
-12.899999231100082,-47.29999974370003,-0.3581138853644994,1.4446884448476198
-12.749999228864908,-47.29999974370003,-0.4061552843528361,1.5007351605124235
-12.69999922811985,-47.24999974295497,-0.38027756645954447,1.476305486402919
-12.599999226629734,-47.24999974295497,-0.4236068010819799,1.5088007745266214
-12.549999225884676,-47.19999974220991,-0.4061552843528361,1.476305486402919
-12.44999922439456,-47.19999974220991,-0.45000000372529025,1.5088007745266214
-12.399999223649502,-47.14999974146485,-0.4061552843528361,1.48077365644264
-12.299999222159386,-47.14999974146485,-0.45000000372529025,1.5219175614308271
-12.249999221414328,-47.099999740719795,-0.4236068010819799,1.500000025331974
-12.149999219924212,-47.099999740719795,-0.4692582443689856,1.5442763802429842
-12.099999219179153,-47.04999973997474,-0.45000000372529025,1.5219175614308271
-12.049999218434095,-47.04999973997474,-0.4692582443689856,1.5442763802429842
-11.999999217689037,-46.99999973922968,-0.45000000372529025,1.5219175614308271
-11.899999216198921,-46.99999973922968,-0.4915475990866628,1.555705012769987
-11.849999215453863,-46.94999973848462,-0.45495097947870483,1.5269916296512345
-11.799999214708805,-46.94999973848462,-0.4692582443689856,1.5464249456810573
-11.749999213963747,-46.89999973773956,-0.45000000372529025,1.5219175614308271
-11.649999212473631,-46.89999973773956,-0.4915475990866628,1.5670597310384706
-11.599999211728573,-46.849999736994505,-0.4692582443689856,1.5442763802429842
-11.549999210983515,-46.849999736994505,-0.4915475990866628,1.5670597310384706
-11.499999210238457,-46.79999973624945,-0.4692582443689856,1.5392527390094939
-11.449999209493399,-46.79999973624945,-0.4915475990866628,1.555705012769987
-11.39999920874834,-46.74999973550439,-0.45495097947870483,1.5269916296512345
-11.349999208003283,-46.74999973550439,-0.4692582443689856,1.5464249456810573
-11.299999207258224,-46.69999973475933,-0.45000000372529025,1.5219175614308271
-11.249999206513166,-46.69999973475933,-0.4692582443689856,1.5442763802429842
-11.199999205768108,-46.64999973401427,-0.45000000372529025,1.5219175614308271
-11.099999204277992,-46.64999973401427,-0.4915475990866628,1.555705012769987
-11.049999203532934,-46.599999733269215,-0.4692582443689856,1.5269916296512345
-10.999999202787876,-46.599999733269215,-0.4915475990866628,1.5464249456810573
-10.949999202042818,-46.54999973252416,-0.45495097947870483,1.5219175614308271
-10.89999920129776,-46.54999973252416,-0.4692582443689856,1.5442763802429842
-10.849999200552702,-46.4999997317791,-0.45000000372529025,1.5219175614308271
-10.799999199807644,-46.4999997317791,-0.4692582443689856,1.5392527390094939
-10.749999199062586,-46.44999973103404,-0.45000000372529025,1.5088007745266214
-10.64999919757247,-46.44999973103404,-0.4915475990866628,1.5464249456810573
-10.599999196827412,-46.39999973028898,-0.4692582443689856,1.5219175614308271
-10.549999196082354,-46.39999973028898,-0.4915475990866628,1.5442763802429842
-10.499999195337296,-46.349999729543924,-0.45495097947870483,1.5219175614308271
-10.449999194592237,-46.349999729543924,-0.4692582443689856,1.5442763802429842
-10.39999919384718,-46.299999728798866,-0.45000000372529025,1.5219175614308271
-10.349999193102121,-46.299999728798866,-0.4692582443689856,1.5392527390094939
-10.299999192357063,-46.24999972805381,-0.45000000372529025,1.5088007745266214
-10.199999190866947,-46.24999972805381,-0.4915475990866628,1.5464249456810573
-10.14999919012189,-46.19999972730875,-0.4692582443689856,1.5219175614308271
-10.099999189376831,-46.19999972730875,-0.4915475990866628,1.5442763802429842
-10.049999188631773,-46.14999972656369,-0.4692582443689856,1.5219175614308271
-9.999999187886715,-46.14999972656369,-0.4915475990866628,1.5392527390094939
-9.949999187141657,-46.099999725818634,-0.45495097947870483,1.5088007745266214
-9.899999186396599,-46.099999725818634,-0.4692582443689856,1.5269916296512345
-9.84999918565154,-46.049999725073576,-0.45000000372529025,1.5007351605124235
-9.749999184161425,-46.049999725073576,-0.4915475990866628,1.5442763802429842
-9.699999183416367,-45.99999972432852,-0.4692582443689856,1.5219175614308271
-9.649999182671309,-45.99999972432852,-0.4915475990866628,1.5442763802429842
-9.59999918192625,-45.94999972358346,-0.4692582443689856,1.5219175614308271
-9.549999181181192,-45.94999972358346,-0.4915475990866628,1.5392527390094939
-9.499999180436134,-45.8999997228384,-0.45495097947870483,1.5088007745266214
-9.399999178946018,-45.8999997228384,-0.4915475990866628,1.5464249456810573
-9.34999917820096,-45.849999722093344,-0.4692582443689856,1.5219175614308271
-9.299999177455902,-45.849999722093344,-0.4915475990866628,1.5442763802429842
-9.249999176710844,-45.799999721348286,-0.4692582443689856,1.5219175614308271
-9.199999175965786,-45.799999721348286,-0.4915475990866628,1.5392527390094939
-9.149999175220728,-45.74999972060323,-0.4692582443689856,1.5088007745266214
-9.09999917447567,-45.74999972060323,-0.4915475990866628,1.5269916296512345
-9.049999173730612,-45.69999971985817,-0.45495097947870483,1.5007351605124235
-8.949999172240496,-45.69999971985817,-0.4915475990866628,1.5442763802429842
-8.899999171495438,-45.64999971911311,-0.4692582443689856,1.5219175614308271
-8.84999917075038,-45.64999971911311,-0.4915475990866628,1.5392527390094939
-8.799999170005322,-45.59999971836805,-0.4692582443689856,1.5088007745266214
-8.749999169260263,-45.59999971836805,-0.4915475990866628,1.5269916296512345
-8.699999168515205,-45.549999717622995,-0.4692582443689856,1.5007351605124235
-8.649999167770147,-45.549999717622995,-0.4915475990866628,1.5219175614308271
-8.59999916702509,-45.49999971687794,-0.45495097947870483,1.500000025331974
-8.499999165534973,-45.49999971687794,-0.4915475990866628,1.5442763802429842
-8.449999164789915,-45.44999971613288,-0.4692582443689856,1.5219175614308271
-8.399999164044857,-45.44999971613288,-0.4915475990866628,1.5392527390094939
-8.349999163299799,-45.39999971538782,-0.4692582443689856,1.5088007745266214
-8.299999162554741,-45.39999971538782,-0.4915475990866628,1.5269916296512345
-8.249999161809683,-45.34999971464276,-0.4692582443689856,1.5007351605124235
-8.149999160319567,-45.34999971464276,-0.5162277707289988,1.5442763802429842
-8.099999159574509,-45.299999713897705,-0.4915475990866628,1.5219175614308271
-8.04999915882945,-45.299999713897705,-0.5041381310469222,1.5442763802429842
-7.9999991580843925,-45.24999971315265,-0.4692582443689856,1.5219175614308271
-7.9499991573393345,-45.24999971315265,-0.4915475990866628,1.5392527390094939
-7.899999156594276,-45.19999971240759,-0.4692582443689856,1.5088007745266214
-7.849999155849218,-45.19999971240759,-0.4915475990866628,1.5269916296512345
-7.79999915510416,-45.14999971166253,-0.4692582443689856,1.5007351605124235
-7.699999153614044,-45.14999971166253,-0.5162277707289988,1.5442763802429842
-7.649999152868986,-45.09999971091747,-0.4915475990866628,1.5219175614308271
-7.599999152123928,-45.09999971091747,-0.5041381310469222,1.5392527390094939
-7.54999915137887,-45.049999710172415,-0.4692582443689856,1.5088007745266214
-7.499999150633812,-45.049999710172415,-0.4915475990866628,1.5269916296512345
-7.449999149888754,-44.99999970942736,-0.4692582443689856,1.5007351605124235
-7.399999149143696,-44.99999970942736,-0.4915475990866628,1.5219175614308271
-7.349999148398638,-44.9499997086823,-0.4692582443689856,1.500000025331974
-7.249999146908522,-44.9499997086823,-0.5162277707289988,1.5442763802429842
-7.199999146163464,-44.89999970793724,-0.4915475990866628,1.5219175614308271
-7.1499991454184055,-44.89999970793724,-0.5041381310469222,1.5392527390094939
-7.0999991446733475,-44.84999970719218,-0.4692582443689856,1.5088007745266214
-7.049999143928289,-44.84999970719218,-0.4915475990866628,1.5269916296512345
-6.999999143183231,-44.799999706447124,-0.4692582443689856,1.5007351605124235
-6.899999141693115,-44.799999706447124,-0.5162277707289988,1.5442763802429842
-6.849999140948057,-44.749999705702066,-0.4915475990866628,1.5219175614308271
-6.799999140202999,-44.749999705702066,-0.5162277707289988,1.5392527390094939
-6.749999139457941,-44.69999970495701,-0.4915475990866628,1.5088007745266214
-6.699999138712883,-44.69999970495701,-0.5162277707289988,1.5269916296512345
-6.649999137967825,-44.64999970421195,-0.4915475990866628,1.5007351605124235
-6.599999137222767,-44.64999970421195,-0.5041381310469222,1.5219175614308271
-6.549999136477709,-44.59999970346689,-0.4692582443689856,1.500000025331974
-6.449999134987593,-44.59999970346689,-0.5162277707289988,1.5442763802429842
-6.399999134242535,-44.549999702721834,-0.4915475990866628,1.5219175614308271
-6.349999133497477,-44.549999702721834,-0.5162277707289988,1.5392527390094939
-6.2999991327524185,-44.499999701976776,-0.4915475990866628,1.5088007745266214
-6.2499991320073605,-44.499999701976776,-0.5162277707289988,1.5269916296512345
-6.199999131262302,-44.44999970123172,-0.4915475990866628,1.5007351605124235
-6.099999129772186,-44.44999970123172,-0.5162277707289988,1.5442763802429842
-6.049999129027128,-44.39999970048666,-0.4915475990866628,1.5219175614308271
-5.99999912828207,-44.39999970048666,-0.5162277707289988,1.5442763802429842
-5.949999127537012,-44.3499996997416,-0.4915475990866628,1.5219175614308271
-5.899999126791954,-44.3499996997416,-0.5162277707289988,1.5392527390094939
-5.849999126046896,-44.299999698996544,-0.4915475990866628,1.5088007745266214
-5.799999125301838,-44.299999698996544,-0.5162277707289988,1.5269916296512345
-5.74999912455678,-44.249999698251486,-0.4915475990866628,1.5007351605124235
-5.649999123066664,-44.249999698251486,-0.5162277707289988,1.5442763802429842
-5.599999122321606,-44.19999969750643,-0.4915475990866628,1.5219175614308271
-5.549999121576548,-44.19999969750643,-0.5162277707289988,1.5442763802429842
-5.49999912083149,-44.14999969676137,-0.4915475990866628,1.5219175614308271
-5.4499991200864315,-44.14999969676137,-0.5162277707289988,1.5442763802429842
-5.399999119341373,-44.09999969601631,-0.4915475990866628,1.5219175614308271
-5.349999118596315,-44.09999969601631,-0.5162277707289988,1.5442763802429842
-5.299999117851257,-44.049999695271254,-0.4915475990866628,1.5219175614308271
-5.199999116361141,-44.049999695271254,-0.5162277707289988,1.5670597310384706
-5.149999115616083,-43.999999694526196,-0.4915475990866628,1.5442763802429842
-5.099999114871025,-43.999999694526196,-0.5162277707289988,1.5677669793081492
-5.049999114125967,-43.94999969378114,-0.4915475990866628,1.5492855945199764
-4.999999113380909,-43.94999969378114,-0.5162277707289988,1.5755281169139006
-4.949999112635851,-43.89999969303608,-0.4915475990866628,1.5613915216276322
-4.899999111890793,-43.89999969303608,-0.5162277707289988,1.5888544086558394
-4.849999111145735,-43.84999969229102,-0.4915475990866628,1.5670597310384706
-4.799999110400677,-43.84999969229102,-0.5162277707289988,1.5888544086558394
-4.749999109655619,-43.79999969154596,-0.4915475990866628,1.5670597310384706
-4.699999108910561,-43.79999969154596,-0.5041381310469222,1.5888544086558394
-4.6499991081655025,-43.749999690800905,-0.4692582443689856,1.5677669793081492
-4.5999991074204445,-43.749999690800905,-0.4915475990866628,1.5923448596015113
-4.549999106675386,-43.69999969005585,-0.4692582443689856,1.5755281169139006
-4.499999105930328,-43.69999969005585,-0.4915475990866628,1.602775664595445
-4.44999910518527,-43.64999968931079,-0.4692582443689856,1.5888544086558394
-4.399999104440212,-43.64999968931079,-0.4915475990866628,1.6117671201967774
-4.349999103695154,-43.59999968856573,-0.4692582443689856,1.5888544086558394
-4.299999102950096,-43.59999968856573,-0.4915475990866628,1.6117671201967774
-4.249999102205038,-43.54999968782067,-0.45495097947870483,1.5888544086558394
-4.19999910145998,-43.54999968782067,-0.4692582443689856,1.6117671201967774
-4.099999099969864,-43.44999968633056,-0.4236068010819799,1.5755281169139006
-4.049999099224806,-43.44999968633056,-0.45000000372529025,1.602775664595445
-3.9999990984797478,-43.3999996855855,-0.4236068010819799,1.5888544086558394
-3.9499990977346897,-43.3999996855855,-0.45000000372529025,1.6117671201967774
-3.8999990969896317,-43.34999968484044,-0.4236068010819799,1.5888544086558394
-3.8499990962445736,-43.34999968484044,-0.45000000372529025,1.6117671201967774
-3.7999990954995155,-43.29999968409538,-0.4236068010819799,1.5888544086558394
-3.7499990947544575,-43.29999968409538,-0.45000000372529025,1.6117671201967774
-3.6499990932643414,-43.19999968260527,-0.41213203751697786,1.5755281169139006
-3.5999990925192833,-43.19999968260527,-0.4474873771031409,1.602775664595445
-3.5499990917742252,-43.14999968186021,-0.4236068010819799,1.5888544086558394
-3.499999091029167,-43.14999968186021,-0.45000000372529025,1.6117671201967774
-3.449999090284109,-43.09999968111515,-0.4474873771031409,1.5888544086558394
-3.399999089539051,-43.09999968111515,-0.4692582443689856,1.6117671201967774
-3.349999088793993,-43.04999968037009,-0.45000000372529025,1.5923448596015113
-3.299999088048935,-43.04999968037009,-0.4828427166893039,1.617965923359587
-3.249999087303877,-42.999999679625034,-0.4692582443689856,1.602775664595445
-3.199999086558819,-42.999999679625034,-0.4915475990866628,1.6309833696438334
-3.0999990850687027,-42.89999967813492,-0.4692582443689856,1.602775664595445
-3.0499990843236446,-42.89999967813492,-0.4915475990866628,1.6309833696438334
-2.9999990835785866,-42.84999967738986,-0.4828427166893039,1.6200274994406525
-2.9499990828335285,-42.84999967738986,-0.5162277707289988,1.6506755799093895
-2.8499990813434124,-42.749999675899744,-0.4828427166893039,1.6309833696438334
-2.7999990805983543,-42.749999675899744,-0.5162277707289988,1.6601075514915895
-2.699999079108238,-42.64999967440963,-0.4828427166893039,1.6439089189349612
-2.64999907836318,-42.64999967440963,-0.5162277707289988,1.672164550582331
-2.499999076128006,-42.499999672174454,-0.4692582443689856,1.6439089189349612
-2.449999075382948,-42.499999672174454,-0.4915475990866628,1.672164550582331
-2.2999990731477737,-42.34999966993928,-0.45000000372529025,1.6439089189349612
-2.2499990724027157,-42.34999966993928,-0.4828427166893039,1.672164550582331
-2.0999990701675415,-42.199999667704105,-0.4474873771031409,1.6439089189349612
-2.0499990694224834,-42.199999667704105,-0.4692582443689856,1.672164550582331
-1.9499990679323673,-42.09999966621399,-0.4474873771031409,1.6506755799093895
-1.8999990671873093,-42.09999966621399,-0.4692582443689856,1.6821530505181366
-1.7999990656971931,-41.99999966472387,-0.4474873771031409,1.6601075514915895
-1.749999064952135,-41.99999966472387,-0.4828427166893039,1.6901058453083515
-1.599999062716961,-41.8499996624887,-0.4474873771031409,1.6601075514915895
-1.5499990619719028,-41.8499996624887,-0.4828427166893039,1.6901058453083515
-1.3999990597367287,-41.699999660253525,-0.4828427166893039,1.6601075514915895
-1.3499990589916706,-41.699999660253525,-0.5162277707289988,1.6901058453083515
-1.0999990552663803,-41.449999656528234,-0.4828427166893039,1.673832998066638
-1.0499990545213223,-41.449999656528234,-0.5181980562754669,1.7091883376528012
-0.19999904185533524,-40.59999964386225,-0.4915475990866628,1.7091883376528012
-0.19999904185533524,-40.54999964311719,-0.4692582443689856,1.673832998066638
0.2500009648501873,-40.09999963641167,-0.5354102016229698,1.6741665093263882
0.2500009648501873,-40.04999963566661,-0.5162277707289988,1.6398369767131167
0.3500009663403034,-39.94999963417649,-0.5181980562754669,1.6506755799093895
0.3500009663403034,-39.899999633431435,-0.4828427166893039,1.6200274994406525
0.5000009685754776,-39.74999963119626,-0.5201562166423417,1.6601075514915895
0.5000009685754776,-39.6999996304512,-0.4915475990866628,1.6309833696438334
0.6000009700655937,-39.599999628961086,-0.5354102016229698,1.6506755799093895
0.6000009700655937,-39.54999962821603,-0.5162277707289988,1.6200274994406525
0.7000009715557098,-39.44999962672591,-0.5354102016229698,1.6445867020561549
0.7000009715557098,-39.399999625980854,-0.5162277707289988,1.617965923359587
0.850000973790884,-39.24999962374568,-0.5535533958616298,1.6601075514915895
0.850000973790884,-39.19999962300062,-0.5201562166423417,1.6309833696438334
0.9500009752810001,-39.099999621510506,-0.560555132919089,1.6506755799093895
0.9500009752810001,-39.04999962076545,-0.5354102016229698,1.6200274994406525
1.0000009760260582,-38.99999962002039,-0.5535533958616298,1.6309833696438334
1.0000009760260582,-38.94999961927533,-0.5201562166423417,1.602775664595445
1.1000009775161743,-38.849999617785215,-0.5535533958616298,1.6309833696438334
1.1000009775161743,-38.79999961704016,-0.5201562166423417,1.602775664595445
1.2000009790062904,-38.69999961555004,-0.560555132919089,1.6200274994406525
1.2000009790062904,-38.64999961480498,-0.5354102016229698,1.59025140567364
1.2500009797513485,-38.599999614059925,-0.5535533958616298,1.602775664595445
1.2500009797513485,-38.54999961331487,-0.5201562166423417,1.5755281169139006
1.3000009804964066,-38.49999961256981,-0.5354102016229698,1.5923448596015113
1.3000009804964066,-38.44999961182475,-0.5162277707289988,1.5677669793081492
1.3500009812414646,-38.39999961107969,-0.5201562166423417,1.5888544086558394
1.3500009812414646,-38.349999610334635,-0.4915475990866628,1.5670597310384706
1.4000009819865227,-38.29999960958958,-0.5162277707289988,1.5888544086558394
1.4000009819865227,-38.24999960884452,-0.4828427166893039,1.5670597310384706
1.4500009827315807,-38.19999960809946,-0.4915475990866628,1.5888544086558394
1.4500009827315807,-38.1499996073544,-0.4692582443689856,1.5670597310384706
1.5000009834766388,-38.099999606609344,-0.4915475990866628,1.5888544086558394
1.5000009834766388,-38.049999605864286,-0.4692582443689856,1.5670597310384706
1.5500009842216969,-37.99999960511923,-0.4828427166893039,1.5888544086558394
1.5500009842216969,-37.94999960437417,-0.45000000372529025,1.5670597310384706
1.600000984966755,-37.89999960362911,-0.4692582443689856,1.5888544086558394
1.600000984966755,-37.849999602884054,-0.4474873771031409,1.5670597310384706
1.650000985711813,-37.799999602138996,-0.45000000372529025,1.5888544086558394
1.650000985711813,-37.74999960139394,-0.4236068010819799,1.5670597310384706
1.700000986456871,-37.69999960064888,-0.4474873771031409,1.5888544086558394
1.700000986456871,-37.64999959990382,-0.41213203751697786,1.5670597310384706
1.750000987201929,-37.599999599158764,-0.4236068010819799,1.5888544086558394
1.750000987201929,-37.549999598413706,-0.4061552843528361,1.5670597310384706
1.8000009879469872,-37.49999959766865,-0.4236068010819799,1.5888544086558394
1.8000009879469872,-37.44999959692359,-0.4061552843528361,1.5670597310384706
1.8500009886920452,-37.39999959617853,-0.4236068010819799,1.5923448596015113
1.8500009886920452,-37.349999595433474,-0.4061552843528361,1.5734148115227595
1.9000009894371033,-37.299999594688416,-0.4236068010819799,1.602775664595445
1.9000009894371033,-37.1999995931983,-0.38027756645954447,1.5670597310384706
1.9500009901821613,-37.14999959245324,-0.4061552843528361,1.5888544086558394
1.9500009901821613,-37.09999959170818,-0.38027756645954447,1.5670597310384706
2.0000009909272194,-37.049999590963125,-0.4061552843528361,1.5888544086558394
2.0000009909272194,-36.99999959021807,-0.38027756645954447,1.5670597310384706
2.0500009916722775,-36.94999958947301,-0.4061552843528361,1.5888544086558394
2.0500009916722775,-36.84999958798289,-0.3581138853644994,1.5442763802429842
2.1000009924173355,-36.799999587237835,-0.38027756645954447,1.5670597310384706
2.1000009924173355,-36.74999958649278,-0.3581138853644994,1.5442763802429842
2.1500009931623936,-36.69999958574772,-0.38027756645954447,1.5670597310384706
2.1500009931623936,-36.64999958500266,-0.3581138853644994,1.5464249456810573
2.2000009939074516,-36.5999995842576,-0.38027756645954447,1.5734148115227595
2.2000009939074516,-36.49999958276749,-0.341421358344652,1.5392527390094939
2.2500009946525097,-36.44999958202243,-0.3581138853644994,1.5670597310384706
2.2500009946525097,-36.39999958127737,-0.341421358344652,1.5464249456810573
2.3000009953975677,-36.34999958053231,-0.3581138853644994,1.5734148115227595
2.3000009953975677,-36.299999579787254,-0.341421358344652,1.555705012769987
2.350000996142626,-36.249999579042196,-0.3581138853644994,1.5867568651453154
2.350000996142626,-36.14999957755208,-0.31180340054099,1.5464249456810573
2.400000996887684,-36.09999957680702,-0.341421358344652,1.5734148115227595
2.400000996887684,-36.049999576061964,-0.31180340054099,1.555705012769987
2.450000997632742,-35.999999575316906,-0.341421358344652,1.5867568651453154
2.450000997632742,-35.89999957382679,-0.30000000149011613,1.5442763802429842
2.5000009983778,-35.84999957308173,-0.31180340054099,1.5670597310384706
2.5000009983778,-35.749999571591616,-0.30000000149011613,1.5269916296512345
2.550000999122858,-35.69999957084656,-0.31180340054099,1.555705012769987
2.550000999122858,-35.59999956935644,-0.30000000149011613,1.5219175614308271
2.600000999867916,-35.54999956861138,-0.31180340054099,1.5464249456810573
2.600000999867916,-35.499999567866325,-0.30000000149011613,1.5269916296512345
2.650001000612974,-35.44999956712127,-0.341421358344652,1.555705012769987
2.650001000612974,-35.34999956563115,-0.30000000149011613,1.5219175614308271
2.7000010013580322,-35.29999956488609,-0.341421358344652,1.5464249456810573
2.7000010013580322,-35.249999564141035,-0.31180340054099,1.5269916296512345
2.7500010021030903,-35.19999956339598,-0.3500000022351742,1.555705012769987
2.7500010021030903,-35.09999956190586,-0.31180340054099,1.5219175614308271
2.8000010028481483,-35.0499995611608,-0.3500000022351742,1.5464249456810573
2.8000010028481483,-34.999999560415745,-0.3500000022351742,1.5269916296512345
2.8500010035932064,-34.94999955967069,-0.38027756645954447,1.555705012769987
2.8500010035932064,-34.84999955818057,-0.3500000022351742,1.5219175614308271
2.9000010043382645,-34.79999955743551,-0.38027756645954447,1.5442763802429842
2.9000010043382645,-34.699999555945396,-0.3500000022351742,1.5007351605124235
2.9500010050833225,-34.64999955520034,-0.38027756645954447,1.5269916296512345
2.9500010050833225,-34.54999955371022,-0.3500000022351742,1.491892456780025
3.0000010058283806,-34.499999552965164,-0.38027756645954447,1.5219175614308271
3.0000010058283806,-34.39999955147505,-0.3500000022351742,1.48077365644264
3.0500010065734386,-34.34999955072999,-0.38027756645954447,1.5088007745266214
3.0500010065734386,-34.249999549239874,-0.3500000022351742,1.476305486402919
3.1000010073184967,-34.199999548494816,-0.38027756645954447,1.5007351605124235
3.1000010073184967,-34.0999995470047,-0.3500000022351742,1.4620770386263438
3.1500010080635548,-34.04999954625964,-0.38027756645954447,1.491892456780025
3.1500010080635548,-33.949999544769526,-0.3500000022351742,1.4620770386263438
3.200001008808613,-33.89999954402447,-0.38027756645954447,1.491892456780025
3.200001008808613,-33.79999954253435,-0.3500000022351742,1.4620770386263438
3.250001009553671,-33.74999954178929,-0.40000000298023225,1.491892456780025
3.250001009553671,-33.64999954029918,-0.3581138853644994,1.4620770386263438
3.300001010298729,-33.59999953955412,-0.40000000298023225,1.491892456780025
3.300001010298729,-33.449999537318945,-0.3500000022351742,1.4446884448476198
3.350001011043787,-33.39999953657389,-0.38027756645954447,1.476305486402919
3.350001011043787,-33.199999533593655,-0.31180340054099,1.41400126320739
3.400001011788845,-33.1499995328486,-0.3500000022351742,1.4446884448476198
3.400001011788845,-32.949999529868364,-0.31180340054099,1.3811388536449942
3.450001012533903,-32.899999529123306,-0.3500000022351742,1.41400126320739
3.450001012533903,-32.699999526143074,-0.31180340054099,1.3524174927588255
3.500001013278961,-32.649999525398016,-0.3500000022351742,1.389024881885386
3.500001013278961,-32.449999522417784,-0.31180340054099,1.3524174927588255
3.5500010140240192,-32.399999521672726,-0.3500000022351742,1.389024881885386
3.5500010140240192,-28.64999946579337,-0.25000000074505807,1.2000000208616257
3.500001013278961,-28.599999465048313,-0.2,1.1500000201165677
3.500001013278961,-25.54999941959977,-0.25000000074505807,1.2000000208616257
3.450001012533903,-25.499999418854713,-0.2,1.1500000201165677
3.450001012533903,-22.899999380111694,-0.25000000074505807,1.2000000208616257
3.400001011788845,-22.849999379366636,-0.2,1.1500000201165677
3.400001011788845,-20.499999344348907,-0.25000000074505807,1.2000000208616257
3.350001011043787,-20.44999934360385,-0.2,1.1500000201165677
3.350001011043787,-18.049999307841063,-0.25000000074505807,1.1583077909609756
3.300001010298729,-17.999999307096004,-0.2,1.1152946633960081
3.300001010298729,-13.399999238550663,-0.30000000149011613,1.2000000208616257
3.250001009553671,-13.349999237805605,-0.25000000074505807,1.1500000201165677
3.250001009553671,-12.799999229609966,-0.25000000074505807,1.1500000201165677
3.200001008808613,-12.749999228864908,-0.2,1.1000000193715096
3.200001008808613,-9.649999182671309,-0.25000000074505807,1.1500000201165677
3.1500010080635548,-9.59999918192625,-0.235355339586163,1.1000000193715096
3.1500010080635548,-6.499999135732651,-0.30000000149011613,1.1500000201165677
3.1000010073184967,-6.449999134987593,-0.25000000074505807,1.1000000193715096
3.1000010073184967,-3.399999089539051,-0.30000000149011613,1.1500000201165677
3.0500010065734386,-3.349999088793993,-0.25000000074505807,1.1000000193715096
3.0500010065734386,-0.2499990426003933,-0.30000000149011613,1.1500000201165677
3.0000010058283806,-0.19999904185533524,-0.25000000074505807,1.1000000193715096
3.0000010058283806,2.9000010043382645,-0.3500000022351742,1.1500000201165677
2.9500010050833225,2.9500010050833225,-0.30000000149011613,1.1000000193715096
2.9500010050833225,6.200001053512096,-0.3500000022351742,1.1500000201165677
2.9000010043382645,6.2500010542571545,-0.30000000149011613,1.1000000193715096
2.9000010043382645,6.800001062452793,-0.30000000149011613,1.1000000193715096
2.9500010050833225,6.850001063197851,-0.3500000022351742,1.1500000201165677
2.9500010050833225,7.350001070648432,-0.3500000022351742,1.1829316892012207
3.0000010058283806,7.40000107139349,-0.40000000298023225,1.2430869904698527
3.0000010058283806,7.500001072883606,-0.40000000298023225,1.2500000216066838
3.0500010065734386,7.550001073628664,-0.45000000372529025,1.3000000223517418
3.0500010065734386,7.700001075863838,-0.4236068010819799,1.3000000223517418
3.1000010073184967,7.750001076608896,-0.45495097947870483,1.3402922030270783
3.1000010073184967,7.90000107884407,-0.45000000372529025,1.3132746175917043
3.1500010080635548,7.9500010795891285,-0.5000000044703483,1.3572411734444452
3.1500010080635548,8.000001080334187,-0.4915475990866628,1.3532224798457249
3.200001008808613,8.050001081079245,-0.5162277707289988,1.4007810832117087
3.200001008808613,8.100001081824303,-0.5041381310469222,1.400000023841858
3.250001009553671,8.15000108256936,-0.5500000052154064,1.4446884448476198
3.250001009553671,8.250001084059477,-0.5162277707289988,1.41400126320739
3.300001010298729,8.300001084804535,-0.5535533958616298,1.449242274822689
3.300001010298729,8.350001085549593,-0.5354102016229698,1.4378339598215473
3.350001011043787,8.400001086294651,-0.5640054998881304,1.476305486402919
3.350001011043787,8.450001087039709,-0.5535533958616298,1.4620770386263438
3.400001011788845,8.500001087784767,-0.5807886609673886,1.4977927099340471
3.400001011788845,8.600001089274883,-0.5535533958616298,1.476305486402919
3.450001012533903,8.650001090019941,-0.5807886609673886,1.500000025331974
3.450001012533903,8.700001090765,-0.5640054998881304,1.4770510081148494
3.500001013278961,8.750001091510057,-0.6031128934217775,1.5007351605124235
3.500001013278961,8.800001092255116,-0.5807886609673886,1.48077365644264
3.5500010140240192,8.850001093000174,-0.6031128934217775,1.5088007745266214
3.5500010140240192,8.900001093745232,-0.5807886609673886,1.491892456780025
3.6500010155141354,9.000001095235348,-0.6272001936316555,1.5442763802429842
3.6500010155141354,9.050001095980406,-0.6031128934217775,1.5219175614308271
3.7500010170042515,9.150001097470522,-0.6472136021639598,1.5734148115227595
3.7500010170042515,9.20000109821558,-0.6272001936316555,1.555705012769987
3.8000010177493095,9.250001098960638,-0.6472136021639598,1.5755281169139006
3.8000010177493095,9.300001099705696,-0.6272001936316555,1.5492855945199764
3.9000010192394257,9.400001101195812,-0.6716990636316938,1.5755281169139006
3.9000010192394257,9.45000110194087,-0.6472136021639598,1.5492855945199764
4.000001020729542,9.550001103430986,-0.6609772297337402,1.5888544086558394
4.000001020729542,9.600001104176044,-0.630116269761363,1.5613915216276322
4.150001022964716,9.750001106411219,-0.6716990636316938,1.602775664595445
4.150001022964716,9.800001107156277,-0.6472136021639598,1.5755281169139006
4.250001024454832,9.900001108646393,-0.6609772297337402,1.602775664595445
4.250001024454832,9.95000110939145,-0.630116269761363,1.5755281169139006
4.6500010304152966,10.350001115351915,-0.6949747542062819,1.638477658480475
4.6500010304152966,10.400001116096973,-0.6596194146201187,1.6031223188943122
5.4000010415911674,11.150001127272844,-0.6949747542062819,1.6398369767131167
5.4000010415911674,11.200001128017902,-0.6596194146201187,1.6062392137339054
5.500001043081284,11.300001129508018,-0.6596194146201187,1.6062392137339054
5.550001043826342,11.300001129508018,-0.6949747542062819,1.6398369767131167
6.000001050531864,11.750001136213541,-0.630116269761363,1.6034689065609238
6.050001051276922,11.750001136213541,-0.6609772297337402,1.638477658480475
6.350001055747271,12.05000114068389,-0.6242640750339558,1.6062392137339054
6.400001056492329,12.05000114068389,-0.6596194146201187,1.6398369767131167
6.750001061707735,12.400001145899296,-0.6031128934217775,1.6062392137339054
6.800001062452793,12.400001145899296,-0.630116269761363,1.6398369767131167
7.1500010676681995,12.750001151114702,-0.5889087354477928,1.602775664595445
7.200001068413258,12.750001151114702,-0.6242640750339558,1.6309833696438334
7.350001070648432,12.900001153349876,-0.5905124896144222,1.59025140567364
7.40000107139349,12.900001153349876,-0.6242640750339558,1.617965923359587
7.500001072883606,13.000001154839993,-0.5905124896144222,1.59025140567364
7.550001073628664,13.000001154839993,-0.6242640750339558,1.6200274994406525
7.65000107511878,13.100001156330109,-0.5807886609673886,1.602775664595445
7.700001075863838,13.100001156330109,-0.6031128934217775,1.6309833696438334
7.850001078099012,13.250001158565283,-0.560555132919089,1.59025140567364
7.90000107884407,13.250001158565283,-0.5807886609673886,1.617965923359587
8.000001080334187,13.350001160055399,-0.5535533958616298,1.59025140567364
8.050001081079245,13.350001160055399,-0.5807886609673886,1.617965923359587
8.15000108256936,13.450001161545515,-0.5354102016229698,1.59025140567364
8.200001083314419,13.450001161545515,-0.560555132919089,1.617965923359587
8.250001084059477,13.500001162290573,-0.5535533958616298,1.602775664595445
8.300001084804535,13.500001162290573,-0.5807886609673886,1.6309833696438334
8.400001086294651,13.60000116378069,-0.5354102016229698,1.5734148115227595
8.450001087039709,13.60000116378069,-0.560555132919089,1.5923448596015113
8.550001088529825,13.700001165270805,-0.5162277707289988,1.5442763802429842
8.600001089274883,13.700001165270805,-0.5354102016229698,1.5670597310384706
8.700001090765,13.800001166760921,-0.4692582443689856,1.5219175614308271
8.750001091510057,13.800001166760921,-0.4915475990866628,1.5442763802429842
8.800001092255116,13.85000116750598,-0.4692582443689856,1.5219175614308271
8.850001093000174,13.85000116750598,-0.4915475990866628,1.5442763802429842
8.900001093745232,13.900001168251038,-0.45495097947870483,1.5219175614308271
9.000001095235348,13.900001168251038,-0.4915475990866628,1.5670597310384706
9.050001095980406,13.950001168996096,-0.4692582443689856,1.5392527390094939
9.100001096725464,13.950001168996096,-0.4915475990866628,1.555705012769987
9.150001097470522,14.000001169741154,-0.45495097947870483,1.5269916296512345
9.20000109821558,14.000001169741154,-0.4692582443689856,1.5464249456810573
9.250001098960638,14.050001170486212,-0.45000000372529025,1.5219175614308271
9.300001099705696,14.050001170486212,-0.4692582443689856,1.5442763802429842
9.350001100450754,14.10000117123127,-0.45000000372529025,1.5219175614308271
9.400001101195812,14.10000117123127,-0.45495097947870483,1.5392527390094939
9.45000110194087,14.150001171976328,-0.4236068010819799,1.5088007745266214
9.500001102685928,14.150001171976328,-0.45000000372529025,1.5240939906476687
9.550001103430986,14.200001172721386,-0.4061552843528361,1.491892456780025
9.650001104921103,14.200001172721386,-0.45000000372529025,1.5240939906476687
9.70000110566616,14.250001173466444,-0.4236068010819799,1.486712804477279
9.750001106411219,14.250001173466444,-0.45000000372529025,1.4977927099340471
9.800001107156277,14.300001174211502,-0.4061552843528361,1.4620770386263438
9.900001108646393,14.300001174211502,-0.45000000372529025,1.491892456780025
9.95000110939145,14.35000117495656,-0.40000000298023225,1.4620770386263438
10.000001110136509,14.35000117495656,-0.4061552843528361,1.476305486402919
10.050001110881567,14.400001175701618,-0.38027756645954447,1.4378339598215473
10.150001112371683,14.400001175701618,-0.4061552843528361,1.4620770386263438
10.200001113116741,14.450001176446676,-0.38027756645954447,1.4286497717590054
10.300001114606857,14.450001176446676,-0.40000000298023225,1.4620770386263438
10.350001115351915,14.500001177191734,-0.3581138853644994,1.4286497717590054
10.50000111758709,14.500001177191734,-0.4061552843528361,1.476305486402919
10.550001118332148,14.550001177936792,-0.38027756645954447,1.4378339598215473
10.650001119822264,14.550001177936792,-0.40000000298023225,1.4620770386263438
10.700001120567322,14.60000117868185,-0.3581138853644994,1.4286497717590054
10.850001122802496,14.60000117868185,-0.40000000298023225,1.476305486402919
10.900001123547554,14.650001179426908,-0.3581138853644994,1.4446884448476198
11.00000112503767,14.650001179426908,-0.40000000298023225,1.476305486402919
11.050001125782728,14.700001180171967,-0.3581138853644994,1.4378339598215473
11.150001127272844,14.700001180171967,-0.40000000298023225,1.4620770386263438
11.200001128017902,14.750001180917025,-0.3500000022351742,1.4286497717590054
11.350001130253077,14.750001180917025,-0.40000000298023225,1.476305486402919
11.400001130998135,14.800001181662083,-0.3581138853644994,1.4378339598215473
11.50000113248825,14.800001181662083,-0.40000000298023225,1.4568041772663949
11.550001133233309,14.85000118240714,-0.3500000022351742,1.4124515736871104
11.650001134723425,14.85000118240714,-0.38027756645954447,1.4278820838673036
11.700001135468483,14.900001183152199,-0.3500000022351742,1.389024881885386
11.850001137703657,14.900001183152199,-0.38027756645954447,1.4124515736871104
11.900001138448715,14.950001183897257,-0.3500000022351742,1.3700318702060559
12.000001139938831,14.950001183897257,-0.38027756645954447,1.389024881885386
12.05000114068389,15.000001184642315,-0.3500000022351742,1.3524174927588255
12.200001142919064,15.000001184642315,-0.38027756645954447,1.3787653639101314
12.250001143664122,15.050001185387373,-0.3500000022351742,1.3402922030270783
12.500001147389412,15.050001185387373,-0.38027756645954447,1.3787653639101314
12.55000114813447,15.100001186132431,-0.3500000022351742,1.3402922030270783
12.750001151114702,15.100001186132431,-0.3581138853644994,1.3700318702060559
12.80000115185976,15.150001186877489,-0.341421358344652,1.3297058768722292
13.000001154839993,15.150001186877489,-0.3500000022351742,1.3700318702060559
13.05000115558505,15.200001187622547,-0.31180340054099,1.3297058768722292
13.30000115931034,15.200001187622547,-0.3500000022351742,1.3700318702060559
13.350001160055399,15.250001188367605,-0.31180340054099,1.3297058768722292
13.60000116378069,15.250001188367605,-0.3500000022351742,1.3700318702060559
13.650001164525747,15.300001189112663,-0.30000000149011613,1.3297058768722292
13.85000116750598,15.300001189112663,-0.30000000149011613,1.3500000230968
13.900001168251038,15.350001189857721,-0.25000000074505807,1.3000000223517418
14.300001174211502,15.350001189857721,-0.25000000074505807,1.3000000223517418
14.35000117495656,15.40000119060278,-0.2,1.2500000216066838
16.350001204758883,15.40000119060278,0.18078866096738858,0.9236102694553091
16.40000120550394,15.350001189857721,0.15355339586162983,0.9543396552625206
16.65000120922923,15.350001189857721,0.22720019363165536,0.8735455436762694
16.70000120997429,15.300001189112663,0.20311289342177757,0.8965856263134644
16.95000121369958,15.300001189112663,0.29244289742777607,0.7848857948555522
17.000001214444637,15.250001188367605,0.2716990636316938,0.8062306048689096
17.15000121667981,15.250001188367605,0.33851648873797124,0.7394147254011668
17.20000121742487,15.200001187622547,0.3147815147201923,0.7617692174150451
17.300001218914986,15.200001187622547,0.3590170027049498,0.7192388292402375
17.350001219660044,15.150001186877489,0.33851648873797124,0.7486833121869966
17.45000122115016,15.150001186877489,0.3830951981733255,0.7178780012117388
17.500001221895218,15.100001186132431,0.3590170027049498,0.7300537757457948
17.600001223385334,15.100001186132431,0.4041523076822994,0.6746427972599882
17.650001224130392,15.050001185387373,0.3830951981733255,0.6944272043279197
17.750001225620508,15.050001185387373,0.4264982136426342,0.6500000126659871
17.800001226365566,15.000001184642315,0.4041523076822994,0.6602325395227262
17.900001227855682,15.000001184642315,0.4500000096857548,0.6062257868435552
17.95000122860074,14.950001183897257,0.4264982136426342,0.6200609855626972
18.0000012293458,14.950001183897257,0.45192025023463345,0.590569426822497
18.050001230090857,14.900001183152199,0.44031243328468356,0.6062257868435552
18.100001230835915,14.900001183152199,0.4708204032459398,0.5778174708955855
18.150001231580973,14.85000118240714,0.45192025023463345,0.5778174708955855
18.20000123232603,14.85000118240714,0.4800735355706574,0.5433034484420096
18.25000123307109,14.800001181662083,0.4708204032459398,0.5500000111758709
18.300001233816147,14.800001181662083,0.4946222098231675,0.5211102658381779
18.350001234561205,14.750001180917025,0.4800735355706574,0.5382411640123205
18.400001235306263,14.750001180917025,0.5106335307668594,0.5071067917232597
18.45000123605132,14.700001180171967,0.5071067917232597,0.5071067917232597
18.550001237541437,14.700001180171967,0.563216887496505,0.43639611255093375
18.600001238286495,14.650001179426908,0.5500000111758709,0.43639611255093375
18.650001239031553,14.650001179426908,0.5810249792288443,0.4020797379113019
18.70000123977661,14.60000117868185,0.5778174708955855,0.41032778988127777
18.75000124052167,14.60000117868185,0.6131728104817487,0.3830951981733255
18.850001242011786,14.500001177191734,0.590569426822497,0.40104077296477064
18.900001242756844,14.500001177191734,0.6200609855626972,0.36568543337860776
18.9500012435019,14.450001176446676,0.6139410419336518,0.36568543337860776
19.00000124424696,14.450001176446676,0.6485281500679115,0.3315072985568083
19.100001245737076,14.35000117495656,0.6200609855626972,0.3590170027049498
19.150001246482134,14.35000117495656,0.6514693309842018,0.33033009379244477
19.200001247227192,14.300001174211502,0.6485281500679115,0.33033009379244477
19.25000124797225,14.300001174211502,0.6838834896540746,0.2949747542062818
19.350001249462366,14.200001172721386,0.6602325395227262,0.3000000074505806
19.400001250207424,14.200001172721386,0.6902247040036246,0.2716990636316938
19.600001253187656,14.000001169741154,0.6514693309842018,0.2949747542062818
19.650001253932714,14.000001169741154,0.6845903138291293,0.2596194146201188
19.900001257658005,13.750001166015863,0.6485281500679115,0.2949747542062818
19.950001258403063,13.750001166015863,0.6746427972599882,0.2596194146201188
20.200001262128353,13.500001162290573,0.6485281500679115,0.2949747542062818
20.25000126287341,13.500001162290573,0.6838834896540746,0.2596194146201188
20.5000012665987,13.250001158565283,0.6838834896540746,0.2949747542062818
20.55000126734376,13.250001158565283,0.7178780012117388,0.2596194146201188
20.80000127106905,13.000001154839993,0.6838834896540746,0.2949747542062818
20.850001271814108,13.000001154839993,0.7192388292402375,0.2596194146201188
21.100001275539398,12.750001151114702,0.7192388292402375,0.2949747542062818
21.150001276284456,12.750001151114702,0.7545941688264006,0.2596194146201188
21.500001281499863,12.400001145899296,0.7192388292402375,0.2949747542062818
21.55000128224492,12.400001145899296,0.7545941688264006,0.2596194146201188
21.80000128597021,12.150001142174006,0.7545941688264006,0.2949747542062818
21.85000128671527,12.150001142174006,0.7861541608606429,0.2596194146201188
22.10000129044056,11.900001138448715,0.7545941688264006,0.2949747542062818
22.150001291185617,11.900001138448715,0.7899495084125635,0.2596194146201188
22.450001295655966,11.600001133978367,0.7861541608606429,0.2949747542062818
22.500001296401024,11.600001133978367,0.8124228516521053,0.2596194146201188
22.90000130236149,11.200001128017902,0.7899495084125635,0.2949747542062818
22.950001303106546,11.200001128017902,0.8253048479987265,0.2596194146201188
23.300001308321953,10.850001122802496,0.7899495084125635,0.26097722973374027
23.35000130906701,10.850001122802496,0.8253048479987265,0.2301162697613631
23.700001314282417,10.50000111758709,0.8253048479987265,0.2596194146201188
23.750001315027475,10.50000111758709,0.8547511712034664,0.22426407503395576
24.350001323968172,9.900001108646393,0.8253048479987265,0.22426407503395576
24.40000132471323,9.900001108646393,0.8547511712034664,0.1889087354477928
25.40000133961439,8.900001093745232,0.7899495084125635,0.22426407503395576
25.45000134035945,8.900001093745232,0.8253048479987265,0.1889087354477928
26.300001353025436,8.050001081079245,0.8000000149011612,0.1889087354477928
26.350001353770494,8.050001081079245,0.8307764217641807,0.15355339586162983
28.200001381337643,6.200001053512096,0.8960155271710525,0.160555132919089
28.2500013820827,6.200001053512096,0.9313708667572156,0.12015621664234175
28.50000138580799,5.950001049786806,0.9667262063433785,0.08284271668930387
28.50000138580799,5.900001049041748,0.9313708667572156,0.11819805627546684
29.250001396983862,5.150001037865877,1.0206555797625556,-0.02322330206918508
29.250001396983862,5.100001037120819,0.9926860619600634,0.006155284352836106
29.400001399219036,4.950001034885645,1.0206555797625556,-0.041886114635500564
29.400001399219036,4.900001034140587,0.9926860619600634,-0.019722433540455508
29.700001403689384,4.6000010296702385,1.0971121964357624,-0.08819659945901004
29.700001403689384,4.55000102892518,1.0747548973935241,-0.05857864165534806
29.85000140592456,4.400001026690006,1.1416408064918795,-0.12928932082767405
29.85000140592456,4.350001025944948,1.1200378979145058,-0.09999999850988388
30.000001408159733,4.200001023709774,1.1928388484733279,-0.16464466041383702
30.000001408159733,4.150001022964716,1.1756816697190144,-0.14999999925494195
30.150001410394907,4.000001020729542,1.2705441388980891,-0.14999999925494195
30.150001410394907,3.9500010199844837,1.256021999552522,-0.16464466041383702
30.250001411885023,3.8500010184943676,1.3297058768722292,-0.09999999850988388
30.250001411885023,3.8000010177493095,1.318222667692178,-0.12928932082767405
30.35000141337514,3.7000010162591934,1.389024881885386,-0.04999999776482582
30.35000141337514,3.6500010155141354,1.3787653639101314,-0.04999999776482582
30.500001415610313,3.500001013278961,1.5066048420179947,0.05495097947870481
30.500001415610313,3.450001012533903,1.5029386619684035,0.0500000037252903
30.55000141635537,3.400001011788845,1.5507141660888335,0.10000000447034836
30.55000141635537,3.350001011043787,1.5500000260770321,0.10000000447034836
30.60000141710043,3.300001010298729,1.6000000268220902,0.1500000052154064
30.60000141710043,3.250001009553671,1.6000000268220902,0.1500000052154064
30.650001417845488,3.200001008808613,1.6500000275671483,0.20000000596046447
30.650001417845488,3.1500010080635548,1.6500000275671483,0.20000000596046447
30.700001418590546,3.1000010073184967,1.7000000283122063,0.2500000067055225
30.700001418590546,3.0500010065734386,1.7000000283122063,0.2500000067055225
30.750001419335604,3.0000010058283806,1.7500000290572644,0.3000000074505806
30.750001419335604,2.9000010043382645,1.7500000290572644,0.3000000074505806
30.80000142008066,2.8500010035932064,1.8000000298023224,0.35000000819563865
30.80000142008066,2.550000999122858,1.8000000298023224,0.35000000819563865
30.85000142082572,2.5000009983778,1.8500000305473805,0.40000000894069676
30.85000142082572,1.0000009760260582,2.1243278944690758,0.6732124728405287
30.80000142008066,0.9500009752810001,2.094013983574364,0.6500000126659871
30.80000142008066,0.6000009700655937,2.2377243849747046,0.8295630294403845
30.750001419335604,0.5500009693205357,2.215056971133817,0.8062306048689096
30.750001419335604,0.5000009685754776,2.2377243849747046,0.8295630294403845
30.700001418590546,0.45000096783041954,2.215056971133817,0.8124228516521053
30.700001418590546,0.4000009670853615,2.2377243849747046,0.8404326178378946
30.650001417845488,0.3500009663403034,2.215056971133817,0.8295630294403845
30.650001417845488,0.30000096559524536,2.2377243849747046,0.8547511712034664
30.60000141710043,0.2500009648501873,2.215056971133817,0.8404326178378946
30.60000141710043,0.20000096410512924,2.2382371043798854,0.8700467438965735
30.55000141635537,0.15000096336007118,2.2186773605306653,0.8630145971136167
30.55000141635537,0.10000096261501312,2.2438699183864865,0.8965856263134644
30.500001415610313,0.05000096186995506,2.2274472549594533,0.8816653987572671
30.500001415610313,9.611248970031738e-07,2.25458757830292,0.9101801821016996
30.35000141337514,-0.14999904111027718,2.21298573835902,0.8816653987572671
30.35000141337514,-0.19999904185533524,2.241311159525111,0.9101801821016996
30.250001411885023,-0.29999904334545135,2.220743723453933,0.8965856263134644
30.250001411885023,-0.3499990440905094,2.252040003586089,0.9313708667572156
30.150001410394907,-0.44999904558062553,2.2418231258009556,0.9313708667572156
30.150001410394907,-0.4999990463256836,2.2758837175215314,0.9667262063433785
29.8000014051795,-0.84999905154109,2.274873771031409,0.9667262063433785
29.750001404434443,-0.84999905154109,2.239518431445246,0.9313708667572156
29.60000140219927,-0.9999990537762642,2.245914998173975,0.933578421767098
29.55000140145421,-0.9999990537762642,2.2135037131934414,0.9011357936854637
29.450001399964094,-1.0999990552663803,2.2300206122547017,0.9236102694553091
29.400001399219036,-1.0999990552663803,2.200520812602108,0.8965856263134644
29.30000139772892,-1.1999990567564964,2.2274472549594533,0.9101801821016996
29.250001396983862,-1.1999990567564964,2.200520812602108,0.8816653987572671
29.200001396238804,-1.2499990575015545,2.21298573835902,0.8977249363623835
29.150001395493746,-1.2499990575015545,2.1853721239201267,0.8700467438965735
29.100001394748688,-1.2999990582466125,2.2010414764868993,0.8816653987572671
29.05000139400363,-1.2999990582466125,2.17539473944008,0.8547511712034664
29.00000139325857,-1.3499990589916706,2.1942640144398893,0.8700467438965735
28.950001392513514,-1.3499990589916706,2.1706539535514358,0.8404326178378946
28.900001391768456,-1.3999990597367287,2.1926972584550466,0.8547511712034664
28.80000139027834,-1.3999990597367287,2.147871411360789,0.8062306048689096
28.75000138953328,-1.4499990604817867,2.1706539535514358,0.8295630294403845
28.650001388043165,-1.4499990604817867,2.1259407045818186,0.7848857948555522
28.600001387298107,-1.4999990612268448,2.1505318897342858,0.8062306048689096
28.450001385062933,-1.4999990612268448,2.094013983574364,0.7394147254011668
28.400001384317875,-1.5499990619719028,2.1243278944690758,0.7617692174150451
22.950001303106546,-1.5499990619719028,1.9000000312924386,0.5000000104308129
22.90000130236149,-1.599999062716961,1.9500000320374966,0.5500000111758709
22.650001298636198,-1.599999062716961,1.9289669173284556,0.5500000111758709
22.60000129789114,-1.649999063462019,1.970829366957119,0.600000011920929
22.400001294910908,-1.649999063462019,1.9476731914942769,0.600000011920929
22.35000129416585,-1.699999064207077,1.9868928054501456,0.6500000126659871
22.250001292675734,-1.699999064207077,1.970829366957119,0.6500000126659871
22.200001291930676,-1.749999064952135,2.014159015541993,0.7000000134110451
22.0500012896955,-1.749999064952135,2.0022715873709274,0.6631338379432997
22.000001288950443,-1.7999990656971931,2.045551190749882,0.7055385273073171
21.900001287460327,-1.7999990656971931,2.0276669741893705,0.7000000134110451
21.85000128671527,-1.8499990664422512,2.0699119263875563,0.7340770985323035
21.80000128597021,-1.8499990664422512,2.063846318268293,0.7219544594674806
21.700001284480095,-1.9499990679323673,2.153720494261132,0.7962429571037405
21.650001283735037,-1.9499990679323673,2.143608363974079,0.7823441498574933
21.60000128298998,-1.9999990686774254,2.183799523733424,0.8124228516521053
21.55000128224492,-1.9999990686774254,2.175920909507324,0.7962429571037405
21.500001281499863,-2.0499990694224834,2.2186773605306653,0.8307764217641807
21.450001280754805,-2.0499990694224834,2.21298573835902,0.8124228516521053
21.30000127851963,-2.1999990716576576,2.300000037252903,0.8735455436762694
21.250001277774572,-2.1999990716576576,2.270323902217819,0.8511898177453807
20.30000126361847,-3.1499990858137608,2.274873771031409,0.8960155271710525
20.30000126361847,-3.199999086558819,2.3102291106175716,0.9313708667572156
20.00000125914812,-3.499999091029167,2.252040003586089,0.8960155271710525
20.00000125914812,-3.5499990917742252,2.2824383544524953,0.9236102694553091
19.80000125616789,-3.7499990947544575,2.2377243849747046,0.8816653987572671
19.80000125616789,-3.7999990954995155,2.259674811901779,0.9101801821016996
19.650001253932714,-3.9499990977346897,2.1879908228357463,0.8547511712034664
19.650001253932714,-3.9999990984797478,2.204163091859083,0.8770329774759426
19.5500012524426,-4.099999099969864,2.140940017026649,0.8295630294403845
19.5500012524426,-4.149999100714922,2.1563743687023496,0.8440306664483241
19.50000125169754,-4.19999910145998,2.1243278944690758,0.8111874358757011
19.50000125169754,-4.249999102205038,2.140940017026649,0.8198039179148193
19.450001250952482,-4.299999102950096,2.108679310525041,0.7823441498574933
19.450001250952482,-4.349999103695154,2.1243278944690758,0.7962429571037405
19.400001250207424,-4.399999104440212,2.094013983574364,0.7552486729614543
19.400001250207424,-4.44999910518527,2.1048861486687014,0.7617692174150451
19.350001249462366,-4.499999105930328,2.0588714332751104,0.7219544594674806
19.350001249462366,-4.549999106675386,2.063846318268293,0.7340770985323035
19.300001248717308,-4.5999991074204445,2.020360364203399,0.7000000134110451
19.300001248717308,-4.699999108910561,2.036068010819799,0.7000000134110451
19.25000124797225,-4.749999109655619,1.9965882963805954,0.6500000126659871
19.25000124797225,-4.899999111890793,2.020360364203399,0.6631338379432997
19.200001247227192,-4.949999112635851,1.978302123538427,0.6246211374113445
19.200001247227192,-5.049999114125967,1.9965882963805954,0.6500000126659871
19.150001246482134,-5.099999114871025,1.9587033466594763,0.600000011920929
19.150001246482134,-5.299999117851257,1.9868928054501456,0.600000011920929
19.100001245737076,-5.349999118596315,1.9476731914942769,0.5500000111758709
19.100001245737076,-5.899999126791954,1.9377558644982391,0.5648529384361146
19.050001244992018,-5.949999127537012,1.8796634652979423,0.5071067917232597
19.050001244992018,-7.449999149888754,1.5088007745266214,0.20311289342177757
19.100001245737076,-7.499999150633812,1.5392527390094939,0.22426407503395576
19.100001245737076,-7.899999156594276,1.3652476075738595,0.012132037516977877
19.150001246482134,-7.9499991573393345,1.3882380410934498,0.023606801081979916
19.150001246482134,-8.099999159574509,1.3116216683080153,-0.05857864165534806
19.200001247227192,-8.149999160319567,1.3264337749930102,-0.041886114635500564
19.200001247227192,-8.249999161809683,1.276482328024641,-0.09393398124151106
19.25000124797225,-8.299999162554741,1.2983324287040625,-0.09393398124151106
19.25000124797225,-8.449999164789915,1.2150971908950816,-0.2
19.300001248717308,-8.499999165534973,1.221267061533719,-0.2
19.300001248717308,-8.59999916702509,1.1601470711413149,-0.12928932082767405
19.350001249462366,-8.649999167770147,1.1729530422331924,-0.14999999925494195
19.350001249462366,-8.699999168515205,1.1435029042741933,-0.12928932082767405
19.400001250207424,-8.749999169260263,1.1435029042741933,-0.12928932082767405
19.400001250207424,-8.84999917075038,1.0727922251018673,-0.05857864165534806
19.50000125169754,-8.949999172240496,1.0727922251018673,-0.05857864165534806
19.50000125169754,-8.999999172985554,1.0374368855157046,-0.02322330206918508
19.5500012524426,-9.049999173730612,1.0374368855157046,-0.02322330206918508
19.5500012524426,-9.09999917447567,1.0020815459295414,0.012132037516977877
19.600001253187656,-9.149999175220728,0.9926860619600634,0.012132037516977877
19.600001253187656,-9.199999175965786,0.9510864604746585,0.0500000037252903
19.700001254677773,-9.299999177455902,0.9236102694553091,0.08284271668930387
19.700001254677773,-9.34999917820096,0.8816653987572671,0.11819805627546684
19.80000125616789,-9.449999179691076,0.8547511712034664,0.13541020162296988
19.80000125616789,-9.499999180436134,0.8124228516521053,0.18078866096738858
20.05000125989318,-9.749999184161425,0.6944272043279197,0.2716990636316938
20.05000125989318,-9.799999184906483,0.6500000126659871,0.3147815147201923
20.600001268088818,-10.349999193102121,0.32201533322416204,0.6544003872633107
20.650001268833876,-10.349999193102121,0.33851648873797124,0.6381527432014595
20.80000127106905,-10.499999195337296,0.24721360216395982,0.7486833121869966
20.850001271814108,-10.499999195337296,0.2500000067055225,0.7340770985323035
20.950001273304224,-10.599999196827412,0.15355339586162983,0.8111874358757011
21.05000127479434,-10.599999196827412,0.18078866096738858,0.8012492346448155
21.100001275539398,-10.64999919757247,0.1500000052154064,0.8440306664483241
21.150001276284456,-10.64999919757247,0.1500000052154064,0.8307764217641807
21.200001277029514,-10.699999198317528,0.10000000447034836,0.8688779322491196
21.250001277774572,-10.699999198317528,0.10413813104692221,0.8606601875848896
21.30000127851963,-10.749999199062586,0.06925824436898563,0.9045361181775966
21.35000127926469,-10.749999199062586,0.09154759908666274,0.9011357936854637
21.400001280009747,-10.799999199807644,0.0500000037252903,0.9401754420890758
21.500001281499863,-10.799999199807644,0.0500000037252903,0.9180340054098997
21.55000128224492,-10.849999200552702,0.006155284352836106,0.959741367755813
21.650001283735037,-10.849999200552702,0.0500000037252903,0.9510864604746585
21.700001284480095,-10.89999920129776,2.9802322387695306e-09,0.9884864501102992
21.85000128671527,-10.89999920129776,0.023606801081979916,0.959741367755813
21.900001287460327,-10.949999202042818,2.9802322387695306e-09,1.0041594758226038
22.0500012896955,-10.949999202042818,2.9802322387695306e-09,0.976860247130566
22.10000129044056,-10.999999202787876,-0.041886114635500564,1.016552524187689
22.35000129416585,-10.999999202787876,2.9802322387695306e-09,0.976860247130566
22.400001294910908,-11.049999203532934,-0.041886114635500564,1.016552524187689
22.650001298636198,-11.049999203532934,2.9802322387695306e-09,0.9884864501102992
22.700001299381256,-11.099999204277992,-0.041886114635500564,1.0257650854784492
22.950001303106546,-11.099999204277992,0.006155284352836106,0.9884864501102992
23.000001303851604,-11.14999920502305,-0.019722433540455508,1.0257650854784492
23.250001307576895,-11.14999920502305,0.006155284352836106,0.9884864501102992
23.300001308321953,-11.199999205768108,-0.019722433540455508,1.0257650854784492
23.550001312047243,-11.199999205768108,0.006155284352836106,1.0000000178813935
23.6000013127923,-11.249999206513166,-0.019722433540455508,1.0369317061170167
23.90000131726265,-11.249999206513166,0.006155284352836106,1.0000000178813935
23.950001318007708,-11.299999207258224,-0.019722433540455508,1.0500000186264515
24.200001321732998,-11.299999207258224,2.9802322387695306e-09,1.016552524187689
24.250001322478056,-11.349999208003283,-0.04999999776482582,1.0589678499614998
24.500001326203346,-11.349999208003283,2.9802322387695306e-09,1.0500000186264515
24.550001326948404,-11.39999920874834,-0.04999999776482582,1.0980755179175492
24.850001331418753,-11.39999920874834,-0.04999999776482582,1.0509996189610271
24.90000133216381,-11.449999209493399,-0.09999999850988388,1.1000000193715096
25.300001338124275,-11.449999209493399,-0.04999999776482582,1.0539936390844065
25.350001338869333,-11.499999210238457,-0.09999999850988388,1.1009612025116011
25.800001345574856,-11.499999210238457,-0.04999999776482582,1.0539936390844065
25.850001346319914,-11.549999210983515,-0.09999999850988388,1.1009612025116011
26.300001353025436,-11.549999210983515,-0.04999999776482582,1.0589678499614998
26.350001353770494,-11.599999211728573,-0.09999999850988388,1.103840500469267
26.800001360476017,-11.599999211728573,-0.04999999776482582,1.0589678499614998
26.850001361221075,-11.649999212473631,-0.09999999850988388,1.103840500469267
27.350001368671656,-11.649999212473631,-0.04999999776482582,1.0539936390844065
27.400001369416714,-11.699999213218689,-0.09999999850988388,1.1009612025116011
27.850001376122236,-11.699999213218689,-0.019722433540455508,1.0539936390844065
27.900001376867294,-11.749999213963747,-0.04999999776482582,1.1009612025116011
28.350001383572817,-11.749999213963747,0.006155284352836106,1.0539936390844065
28.400001384317875,-11.799999214708805,-0.019722433540455508,1.1009612025116011
28.850001391023397,-11.799999214708805,0.05495097947870481,1.016552524187689
28.900001391768456,-11.849999215453863,0.023606801081979916,1.0589678499614998
29.350001398473978,-11.849999215453863,0.10413813104692221,0.976860247130566
29.400001399219036,-11.899999216198921,0.06925824436898563,1.016552524187689
29.650001402944326,-11.899999216198921,0.10413813104692221,0.9672617703864308
29.700001403689384,-11.94999921694398,0.06925824436898563,1.0093386802653328
29.900001406669617,-11.94999921694398,0.10413813104692221,0.9672617703864308
29.950001407414675,-11.999999217689037,0.06925824436898563,1.0093386802653328
30.150001410394907,-11.999999217689037,0.10413813104692221,0.976860247130566
30.200001411139965,-12.049999218434095,0.06925824436898563,1.016552524187689
30.400001414120197,-12.049999218434095,0.11622777072899887,0.976860247130566
30.450001414865255,-12.099999219179153,0.09154759908666274,1.016552524187689
30.650001417845488,-12.099999219179153,0.16400549988813046,0.976860247130566
30.700001418590546,-12.149999219924212,0.13541020162296988,1.016552524187689
30.950001422315836,-12.149999219924212,0.21231056870567222,0.9543396552625206
31.000001423060894,-12.19999922066927,0.18078866096738858,0.9884864501102992
31.200001426041126,-12.19999922066927,0.24721360216395982,0.9236102694553091
31.250001426786184,-12.249999221414328,0.22720019363165536,0.9543396552625206
31.450001429766417,-12.249999221414328,0.29244289742777607,0.8920164996643914
31.500001430511475,-12.299999222159386,0.26097722973374027,0.9236102694553091
31.700001433491707,-12.299999222159386,0.32201533322416204,0.8594810208083519
31.750001434236765,-12.349999222904444,0.29244289742777607,0.8920164996643914
31.90000143647194,-12.349999222904444,0.33851648873797124,0.8440306664483241
31.950001437216997,-12.399999223649502,0.3147815147201923,0.8770329774759426
32.10000143945217,-12.399999223649502,0.37008772104453785,0.8307764217641807
32.15000144019723,-12.44999922439456,0.33851648873797124,0.8594810208083519
32.250001441687346,-12.44999922439456,0.37008772104453785,0.8307764217641807
32.300001442432404,-12.499999225139618,0.33851648873797124,0.8594810208083519
32.40000144392252,-12.499999225139618,0.37008772104453785,0.8307764217641807
32.45000144466758,-12.549999225884676,0.33851648873797124,0.8594810208083519
32.550001446157694,-12.549999225884676,0.37008772104453785,0.8307764217641807
32.60000144690275,-12.599999226629734,0.33851648873797124,0.8594810208083519
32.70000144839287,-12.599999226629734,0.3830951981733255,0.8307764217641807
32.750001449137926,-12.649999227374792,0.3590170027049498,0.8594810208083519
32.85000145062804,-12.649999227374792,0.3852350042566623,0.8295630294403845
32.9000014513731,-12.69999922811985,0.3590170027049498,0.8511898177453807
33.000001452863216,-12.69999922811985,0.4041523076822994,0.8062306048689096
33.050001453608274,-12.749999228864908,0.3830951981733255,0.8295630294403845
33.15000145509839,-12.749999228864908,0.4264982136426342,0.7848857948555522
33.20000145584345,-12.799999229609966,0.4041523076822994,0.8062306048689096
33.300001457333565,-12.799999229609966,0.4500000096857548,0.7617692174150451
33.35000145807862,-12.849999230355024,0.4264982136426342,0.7848857948555522
33.40000145882368,-12.849999230355024,0.4500000096857548,0.7617692174150451
33.45000145956874,-12.899999231100082,0.4264982136426342,0.7848857948555522
33.550001461058855,-12.899999231100082,0.4708204032459398,0.7394147254011668
33.60000146180391,-12.94999923184514,0.45192025023463345,0.7617692174150451
33.70000146329403,-12.94999923184514,0.5106335307668594,0.7178780012117388
33.75000146403909,-12.999999232590199,0.4946222098231675,0.7394147254011668
33.8500014655292,-12.999999232590199,0.5382411640123205,0.6944272043279197
33.90000146627426,-13.049999233335257,0.5158910638314256,0.7178780012117388
34.00000146776438,-13.049999233335257,0.5615773219347772,0.6732124728405287
34.050001468509436,-13.099999234080315,0.5382411640123205,0.6944272043279197
34.15000146999955,-13.099999234080315,0.5826238037869298,0.6500000126659871
34.20000147074461,-13.149999234825373,0.5615773219347772,0.6732124728405287
34.25000147148967,-13.149999234825373,0.5826238037869298,0.6500000126659871
34.300001472234726,-13.19999923557043,0.5615773219347772,0.6732124728405287
34.350001472979784,-13.19999923557043,0.5826238037869298,0.6500000126659871
34.40000147372484,-13.249999236315489,0.563216887496505,0.6732124728405287
34.4500014744699,-13.249999236315489,0.590569426822497,0.6500000126659871
34.50000147521496,-13.299999237060547,0.5810249792288443,0.6732124728405287
34.550001475960016,-13.299999237060547,0.6062257868435552,0.6500000126659871
34.600001476705074,-13.349999237805605,0.5826238037869298,0.6732124728405287
34.65000147745013,-13.349999237805605,0.6062257868435552,0.6500000126659871
34.70000147819519,-13.399999238550663,0.5826238037869298,0.6602325395227262
34.75000147894025,-13.399999238550663,0.6062257868435552,0.6321658612548995
34.80000147968531,-13.449999239295721,0.5826238037869298,0.6500000126659871
34.850001480430365,-13.449999239295721,0.6062257868435552,0.6276472801952478
34.90000148117542,-13.49999924004078,0.5826238037869298,0.6500000126659871
34.95000148192048,-13.49999924004078,0.6062257868435552,0.6200609855626972
35.00000148266554,-13.549999240785837,0.5826238037869298,0.6321658612548995
35.0500014834106,-13.549999240785837,0.6062257868435552,0.6062257868435552
35.100001484155655,-13.599999241530895,0.5826238037869298,0.6131728104817487
35.15000148490071,-13.599999241530895,0.6062257868435552,0.5778174708955855
35.20000148564577,-13.649999242275953,0.590569426822497,0.5810249792288443
35.25000148639083,-13.649999242275953,0.6200609855626972,0.5500000111758709
35.30000148713589,-13.699999243021011,0.6139410419336518,0.563216887496505
35.350001487880945,-13.699999243021011,0.6485281500679115,0.5382411640123205
35.400001488626,-13.74999924376607,0.6321658612548995,0.5424621313094227
35.45000148937106,-13.74999924376607,0.6602325395227262,0.5071067917232597
35.50000149011612,-13.799999244511127,0.6500000126659871,0.5106335307668594
35.55000149086118,-13.799999244511127,0.6746427972599882,0.4800735355706574
35.600001491606236,-13.849999245256186,0.6602325395227262,0.4946222098231675
35.650001492351294,-13.849999245256186,0.6902247040036246,0.4708204032459398
35.75000149384141,-13.949999246746302,0.6746427972599882,0.4717514521370966
35.80000149458647,-13.949999246746302,0.7013878322977225,0.43639611255093375
35.850001495331526,-13.99999924749136,0.6902247040036246,0.44031243328468356
35.900001496076584,-13.99999924749136,0.7219544594674806,0.41032778988127777
35.95000149682164,-14.049999248236418,0.7178780012117388,0.4264982136426342
36.0000014975667,-14.049999248236418,0.7433981272633877,0.40104077296477064
36.05000149831176,-14.099999248981476,0.7300537757457948,0.40104077296477064
36.100001499056816,-14.099999248981476,0.7604686499270252,0.36568543337860776
36.20000150054693,-14.199999250471592,0.7300537757457948,0.37008772104453785
36.25000150129199,-14.199999250471592,0.7604686499270252,0.34083269937863353
36.400001503527164,-14.349999252706766,0.7300537757457948,0.36568543337860776
36.45000150427222,-14.349999252706766,0.7604686499270252,0.3315072985568083
36.6000015065074,-14.49999925494194,0.7300537757457948,0.36568543337860776
36.650001507252455,-14.49999925494194,0.7604686499270252,0.33033009379244477
36.80000150948763,-14.649999257177114,0.7219544594674806,0.34083269937863353
36.85000151023269,-14.649999257177114,0.7552486729614543,0.3147815147201923
37.10000151395798,-14.899999260902405,0.7013878322977225,0.3590170027049498
37.150001514703035,-14.899999260902405,0.7300537757457948,0.33033009379244477
37.35000151768327,-15.099999263882637,0.6902247040036246,0.34083269937863353
37.400001518428326,-15.099999263882637,0.7219544594674806,0.3147815147201923
37.60000152140856,-15.29999926686287,0.6845903138291293,0.34083269937863353
37.650001522153616,-15.29999926686287,0.7192388292402375,0.3147815147201923
37.900001525878906,-15.54999927058816,0.6838834896540746,0.34083269937863353
37.950001526623964,-15.54999927058816,0.7178780012117388,0.3147815147201923
38.10000152885914,-15.699999272823334,0.6845903138291293,0.3315072985568083
38.1500015296042,-15.699999272823334,0.7192388292402375,0.3000000074505806
38.35000153258443,-15.899999275803566,0.6845903138291293,0.33033009379244477
38.40000153332949,-15.899999275803566,0.7192388292402375,0.2949747542062818
38.55000153556466,-16.04999927803874,0.6902247040036246,0.33033009379244477
38.60000153630972,-16.04999927803874,0.7219544594674806,0.2949747542062818
38.80000153928995,-16.249999281018972,0.6902247040036246,0.3147815147201923
38.85000154003501,-16.249999281018972,0.7219544594674806,0.29244289742777607
39.1000015437603,-16.499999284744263,0.6845903138291293,0.33033009379244477
39.15000154450536,-16.499999284744263,0.7192388292402375,0.2949747542062818
39.35000154748559,-16.699999287724495,0.6902247040036246,0.3147815147201923
39.40000154823065,-16.699999287724495,0.7219544594674806,0.29244289742777607
39.65000155195594,-16.949999291449785,0.6845903138291293,0.33033009379244477
39.700001552700996,-16.949999291449785,0.7192388292402375,0.2949747542062818
39.90000155568123,-17.149999294430017,0.7178780012117388,0.3147815147201923
39.95000155642629,-17.149999294430017,0.7433981272633877,0.29244289742777607
40.15000155940652,-17.34999929741025,0.7192388292402375,0.3147815147201923
40.20000156015158,-17.34999929741025,0.7545941688264006,0.29244289742777607
40.45000156387687,-17.59999930113554,0.7300537757457948,0.3147815147201923
40.500001564621925,-17.59999930113554,0.7604686499270252,0.29244289742777607
40.70000156760216,-17.799999304115772,0.7545941688264006,0.3147815147201923
40.750001568347216,-17.799999304115772,0.7899495084125635,0.29244289742777607
41.050001572817564,-18.09999930858612,0.7545941688264006,0.33033009379244477
41.10000157356262,-18.09999930858612,0.7899495084125635,0.2949747542062818
41.45000157877803,-18.449999313801527,0.7924716768529406,0.29244289742777607
41.50000157952309,-18.449999313801527,0.8307764217641807,0.24721360216395982
41.70000158250332,-18.64999931678176,0.8606601875848896,0.22426407503395576
41.75000158324838,-18.64999931678176,0.8965856263134644,0.1889087354477928
42.050001587718725,-18.949999321252108,0.9800423897045963,0.11622777072899887
42.10000158846378,-18.949999321252108,1.0206555797625556,0.06925824436898563
42.600001595914364,-19.449999328702688,1.2115594423831848,-0.12928932082767405
42.600001595914364,-19.499999329447746,1.1928388484733279,-0.09999999850988388
42.850001599639654,-19.749999333173037,1.3337861878729915,-0.14999999925494195
42.850001599639654,-19.799999333918095,1.318222667692178,-0.16464466041383702
42.95000160112977,-19.89999933540821,1.3811388536449942,-0.09999999850988388
42.95000160112977,-19.94999933615327,1.366045999672486,-0.09999999850988388
43.050001602619886,-20.049999337643385,1.4378339598215473,-0.04999999776482582
43.050001602619886,-20.099999338388443,1.4278820838673036,-0.05857864165534806
43.15000160411,-20.19999933987856,1.4977927099340471,2.9802322387695306e-09
43.15000160411,-20.249999340623617,1.486712804477279,2.9802322387695306e-09
43.25000160560012,-20.349999342113733,1.5677669793081492,0.10000000447034836
43.25000160560012,-20.44999934360385,1.5564168331976798,0.09154759908666274
43.30000160634518,-20.499999344348907,1.602775664595445,0.11622777072899887
43.30000160634518,-20.549999345093966,1.600694337369347,0.10413813104692221
43.350001607090235,-20.599999345839024,1.6500000275671483,0.1500000052154064
43.350001607090235,-20.64999934658408,1.6500000275671483,0.1500000052154064
43.40000160783529,-20.69999934732914,1.7000000283122063,0.20000000596046447
43.40000160783529,-20.749999348074198,1.7000000283122063,0.20000000596046447
43.45000160858035,-20.799999348819256,1.7500000290572644,0.2500000067055225
43.45000160858035,-20.899999350309372,1.7500000290572644,0.2500000067055225
43.50000160932541,-20.94999935105443,1.8000000298023224,0.3000000074505806
43.50000160932541,-21.049999352544546,1.8000000298023224,0.3000000074505806
43.55000161007047,-21.099999353289604,1.8500000305473805,0.35000000819563865
43.55000161007047,-21.44999935850501,1.8500000305473805,0.3522680590887983
43.600001610815525,-21.49999935925007,1.9000000312924386,0.4082762620938444
43.600001610815525,-22.649999376386404,2.1505318897342858,0.6139410419336518
43.55000161007047,-22.699999377131462,2.1243278944690758,0.5762087463794127
43.55000161007047,-23.149999383836985,2.304495994593537,0.7394147254011668
43.50000160932541,-23.199999384582043,2.2824383544524953,0.7178780012117388
43.50000160932541,-23.29999938607216,2.3268557913517407,0.7617692174150451
43.45000160858035,-23.349999386817217,2.3059928545705364,0.7394147254011668
43.45000160858035,-23.449999388307333,2.3553865059143533,0.7848857948555522
43.40000160783529,-23.49999938905239,2.3387004927868054,0.7617692174150451
43.40000160783529,-23.54999938979745,2.36563836036449,0.7848857948555522
43.350001607090235,-23.599999390542507,2.351960069062137,0.7617692174150451
43.350001607090235,-23.699999392032623,2.407681000938534,0.8124228516521053
43.30000160634518,-23.74999939277768,2.393260534620581,0.8000000149011612
43.30000160634518,-23.79999939352274,2.421545384847736,0.8295630294403845
43.20000160485506,-23.899999395012856,2.393260534620581,0.8000000149011612
43.20000160485506,-23.949999395757914,2.421545384847736,0.8307764217641807
43.15000160411,-23.99999939650297,2.41007666612081,0.825914241721473
43.15000160411,-24.04999939724803,2.4400757958290114,0.8606601875848896
43.050001602619886,-24.149999398738146,2.424880988795112,0.8404326178378946
43.050001602619886,-24.199999399483204,2.4575364927840413,0.8700467438965735
42.65000159665942,-24.59999940544367,2.4518861607514064,0.8630145971136167
42.600001595914364,-24.59999940544367,2.4172505046605512,0.8307764217641807
42.50000159442425,-24.699999406933784,2.424880988795112,0.8547511712034664
42.45000159367919,-24.699999406933784,2.3927784711282443,0.825914241721473
42.350001592189074,-24.7999994084239,2.41007666612081,0.8404326178378946
42.300001591444016,-24.7999994084239,2.3806976185681785,0.8124228516521053
42.25000159069896,-24.84999940916896,2.393260534620581,0.8295630294403845
42.2000015899539,-24.84999940916896,2.36563836036449,0.8000000149011612
42.15000158920884,-24.899999409914017,2.3806976185681785,0.8124228516521053
42.050001587718725,-24.899999409914017,2.3238859304336232,0.7617692174150451
42.00000158697367,-24.949999410659075,2.3387004927868054,0.7848857948555522
41.45000157877803,-24.949999410659075,2.0847319658043313,0.5615773219347772
41.40000157803297,-24.999999411404133,2.1119256387897543,0.590569426822497
41.300001576542854,-24.999999411404133,2.077059541277971,0.5648529384361146
41.250001575797796,-24.949999410659075,2.013594395102992,0.5071067917232597
39.95000155642629,-24.949999410659075,1.7506409493799309,0.4184658530585083
39.90000155568123,-24.899999409914017,1.7000000283122063,0.3852350042566623
39.60000155121088,-24.899999409914017,1.7000000283122063,0.40000000894069676
39.55000155046582,-24.84999940916896,1.6500000275671483,0.3522680590887983
39.35000154748559,-24.84999940916896,1.6527007589722829,0.40000000894069676
39.30000154674053,-24.7999994084239,1.6062392137339054,0.35000000819563865
39.000001542270184,-24.7999994084239,1.655397559175525,0.3590170027049498
38.950001541525126,-24.749999407678843,1.6110770546146342,0.32201533322416204
38.80000153928995,-24.749999407678843,1.6337121094136642,0.35000000819563865
38.75000153854489,-24.699999406933784,1.59513233385118,0.3000000074505806
38.55000153556466,-24.699999406933784,1.6172782116181799,0.30990195895740963
38.5000015348196,-24.649999406188726,1.5755281169139006,0.27434165609349825
38.30000153183937,-24.649999406188726,1.6172782116181799,0.3000000074505806
38.25000153109431,-24.59999940544367,1.5755281169139006,0.2500000067055225
38.05000152811408,-24.59999940544367,1.6200274994406525,0.29244289742777607
38.00000152736902,-24.54999940469861,1.584656856350934,0.2500000067055225
37.80000152438879,-24.54999940469861,1.6337121094136642,0.25276926365365854
37.75000152364373,-24.499999403953552,1.59513233385118,0.21231056870567222
37.60000152140856,-24.499999403953552,1.6337121094136642,0.25276926365365854
37.5500015206635,-24.449999403208494,1.59513233385118,0.21231056870567222
37.35000151768327,-24.449999403208494,1.6337121094136642,0.25276926365365854
37.30000151693821,-24.399999402463436,1.59513233385118,0.21231056870567222
37.10000151395798,-24.399999402463436,1.6439089189349612,0.25276926365365854
37.05000151321292,-24.349999401718378,1.606931126884637,0.21231056870567222
36.900001510977745,-24.349999401718378,1.6337121094136642,0.2500000067055225
36.85000151023269,-24.29999940097332,1.59513233385118,0.20311289342177757
36.650001507252455,-24.29999940097332,1.6337121094136642,0.2500000067055225
36.6000015065074,-24.249999400228262,1.59513233385118,0.20311289342177757
36.400001503527164,-24.249999400228262,1.6439089189349612,0.25276926365365854
36.350001502782106,-24.199999399483204,1.606931126884637,0.21231056870567222
36.20000150054693,-24.199999399483204,1.6337121094136642,0.2500000067055225
36.150001499801874,-24.149999398738146,1.59513233385118,0.20311289342177757
35.95000149682164,-24.149999398738146,1.6337121094136642,0.2500000067055225
35.900001496076584,-24.099999397993088,1.59513233385118,0.20311289342177757
35.70000149309635,-24.099999397993088,1.6439089189349612,0.2500000067055225
35.650001492351294,-24.04999939724803,1.606931126884637,0.20311289342177757
35.50000149011612,-24.04999939724803,1.6337121094136642,0.24721360216395982
35.45000148937106,-23.99999939650297,1.59513233385118,0.20311289342177757
35.25000148639083,-23.99999939650297,1.6337121094136642,0.2500000067055225
35.20000148564577,-23.949999395757914,1.59513233385118,0.20311289342177757
35.00000148266554,-23.949999395757914,1.6439089189349612,0.2500000067055225
34.95000148192048,-23.899999395012856,1.606931126884637,0.20311289342177757
34.75000147894025,-23.899999395012856,1.6439089189349612,0.2500000067055225
34.70000147819519,-23.849999394267797,1.606931126884637,0.20311289342177757
34.550001475960016,-23.849999394267797,1.6337121094136642,0.24721360216395982
34.50000147521496,-23.79999939352274,1.59513233385118,0.20000000596046447
34.300001472234726,-23.79999939352274,1.6439089189349612,0.24721360216395982
34.25000147148967,-23.74999939277768,1.606931126884637,0.20311289342177757
34.050001468509436,-23.74999939277768,1.6439089189349612,0.2500000067055225
34.00000146776438,-23.699999392032623,1.606931126884637,0.20311289342177757
33.800001464784145,-23.699999392032623,1.6439089189349612,0.2500000067055225
33.75000146403909,-23.649999391287565,1.606931126884637,0.20311289342177757
33.550001461058855,-23.649999391287565,1.655397559175525,0.2500000067055225
33.5000014603138,-23.599999390542507,1.6172782116181799,0.20311289342177757
33.35000145807862,-23.599999390542507,1.6439089189349612,0.24721360216395982
33.300001457333565,-23.54999938979745,1.606931126884637,0.20311289342177757
33.10000145435333,-23.54999938979745,1.6439089189349612,0.2500000067055225
33.050001453608274,-23.49999938905239,1.606931126884637,0.20311289342177757
32.85000145062804,-23.49999938905239,1.655397559175525,0.2500000067055225
32.800001449882984,-23.449999388307333,1.6172782116181799,0.20311289342177757
32.60000144690275,-23.449999388307333,1.655397559175525,0.2500000067055225
32.550001446157694,-23.399999387562275,1.6172782116181799,0.20311289342177757
32.40000144392252,-23.399999387562275,1.6439089189349612,0.24721360216395982
32.35000144317746,-23.349999386817217,1.606931126884637,0.20000000596046447
32.15000144019723,-23.349999386817217,1.655397559175525,0.24721360216395982
32.10000143945217,-23.29999938607216,1.6172782116181799,0.20311289342177757
31.90000143647194,-23.29999938607216,1.655397559175525,0.2500000067055225
31.85000143572688,-23.2499993853271,1.6172782116181799,0.20311289342177757
31.65000143274665,-23.2499993853271,1.655397559175525,0.2500000067055225
31.60000143200159,-23.199999384582043,1.6200274994406525,0.20311289342177757
31.40000142902136,-23.199999384582043,1.6668154980771654,0.2500000067055225
31.3500014282763,-23.149999383836985,1.6248287862815334,0.20311289342177757
31.200001426041126,-23.149999383836985,1.655397559175525,0.24721360216395982
31.150001425296068,-23.099999383091927,1.6172782116181799,0.20311289342177757
30.950001422315836,-23.099999383091927,1.655397559175525,0.2500000067055225
30.900001421570778,-23.04999938234687,1.6200274994406525,0.20311289342177757
30.700001418590546,-23.04999938234687,1.6668154980771654,0.2500000067055225
30.650001417845488,-22.99999938160181,1.6248287862815334,0.20311289342177757
30.450001414865255,-22.99999938160181,1.6668154980771654,0.2500000067055225
30.400001414120197,-22.949999380856752,1.6248287862815334,0.20311289342177757
30.200001411139965,-22.949999380856752,1.668154197064607,0.2500000067055225
30.150001410394907,-22.899999380111694,1.6337121094136642,0.20311289342177757
29.8000014051795,-22.899999380111694,1.7039433048369428,0.29244289742777607
29.750001404434443,-22.849999379366636,1.6668154980771654,0.2500000067055225
29.450001399964094,-22.849999379366636,1.7235384348300902,0.30249378854378534
29.400001399219036,-22.799999378621578,1.6828170664324333,0.26097722973374027
29.100001394748688,-22.799999378621578,1.752562448072111,0.32201533322416204
29.05000139400363,-22.74999937787652,1.7163768182299195,0.29244289742777607
28.75000138953328,-22.74999937787652,1.7729419950940122,0.35000000819563865
28.700001388788223,-22.699999377131462,1.731967937424731,0.3000000074505806
28.100001379847527,-22.699999377131462,1.8615528435283613,0.3590170027049498
28.05000137910247,-22.649999376386404,1.8223748717514021,0.32201533322416204
26.25000135228038,-22.649999376386404,1.9500000320374966,0.5000000104308129
26.20000135153532,-22.699999377131462,2.0000000327825544,0.5500000111758709
25.750001344829798,-22.699999377131462,1.9868928054501456,0.5500000111758709
25.70000134408474,-22.74999937787652,2.0276669741893705,0.600000011920929
25.40000133961439,-22.74999937787652,2.000568141257559,0.5762087463794127
25.350001338869333,-22.799999378621578,2.0500000335276125,0.6139410419336518
25.050001334398985,-22.799999378621578,2.0500000335276125,0.5762087463794127
25.000001333653927,-22.849999379366636,2.1000000342726706,0.6139410419336518
24.750001329928637,-22.849999379366636,2.077059541277971,0.5762087463794127
24.70000132918358,-22.899999380111694,2.119482735511626,0.6139410419336518
24.600001327693462,-22.899999380111694,2.108679310525041,0.6015609890382593
24.550001326948404,-22.949999380856752,2.154782402952315,0.6500000126659871
24.40000132471323,-22.949999380856752,2.1500000350177286,0.6139410419336518
24.350001323968172,-22.99999938160181,2.1926972584550466,0.6558621511845243
24.250001322478056,-22.99999938160181,2.175920909507324,0.6500000126659871
24.200001321732998,-23.04999938234687,2.2186773605306653,0.68600227053593
24.10000132024288,-23.04999938234687,2.2083189516452078,0.6631338379432997
24.050001319497824,-23.099999383091927,2.25458757830292,0.7055385273073171
23.950001318007708,-23.099999383091927,2.2382371043798854,0.68600227053593
23.90000131726265,-23.149999383836985,2.273863412234033,0.7192388292402375
23.800001315772533,-23.149999383836985,2.2515301709568982,0.68600227053593
23.750001315027475,-23.199999384582043,2.2824383544524953,0.7192388292402375
23.65000131353736,-23.199999384582043,2.252040003586089,0.68600227053593
23.6000013127923,-23.2499993853271,2.2824383544524953,0.7192388292402375
23.500001311302185,-23.2499993853271,2.252040003586089,0.68600227053593
23.450001310557127,-23.29999938607216,2.2864633888824626,0.7192388292402375
23.35000130906701,-23.29999938607216,2.2622144871388805,0.68600227053593
23.300001308321953,-23.349999386817217,2.2989998371579587,0.7192388292402375
23.250001307576895,-23.349999386817217,2.2824383544524953,0.7013878322977225
23.200001306831837,-23.399999387562275,2.3144582296043787,0.7340770985323035
23.15000130608678,-23.399999387562275,2.2989998371579587,0.7192388292402375
23.10000130534172,-23.449999388307333,2.328339413629299,0.7486833121869966
23.050001304596663,-23.449999388307333,2.3079872781688127,0.7340770985323035
23.000001303851604,-23.49999938905239,2.3347584088981583,0.7656604101808596
22.90000130236149,-23.49999938905239,2.2989998371579587,0.7340770985323035
22.85000130161643,-23.54999938979745,2.328339413629299,0.7656604101808596
22.800001300871372,-23.54999938979745,2.3079872781688127,0.7486833121869966
22.750001300126314,-23.599999390542507,2.3347584088981583,0.7823441498574933
22.700001299381256,-23.599999390542507,2.3164459439302902,0.7617692174150451
22.650001298636198,-23.649999391287565,2.3460754492342835,0.7848857948555522
22.60000129789114,-23.649999391287565,2.328339413629299,0.7617692174150451
22.550001297146082,-23.699999392032623,2.353918595880779,0.7848857948555522
22.500001296401024,-23.699999392032623,2.3347584088981583,0.7617692174150451
22.400001294910908,-23.79999939352274,2.393260534620581,0.8062306048689096
22.35000129416585,-23.79999939352274,2.371478212442769,0.7848857948555522
22.30000129342079,-23.849999394267797,2.3942243928715246,0.8062306048689096
22.250001292675734,-23.849999394267797,2.371478212442769,0.7848857948555522
22.200001291930676,-23.899999395012856,2.3942243928715246,0.8000000149011612
22.150001291185617,-23.899999395012856,2.371478212442769,0.7708244064137908
22.10000129044056,-23.949999395757914,2.393260534620581,0.7861541608606429
22.0500012896955,-23.949999395757914,2.36563836036449,0.7617692174150451
22.000001288950443,-23.99999939650297,2.381181938290669,0.7848857948555522
21.950001288205385,-23.99999939650297,2.3553865059143533,0.7617692174150451
21.900001287460327,-24.04999939724803,2.3739075736009614,0.7848857948555522
21.85000128671527,-24.04999939724803,2.350000037997961,0.7617692174150451
21.80000128597021,-24.099999397993088,2.371478212442769,0.7848857948555522
21.750001285225153,-24.099999397993088,2.3495097947870485,0.7617692174150451
21.700001284480095,-24.149999398738146,2.371478212442769,0.7848857948555522
21.650001283735037,-24.149999398738146,2.3495097947870485,0.7617692174150451
21.60000128298998,-24.199999399483204,2.371478212442769,0.7848857948555522
21.55000128224492,-24.199999399483204,2.3495097947870485,0.7617692174150451
21.500001281499863,-24.249999400228262,2.371478212442769,0.7848857948555522
21.450001280754805,-24.249999400228262,2.3495097947870485,0.7617692174150451
21.35000127926469,-24.349999401718378,2.3942243928715246,0.8062306048689096
21.30000127851963,-24.349999401718378,2.371478212442769,0.7848857948555522
21.200001277029514,-24.449999403208494,2.416295129376061,0.8295630294403845
21.150001276284456,-24.449999403208494,2.3942243928715246,0.8062306048689096
21.100001275539398,-24.499999403953552,2.41007666612081,0.8295630294403845
21.05000127479434,-24.499999403953552,2.3806976185681785,0.8000000149011612
20.950001273304224,-24.59999940544367,2.4004807635393512,0.8295630294403845
20.900001272559166,-24.59999940544367,2.370019493475554,0.8062306048689096
20.80000127106905,-24.699999406933784,2.3927784711282443,0.8404326178378946
20.75000127032399,-24.699999406933784,2.361249733138734,0.8124228516521053
20.55000126734376,-24.899999409914017,2.4004807635393512,0.8816653987572671
20.5000012665987,-24.899999409914017,2.370019493475554,0.8547511712034664
20.350001264363527,-25.04999941214919,2.407681000938534,0.8700467438965735
20.30000126361847,-25.04999941214919,2.3806976185681785,0.8404326178378946
19.50000125169754,-25.84999942407012,2.3809397897898976,0.8606601875848896
19.50000125169754,-25.899999424815178,2.416295129376061,0.8960155271710525
19.200001247227192,-26.199999429285526,2.36563836036449,0.8404326178378946
19.200001247227192,-26.249999430030584,2.393260534620581,0.8700467438965735
19.050001244992018,-26.39999943226576,2.361249733138734,0.8404326178378946
19.050001244992018,-26.449999433010817,2.3927784711282443,0.8700467438965735
18.900001242756844,-26.59999943524599,2.361249733138734,0.8404326178378946
18.900001242756844,-26.64999943599105,2.3927784711282443,0.8700467438965735
18.75000124052167,-26.799999438226223,2.351960069062137,0.8404326178378946
18.75000124052167,-26.84999943897128,2.3806976185681785,0.8700467438965735
18.600001238286495,-26.999999441206455,2.3268557913517407,0.8547511712034664
18.600001238286495,-27.049999441951513,2.3495097947870485,0.8816653987572671
18.400001235306263,-27.249999444931746,2.269817843848847,0.8404326178378946
18.400001235306263,-27.299999445676804,2.296497583764698,0.8700467438965735
18.350001234561205,-27.34999944642186,2.2824383544524953,0.8511898177453807
18.350001234561205,-27.39999944716692,2.304495994593537,0.8735455436762694
18.25000123307109,-27.499999448657036,2.259674811901779,0.8295630294403845
18.25000123307109,-27.549999449402094,2.2824383544524953,0.8511898177453807
18.150001231580973,-27.64999945089221,2.2377243849747046,0.8124228516521053
18.150001231580973,-27.699999451637268,2.259674811901779,0.8404326178378946
18.100001230835915,-27.749999452382326,2.2377243849747046,0.8295630294403845
18.100001230835915,-27.799999453127384,2.259674811901779,0.8440306664483241
18.050001230090857,-27.849999453872442,2.2377243849747046,0.8124228516521053
18.050001230090857,-27.8999994546175,2.259674811901779,0.8307764217641807
18.0000012293458,-27.94999945536256,2.2377243849747046,0.8062306048689096
18.0000012293458,-27.999999456107616,2.259674811901779,0.8295630294403845
17.900001227855682,-28.099999457597733,2.215056971133817,0.7656604101808596
17.900001227855682,-28.14999945834279,2.235159168663883,0.7823441498574933
17.850001227110624,-28.19999945908785,2.204163091859083,0.7486833121869966
17.850001227110624,-28.249999459832907,2.21919411672939,0.7656604101808596
17.800001226365566,-28.299999460577965,2.1879908228357463,0.7340770985323035
17.800001226365566,-28.39999946206808,2.21919411672939,0.7656604101808596
17.750001225620508,-28.44999946281314,2.1879908228357463,0.7394147254011668
17.750001225620508,-28.499999463558197,2.204163091859083,0.7617692174150451
17.70000122487545,-28.549999464303255,2.171708280467491,0.7219544594674806
17.70000122487545,-28.64999946579337,2.204163091859083,0.7486833121869966
17.650001224130392,-28.69999946653843,2.171708280467491,0.7192388292402375
17.650001224130392,-28.799999468028545,2.204163091859083,0.7486833121869966
17.600001223385334,-28.849999468773603,2.171708280467491,0.7124143931407667
17.600001223385334,-28.94999947026372,2.204163091859083,0.7340770985323035
17.550001222640276,-28.999999471008778,2.171708280467491,0.7013878322977225
17.550001222640276,-29.049999471753836,2.1879908228357463,0.7192388292402375
17.500001221895218,-29.099999472498894,2.1563743687023496,0.68600227053593
17.500001221895218,-29.249999474734068,2.204163091859083,0.7219544594674806
17.45000122115016,-29.299999475479126,2.171708280467491,0.68600227053593
17.45000122115016,-29.399999476969242,2.204163091859083,0.7192388292402375
17.4000012204051,-29.4499994777143,2.171708280467491,0.68600227053593
17.4000012204051,-29.599999479949474,2.2186773605306653,0.7219544594674806
17.350001219660044,-29.649999480694532,2.175920909507324,0.68600227053593
17.350001219660044,-29.74999948218465,2.1926972584550466,0.7192388292402375
17.300001218914986,-29.799999482929707,2.153720494261132,0.68600227053593
17.300001218914986,-29.899999484419823,2.169071583398344,0.7124143931407667
17.250001218169928,-29.94999948516488,2.1264780594935924,0.6732124728405287
17.250001218169928,-30.049999486654997,2.143608363974079,0.7013878322977225
17.20000121742487,-30.099999487400055,2.1048861486687014,0.6631338379432997
17.20000121742487,-30.24999948963523,2.1264780594935924,0.7013878322977225
17.15000121667981,-30.299999490380287,2.0852790104585983,0.6558621511845243
17.15000121667981,-30.44999949261546,2.1135470947263926,0.68600227053593
17.100001215934753,-30.49999949336052,2.0699119263875563,0.6544003872633107
17.100001215934753,-30.649999495595694,2.094558815308343,0.68600227053593
17.050001215189695,-30.69999949634075,2.054994490357972,0.6514693309842018
17.050001215189695,-30.849999498575926,2.0699119263875563,0.6732124728405287
17.000001214444637,-30.899999499320984,2.0276669741893705,0.6381527432014595
17.000001214444637,-31.099999502301216,2.063846318268293,0.6500000126659871
16.95000121369958,-31.149999503046274,2.020360364203399,0.6015609890382593
16.95000121369958,-31.29999950528145,2.045551190749882,0.6246211374113445
16.90000121295452,-31.349999506026506,2.0000000327825544,0.590569426822497
16.90000121295452,-31.599999509751797,2.0000000327825544,0.600000011920929
16.850001212209463,-31.649999510496855,1.9500000320374966,0.5500000111758709
16.850001212209463,-32.149999517947435,1.9500000320374966,0.5433034484420096
16.800001211464405,-32.19999951869249,1.9000000312924386,0.4800735355706574
16.800001211464405,-33.449999537318945,1.9000000312924386,0.40000000894069676
16.850001212209463,-33.499999538064,1.9500000320374966,0.4500000096857548
16.850001212209463,-35.14999956265092,1.9000000312924386,0.3852350042566623
16.90000121295452,-35.19999956339598,1.9500000320374966,0.4184658530585083
16.90000121295452,-36.299999579787254,1.9000000312924386,0.35000000819563865
16.95000121369958,-36.34999958053231,1.9500000320374966,0.40000000894069676
16.95000121369958,-37.24999959394336,1.9377558644982391,0.3522680590887983
17.000001214444637,-37.299999594688416,1.978302123538427,0.40000000894069676
17.000001214444637,-38.39999961107969,1.9053503585148945,0.35000000819563865
17.050001215189695,-38.44999961182475,1.9523243570752202,0.40000000894069676
17.050001215189695,-39.349999625235796,1.8597330230970113,0.35000000819563865
17.100001215934753,-39.399999625980854,1.9053503585148945,0.40000000894069676
17.100001215934753,-40.149999637156725,1.8223748717514021,0.3590170027049498
17.15000121667981,-40.19999963790178,1.8651876735800321,0.4020797379113019
17.15000121667981,-40.649999644607306,1.815564467108888,0.40000000894069676
17.20000121742487,-40.699999645352364,1.8597330230970113,0.4500000096857548
17.20000121742487,-41.399999655783176,1.8000000298023224,0.3852350042566623
17.250001218169928,-41.449999656528234,1.8396078358296386,0.4184658530585083
17.250001218169928,-42.199999667704105,1.752562448072111,0.35000000819563865
17.300001218914986,-42.24999966844916,1.8006249321858896,0.40000000894069676
17.300001218914986,-42.749999675899744,1.7500000290572644,0.32201533322416204
17.350001219660044,-42.7999996766448,1.7906029534017331,0.3590170027049498
17.350001219660044,-43.249999683350325,1.7416488128275815,0.30990195895740963
17.4000012204051,-43.29999968409538,1.7811613051374986,0.3522680590887983
17.4000012204051,-43.64999968931079,1.7500000290572644,0.30990195895740963
17.45000122115016,-43.69999969005585,1.8000000298023224,0.3522680590887983
17.45000122115016,-44.049999695271254,1.752562448072111,0.30990195895740963
17.500001221895218,-44.09999969601631,1.8006249321858896,0.3522680590887983
17.500001221895218,-44.499999701976776,1.752562448072111,0.30990195895740963
17.550001222640276,-44.549999702721834,1.8006249321858896,0.3522680590887983
17.550001222640276,-44.89999970793724,1.7557607507039004,0.30990195895740963
17.600001223385334,-44.9499997086823,1.8024984692896309,0.3522680590887983
17.600001223385334,-45.299999713897705,1.760229607600963,0.30990195895740963
17.650001224130392,-45.34999971464276,1.805617141899182,0.3522680590887983
17.650001224130392,-45.74999972060323,1.760229607600963,0.30990195895740963
17.70000122487545,-45.799999721348286,1.805617141899182,0.3522680590887983
17.70000122487545,-46.14999972656369,1.7659603544288418,0.30990195895740963
17.750001225620508,-46.19999972730875,1.8099751541751414,0.3522680590887983
17.750001225620508,-46.54999973252416,1.7811613051374986,0.30990195895740963
17.800001226365566,-46.599999733269215,1.8223748717514021,0.3522680590887983
17.800001226365566,-46.99999973922968,1.7811613051374986,0.30990195895740963
17.850001227110624,-47.04999973997474,1.8223748717514021,0.3522680590887983
17.850001227110624,-47.399999745190144,1.7906029534017331,0.30990195895740963
17.900001227855682,-47.4499997459352,1.8303940806799244,0.3522680590887983
17.900001227855682,-47.79999975115061,1.8000000298023224,0.30990195895740963
17.95000122860074,-47.849999751895666,1.8396078358296386,0.3522680590887983
17.95000122860074,-48.24999975785613,1.8000000298023224,0.30990195895740963
18.0000012293458,-48.29999975860119,1.8396078358296386,0.3522680590887983
18.0000012293458,-48.69999976456165,1.8000000298023224,0.30249378854378534
18.050001230090857,-48.74999976530671,1.8396078358296386,0.35000000819563865
18.050001230090857,-49.09999977052212,1.7906029534017331,0.30249378854378534
18.100001230835915,-49.149999771267176,1.8303940806799244,0.35000000819563865
18.100001230835915,-49.54999977722764,1.7729419950940122,0.30249378854378534
18.150001231580973,-49.5999997779727,1.815564467108888,0.35000000819563865
18.150001231580973,-49.949999783188105,1.7659603544288418,0.30249378854378534
18.20000123232603,-49.99999978393316,1.8099751541751414,0.35000000819563865
18.20000123232603,-50.34999978914857,1.752562448072111,0.30249378854378534
18.25000123307109,-50.39999978989363,1.7906029534017331,0.35000000819563865
18.25000123307109,-50.749999795109034,1.731967937424731,0.30990195895740963
18.300001233816147,-50.79999979585409,1.7729419950940122,0.3522680590887983
18.300001233816147,-51.1499998010695,1.7039433048369428,0.30249378854378534
18.350001234561205,-51.199999801814556,1.7416488128275815,0.35000000819563865
18.350001234561205,-51.54999980702996,1.6828170664324333,0.27434165609349825
18.400001235306263,-51.59999980777502,1.7235384348300902,0.30990195895740963
18.400001235306263,-51.999999813735485,1.655397559175525,0.24721360216395982
18.45000123605132,-52.04999981448054,1.692749351278933,0.27434165609349825
18.45000123605132,-52.34999981895089,1.6337121094136642,0.21231056870567222
18.50000123679638,-52.39999981969595,1.6741665093263882,0.25276926365365854
18.50000123679638,-52.59999982267618,1.6200274994406525,0.21231056870567222
18.550001237541437,-52.64999982342124,1.655397559175525,0.25276926365365854
18.550001237541437,-52.84999982640147,1.606931126884637,0.20311289342177757
18.600001238286495,-52.89999982714653,1.6439089189349612,0.22720019363165536
18.600001238286495,-53.09999983012676,1.5867568651453154,0.160555132919089
18.650001239031553,-53.14999983087182,1.6124569230468984,0.18078866096738858
18.650001239031553,-53.34999983385205,1.5392527390094939,0.10413813104692221
18.70000123977661,-53.39999983459711,1.5670597310384706,0.13541020162296988
18.70000123977661,-53.59999983757734,1.491892456780025,0.0500000037252903
18.75000124052167,-53.6499998383224,1.5066048420179947,0.06925824436898563
18.75000124052167,-53.84999984130263,1.4101242428031824,-0.05857864165534806
18.800001241266727,-53.89999984204769,1.4224980981359006,-0.041886114635500564
18.800001241266727,-54.049999844282866,1.3202796022050083,-0.14999999925494195
18.850001242011786,-54.099999845027924,1.3116216683080153,-0.16464466041383702
18.850001242011786,-54.19999984651804,1.2300349859166906,-0.16464466041383702
18.900001242756844,-54.2499998472631,1.2089003013547874,-0.14999999925494195
18.900001242756844,-54.349999848753214,1.1200378979145058,-0.04999999776482582
18.9500012435019,-54.39999984949827,1.0971121964357624,-0.019722433540455508
18.9500012435019,-54.44999985024333,1.0500000186264515,0.023606801081979916
19.00000124424696,-54.49999985098839,1.016552524187689,0.05495097947870481
19.00000124424696,-54.549999851733446,0.9672617703864308,0.10413813104692221
19.050001244992018,-54.599999852478504,0.9280514340771239,0.13541020162296988
19.050001244992018,-54.69999985396862,0.8307764217641807,0.22720019363165536
19.100001245737076,-54.74999985471368,0.7962429571037405,0.26097722973374027
19.100001245737076,-54.799999855458736,0.7486833121869966,0.30990195895740963
19.150001246482134,-54.849999856203794,0.7192388292402375,0.3522680590887983
19.150001246482134,-54.89999985694885,0.6732124728405287,0.4020797379113019
19.200001247227192,-54.94999985769391,0.6381527432014595,0.4500000096857548
19.200001247227192,-54.99999985843897,0.590569426822497,0.5000000104308129
19.300001248717308,-55.099999859929085,0.5017834528382981,0.600000011920929
19.300001248717308,-55.14999986067414,0.45192025023463345,0.6500000126659871
19.400001250207424,-55.24999986216426,0.37008772104453785,0.7500000141561032
19.400001250207424,-55.29999986290932,0.32201533322416204,0.8000000149011612
19.50000125169754,-55.39999986439943,0.2500000067055225,0.9000000163912774
19.5500012524426,-55.39999986439943,0.2500000067055225,0.9000000163912774
19.700001254677773,-55.54999986663461,0.10000000447034836,1.0500000186264515
19.80000125616789,-55.54999986663461,0.11622777072899887,1.0500000186264515
19.850001256912947,-55.599999867379665,0.09154759908666274,1.1000000193715096
19.950001258403063,-55.599999867379665,0.10000000447034836,1.1000000193715096
20.00000125914812,-55.64999986812472,0.0500000037252903,1.1500000201165677
20.350001264363527,-55.64999986812472,2.9802322387695306e-09,1.1500000201165677
20.400001265108585,-55.69999986886978,-0.04999999776482582,1.2000000208616257
21.55000128224492,-55.69999986886978,-0.2,1.3008331243445195
21.60000128298998,-55.64999986812472,-0.14999999925494195,1.2534442070328695
22.450001295655966,-55.64999986812472,-0.31180340054099,1.366045999672486
22.500001296401024,-55.599999867379665,-0.30000000149011613,1.3297058768722292
22.700001299381256,-55.599999867379665,-0.3500000022351742,1.3787653639101314
22.750001300126314,-55.54999986663461,-0.30000000149011613,1.3402922030270783
23.15000130608678,-55.54999986663461,-0.4236068010819799,1.4620770386263438
23.200001306831837,-55.49999986588955,-0.40000000298023225,1.4286497717590054
23.300001308321953,-55.49999986588955,-0.4236068010819799,1.4620770386263438
23.35000130906701,-55.44999986514449,-0.40000000298023225,1.4286497717590054
23.500001311302185,-55.44999986514449,-0.4236068010819799,1.476305486402919
23.550001312047243,-55.39999986439943,-0.40000000298023225,1.4378339598215473
23.65000131353736,-55.39999986439943,-0.4236068010819799,1.4620770386263438
23.700001314282417,-55.349999863654375,-0.40000000298023225,1.4286497717590054
23.800001315772533,-55.349999863654375,-0.4236068010819799,1.4620770386263438
23.85000131651759,-55.29999986290932,-0.40000000298023225,1.4286497717590054
23.950001318007708,-55.29999986290932,-0.4236068010819799,1.4620770386263438
24.000001318752766,-55.24999986216426,-0.40000000298023225,1.4286497717590054
24.15000132098794,-55.24999986216426,-0.45000000372529025,1.476305486402919
24.200001321732998,-55.1999998614192,-0.40000000298023225,1.4446884448476198
24.300001323223114,-55.1999998614192,-0.4236068010819799,1.476305486402919
24.350001323968172,-55.14999986067414,-0.40000000298023225,1.4378339598215473
24.450001325458288,-55.14999986067414,-0.4236068010819799,1.4620770386263438
24.500001326203346,-55.099999859929085,-0.40000000298023225,1.4286497717590054
24.600001327693462,-55.099999859929085,-0.4236068010819799,1.4620770386263438
24.65000132843852,-55.04999985918403,-0.40000000298023225,1.4286497717590054
24.750001329928637,-55.04999985918403,-0.4236068010819799,1.4620770386263438
24.800001330673695,-54.99999985843897,-0.40000000298023225,1.4286497717590054
24.95000133290887,-54.99999985843897,-0.45000000372529025,1.476305486402919
25.000001333653927,-54.94999985769391,-0.40000000298023225,1.4378339598215473
25.100001335144043,-54.94999985769391,-0.4236068010819799,1.4620770386263438
25.1500013358891,-54.89999985694885,-0.40000000298023225,1.4286497717590054
25.250001337379217,-54.89999985694885,-0.4236068010819799,1.4620770386263438
25.300001338124275,-54.849999856203794,-0.40000000298023225,1.4286497717590054
25.40000133961439,-54.849999856203794,-0.4236068010819799,1.4620770386263438
25.45000134035945,-54.799999855458736,-0.40000000298023225,1.4286497717590054
25.550001341849566,-54.799999855458736,-0.4236068010819799,1.4620770386263438
25.600001342594624,-54.74999985471368,-0.40000000298023225,1.4286497717590054
25.750001344829798,-54.74999985471368,-0.45000000372529025,1.476305486402919
25.800001345574856,-54.69999985396862,-0.40000000298023225,1.4378339598215473
25.900001347064972,-54.69999985396862,-0.4236068010819799,1.4620770386263438
25.95000134781003,-54.64999985322356,-0.40000000298023225,1.4286497717590054
26.050001349300146,-54.64999985322356,-0.4236068010819799,1.4620770386263438
26.100001350045204,-54.599999852478504,-0.40000000298023225,1.4286497717590054
26.20000135153532,-54.599999852478504,-0.4236068010819799,1.4620770386263438
26.25000135228038,-54.549999851733446,-0.40000000298023225,1.4286497717590054
26.350001353770494,-54.549999851733446,-0.4236068010819799,1.4620770386263438
26.400001354515553,-54.49999985098839,-0.40000000298023225,1.4286497717590054
26.550001356750727,-54.49999985098839,-0.45000000372529025,1.476305486402919
26.600001357495785,-54.44999985024333,-0.40000000298023225,1.4378339598215473
26.7000013589859,-54.44999985024333,-0.4236068010819799,1.4620770386263438
26.75000135973096,-54.39999984949827,-0.40000000298023225,1.4286497717590054
26.850001361221075,-54.39999984949827,-0.4236068010819799,1.4620770386263438
26.900001361966133,-54.349999848753214,-0.40000000298023225,1.4286497717590054
27.00000136345625,-54.349999848753214,-0.4236068010819799,1.4620770386263438
27.050001364201307,-54.299999848008156,-0.40000000298023225,1.4286497717590054
27.150001365691423,-54.299999848008156,-0.4236068010819799,1.4620770386263438
27.20000136643648,-54.2499998472631,-0.40000000298023225,1.4278820838673036
27.350001368671656,-54.2499998472631,-0.45000000372529025,1.4620770386263438
27.400001369416714,-54.19999984651804,-0.40000000298023225,1.4286497717590054
27.50000137090683,-54.19999984651804,-0.4236068010819799,1.4620770386263438
27.550001371651888,-54.14999984577298,-0.40000000298023225,1.4286497717590054
27.650001373142004,-54.14999984577298,-0.4236068010819799,1.4620770386263438
27.700001373887062,-54.099999845027924,-0.40000000298023225,1.4286497717590054
27.800001375377178,-54.099999845027924,-0.4236068010819799,1.4620770386263438
27.850001376122236,-54.049999844282866,-0.40000000298023225,1.4286497717590054
28.00000137835741,-54.049999844282866,-0.45000000372529025,1.476305486402919
28.05000137910247,-53.99999984353781,-0.4061552843528361,1.4378339598215473
28.150001380592585,-53.99999984353781,-0.45000000372529025,1.4620770386263438
28.200001381337643,-53.94999984279275,-0.40000000298023225,1.4286497717590054
28.30000138282776,-53.94999984279275,-0.4236068010819799,1.4620770386263438
28.350001383572817,-53.89999984204769,-0.40000000298023225,1.4286497717590054
28.450001385062933,-53.89999984204769,-0.4236068010819799,1.4620770386263438
28.50000138580799,-53.84999984130263,-0.40000000298023225,1.4286497717590054
28.600001387298107,-53.84999984130263,-0.4236068010819799,1.4620770386263438
28.650001388043165,-53.799999840557575,-0.40000000298023225,1.4278820838673036
28.80000139027834,-53.799999840557575,-0.45000000372529025,1.4620770386263438
28.850001391023397,-53.74999983981252,-0.4061552843528361,1.4286497717590054
28.950001392513514,-53.74999983981252,-0.45000000372529025,1.4620770386263438
29.00000139325857,-53.69999983906746,-0.40000000298023225,1.4286497717590054
29.100001394748688,-53.69999983906746,-0.4236068010819799,1.4620770386263438
29.150001395493746,-53.6499998383224,-0.40000000298023225,1.4286497717590054
29.250001396983862,-53.6499998383224,-0.4236068010819799,1.4620770386263438
29.30000139772892,-53.59999983757734,-0.40000000298023225,1.4286497717590054
29.450001399964094,-53.59999983757734,-0.45000000372529025,1.476305486402919
29.500001400709152,-53.549999836832285,-0.4061552843528361,1.4378339598215473
29.60000140219927,-53.549999836832285,-0.45000000372529025,1.4620770386263438
29.650001402944326,-53.49999983608723,-0.4061552843528361,1.4286497717590054
29.750001404434443,-53.49999983608723,-0.45000000372529025,1.4620770386263438
29.8000014051795,-53.44999983534217,-0.40000000298023225,1.4286497717590054
29.900001406669617,-53.44999983534217,-0.4236068010819799,1.4620770386263438
29.950001407414675,-53.39999983459711,-0.40000000298023225,1.4286497717590054
30.05000140890479,-53.39999983459711,-0.4236068010819799,1.4620770386263438
30.10000140964985,-53.34999983385205,-0.40000000298023225,1.4286497717590054
30.250001411885023,-53.34999983385205,-0.45000000372529025,1.476305486402919
30.30000141263008,-53.299999833106995,-0.4061552843528361,1.4378339598215473
30.400001414120197,-53.299999833106995,-0.45000000372529025,1.4620770386263438
30.450001414865255,-53.24999983236194,-0.4061552843528361,1.4286497717590054
30.55000141635537,-53.24999983236194,-0.45000000372529025,1.4620770386263438
30.60000141710043,-53.19999983161688,-0.40000000298023225,1.4286497717590054
30.700001418590546,-53.19999983161688,-0.4236068010819799,1.4620770386263438
30.750001419335604,-53.14999983087182,-0.40000000298023225,1.4286497717590054
30.85000142082572,-53.14999983087182,-0.4236068010819799,1.4620770386263438
30.900001421570778,-53.09999983012676,-0.40000000298023225,1.4286497717590054
31.050001423805952,-53.09999983012676,-0.45000000372529025,1.476305486402919
31.10000142455101,-53.049999829381704,-0.4061552843528361,1.4446884448476198
31.200001426041126,-53.049999829381704,-0.45000000372529025,1.476305486402919
31.250001426786184,-52.999999828636646,-0.4061552843528361,1.4446884448476198
31.3500014282763,-52.999999828636646,-0.45000000372529025,1.476305486402919
31.40000142902136,-52.94999982789159,-0.40000000298023225,1.4446884448476198
31.500001430511475,-52.94999982789159,-0.4236068010819799,1.48077365644264
31.550001431256533,-52.89999982714653,-0.40000000298023225,1.4552945603904957
31.65000143274665,-52.89999982714653,-0.4236068010819799,1.491892456780025
31.700001433491707,-52.84999982640147,-0.40000000298023225,1.4620770386263438
31.800001434981823,-52.84999982640147,-0.4236068010819799,1.491892456780025
31.85000143572688,-52.799999825656414,-0.40000000298023225,1.4620770386263438
31.950001437216997,-52.799999825656414,-0.4236068010819799,1.5007351605124235
32.000001437962055,-52.749999824911356,-0.4061552843528361,1.4770510081148494
32.10000143945217,-52.749999824911356,-0.45000000372529025,1.5219175614308271
32.15000144019723,-52.6999998241663,-0.4236068010819799,1.500000025331974
32.250001441687346,-52.6999998241663,-0.4692582443689856,1.5442763802429842
32.300001442432404,-52.64999982342124,-0.45000000372529025,1.5240939906476687
32.40000144392252,-52.64999982342124,-0.4915475990866628,1.5755281169139006
32.45000144466758,-52.59999982267618,-0.4692582443689856,1.5613915216276322
32.500001445412636,-52.59999982267618,-0.4915475990866628,1.5888544086558394
32.550001446157694,-52.549999821931124,-0.4692582443689856,1.5670597310384706
32.65000144764781,-52.549999821931124,-0.5162277707289988,1.6117671201967774
32.70000144839287,-52.499999821186066,-0.4915475990866628,1.5888544086558394
32.750001449137926,-52.499999821186066,-0.5162277707289988,1.6117671201967774
32.85000145062804,-52.39999981969595,-0.4692582443689856,1.5677669793081492
32.9000014513731,-52.39999981969595,-0.4915475990866628,1.5923448596015113
32.95000145211816,-52.34999981895089,-0.4692582443689856,1.5755281169139006
33.000001452863216,-52.34999981895089,-0.4915475990866628,1.602775664595445
33.050001453608274,-52.29999981820583,-0.4692582443689856,1.5888544086558394
33.10000145435333,-52.29999981820583,-0.4915475990866628,1.6117671201967774
33.15000145509839,-52.249999817460775,-0.4828427166893039,1.5888544086558394
33.20000145584345,-52.249999817460775,-0.5162277707289988,1.6117671201967774
33.25000145658851,-52.19999981671572,-0.4915475990866628,1.5923448596015113
33.300001457333565,-52.19999981671572,-0.5162277707289988,1.617965923359587
33.40000145882368,-52.0999998152256,-0.4692582443689856,1.59025140567364
33.45000145956874,-52.0999998152256,-0.4915475990866628,1.617965923359587
33.5000014603138,-52.04999981448054,-0.4828427166893039,1.602775664595445
33.550001461058855,-52.04999981448054,-0.5181980562754669,1.6309833696438334
33.60000146180391,-51.999999813735485,-0.5162277707289988,1.6200274994406525
33.65000146254897,-51.999999813735485,-0.5354102016229698,1.6506755799093895
33.75000146403909,-51.89999981224537,-0.5181980562754669,1.6309833696438334
33.800001464784145,-51.89999981224537,-0.5535533958616298,1.6601075514915895
33.95000146701932,-51.749999810010195,-0.5181980562754669,1.6309833696438334
34.00000146776438,-51.749999810010195,-0.5535533958616298,1.6601075514915895
34.15000146999955,-51.59999980777502,-0.5181980562754669,1.6398369767131167
34.20000147074461,-51.59999980777502,-0.5535533958616298,1.672164550582331
34.40000147372484,-51.39999980479479,-0.5162277707289988,1.6309833696438334
34.4500014744699,-51.39999980479479,-0.5354102016229698,1.6601075514915895
34.600001476705074,-51.249999802559614,-0.5162277707289988,1.6398369767131167
34.65000147745013,-51.249999802559614,-0.5354102016229698,1.672164550582331
34.850001480430365,-51.04999979957938,-0.4828427166893039,1.6309833696438334
34.90000148117542,-51.04999979957938,-0.5181980562754669,1.6601075514915895
35.00000148266554,-50.949999798089266,-0.4915475990866628,1.6439089189349612
35.0500014834106,-50.949999798089266,-0.5201562166423417,1.6768324658793288
35.25000148639083,-50.749999795109034,-0.5181980562754669,1.6439089189349612
35.30000148713589,-50.749999795109034,-0.5535533958616298,1.6768324658793288
37.650001522153616,-48.399999760091305,-0.6242640750339558,1.673832998066638
37.650001522153616,-48.34999975934625,-0.5889087354477928,1.638477658480475
37.950001526623964,-48.0499997548759,-0.6031128934217775,1.673832998066638
37.950001526623964,-47.99999975413084,-0.5807886609673886,1.638477658480475
38.25000153109431,-47.69999974966049,-0.5905124896144222,1.673832998066638
38.25000153109431,-47.649999748915434,-0.560555132919089,1.638477658480475
38.60000153630972,-47.29999974370003,-0.5905124896144222,1.673832998066638
38.60000153630972,-47.24999974295497,-0.560555132919089,1.638477658480475
38.90000154078007,-46.94999973848462,-0.5889087354477928,1.673832998066638
38.90000154078007,-46.89999973773956,-0.5535533958616298,1.638477658480475
39.250001545995474,-46.54999973252416,-0.5889087354477928,1.673832998066638
39.250001545995474,-46.4999997317791,-0.5535533958616298,1.638477658480475
39.55000155046582,-46.19999972730875,-0.5889087354477928,1.673832998066638
39.55000155046582,-46.14999972656369,-0.5535533958616298,1.638477658480475
39.90000155568123,-45.799999721348286,-0.5889087354477928,1.673832998066638
39.90000155568123,-45.74999972060323,-0.5535533958616298,1.638477658480475
40.250001560896635,-45.39999971538782,-0.5889087354477928,1.6741665093263882
40.250001560896635,-45.34999971464276,-0.5535533958616298,1.6398369767131167
40.55000156536698,-45.049999710172415,-0.5889087354477928,1.6741665093263882
40.55000156536698,-44.99999970942736,-0.5535533958616298,1.6398369767131167
40.85000156983733,-44.69999970495701,-0.5889087354477928,1.6741665093263882
40.85000156983733,-44.64999970421195,-0.5535533958616298,1.6398369767131167
41.000001572072506,-44.499999701976776,-0.5807886609673886,1.6601075514915895
41.000001572072506,-44.44999970123172,-0.5535533958616298,1.6309833696438334
41.20000157505274,-44.249999698251486,-0.5889087354477928,1.6601075514915895
41.20000157505274,-44.19999969750643,-0.5535533958616298,1.6309833696438334
41.35000157728791,-44.049999695271254,-0.5807886609673886,1.6601075514915895
41.35000157728791,-43.999999694526196,-0.5535533958616298,1.6309833696438334
41.550001580268145,-43.79999969154596,-0.5889087354477928,1.6601075514915895
41.550001580268145,-43.749999690800905,-0.5535533958616298,1.6309833696438334
41.70000158250332,-43.59999968856573,-0.5807886609673886,1.6506755799093895
41.70000158250332,-43.54999968782067,-0.5535533958616298,1.6200274994406525
41.90000158548355,-43.34999968484044,-0.5889087354477928,1.6601075514915895
41.90000158548355,-43.29999968409538,-0.5535533958616298,1.6309833696438334
42.10000158846378,-43.09999968111515,-0.5889087354477928,1.6601075514915895
42.10000158846378,-43.04999968037009,-0.5535533958616298,1.6309833696438334
42.25000159069896,-42.89999967813492,-0.5807886609673886,1.6601075514915895
42.25000159069896,-42.84999967738986,-0.5535533958616298,1.6309833696438334
42.45000159367919,-42.64999967440963,-0.5889087354477928,1.6601075514915895
42.45000159367919,-42.59999967366457,-0.5535533958616298,1.6309833696438334
42.600001595914364,-42.449999671429396,-0.5807886609673886,1.6601075514915895
42.600001595914364,-42.39999967068434,-0.5535533958616298,1.6309833696438334
42.800001598894596,-42.199999667704105,-0.5889087354477928,1.6601075514915895
42.800001598894596,-42.14999966695905,-0.5535533958616298,1.6309833696438334
42.850001599639654,-42.09999966621399,-0.5535533958616298,1.6439089189349612
42.850001599639654,-42.04999966546893,-0.5201562166423417,1.6117671201967774
42.95000160112977,-41.949999663978815,-0.5535533958616298,1.6309833696438334
42.95000160112977,-41.89999966323376,-0.5181980562754669,1.602775664595445
43.050001602619886,-41.79999966174364,-0.5354102016229698,1.6357560024234776
43.050001602619886,-41.74999966099858,-0.5162277707289988,1.6117671201967774
43.15000160411,-41.64999965950847,-0.5354102016229698,1.6445867020561549
43.15000160411,-41.59999965876341,-0.5162277707289988,1.617965923359587
43.20000160485506,-41.54999965801835,-0.5354102016229698,1.6309833696438334
43.20000160485506,-41.49999965727329,-0.5162277707289988,1.602775664595445
43.30000160634518,-41.399999655783176,-0.5354102016229698,1.6309833696438334
43.30000160634518,-41.34999965503812,-0.5162277707289988,1.602775664595445
43.40000160783529,-41.249999653548,-0.5354102016229698,1.6357560024234776
43.40000160783529,-41.199999652802944,-0.5162277707289988,1.6117671201967774
43.45000160858035,-41.149999652057886,-0.5354102016229698,1.6309833696438334
43.45000160858035,-41.09999965131283,-0.5162277707289988,1.602775664595445
43.55000161007047,-40.99999964982271,-0.5354102016229698,1.6309833696438334
43.55000161007047,-40.949999649077654,-0.5162277707289988,1.602775664595445
43.65000161156058,-40.84999964758754,-0.5354102016229698,1.6357560024234776
43.65000161156058,-40.79999964684248,-0.5162277707289988,1.6117671201967774
43.70000161230564,-40.74999964609742,-0.5354102016229698,1.6309833696438334
43.70000161230564,-40.699999645352364,-0.5162277707289988,1.602775664595445
43.80000161379576,-40.59999964386225,-0.5354102016229698,1.6309833696438334
43.80000161379576,-40.54999964311719,-0.5162277707289988,1.602775664595445
43.90000161528587,-40.44999964162707,-0.5354102016229698,1.6357560024234776
43.90000161528587,-40.399999640882015,-0.5162277707289988,1.6117671201967774
43.95000161603093,-40.34999964013696,-0.5354102016229698,1.6309833696438334
43.95000161603093,-40.2999996393919,-0.5162277707289988,1.602775664595445
44.05000161752105,-40.19999963790178,-0.5354102016229698,1.6309833696438334
44.05000161752105,-40.149999637156725,-0.5162277707289988,1.602775664595445
44.150001619011164,-40.04999963566661,-0.5354102016229698,1.6357560024234776
44.150001619011164,-39.99999963492155,-0.5162277707289988,1.6117671201967774
44.20000161975622,-39.94999963417649,-0.5354102016229698,1.6309833696438334
44.20000161975622,-39.899999633431435,-0.5162277707289988,1.602775664595445
44.30000162124634,-39.79999963194132,-0.5354102016229698,1.6309833696438334
44.30000162124634,-39.74999963119626,-0.5162277707289988,1.602775664595445
44.350001621991396,-39.6999996304512,-0.5201562166423417,1.617965923359587
44.350001621991396,-39.649999629706144,-0.4915475990866628,1.5923448596015113
44.400001622736454,-39.599999628961086,-0.5162277707289988,1.6117671201967774
44.400001622736454,-39.54999962821603,-0.4915475990866628,1.5888544086558394
44.50000162422657,-39.44999962672591,-0.5201562166423417,1.617965923359587
44.50000162422657,-39.399999625980854,-0.4915475990866628,1.5923448596015113
44.55000162497163,-39.349999625235796,-0.5162277707289988,1.6117671201967774
44.55000162497163,-39.29999962449074,-0.4828427166893039,1.5888544086558394
44.600001625716686,-39.24999962374568,-0.4915475990866628,1.6117671201967774
44.600001625716686,-39.19999962300062,-0.4692582443689856,1.5888544086558394
44.650001626461744,-39.149999622255564,-0.4828427166893039,1.602775664595445
44.650001626461744,-39.099999621510506,-0.45000000372529025,1.5755281169139006
44.7000016272068,-39.04999962076545,-0.4692582443689856,1.5923448596015113
44.7000016272068,-38.99999962002039,-0.45000000372529025,1.5677669793081492
44.75000162795186,-38.94999961927533,-0.4692582443689856,1.5888544086558394
44.75000162795186,-38.89999961853027,-0.45000000372529025,1.5670597310384706
44.80000162869692,-38.849999617785215,-0.4692582443689856,1.5888544086558394
44.80000162869692,-38.79999961704016,-0.45000000372529025,1.5670597310384706
44.85000162944198,-38.7499996162951,-0.4692582443689856,1.5888544086558394
44.85000162944198,-38.69999961555004,-0.45000000372529025,1.5670597310384706
44.95000163093209,-38.599999614059925,-0.4915475990866628,1.6117671201967774
44.95000163093209,-38.54999961331487,-0.4692582443689856,1.5888544086558394
45.00000163167715,-38.49999961256981,-0.4915475990866628,1.6117671201967774
45.00000163167715,-38.44999961182475,-0.4692582443689856,1.5888544086558394
45.05000163242221,-38.39999961107969,-0.4915475990866628,1.6117671201967774
45.05000163242221,-38.349999610334635,-0.4692582443689856,1.5888544086558394
45.10000163316727,-38.29999960958958,-0.4915475990866628,1.602775664595445
45.10000163316727,-38.24999960884452,-0.4692582443689856,1.5755281169139006
45.150001633912325,-38.19999960809946,-0.4828427166893039,1.5923448596015113
45.150001633912325,-38.1499996073544,-0.45000000372529025,1.5677669793081492
45.20000163465738,-38.099999606609344,-0.4692582443689856,1.5888544086558394
45.20000163465738,-38.049999605864286,-0.45000000372529025,1.5670597310384706
45.25000163540244,-37.99999960511923,-0.4692582443689856,1.5888544086558394
45.25000163540244,-37.94999960437417,-0.45000000372529025,1.5670597310384706
45.3000016361475,-37.89999960362911,-0.4692582443689856,1.5888544086558394
45.3000016361475,-37.849999602884054,-0.45000000372529025,1.5670597310384706
45.35000163689256,-37.799999602138996,-0.4692582443689856,1.5888544086558394
45.35000163689256,-37.74999960139394,-0.45000000372529025,1.5670597310384706
45.400001637637615,-37.69999960064888,-0.4692582443689856,1.5888544086558394
45.400001637637615,-37.64999959990382,-0.45000000372529025,1.5670597310384706
45.45000163838267,-37.599999599158764,-0.4692582443689856,1.5888544086558394
45.45000163838267,-37.549999598413706,-0.45000000372529025,1.5670597310384706
45.50000163912773,-37.49999959766865,-0.4692582443689856,1.5888544086558394
45.50000163912773,-37.44999959692359,-0.45000000372529025,1.5670597310384706
45.55000163987279,-37.39999959617853,-0.4692582443689856,1.5888544086558394
45.55000163987279,-37.349999595433474,-0.45000000372529025,1.5670597310384706
45.60000164061785,-37.299999594688416,-0.4692582443689856,1.5888544086558394
45.60000164061785,-37.24999959394336,-0.45000000372529025,1.5670597310384706
45.650001641362906,-37.1999995931983,-0.4692582443689856,1.5888544086558394
45.650001641362906,-37.14999959245324,-0.45000000372529025,1.5670597310384706
45.700001642107964,-37.09999959170818,-0.4692582443689856,1.5888544086558394
45.700001642107964,-37.049999590963125,-0.45000000372529025,1.5670597310384706
45.75000164285302,-36.99999959021807,-0.4692582443689856,1.5888544086558394
45.75000164285302,-36.94999958947301,-0.45000000372529025,1.5670597310384706
45.80000164359808,-36.89999958872795,-0.4692582443689856,1.5888544086558394
45.80000164359808,-36.799999587237835,-0.4236068010819799,1.5442763802429842
45.85000164434314,-36.74999958649278,-0.45000000372529025,1.5670597310384706
45.85000164434314,-36.69999958574772,-0.4236068010819799,1.5442763802429842
45.900001645088196,-36.64999958500266,-0.45000000372529025,1.5670597310384706
45.900001645088196,-36.5999995842576,-0.4236068010819799,1.5442763802429842
45.950001645833254,-36.549999583512545,-0.45000000372529025,1.5670597310384706
45.950001645833254,-36.49999958276749,-0.4236068010819799,1.5442763802429842
46.00000164657831,-36.44999958202243,-0.45000000372529025,1.5670597310384706
46.00000164657831,-36.39999958127737,-0.4236068010819799,1.5442763802429842
46.05000164732337,-36.34999958053231,-0.45000000372529025,1.5670597310384706
46.05000164732337,-36.299999579787254,-0.4236068010819799,1.5464249456810573
46.10000164806843,-36.249999579042196,-0.45000000372529025,1.5734148115227595
46.10000164806843,-36.19999957829714,-0.4236068010819799,1.555705012769987
46.150001648813486,-36.14999957755208,-0.45000000372529025,1.5867568651453154
46.150001648813486,-36.09999957680702,-0.4236068010819799,1.5670597310384706
46.200001649558544,-36.049999576061964,-0.45000000372529025,1.5888544086558394
46.200001649558544,-35.999999575316906,-0.4236068010819799,1.5670597310384706
46.2500016503036,-35.94999957457185,-0.45000000372529025,1.5888544086558394
46.2500016503036,-35.89999957382679,-0.4236068010819799,1.5670597310384706
46.30000165104866,-35.84999957308173,-0.45000000372529025,1.5888544086558394
46.30000165104866,-35.749999571591616,-0.4061552843528361,1.5442763802429842
46.35000165179372,-35.69999957084656,-0.45000000372529025,1.5670597310384706
46.35000165179372,-35.6499995701015,-0.4236068010819799,1.5442763802429842
46.400001652538776,-35.59999956935644,-0.45000000372529025,1.5670597310384706
46.400001652538776,-35.54999956861138,-0.4236068010819799,1.5442763802429842
46.450001653283834,-35.499999567866325,-0.45000000372529025,1.5670597310384706
46.450001653283834,-35.44999956712127,-0.4236068010819799,1.5442763802429842
46.50000165402889,-35.39999956637621,-0.45000000372529025,1.5670597310384706
46.50000165402889,-35.34999956563115,-0.4236068010819799,1.5442763802429842
46.55000165477395,-35.29999956488609,-0.45000000372529025,1.5670597310384706
46.55000165477395,-35.249999564141035,-0.4236068010819799,1.5464249456810573
46.60000165551901,-35.19999956339598,-0.45000000372529025,1.5734148115227595
46.60000165551901,-35.14999956265092,-0.4236068010819799,1.555705012769987
46.65000165626407,-35.09999956190586,-0.45000000372529025,1.5867568651453154
46.65000165626407,-35.0499995611608,-0.4236068010819799,1.5670597310384706
46.700001657009125,-34.999999560415745,-0.45000000372529025,1.5888544086558394
46.700001657009125,-34.94999955967069,-0.4236068010819799,1.5670597310384706
46.75000165775418,-34.89999955892563,-0.45000000372529025,1.5888544086558394
46.75000165775418,-34.84999955818057,-0.4236068010819799,1.5670597310384706
46.80000165849924,-34.79999955743551,-0.45000000372529025,1.5888544086558394
46.80000165849924,-34.699999555945396,-0.4061552843528361,1.5442763802429842
46.8500016592443,-34.64999955520034,-0.45000000372529025,1.5670597310384706
46.8500016592443,-34.59999955445528,-0.4236068010819799,1.5442763802429842
46.90000165998936,-34.54999955371022,-0.45000000372529025,1.5670597310384706
46.90000165998936,-34.499999552965164,-0.4236068010819799,1.5442763802429842
46.950001660734415,-34.449999552220106,-0.45000000372529025,1.5670597310384706
46.950001660734415,-34.39999955147505,-0.4236068010819799,1.5442763802429842
47.00000166147947,-34.34999955072999,-0.45000000372529025,1.5670597310384706
47.00000166147947,-34.29999954998493,-0.4236068010819799,1.5442763802429842
47.05000166222453,-34.249999549239874,-0.45000000372529025,1.5670597310384706
47.05000166222453,-34.199999548494816,-0.4236068010819799,1.5464249456810573
47.10000166296959,-34.14999954774976,-0.45000000372529025,1.5734148115227595
47.10000166296959,-34.0999995470047,-0.4236068010819799,1.555705012769987
47.15000166371465,-34.04999954625964,-0.45000000372529025,1.5867568651453154
47.15000166371465,-33.949999544769526,-0.4061552843528361,1.5442763802429842
47.200001664459705,-33.89999954402447,-0.4236068010819799,1.5670597310384706
47.200001664459705,-33.84999954327941,-0.4061552843528361,1.5442763802429842
47.25000166520476,-33.79999954253435,-0.4236068010819799,1.5670597310384706
47.25000166520476,-33.699999541044235,-0.38027756645954447,1.5219175614308271
47.30000166594982,-33.64999954029918,-0.4061552843528361,1.5442763802429842
47.30000166594982,-33.59999953955412,-0.40000000298023225,1.5219175614308271
47.35000166669488,-33.54999953880906,-0.4236068010819799,1.5442763802429842
47.35000166669488,-33.449999537318945,-0.38027756645954447,1.5007351605124235
47.40000166743994,-33.39999953657389,-0.4061552843528361,1.5269916296512345
47.40000166743994,-33.34999953582883,-0.38027756645954447,1.5088007745266214
47.450001668184996,-33.29999953508377,-0.4061552843528361,1.5392527390094939
47.450001668184996,-33.199999533593655,-0.3581138853644994,1.5088007745266214
47.500001668930054,-33.1499995328486,-0.38027756645954447,1.5392527390094939
47.500001668930054,-33.09999953210354,-0.3581138853644994,1.5219175614308271
47.55000166967511,-33.04999953135848,-0.40000000298023225,1.5464249456810573
47.55000166967511,-32.949999529868364,-0.3581138853644994,1.5088007745266214
47.60000167042017,-32.899999529123306,-0.38027756645954447,1.5392527390094939
47.60000167042017,-32.84999952837825,-0.3581138853644994,1.5219175614308271
47.65000167116523,-32.79999952763319,-0.40000000298023225,1.5464249456810573
47.65000167116523,-32.699999526143074,-0.3581138853644994,1.5088007745266214
47.700001671910286,-32.649999525398016,-0.38027756645954447,1.5392527390094939
47.700001671910286,-32.59999952465296,-0.3581138853644994,1.5219175614308271
47.750001672655344,-32.5499995239079,-0.40000000298023225,1.5464249456810573
47.750001672655344,-32.449999522417784,-0.3581138853644994,1.5088007745266214
47.8000016734004,-32.399999521672726,-0.40000000298023225,1.5392527390094939
47.8000016734004,-32.29999952018261,-0.3581138853644994,1.5007351605124235
47.85000167414546,-32.24999951943755,-0.38027756645954447,1.5269916296512345
47.85000167414546,-32.19999951869249,-0.3581138853644994,1.5088007745266214
47.90000167489052,-32.149999517947435,-0.40000000298023225,1.5392527390094939
47.90000167489052,-32.04999951645732,-0.3581138853644994,1.5007351605124235
47.950001675635576,-31.99999951571226,-0.38027756645954447,1.5269916296512345
47.950001675635576,-31.949999514967203,-0.3581138853644994,1.5088007745266214
48.000001676380634,-31.899999514222145,-0.40000000298023225,1.5392527390094939
48.000001676380634,-31.79999951273203,-0.3581138853644994,1.5088007745266214
48.05000167712569,-31.74999951198697,-0.40000000298023225,1.5392527390094939
48.05000167712569,-31.649999510496855,-0.3581138853644994,1.5007351605124235
48.10000167787075,-31.599999509751797,-0.38027756645954447,1.5269916296512345
48.10000167787075,-31.449999507516623,-0.341421358344652,1.476305486402919
48.15000167861581,-31.399999506771564,-0.3581138853644994,1.5007351605124235
48.15000167861581,-31.24999950453639,-0.30000000149011613,1.4446884448476198
48.20000167936087,-31.199999503791332,-0.341421358344652,1.476305486402919
48.20000167936087,-31.099999502301216,-0.30000000149011613,1.4446884448476198
48.250001680105925,-31.049999501556158,-0.31180340054099,1.476305486402919
48.250001680105925,-30.899999499320984,-0.30000000149011613,1.4378339598215473
48.30000168085098,-30.849999498575926,-0.31180340054099,1.476305486402919
48.30000168085098,-30.649999495595694,-0.27071067917232594,1.4278820838673036
48.35000168159604,-30.599999494850636,-0.30000000149011613,1.4620770386263438
48.35000168159604,-30.44999949261546,-0.30000000149011613,1.41400126320739
48.4000016823411,-30.399999491870403,-0.31180340054099,1.449242274822689
48.4000016823411,-30.299999490380287,-0.30000000149011613,1.4278820838673036
48.45000168308616,-30.24999948963523,-0.341421358344652,1.4620770386263438
48.45000168308616,-30.049999486654997,-0.30000000149011613,1.41400126320739
48.500001683831215,-29.99999948590994,-0.341421358344652,1.449242274822689
48.500001683831215,-29.899999484419823,-0.30000000149011613,1.4278820838673036
48.55000168457627,-29.849999483674765,-0.3500000022351742,1.4620770386263438
48.55000168457627,-29.599999479949474,-0.30000000149011613,1.389024881885386
48.60000168532133,-29.549999479204416,-0.31180340054099,1.4278820838673036
48.60000168532133,-29.19999947398901,-0.25000000074505807,1.3337861878729915
48.65000168606639,-29.149999473243952,-0.30000000149011613,1.366045999672486
48.65000168606639,-28.64999946579337,-0.2,1.2807093115603727
48.70000168681145,-28.599999465048313,-0.25000000074505807,1.3206906552346112
48.70000168681145,-28.19999945908785,-0.2,1.2807093115603727
48.750001687556505,-28.14999945834279,-0.25000000074505807,1.3206906552346112
48.750001687556505,-25.999999426305294,-0.14999999925494195,1.2000000208616257
48.70000168681145,-25.949999425560236,-0.09999999850988388,1.1500000201165677
48.70000168681145,-25.149999413639307,-0.14999999925494195,1.1500000201165677
48.65000168606639,-25.09999941289425,-0.09999999850988388,1.1000000193715096
48.65000168606639,-24.899999409914017,-0.14999999925494195,1.103840500469267
48.60000168532133,-24.84999940916896,-0.09999999850988388,1.0589678499614998
48.60000168532133,-24.59999940544367,-0.09999999850988388,1.1000000193715096
48.55000168457627,-24.54999940469861,-0.04999999776482582,1.0500000186264515
48.55000168457627,-24.349999401718378,-0.05857864165534806,1.0500000186264515
48.500001683831215,-24.29999940097332,-0.041886114635500564,1.0000000178813935
48.500001683831215,-24.099999397993088,-0.04999999776482582,1.0010412328433402
48.45000168308616,-24.04999939724803,2.9802322387695306e-09,0.9543396552625206
48.45000168308616,-23.79999939352274,-0.019722433540455508,1.0020815459295414
48.4000016823411,-23.74999939277768,0.006155284352836106,0.959741367755813
48.4000016823411,-23.54999938979745,-0.019722433540455508,1.0010412328433402
48.35000168159604,-23.49999938905239,0.006155284352836106,0.9543396552625206
48.35000168159604,-23.29999938607216,-0.019722433540455508,0.9884864501102992
48.30000168085098,-23.2499993853271,0.006155284352836106,0.9510864604746585
48.30000168085098,-22.99999938160181,-0.041886114635500564,0.9884864501102992
48.250001680105925,-22.949999380856752,2.9802322387695306e-09,0.9543396552625206
48.250001680105925,-22.849999379366636,-0.019722433540455508,0.9672617703864308
48.20000167936087,-22.799999378621578,0.006155284352836106,0.9280514340771239
48.20000167936087,-22.649999376386404,2.9802322387695306e-09,0.9543396552625206
48.15000167861581,-22.599999375641346,0.023606801081979916,0.9101801821016996
48.15000167861581,-22.49999937415123,2.9802322387695306e-09,0.9280514340771239
48.10000167787075,-22.449999373406172,0.0500000037252903,0.8920164996643914
48.10000167787075,-22.349999371916056,0.023606801081979916,0.9045361181775966
48.05000167712569,-22.299999371170998,0.05495097947870481,0.8606601875848896
48.05000167712569,-22.19999936968088,0.0500000037252903,0.8793516733297382
48.000001676380634,-22.149999368935823,0.06925824436898563,0.8440306664483241
48.000001676380634,-22.049999367445707,0.0500000037252903,0.8606601875848896
47.950001675635576,-21.99999936670065,0.10000000447034836,0.8198039179148193
47.950001675635576,-21.899999365210533,0.06925824436898563,0.8440306664483241
47.90000167489052,-21.849999364465475,0.10413813104692221,0.8012492346448155
47.90000167489052,-21.74999936297536,0.10000000447034836,0.8111874358757011
47.85000167414546,-21.6999993622303,0.13541020162296988,0.7708244064137908
47.85000167414546,-21.649999361485243,0.11622777072899887,0.7823441498574933
47.8000016734004,-21.599999360740185,0.15355339586162983,0.7486833121869966
47.8000016734004,-21.49999935925007,0.1500000052154064,0.7823441498574933
47.750001672655344,-21.44999935850501,0.18078866096738858,0.7486833121869966
47.750001672655344,-21.349999357014894,0.15355339586162983,0.7823441498574933
47.700001671910286,-21.299999356269836,0.20000000596046447,0.7486833121869966
47.700001671910286,-21.19999935477972,0.16400549988813046,0.7823441498574933
47.65000167116523,-21.149999354034662,0.20311289342177757,0.7486833121869966
47.65000167116523,-21.049999352544546,0.16400549988813046,0.7848857948555522
47.60000167042017,-20.999999351799488,0.20311289342177757,0.7617692174150451
47.60000167042017,-20.899999350309372,0.16400549988813046,0.7962429571037405
47.55000166967511,-20.849999349564314,0.20311289342177757,0.7656604101808596
47.55000166967511,-20.799999348819256,0.18078866096738858,0.7823441498574933
47.500001668930054,-20.749999348074198,0.21231056870567222,0.7486833121869966
47.500001668930054,-20.69999934732914,0.20311289342177757,0.7656604101808596
47.450001668184996,-20.64999934658408,0.22720019363165536,0.7340770985323035
47.450001668184996,-20.549999345093966,0.20311289342177757,0.7656604101808596
47.40000166743994,-20.499999344348907,0.22720019363165536,0.7340770985323035
47.40000166743994,-20.44999934360385,0.21231056870567222,0.7486833121869966
47.35000166669488,-20.39999934285879,0.24721360216395982,0.7192388292402375
47.35000166669488,-20.349999342113733,0.22720019363165536,0.7394147254011668
47.30000166594982,-20.299999341368675,0.26097722973374027,0.7178780012117388
47.30000166594982,-20.19999933987856,0.22720019363165536,0.7486833121869966
47.25000166520476,-20.1499993391335,0.26097722973374027,0.7192388292402375
47.25000166520476,-20.099999338388443,0.24721360216395982,0.7340770985323035
47.200001664459705,-20.049999337643385,0.27434165609349825,0.7013878322977225
47.200001664459705,-19.999999336898327,0.26097722973374027,0.7192388292402375
47.15000166371465,-19.94999933615327,0.29244289742777607,0.68600227053593
47.15000166371465,-19.849999334663153,0.26097722973374027,0.7192388292402375
47.10000166296959,-19.799999333918095,0.29244289742777607,0.68600227053593
47.10000166296959,-19.749999333173037,0.2716990636316938,0.7013878322977225
47.05000166222453,-19.69999933242798,0.29244289742777607,0.6732124728405287
47.05000166222453,-19.599999330937862,0.26097722973374027,0.7013878322977225
47.00000166147947,-19.549999330192804,0.29244289742777607,0.6732124728405287
47.00000166147947,-19.499999329447746,0.2716990636316938,0.6944272043279197
46.950001660734415,-19.449999328702688,0.29244289742777607,0.6732124728405287
46.950001660734415,-19.39999932795763,0.27434165609349825,0.6944272043279197
46.90000165998936,-19.349999327212572,0.30990195895740963,0.6732124728405287
46.90000165998936,-19.249999325722456,0.2716990636316938,0.7013878322977225
46.8500016592443,-19.199999324977398,0.29244289742777607,0.6732124728405287
46.8500016592443,-19.14999932423234,0.2716990636316938,0.6944272043279197
46.80000165849924,-19.099999323487282,0.29244289742777607,0.6732124728405287
46.80000165849924,-18.999999321997166,0.26097722973374027,0.7178780012117388
46.75000165775418,-18.949999321252108,0.29244289742777607,0.68600227053593
46.75000165775418,-18.89999932050705,0.2716990636316938,0.7013878322977225
46.700001657009125,-18.84999931976199,0.29244289742777607,0.6732124728405287
46.700001657009125,-18.799999319016933,0.2716990636316938,0.6944272043279197
46.65000165626407,-18.749999318271875,0.29244289742777607,0.6732124728405287
46.65000165626407,-18.64999931678176,0.26097722973374027,0.7178780012117388
46.60000165551901,-18.5999993160367,0.29244289742777607,0.68600227053593
46.60000165551901,-18.549999315291643,0.2716990636316938,0.7013878322977225
46.55000165477395,-18.499999314546585,0.29244289742777607,0.6732124728405287
46.55000165477395,-18.449999313801527,0.27434165609349825,0.6944272043279197
46.50000165402889,-18.39999931305647,0.30990195895740963,0.6732124728405287
46.50000165402889,-18.299999311566353,0.2716990636316938,0.7178780012117388
46.450001653283834,-18.249999310821295,0.29244289742777607,0.68600227053593
46.450001653283834,-18.199999310076237,0.2716990636316938,0.7013878322977225
46.400001652538776,-18.14999930933118,0.29244289742777607,0.6732124728405287
46.400001652538776,-18.049999307841063,0.26097722973374027,0.7178780012117388
46.35000165179372,-17.999999307096004,0.29244289742777607,0.68600227053593
46.35000165179372,-17.949999306350946,0.2716990636316938,0.7013878322977225
46.30000165104866,-17.89999930560589,0.29244289742777607,0.6732124728405287
46.30000165104866,-17.84999930486083,0.27434165609349825,0.6944272043279197
46.2500016503036,-17.799999304115772,0.30990195895740963,0.6732124728405287
46.2500016503036,-17.699999302625656,0.2716990636316938,0.7178780012117388
46.200001649558544,-17.649999301880598,0.29244289742777607,0.68600227053593
46.200001649558544,-17.59999930113554,0.2716990636316938,0.7013878322977225
46.150001648813486,-17.549999300390482,0.29244289742777607,0.6732124728405287
46.150001648813486,-17.499999299645424,0.27434165609349825,0.6944272043279197
46.10000164806843,-17.449999298900366,0.30990195895740963,0.6732124728405287
46.10000164806843,-17.34999929741025,0.2716990636316938,0.7178780012117388
46.05000164732337,-17.29999929666519,0.29244289742777607,0.68600227053593
46.05000164732337,-17.249999295920134,0.2716990636316938,0.7013878322977225
46.00000164657831,-17.199999295175076,0.29244289742777607,0.6732124728405287
46.00000164657831,-17.149999294430017,0.27434165609349825,0.6944272043279197
45.950001645833254,-17.09999929368496,0.30990195895740963,0.6732124728405287
45.950001645833254,-16.999999292194843,0.2716990636316938,0.7178780012117388
45.900001645088196,-16.949999291449785,0.29244289742777607,0.68600227053593
45.900001645088196,-16.899999290704727,0.27434165609349825,0.7013878322977225
45.85000164434314,-16.84999928995967,0.30990195895740963,0.6732124728405287
45.85000164434314,-16.79999928921461,0.29244289742777607,0.6944272043279197
45.80000164359808,-16.749999288469553,0.3147815147201923,0.6732124728405287
45.80000164359808,-16.649999286979437,0.2716990636316938,0.7178780012117388
45.75000164285302,-16.59999928623438,0.29244289742777607,0.68600227053593
45.75000164285302,-16.54999928548932,0.27434165609349825,0.7013878322977225
45.700001642107964,-16.499999284744263,0.30990195895740963,0.6732124728405287
45.700001642107964,-16.399999283254147,0.2716990636316938,0.7178780012117388
45.650001641362906,-16.34999928250909,0.29244289742777607,0.6944272043279197
45.650001641362906,-16.29999928176403,0.2716990636316938,0.7178780012117388
45.60000164061785,-16.249999281018972,0.29244289742777607,0.68600227053593
45.60000164061785,-16.199999280273914,0.27434165609349825,0.7013878322977225
45.55000163987279,-16.149999279528856,0.30990195895740963,0.6732124728405287
45.55000163987279,-16.04999927803874,0.2716990636316938,0.7178780012117388
45.50000163912773,-15.999999277293682,0.29244289742777607,0.6944272043279197
45.50000163912773,-15.949999276548624,0.27434165609349825,0.7178780012117388
45.45000163838267,-15.899999275803566,0.30990195895740963,0.68600227053593
45.45000163838267,-15.849999275058508,0.29244289742777607,0.7013878322977225
45.400001637637615,-15.79999927431345,0.3147815147201923,0.6732124728405287
45.400001637637615,-15.699999272823334,0.2716990636316938,0.7178780012117388
45.35000163689256,-15.649999272078276,0.29244289742777607,0.6944272043279197
45.35000163689256,-15.599999271333218,0.27434165609349825,0.7178780012117388
45.3000016361475,-15.54999927058816,0.30990195895740963,0.68600227053593
45.3000016361475,-15.499999269843102,0.29244289742777607,0.7013878322977225
45.25000163540244,-15.449999269098043,0.3147815147201923,0.6732124728405287
45.25000163540244,-15.349999267607927,0.2716990636316938,0.7178780012117388
45.20000163465738,-15.29999926686287,0.29244289742777607,0.68600227053593
45.20000163465738,-15.249999266117811,0.27434165609349825,0.7013878322977225
45.150001633912325,-15.199999265372753,0.30990195895740963,0.6732124728405287
45.150001633912325,-15.149999264627695,0.29244289742777607,0.6944272043279197
45.10000163316727,-15.099999263882637,0.3147815147201923,0.6732124728405287
45.10000163316727,-14.999999262392521,0.27434165609349825,0.7178780012117388
45.05000163242221,-14.949999261647463,0.30990195895740963,0.68600227053593
45.05000163242221,-14.899999260902405,0.29244289742777607,0.7013878322977225
45.00000163167715,-14.849999260157347,0.3147815147201923,0.6732124728405287
45.00000163167715,-14.799999259412289,0.29244289742777607,0.6944272043279197
44.95000163093209,-14.74999925866723,0.3147815147201923,0.6732124728405287
44.95000163093209,-14.649999257177114,0.27434165609349825,0.7178780012117388
44.900001630187035,-14.599999256432056,0.30990195895740963,0.68600227053593
44.900001630187035,-14.549999255686998,0.29244289742777607,0.7013878322977225
44.85000162944198,-14.49999925494194,0.3147815147201923,0.6732124728405287
44.85000162944198,-14.449999254196882,0.29244289742777607,0.6944272043279197
44.80000162869692,-14.399999253451824,0.3147815147201923,0.6732124728405287
44.80000162869692,-14.299999251961708,0.27434165609349825,0.7178780012117388
44.75000162795186,-14.24999925121665,0.30990195895740963,0.68600227053593
44.75000162795186,-14.199999250471592,0.29244289742777607,0.7013878322977225
44.7000016272068,-14.149999249726534,0.3147815147201923,0.6732124728405287
44.7000016272068,-14.049999248236418,0.27434165609349825,0.7178780012117388
44.650001626461744,-13.99999924749136,0.30990195895740963,0.6944272043279197
44.650001626461744,-13.949999246746302,0.29244289742777607,0.7178780012117388
44.600001625716686,-13.899999246001244,0.3147815147201923,0.68600227053593
44.600001625716686,-13.849999245256186,0.29244289742777607,0.7013878322977225
44.55000162497163,-13.799999244511127,0.3147815147201923,0.6732124728405287
44.55000162497163,-13.699999243021011,0.27434165609349825,0.7178780012117388
44.50000162422657,-13.649999242275953,0.30990195895740963,0.6944272043279197
44.50000162422657,-13.599999241530895,0.29244289742777607,0.7178780012117388
44.45000162348151,-13.549999240785837,0.3147815147201923,0.68600227053593
44.45000162348151,-13.49999924004078,0.29244289742777607,0.7013878322977225
44.400001622736454,-13.449999239295721,0.3147815147201923,0.6732124728405287
44.400001622736454,-13.349999237805605,0.27434165609349825,0.7178780012117388
44.350001621991396,-13.299999237060547,0.30990195895740963,0.6944272043279197
44.350001621991396,-13.249999236315489,0.29244289742777607,0.7178780012117388
44.30000162124634,-13.19999923557043,0.3147815147201923,0.68600227053593
44.30000162124634,-13.149999234825373,0.29244289742777607,0.7013878322977225
44.25000162050128,-13.099999234080315,0.32201533322416204,0.6732124728405287
44.25000162050128,-12.999999232590199,0.29244289742777607,0.7178780012117388
44.20000161975622,-12.94999923184514,0.3147815147201923,0.68600227053593
44.20000161975622,-12.899999231100082,0.29244289742777607,0.7013878322977225
44.150001619011164,-12.849999230355024,0.3147815147201923,0.6732124728405287
44.150001619011164,-12.799999229609966,0.29244289742777607,0.6944272043279197
44.100001618266106,-12.749999228864908,0.32201533322416204,0.6732124728405287
44.100001618266106,-12.649999227374792,0.29244289742777607,0.7178780012117388
44.05000161752105,-12.599999226629734,0.3147815147201923,0.68600227053593
44.05000161752105,-12.549999225884676,0.29244289742777607,0.7013878322977225
44.00000161677599,-12.499999225139618,0.32201533322416204,0.6732124728405287
44.00000161677599,-12.44999922439456,0.30990195895740963,0.6944272043279197
43.95000161603093,-12.399999223649502,0.33851648873797124,0.6732124728405287
43.95000161603093,-12.299999222159386,0.29244289742777607,0.7178780012117388
43.90000161528587,-12.249999221414328,0.3147815147201923,0.68600227053593
43.90000161528587,-12.19999922066927,0.29244289742777607,0.7013878322977225
43.850001614540815,-12.149999219924212,0.32201533322416204,0.6732124728405287
43.850001614540815,-12.099999219179153,0.30990195895740963,0.6944272043279197
43.80000161379576,-12.049999218434095,0.33851648873797124,0.6732124728405287
43.80000161379576,-11.94999921694398,0.29244289742777607,0.7178780012117388
43.7500016130507,-11.899999216198921,0.3147815147201923,0.68600227053593
43.7500016130507,-11.849999215453863,0.29244289742777607,0.7013878322977225
43.70000161230564,-11.799999214708805,0.32201533322416204,0.6732124728405287
43.70000161230564,-11.699999213218689,0.29244289742777607,0.7178780012117388
43.65000161156058,-11.649999212473631,0.3147815147201923,0.6944272043279197
43.65000161156058,-11.599999211728573,0.29244289742777607,0.7178780012117388
43.600001610815525,-11.549999210983515,0.32201533322416204,0.68600227053593
43.600001610815525,-11.499999210238457,0.30990195895740963,0.7013878322977225
43.55000161007047,-11.449999209493399,0.33851648873797124,0.6732124728405287
43.55000161007047,-11.349999208003283,0.29244289742777607,0.7178780012117388
43.50000160932541,-11.299999207258224,0.3147815147201923,0.6944272043279197
43.50000160932541,-11.249999206513166,0.29244289742777607,0.7178780012117388
43.45000160858035,-11.199999205768108,0.32201533322416204,0.68600227053593
43.45000160858035,-11.14999920502305,0.30990195895740963,0.7013878322977225
43.40000160783529,-11.099999204277992,0.33851648873797124,0.6732124728405287
43.40000160783529,-10.999999202787876,0.29244289742777607,0.7178780012117388
43.350001607090235,-10.949999202042818,0.3147815147201923,0.6944272043279197
43.350001607090235,-10.89999920129776,0.29244289742777607,0.7178780012117388
43.30000160634518,-10.849999200552702,0.32201533322416204,0.68600227053593
43.30000160634518,-10.799999199807644,0.30990195895740963,0.7013878322977225
43.25000160560012,-10.749999199062586,0.33851648873797124,0.6732124728405287
43.25000160560012,-10.64999919757247,0.29244289742777607,0.7178780012117388
43.20000160485506,-10.599999196827412,0.32201533322416204,0.68600227053593
43.20000160485506,-10.549999196082354,0.30990195895740963,0.7013878322977225
43.15000160411,-10.499999195337296,0.33851648873797124,0.6732124728405287
43.15000160411,-10.449999194592237,0.3147815147201923,0.6944272043279197
43.100001603364944,-10.39999919384718,0.33851648873797124,0.6732124728405287
43.100001603364944,-10.299999192357063,0.29244289742777607,0.7178780012117388
43.050001602619886,-10.249999191612005,0.32201533322416204,0.68600227053593
43.050001602619886,-10.199999190866947,0.30990195895740963,0.7013878322977225
43.00000160187483,-10.14999919012189,0.33851648873797124,0.6732124728405287
43.00000160187483,-10.099999189376831,0.3147815147201923,0.6944272043279197
42.95000160112977,-10.049999188631773,0.33851648873797124,0.6732124728405287
42.95000160112977,-9.949999187141657,0.29244289742777607,0.7178780012117388
42.90000160038471,-9.899999186396599,0.32201533322416204,0.68600227053593
42.90000160038471,-9.84999918565154,0.30990195895740963,0.7013878322977225
42.850001599639654,-9.799999184906483,0.33851648873797124,0.6732124728405287
42.850001599639654,-9.749999184161425,0.3147815147201923,0.6944272043279197
42.800001598894596,-9.699999183416367,0.33851648873797124,0.6732124728405287
42.800001598894596,-9.59999918192625,0.30990195895740963,0.7178780012117388
42.75000159814954,-9.549999181181192,0.33851648873797124,0.68600227053593
42.75000159814954,-9.499999180436134,0.3147815147201923,0.7013878322977225
42.70000159740448,-9.449999179691076,0.33851648873797124,0.6732124728405287
42.70000159740448,-9.399999178946018,0.3147815147201923,0.6944272043279197
42.65000159665942,-9.34999917820096,0.33851648873797124,0.6732124728405287
42.65000159665942,-9.249999176710844,0.30990195895740963,0.7178780012117388
42.600001595914364,-9.199999175965786,0.33851648873797124,0.68600227053593
42.600001595914364,-9.149999175220728,0.3147815147201923,0.7013878322977225
42.550001595169306,-9.09999917447567,0.33851648873797124,0.6732124728405287
42.550001595169306,-8.999999172985554,0.29244289742777607,0.7178780012117388
42.50000159442425,-8.949999172240496,0.32201533322416204,0.6944272043279197
42.50000159442425,-8.899999171495438,0.30990195895740963,0.7178780012117388
42.45000159367919,-8.84999917075038,0.33851648873797124,0.68600227053593
42.45000159367919,-8.799999170005322,0.3147815147201923,0.7013878322977225
42.40000159293413,-8.749999169260263,0.33851648873797124,0.6732124728405287
42.40000159293413,-8.649999167770147,0.30990195895740963,0.7178780012117388
42.350001592189074,-8.59999916702509,0.33851648873797124,0.6944272043279197
42.350001592189074,-8.549999166280031,0.3147815147201923,0.7178780012117388
42.300001591444016,-8.499999165534973,0.33851648873797124,0.68600227053593
42.300001591444016,-8.449999164789915,0.3147815147201923,0.7013878322977225
42.25000159069896,-8.399999164044857,0.33851648873797124,0.6732124728405287
42.25000159069896,-8.299999162554741,0.30990195895740963,0.7178780012117388
42.2000015899539,-8.249999161809683,0.33851648873797124,0.6944272043279197
42.2000015899539,-8.199999161064625,0.3147815147201923,0.7178780012117388
42.15000158920884,-8.149999160319567,0.33851648873797124,0.68600227053593
42.15000158920884,-8.04999915882945,0.29244289742777607,0.7192388292402375
42.10000158846378,-7.9999991580843925,0.32201533322416204,0.6944272043279197
42.10000158846378,-7.9499991573393345,0.30990195895740963,0.7178780012117388
42.050001587718725,-7.899999156594276,0.33851648873797124,0.68600227053593
42.050001587718725,-7.849999155849218,0.3147815147201923,0.7013878322977225
42.00000158697367,-7.79999915510416,0.33851648873797124,0.6732124728405287
42.00000158697367,-7.699999153614044,0.30990195895740963,0.7178780012117388
41.95000158622861,-7.649999152868986,0.33851648873797124,0.6944272043279197
41.95000158622861,-7.599999152123928,0.3147815147201923,0.7178780012117388
41.90000158548355,-7.54999915137887,0.33851648873797124,0.68600227053593
41.90000158548355,-7.499999150633812,0.3147815147201923,0.7013878322977225
41.85000158473849,-7.449999149888754,0.33851648873797124,0.6732124728405287
41.85000158473849,-7.349999148398638,0.30990195895740963,0.7178780012117388
41.800001583993435,-7.29999914765358,0.33851648873797124,0.6944272043279197
41.800001583993435,-7.249999146908522,0.3147815147201923,0.7178780012117388
41.75000158324838,-7.199999146163464,0.33851648873797124,0.68600227053593
41.75000158324838,-7.1499991454184055,0.3147815147201923,0.7013878322977225
41.70000158250332,-7.0999991446733475,0.33851648873797124,0.6732124728405287
41.70000158250332,-6.999999143183231,0.30990195895740963,0.7178780012117388
41.65000158175826,-6.949999142438173,0.33851648873797124,0.6944272043279197
41.65000158175826,-6.899999141693115,0.3147815147201923,0.7178780012117388
41.6000015810132,-6.849999140948057,0.33851648873797124,0.68600227053593
41.6000015810132,-6.749999139457941,0.30990195895740963,0.7192388292402375
41.550001580268145,-6.699999138712883,0.33851648873797124,0.6944272043279197
41.550001580268145,-6.649999137967825,0.3147815147201923,0.7178780012117388
41.50000157952309,-6.599999137222767,0.33851648873797124,0.6944272043279197
41.50000157952309,-6.549999136477709,0.3147815147201923,0.7178780012117388
41.45000157877803,-6.499999135732651,0.33851648873797124,0.68600227053593
41.45000157877803,-6.399999134242535,0.30990195895740963,0.7192388292402375
41.40000157803297,-6.349999133497477,0.33851648873797124,0.6944272043279197
41.40000157803297,-6.2999991327524185,0.3147815147201923,0.7178780012117388
41.35000157728791,-6.2499991320073605,0.33851648873797124,0.6944272043279197
41.35000157728791,-6.199999131262302,0.32201533322416204,0.7178780012117388
41.300001576542854,-6.149999130517244,0.3590170027049498,0.68600227053593
41.300001576542854,-6.049999129027128,0.3147815147201923,0.7192388292402375
41.250001575797796,-5.99999912828207,0.33851648873797124,0.6944272043279197
41.250001575797796,-5.949999127537012,0.3147815147201923,0.7178780012117388
41.20000157505274,-5.899999126791954,0.33851648873797124,0.6944272043279197
41.20000157505274,-5.849999126046896,0.32201533322416204,0.7178780012117388
41.15000157430768,-5.799999125301838,0.3590170027049498,0.68600227053593
41.15000157430768,-5.699999123811722,0.3147815147201923,0.7192388292402375
41.10000157356262,-5.649999123066664,0.33851648873797124,0.6944272043279197
41.10000157356262,-5.599999122321606,0.3147815147201923,0.7178780012117388
41.050001572817564,-5.549999121576548,0.33851648873797124,0.68600227053593
41.050001572817564,-5.49999912083149,0.32201533322416204,0.7013878322977225
41.000001572072506,-5.4499991200864315,0.3590170027049498,0.6732124728405287
41.000001572072506,-5.349999118596315,0.3147815147201923,0.7178780012117388
40.95000157132745,-5.299999117851257,0.33851648873797124,0.6944272043279197
40.95000157132745,-5.249999117106199,0.32201533322416204,0.7178780012117388
40.90000157058239,-5.199999116361141,0.3590170027049498,0.68600227053593
40.90000157058239,-5.149999115616083,0.33851648873797124,0.7013878322977225
40.85000156983733,-5.099999114871025,0.3590170027049498,0.6732124728405287
40.85000156983733,-4.999999113380909,0.3147815147201923,0.7178780012117388
40.800001569092274,-4.949999112635851,0.33851648873797124,0.6944272043279197
40.800001569092274,-4.899999111890793,0.32201533322416204,0.7178780012117388
40.750001568347216,-4.849999111145735,0.3590170027049498,0.68600227053593
40.750001568347216,-4.799999110400677,0.33851648873797124,0.7013878322977225
40.70000156760216,-4.749999109655619,0.3590170027049498,0.6732124728405287
40.70000156760216,-4.6499991081655025,0.3147815147201923,0.7178780012117388
40.6500015668571,-4.5999991074204445,0.33851648873797124,0.6944272043279197
40.6500015668571,-4.549999106675386,0.32201533322416204,0.7178780012117388
40.60000156611204,-4.499999105930328,0.3590170027049498,0.68600227053593
40.60000156611204,-4.399999104440212,0.3147815147201923,0.7192388292402375
40.55000156536698,-4.349999103695154,0.33851648873797124,0.6944272043279197
40.55000156536698,-4.299999102950096,0.32201533322416204,0.7178780012117388
40.500001564621925,-4.249999102205038,0.3590170027049498,0.6944272043279197
40.500001564621925,-4.19999910145998,0.33851648873797124,0.7178780012117388
40.45000156387687,-4.149999100714922,0.3590170027049498,0.68600227053593
40.45000156387687,-4.049999099224806,0.3147815147201923,0.7192388292402375
40.40000156313181,-3.9999990984797478,0.33851648873797124,0.6944272043279197
40.40000156313181,-3.9499990977346897,0.32201533322416204,0.7178780012117388
40.35000156238675,-3.8999990969896317,0.3590170027049498,0.6944272043279197
40.35000156238675,-3.8499990962445736,0.33851648873797124,0.7178780012117388
40.30000156164169,-3.7999990954995155,0.3590170027049498,0.68600227053593
40.30000156164169,-3.6999990940093994,0.3147815147201923,0.7192388292402375
40.250001560896635,-3.6499990932643414,0.33851648873797124,0.6944272043279197
40.250001560896635,-3.5999990925192833,0.32201533322416204,0.7178780012117388
40.20000156015158,-3.5499990917742252,0.3590170027049498,0.6944272043279197
40.20000156015158,-3.449999090284109,0.3147815147201923,0.7340770985323035
40.15000155940652,-3.399999089539051,0.33851648873797124,0.7013878322977225
40.15000155940652,-3.349999088793993,0.32201533322416204,0.7192388292402375
40.10000155866146,-3.299999088048935,0.3590170027049498,0.6944272043279197
40.10000155866146,-3.249999087303877,0.33851648873797124,0.7178780012117388
40.0500015579164,-3.199999086558819,0.3590170027049498,0.6944272043279197
40.0500015579164,-3.0999990850687027,0.3147815147201923,0.7340770985323035
40.000001557171345,-3.0499990843236446,0.33851648873797124,0.7013878322977225
40.000001557171345,-2.9999990835785866,0.32201533322416204,0.7192388292402375
39.95000155642629,-2.9499990828335285,0.3590170027049498,0.6944272043279197
39.95000155642629,-2.8999990820884705,0.33851648873797124,0.7178780012117388
39.90000155568123,-2.8499990813434124,0.3590170027049498,0.68600227053593
39.90000155568123,-2.7499990798532963,0.3147815147201923,0.7192388292402375
39.85000155493617,-2.699999079108238,0.33851648873797124,0.6944272043279197
39.85000155493617,-2.64999907836318,0.32201533322416204,0.7178780012117388
39.80000155419111,-2.599999077618122,0.3590170027049498,0.6944272043279197
39.80000155419111,-2.499999076128006,0.3147815147201923,0.7340770985323035
39.750001553446054,-2.449999075382948,0.33851648873797124,0.7013878322977225
39.750001553446054,-2.39999907463789,0.32201533322416204,0.7192388292402375
39.700001552700996,-2.349999073892832,0.3590170027049498,0.6944272043279197
39.700001552700996,-2.2999990731477737,0.33851648873797124,0.7178780012117388
39.65000155195594,-2.2499990724027157,0.3590170027049498,0.6944272043279197
39.65000155195594,-2.1499990709125996,0.3147815147201923,0.7340770985323035
39.60000155121088,-2.0999990701675415,0.33851648873797124,0.7013878322977225
39.60000155121088,-2.0499990694224834,0.32201533322416204,0.7192388292402375
39.55000155046582,-1.9999990686774254,0.3590170027049498,0.6944272043279197
39.55000155046582,-1.9499990679323673,0.33851648873797124,0.7178780012117388
39.500001549720764,-1.8999990671873093,0.3590170027049498,0.6944272043279197
39.500001549720764,-1.7999990656971931,0.3147815147201923,0.7340770985323035
39.450001548975706,-1.749999064952135,0.33851648873797124,0.7013878322977225
39.450001548975706,-1.699999064207077,0.32201533322416204,0.7192388292402375
39.40000154823065,-1.649999063462019,0.3590170027049498,0.6944272043279197
39.40000154823065,-1.5499990619719028,0.3147815147201923,0.7394147254011668
39.35000154748559,-1.4999990612268448,0.33851648873797124,0.7178780012117388
39.35000154748559,-1.4499990604817867,0.32201533322416204,0.7340770985323035
39.30000154674053,-1.3999990597367287,0.3590170027049498,0.7013878322977225
39.30000154674053,-1.3499990589916706,0.33851648873797124,0.7192388292402375
39.250001545995474,-1.2999990582466125,0.3590170027049498,0.6944272043279197
39.250001545995474,-1.1999990567564964,0.3147815147201923,0.7394147254011668
39.200001545250416,-1.1499990560114384,0.33851648873797124,0.7178780012117388
39.200001545250416,-1.0999990552663803,0.32201533322416204,0.7340770985323035
39.15000154450536,-1.0499990545213223,0.3590170027049498,0.7013878322977225
39.15000154450536,-0.9999990537762642,0.33851648873797124,0.7192388292402375
39.1000015437603,-0.9499990530312061,0.3590170027049498,0.6944272043279197
39.1000015437603,-0.84999905154109,0.32201533322416204,0.7394147254011668
39.05000154301524,-0.799999050796032,0.3590170027049498,0.7178780012117388
39.05000154301524,-0.7499990500509739,0.33851648873797124,0.7340770985323035
39.000001542270184,-0.6999990493059158,0.3590170027049498,0.7013878322977225
39.000001542270184,-0.6499990485608578,0.33851648873797124,0.7192388292402375
38.950001541525126,-0.5999990478157997,0.3590170027049498,0.6944272043279197
38.950001541525126,-0.4999990463256836,0.32201533322416204,0.7340770985323035
38.90000154078007,-0.44999904558062553,0.3590170027049498,0.7013878322977225
38.90000154078007,-0.3999990448355675,0.33851648873797124,0.7192388292402375
38.85000154003501,-0.3499990440905094,0.3590170027049498,0.6944272043279197
38.85000154003501,-0.29999904334545135,0.33851648873797124,0.7178780012117388
38.80000153928995,-0.2499990426003933,0.3590170027049498,0.6944272043279197
38.80000153928995,-0.14999904111027718,0.32201533322416204,0.7340770985323035
38.75000153854489,-0.09999904036521912,0.3590170027049498,0.7013878322977225
38.75000153854489,-0.049999039620161057,0.33851648873797124,0.7192388292402375
38.700001537799835,9.611248970031738e-07,0.3590170027049498,0.6944272043279197
38.700001537799835,0.05000096186995506,0.33851648873797124,0.7178780012117388
38.65000153705478,0.10000096261501312,0.37008772104453785,0.6944272043279197
38.65000153705478,0.20000096410512924,0.33851648873797124,0.7340770985323035
38.60000153630972,0.2500009648501873,0.3590170027049498,0.7013878322977225
38.60000153630972,0.30000096559524536,0.33851648873797124,0.7192388292402375
38.55000153556466,0.3500009663403034,0.3590170027049498,0.6944272043279197
38.55000153556466,0.4000009670853615,0.33851648873797124,0.7178780012117388
38.5000015348196,0.45000096783041954,0.37008772104453785,0.6944272043279197
38.5000015348196,0.5500009693205357,0.33851648873797124,0.7340770985323035
38.450001534074545,0.6000009700655937,0.3590170027049498,0.7013878322977225
38.450001534074545,0.6500009708106518,0.33851648873797124,0.7192388292402375
38.40000153332949,0.7000009715557098,0.3590170027049498,0.6944272043279197
38.40000153332949,0.800000973045826,0.32201533322416204,0.7394147254011668
38.35000153258443,0.850000973790884,0.3590170027049498,0.7178780012117388
38.35000153258443,0.9000009745359421,0.33851648873797124,0.7340770985323035
38.30000153183937,0.9500009752810001,0.3590170027049498,0.7013878322977225
38.30000153183937,1.0000009760260582,0.33851648873797124,0.7192388292402375
38.25000153109431,1.0500009767711163,0.37008772104453785,0.6944272043279197
38.25000153109431,1.1500009782612324,0.33851648873797124,0.7394147254011668
38.200001530349255,1.2000009790062904,0.3590170027049498,0.7178780012117388
38.200001530349255,1.2500009797513485,0.33851648873797124,0.7340770985323035
38.1500015296042,1.3000009804964066,0.3590170027049498,0.7013878322977225
38.1500015296042,1.3500009812414646,0.33851648873797124,0.7192388292402375
38.10000152885914,1.4000009819865227,0.37008772104453785,0.6944272043279197
38.10000152885914,1.5000009834766388,0.33851648873797124,0.7394147254011668
38.05000152811408,1.5500009842216969,0.3590170027049498,0.7178780012117388
38.05000152811408,1.600000984966755,0.33851648873797124,0.7340770985323035
38.00000152736902,1.650000985711813,0.3590170027049498,0.7013878322977225
38.00000152736902,1.700000986456871,0.33851648873797124,0.7192388292402375
37.950001526623964,1.750000987201929,0.37008772104453785,0.6944272043279197
37.950001526623964,1.8500009886920452,0.33851648873797124,0.7340770985323035
37.900001525878906,1.9000009894371033,0.3590170027049498,0.7013878322977225
37.900001525878906,1.9500009901821613,0.33851648873797124,0.7192388292402375
37.85000152513385,2.0000009909272194,0.37008772104453785,0.6944272043279197
37.85000152513385,2.0500009916722775,0.3590170027049498,0.7178780012117388
37.80000152438879,2.1000009924173355,0.3830951981733255,0.6944272043279197
37.80000152438879,2.2000009939074516,0.33851648873797124,0.7340770985323035
37.75000152364373,2.2500009946525097,0.3590170027049498,0.7013878322977225
37.75000152364373,2.3000009953975677,0.33851648873797124,0.7192388292402375
37.700001522898674,2.350000996142626,0.37008772104453785,0.6944272043279197
37.700001522898674,2.400000996887684,0.3590170027049498,0.7178780012117388
37.650001522153616,2.450000997632742,0.3830951981733255,0.6944272043279197
37.650001522153616,2.550000999122858,0.33851648873797124,0.7340770985323035
37.60000152140856,2.600000999867916,0.3590170027049498,0.7013878322977225
37.60000152140856,2.650001000612974,0.33851648873797124,0.7192388292402375
37.5500015206635,2.7000010013580322,0.37008772104453785,0.6944272043279197
37.5500015206635,2.7500010021030903,0.3590170027049498,0.7178780012117388
37.50000151991844,2.8000010028481483,0.3830951981733255,0.6944272043279197
37.50000151991844,2.9000010043382645,0.33851648873797124,0.7340770985323035
37.450001519173384,2.9500010050833225,0.37008772104453785,0.7013878322977225
37.450001519173384,3.0000010058283806,0.3590170027049498,0.7192388292402375
37.400001518428326,3.0500010065734386,0.3830951981733255,0.6944272043279197
37.400001518428326,3.1000010073184967,0.3590170027049498,0.7178780012117388
37.35000151768327,3.1500010080635548,0.3830951981733255,0.6944272043279197
37.35000151768327,3.250001009553671,0.33851648873797124,0.7340770985323035
37.30000151693821,3.300001010298729,0.37008772104453785,0.7013878322977225
37.30000151693821,3.350001011043787,0.3590170027049498,0.7192388292402375
37.25000151619315,3.400001011788845,0.3830951981733255,0.6944272043279197
37.25000151619315,3.500001013278961,0.33851648873797124,0.7394147254011668
37.20000151544809,3.5500010140240192,0.3590170027049498,0.7178780012117388
37.20000151544809,3.6000010147690773,0.33851648873797124,0.7340770985323035
37.150001514703035,3.6500010155141354,0.37008772104453785,0.7013878322977225
37.150001514703035,3.7000010162591934,0.3590170027049498,0.7192388292402375
37.10000151395798,3.7500010170042515,0.3830951981733255,0.6944272043279197
37.10000151395798,3.8500010184943676,0.33851648873797124,0.7394147254011668
37.05000151321292,3.9000010192394257,0.37008772104453785,0.7178780012117388
37.05000151321292,3.9500010199844837,0.3590170027049498,0.7340770985323035
37.00000151246786,4.000001020729542,0.3830951981733255,0.7013878322977225
37.00000151246786,4.0500010214746,0.3590170027049498,0.7192388292402375
36.9500015117228,4.100001022219658,0.3830951981733255,0.6944272043279197
36.9500015117228,4.200001023709774,0.33851648873797124,0.7394147254011668
36.900001510977745,4.250001024454832,0.37008772104453785,0.7178780012117388
36.900001510977745,4.30000102519989,0.3590170027049498,0.7340770985323035
36.85000151023269,4.350001025944948,0.3830951981733255,0.7013878322977225
36.85000151023269,4.400001026690006,0.3590170027049498,0.7192388292402375
36.80000150948763,4.450001027435064,0.3852350042566623,0.6944272043279197
36.80000150948763,4.55000102892518,0.3590170027049498,0.7340770985323035
36.75000150874257,4.6000010296702385,0.3830951981733255,0.7013878322977225
36.75000150874257,4.6500010304152966,0.3590170027049498,0.7192388292402375
36.70000150799751,4.700001031160355,0.3830951981733255,0.6944272043279197
36.70000150799751,4.750001031905413,0.3590170027049498,0.7178780012117388
36.650001507252455,4.800001032650471,0.3852350042566623,0.6944272043279197
36.650001507252455,4.900001034140587,0.3590170027049498,0.7340770985323035
36.6000015065074,4.950001034885645,0.3830951981733255,0.7013878322977225
36.6000015065074,5.000001035630703,0.3590170027049498,0.7192388292402375
36.55000150576234,5.050001036375761,0.3830951981733255,0.6944272043279197
36.55000150576234,5.100001037120819,0.3590170027049498,0.7178780012117388
36.50000150501728,5.150001037865877,0.3852350042566623,0.6944272043279197
36.50000150501728,5.250001039355993,0.3590170027049498,0.7340770985323035
36.45000150427222,5.300001040101051,0.3830951981733255,0.7013878322977225
36.45000150427222,5.350001040846109,0.3590170027049498,0.7192388292402375
36.400001503527164,5.4000010415911674,0.3852350042566623,0.6944272043279197
36.400001503527164,5.4500010423362255,0.37008772104453785,0.7178780012117388
36.350001502782106,5.500001043081284,0.4041523076822994,0.6944272043279197
36.350001502782106,5.550001043826342,0.3830951981733255,0.7178780012117388
36.30000150203705,5.6000010445714,0.4041523076822994,0.68600227053593
36.30000150203705,5.650001045316458,0.3830951981733255,0.7013878322977225
36.25000150129199,5.700001046061516,0.4041523076822994,0.6732124728405287
36.25000150129199,5.800001047551632,0.37008772104453785,0.7178780012117388
36.20000150054693,5.85000104829669,0.4041523076822994,0.6944272043279197
36.20000150054693,5.900001049041748,0.3830951981733255,0.7178780012117388
36.150001499801874,5.950001049786806,0.4041523076822994,0.68600227053593
36.150001499801874,6.000001050531864,0.3830951981733255,0.7013878322977225
36.100001499056816,6.050001051276922,0.4041523076822994,0.6732124728405287
36.100001499056816,6.10000105202198,0.3852350042566623,0.6944272043279197
36.05000149831176,6.150001052767038,0.4184658530585083,0.6732124728405287
36.05000149831176,6.200001053512096,0.4041523076822994,0.6944272043279197
36.0000014975667,6.2500010542571545,0.4264982136426342,0.6732124728405287
36.0000014975667,6.350001055747271,0.3852350042566623,0.7013878322977225
35.95000149682164,6.400001056492329,0.4184658530585083,0.6732124728405287
35.95000149682164,6.450001057237387,0.4041523076822994,0.6944272043279197
35.900001496076584,6.500001057982445,0.4264982136426342,0.6732124728405287
35.900001496076584,6.550001058727503,0.4041523076822994,0.6944272043279197
35.850001495331526,6.600001059472561,0.4264982136426342,0.6732124728405287
35.850001495331526,6.650001060217619,0.4041523076822994,0.6944272043279197
35.80000149458647,6.700001060962677,0.4324555414579977,0.6732124728405287
35.80000149458647,6.750001061707735,0.4184658530585083,0.6944272043279197
35.75000149384141,6.800001062452793,0.4500000096857548,0.6732124728405287
35.75000149384141,6.850001063197851,0.4264982136426342,0.68600227053593
35.70000149309635,6.900001063942909,0.4500000096857548,0.6544003872633107
35.70000149309635,6.950001064687967,0.4264982136426342,0.6732124728405287
35.650001492351294,7.000001065433025,0.4500000096857548,0.6500000126659871
35.650001492351294,7.050001066178083,0.4324555414579977,0.6732124728405287
35.600001491606236,7.1000010669231415,0.4670832131466311,0.6500000126659871
35.600001491606236,7.1500010676681995,0.4500000096857548,0.6732124728405287
35.55000149086118,7.200001068413258,0.4708204032459398,0.6500000126659871
35.55000149086118,7.250001069158316,0.4500000096857548,0.6732124728405287
35.50000149011612,7.300001069903374,0.4800735355706574,0.6500000126659871
35.50000149011612,7.350001070648432,0.4670832131466311,0.6732124728405287
35.45000148937106,7.40000107139349,0.4946222098231675,0.6500000126659871
35.45000148937106,7.450001072138548,0.4708204032459398,0.6732124728405287
35.400001488626,7.500001072883606,0.4946222098231675,0.6381527432014595
35.400001488626,7.550001073628664,0.4708204032459398,0.6544003872633107
35.350001487880945,7.600001074373722,0.49641942423666396,0.6276472801952478
35.350001487880945,7.65000107511878,0.4800735355706574,0.6500000126659871
35.30000148713589,7.700001075863838,0.4946222098231675,0.6276472801952478
35.30000148713589,7.750001076608896,0.4708204032459398,0.6500000126659871
35.25000148639083,7.800001077353954,0.4946222098231675,0.6276472801952478
35.25000148639083,7.850001078099012,0.4708204032459398,0.6500000126659871
35.15000148490071,7.9500010795891285,0.4946222098231675,0.6062257868435552
35.15000148490071,8.000001080334187,0.4708204032459398,0.6276472801952478
35.100001484155655,8.050001081079245,0.4800735355706574,0.6062257868435552
35.100001484155655,8.100001081824303,0.45192025023463345,0.6276472801952478
35.00000148266554,8.200001083314419,0.4946222098231675,0.5762087463794127
35.00000148266554,8.250001084059477,0.4708204032459398,0.590569426822497
34.95000148192048,8.300001084804535,0.4800735355706574,0.5615773219347772
34.95000148192048,8.350001085549593,0.45192025023463345,0.5826238037869298
34.850001480430365,8.450001087039709,0.4946222098231675,0.5382411640123205
34.850001480430365,8.500001087784767,0.4708204032459398,0.5615773219347772
34.80000147968531,8.550001088529825,0.4800735355706574,0.5382411640123205
34.80000147968531,8.600001089274883,0.45192025023463345,0.5615773219347772
34.70000147819519,8.700001090765,0.4946222098231675,0.5158910638314256
34.70000147819519,8.750001091510057,0.4708204032459398,0.5382411640123205
34.600001476705074,8.850001093000174,0.4946222098231675,0.4946222098231675
34.600001476705074,8.900001093745232,0.4708204032459398,0.5158910638314256
34.550001475960016,8.95000109449029,0.4800735355706574,0.4946222098231675
34.550001475960016,9.000001095235348,0.45192025023463345,0.5158910638314256
34.4500014744699,9.100001096725464,0.4946222098231675,0.4708204032459398
34.4500014744699,9.150001097470522,0.4708204032459398,0.4946222098231675
34.350001472979784,9.250001098960638,0.4946222098231675,0.45192025023463345
34.350001472979784,9.300001099705696,0.4708204032459398,0.4800735355706574
34.300001472234726,9.350001100450754,0.4946222098231675,0.4708204032459398
34.300001472234726,9.400001101195812,0.4708204032459398,0.4946222098231675
34.20000147074461,9.500001102685928,0.4946222098231675,0.4708204032459398
34.20000147074461,9.550001103430986,0.4708204032459398,0.4946222098231675
34.100001469254494,9.650001104921103,0.5106335307668594,0.4708204032459398
34.100001469254494,9.70000110566616,0.4800735355706574,0.4946222098231675
34.00000146776438,9.800001107156277,0.5106335307668594,0.45192025023463345
34.00000146776438,9.850001107901335,0.4800735355706574,0.4800735355706574
33.95000146701932,9.900001108646393,0.4946222098231675,0.4708204032459398
33.95000146701932,9.95000110939145,0.4708204032459398,0.4946222098231675
33.8500014655292,10.050001110881567,0.5106335307668594,0.4708204032459398
33.8500014655292,10.100001111626625,0.4800735355706574,0.4946222098231675
33.70000146329403,10.2500011138618,0.5382411640123205,0.44031243328468356
33.70000146329403,10.300001114606857,0.5106335307668594,0.4708204032459398
33.550001461058855,10.450001116842031,0.5615773219347772,0.4264982136426342
33.550001461058855,10.50000111758709,0.5382411640123205,0.4500000096857548
33.40000145882368,10.650001119822264,0.5826238037869298,0.4020797379113019
33.40000145882368,10.700001120567322,0.5615773219347772,0.4264982136426342
33.25000145658851,10.850001122802496,0.6062257868435552,0.3830951981733255
33.25000145658851,10.900001123547554,0.5810249792288443,0.41032778988127777
33.050001453608274,11.100001126527786,0.6200609855626972,0.34083269937863353
33.050001453608274,11.150001127272844,0.590569426822497,0.37008772104453785
32.85000145062804,11.350001130253077,0.6321658612548995,0.3147815147201923
32.85000145062804,11.400001130998135,0.6062257868435552,0.34083269937863353
32.65000144764781,11.600001133978367,0.6485281500679115,0.3000000074505806
32.65000144764781,11.650001134723425,0.6139410419336518,0.3315072985568083
32.500001445412636,11.800001136958599,0.6500000126659871,0.3000000074505806
32.500001445412636,11.850001137703657,0.6200609855626972,0.3315072985568083
32.300001442432404,12.05000114068389,0.6602325395227262,0.3000000074505806
32.300001442432404,12.100001141428947,0.6321658612548995,0.3315072985568083
32.15000144019723,12.250001143664122,0.6602325395227262,0.3147815147201923
32.15000144019723,12.30000114440918,0.6321658612548995,0.34083269937863353
31.950001437216997,12.500001147389412,0.6746427972599882,0.3147815147201923
31.950001437216997,12.55000114813447,0.6485281500679115,0.34083269937863353
31.750001434236765,12.750001151114702,0.6845903138291293,0.3147815147201923
31.750001434236765,12.80000115185976,0.6514693309842018,0.34083269937863353
31.550001431256533,13.000001154839993,0.6902247040036246,0.3000000074505806
31.550001431256533,13.05000115558505,0.6602325395227262,0.3315072985568083
31.200001426041126,13.400001160800457,0.7300537757457948,0.29244289742777607
31.200001426041126,13.450001161545515,0.7013878322977225,0.3147815147201923
30.80000142008066,13.85000116750598,0.7861541608606429,0.2596194146201188
30.80000142008066,13.900001168251038,0.7552486729614543,0.2949747542062818
30.450001414865255,14.250001173466444,0.8253048479987265,0.2596194146201188
30.450001414865255,14.300001174211502,0.7899495084125635,0.2949747542062818
28.80000139027834,15.950001198798418,0.8606601875848896,0.15355339586162983
28.75000138953328,15.950001198798418,0.8960155271710525,0.11819805627546684
28.350001383572817,16.350001204758883,0.8960155271710525,0.11819805627546684
28.30000138282776,16.350001204758883,0.9313708667572156,0.08284271668930387
27.75000137463212,16.90000121295452,0.9313708667572156,0.11819805627546684
27.700001373887062,16.90000121295452,0.966190396346651,0.08284271668930387
27.45000137016177,17.15000121667981,0.9313708667572156,0.09154759908666274
27.400001369416714,17.15000121667981,0.9667262063433785,0.06925824436898563
27.100001364946365,17.45000122115016,0.933578421767098,0.08284271668930387
27.050001364201307,17.45000122115016,0.9672617703864308,0.047487377103140875
26.75000135973096,17.750001225620508,0.9401754420890758,0.047487377103140875
26.7000013589859,17.750001225620508,0.9715374688432665,0.012132037516977877
26.50000135600567,17.95000122860074,0.9667262063433785,0.047487377103140875
26.45000135526061,17.95000122860074,1.0020815459295414,0.012132037516977877
26.25000135228038,18.150001231580973,0.9672617703864308,0.047487377103140875
26.20000135153532,18.150001231580973,1.0020815459295414,0.012132037516977877
26.000001348555088,18.350001234561205,1.0020815459295414,0.047487377103140875
25.95000134781003,18.350001234561205,1.0349089219244234,0.012132037516977877
25.70000134408474,18.600001238286495,1.0020815459295414,0.047487377103140875
25.65000134333968,18.600001238286495,1.0374368855157046,0.012132037516977877
25.45000134035945,18.800001241266727,1.0041594758226038,0.047487377103140875
25.40000133961439,18.800001241266727,1.0379418587607656,0.012132037516977877
25.20000133663416,19.00000124424696,1.0041594758226038,0.047487377103140875
25.1500013358891,19.00000124424696,1.0379418587607656,0.012132037516977877
24.95000133290887,19.200001247227192,1.0041594758226038,0.023606801081979916
24.90000133216381,19.200001247227192,1.0379418587607656,0.006155284352836106
24.70000132918358,19.400001250207424,1.0041594758226038,0.023606801081979916
24.65000132843852,19.400001250207424,1.0379418587607656,0.006155284352836106
24.450001325458288,19.600001253187656,1.0103718617269664,0.012132037516977877
24.40000132471323,19.600001253187656,1.0419742533442804,-0.019722433540455508
24.15000132098794,19.850001256912947,1.0041594758226038,0.023606801081979916
24.10000132024288,19.850001256912947,1.0379418587607656,0.006155284352836106
23.90000131726265,20.05000125989318,1.0041594758226038,0.023606801081979916
23.85000131651759,20.05000125989318,1.0379418587607656,0.006155284352836106
23.65000131353736,20.25000126287341,1.0041594758226038,0.023606801081979916
23.6000013127923,20.25000126287341,1.0379418587607656,0.006155284352836106
23.40000130981207,20.450001265853643,1.0041594758226038,0.023606801081979916
23.35000130906701,20.450001265853643,1.0379418587607656,0.006155284352836106
23.15000130608678,20.650001268833876,1.0041594758226038,0.023606801081979916
23.10000130534172,20.650001268833876,1.0379418587607656,0.006155284352836106
22.90000130236149,20.850001271814108,1.0103718617269664,0.012132037516977877
22.85000130161643,20.850001271814108,1.0419742533442804,-0.019722433540455508
22.60000129789114,21.100001275539398,1.0041594758226038,0.023606801081979916
22.550001297146082,21.100001275539398,1.0379418587607656,0.006155284352836106
22.35000129416585,21.30000127851963,1.0041594758226038,0.023606801081979916
22.30000129342079,21.30000127851963,1.0379418587607656,0.006155284352836106
22.10000129044056,21.500001281499863,1.0041594758226038,0.023606801081979916
22.0500012896955,21.500001281499863,1.0379418587607656,0.006155284352836106
21.85000128671527,21.700001284480095,1.0041594758226038,0.023606801081979916
21.80000128597021,21.700001284480095,1.0379418587607656,0.006155284352836106
21.60000128298998,21.900001287460327,1.0041594758226038,0.023606801081979916
21.55000128224492,21.900001287460327,1.0379418587607656,0.006155284352836106
21.30000127851963,22.150001291185617,1.0041594758226038,0.023606801081979916
21.250001277774572,22.150001291185617,1.0379418587607656,0.006155284352836106
21.05000127479434,22.35000129416585,1.0041594758226038,0.023606801081979916
21.000001274049282,22.35000129416585,1.0379418587607656,0.006155284352836106
20.80000127106905,22.550001297146082,1.0041594758226038,0.023606801081979916
20.75000127032399,22.550001297146082,1.0379418587607656,0.006155284352836106
20.55000126734376,22.750001300126314,1.0041594758226038,0.023606801081979916
20.5000012665987,22.750001300126314,1.0379418587607656,0.006155284352836106
20.30000126361847,22.950001303106546,1.0041594758226038,0.023606801081979916
20.25000126287341,22.950001303106546,1.0379418587607656,0.006155284352836106
20.05000125989318,23.15000130608678,1.0103718617269664,0.023606801081979916
20.00000125914812,23.15000130608678,1.0419742533442804,0.006155284352836106
19.75000125542283,23.40000130981207,1.0041594758226038,0.023606801081979916
19.700001254677773,23.40000130981207,1.0379418587607656,0.006155284352836106
19.50000125169754,23.6000013127923,1.0041594758226038,0.023606801081979916
19.450001250952482,23.6000013127923,1.0379418587607656,0.006155284352836106
19.25000124797225,23.800001315772533,1.0041594758226038,0.023606801081979916
19.200001247227192,23.800001315772533,1.0379418587607656,0.006155284352836106
19.00000124424696,24.000001318752766,1.0041594758226038,0.023606801081979916
18.9500012435019,24.000001318752766,1.0379418587607656,0.006155284352836106
18.75000124052167,24.200001321732998,1.0041594758226038,0.023606801081979916
18.70000123977661,24.200001321732998,1.0379418587607656,0.006155284352836106
18.50000123679638,24.40000132471323,1.0103718617269664,0.023606801081979916
18.45000123605132,24.40000132471323,1.0419742533442804,0.006155284352836106
18.20000123232603,24.65000132843852,1.0041594758226038,0.023606801081979916
18.150001231580973,24.65000132843852,1.0379418587607656,0.006155284352836106
17.95000122860074,24.850001331418753,1.0041594758226038,0.023606801081979916
17.900001227855682,24.850001331418753,1.0379418587607656,0.006155284352836106
17.70000122487545,25.050001334398985,1.0041594758226038,0.023606801081979916
17.650001224130392,25.050001334398985,1.0379418587607656,0.006155284352836106
17.45000122115016,25.250001337379217,1.0041594758226038,0.023606801081979916
17.4000012204051,25.250001337379217,1.0379418587607656,0.006155284352836106
17.20000121742487,25.45000134035945,1.0041594758226038,0.023606801081979916
17.15000121667981,25.45000134035945,1.0379418587607656,0.006155284352836106
16.90000121295452,25.70000134408474,1.0041594758226038,0.047487377103140875
16.850001212209463,25.70000134408474,1.0379418587607656,0.012132037516977877
16.65000120922923,25.900001347064972,1.0041594758226038,0.023606801081979916
16.600001208484173,25.900001347064972,1.0379418587607656,0.006155284352836106
16.40000120550394,26.100001350045204,1.0041594758226038,0.023606801081979916
16.350001204758883,26.100001350045204,1.0379418587607656,0.006155284352836106
16.15000120177865,26.300001353025436,1.0041594758226038,0.023606801081979916
16.100001201033592,26.300001353025436,1.0379418587607656,0.006155284352836106
15.90000119805336,26.50000135600567,1.0041594758226038,0.023606801081979916
15.850001197308302,26.50000135600567,1.0379418587607656,0.006155284352836106
15.65000119432807,26.7000013589859,1.0103718617269664,0.023606801081979916
15.600001193583012,26.7000013589859,1.0419742533442804,0.006155284352836106
15.350001189857721,26.95000136271119,1.0041594758226038,0.023606801081979916
15.300001189112663,26.95000136271119,1.0379418587607656,0.006155284352836106
15.100001186132431,27.150001365691423,1.0041594758226038,0.023606801081979916
15.050001185387373,27.150001365691423,1.0379418587607656,0.006155284352836106
14.85000118240714,27.350001368671656,1.0041594758226038,0.023606801081979916
14.800001181662083,27.350001368671656,1.0379418587607656,0.006155284352836106
14.60000117868185,27.550001371651888,1.0041594758226038,0.023606801081979916
14.550001177936792,27.550001371651888,1.0379418587607656,0.006155284352836106
14.35000117495656,27.75000137463212,1.0041594758226038,0.023606801081979916
14.300001174211502,27.75000137463212,1.0379418587607656,0.006155284352836106
14.10000117123127,27.950001377612352,1.0103718617269664,0.023606801081979916
14.050001170486212,27.950001377612352,1.0419742533442804,0.006155284352836106
13.800001166760921,28.200001381337643,1.0041594758226038,0.023606801081979916
13.750001166015863,28.200001381337643,1.0379418587607656,0.006155284352836106
13.550001163035631,28.400001384317875,1.0041594758226038,0.023606801081979916
13.500001162290573,28.400001384317875,1.0379418587607656,0.006155284352836106
13.30000115931034,28.600001387298107,1.0041594758226038,0.023606801081979916
13.250001158565283,28.600001387298107,1.0379418587607656,0.006155284352836106
13.05000115558505,28.80000139027834,1.0041594758226038,0.023606801081979916
13.000001154839993,28.80000139027834,1.0379418587607656,0.006155284352836106
12.80000115185976,29.00000139325857,1.0041594758226038,0.023606801081979916
12.750001151114702,29.00000139325857,1.0379418587607656,0.006155284352836106
12.500001147389412,29.250001396983862,1.0041594758226038,0.047487377103140875
12.450001146644354,29.250001396983862,1.0379418587607656,0.012132037516977877
12.250001143664122,29.450001399964094,1.0041594758226038,0.023606801081979916
12.200001142919064,29.450001399964094,1.0379418587607656,0.006155284352836106
12.000001139938831,29.650001402944326,1.0041594758226038,0.023606801081979916
11.950001139193773,29.650001402944326,1.0379418587607656,0.006155284352836106
11.750001136213541,29.85000140592456,1.0041594758226038,0.023606801081979916
11.700001135468483,29.85000140592456,1.0379418587607656,0.006155284352836106
11.50000113248825,30.05000140890479,1.0041594758226038,0.023606801081979916
11.450001131743193,30.05000140890479,1.0379418587607656,0.006155284352836106
11.25000112876296,30.250001411885023,1.0103718617269664,0.023606801081979916
11.200001128017902,30.250001411885023,1.0419742533442804,0.006155284352836106
10.950001124292612,30.500001415610313,1.0041594758226038,0.047487377103140875
10.900001123547554,30.500001415610313,1.0379418587607656,0.012132037516977877
10.700001120567322,30.700001418590546,1.0041594758226038,0.023606801081979916
10.650001119822264,30.700001418590546,1.0379418587607656,0.006155284352836106
10.450001116842031,30.900001421570778,1.0041594758226038,0.023606801081979916
10.400001116096973,30.900001421570778,1.0379418587607656,0.006155284352836106
10.200001113116741,31.10000142455101,1.0041594758226038,0.023606801081979916
10.150001112371683,31.10000142455101,1.0379418587607656,0.006155284352836106
9.95000110939145,31.300001427531242,1.0041594758226038,0.023606801081979916
9.900001108646393,31.300001427531242,1.0379418587607656,0.006155284352836106
9.70000110566616,31.500001430511475,1.0103718617269664,0.023606801081979916
9.650001104921103,31.500001430511475,1.0419742533442804,0.006155284352836106
9.400001101195812,31.750001434236765,1.0041594758226038,0.047487377103140875
9.350001100450754,31.750001434236765,1.0379418587607656,0.012132037516977877
9.150001097470522,31.950001437216997,1.0041594758226038,0.023606801081979916
9.100001096725464,31.950001437216997,1.0379418587607656,0.006155284352836106
8.900001093745232,32.15000144019723,1.0041594758226038,0.023606801081979916
8.850001093000174,32.15000144019723,1.0379418587607656,0.006155284352836106
8.650001090019941,32.35000144317746,1.0041594758226038,0.023606801081979916
8.600001089274883,32.35000144317746,1.0379418587607656,0.006155284352836106
8.400001086294651,32.550001446157694,1.0041594758226038,0.023606801081979916
8.350001085549593,32.550001446157694,1.0379418587607656,0.006155284352836106
8.100001081824303,32.800001449882984,1.0041594758226038,0.047487377103140875
8.050001081079245,32.800001449882984,1.0379418587607656,0.012132037516977877
7.850001078099012,33.000001452863216,1.0041594758226038,0.047487377103140875
7.800001077353954,33.000001452863216,1.0379418587607656,0.012132037516977877
7.600001074373722,33.20000145584345,1.0041594758226038,0.023606801081979916
7.550001073628664,33.20000145584345,1.0379418587607656,0.006155284352836106
7.350001070648432,33.40000145882368,1.0041594758226038,0.023606801081979916
7.300001069903374,33.40000145882368,1.0379418587607656,0.006155284352836106
7.1000010669231415,33.60000146180391,1.0041594758226038,0.023606801081979916
7.050001066178083,33.60000146180391,1.0379418587607656,0.006155284352836106
6.850001063197851,33.800001464784145,1.0103718617269664,0.023606801081979916
6.800001062452793,33.800001464784145,1.0419742533442804,0.006155284352836106
6.550001058727503,34.050001468509436,1.0041594758226038,0.047487377103140875
6.500001057982445,34.050001468509436,1.0379418587607656,0.012132037516977877
6.3000010550022125,34.25000147148967,1.0041594758226038,0.047487377103140875
6.2500010542571545,34.25000147148967,1.0379418587607656,0.012132037516977877
6.050001051276922,34.4500014744699,1.0041594758226038,0.023606801081979916
6.000001050531864,34.4500014744699,1.0379418587607656,0.006155284352836106
5.800001047551632,34.65000147745013,1.0041594758226038,0.023606801081979916
5.750001046806574,34.65000147745013,1.0379418587607656,0.006155284352836106
5.550001043826342,34.850001480430365,1.0041594758226038,0.023606801081979916
5.500001043081284,34.850001480430365,1.0379418587607656,0.006155284352836106
5.300001040101051,35.0500014834106,1.0103718617269664,0.023606801081979916
5.250001039355993,35.0500014834106,1.0419742533442804,0.006155284352836106
5.000001035630703,35.30000148713589,1.0041594758226038,0.047487377103140875
4.950001034885645,35.30000148713589,1.0379418587607656,0.012132037516977877
4.750001031905413,35.50000149011612,1.0041594758226038,0.047487377103140875
4.700001031160355,35.50000149011612,1.0379418587607656,0.012132037516977877
4.500001028180122,35.70000149309635,1.0041594758226038,0.023606801081979916
4.450001027435064,35.70000149309635,1.0379418587607656,0.006155284352836106
4.250001024454832,35.900001496076584,1.0041594758226038,0.023606801081979916
4.200001023709774,35.900001496076584,1.0379418587607656,0.006155284352836106
4.000001020729542,36.100001499056816,1.0041594758226038,0.023606801081979916
3.9500010199844837,36.100001499056816,1.0379418587607656,0.006155284352836106
3.7500010170042515,36.30000150203705,1.0103718617269664,0.023606801081979916
3.7000010162591934,36.30000150203705,1.0419742533442804,0.006155284352836106
3.450001012533903,36.55000150576234,1.0041594758226038,0.047487377103140875
3.400001011788845,36.55000150576234,1.0379418587607656,0.012132037516977877
3.200001008808613,36.75000150874257,1.0041594758226038,0.047487377103140875
3.1500010080635548,36.75000150874257,1.0379418587607656,0.012132037516977877
2.9500010050833225,36.9500015117228,1.0041594758226038,0.023606801081979916
2.9000010043382645,36.9500015117228,1.0379418587607656,0.006155284352836106
2.7000010013580322,37.150001514703035,1.0041594758226038,0.023606801081979916
2.650001000612974,37.150001514703035,1.0379418587607656,0.006155284352836106
2.450000997632742,37.35000151768327,1.0041594758226038,0.023606801081979916
2.400000996887684,37.35000151768327,1.0379418587607656,0.006155284352836106
2.1500009931623936,37.60000152140856,1.0041594758226038,0.047487377103140875
2.1000009924173355,37.60000152140856,1.0379418587607656,0.012132037516977877
1.9000009894371033,37.80000152438879,1.0041594758226038,0.047487377103140875
1.8500009886920452,37.80000152438879,1.0379418587607656,0.012132037516977877
1.650000985711813,38.00000152736902,1.0041594758226038,0.023606801081979916
1.600000984966755,38.00000152736902,1.0379418587607656,0.006155284352836106
1.4000009819865227,38.200001530349255,1.0041594758226038,0.023606801081979916
1.3500009812414646,38.200001530349255,1.0379418587607656,0.006155284352836106
1.1500009782612324,38.40000153332949,1.0041594758226038,0.023606801081979916
1.1000009775161743,38.40000153332949,1.0379418587607656,0.006155284352836106
0.9000009745359421,38.60000153630972,1.0103718617269664,0.023606801081979916
0.850000973790884,38.60000153630972,1.0419742533442804,0.006155284352836106
0.6000009700655937,38.85000154003501,1.0041594758226038,0.047487377103140875
0.5500009693205357,38.85000154003501,1.0379418587607656,0.012132037516977877
0.3500009663403034,39.05000154301524,1.0041594758226038,0.047487377103140875
0.30000096559524536,39.05000154301524,1.0379418587607656,0.012132037516977877
0.10000096261501312,39.250001545995474,1.0041594758226038,0.023606801081979916
0.05000096186995506,39.250001545995474,1.0379418587607656,0.006155284352836106
-0.14999904111027718,39.450001548975706,1.0041594758226038,0.023606801081979916
-0.19999904185533524,39.450001548975706,1.0379418587607656,0.006155284352836106
-0.3999990448355675,39.65000155195594,1.0041594758226038,0.023606801081979916
-0.44999904558062553,39.65000155195594,1.0379418587607656,0.006155284352836106
-0.6499990485608578,39.85000155493617,1.0103718617269664,0.023606801081979916
-0.6999990493059158,39.85000155493617,1.0419742533442804,0.006155284352836106
-0.9499990530312061,40.10000155866146,1.0041594758226038,0.047487377103140875
-0.9999990537762642,40.10000155866146,1.0379418587607656,0.012132037516977877
-1.1999990567564964,40.30000156164169,1.0041594758226038,0.047487377103140875
-1.2499990575015545,40.30000156164169,1.0379418587607656,0.012132037516977877
-1.4499990604817867,40.500001564621925,1.0041594758226038,0.023606801081979916
-1.4999990612268448,40.500001564621925,1.0379418587607656,0.006155284352836106
-1.699999064207077,40.70000156760216,1.0041594758226038,0.023606801081979916
-1.749999064952135,40.70000156760216,1.0379418587607656,0.006155284352836106
-1.9499990679323673,40.90000157058239,1.0041594758226038,0.023606801081979916
-1.9999990686774254,40.90000157058239,1.0379418587607656,0.006155284352836106
-2.2499990724027157,41.15000157430768,1.0041594758226038,0.047487377103140875
-2.2999990731477737,41.15000157430768,1.0379418587607656,0.012132037516977877
-2.499999076128006,41.35000157728791,1.0041594758226038,0.047487377103140875
-2.549999076873064,41.35000157728791,1.0379418587607656,0.012132037516977877
-2.7499990798532963,41.550001580268145,1.0041594758226038,0.047487377103140875
-2.7999990805983543,41.550001580268145,1.0379418587607656,0.012132037516977877
-2.9999990835785866,41.75000158324838,1.0041594758226038,0.023606801081979916
-3.0499990843236446,41.75000158324838,1.0379418587607656,0.006155284352836106
-3.249999087303877,41.95000158622861,1.0041594758226038,0.023606801081979916
-3.299999088048935,41.95000158622861,1.0379418587607656,0.006155284352836106
-3.499999091029167,42.15000158920884,1.0103718617269664,0.023606801081979916
-3.5499990917742252,42.15000158920884,1.0419742533442804,0.006155284352836106
-3.7999990954995155,42.40000159293413,1.0041594758226038,0.047487377103140875
-3.8499990962445736,42.40000159293413,1.0379418587607656,0.012132037516977877
-4.049999099224806,42.600001595914364,1.0041594758226038,0.047487377103140875
-4.099999099969864,42.600001595914364,1.0379418587607656,0.012132037516977877
-4.299999102950096,42.800001598894596,1.0041594758226038,0.047487377103140875
-4.349999103695154,42.800001598894596,1.0379418587607656,0.012132037516977877
-4.549999106675386,43.00000160187483,1.0041594758226038,0.023606801081979916
-4.5999991074204445,43.00000160187483,1.0379418587607656,0.006155284352836106
-4.799999110400677,43.20000160485506,1.0041594758226038,0.023606801081979916
-4.849999111145735,43.20000160485506,1.0379418587607656,0.006155284352836106
-5.049999114125967,43.40000160783529,1.0103718617269664,0.023606801081979916
-5.099999114871025,43.40000160783529,1.0419742533442804,0.006155284352836106
-5.349999118596315,43.65000161156058,1.0041594758226038,0.047487377103140875
-5.399999119341373,43.65000161156058,1.0379418587607656,0.012132037516977877
-5.599999122321606,43.850001614540815,1.0041594758226038,0.047487377103140875
-5.649999123066664,43.850001614540815,1.0379418587607656,0.012132037516977877
-5.849999126046896,44.05000161752105,1.0041594758226038,0.047487377103140875
-5.899999126791954,44.05000161752105,1.0379418587607656,0.012132037516977877
-6.099999129772186,44.25000162050128,1.0041594758226038,0.023606801081979916
-6.149999130517244,44.25000162050128,1.0379418587607656,0.006155284352836106
-6.349999133497477,44.45000162348151,1.0041594758226038,0.023606801081979916
-6.399999134242535,44.45000162348151,1.0379418587607656,0.006155284352836106
-6.649999137967825,44.7000016272068,1.0041594758226038,0.047487377103140875
-6.699999138712883,44.7000016272068,1.0379418587607656,0.012132037516977877
-6.899999141693115,44.900001630187035,1.0041594758226038,0.047487377103140875
-6.949999142438173,44.900001630187035,1.0379418587607656,0.012132037516977877
-7.1499991454184055,45.10000163316727,1.0041594758226038,0.047487377103140875
-7.199999146163464,45.10000163316727,1.0379418587607656,0.012132037516977877
-7.399999149143696,45.3000016361475,1.0041594758226038,0.047487377103140875
-7.449999149888754,45.3000016361475,1.0379418587607656,0.012132037516977877
-7.649999152868986,45.50000163912773,1.0041594758226038,0.023606801081979916
-7.699999153614044,45.50000163912773,1.0379418587607656,0.006155284352836106
-7.899999156594276,45.700001642107964,1.0103718617269664,0.023606801081979916
-7.9499991573393345,45.700001642107964,1.0419742533442804,0.006155284352836106
-8.199999161064625,45.950001645833254,1.0041594758226038,0.047487377103140875
-8.249999161809683,45.950001645833254,1.0379418587607656,0.012132037516977877
-8.449999164789915,46.150001648813486,1.0041594758226038,0.047487377103140875
-8.499999165534973,46.150001648813486,1.0379418587607656,0.012132037516977877
-8.699999168515205,46.35000165179372,1.0041594758226038,0.047487377103140875
-8.749999169260263,46.35000165179372,1.0379418587607656,0.012132037516977877
-8.949999172240496,46.55000165477395,1.0041594758226038,0.047487377103140875
-8.999999172985554,46.55000165477395,1.0379418587607656,0.012132037516977877
-9.199999175965786,46.75000165775418,1.0041594758226038,0.023606801081979916
-9.249999176710844,46.75000165775418,1.0379418587607656,0.006155284352836106
-9.449999179691076,46.950001660734415,1.0103718617269664,0.023606801081979916
-9.499999180436134,46.950001660734415,1.0419742533442804,0.006155284352836106
-9.749999184161425,47.200001664459705,1.0041594758226038,0.047487377103140875
-9.799999184906483,47.200001664459705,1.0379418587607656,0.012132037516977877
-9.999999187886715,47.40000166743994,1.0041594758226038,0.047487377103140875
-10.049999188631773,47.40000166743994,1.0379418587607656,0.012132037516977877
-10.249999191612005,47.60000167042017,1.0041594758226038,0.047487377103140875
-10.299999192357063,47.60000167042017,1.0379418587607656,0.012132037516977877
-10.499999195337296,47.8000016734004,1.0041594758226038,0.047487377103140875
-10.549999196082354,47.8000016734004,1.0379418587607656,0.012132037516977877
-10.749999199062586,48.000001676380634,1.0041594758226038,0.023606801081979916
-10.799999199807644,48.000001676380634,1.0379418587607656,0.006155284352836106
-11.049999203532934,48.250001680105925,1.0041594758226038,0.047487377103140875
-11.099999204277992,48.250001680105925,1.0379418587607656,0.012132037516977877
-11.299999207258224,48.45000168308616,1.0041594758226038,0.047487377103140875
-11.349999208003283,48.45000168308616,1.0379418587607656,0.012132037516977877
-11.549999210983515,48.65000168606639,1.0041594758226038,0.047487377103140875
-11.599999211728573,48.65000168606639,1.0379418587607656,0.012132037516977877
-11.799999214708805,48.85000168904662,1.0041594758226038,0.047487377103140875
-11.849999215453863,48.85000168904662,1.0379418587607656,0.012132037516977877
-12.049999218434095,49.050001692026854,1.0041594758226038,0.023606801081979916
-12.099999219179153,49.050001692026854,1.0379418587607656,0.006155284352836106
-12.299999222159386,49.250001695007086,1.0103718617269664,0.023606801081979916
-12.349999222904444,49.250001695007086,1.0419742533442804,0.006155284352836106
-12.599999226629734,49.500001698732376,1.0041594758226038,0.047487377103140875
-12.649999227374792,49.500001698732376,1.0379418587607656,0.012132037516977877
-12.749999228864908,49.60000170022249,1.0206555797625556,0.012132037516977877
-12.799999229609966,49.60000170022249,1.0500000186264515,-0.019722433540455508
-12.999999232590199,49.800001703202724,1.0206555797625556,0.012132037516977877
-13.049999233335257,49.800001703202724,1.0500000186264515,-0.019722433540455508
-13.19999923557043,49.9500017054379,1.0349089219244234,0.012132037516977877
-13.249999236315489,49.9500017054379,1.0619429652168115,-0.02322330206918508
-13.399999238550663,50.10000170767307,1.0379418587607656,0.012132037516977877
-13.449999239295721,50.10000170767307,1.0727922251018673,-0.02322330206918508
-13.599999241530895,50.25000170990825,1.0419742533442804,-0.019722433540455508
-13.649999242275953,50.25000170990825,1.0747548973935241,-0.041886114635500564
-13.799999244511127,50.40000171214342,1.0619429652168115,-0.019722433540455508
-13.849999245256186,50.40000171214342,1.0903488092840894,-0.041886114635500564
-14.099999248981476,50.65000171586871,1.0500000186264515,0.012132037516977877
-14.149999249726534,50.65000171586871,1.080624866569367,-0.019722433540455508
-14.299999251961708,50.800001718103886,1.0619429652168115,0.012132037516977877
-14.349999252706766,50.800001718103886,1.0903488092840894,-0.019722433540455508
-14.549999255686998,51.00000172108412,1.0619429652168115,0.023606801081979916
-14.599999256432056,51.00000172108412,1.0903488092840894,0.006155284352836106
-14.699999257922173,51.100001722574234,1.0747548973935241,0.012132037516977877
-14.74999925866723,51.100001722574234,1.1086252523302755,-0.019722433540455508
-14.999999262392521,51.350001726299524,1.0619429652168115,0.047487377103140875
-15.049999263137579,51.350001726299524,1.0903488092840894,0.012132037516977877
-15.199999265372753,51.5000017285347,1.0619429652168115,0.012132037516977877
-15.249999266117811,51.5000017285347,1.0903488092840894,-0.019722433540455508
-15.449999269098043,51.70000173151493,1.0419742533442804,0.012132037516977877
-15.499999269843102,51.70000173151493,1.0747548973935241,-0.019722433540455508
-15.649999272078276,51.850001733750105,1.0419742533442804,0.012132037516977877
-15.699999272823334,51.850001733750105,1.0747548973935241,-0.02322330206918508
-15.749999273568392,51.90000173449516,1.0619429652168115,-0.019722433540455508
-15.79999927431345,51.90000173449516,1.0903488092840894,-0.041886114635500564
-15.899999275803566,52.00000173598528,1.0619429652168115,-0.02322330206918508
-15.949999276548624,52.00000173598528,1.0903488092840894,-0.05857864165534806
-16.04999927803874,52.100001737475395,1.0747548973935241,-0.05857864165534806
-16.099999278783798,52.100001737475395,1.103840500469267,-0.08819659945901004
-16.149999279528856,52.15000173822045,1.0903488092840894,-0.05857864165534806
-16.199999280273914,52.15000173822045,1.1200378979145058,-0.09393398124151106
-16.29999928176403,52.25000173971057,1.103840500469267,-0.09393398124151106
-16.34999928250909,52.25000173971057,1.131352715408136,-0.12928932082767405
-16.399999283254147,52.30000174045563,1.1200378979145058,-0.09999999850988388
-16.449999283999205,52.30000174045563,1.1462912218449282,-0.12928932082767405
-16.54999928548932,52.400001741945744,1.1200378979145058,-0.12928932082767405
-16.59999928623438,52.400001741945744,1.15092562874099,-0.16464466041383702
-16.649999286979437,52.4500017426908,1.145362424754833,-0.14999999925494195
-16.699999287724495,52.4500017426908,1.1729530422331924,-0.16464466041383702
-16.79999928921461,52.55000174418092,1.15092562874099,-0.16464466041383702
-16.84999928995967,52.55000174418092,1.1829316892012207,-0.2
-16.899999290704727,52.600001744925976,1.1729530422331924,-0.16464466041383702
-16.999999292194843,52.600001744925976,1.2300349859166906,-0.2
-17.0499992929399,52.650001745671034,1.2150971908950816,-0.2
-17.09999929368496,52.650001745671034,1.242220531676356,-0.16464466041383702
-17.149999294430017,52.70000174641609,1.2300349859166906,-0.2
-17.249999295920134,52.70000174641609,1.2916434112448485,-0.14999999925494195
-17.29999929666519,52.75000174716115,1.276482328024641,-0.16464466041383702
-17.34999929741025,52.75000174716115,1.2983324287040625,-0.12928932082767405
-17.399999298155308,52.80000174790621,1.276482328024641,-0.14999999925494195
-17.499999299645424,52.80000174790621,1.3264337749930102,-0.09393398124151106
-17.549999300390482,52.850001748651266,1.3116216683080153,-0.09999999850988388
-17.59999930113554,52.850001748651266,1.3402922030270783,-0.08819659945901004
-17.649999301880598,52.900001749396324,1.3206906552346112,-0.09999999850988388
-17.699999302625656,52.900001749396324,1.3435349270437755,-0.08819659945901004
-17.749999303370714,52.95000175014138,1.3206906552346112,-0.09393398124151106
-17.84999930486083,52.95000175014138,1.3692355060309525,-0.041886114635500564
-17.89999930560589,53.00000175088644,1.3532224798457249,-0.05857864165534806
-17.949999306350946,53.00000175088644,1.3811388536449942,-0.041886114635500564
-17.999999307096004,53.0500017516315,1.3652476075738595,-0.05857864165534806
-18.09999930858612,53.0500017516315,1.4124515736871104,0.006155284352836106
-18.14999930933118,53.100001752376556,1.3953056371262877,-0.019722433540455508
-18.249999310821295,53.100001752376556,1.45075742652012,0.006155284352836106
-18.299999311566353,53.150001753121614,1.4286497717590054,-0.019722433540455508
-18.449999313801527,53.150001753121614,1.476305486402919,0.0500000037252903
-18.499999314546585,53.20000175386667,1.4446884448476198,0.006155284352836106
-18.64999931678176,53.20000175386667,1.491892456780025,0.06925824436898563
-18.699999317526817,53.25000175461173,1.4620770386263438,0.0500000037252903
-18.799999319016933,53.25000175461173,1.5007351605124235,0.06925824436898563
-18.84999931976199,53.30000175535679,1.476305486402919,0.0500000037252903
-18.999999321997166,53.30000175535679,1.5240939906476687,0.11622777072899887
-19.049999322742224,53.35000175610185,1.491892456780025,0.09154759908666274
-19.199999324977398,53.35000175610185,1.5464249456810573,0.13541020162296988
-19.249999325722456,53.400001756846905,1.5219175614308271,0.11622777072899887
-19.39999932795763,53.400001756846905,1.57200454107186,0.16400549988813046
-19.449999328702688,53.45000175759196,1.5392527390094939,0.13541020162296988
-19.64999933168292,53.45000175759196,1.59513233385118,0.20311289342177757
-19.69999933242798,53.50000175833702,1.5585505657113425,0.16400549988813046
-19.89999933540821,53.50000175833702,1.606931126884637,0.21231056870567222
-19.94999933615327,53.55000175908208,1.57200454107186,0.18078866096738858
-20.549999345093966,53.55000175908208,1.7300259353215053,0.32201533322416204
-20.599999345839024,53.60000175982714,1.697366624373993,0.29244289742777607
