#x_m,y_m,w_tr_right_m,w_tr_left_m
-22.699999377131462,55.450001787394285,0.18078866096738858,0.9500000171363354
-22.74999937787652,55.40000178664923,0.21231056870567222,0.9011357936854637
-23.04999938234687,55.40000178664923,0.20000000596046447,0.9510864604746585
-23.099999383091927,55.35000178590417,0.22720019363165536,0.9045361181775966
-23.29999938607216,55.35000178590417,0.18078866096738858,0.9401754420890758
-23.349999386817217,55.30000178515911,0.21231056870567222,0.9045361181775966
-23.49999938905239,55.30000178515911,0.18078866096738858,0.9280514340771239
-23.54999938979745,55.25000178441405,0.21231056870567222,0.8920164996643914
-23.599999390542507,55.25000178441405,0.20311289342177757,0.906797197551496
-23.649999391287565,55.200001783668995,0.22720019363165536,0.8770329774759426
-23.699999392032623,55.200001783668995,0.20311289342177757,0.8920164996643914
-23.74999939277768,55.15000178292394,0.22720019363165536,0.8594810208083519
-23.849999394267797,55.15000178292394,0.18078866096738858,0.8965856263134644
-23.899999395012856,55.10000178217888,0.21231056870567222,0.8735455436762694
-23.949999395757914,55.10000178217888,0.20311289342177757,0.8920164996643914
-23.99999939650297,55.05000178143382,0.22720019363165536,0.8594810208083519
-24.099999397993088,55.05000178143382,0.18078866096738858,0.8965856263134644
-24.199999399483204,54.950001779943705,0.20311289342177757,0.8511898177453807
-24.249999400228262,54.950001779943705,0.18078866096738858,0.8735455436762694
-24.29999940097332,54.90000177919865,0.20311289342177757,0.8547511712034664
-24.349999401718378,54.90000177919865,0.18078866096738858,0.8816653987572671
-24.449999403208494,54.80000177770853,0.20311289342177757,0.8547511712034664
-24.499999403953552,54.80000177770853,0.18078866096738858,0.8816653987572671
-24.54999940469861,54.75000177696347,0.20311289342177757,0.8700467438965735
-24.59999940544367,54.75000177696347,0.18078866096738858,0.8977249363623835
-24.749999407678843,54.6000017747283,0.20311289342177757,0.8630145971136167
-24.7999994084239,54.6000017747283,0.18078866096738858,0.8965856263134644
-25.09999941289425,54.30000177025795,0.22426407503395576,0.8960155271710525
-25.149999413639307,54.30000177025795,0.1889087354477928,0.9313708667572156
-25.249999415129423,54.200001768767834,0.1889087354477928,0.9313708667572156
-25.249999415129423,54.150001768022776,0.22426407503395576,0.8965856263134644
-25.499999418854713,53.900001764297485,0.19051248961442216,0.9510864604746585
-25.499999418854713,53.85000176355243,0.22426407503395576,0.9236102694553091
-25.649999421089888,53.70000176131725,0.20311289342177757,0.966190396346651
-25.649999421089888,53.650001760572195,0.2301162697613631,0.9412712380575992
-25.699999421834946,53.60000175982714,0.22426407503395576,0.9629703522909092
-25.699999421834946,53.55000175908208,0.24721360216395982,0.9412712380575992
-25.749999422580004,53.50000175833702,0.22720019363165536,0.9629703522909092
-25.749999422580004,53.45000175759196,0.24721360216395982,0.9412712380575992
-25.799999423325062,53.400001756846905,0.22720019363165536,0.9629703522909092
-25.799999423325062,53.35000175610185,0.24721360216395982,0.9412712380575992
-25.84999942407012,53.30000175535679,0.2301162697613631,0.9629703522909092
-25.84999942407012,53.25000175461173,0.26097722973374027,0.9412712380575992
-25.899999424815178,53.20000175386667,0.22720019363165536,0.9629703522909092
-25.899999424815178,53.150001753121614,0.24721360216395982,0.9412712380575992
-25.949999425560236,53.100001752376556,0.22720019363165536,0.9629703522909092
-25.949999425560236,53.0500017516315,0.24721360216395982,0.9412712380575992
-25.999999426305294,53.00000175088644,0.21231056870567222,0.9629703522909092
-25.999999426305294,52.900001749396324,0.24721360216395982,0.9236102694553091
-26.049999427050352,52.850001748651266,0.22720019363165536,0.9543396552625206
-26.049999427050352,52.80000174790621,0.24721360216395982,0.9401754420890758
-26.09999942779541,52.75000174716115,0.20000000596046447,0.976860247130566
-26.09999942779541,52.55000174418092,0.24721360216395982,0.9280514340771239
-26.149999428540468,52.50000174343586,0.20311289342177757,0.9672617703864308
-26.149999428540468,52.350001741200686,0.24721360216395982,0.9236102694553091
-26.199999429285526,52.30000174045563,0.20311289342177757,0.9543396552625206
-26.199999429285526,52.20000173896551,0.22720019363165536,0.9280514340771239
-26.249999430030584,52.15000173822045,0.20000000596046447,0.9672617703864308
-26.249999430030584,51.95000173524022,0.24721360216395982,0.9401754420890758
-26.299999430775642,51.90000173449516,0.20000000596046447,0.976860247130566
-26.299999430775642,51.45000172778964,0.22720019363165536,0.9180340054098997
-26.3499994315207,51.40000172704458,0.20000000596046447,0.959741367755813
-26.3499994315207,50.900001719594,0.21231056870567222,0.9011357936854637
-26.39999943226576,50.850001718848944,0.18078866096738858,0.9500000171363354
-26.39999943226576,50.40000171214342,0.20000000596046447,0.9000000163912774
-26.449999433010817,50.35000171139836,0.15355339586162983,0.9401754420890758
-26.449999433010817,49.800001703202724,0.20000000596046447,0.9000000163912774
-26.499999433755875,49.750001702457666,0.15355339586162983,0.9401754420890758
-26.499999433755875,49.300001695752144,0.20000000596046447,0.9000000163912774
-26.549999434500933,49.250001695007086,0.15355339586162983,0.9500000171363354
-26.549999434500933,48.750001687556505,0.20000000596046447,0.9000000163912774
-26.59999943524599,48.70000168681145,0.15355339586162983,0.9500000171363354
-26.59999943524599,48.250001680105925,0.20000000596046447,0.9000000163912774
-26.64999943599105,48.20000167936087,0.15355339586162983,0.9500000171363354
-26.64999943599105,47.700001671910286,0.20000000596046447,0.9000000163912774
-26.699999436736107,47.65000167116523,0.15355339586162983,0.9500000171363354
-26.699999436736107,47.200001664459705,0.20000000596046447,0.9000000163912774
-26.749999437481165,47.15000166371465,0.15355339586162983,0.9500000171363354
-26.749999437481165,46.75000165775418,0.20000000596046447,0.9011357936854637
-26.799999438226223,46.700001657009125,0.15355339586162983,0.9401754420890758
-26.799999438226223,46.450001653283834,0.20000000596046447,0.8920164996643914
-26.84999943897128,46.400001652538776,0.1500000052154064,0.9280514340771239
-26.84999943897128,46.10000164806843,0.20311289342177757,0.8594810208083519
-26.89999943971634,46.05000164732337,0.16400549988813046,0.8920164996643914
-26.89999943971634,45.900001645088196,0.20000000596046447,0.8440306664483241
-26.949999440461397,45.85000164434314,0.15355339586162983,0.8793516733297382
-26.949999440461397,45.700001642107964,0.20311289342177757,0.8295630294403845
-26.999999441206455,45.650001641362906,0.18078866096738858,0.8511898177453807
-26.999999441206455,45.60000164061785,0.20311289342177757,0.8295630294403845
-27.049999441951513,45.55000163987279,0.16400549988813046,0.8511898177453807
-27.049999441951513,45.45000163838267,0.20311289342177757,0.8124228516521053
-27.14999944344163,45.35000163689256,0.160555132919089,0.8404326178378946
-27.14999944344163,45.3000016361475,0.18078866096738858,0.8124228516521053
-27.199999444186687,45.25000163540244,0.160555132919089,0.8295630294403845
-27.199999444186687,45.20000163465738,0.19051248961442216,0.8062306048689096
-27.34999944642186,45.05000163242221,0.160555132919089,0.8253048479987265
-27.34999944642186,45.00000163167715,0.19051248961442216,0.7899495084125635
-27.499999448657036,44.85000162944198,0.1889087354477928,0.7861541608606429
-27.549999449402094,44.85000162944198,0.15355339586162983,0.8124228516521053
-27.699999451637268,44.7000016272068,0.160555132919089,0.7708244064137908
-27.749999452382326,44.7000016272068,0.13541020162296988,0.8000000149011612
-27.8999994546175,44.55000162497163,0.18078866096738858,0.7617692174150451
-27.94999945536256,44.55000162497163,0.15355339586162983,0.7848857948555522
-27.999999456107616,44.50000162422657,0.160555132919089,0.7617692174150451
-28.049999456852674,44.50000162422657,0.13541020162296988,0.7848857948555522
-28.14999945834279,44.400001622736454,0.160555132919089,0.7394147254011668
-28.19999945908785,44.400001622736454,0.13541020162296988,0.7617692174150451
-28.249999459832907,44.350001621991396,0.16400549988813046,0.7433981272633877
-28.299999460577965,44.350001621991396,0.15355339586162983,0.7708244064137908
-28.349999461323023,44.30000162124634,0.18078866096738858,0.7604686499270252
-28.39999946206808,44.30000162124634,0.160555132919089,0.7823441498574933
-28.44999946281314,44.25000162050128,0.18078866096738858,0.7486833121869966
-28.549999464303255,44.25000162050128,0.15355339586162983,0.7823441498574933
-28.599999465048313,44.20000161975622,0.18078866096738858,0.7486833121869966
-28.69999946653843,44.20000161975622,0.13541020162296988,0.7823441498574933
-28.749999467283487,44.150001619011164,0.16400549988813046,0.7486833121869966
-28.849999468773603,44.150001619011164,0.1500000052154064,0.7823441498574933
-28.89999946951866,44.100001618266106,0.18078866096738858,0.7486833121869966
-29.049999471753836,44.100001618266106,0.1500000052154064,0.7962429571037405
-29.099999472498894,44.05000161752105,0.20000000596046447,0.7656604101808596
-29.249999474734068,44.05000161752105,0.15355339586162983,0.8124228516521053
-29.299999475479126,44.00000161677599,0.20000000596046447,0.7823441498574933
-29.4499994777143,44.00000161677599,0.15355339586162983,0.8198039179148193
-29.499999478459358,43.95000161603093,0.20000000596046447,0.7823441498574933
-29.69999948143959,43.95000161603093,0.1500000052154064,0.8198039179148193
-29.74999948218465,43.90000161528587,0.20000000596046447,0.7823441498574933
-29.94999948516488,43.90000161528587,0.1500000052154064,0.8198039179148193
-29.99999948590994,43.850001614540815,0.20000000596046447,0.7823441498574933
-30.24999948963523,43.850001614540815,0.1500000052154064,0.8307764217641807
-30.299999490380287,43.80000161379576,0.20000000596046447,0.7962429571037405
-30.49999949336052,43.80000161379576,0.1500000052154064,0.8307764217641807
-30.549999494105577,43.7500016130507,0.20000000596046447,0.7962429571037405
-30.74999949708581,43.7500016130507,0.1500000052154064,0.8307764217641807
-30.799999497830868,43.70000161230564,0.20000000596046447,0.7962429571037405
-30.9999995008111,43.70000161230564,0.1500000052154064,0.8307764217641807
-31.049999501556158,43.65000161156058,0.20000000596046447,0.7962429571037405
-31.24999950453639,43.65000161156058,0.1500000052154064,0.8198039179148193
-31.29999950528145,43.600001610815525,0.20000000596046447,0.7823441498574933
-31.54999950900674,43.600001610815525,0.1500000052154064,0.8307764217641807
-31.599999509751797,43.55000161007047,0.20000000596046447,0.7962429571037405
-31.79999951273203,43.55000161007047,0.1500000052154064,0.8307764217641807
-31.849999513477087,43.50000160932541,0.20000000596046447,0.7962429571037405
-32.04999951645732,43.50000160932541,0.1500000052154064,0.8307764217641807
-32.09999951720238,43.45000160858035,0.20000000596046447,0.7962429571037405
-32.29999952018261,43.45000160858035,0.1500000052154064,0.8307764217641807
-32.34999952092767,43.40000160783529,0.20000000596046447,0.7962429571037405
-32.79999952763319,43.40000160783529,0.1500000052154064,0.8547511712034664
-32.84999952837825,43.350001607090235,0.20000000596046447,0.8111874358757011
-33.34999953582883,43.350001607090235,0.1500000052154064,0.8920164996643914
-33.39999953657389,43.30000160634518,0.20000000596046447,0.8500000156462193
-33.84999954327941,43.30000160634518,0.1500000052154064,0.9045361181775966
-33.89999954402447,43.25000160560012,0.20000000596046447,0.8606601875848896
-34.34999955072999,43.25000160560012,0.1500000052154064,0.9280514340771239
-34.39999955147505,43.20000160485506,0.20000000596046447,0.8920164996643914
-34.749999556690454,43.20000160485506,0.1500000052154064,0.9401754420890758
-34.79999955743551,43.15000160411,0.20000000596046447,0.9000000163912774
-35.14999956265092,43.15000160411,0.15355339586162983,0.9401754420890758
-35.19999956339598,43.100001603364944,0.20000000596046447,0.9000000163912774
-35.44999956712127,43.100001603364944,0.15355339586162983,0.9280514340771239
-35.499999567866325,43.050001602619886,0.20000000596046447,0.8920164996643914
-35.69999957084656,43.050001602619886,0.15355339586162983,0.9180340054098997
-35.749999571591616,43.00000160187483,0.20000000596046447,0.8793516733297382
-35.999999575316906,43.00000160187483,0.1500000052154064,0.9180340054098997
-36.049999576061964,42.95000160112977,0.20000000596046447,0.8793516733297382
-36.249999579042196,42.95000160112977,0.15355339586162983,0.9101801821016996
-36.299999579787254,42.90000160038471,0.20000000596046447,0.8688779322491196
-36.49999958276749,42.90000160038471,0.15355339586162983,0.9045361181775966
-36.549999583512545,42.850001599639654,0.20000000596046447,0.8606601875848896
-36.74999958649278,42.850001599639654,0.15355339586162983,0.9011357936854637
-36.799999587237835,42.800001598894596,0.20000000596046447,0.8547511712034664
-36.94999958947301,42.800001598894596,0.16400549988813046,0.8793516733297382
-36.99999959021807,42.75000159814954,0.20311289342177757,0.8440306664483241
-37.09999959170818,42.75000159814954,0.16400549988813046,0.8688779322491196
-37.14999959245324,42.70000159740448,0.20311289342177757,0.8307764217641807
-37.24999959394336,42.70000159740448,0.16400549988813046,0.8594810208083519
-37.299999594688416,42.65000159665942,0.20311289342177757,0.8307764217641807
-37.349999595433474,42.65000159665942,0.18078866096738858,0.8440306664483241
-37.39999959617853,42.600001595914364,0.20311289342177757,0.8124228516521053
-37.49999959766865,42.600001595914364,0.16400549988813046,0.8440306664483241
-37.549999598413706,42.550001595169306,0.20311289342177757,0.8124228516521053
-37.64999959990382,42.550001595169306,0.16400549988813046,0.8440306664483241
-37.69999960064888,42.50000159442425,0.20311289342177757,0.8124228516521053
-37.799999602138996,42.50000159442425,0.16400549988813046,0.8440306664483241
-37.849999602884054,42.45000159367919,0.20311289342177757,0.8124228516521053
-37.89999960362911,42.45000159367919,0.18078866096738858,0.8307764217641807
-37.94999960437417,42.40000159293413,0.20311289342177757,0.7962429571037405
-38.049999605864286,42.40000159293413,0.16400549988813046,0.8307764217641807
-38.099999606609344,42.350001592189074,0.20311289342177757,0.7962429571037405
-38.19999960809946,42.350001592189074,0.16400549988813046,0.8307764217641807
-38.24999960884452,42.300001591444016,0.20311289342177757,0.7962429571037405
-38.349999610334635,42.300001591444016,0.16400549988813046,0.8307764217641807
-38.39999961107969,42.25000159069896,0.20311289342177757,0.8062306048689096
-38.44999961182475,42.25000159069896,0.18078866096738858,0.8295630294403845
-38.49999961256981,42.2000015899539,0.20311289342177757,0.8062306048689096
-38.54999961331487,42.2000015899539,0.18078866096738858,0.8295630294403845
-38.599999614059925,42.15000158920884,0.20311289342177757,0.8062306048689096
-38.64999961480498,42.15000158920884,0.18078866096738858,0.8295630294403845
-38.69999961555004,42.10000158846378,0.20311289342177757,0.8062306048689096
-38.7499996162951,42.10000158846378,0.18078866096738858,0.8295630294403845
-38.79999961704016,42.050001587718725,0.19051248961442216,0.8062306048689096
-38.849999617785215,42.050001587718725,0.160555132919089,0.8295630294403845
-38.89999961853027,42.00000158697367,0.18078866096738858,0.8062306048689096
-38.94999961927533,42.00000158697367,0.160555132919089,0.8295630294403845
-38.99999962002039,41.95000158622861,0.18078866096738858,0.8062306048689096
-39.04999962076545,41.95000158622861,0.160555132919089,0.8295630294403845
-39.099999621510506,41.90000158548355,0.18078866096738858,0.8124228516521053
-39.149999622255564,41.90000158548355,0.160555132919089,0.8404326178378946
-39.24999962374568,41.800001583993435,0.19051248961442216,0.8062306048689096
-39.29999962449074,41.800001583993435,0.160555132919089,0.8295630294403845
-39.349999625235796,41.75000158324838,0.18078866096738858,0.8062306048689096
-39.399999625980854,41.75000158324838,0.160555132919089,0.8295630294403845
-39.44999962672591,41.70000158250332,0.18078866096738858,0.8062306048689096
-39.49999962747097,41.70000158250332,0.160555132919089,0.8295630294403845
-39.54999962821603,41.65000158175826,0.18078866096738858,0.8124228516521053
-39.599999628961086,41.65000158175826,0.160555132919089,0.8404326178378946
-39.6999996304512,41.550001580268145,0.19051248961442216,0.825914241721473
-39.74999963119626,41.550001580268145,0.160555132919089,0.8547511712034664
-39.84999963268638,41.45000157877803,0.20311289342177757,0.8295630294403845
-39.899999633431435,41.45000157877803,0.18078866096738858,0.8547511712034664
-39.94999963417649,41.40000157803297,0.20311289342177757,0.8404326178378946
-39.99999963492155,41.40000157803297,0.18078866096738858,0.8700467438965735
-40.09999963641167,41.300001576542854,0.20311289342177757,0.8547511712034664
-40.149999637156725,41.300001576542854,0.18078866096738858,0.8816653987572671
-40.34999964013696,41.10000157356262,0.20311289342177757,0.8404326178378946
-40.399999640882015,41.10000157356262,0.18078866096738858,0.8700467438965735
-40.54999964311719,40.95000157132745,0.19051248961442216,0.8307764217641807
-40.59999964386225,40.95000157132745,0.160555132919089,0.8630145971136167
-40.74999964609742,40.800001569092274,0.19051248961442216,0.8295630294403845
-40.79999964684248,40.800001569092274,0.160555132919089,0.8547511712034664
-40.99999964982271,40.60000156611204,0.19051248961442216,0.8124228516521053
-41.04999965056777,40.60000156611204,0.160555132919089,0.8404326178378946
-41.249999653548,40.40000156313181,0.19051248961442216,0.8253048479987265
-41.29999965429306,40.40000156313181,0.160555132919089,0.8606601875848896
-41.54999965801835,40.15000155940652,0.20311289342177757,0.8606601875848896
-41.59999965876341,40.15000155940652,0.18078866096738858,0.8960155271710525
-42.34999966993928,39.40000154823065,0.18078866096738858,0.8960155271710525
-42.34999966993928,39.35000154748559,0.20311289342177757,0.8606601875848896
-43.09999968111515,38.60000153630972,0.18078866096738858,0.9011357936854637
-43.09999968111515,38.55000153556466,0.20311289342177757,0.8700467438965735
-43.29999968409538,38.35000153258443,0.18078866096738858,0.9011357936854637
-43.29999968409538,38.30000153183937,0.20311289342177757,0.8700467438965735
-43.44999968633056,38.1500015296042,0.18078866096738858,0.9011357936854637
-43.44999968633056,38.10000152885914,0.20311289342177757,0.8700467438965735
-43.54999968782067,38.00000152736902,0.18078866096738858,0.8965856263134644
-43.54999968782067,37.950001526623964,0.20311289342177757,0.8630145971136167
-43.64999968931079,37.85000152513385,0.18078866096738858,0.8816653987572671
-43.64999968931079,37.80000152438879,0.20311289342177757,0.8547511712034664
-43.79999969154596,37.650001522153616,0.18078866096738858,0.8816653987572671
-43.79999969154596,37.60000152140856,0.20311289342177757,0.8547511712034664
-43.89999969303608,37.50000151991844,0.18078866096738858,0.8700467438965735
-43.89999969303608,37.450001519173384,0.20311289342177757,0.8404326178378946
-44.09999969601631,37.25000151619315,0.160555132919089,0.8700467438965735
-44.09999969601631,37.20000151544809,0.19051248961442216,0.8404326178378946
-44.19999969750643,37.10000151395798,0.160555132919089,0.8630145971136167
-44.19999969750643,37.05000151321292,0.19051248961442216,0.8307764217641807
-44.3499996997416,36.900001510977745,0.160555132919089,0.8735455436762694
-44.3499996997416,36.85000151023269,0.19051248961442216,0.8511898177453807
-44.39999970048666,36.80000150948763,0.18078866096738858,0.8700467438965735
-44.39999970048666,36.75000150874257,0.20311289342177757,0.8404326178378946
-44.499999701976776,36.650001507252455,0.18078866096738858,0.8735455436762694
-44.499999701976776,36.6000015065074,0.20311289342177757,0.8511898177453807
-44.64999970421195,36.45000150427222,0.18078866096738858,0.9101801821016996
-44.64999970421195,36.400001503527164,0.20311289342177757,0.8816653987572671
-44.69999970495701,36.350001502782106,0.18078866096738858,0.8977249363623835
-44.69999970495701,36.30000150203705,0.20311289342177757,0.8735455436762694
-44.749999705702066,36.25000150129199,0.18078866096738858,0.8965856263134644
-44.749999705702066,36.20000150054693,0.20311289342177757,0.8735455436762694
-44.799999706447124,36.150001499801874,0.18078866096738858,0.8965856263134644
-44.799999706447124,36.100001499056816,0.20311289342177757,0.8735455436762694
-44.84999970719218,36.05000149831176,0.18078866096738858,0.8965856263134644
-44.84999970719218,36.0000014975667,0.20311289342177757,0.8700467438965735
-44.89999970793724,35.95000149682164,0.18078866096738858,0.8816653987572671
-44.89999970793724,35.900001496076584,0.20311289342177757,0.8547511712034664
-44.9499997086823,35.850001495331526,0.18078866096738858,0.8735455436762694
-44.9499997086823,35.80000149458647,0.20311289342177757,0.8511898177453807
-44.99999970942736,35.75000149384141,0.18078866096738858,0.8735455436762694
-44.99999970942736,35.70000149309635,0.20311289342177757,0.8511898177453807
-45.049999710172415,35.650001492351294,0.18078866096738858,0.8700467438965735
-45.049999710172415,35.600001491606236,0.20311289342177757,0.8404326178378946
-45.09999971091747,35.55000149086118,0.18078866096738858,0.8547511712034664
-45.09999971091747,35.50000149011612,0.20311289342177757,0.8295630294403845
-45.19999971240759,35.400001488626,0.160555132919089,0.8735455436762694
-45.19999971240759,35.350001487880945,0.19051248961442216,0.8511898177453807
-45.24999971315265,35.30000148713589,0.18078866096738858,0.8735455436762694
-45.24999971315265,35.25000148639083,0.20311289342177757,0.8511898177453807
-45.299999713897705,35.20000148564577,0.18078866096738858,0.8700467438965735
-45.299999713897705,35.15000148490071,0.20311289342177757,0.8404326178378946
-45.34999971464276,35.100001484155655,0.18078866096738858,0.8547511712034664
-45.34999971464276,35.0500014834106,0.20311289342177757,0.8295630294403845
-45.39999971538782,35.00000148266554,0.18078866096738858,0.8511898177453807
-45.39999971538782,34.95000148192048,0.20311289342177757,0.8295630294403845
-45.44999971613288,34.90000148117542,0.18078866096738858,0.8511898177453807
-45.44999971613288,34.850001480430365,0.20311289342177757,0.8295630294403845
-45.49999971687794,34.80000147968531,0.18078866096738858,0.8404326178378946
-45.49999971687794,34.75000147894025,0.20311289342177757,0.8124228516521053
-45.549999717622995,34.70000147819519,0.18078866096738858,0.8295630294403845
-45.549999717622995,34.65000147745013,0.20311289342177757,0.8062306048689096
-45.59999971836805,34.600001476705074,0.18078866096738858,0.8307764217641807
-45.59999971836805,34.550001475960016,0.20311289342177757,0.8124228516521053
-45.64999971911311,34.50000147521496,0.18078866096738858,0.8440306664483241
-45.64999971911311,34.4500014744699,0.20311289342177757,0.8295630294403845
-45.69999971985817,34.40000147372484,0.18078866096738858,0.8511898177453807
-45.69999971985817,34.350001472979784,0.20311289342177757,0.8307764217641807
-45.74999972060323,34.300001472234726,0.18078866096738858,0.8594810208083519
-45.74999972060323,34.25000147148967,0.20311289342177757,0.8440306664483241
-45.799999721348286,34.20000147074461,0.18078866096738858,0.8770329774759426
-45.799999721348286,34.15000146999955,0.20311289342177757,0.8594810208083519
-45.849999722093344,34.100001469254494,0.18078866096738858,0.8920164996643914
-45.849999722093344,34.00000146776438,0.21231056870567222,0.8511898177453807
-45.8999997228384,33.95000146701932,0.18078866096738858,0.8770329774759426
-45.8999997228384,33.8500014655292,0.21231056870567222,0.8440306664483241
-45.94999972358346,33.800001464784145,0.18078866096738858,0.8735455436762694
-45.94999972358346,33.70000146329403,0.21231056870567222,0.8307764217641807
-45.99999972432852,33.65000146254897,0.18078866096738858,0.8594810208083519
-45.99999972432852,33.60000146180391,0.20311289342177757,0.8440306664483241
-46.049999725073576,33.550001461058855,0.16400549988813046,0.8770329774759426
-46.049999725073576,33.45000145956874,0.20311289342177757,0.8440306664483241
-46.099999725818634,33.40000145882368,0.16400549988813046,0.8735455436762694
-46.099999725818634,33.300001457333565,0.20311289342177757,0.8307764217641807
-46.14999972656369,33.25000145658851,0.16400549988813046,0.8594810208083519
-46.14999972656369,33.15000145509839,0.20311289342177757,0.8307764217641807
-46.19999972730875,33.10000145435333,0.16400549988813046,0.8594810208083519
-46.19999972730875,33.000001452863216,0.20311289342177757,0.8295630294403845
-46.24999972805381,32.95000145211816,0.16400549988813046,0.8511898177453807
-46.24999972805381,32.85000145062804,0.20311289342177757,0.8124228516521053
-46.299999728798866,32.800001449882984,0.16400549988813046,0.8440306664483241
-46.299999728798866,32.70000144839287,0.20311289342177757,0.8124228516521053
-46.349999729543924,32.65000144764781,0.16400549988813046,0.8440306664483241
-46.349999729543924,32.550001446157694,0.20311289342177757,0.8062306048689096
-46.39999973028898,32.500001445412636,0.16400549988813046,0.8307764217641807
-46.39999973028898,32.40000144392252,0.20311289342177757,0.7962429571037405
-46.44999973103404,32.35000144317746,0.16400549988813046,0.8307764217641807
-46.44999973103404,32.250001441687346,0.20311289342177757,0.7962429571037405
-46.4999997317791,32.20000144094229,0.16400549988813046,0.8307764217641807
-46.4999997317791,32.10000143945217,0.20311289342177757,0.7962429571037405
-46.54999973252416,32.05000143870711,0.16400549988813046,0.8307764217641807
-46.54999973252416,31.950001437216997,0.20311289342177757,0.7962429571037405
-46.599999733269215,31.90000143647194,0.16400549988813046,0.8307764217641807
-46.599999733269215,31.800001434981823,0.20311289342177757,0.8111874358757011
-46.64999973401427,31.750001434236765,0.16400549988813046,0.8547511712034664
-46.64999973401427,31.65000143274665,0.20000000596046447,0.8307764217641807
-46.69999973475933,31.60000143200159,0.15355339586162983,0.8688779322491196
-46.69999973475933,31.450001429766417,0.20000000596046447,0.8440306664483241
-46.74999973550439,31.40000142902136,0.1500000052154064,0.8793516733297382
-46.74999973550439,31.150001425296068,0.20000000596046447,0.8198039179148193
-46.79999973624945,31.10000142455101,0.1500000052154064,0.8606601875848896
-46.79999973624945,30.900001421570778,0.20000000596046447,0.8198039179148193
-46.849999736994505,30.85000142082572,0.1500000052154064,0.8594810208083519
-46.849999736994505,30.60000141710043,0.20000000596046447,0.8049875770875707
-46.89999973773956,30.55000141635537,0.1500000052154064,0.8440306664483241
-46.89999973773956,30.35000141337514,0.20000000596046447,0.8049875770875707
-46.94999973848462,30.30000141263008,0.1500000052154064,0.8440306664483241
-46.94999973848462,30.05000140890479,0.20000000596046447,0.7823441498574933
-46.99999973922968,30.000001408159733,0.1500000052154064,0.8198039179148193
-46.99999973922968,29.750001404434443,0.20000000596046447,0.7708244064137908
-47.04999973997474,29.700001403689384,0.1500000052154064,0.8111874358757011
-47.04999973997474,29.500001400709152,0.20000000596046447,0.7962429571037405
-47.099999740719795,29.450001399964094,0.1500000052154064,0.8307764217641807
-47.099999740719795,29.200001396238804,0.20000000596046447,0.8000000149011612
-47.14999974146485,29.150001395493746,0.1500000052154064,0.8500000156462193
-47.14999974146485,28.80000139027834,0.20000000596046447,0.8440306664483241
-47.19999974220991,28.75000138953328,0.1500000052154064,0.8793516733297382
-47.19999974220991,27.700001373887062,0.20000000596046447,0.8000000149011612
-47.24999974295497,27.650001373142004,0.1500000052154064,0.8500000156462193
-47.24999974295497,26.550001356750727,0.20000000596046447,0.8307764217641807
-47.29999974370003,26.50000135600567,0.1500000052154064,0.8920164996643914
-47.29999974370003,26.45000135526061,0.1500000052154064,0.9000000163912774
-47.24999974295497,26.400001354515553,0.18078866096738858,0.8500000156462193
-47.24999974295497,25.850001346319914,0.1500000052154064,0.8606601875848896
-47.19999974220991,25.800001345574856,0.18078866096738858,0.8198039179148193
-47.19999974220991,25.250001337379217,0.1500000052154064,0.8500000156462193
-47.14999974146485,25.20000133663416,0.18078866096738858,0.8012492346448155
-47.14999974146485,24.65000132843852,0.1500000052154064,0.8500000156462193
-47.099999740719795,24.600001327693462,0.18078866096738858,0.8000000149011612
-47.099999740719795,24.050001319497824,0.1500000052154064,0.8547511712034664
-47.04999973997474,24.000001318752766,0.18078866096738858,0.8111874358757011
-47.04999973997474,23.65000131353736,0.1500000052154064,0.8793516733297382
-46.99999973922968,23.6000013127923,0.18078866096738858,0.8440306664483241
-46.99999973922968,23.40000130981207,0.1500000052154064,0.8793516733297382
-46.94999973848462,23.35000130906701,0.18078866096738858,0.8440306664483241
-46.94999973848462,23.15000130608678,0.1500000052154064,0.8688779322491196
-46.89999973773956,23.10000130534172,0.18078866096738858,0.8307764217641807
-46.89999973773956,22.950001303106546,0.1500000052154064,0.8606601875848896
-46.849999736994505,22.90000130236149,0.18078866096738858,0.8198039179148193
-46.849999736994505,22.700001299381256,0.1500000052154064,0.8606601875848896
-46.79999973624945,22.650001298636198,0.18078866096738858,0.8198039179148193
-46.79999973624945,22.450001295655966,0.1500000052154064,0.8606601875848896
-46.74999973550439,22.400001294910908,0.18078866096738858,0.8198039179148193
-46.74999973550439,22.200001291930676,0.1500000052154064,0.8606601875848896
-46.69999973475933,22.150001291185617,0.18078866096738858,0.8198039179148193
-46.69999973475933,22.000001288950443,0.1500000052154064,0.8547511712034664
-46.64999973401427,21.950001288205385,0.18078866096738858,0.8111874358757011
-46.64999973401427,21.750001285225153,0.1500000052154064,0.8547511712034664
-46.599999733269215,21.700001284480095,0.18078866096738858,0.8111874358757011
-46.599999733269215,21.500001281499863,0.1500000052154064,0.8547511712034664
-46.54999973252416,21.450001280754805,0.18078866096738858,0.8111874358757011
-46.54999973252416,21.250001277774572,0.1500000052154064,0.8594810208083519
-46.4999997317791,21.200001277029514,0.18078866096738858,0.8307764217641807
-46.4999997317791,21.05000127479434,0.1500000052154064,0.8770329774759426
-46.44999973103404,21.000001274049282,0.18078866096738858,0.8440306664483241
-46.44999973103404,20.850001271814108,0.1500000052154064,0.8793516733297382
-46.39999973028898,20.80000127106905,0.18078866096738858,0.8440306664483241
-46.39999973028898,20.650001268833876,0.1500000052154064,0.8920164996643914
-46.349999729543924,20.600001268088818,0.18078866096738858,0.8594810208083519
-46.349999729543924,20.5000012665987,0.15355339586162983,0.8793516733297382
-46.299999728798866,20.450001265853643,0.18078866096738858,0.8440306664483241
-46.299999728798866,20.350001264363527,0.15355339586162983,0.8770329774759426
-46.24999972805381,20.30000126361847,0.18078866096738858,0.8440306664483241
-46.24999972805381,20.25000126287341,0.160555132919089,0.8594810208083519
-46.19999972730875,20.200001262128353,0.18078866096738858,0.8307764217641807
-46.19999972730875,20.100001260638237,0.15355339586162983,0.8594810208083519
-46.14999972656369,20.05000125989318,0.18078866096738858,0.8198039179148193
-46.14999972656369,19.950001258403063,0.13541020162296988,0.8440306664483241
-46.099999725818634,19.900001257658005,0.16400549988813046,0.8124228516521053
-46.099999725818634,19.850001256912947,0.15355339586162983,0.8307764217641807
-46.049999725073576,19.80000125616789,0.18078866096738858,0.7962429571037405
-46.049999725073576,19.700001254677773,0.13541020162296988,0.8307764217641807
-45.99999972432852,19.650001253932714,0.16400549988813046,0.7962429571037405
-45.99999972432852,19.5500012524426,0.13541020162296988,0.8198039179148193
-45.94999972358346,19.50000125169754,0.160555132919089,0.7823441498574933
-45.94999972358346,19.450001250952482,0.13541020162296988,0.7962429571037405
-45.8999997228384,19.400001250207424,0.16400549988813046,0.7656604101808596
-45.8999997228384,19.300001248717308,0.13541020162296988,0.8062306048689096
-45.849999722093344,19.25000124797225,0.160555132919089,0.7823441498574933
-45.849999722093344,19.200001247227192,0.13541020162296988,0.7962429571037405
-45.799999721348286,19.150001246482134,0.160555132919089,0.7656604101808596
-45.799999721348286,19.050001244992018,0.11622777072899887,0.8062306048689096
-45.74999972060323,19.00000124424696,0.15355339586162983,0.7823441498574933
-45.74999972060323,18.9500012435019,0.13541020162296988,0.7962429571037405
-45.69999971985817,18.900001242756844,0.160555132919089,0.7656604101808596
-45.69999971985817,18.800001241266727,0.11622777072899887,0.8062306048689096
-45.64999971911311,18.75000124052167,0.15355339586162983,0.7823441498574933
-45.64999971911311,18.70000123977661,0.13541020162296988,0.7962429571037405
-45.59999971836805,18.650001239031553,0.160555132919089,0.7656604101808596
-45.59999971836805,18.550001237541437,0.11622777072899887,0.8062306048689096
-45.549999717622995,18.50000123679638,0.15355339586162983,0.7823441498574933
-45.549999717622995,18.45000123605132,0.13541020162296988,0.7962429571037405
-45.49999971687794,18.400001235306263,0.160555132919089,0.7656604101808596
-45.49999971687794,18.300001233816147,0.11622777072899887,0.7962429571037405
-45.44999971613288,18.25000123307109,0.15355339586162983,0.7656604101808596
-45.44999971613288,18.20000123232603,0.13541020162296988,0.7848857948555522
-45.39999971538782,18.150001231580973,0.160555132919089,0.7617692174150451
-45.39999971538782,18.050001230090857,0.11622777072899887,0.7962429571037405
-45.34999971464276,18.0000012293458,0.15355339586162983,0.7656604101808596
-45.34999971464276,17.95000122860074,0.13541020162296988,0.7848857948555522
-45.299999713897705,17.900001227855682,0.160555132919089,0.7617692174150451
-45.299999713897705,17.800001226365566,0.11622777072899887,0.7962429571037405
-45.24999971315265,17.750001225620508,0.13541020162296988,0.7656604101808596
-45.24999971315265,17.70000122487545,0.11622777072899887,0.7848857948555522
-45.19999971240759,17.650001224130392,0.15355339586162983,0.7617692174150451
-45.19999971240759,17.600001223385334,0.13541020162296988,0.7823441498574933
-45.14999971166253,17.550001222640276,0.160555132919089,0.7486833121869966
-45.14999971166253,17.45000122115016,0.11622777072899887,0.7848857948555522
-45.09999971091747,17.4000012204051,0.15355339586162983,0.7617692174150451
-45.09999971091747,17.350001219660044,0.13541020162296988,0.7823441498574933
-45.049999710172415,17.300001218914986,0.160555132919089,0.7486833121869966
-45.049999710172415,17.20000121742487,0.11622777072899887,0.7848857948555522
-44.99999970942736,17.15000121667981,0.15355339586162983,0.7617692174150451
-44.99999970942736,17.100001215934753,0.13541020162296988,0.7823441498574933
-44.9499997086823,17.050001215189695,0.160555132919089,0.7486833121869966
-44.9499997086823,16.95000121369958,0.11622777072899887,0.7848857948555522
-44.89999970793724,16.90000121295452,0.15355339586162983,0.7617692174150451
-44.89999970793724,16.850001212209463,0.13541020162296988,0.7823441498574933
-44.84999970719218,16.800001211464405,0.160555132919089,0.7486833121869966
-44.84999970719218,16.70000120997429,0.11622777072899887,0.7823441498574933
-44.799999706447124,16.65000120922923,0.15355339586162983,0.7486833121869966
-44.799999706447124,16.550001207739115,0.11622777072899887,0.7848857948555522
-44.749999705702066,16.500001206994057,0.13541020162296988,0.7617692174150451
-44.749999705702066,16.450001206249,0.11622777072899887,0.7823441498574933
-44.69999970495701,16.40000120550394,0.13541020162296988,0.7486833121869966
-44.69999970495701,16.350001204758883,0.11622777072899887,0.7656604101808596
-44.64999970421195,16.300001204013824,0.15355339586162983,0.7394147254011668
-44.64999970421195,16.20000120252371,0.11622777072899887,0.7823441498574933
-44.59999970346689,16.15000120177865,0.13541020162296988,0.7486833121869966
-44.59999970346689,16.100001201033592,0.11622777072899887,0.7656604101808596
-44.549999702721834,16.050001200288534,0.15355339586162983,0.7394147254011668
-44.549999702721834,15.950001198798418,0.11622777072899887,0.7823441498574933
-44.499999701976776,15.90000119805336,0.13541020162296988,0.7486833121869966
-44.499999701976776,15.850001197308302,0.11622777072899887,0.7656604101808596
-44.44999970123172,15.800001196563244,0.15355339586162983,0.7394147254011668
-44.44999970123172,15.700001195073128,0.11622777072899887,0.7848857948555522
-44.39999970048666,15.65000119432807,0.13541020162296988,0.7617692174150451
-44.39999970048666,15.600001193583012,0.11622777072899887,0.7848857948555522
-44.3499996997416,15.550001192837954,0.15355339586162983,0.7617692174150451
-44.3499996997416,15.500001192092896,0.13541020162296988,0.7823441498574933
-44.299999698996544,15.450001191347837,0.160555132919089,0.7486833121869966
-44.299999698996544,15.350001189857721,0.11622777072899887,0.7848857948555522
-44.249999698251486,15.300001189112663,0.15355339586162983,0.7617692174150451
-44.249999698251486,15.250001188367605,0.13541020162296988,0.7848857948555522
-44.19999969750643,15.200001187622547,0.160555132919089,0.7617692174150451
-44.19999969750643,15.100001186132431,0.11622777072899887,0.7962429571037405
-44.14999969676137,15.050001185387373,0.15355339586162983,0.7656604101808596
-44.14999969676137,15.000001184642315,0.13541020162296988,0.7848857948555522
-44.09999969601631,14.950001183897257,0.160555132919089,0.7617692174150451
-44.09999969601631,14.85000118240714,0.11622777072899887,0.8062306048689096
-44.049999695271254,14.800001181662083,0.13541020162296988,0.7848857948555522
-44.049999695271254,14.750001180917025,0.11622777072899887,0.8062306048689096
-43.999999694526196,14.700001180171967,0.15355339586162983,0.7823441498574933
-43.999999694526196,14.650001179426908,0.13541020162296988,0.7962429571037405
-43.94999969378114,14.60000117868185,0.160555132919089,0.7656604101808596
-43.94999969378114,14.500001177191734,0.11622777072899887,0.8062306048689096
-43.89999969303608,14.450001176446676,0.15355339586162983,0.7848857948555522
-43.89999969303608,14.400001175701618,0.13541020162296988,0.8062306048689096
-43.84999969229102,14.35000117495656,0.160555132919089,0.7848857948555522
-43.84999969229102,14.300001174211502,0.13541020162296988,0.8062306048689096
-43.79999969154596,14.250001173466444,0.16400549988813046,0.7823441498574933
-43.79999969154596,14.150001171976328,0.13541020162296988,0.8124228516521053
-43.749999690800905,14.10000117123127,0.160555132919089,0.7848857948555522
-43.749999690800905,14.050001170486212,0.13541020162296988,0.8062306048689096
-43.69999969005585,14.000001169741154,0.16400549988813046,0.7848857948555522
-43.69999969005585,13.950001168996096,0.15355339586162983,0.8062306048689096
-43.64999968931079,13.900001168251038,0.18078866096738858,0.7823441498574933
-43.64999968931079,13.800001166760921,0.13541020162296988,0.8124228516521053
-43.59999968856573,13.750001166015863,0.16400549988813046,0.7848857948555522
-43.59999968856573,13.700001165270805,0.15355339586162983,0.8062306048689096
-43.54999968782067,13.650001164525747,0.18078866096738858,0.7848857948555522
-43.54999968782067,13.550001163035631,0.13541020162296988,0.8295630294403845
-43.499999687075615,13.500001162290573,0.160555132919089,0.8062306048689096
-43.499999687075615,13.450001161545515,0.13541020162296988,0.8295630294403845
-43.44999968633056,13.400001160800457,0.16400549988813046,0.7962429571037405
-43.44999968633056,13.350001160055399,0.15355339586162983,0.8124228516521053
-43.3999996855855,13.30000115931034,0.18078866096738858,0.7848857948555522
-43.3999996855855,13.200001157820225,0.13541020162296988,0.8295630294403845
-43.34999968484044,13.150001157075167,0.16400549988813046,0.8062306048689096
-43.34999968484044,13.100001156330109,0.15355339586162983,0.8295630294403845
-43.29999968409538,13.05000115558505,0.18078866096738858,0.7962429571037405
-43.29999968409538,12.950001154094934,0.13541020162296988,0.8307764217641807
-43.249999683350325,12.900001153349876,0.16400549988813046,0.8062306048689096
-43.249999683350325,12.850001152604818,0.15355339586162983,0.8295630294403845
-43.19999968260527,12.80000115185976,0.18078866096738858,0.8062306048689096
-43.19999968260527,12.700001150369644,0.13541020162296988,0.8511898177453807
-43.14999968186021,12.650001149624586,0.16400549988813046,0.8295630294403845
-43.14999968186021,12.600001148879528,0.15355339586162983,0.8440306664483241
-43.09999968111515,12.55000114813447,0.18078866096738858,0.8124228516521053
-43.09999968111515,12.450001146644354,0.13541020162296988,0.8511898177453807
-43.04999968037009,12.400001145899296,0.16400549988813046,0.8295630294403845
-43.04999968037009,12.350001145154238,0.15355339586162983,0.8511898177453807
-42.999999679625034,12.30000114440918,0.18078866096738858,0.8295630294403845
-42.999999679625034,12.250001143664122,0.160555132919089,0.8511898177453807
-42.949999678879976,12.200001142919064,0.18078866096738858,0.8295630294403845
-42.949999678879976,12.150001142174006,0.160555132919089,0.8440306664483241
-42.89999967813492,12.100001141428947,0.18078866096738858,0.8124228516521053
-42.89999967813492,12.000001139938831,0.15355339586162983,0.8511898177453807
-42.84999967738986,11.950001139193773,0.18078866096738858,0.8295630294403845
-42.84999967738986,11.900001138448715,0.160555132919089,0.8511898177453807
-42.7999996766448,11.850001137703657,0.18078866096738858,0.8295630294403845
-42.7999996766448,11.750001136213541,0.15355339586162983,0.8594810208083519
-42.749999675899744,11.700001135468483,0.18078866096738858,0.8307764217641807
-42.749999675899744,11.650001134723425,0.160555132919089,0.8511898177453807
-42.699999675154686,11.600001133978367,0.18078866096738858,0.8295630294403845
-42.699999675154686,11.50000113248825,0.15355339586162983,0.8735455436762694
-42.64999967440963,11.450001131743193,0.18078866096738858,0.8511898177453807
-42.64999967440963,11.400001130998135,0.160555132919089,0.8735455436762694
-42.59999967366457,11.350001130253077,0.18078866096738858,0.8440306664483241
-42.59999967366457,11.25000112876296,0.15355339586162983,0.8770329774759426
-42.54999967291951,11.200001128017902,0.18078866096738858,0.8511898177453807
-42.54999967291951,11.150001127272844,0.160555132919089,0.8735455436762694
-42.499999672174454,11.100001126527786,0.18078866096738858,0.8511898177453807
-42.499999672174454,11.00000112503767,0.15355339586162983,0.8920164996643914
-42.449999671429396,10.950001124292612,0.18078866096738858,0.8594810208083519
-42.449999671429396,10.900001123547554,0.160555132919089,0.8770329774759426
-42.39999967068434,10.850001122802496,0.18078866096738858,0.8511898177453807
-42.39999967068434,10.800001122057438,0.160555132919089,0.8735455436762694
-42.34999966993928,10.75000112131238,0.18078866096738858,0.8511898177453807
-42.34999966993928,10.700001120567322,0.16400549988813046,0.8735455436762694
-42.29999966919422,10.650001119822264,0.20311289342177757,0.8511898177453807
-42.29999966919422,10.550001118332148,0.160555132919089,0.8920164996643914
-42.24999966844916,10.50000111758709,0.18078866096738858,0.8594810208083519
-42.24999966844916,10.450001116842031,0.16400549988813046,0.8770329774759426
-42.199999667704105,10.400001116096973,0.20311289342177757,0.8511898177453807
-42.199999667704105,10.300001114606857,0.160555132919089,0.8965856263134644
-42.14999966695905,10.2500011138618,0.18078866096738858,0.8735455436762694
-42.14999966695905,10.200001113116741,0.16400549988813046,0.8920164996643914
-42.09999966621399,10.150001112371683,0.20311289342177757,0.8594810208083519
-42.09999966621399,10.050001110881567,0.160555132919089,0.8965856263134644
-42.04999966546893,10.000001110136509,0.18078866096738858,0.8735455436762694
-42.04999966546893,9.95000110939145,0.16400549988813046,0.8965856263134644
-41.99999966472387,9.900001108646393,0.20311289342177757,0.8735455436762694
-41.99999966472387,9.800001107156277,0.160555132919089,0.9180340054098997
-41.949999663978815,9.750001106411219,0.18078866096738858,0.8920164996643914
-41.949999663978815,9.70000110566616,0.16400549988813046,0.906797197551496
-41.89999966323376,9.650001104921103,0.20311289342177757,0.8770329774759426
-41.89999966323376,9.550001103430986,0.160555132919089,0.9180340054098997
-41.8499996624887,9.500001102685928,0.18078866096738858,0.8965856263134644
-41.8499996624887,9.45000110194087,0.16400549988813046,0.9180340054098997
-41.79999966174364,9.400001101195812,0.20311289342177757,0.8965856263134644
-41.79999966174364,9.350001100450754,0.18078866096738858,0.9180340054098997
-41.74999966099858,9.300001099705696,0.20311289342177757,0.8920164996643914
-41.74999966099858,9.250001098960638,0.18078866096738858,0.906797197551496
-41.699999660253525,9.20000109821558,0.20311289342177757,0.8770329774759426
-41.699999660253525,9.100001096725464,0.16400549988813046,0.9180340054098997
-41.64999965950847,9.050001095980406,0.20311289342177757,0.8965856263134644
-41.64999965950847,9.000001095235348,0.18078866096738858,0.9180340054098997
-41.59999965876341,8.95000109449029,0.20311289342177757,0.8920164996643914
-41.59999965876341,8.850001093000174,0.16400549988813046,0.9236102694553091
-41.54999965801835,8.800001092255116,0.20311289342177757,0.8965856263134644
-41.54999965801835,8.750001091510057,0.18078866096738858,0.9180340054098997
-41.49999965727329,8.700001090765,0.20311289342177757,0.8965856263134644
-41.49999965727329,8.600001089274883,0.16400549988813046,0.9412712380575992
-41.449999656528234,8.550001088529825,0.20311289342177757,0.9180340054098997
-41.449999656528234,8.500001087784767,0.18078866096738858,0.9401754420890758
-41.399999655783176,8.450001087039709,0.20311289342177757,0.906797197551496
-41.399999655783176,8.350001085549593,0.16400549988813046,0.9423659829021658
-41.34999965503812,8.300001084804535,0.20311289342177757,0.9180340054098997
-41.34999965503812,8.250001084059477,0.18078866096738858,0.9412712380575992
-41.29999965429306,8.200001083314419,0.20311289342177757,0.9180340054098997
-41.29999965429306,8.15000108256936,0.18078866096738858,0.9401754420890758
-41.249999653548,8.100001081824303,0.21231056870567222,0.906797197551496
-41.249999653548,8.000001080334187,0.18078866096738858,0.9423659829021658
-41.199999652802944,7.9500010795891285,0.20311289342177757,0.9180340054098997
-41.199999652802944,7.90000107884407,0.18078866096738858,0.9412712380575992
-41.149999652057886,7.850001078099012,0.20311289342177757,0.9180340054098997
-41.149999652057886,7.800001077353954,0.18078866096738858,0.9412712380575992
-41.09999965131283,7.750001076608896,0.21231056870567222,0.9180340054098997
-41.09999965131283,7.65000107511878,0.18078866096738858,0.9543396552625206
-41.04999965056777,7.600001074373722,0.20311289342177757,0.9236102694553091
-41.04999965056777,7.550001073628664,0.18078866096738858,0.9423659829021658
-40.99999964982271,7.500001072883606,0.21231056870567222,0.9180340054098997
-40.99999964982271,7.40000107139349,0.18078866096738858,0.9629703522909092
-40.949999649077654,7.350001070648432,0.20311289342177757,0.9401754420890758
-40.949999649077654,7.300001069903374,0.18078866096738858,0.9543396552625206
-40.899999648332596,7.250001069158316,0.21231056870567222,0.9236102694553091
-40.899999648332596,7.1500010676681995,0.18078866096738858,0.9629703522909092
-40.84999964758754,7.1000010669231415,0.20311289342177757,0.9412712380575992
-40.84999964758754,7.050001066178083,0.18078866096738858,0.9629703522909092
-40.79999964684248,7.000001065433025,0.21231056870567222,0.9412712380575992
-40.79999964684248,6.950001064687967,0.20311289342177757,0.9629703522909092
-40.74999964609742,6.900001063942909,0.22720019363165536,0.9401754420890758
-40.74999964609742,6.800001062452793,0.18078866096738858,0.9704700085133247
-40.699999645352364,6.750001061707735,0.21231056870567222,0.9423659829021658
-40.699999645352364,6.700001060962677,0.20311289342177757,0.9629703522909092
-40.649999644607306,6.650001060217619,0.22720019363165536,0.9412712380575992
-40.649999644607306,6.550001058727503,0.18078866096738858,0.9853269767757179
-40.59999964386225,6.500001057982445,0.20311289342177757,0.9629703522909092
-40.59999964386225,6.450001057237387,0.18078866096738858,0.9853269767757179
-40.54999964311719,6.400001056492329,0.21231056870567222,0.9543396552625206
-40.54999964311719,6.350001055747271,0.20311289342177757,0.9704700085133247
-40.49999964237213,6.3000010550022125,0.22720019363165536,0.9423659829021658
-40.49999964237213,6.200001053512096,0.18078866096738858,0.9853269767757179
-40.44999964162707,6.150001052767038,0.21231056870567222,0.9629703522909092
-40.44999964162707,6.10000105202198,0.20311289342177757,0.9853269767757179
-40.399999640882015,6.050001051276922,0.22720019363165536,0.9543396552625206
-40.399999640882015,6.000001050531864,0.20311289342177757,0.9704700085133247
-40.34999964013696,5.950001049786806,0.22720019363165536,0.9423659829021658
-40.34999964013696,5.85000104829669,0.20311289342177757,0.9853269767757179
-40.2999996393919,5.800001047551632,0.22720019363165536,0.9629703522909092
-40.2999996393919,5.750001046806574,0.20311289342177757,0.9853269767757179
-40.24999963864684,5.700001046061516,0.22720019363165536,0.9629703522909092
-40.24999963864684,5.6000010445714,0.20311289342177757,1.0020815459295414
-40.19999963790178,5.550001043826342,0.22720019363165536,0.9704700085133247
-40.19999963790178,5.500001043081284,0.20311289342177757,0.9884864501102992
-40.149999637156725,5.4500010423362255,0.22720019363165536,0.9629703522909092
-40.149999637156725,5.350001040846109,0.20311289342177757,1.008304615364599
-40.09999963641167,5.300001040101051,0.22720019363165536,0.9853269767757179
-40.09999963641167,5.250001039355993,0.20311289342177757,1.0020815459295414
-40.04999963566661,5.200001038610935,0.22720019363165536,0.9704700085133247
-40.04999963566661,5.100001037120819,0.20311289342177757,1.008304615364599
-39.99999963492155,5.050001036375761,0.22720019363165536,0.9853269767757179
-39.99999963492155,5.000001035630703,0.20311289342177757,1.008304615364599
-39.94999963417649,4.950001034885645,0.22720019363165536,0.9853269767757179
-39.94999963417649,4.900001034140587,0.20311289342177757,1.008304615364599
-39.899999633431435,4.850001033395529,0.22720019363165536,0.9853269767757179
-39.899999633431435,4.750001031905413,0.20311289342177757,1.0175795843319415
-39.84999963268638,4.700001031160355,0.22720019363165536,0.9884864501102992
-39.84999963268638,4.6500010304152966,0.20311289342177757,1.008304615364599
-39.79999963194132,4.6000010296702385,0.22720019363165536,0.9853269767757179
-39.79999963194132,4.500001028180122,0.20311289342177757,1.0298374059508897
-39.74999963119626,4.450001027435064,0.22720019363165536,1.008304615364599
-39.74999963119626,4.400001026690006,0.20311289342177757,1.0298374059508897
-39.6999996304512,4.350001025944948,0.22720019363165536,1.0020815459295414
-39.6999996304512,4.250001024454832,0.20311289342177757,1.0349089219244234
-39.649999629706144,4.200001023709774,0.22720019363165536,1.008304615364599
-39.649999629706144,4.150001022964716,0.20311289342177757,1.0298374059508897
-39.599999628961086,4.100001022219658,0.22720019363165536,1.008304615364599
-39.599999628961086,4.0500010214746,0.21231056870567222,1.0298374059508897
-39.54999962821603,4.000001020729542,0.24721360216395982,1.0020815459295414
-39.54999962821603,3.9000010192394257,0.20311289342177757,1.0349089219244234
-39.49999962747097,3.8500010184943676,0.22720019363165536,1.008304615364599
-39.49999962747097,3.8000010177493095,0.21231056870567222,1.0298374059508897
-39.44999962672591,3.7500010170042515,0.24721360216395982,1.008304615364599
-39.44999962672591,3.7000010162591934,0.22720019363165536,1.0298374059508897
-39.399999625980854,3.6500010155141354,0.24721360216395982,1.008304615364599
-39.399999625980854,3.6000010147690773,0.22720019363165536,1.0298374059508897
-39.349999625235796,3.5500010140240192,0.24721360216395982,1.0020815459295414
-39.349999625235796,3.450001012533903,0.21231056870567222,1.0349089219244234
-39.29999962449074,3.400001011788845,0.24721360216395982,1.008304615364599
-39.29999962449074,3.350001011043787,0.22720019363165536,1.0298374059508897
-39.24999962374568,3.300001010298729,0.24721360216395982,1.008304615364599
-39.24999962374568,3.200001008808613,0.21231056870567222,1.0500000186264515
-39.19999962300062,3.1500010080635548,0.24721360216395982,1.0175795843319415
-39.19999962300062,3.1000010073184967,0.22720019363165536,1.0349089219244234
-39.149999622255564,3.0500010065734386,0.24721360216395982,1.008304615364599
-39.149999622255564,2.9500010050833225,0.21231056870567222,1.0500000186264515
-39.099999621510506,2.9000010043382645,0.24721360216395982,1.0175795843319415
-39.099999621510506,2.8500010035932064,0.22720019363165536,1.0349089219244234
-39.04999962076545,2.8000010028481483,0.24721360216395982,1.008304615364599
-39.04999962076545,2.7000010013580322,0.21231056870567222,1.0500000186264515
-38.99999962002039,2.650001000612974,0.24721360216395982,1.0175795843319415
-38.99999962002039,2.600000999867916,0.22720019363165536,1.0349089219244234
-38.94999961927533,2.550000999122858,0.24721360216395982,1.008304615364599
-38.94999961927533,2.450000997632742,0.21231056870567222,1.0500000186264515
-38.89999961853027,2.400000996887684,0.24721360216395982,1.0175795843319415
-38.89999961853027,2.350000996142626,0.22720019363165536,1.0349089219244234
-38.849999617785215,2.3000009953975677,0.24721360216395982,1.008304615364599
-38.849999617785215,2.2500009946525097,0.22720019363165536,1.0298374059508897
-38.79999961704016,2.2000009939074516,0.24721360216395982,1.0020815459295414
-38.79999961704016,2.1000009924173355,0.21231056870567222,1.0349089219244234
-38.7499996162951,2.0500009916722775,0.24721360216395982,1.008304615364599
-38.7499996162951,2.0000009909272194,0.22720019363165536,1.0298374059508897
-38.69999961555004,1.9500009901821613,0.24721360216395982,1.0020815459295414
-38.69999961555004,1.8500009886920452,0.21231056870567222,1.0349089219244234
-38.64999961480498,1.8000009879469872,0.24721360216395982,1.008304615364599
-38.64999961480498,1.750000987201929,0.22720019363165536,1.0298374059508897
-38.599999614059925,1.700000986456871,0.24721360216395982,1.0020815459295414
-38.599999614059925,1.600000984966755,0.21231056870567222,1.0349089219244234
-38.54999961331487,1.5500009842216969,0.24721360216395982,1.008304615364599
-38.54999961331487,1.5000009834766388,0.22720019363165536,1.0298374059508897
-38.49999961256981,1.4500009827315807,0.24721360216395982,1.0020815459295414
-38.49999961256981,1.3500009812414646,0.21231056870567222,1.0349089219244234
-38.44999961182475,1.3000009804964066,0.24721360216395982,1.008304615364599
-38.44999961182475,1.2500009797513485,0.22720019363165536,1.0298374059508897
-38.39999961107969,1.2000009790062904,0.24721360216395982,1.0020815459295414
-38.39999961107969,1.1000009775161743,0.21231056870567222,1.0349089219244234
-38.349999610334635,1.0500009767711163,0.24721360216395982,1.008304615364599
-38.349999610334635,1.0000009760260582,0.22720019363165536,1.0298374059508897
-38.29999960958958,0.9500009752810001,0.24721360216395982,1.0020815459295414
-38.29999960958958,0.850000973790884,0.20311289342177757,1.0349089219244234
-38.24999960884452,0.800000973045826,0.22720019363165536,1.008304615364599
-38.24999960884452,0.7500009723007679,0.21231056870567222,1.0298374059508897
-38.19999960809946,0.7000009715557098,0.24721360216395982,1.0020815459295414
-38.19999960809946,0.6000009700655937,0.20311289342177757,1.0349089219244234
-38.1499996073544,0.5500009693205357,0.22720019363165536,1.008304615364599
-38.1499996073544,0.5000009685754776,0.21231056870567222,1.0298374059508897
-38.099999606609344,0.45000096783041954,0.24721360216395982,1.0020815459295414
-38.099999606609344,0.3500009663403034,0.20311289342177757,1.0349089219244234
-38.049999605864286,0.30000096559524536,0.22720019363165536,1.008304615364599
-38.049999605864286,0.2500009648501873,0.21231056870567222,1.0298374059508897
-37.99999960511923,0.20000096410512924,0.24721360216395982,1.0020815459295414
-37.99999960511923,0.10000096261501312,0.20311289342177757,1.0349089219244234
-37.94999960437417,0.05000096186995506,0.22720019363165536,1.008304615364599
-37.94999960437417,9.611248970031738e-07,0.21231056870567222,1.0298374059508897
-37.89999960362911,-0.049999039620161057,0.24721360216395982,1.0020815459295414
-37.89999960362911,-0.14999904111027718,0.20311289342177757,1.0349089219244234
-37.849999602884054,-0.19999904185533524,0.22720019363165536,1.008304615364599
-37.849999602884054,-0.2499990426003933,0.21231056870567222,1.0298374059508897
-37.799999602138996,-0.29999904334545135,0.24721360216395982,1.0020815459295414
-37.799999602138996,-0.3999990448355675,0.20311289342177757,1.0349089219244234
-37.74999960139394,-0.44999904558062553,0.22720019363165536,1.008304615364599
-37.74999960139394,-0.4999990463256836,0.21231056870567222,1.0298374059508897
-37.69999960064888,-0.5499990470707417,0.24721360216395982,1.0020815459295414
-37.69999960064888,-0.6499990485608578,0.20311289342177757,1.0349089219244234
-37.64999959990382,-0.6999990493059158,0.22720019363165536,1.008304615364599
-37.64999959990382,-0.7499990500509739,0.20311289342177757,1.0298374059508897
-37.599999599158764,-0.799999050796032,0.22720019363165536,1.0020815459295414
-37.599999599158764,-0.8999990522861481,0.20311289342177757,1.0349089219244234
-37.549999598413706,-0.9499990530312061,0.22720019363165536,1.008304615364599
-37.549999598413706,-0.9999990537762642,0.20311289342177757,1.0298374059508897
-37.49999959766865,-1.0499990545213223,0.22720019363165536,1.0020815459295414
-37.49999959766865,-1.1499990560114384,0.20311289342177757,1.0349089219244234
-37.44999959692359,-1.1999990567564964,0.22720019363165536,1.008304615364599
-37.44999959692359,-1.2499990575015545,0.20311289342177757,1.0298374059508897
-37.39999959617853,-1.2999990582466125,0.22720019363165536,1.0020815459295414
-37.39999959617853,-1.3999990597367287,0.20311289342177757,1.0349089219244234
-37.349999595433474,-1.4499990604817867,0.22720019363165536,1.008304615364599
-37.349999595433474,-1.4999990612268448,0.20311289342177757,1.0298374059508897
-37.299999594688416,-1.5499990619719028,0.22720019363165536,1.0020815459295414
-37.299999594688416,-1.649999063462019,0.20311289342177757,1.0349089219244234
-37.24999959394336,-1.699999064207077,0.22720019363165536,1.008304615364599
-37.24999959394336,-1.749999064952135,0.20311289342177757,1.0298374059508897
-37.1999995931983,-1.7999990656971931,0.22720019363165536,1.0020815459295414
-37.1999995931983,-1.8999990671873093,0.20311289342177757,1.0349089219244234
-37.14999959245324,-1.9499990679323673,0.22720019363165536,1.008304615364599
-37.14999959245324,-1.9999990686774254,0.20311289342177757,1.0298374059508897
-37.09999959170818,-2.0499990694224834,0.22720019363165536,1.0020815459295414
-37.09999959170818,-2.0999990701675415,0.20311289342177757,1.0175795843319415
-37.049999590963125,-2.1499990709125996,0.22720019363165536,0.9884864501102992
-37.049999590963125,-2.2499990724027157,0.20311289342177757,1.0298374059508897
-36.99999959021807,-2.2999990731477737,0.22720019363165536,1.0020815459295414
-36.99999959021807,-2.349999073892832,0.20311289342177757,1.0175795843319415
-36.94999958947301,-2.39999907463789,0.22720019363165536,0.9884864501102992
-36.94999958947301,-2.499999076128006,0.20311289342177757,1.0298374059508897
-36.89999958872795,-2.549999076873064,0.22720019363165536,1.0020815459295414
-36.89999958872795,-2.599999077618122,0.20311289342177757,1.0175795843319415
-36.84999958798289,-2.64999907836318,0.22720019363165536,0.9884864501102992
-36.84999958798289,-2.7499990798532963,0.20311289342177757,1.0298374059508897
-36.799999587237835,-2.7999990805983543,0.22720019363165536,1.0020815459295414
-36.799999587237835,-2.8499990813434124,0.20311289342177757,1.0175795843319415
-36.74999958649278,-2.8999990820884705,0.22720019363165536,0.9884864501102992
-36.74999958649278,-2.9999990835785866,0.20311289342177757,1.0298374059508897
-36.69999958574772,-3.0499990843236446,0.22720019363165536,1.0020815459295414
-36.69999958574772,-3.0999990850687027,0.20311289342177757,1.0175795843319415
-36.64999958500266,-3.1499990858137608,0.22720019363165536,0.9884864501102992
-36.64999958500266,-3.249999087303877,0.20311289342177757,1.0298374059508897
-36.5999995842576,-3.299999088048935,0.22720019363165536,1.008304615364599
-36.5999995842576,-3.349999088793993,0.20311289342177757,1.0298374059508897
-36.549999583512545,-3.399999089539051,0.22720019363165536,1.0020815459295414
-36.549999583512545,-3.449999090284109,0.20311289342177757,1.0175795843319415
-36.49999958276749,-3.499999091029167,0.22720019363165536,0.9884864501102992
-36.49999958276749,-3.5999990925192833,0.20311289342177757,1.0298374059508897
-36.44999958202243,-3.6499990932643414,0.22720019363165536,1.0020815459295414
-36.44999958202243,-3.6999990940093994,0.20311289342177757,1.0175795843319415
-36.39999958127737,-3.7499990947544575,0.22720019363165536,0.9884864501102992
-36.39999958127737,-3.8499990962445736,0.20311289342177757,1.0298374059508897
-36.34999958053231,-3.8999990969896317,0.22720019363165536,1.0020815459295414
-36.34999958053231,-3.9499990977346897,0.20311289342177757,1.0175795843319415
-36.299999579787254,-3.9999990984797478,0.22720019363165536,0.9884864501102992
-36.299999579787254,-4.099999099969864,0.20311289342177757,1.0298374059508897
-36.249999579042196,-4.149999100714922,0.22720019363165536,1.0020815459295414
-36.249999579042196,-4.19999910145998,0.20311289342177757,1.0175795843319415
-36.19999957829714,-4.249999102205038,0.22720019363165536,0.9884864501102992
-36.19999957829714,-4.349999103695154,0.20311289342177757,1.0298374059508897
-36.14999957755208,-4.399999104440212,0.22720019363165536,1.0020815459295414
-36.14999957755208,-4.44999910518527,0.20311289342177757,1.0175795843319415
-36.09999957680702,-4.499999105930328,0.22720019363165536,0.9884864501102992
-36.09999957680702,-4.5999991074204445,0.20311289342177757,1.0298374059508897
-36.049999576061964,-4.6499991081655025,0.22720019363165536,1.0020815459295414
-36.049999576061964,-4.699999108910561,0.20311289342177757,1.0175795843319415
-35.999999575316906,-4.749999109655619,0.22720019363165536,0.9884864501102992
-35.999999575316906,-4.849999111145735,0.20311289342177757,1.0298374059508897
-35.94999957457185,-4.899999111890793,0.22720019363165536,1.0020815459295414
-35.94999957457185,-4.949999112635851,0.20311289342177757,1.0175795843319415
-35.89999957382679,-4.999999113380909,0.22720019363165536,0.9884864501102992
-35.89999957382679,-5.049999114125967,0.20311289342177757,1.008304615364599
-35.84999957308173,-5.099999114871025,0.22720019363165536,0.9853269767757179
-35.84999957308173,-5.199999116361141,0.20311289342177757,1.0175795843319415
-35.799999572336674,-5.249999117106199,0.22720019363165536,0.9884864501102992
-35.799999572336674,-5.299999117851257,0.20311289342177757,1.008304615364599
-35.749999571591616,-5.349999118596315,0.22720019363165536,0.9853269767757179
-35.749999571591616,-5.4499991200864315,0.20311289342177757,1.0175795843319415
-35.69999957084656,-5.49999912083149,0.22720019363165536,0.9884864501102992
-35.69999957084656,-5.549999121576548,0.20311289342177757,1.008304615364599
-35.6499995701015,-5.599999122321606,0.22720019363165536,0.9853269767757179
-35.6499995701015,-5.699999123811722,0.20311289342177757,1.0175795843319415
-35.59999956935644,-5.74999912455678,0.22720019363165536,0.9884864501102992
-35.59999956935644,-5.799999125301838,0.20311289342177757,1.008304615364599
-35.54999956861138,-5.849999126046896,0.22720019363165536,0.9853269767757179
-35.54999956861138,-5.949999127537012,0.20311289342177757,1.0175795843319415
-35.499999567866325,-5.99999912828207,0.22720019363165536,0.9884864501102992
-35.499999567866325,-6.049999129027128,0.20311289342177757,1.008304615364599
-35.44999956712127,-6.099999129772186,0.22720019363165536,0.9853269767757179
-35.44999956712127,-6.199999131262302,0.20311289342177757,1.0175795843319415
-35.39999956637621,-6.2499991320073605,0.22720019363165536,0.9884864501102992
-35.39999956637621,-6.2999991327524185,0.20311289342177757,1.008304615364599
-35.34999956563115,-6.349999133497477,0.22720019363165536,0.9853269767757179
-35.34999956563115,-6.399999134242535,0.20311289342177757,1.0020815459295414
-35.29999956488609,-6.449999134987593,0.22720019363165536,0.9704700085133247
-35.29999956488609,-6.549999136477709,0.20311289342177757,1.008304615364599
-35.249999564141035,-6.599999137222767,0.22720019363165536,0.9853269767757179
-35.249999564141035,-6.649999137967825,0.20311289342177757,1.0020815459295414
-35.19999956339598,-6.699999138712883,0.22720019363165536,0.9704700085133247
-35.19999956339598,-6.799999140202999,0.20311289342177757,1.008304615364599
-35.14999956265092,-6.849999140948057,0.22720019363165536,0.9853269767757179
-35.14999956265092,-6.899999141693115,0.20311289342177757,1.0020815459295414
-35.09999956190586,-6.949999142438173,0.22720019363165536,0.9704700085133247
-35.09999956190586,-7.049999143928289,0.20311289342177757,1.008304615364599
-35.0499995611608,-7.0999991446733475,0.22720019363165536,0.9853269767757179
-35.0499995611608,-7.1499991454184055,0.20311289342177757,1.0020815459295414
-34.999999560415745,-7.199999146163464,0.22720019363165536,0.9704700085133247
-34.999999560415745,-7.29999914765358,0.20311289342177757,1.008304615364599
-34.94999955967069,-7.349999148398638,0.22720019363165536,0.9853269767757179
-34.94999955967069,-7.399999149143696,0.20311289342177757,1.0020815459295414
-34.89999955892563,-7.449999149888754,0.22720019363165536,0.9704700085133247
-34.89999955892563,-7.54999915137887,0.20311289342177757,1.008304615364599
-34.84999955818057,-7.599999152123928,0.22720019363165536,0.9853269767757179
-34.84999955818057,-7.649999152868986,0.20311289342177757,1.0020815459295414
-34.79999955743551,-7.699999153614044,0.22720019363165536,0.9704700085133247
-34.79999955743551,-7.749999154359102,0.20311289342177757,0.9884864501102992
-34.749999556690454,-7.79999915510416,0.22720019363165536,0.9629703522909092
-34.749999556690454,-7.899999156594276,0.20311289342177757,1.0020815459295414
-34.699999555945396,-7.9499991573393345,0.22720019363165536,0.9704700085133247
-34.699999555945396,-7.9999991580843925,0.20311289342177757,0.9884864501102992
-34.64999955520034,-8.04999915882945,0.22720019363165536,0.9629703522909092
-34.64999955520034,-8.149999160319567,0.20311289342177757,1.0020815459295414
-34.59999955445528,-8.199999161064625,0.22720019363165536,0.9704700085133247
-34.59999955445528,-8.249999161809683,0.20311289342177757,0.9884864501102992
-34.54999955371022,-8.299999162554741,0.22720019363165536,0.9629703522909092
-34.54999955371022,-8.399999164044857,0.20311289342177757,1.0020815459295414
-34.499999552965164,-8.449999164789915,0.22720019363165536,0.9704700085133247
-34.499999552965164,-8.499999165534973,0.20311289342177757,0.9884864501102992
-34.449999552220106,-8.549999166280031,0.22720019363165536,0.9629703522909092
-34.449999552220106,-8.649999167770147,0.20311289342177757,1.0020815459295414
-34.39999955147505,-8.699999168515205,0.22720019363165536,0.9704700085133247
-34.39999955147505,-8.749999169260263,0.20311289342177757,0.9884864501102992
-34.34999955072999,-8.799999170005322,0.22720019363165536,0.9629703522909092
-34.34999955072999,-8.899999171495438,0.20311289342177757,1.0020815459295414
-34.29999954998493,-8.949999172240496,0.22720019363165536,0.9704700085133247
-34.29999954998493,-8.999999172985554,0.20311289342177757,0.9884864501102992
-34.249999549239874,-9.049999173730612,0.22720019363165536,0.9629703522909092
-34.249999549239874,-9.09999917447567,0.20311289342177757,0.9853269767757179
-34.199999548494816,-9.149999175220728,0.22720019363165536,0.9543396552625206
-34.199999548494816,-9.249999176710844,0.20311289342177757,0.9884864501102992
-34.14999954774976,-9.299999177455902,0.22720019363165536,0.9629703522909092
-34.14999954774976,-9.34999917820096,0.20311289342177757,0.9853269767757179
-34.0999995470047,-9.399999178946018,0.22720019363165536,0.9543396552625206
-34.0999995470047,-9.499999180436134,0.20311289342177757,0.9884864501102992
-34.04999954625964,-9.549999181181192,0.22720019363165536,0.9629703522909092
-34.04999954625964,-9.59999918192625,0.20311289342177757,0.9853269767757179
-33.999999545514584,-9.649999182671309,0.22720019363165536,0.9629703522909092
-33.999999545514584,-9.749999184161425,0.20311289342177757,1.0020815459295414
-33.949999544769526,-9.799999184906483,0.22720019363165536,0.9704700085133247
-33.949999544769526,-9.84999918565154,0.20311289342177757,0.9884864501102992
-33.89999954402447,-9.899999186396599,0.22720019363165536,0.9629703522909092
-33.89999954402447,-9.999999187886715,0.20311289342177757,1.0020815459295414
-33.84999954327941,-10.049999188631773,0.22720019363165536,0.9704700085133247
-33.84999954327941,-10.099999189376831,0.20311289342177757,0.9884864501102992
-33.79999954253435,-10.14999919012189,0.22720019363165536,0.9629703522909092
-33.79999954253435,-10.249999191612005,0.20311289342177757,1.0020815459295414
-33.74999954178929,-10.299999192357063,0.22720019363165536,0.9704700085133247
-33.74999954178929,-10.349999193102121,0.20311289342177757,0.9884864501102992
-33.699999541044235,-10.39999919384718,0.22720019363165536,0.9629703522909092
-33.699999541044235,-10.499999195337296,0.20311289342177757,1.0020815459295414
-33.64999954029918,-10.549999196082354,0.22720019363165536,0.9704700085133247
-33.64999954029918,-10.599999196827412,0.20311289342177757,0.9884864501102992
-33.59999953955412,-10.64999919757247,0.22720019363165536,0.9629703522909092
-33.59999953955412,-10.699999198317528,0.20311289342177757,0.9853269767757179
-33.54999953880906,-10.749999199062586,0.22720019363165536,0.9543396552625206
-33.54999953880906,-10.849999200552702,0.20311289342177757,0.9884864501102992
-33.499999538064,-10.89999920129776,0.22720019363165536,0.9629703522909092
-33.499999538064,-10.949999202042818,0.20311289342177757,0.9853269767757179
-33.449999537318945,-10.999999202787876,0.22720019363165536,0.9543396552625206
-33.449999537318945,-11.099999204277992,0.20311289342177757,0.9884864501102992
-33.39999953657389,-11.14999920502305,0.22720019363165536,0.9629703522909092
-33.39999953657389,-11.199999205768108,0.20311289342177757,0.9853269767757179
-33.34999953582883,-11.249999206513166,0.22720019363165536,0.9543396552625206
-33.34999953582883,-11.349999208003283,0.20311289342177757,0.9884864501102992
-33.29999953508377,-11.39999920874834,0.22720019363165536,0.9629703522909092
-33.29999953508377,-11.449999209493399,0.20311289342177757,0.9853269767757179
-33.24999953433871,-11.499999210238457,0.22720019363165536,0.9543396552625206
-33.24999953433871,-11.599999211728573,0.20311289342177757,0.9884864501102992
-33.199999533593655,-11.649999212473631,0.22720019363165536,0.9629703522909092
-33.199999533593655,-11.699999213218689,0.20311289342177757,0.9853269767757179
-33.1499995328486,-11.749999213963747,0.22720019363165536,0.9543396552625206
-33.1499995328486,-11.849999215453863,0.20311289342177757,0.9884864501102992
-33.09999953210354,-11.899999216198921,0.22720019363165536,0.9629703522909092
-33.09999953210354,-11.94999921694398,0.20311289342177757,0.9853269767757179
-33.04999953135848,-11.999999217689037,0.22720019363165536,0.9543396552625206
-33.04999953135848,-12.049999218434095,0.20311289342177757,0.9704700085133247
-32.99999953061342,-12.099999219179153,0.22720019363165536,0.9423659829021658
-32.99999953061342,-12.19999922066927,0.20311289342177757,0.9853269767757179
-32.949999529868364,-12.249999221414328,0.22720019363165536,0.9543396552625206
-32.949999529868364,-12.299999222159386,0.20311289342177757,0.9704700085133247
-32.899999529123306,-12.349999222904444,0.22720019363165536,0.9423659829021658
-32.899999529123306,-12.44999922439456,0.20311289342177757,0.9853269767757179
-32.84999952837825,-12.499999225139618,0.22720019363165536,0.9543396552625206
-32.84999952837825,-12.549999225884676,0.20311289342177757,0.9704700085133247
-32.79999952763319,-12.599999226629734,0.22720019363165536,0.9423659829021658
-32.79999952763319,-12.69999922811985,0.20311289342177757,0.9853269767757179
-32.74999952688813,-12.749999228864908,0.22720019363165536,0.9543396552625206
-32.74999952688813,-12.799999229609966,0.20311289342177757,0.9704700085133247
-32.699999526143074,-12.849999230355024,0.22720019363165536,0.9423659829021658
-32.699999526143074,-12.94999923184514,0.20311289342177757,0.9853269767757179
-32.649999525398016,-12.999999232590199,0.22720019363165536,0.9543396552625206
-32.649999525398016,-13.049999233335257,0.20311289342177757,0.9704700085133247
-32.59999952465296,-13.099999234080315,0.22720019363165536,0.9423659829021658
-32.59999952465296,-13.19999923557043,0.20311289342177757,0.9853269767757179
-32.5499995239079,-13.249999236315489,0.22720019363165536,0.9543396552625206
-32.5499995239079,-13.299999237060547,0.20311289342177757,0.9704700085133247
-32.49999952316284,-13.349999237805605,0.22720019363165536,0.9423659829021658
-32.49999952316284,-13.449999239295721,0.18078866096738858,0.9853269767757179
-32.449999522417784,-13.49999924004078,0.21231056870567222,0.9543396552625206
-32.449999522417784,-13.549999240785837,0.20311289342177757,0.9704700085133247
-32.399999521672726,-13.599999241530895,0.22720019363165536,0.9423659829021658
-32.399999521672726,-13.699999243021011,0.18078866096738858,0.9853269767757179
-32.34999952092767,-13.74999924376607,0.21231056870567222,0.9543396552625206
-32.34999952092767,-13.799999244511127,0.20311289342177757,0.9704700085133247
-32.29999952018261,-13.849999245256186,0.22720019363165536,0.9423659829021658
-32.29999952018261,-13.949999246746302,0.18078866096738858,0.9853269767757179
-32.24999951943755,-13.99999924749136,0.21231056870567222,0.9543396552625206
-32.24999951943755,-14.049999248236418,0.20311289342177757,0.9704700085133247
-32.19999951869249,-14.099999248981476,0.22720019363165536,0.9423659829021658
-32.19999951869249,-14.199999250471592,0.18078866096738858,0.9853269767757179
-32.149999517947435,-14.24999925121665,0.21231056870567222,0.9543396552625206
-32.149999517947435,-14.299999251961708,0.20311289342177757,0.9704700085133247
-32.09999951720238,-14.349999252706766,0.22720019363165536,0.9423659829021658
-32.09999951720238,-14.449999254196882,0.18078866096738858,0.9853269767757179
-32.04999951645732,-14.49999925494194,0.21231056870567222,0.9543396552625206
-32.04999951645732,-14.549999255686998,0.20311289342177757,0.9704700085133247
-31.99999951571226,-14.599999256432056,0.22720019363165536,0.9423659829021658
-31.99999951571226,-14.699999257922173,0.18078866096738858,0.9853269767757179
-31.949999514967203,-14.74999925866723,0.21231056870567222,0.9543396552625206
-31.949999514967203,-14.799999259412289,0.20311289342177757,0.9704700085133247
-31.899999514222145,-14.849999260157347,0.22720019363165536,0.9423659829021658
-31.899999514222145,-14.949999261647463,0.18078866096738858,0.9853269767757179
-31.849999513477087,-14.999999262392521,0.20311289342177757,0.9543396552625206
-31.849999513477087,-15.049999263137579,0.18078866096738858,0.9704700085133247
-31.79999951273203,-15.099999263882637,0.21231056870567222,0.9423659829021658
-31.79999951273203,-15.149999264627695,0.20311289342177757,0.9629703522909092
-31.74999951198697,-15.199999265372753,0.22720019363165536,0.9401754420890758
-31.74999951198697,-15.29999926686287,0.18078866096738858,0.9704700085133247
-31.699999511241913,-15.349999267607927,0.21231056870567222,0.9423659829021658
-31.699999511241913,-15.399999268352985,0.20311289342177757,0.9629703522909092
-31.649999510496855,-15.449999269098043,0.22720019363165536,0.9401754420890758
-31.649999510496855,-15.54999927058816,0.18078866096738858,0.9704700085133247
-31.599999509751797,-15.599999271333218,0.21231056870567222,0.9423659829021658
-31.599999509751797,-15.649999272078276,0.20311289342177757,0.9629703522909092
-31.54999950900674,-15.699999272823334,0.22720019363165536,0.9412712380575992
-31.54999950900674,-15.79999927431345,0.18078866096738858,0.9853269767757179
-31.49999950826168,-15.849999275058508,0.21231056870567222,0.9543396552625206
-31.49999950826168,-15.899999275803566,0.20311289342177757,0.9704700085133247
-31.449999507516623,-15.949999276548624,0.22720019363165536,0.9423659829021658
-31.449999507516623,-16.04999927803874,0.18078866096738858,0.9853269767757179
-31.399999506771564,-16.099999278783798,0.21231056870567222,0.9543396552625206
-31.399999506771564,-16.149999279528856,0.20311289342177757,0.9704700085133247
-31.349999506026506,-16.199999280273914,0.22720019363165536,0.9423659829021658
-31.349999506026506,-16.29999928176403,0.18078866096738858,0.9853269767757179
-31.29999950528145,-16.34999928250909,0.20311289342177757,0.9543396552625206
-31.29999950528145,-16.399999283254147,0.18078866096738858,0.9704700085133247
-31.24999950453639,-16.449999283999205,0.21231056870567222,0.9423659829021658
-31.24999950453639,-16.499999284744263,0.20311289342177757,0.9629703522909092
-31.199999503791332,-16.54999928548932,0.22720019363165536,0.9401754420890758
-31.199999503791332,-16.649999286979437,0.18078866096738858,0.9704700085133247
-31.149999503046274,-16.699999287724495,0.21231056870567222,0.9423659829021658
-31.149999503046274,-16.749999288469553,0.20311289342177757,0.9629703522909092
-31.099999502301216,-16.79999928921461,0.22720019363165536,0.9401754420890758
-31.099999502301216,-16.899999290704727,0.18078866096738858,0.9704700085133247
-31.049999501556158,-16.949999291449785,0.21231056870567222,0.9423659829021658
-31.049999501556158,-16.999999292194843,0.20311289342177757,0.9629703522909092
-30.9999995008111,-17.0499992929399,0.22720019363165536,0.9401754420890758
-30.9999995008111,-17.149999294430017,0.18078866096738858,0.9704700085133247
-30.949999500066042,-17.199999295175076,0.21231056870567222,0.9423659829021658
-30.949999500066042,-17.249999295920134,0.20311289342177757,0.9629703522909092
-30.899999499320984,-17.29999929666519,0.22720019363165536,0.9401754420890758
-30.899999499320984,-17.399999298155308,0.18078866096738858,0.9704700085133247
-30.849999498575926,-17.449999298900366,0.21231056870567222,0.9423659829021658
-30.849999498575926,-17.499999299645424,0.20311289342177757,0.9629703522909092
-30.799999497830868,-17.549999300390482,0.22720019363165536,0.9401754420890758
-30.799999497830868,-17.649999301880598,0.18078866096738858,0.9704700085133247
-30.74999949708581,-17.699999302625656,0.20311289342177757,0.9423659829021658
-30.74999949708581,-17.749999303370714,0.18078866096738858,0.9629703522909092
-30.69999949634075,-17.799999304115772,0.21231056870567222,0.9401754420890758
-30.69999949634075,-17.89999930560589,0.18078866096738858,0.9704700085133247
-30.649999495595694,-17.949999306350946,0.20311289342177757,0.9423659829021658
-30.649999495595694,-17.999999307096004,0.18078866096738858,0.9629703522909092
-30.599999494850636,-18.049999307841063,0.21231056870567222,0.9401754420890758
-30.599999494850636,-18.14999930933118,0.18078866096738858,0.9704700085133247
-30.549999494105577,-18.199999310076237,0.20311289342177757,0.9423659829021658
-30.549999494105577,-18.249999310821295,0.18078866096738858,0.9629703522909092
-30.49999949336052,-18.299999311566353,0.21231056870567222,0.9401754420890758
-30.49999949336052,-18.39999931305647,0.18078866096738858,0.9704700085133247
-30.44999949261546,-18.449999313801527,0.20311289342177757,0.9423659829021658
-30.44999949261546,-18.499999314546585,0.18078866096738858,0.9629703522909092
-30.399999491870403,-18.549999315291643,0.21231056870567222,0.9401754420890758
-30.399999491870403,-18.64999931678176,0.18078866096738858,0.9704700085133247
-30.349999491125345,-18.699999317526817,0.20311289342177757,0.9423659829021658
-30.349999491125345,-18.749999318271875,0.18078866096738858,0.9629703522909092
-30.299999490380287,-18.799999319016933,0.21231056870567222,0.9401754420890758
-30.299999490380287,-18.89999932050705,0.18078866096738858,0.9704700085133247
-30.24999948963523,-18.949999321252108,0.20311289342177757,0.9423659829021658
-30.24999948963523,-18.999999321997166,0.18078866096738858,0.9629703522909092
-30.19999948889017,-19.049999322742224,0.20311289342177757,0.9401754420890758
-30.19999948889017,-19.099999323487282,0.18078866096738858,0.9543396552625206
-30.149999488145113,-19.14999932423234,0.21231056870567222,0.9236102694553091
-30.149999488145113,-19.249999325722456,0.18078866096738858,0.9629703522909092
-30.099999487400055,-19.299999326467514,0.20311289342177757,0.9401754420890758
-30.099999487400055,-19.349999327212572,0.18078866096738858,0.9543396552625206
-30.049999486654997,-19.39999932795763,0.21231056870567222,0.9236102694553091
-30.049999486654997,-19.499999329447746,0.18078866096738858,0.9629703522909092
-29.99999948590994,-19.549999330192804,0.20311289342177757,0.9401754420890758
-29.99999948590994,-19.599999330937862,0.18078866096738858,0.9543396552625206
-29.94999948516488,-19.64999933168292,0.21231056870567222,0.9236102694553091
-29.94999948516488,-19.749999333173037,0.18078866096738858,0.9629703522909092
-29.899999484419823,-19.799999333918095,0.20311289342177757,0.9401754420890758
-29.899999484419823,-19.849999334663153,0.18078866096738858,0.9543396552625206
-29.849999483674765,-19.89999933540821,0.21231056870567222,0.9236102694553091
-29.849999483674765,-19.999999336898327,0.18078866096738858,0.9629703522909092
-29.799999482929707,-20.049999337643385,0.20311289342177757,0.9401754420890758
-29.799999482929707,-20.099999338388443,0.18078866096738858,0.9543396552625206
-29.74999948218465,-20.1499993391335,0.21231056870567222,0.9236102694553091
-29.74999948218465,-20.249999340623617,0.18078866096738858,0.9629703522909092
-29.69999948143959,-20.299999341368675,0.20311289342177757,0.9401754420890758
-29.69999948143959,-20.349999342113733,0.18078866096738858,0.9543396552625206
-29.649999480694532,-20.39999934285879,0.21231056870567222,0.9236102694553091
-29.649999480694532,-20.499999344348907,0.18078866096738858,0.9629703522909092
-29.599999479949474,-20.549999345093966,0.20311289342177757,0.9401754420890758
-29.599999479949474,-20.599999345839024,0.18078866096738858,0.9543396552625206
-29.549999479204416,-20.64999934658408,0.20311289342177757,0.9236102694553091
-29.549999479204416,-20.69999934732914,0.18078866096738858,0.9423659829021658
-29.499999478459358,-20.749999348074198,0.21231056870567222,0.9180340054098997
-29.499999478459358,-20.849999349564314,0.18078866096738858,0.9543396552625206
-29.4499994777143,-20.899999350309372,0.20311289342177757,0.9236102694553091
-29.4499994777143,-20.94999935105443,0.18078866096738858,0.9423659829021658
-29.399999476969242,-20.999999351799488,0.21231056870567222,0.9180340054098997
-29.399999476969242,-21.099999353289604,0.18078866096738858,0.9543396552625206
-29.349999476224184,-21.149999354034662,0.20311289342177757,0.9236102694553091
-29.349999476224184,-21.19999935477972,0.18078866096738858,0.9423659829021658
-29.299999475479126,-21.24999935552478,0.21231056870567222,0.9180340054098997
-29.299999475479126,-21.349999357014894,0.18078866096738858,0.9543396552625206
-29.249999474734068,-21.399999357759953,0.20311289342177757,0.9236102694553091
-29.249999474734068,-21.44999935850501,0.18078866096738858,0.9423659829021658
-29.19999947398901,-21.49999935925007,0.21231056870567222,0.9180340054098997
-29.19999947398901,-21.599999360740185,0.18078866096738858,0.9543396552625206
-29.149999473243952,-21.649999361485243,0.20311289342177757,0.9236102694553091
-29.149999473243952,-21.6999993622303,0.18078866096738858,0.9423659829021658
-29.099999472498894,-21.74999936297536,0.21231056870567222,0.9180340054098997
-29.099999472498894,-21.849999364465475,0.18078866096738858,0.9543396552625206
-29.049999471753836,-21.899999365210533,0.20311289342177757,0.9236102694553091
-29.049999471753836,-21.94999936595559,0.18078866096738858,0.9423659829021658
-28.999999471008778,-21.99999936670065,0.20311289342177757,0.9180340054098997
-28.999999471008778,-22.049999367445707,0.18078866096738858,0.9412712380575992
-28.94999947026372,-22.099999368190765,0.21231056870567222,0.9180340054098997
-28.94999947026372,-22.19999936968088,0.18078866096738858,0.9543396552625206
-28.89999946951866,-22.24999937042594,0.20311289342177757,0.9236102694553091
-28.89999946951866,-22.299999371170998,0.18078866096738858,0.9423659829021658
-28.849999468773603,-22.349999371916056,0.21231056870567222,0.9180340054098997
-28.849999468773603,-22.449999373406172,0.18078866096738858,0.9543396552625206
-28.799999468028545,-22.49999937415123,0.20311289342177757,0.9236102694553091
-28.799999468028545,-22.549999374896288,0.18078866096738858,0.9423659829021658
-28.749999467283487,-22.599999375641346,0.21231056870567222,0.9180340054098997
-28.749999467283487,-22.699999377131462,0.18078866096738858,0.9543396552625206
-28.69999946653843,-22.74999937787652,0.20311289342177757,0.9236102694553091
-28.69999946653843,-22.799999378621578,0.18078866096738858,0.9423659829021658
-28.64999946579337,-22.849999379366636,0.21231056870567222,0.9180340054098997
-28.64999946579337,-22.949999380856752,0.18078866096738858,0.9543396552625206
-28.599999465048313,-22.99999938160181,0.20311289342177757,0.9236102694553091
-28.599999465048313,-23.04999938234687,0.18078866096738858,0.9423659829021658
-28.549999464303255,-23.099999383091927,0.21231056870567222,0.9180340054098997
-28.549999464303255,-23.199999384582043,0.18078866096738858,0.9543396552625206
-28.499999463558197,-23.2499993853271,0.20311289342177757,0.9236102694553091
-28.499999463558197,-23.29999938607216,0.18078866096738858,0.9423659829021658
-28.44999946281314,-23.349999386817217,0.20311289342177757,0.9180340054098997
-28.44999946281314,-23.399999387562275,0.18078866096738858,0.9401754420890758
-28.39999946206808,-23.449999388307333,0.21231056870567222,0.906797197551496
-28.39999946206808,-23.54999938979745,0.18078866096738858,0.9423659829021658
-28.349999461323023,-23.599999390542507,0.20311289342177757,0.9180340054098997
-28.349999461323023,-23.649999391287565,0.18078866096738858,0.9401754420890758
-28.299999460577965,-23.699999392032623,0.21231056870567222,0.906797197551496
-28.299999460577965,-23.79999939352274,0.18078866096738858,0.9423659829021658
-28.249999459832907,-23.849999394267797,0.20311289342177757,0.9180340054098997
-28.249999459832907,-23.899999395012856,0.18078866096738858,0.9401754420890758
-28.19999945908785,-23.949999395757914,0.21231056870567222,0.906797197551496
-28.19999945908785,-24.04999939724803,0.18078866096738858,0.9423659829021658
-28.14999945834279,-24.099999397993088,0.20311289342177757,0.9180340054098997
-28.14999945834279,-24.149999398738146,0.18078866096738858,0.9401754420890758
-28.099999457597733,-24.199999399483204,0.21231056870567222,0.906797197551496
-28.099999457597733,-24.29999940097332,0.18078866096738858,0.9423659829021658
-28.049999456852674,-24.349999401718378,0.20311289342177757,0.9180340054098997
-28.049999456852674,-24.399999402463436,0.18078866096738858,0.9401754420890758
-27.999999456107616,-24.449999403208494,0.21231056870567222,0.906797197551496
-27.999999456107616,-24.54999940469861,0.18078866096738858,0.9423659829021658
-27.94999945536256,-24.59999940544367,0.20311289342177757,0.9180340054098997
-27.94999945536256,-24.649999406188726,0.18078866096738858,0.9401754420890758
-27.8999994546175,-24.699999406933784,0.21231056870567222,0.906797197551496
-27.8999994546175,-24.7999994084239,0.18078866096738858,0.9423659829021658
-27.849999453872442,-24.84999940916896,0.20311289342177757,0.9180340054098997
-27.849999453872442,-24.899999409914017,0.18078866096738858,0.9401754420890758
-27.799999453127384,-24.949999410659075,0.20311289342177757,0.906797197551496
-27.799999453127384,-25.04999941214919,0.16400549988813046,0.9423659829021658
-27.749999452382326,-25.09999941289425,0.20311289342177757,0.9180340054098997
-27.749999452382326,-25.149999413639307,0.18078866096738858,0.9401754420890758
-27.699999451637268,-25.199999414384365,0.20311289342177757,0.906797197551496
-27.699999451637268,-25.29999941587448,0.16400549988813046,0.9423659829021658
-27.64999945089221,-25.34999941661954,0.20311289342177757,0.9180340054098997
-27.64999945089221,-25.399999417364597,0.18078866096738858,0.9401754420890758
-27.599999450147152,-25.449999418109655,0.20311289342177757,0.906797197551496
-27.599999450147152,-25.54999941959977,0.16400549988813046,0.9423659829021658
-27.549999449402094,-25.59999942034483,0.20311289342177757,0.9180340054098997
-27.549999449402094,-25.649999421089888,0.18078866096738858,0.9401754420890758
-27.499999448657036,-25.699999421834946,0.20311289342177757,0.906797197551496
-27.499999448657036,-25.799999423325062,0.16400549988813046,0.9423659829021658
-27.449999447911978,-25.84999942407012,0.20311289342177757,0.9180340054098997
-27.449999447911978,-25.899999424815178,0.18078866096738858,0.9401754420890758
-27.39999944716692,-25.949999425560236,0.20311289342177757,0.906797197551496
-27.39999944716692,-26.049999427050352,0.16400549988813046,0.9423659829021658
-27.34999944642186,-26.09999942779541,0.20311289342177757,0.9180340054098997
-27.34999944642186,-26.149999428540468,0.18078866096738858,0.9401754420890758
-27.299999445676804,-26.199999429285526,0.20311289342177757,0.906797197551496
-27.299999445676804,-26.249999430030584,0.18078866096738858,0.9236102694553091
-27.249999444931746,-26.299999430775642,0.20311289342177757,0.8965856263134644
-27.249999444931746,-26.39999943226576,0.16400549988813046,0.9401754420890758
-27.199999444186687,-26.449999433010817,0.20311289342177757,0.906797197551496
-27.199999444186687,-26.499999433755875,0.18078866096738858,0.9236102694553091
-27.14999944344163,-26.549999434500933,0.20311289342177757,0.8965856263134644
-27.14999944344163,-26.64999943599105,0.16400549988813046,0.9401754420890758
-27.09999944269657,-26.699999436736107,0.20311289342177757,0.906797197551496
-27.09999944269657,-26.749999437481165,0.18078866096738858,0.9236102694553091
-27.049999441951513,-26.799999438226223,0.20311289342177757,0.8965856263134644
-27.049999441951513,-26.89999943971634,0.16400549988813046,0.9401754420890758
-26.999999441206455,-26.949999440461397,0.20311289342177757,0.906797197551496
-26.999999441206455,-26.999999441206455,0.18078866096738858,0.9236102694553091
-26.949999440461397,-27.049999441951513,0.20311289342177757,0.8965856263134644
-26.949999440461397,-27.14999944344163,0.16400549988813046,0.9401754420890758
-26.89999943971634,-27.199999444186687,0.20311289342177757,0.906797197551496
-26.89999943971634,-27.249999444931746,0.18078866096738858,0.9236102694553091
-26.84999943897128,-27.299999445676804,0.20311289342177757,0.8965856263134644
-26.84999943897128,-27.39999944716692,0.16400549988813046,0.9401754420890758
-26.799999438226223,-27.449999447911978,0.20311289342177757,0.906797197551496
-26.799999438226223,-27.499999448657036,0.18078866096738858,0.9236102694553091
-26.749999437481165,-27.549999449402094,0.20311289342177757,0.8965856263134644
-26.749999437481165,-27.599999450147152,0.18078866096738858,0.9180340054098997
-26.699999436736107,-27.64999945089221,0.20311289342177757,0.8920164996643914
-26.699999436736107,-27.749999452382326,0.16400549988813046,0.9236102694553091
-26.64999943599105,-27.799999453127384,0.20311289342177757,0.8965856263134644
-26.64999943599105,-27.849999453872442,0.18078866096738858,0.9180340054098997
-26.59999943524599,-27.8999994546175,0.20311289342177757,0.8920164996643914
-26.59999943524599,-27.999999456107616,0.16400549988813046,0.9236102694553091
-26.549999434500933,-28.049999456852674,0.20311289342177757,0.8965856263134644
-26.549999434500933,-28.099999457597733,0.18078866096738858,0.9180340054098997
-26.499999433755875,-28.14999945834279,0.20311289342177757,0.8920164996643914
-26.499999433755875,-28.249999459832907,0.16400549988813046,0.9236102694553091
-26.449999433010817,-28.299999460577965,0.20311289342177757,0.8965856263134644
-26.449999433010817,-28.349999461323023,0.18078866096738858,0.9180340054098997
-26.39999943226576,-28.39999946206808,0.20311289342177757,0.8920164996643914
-26.39999943226576,-28.499999463558197,0.16400549988813046,0.9236102694553091
-26.3499994315207,-28.549999464303255,0.20311289342177757,0.8965856263134644
-26.3499994315207,-28.599999465048313,0.18078866096738858,0.9180340054098997
-26.299999430775642,-28.64999946579337,0.20311289342177757,0.8965856263134644
-26.299999430775642,-28.749999467283487,0.16400549988813046,0.9401754420890758
-26.249999430030584,-28.799999468028545,0.20311289342177757,0.906797197551496
-26.249999430030584,-28.849999468773603,0.18078866096738858,0.9236102694553091
-26.199999429285526,-28.89999946951866,0.20311289342177757,0.8965856263134644
-26.199999429285526,-28.94999947026372,0.18078866096738858,0.9180340054098997
-26.149999428540468,-28.999999471008778,0.20311289342177757,0.8920164996643914
-26.149999428540468,-29.099999472498894,0.16400549988813046,0.9236102694553091
-26.09999942779541,-29.149999473243952,0.20311289342177757,0.8965856263134644
-26.09999942779541,-29.19999947398901,0.18078866096738858,0.9180340054098997
-26.049999427050352,-29.249999474734068,0.20311289342177757,0.8920164996643914
-26.049999427050352,-29.349999476224184,0.16400549988813046,0.9236102694553091
-25.999999426305294,-29.399999476969242,0.20311289342177757,0.8965856263134644
-25.999999426305294,-29.4499994777143,0.18078866096738858,0.9180340054098997
-25.949999425560236,-29.499999478459358,0.20311289342177757,0.8920164996643914
-25.949999425560236,-29.599999479949474,0.16400549988813046,0.9236102694553091
-25.899999424815178,-29.649999480694532,0.20311289342177757,0.8965856263134644
-25.899999424815178,-29.69999948143959,0.18078866096738858,0.9180340054098997
-25.84999942407012,-29.74999948218465,0.20311289342177757,0.8920164996643914
-25.84999942407012,-29.849999483674765,0.16400549988813046,0.9236102694553091
-25.799999423325062,-29.899999484419823,0.20311289342177757,0.8965856263134644
-25.799999423325062,-29.94999948516488,0.18078866096738858,0.9180340054098997
-25.749999422580004,-29.99999948590994,0.20311289342177757,0.8920164996643914
-25.749999422580004,-30.099999487400055,0.16400549988813046,0.9236102694553091
-25.699999421834946,-30.149999488145113,0.20311289342177757,0.8965856263134644
-25.699999421834946,-30.19999948889017,0.18078866096738858,0.9180340054098997
-25.649999421089888,-30.24999948963523,0.20311289342177757,0.8920164996643914
-25.649999421089888,-30.349999491125345,0.16400549988813046,0.9236102694553091
-25.59999942034483,-30.399999491870403,0.20311289342177757,0.8965856263134644
-25.59999942034483,-30.44999949261546,0.18078866096738858,0.9180340054098997
-25.54999941959977,-30.49999949336052,0.20311289342177757,0.8920164996643914
-25.54999941959977,-30.549999494105577,0.18078866096738858,0.906797197551496
-25.499999418854713,-30.599999494850636,0.20311289342177757,0.8770329774759426
-25.499999418854713,-30.69999949634075,0.16400549988813046,0.9180340054098997
-25.449999418109655,-30.74999949708581,0.20311289342177757,0.8920164996643914
-25.449999418109655,-30.799999497830868,0.18078866096738858,0.906797197551496
-25.399999417364597,-30.849999498575926,0.20311289342177757,0.8770329774759426
-25.399999417364597,-30.949999500066042,0.16400549988813046,0.9180340054098997
-25.34999941661954,-30.9999995008111,0.20311289342177757,0.8920164996643914
-25.34999941661954,-31.049999501556158,0.18078866096738858,0.906797197551496
-25.29999941587448,-31.099999502301216,0.20311289342177757,0.8770329774759426
-25.29999941587448,-31.199999503791332,0.16400549988813046,0.9180340054098997
-25.249999415129423,-31.24999950453639,0.20311289342177757,0.8920164996643914
-25.249999415129423,-31.29999950528145,0.18078866096738858,0.906797197551496
-25.199999414384365,-31.349999506026506,0.20311289342177757,0.8770329774759426
-25.199999414384365,-31.449999507516623,0.16400549988813046,0.9180340054098997
-25.149999413639307,-31.49999950826168,0.20311289342177757,0.8920164996643914
-25.149999413639307,-31.54999950900674,0.18078866096738858,0.906797197551496
-25.09999941289425,-31.599999509751797,0.20311289342177757,0.8770329774759426
-25.09999941289425,-31.699999511241913,0.16400549988813046,0.9180340054098997
-25.04999941214919,-31.74999951198697,0.20311289342177757,0.8920164996643914
-25.04999941214919,-31.79999951273203,0.18078866096738858,0.906797197551496
-24.999999411404133,-31.849999513477087,0.20311289342177757,0.8770329774759426
-24.999999411404133,-31.949999514967203,0.160555132919089,0.9180340054098997
-24.949999410659075,-31.99999951571226,0.18078866096738858,0.8920164996643914
-24.949999410659075,-32.04999951645732,0.16400549988813046,0.906797197551496
-24.899999409914017,-32.09999951720238,0.20311289342177757,0.8770329774759426
-24.899999409914017,-32.19999951869249,0.160555132919089,0.9180340054098997
-24.84999940916896,-32.24999951943755,0.18078866096738858,0.8920164996643914
-24.84999940916896,-32.29999952018261,0.16400549988813046,0.906797197551496
-24.7999994084239,-32.34999952092767,0.20311289342177757,0.8770329774759426
-24.7999994084239,-32.449999522417784,0.160555132919089,0.9180340054098997
-24.749999407678843,-32.49999952316284,0.18078866096738858,0.8920164996643914
-24.749999407678843,-32.5499995239079,0.16400549988813046,0.906797197551496
-24.699999406933784,-32.59999952465296,0.20311289342177757,0.8770329774759426
-24.699999406933784,-32.699999526143074,0.160555132919089,0.9180340054098997
-24.649999406188726,-32.74999952688813,0.18078866096738858,0.8920164996643914
-24.649999406188726,-32.79999952763319,0.16400549988813046,0.906797197551496
-24.59999940544367,-32.84999952837825,0.20311289342177757,0.8770329774759426
-24.59999940544367,-32.949999529868364,0.160555132919089,0.9180340054098997
-24.54999940469861,-32.99999953061342,0.18078866096738858,0.8920164996643914
-24.54999940469861,-33.04999953135848,0.16400549988813046,0.906797197551496
-24.499999403953552,-33.09999953210354,0.20311289342177757,0.8770329774759426
-24.499999403953552,-33.199999533593655,0.160555132919089,0.9180340054098997
-24.449999403208494,-33.24999953433871,0.18078866096738858,0.8920164996643914
-24.449999403208494,-33.29999953508377,0.160555132919089,0.906797197551496
-24.399999402463436,-33.34999953582883,0.18078866096738858,0.8770329774759426
-24.399999402463436,-33.39999953657389,0.16400549988813046,0.8965856263134644
-24.349999401718378,-33.449999537318945,0.20311289342177757,0.8735455436762694
-24.349999401718378,-33.54999953880906,0.160555132919089,0.906797197551496
-24.29999940097332,-33.59999953955412,0.18078866096738858,0.8770329774759426
-24.29999940097332,-33.64999954029918,0.16400549988813046,0.8965856263134644
-24.249999400228262,-33.699999541044235,0.20311289342177757,0.8735455436762694
-24.249999400228262,-33.79999954253435,0.160555132919089,0.906797197551496
-24.199999399483204,-33.84999954327941,0.18078866096738858,0.8770329774759426
-24.199999399483204,-33.89999954402447,0.16400549988813046,0.8965856263134644
-24.149999398738146,-33.949999544769526,0.20311289342177757,0.8735455436762694
-24.149999398738146,-34.04999954625964,0.160555132919089,0.906797197551496
-24.099999397993088,-34.0999995470047,0.18078866096738858,0.8770329774759426
-24.099999397993088,-34.14999954774976,0.16400549988813046,0.8965856263134644
-24.04999939724803,-34.199999548494816,0.20311289342177757,0.8735455436762694
-24.04999939724803,-34.29999954998493,0.160555132919089,0.906797197551496
-23.99999939650297,-34.34999955072999,0.18078866096738858,0.8770329774759426
-23.99999939650297,-34.39999955147505,0.16400549988813046,0.8965856263134644
-23.949999395757914,-34.449999552220106,0.20311289342177757,0.8735455436762694
-23.949999395757914,-34.54999955371022,0.160555132919089,0.906797197551496
-23.899999395012856,-34.59999955445528,0.18078866096738858,0.8770329774759426
-23.899999395012856,-34.64999955520034,0.16400549988813046,0.8965856263134644
-23.849999394267797,-34.699999555945396,0.20311289342177757,0.8735455436762694
-23.849999394267797,-34.79999955743551,0.160555132919089,0.906797197551496
-23.79999939352274,-34.84999955818057,0.18078866096738858,0.8770329774759426
-23.79999939352274,-34.89999955892563,0.160555132919089,0.8965856263134644
-23.74999939277768,-34.94999955967069,0.18078866096738858,0.8735455436762694
-23.74999939277768,-34.999999560415745,0.16400549988813046,0.8965856263134644
-23.699999392032623,-35.0499995611608,0.20311289342177757,0.8735455436762694
-23.699999392032623,-35.14999956265092,0.160555132919089,0.906797197551496
-23.649999391287565,-35.19999956339598,0.18078866096738858,0.8770329774759426
-23.649999391287565,-35.249999564141035,0.16400549988813046,0.8965856263134644
-23.599999390542507,-35.29999956488609,0.20311289342177757,0.8735455436762694
-23.599999390542507,-35.39999956637621,0.160555132919089,0.906797197551496
-23.54999938979745,-35.44999956712127,0.18078866096738858,0.8770329774759426
-23.54999938979745,-35.499999567866325,0.16400549988813046,0.8965856263134644
-23.49999938905239,-35.54999956861138,0.20311289342177757,0.8735455436762694
-23.49999938905239,-35.6499995701015,0.160555132919089,0.906797197551496
-23.449999388307333,-35.69999957084656,0.18078866096738858,0.8770329774759426
-23.449999388307333,-35.749999571591616,0.16400549988813046,0.8965856263134644
-23.399999387562275,-35.799999572336674,0.20311289342177757,0.8735455436762694
-23.399999387562275,-35.89999957382679,0.160555132919089,0.906797197551496
-23.349999386817217,-35.94999957457185,0.18078866096738858,0.8770329774759426
-23.349999386817217,-35.999999575316906,0.16400549988813046,0.8965856263134644
-23.29999938607216,-36.049999576061964,0.20311289342177757,0.8735455436762694
-23.29999938607216,-36.14999957755208,0.160555132919089,0.906797197551496
-23.2499993853271,-36.19999957829714,0.18078866096738858,0.8770329774759426
-23.2499993853271,-36.249999579042196,0.160555132919089,0.8965856263134644
-23.199999384582043,-36.299999579787254,0.18078866096738858,0.8735455436762694
-23.199999384582043,-36.34999958053231,0.16400549988813046,0.8920164996643914
-23.149999383836985,-36.39999958127737,0.20311289342177757,0.8594810208083519
-23.149999383836985,-36.49999958276749,0.160555132919089,0.8965856263134644
-23.099999383091927,-36.549999583512545,0.18078866096738858,0.8735455436762694
-23.099999383091927,-36.5999995842576,0.16400549988813046,0.8920164996643914
-23.04999938234687,-36.64999958500266,0.20311289342177757,0.8594810208083519
-23.04999938234687,-36.74999958649278,0.160555132919089,0.8965856263134644
-22.99999938160181,-36.799999587237835,0.18078866096738858,0.8735455436762694
-22.99999938160181,-36.84999958798289,0.16400549988813046,0.8920164996643914
-22.949999380856752,-36.89999958872795,0.20311289342177757,0.8594810208083519
-22.949999380856752,-36.99999959021807,0.160555132919089,0.8965856263134644
-22.899999380111694,-37.049999590963125,0.18078866096738858,0.8735455436762694
-22.899999380111694,-37.09999959170818,0.16400549988813046,0.8920164996643914
-22.849999379366636,-37.14999959245324,0.20311289342177757,0.8594810208083519
-22.849999379366636,-37.24999959394336,0.160555132919089,0.8965856263134644
-22.799999378621578,-37.299999594688416,0.18078866096738858,0.8735455436762694
-22.799999378621578,-37.349999595433474,0.16400549988813046,0.8920164996643914
-22.74999937787652,-37.39999959617853,0.20311289342177757,0.8594810208083519
-22.74999937787652,-37.49999959766865,0.160555132919089,0.8965856263134644
-22.699999377131462,-37.549999598413706,0.18078866096738858,0.8735455436762694
-22.699999377131462,-37.599999599158764,0.160555132919089,0.8920164996643914
-22.649999376386404,-37.64999959990382,0.18078866096738858,0.8594810208083519
-22.649999376386404,-37.69999960064888,0.16400549988813046,0.8770329774759426
-22.599999375641346,-37.74999960139394,0.20311289342177757,0.8511898177453807
-22.599999375641346,-37.849999602884054,0.160555132919089,0.8920164996643914
-22.549999374896288,-37.89999960362911,0.18078866096738858,0.8594810208083519
-22.549999374896288,-37.94999960437417,0.16400549988813046,0.8770329774759426
-22.49999937415123,-37.99999960511923,0.20311289342177757,0.8511898177453807
-22.49999937415123,-38.099999606609344,0.160555132919089,0.8920164996643914
-22.449999373406172,-38.1499996073544,0.18078866096738858,0.8594810208083519
-22.449999373406172,-38.19999960809946,0.16400549988813046,0.8770329774759426
-22.399999372661114,-38.24999960884452,0.20311289342177757,0.8511898177453807
-22.399999372661114,-38.349999610334635,0.160555132919089,0.8920164996643914
-22.349999371916056,-38.39999961107969,0.18078866096738858,0.8594810208083519
-22.349999371916056,-38.44999961182475,0.16400549988813046,0.8770329774759426
-22.299999371170998,-38.49999961256981,0.20311289342177757,0.8511898177453807
-22.299999371170998,-38.599999614059925,0.160555132919089,0.8920164996643914
-22.24999937042594,-38.64999961480498,0.18078866096738858,0.8594810208083519
-22.24999937042594,-38.69999961555004,0.16400549988813046,0.8770329774759426
-22.19999936968088,-38.7499996162951,0.20311289342177757,0.8511898177453807
-22.19999936968088,-38.849999617785215,0.160555132919089,0.8920164996643914
-22.149999368935823,-38.89999961853027,0.18078866096738858,0.8594810208083519
-22.149999368935823,-38.94999961927533,0.160555132919089,0.8770329774759426
-22.099999368190765,-38.99999962002039,0.18078866096738858,0.8511898177453807
-22.099999368190765,-39.099999621510506,0.15355339586162983,0.8920164996643914
-22.049999367445707,-39.149999622255564,0.18078866096738858,0.8594810208083519
-22.049999367445707,-39.19999962300062,0.160555132919089,0.8770329774759426
-21.99999936670065,-39.24999962374568,0.18078866096738858,0.8511898177453807
-21.99999936670065,-39.349999625235796,0.15355339586162983,0.8920164996643914
-21.94999936595559,-39.399999625980854,0.18078866096738858,0.8594810208083519
-21.94999936595559,-39.44999962672591,0.160555132919089,0.8770329774759426
-21.899999365210533,-39.49999962747097,0.18078866096738858,0.8511898177453807
-21.899999365210533,-39.599999628961086,0.15355339586162983,0.8920164996643914
-21.849999364465475,-39.649999629706144,0.18078866096738858,0.8594810208083519
-21.849999364465475,-39.6999996304512,0.160555132919089,0.8770329774759426
-21.799999363720417,-39.74999963119626,0.18078866096738858,0.8511898177453807
-21.799999363720417,-39.84999963268638,0.15355339586162983,0.8920164996643914
-21.74999936297536,-39.899999633431435,0.18078866096738858,0.8594810208083519
-21.74999936297536,-39.94999963417649,0.160555132919089,0.8770329774759426
-21.6999993622303,-39.99999963492155,0.18078866096738858,0.8511898177453807
-21.6999993622303,-40.09999963641167,0.15355339586162983,0.8920164996643914
-21.649999361485243,-40.149999637156725,0.18078866096738858,0.8594810208083519
-21.649999361485243,-40.19999963790178,0.160555132919089,0.8770329774759426
-21.599999360740185,-40.24999963864684,0.18078866096738858,0.8511898177453807
-21.599999360740185,-40.34999964013696,0.15355339586162983,0.8920164996643914
-21.549999359995127,-40.399999640882015,0.18078866096738858,0.8594810208083519
-21.549999359995127,-40.44999964162707,0.160555132919089,0.8770329774759426
-21.49999935925007,-40.49999964237213,0.18078866096738858,0.8511898177453807
-21.49999935925007,-40.54999964311719,0.160555132919089,0.8735455436762694
-21.44999935850501,-40.59999964386225,0.18078866096738858,0.8440306664483241
-21.44999935850501,-40.699999645352364,0.15355339586162983,0.8770329774759426
-21.399999357759953,-40.74999964609742,0.18078866096738858,0.8511898177453807
-21.399999357759953,-40.79999964684248,0.160555132919089,0.8735455436762694
-21.349999357014894,-40.84999964758754,0.18078866096738858,0.8440306664483241
-21.349999357014894,-40.949999649077654,0.15355339586162983,0.8770329774759426
-21.299999356269836,-40.99999964982271,0.18078866096738858,0.8511898177453807
-21.299999356269836,-41.04999965056777,0.160555132919089,0.8735455436762694
-21.24999935552478,-41.09999965131283,0.18078866096738858,0.8440306664483241
-21.24999935552478,-41.199999652802944,0.15355339586162983,0.8770329774759426
-21.19999935477972,-41.249999653548,0.18078866096738858,0.8511898177453807
-21.19999935477972,-41.29999965429306,0.160555132919089,0.8735455436762694
-21.149999354034662,-41.34999965503812,0.18078866096738858,0.8511898177453807
-21.149999354034662,-41.449999656528234,0.15355339586162983,0.8920164996643914
-21.099999353289604,-41.49999965727329,0.18078866096738858,0.8594810208083519
-21.099999353289604,-41.54999965801835,0.160555132919089,0.8770329774759426
-21.049999352544546,-41.59999965876341,0.18078866096738858,0.8511898177453807
-21.049999352544546,-41.699999660253525,0.15355339586162983,0.8920164996643914
-20.999999351799488,-41.74999966099858,0.18078866096738858,0.8594810208083519
-20.999999351799488,-41.79999966174364,0.160555132919089,0.8770329774759426
-20.94999935105443,-41.8499996624887,0.18078866096738858,0.8511898177453807
-20.94999935105443,-41.89999966323376,0.160555132919089,0.8735455436762694
-20.899999350309372,-41.949999663978815,0.18078866096738858,0.8511898177453807
-20.899999350309372,-41.99999966472387,0.16400549988813046,0.8735455436762694
-20.849999349564314,-42.04999966546893,0.20311289342177757,0.8511898177453807
-20.849999349564314,-42.14999966695905,0.160555132919089,0.8965856263134644
-20.799999348819256,-42.199999667704105,0.18078866096738858,0.8735455436762694
-20.799999348819256,-42.24999966844916,0.16400549988813046,0.8920164996643914
-20.749999348074198,-42.29999966919422,0.20311289342177757,0.8594810208083519
-20.749999348074198,-42.39999967068434,0.160555132919089,0.8965856263134644
-20.69999934732914,-42.449999671429396,0.18078866096738858,0.8735455436762694
-20.69999934732914,-42.499999672174454,0.16400549988813046,0.8965856263134644
-20.64999934658408,-42.54999967291951,0.20311289342177757,0.8735455436762694
-20.64999934658408,-42.64999967440963,0.160555132919089,0.9180340054098997
-20.599999345839024,-42.699999675154686,0.18078866096738858,0.8965856263134644
-20.599999345839024,-42.749999675899744,0.16400549988813046,0.9180340054098997
-20.549999345093966,-42.7999996766448,0.20311289342177757,0.8920164996643914
-20.549999345093966,-42.84999967738986,0.18078866096738858,0.906797197551496
-20.499999344348907,-42.89999967813492,0.20311289342177757,0.8770329774759426
-20.499999344348907,-42.999999679625034,0.160555132919089,0.9180340054098997
-20.44999934360385,-43.04999968037009,0.18078866096738858,0.8965856263134644
-20.44999934360385,-43.09999968111515,0.160555132919089,0.9180340054098997
-20.39999934285879,-43.14999968186021,0.18078866096738858,0.8965856263134644
-20.39999934285879,-43.19999968260527,0.15355339586162983,0.9180340054098997
-20.299999341368675,-43.29999968409538,0.18078866096738858,0.8735455436762694
-20.299999341368675,-43.34999968484044,0.160555132919089,0.8965856263134644
-20.249999340623617,-43.3999996855855,0.18078866096738858,0.8735455436762694
-20.249999340623617,-43.44999968633056,0.160555132919089,0.8965856263134644
-20.19999933987856,-43.499999687075615,0.18078866096738858,0.8735455436762694
-20.19999933987856,-43.54999968782067,0.160555132919089,0.8965856263134644
-20.1499993391335,-43.59999968856573,0.18078866096738858,0.8735455436762694
-20.1499993391335,-43.64999968931079,0.160555132919089,0.8965856263134644
-20.099999338388443,-43.69999969005585,0.18078866096738858,0.8735455436762694
-20.099999338388443,-43.749999690800905,0.160555132919089,0.8965856263134644
-20.049999337643385,-43.79999969154596,0.18078866096738858,0.8735455436762694
-20.049999337643385,-43.84999969229102,0.160555132919089,0.8977249363623835
-19.999999336898327,-43.89999969303608,0.18078866096738858,0.8816653987572671
-19.999999336898327,-43.94999969378114,0.160555132919089,0.9101801821016996
-19.94999933615327,-43.999999694526196,0.18078866096738858,0.8965856263134644
-19.94999933615327,-44.049999695271254,0.160555132919089,0.9180340054098997
-19.89999933540821,-44.09999969601631,0.18078866096738858,0.8965856263134644
-19.89999933540821,-44.14999969676137,0.160555132919089,0.9180340054098997
-19.849999334663153,-44.19999969750643,0.18078866096738858,0.8965856263134644
-19.849999334663153,-44.249999698251486,0.160555132919089,0.9180340054098997
-19.799999333918095,-44.299999698996544,0.18078866096738858,0.8977249363623835
-19.799999333918095,-44.3499996997416,0.160555132919089,0.9236102694553091
-19.749999333173037,-44.39999970048666,0.18078866096738858,0.9101801821016996
-19.749999333173037,-44.44999970123172,0.160555132919089,0.9401754420890758
-19.64999933168292,-44.549999702721834,0.19051248961442216,0.9101801821016996
-19.64999933168292,-44.59999970346689,0.160555132919089,0.9401754420890758
-19.549999330192804,-44.69999970495701,0.19051248961442216,0.9101801821016996
-19.549999330192804,-44.749999705702066,0.160555132919089,0.9401754420890758
-19.449999328702688,-44.84999970719218,0.19051248961442216,0.9236102694553091
-19.449999328702688,-44.89999970793724,0.160555132919089,0.9510864604746585
-19.349999327212572,-44.99999970942736,0.1889087354477928,0.9236102694553091
-19.349999327212572,-45.049999710172415,0.15355339586162983,0.9510864604746585
-19.199999324977398,-45.19999971240759,0.19051248961442216,0.9313708667572156
-19.199999324977398,-45.24999971315265,0.160555132919089,0.9667262063433785
-19.049999322742224,-45.39999971538782,0.20311289342177757,0.9667262063433785
-19.049999322742224,-45.44999971613288,0.18078866096738858,1.0020815459295414
-18.64999931678176,-45.849999722093344,0.20311289342177757,0.9672617703864308
-18.64999931678176,-45.8999997228384,0.18078866096738858,1.0041594758226038
-18.499999314546585,-46.049999725073576,0.18078866096738858,1.0349089219244234
-18.449999313801527,-46.049999725073576,0.20311289342177757,1.0041594758226038
-18.249999310821295,-46.24999972805381,0.18078866096738858,1.0419742533442804
-18.199999310076237,-46.24999972805381,0.20311289342177757,1.0103718617269664
-17.999999307096004,-46.44999973103404,0.18078866096738858,1.0619429652168115
-17.949999306350946,-46.44999973103404,0.20311289342177757,1.0349089219244234
-17.89999930560589,-46.4999997317791,0.18078866096738858,1.0529964272852683
-17.84999930486083,-46.4999997317791,0.20311289342177757,1.0298374059508897
-17.799999304115772,-46.54999973252416,0.18078866096738858,1.0529964272852683
-17.749999303370714,-46.54999973252416,0.20311289342177757,1.0298374059508897
-17.699999302625656,-46.599999733269215,0.18078866096738858,1.0500000186264515
-17.649999301880598,-46.599999733269215,0.20311289342177757,1.0206555797625556
-17.549999300390482,-46.69999973475933,0.18078866096738858,1.0529964272852683
-17.449999298900366,-46.69999973475933,0.21231056870567222,1.008304615364599
-17.399999298155308,-46.74999973550439,0.18078866096738858,1.0298374059508897
-17.29999929666519,-46.74999973550439,0.21231056870567222,0.9853269767757179
-17.249999295920134,-46.79999973624945,0.18078866096738858,1.008304615364599
-17.199999295175076,-46.79999973624945,0.20311289342177757,0.9853269767757179
-17.149999294430017,-46.849999736994505,0.16400549988813046,1.008304615364599
-17.0499992929399,-46.849999736994505,0.20311289342177757,0.9704700085133247
-16.999999292194843,-46.89999973773956,0.18078866096738858,1.0020815459295414
-16.84999928995967,-46.89999973773956,0.20311289342177757,0.9543396552625206
-16.79999928921461,-46.94999973848462,0.16400549988813046,0.9884864501102992
-16.59999928623438,-46.94999973848462,0.20311289342177757,0.9401754420890758
-16.54999928548932,-46.99999973922968,0.16400549988813046,0.9704700085133247
-16.399999283254147,-46.99999973922968,0.20000000596046447,0.9236102694553091
-16.34999928250909,-47.04999973997474,0.15355339586162983,0.9543396552625206
-16.149999279528856,-47.04999973997474,0.20000000596046447,0.9101801821016996
-16.099999278783798,-47.099999740719795,0.15355339586162983,0.9543396552625206
-15.699999272823334,-47.099999740719795,0.20000000596046447,0.9011357936854637
-15.649999272078276,-47.14999974146485,0.1500000052154064,0.9500000171363354
-14.449999254196882,-47.14999974146485,0.1500000052154064,0.9510864604746585
-14.399999253451824,-47.099999740719795,0.20000000596046447,0.9045361181775966
-14.099999248981476,-47.099999740719795,0.1500000052154064,0.9543396552625206
-14.049999248236418,-47.04999973997474,0.20000000596046447,0.9101801821016996
-13.849999245256186,-47.04999973997474,0.1500000052154064,0.9543396552625206
-13.799999244511127,-46.99999973922968,0.18078866096738858,0.9101801821016996
-13.599999241530895,-46.99999973922968,0.13541020162296988,0.9543396552625206
-13.549999240785837,-46.94999973848462,0.16400549988813046,0.9180340054098997
-13.399999238550663,-46.94999973848462,0.11622777072899887,0.9543396552625206
-13.349999237805605,-46.89999973773956,0.15355339586162983,0.9236102694553091
-13.249999236315489,-46.89999973773956,0.13541020162296988,0.9543396552625206
-13.19999923557043,-46.849999736994505,0.160555132919089,0.9236102694553091
-13.099999234080315,-46.849999736994505,0.11622777072899887,0.9543396552625206
-13.049999233335257,-46.79999973624945,0.13541020162296988,0.9236102694553091
-12.999999232590199,-46.79999973624945,0.11622777072899887,0.9423659829021658
-12.94999923184514,-46.74999973550439,0.15355339586162983,0.9180340054098997
-12.849999230355024,-46.74999973550439,0.11622777072899887,0.9543396552625206
-12.799999229609966,-46.69999973475933,0.13541020162296988,0.9236102694553091
-12.749999228864908,-46.69999973475933,0.11622777072899887,0.9401754420890758
-12.69999922811985,-46.64999973401427,0.13541020162296988,0.906797197551496
-12.649999227374792,-46.64999973401427,0.11622777072899887,0.9236102694553091
-12.599999226629734,-46.599999733269215,0.15355339586162983,0.8965856263134644
-12.499999225139618,-46.599999733269215,0.11622777072899887,0.9412712380575992
-12.44999922439456,-46.54999973252416,0.13541020162296988,0.9180340054098997
-12.399999223649502,-46.54999973252416,0.11622777072899887,0.9412712380575992
-12.349999222904444,-46.4999997317791,0.13541020162296988,0.9180340054098997
-12.299999222159386,-46.4999997317791,0.11622777072899887,0.9412712380575992
-12.249999221414328,-46.44999973103404,0.13541020162296988,0.9180340054098997
-12.19999922066927,-46.44999973103404,0.11622777072899887,0.9401754420890758
-12.149999219924212,-46.39999973028898,0.13541020162296988,0.906797197551496
-12.099999219179153,-46.39999973028898,0.11622777072899887,0.9236102694553091
-12.049999218434095,-46.349999729543924,0.15355339586162983,0.8965856263134644
-11.94999921694398,-46.349999729543924,0.11622777072899887,0.9412712380575992
-11.899999216198921,-46.299999728798866,0.13541020162296988,0.9180340054098997
-11.849999215453863,-46.299999728798866,0.11622777072899887,0.9412712380575992
-11.799999214708805,-46.24999972805381,0.13541020162296988,0.9180340054098997
-11.749999213963747,-46.24999972805381,0.11622777072899887,0.9401754420890758
-11.699999213218689,-46.19999972730875,0.13541020162296988,0.906797197551496
-11.649999212473631,-46.19999972730875,0.11622777072899887,0.9236102694553091
-11.599999211728573,-46.14999972656369,0.15355339586162983,0.8965856263134644
-11.499999210238457,-46.14999972656369,0.11622777072899887,0.9412712380575992
-11.449999209493399,-46.099999725818634,0.13541020162296988,0.9180340054098997
-11.39999920874834,-46.099999725818634,0.11622777072899887,0.9401754420890758
-11.349999208003283,-46.049999725073576,0.13541020162296988,0.906797197551496
-11.299999207258224,-46.049999725073576,0.11622777072899887,0.9236102694553091
-11.249999206513166,-45.99999972432852,0.13541020162296988,0.8965856263134644
-11.199999205768108,-45.99999972432852,0.11622777072899887,0.9180340054098997
-11.14999920502305,-45.94999972358346,0.15355339586162983,0.8965856263134644
-11.049999203532934,-45.94999972358346,0.11622777072899887,0.9401754420890758
-10.999999202787876,-45.8999997228384,0.13541020162296988,0.906797197551496
-10.949999202042818,-45.8999997228384,0.11622777072899887,0.9236102694553091
-10.89999920129776,-45.849999722093344,0.13541020162296988,0.8965856263134644
-10.849999200552702,-45.849999722093344,0.11622777072899887,0.9180340054098997
-10.799999199807644,-45.799999721348286,0.13541020162296988,0.8965856263134644
-10.749999199062586,-45.799999721348286,0.11622777072899887,0.9180340054098997
-10.699999198317528,-45.74999972060323,0.15355339586162983,0.8965856263134644
-10.599999196827412,-45.74999972060323,0.11622777072899887,0.9401754420890758
-10.549999196082354,-45.69999971985817,0.13541020162296988,0.906797197551496
-10.499999195337296,-45.69999971985817,0.11622777072899887,0.9236102694553091
-10.449999194592237,-45.64999971911311,0.13541020162296988,0.8965856263134644
-10.39999919384718,-45.64999971911311,0.11622777072899887,0.9180340054098997
-10.349999193102121,-45.59999971836805,0.13541020162296988,0.8965856263134644
-10.299999192357063,-45.59999971836805,0.11622777072899887,0.9180340054098997
-10.249999191612005,-45.549999717622995,0.13541020162296988,0.8920164996643914
-10.199999190866947,-45.549999717622995,0.11622777072899887,0.906797197551496
-10.14999919012189,-45.49999971687794,0.15355339586162983,0.8770329774759426
-10.049999188631773,-45.49999971687794,0.11622777072899887,0.9180340054098997
-9.999999187886715,-45.44999971613288,0.13541020162296988,0.8965856263134644
-9.949999187141657,-45.44999971613288,0.11622777072899887,0.9180340054098997
-9.899999186396599,-45.39999971538782,0.13541020162296988,0.8965856263134644
-9.84999918565154,-45.39999971538782,0.11622777072899887,0.9180340054098997
-9.799999184906483,-45.34999971464276,0.13541020162296988,0.8920164996643914
-9.749999184161425,-45.34999971464276,0.11622777072899887,0.906797197551496
-9.699999183416367,-45.299999713897705,0.15355339586162983,0.8770329774759426
-9.59999918192625,-45.299999713897705,0.11622777072899887,0.9180340054098997
-9.549999181181192,-45.24999971315265,0.13541020162296988,0.8965856263134644
-9.499999180436134,-45.24999971315265,0.11622777072899887,0.9180340054098997
-9.449999179691076,-45.19999971240759,0.13541020162296988,0.8920164996643914
-9.399999178946018,-45.19999971240759,0.11622777072899887,0.906797197551496
-9.34999917820096,-45.14999971166253,0.13541020162296988,0.8770329774759426
-9.299999177455902,-45.14999971166253,0.11622777072899887,0.8965856263134644
-9.249999176710844,-45.09999971091747,0.15355339586162983,0.8735455436762694
-9.149999175220728,-45.09999971091747,0.11622777072899887,0.9180340054098997
-9.09999917447567,-45.049999710172415,0.13541020162296988,0.8920164996643914
-9.049999173730612,-45.049999710172415,0.11622777072899887,0.906797197551496
-8.999999172985554,-44.99999970942736,0.13541020162296988,0.8770329774759426
-8.949999172240496,-44.99999970942736,0.11622777072899887,0.8965856263134644
-8.899999171495438,-44.9499997086823,0.13541020162296988,0.8735455436762694
-8.84999917075038,-44.9499997086823,0.11622777072899887,0.8965856263134644
-8.799999170005322,-44.89999970793724,0.15355339586162983,0.8735455436762694
-8.699999168515205,-44.89999970793724,0.11622777072899887,0.9180340054098997
-8.649999167770147,-44.84999970719218,0.13541020162296988,0.8920164996643914
-8.59999916702509,-44.84999970719218,0.11622777072899887,0.906797197551496
-8.549999166280031,-44.799999706447124,0.13541020162296988,0.8770329774759426
-8.499999165534973,-44.799999706447124,0.11622777072899887,0.8965856263134644
-8.449999164789915,-44.749999705702066,0.13541020162296988,0.8735455436762694
-8.399999164044857,-44.749999705702066,0.11622777072899887,0.8965856263134644
-8.349999163299799,-44.69999970495701,0.13541020162296988,0.8735455436762694
-8.299999162554741,-44.69999970495701,0.11622777072899887,0.8965856263134644
-8.249999161809683,-44.64999970421195,0.15355339586162983,0.8735455436762694
-8.149999160319567,-44.64999970421195,0.11622777072899887,0.906797197551496
-8.099999159574509,-44.59999970346689,0.13541020162296988,0.8770329774759426
-8.04999915882945,-44.59999970346689,0.11622777072899887,0.8965856263134644
-7.9999991580843925,-44.549999702721834,0.13541020162296988,0.8735455436762694
-7.9499991573393345,-44.549999702721834,0.11622777072899887,0.8965856263134644
-7.899999156594276,-44.499999701976776,0.13541020162296988,0.8735455436762694
-7.849999155849218,-44.499999701976776,0.11622777072899887,0.8920164996643914
-7.79999915510416,-44.44999970123172,0.15355339586162983,0.8594810208083519
-7.699999153614044,-44.44999970123172,0.11622777072899887,0.8965856263134644
-7.649999152868986,-44.39999970048666,0.13541020162296988,0.8735455436762694
-7.599999152123928,-44.39999970048666,0.11622777072899887,0.8965856263134644
-7.54999915137887,-44.3499996997416,0.13541020162296988,0.8735455436762694
-7.499999150633812,-44.3499996997416,0.11622777072899887,0.8965856263134644
-7.449999149888754,-44.299999698996544,0.13541020162296988,0.8735455436762694
-7.399999149143696,-44.299999698996544,0.11622777072899887,0.8920164996643914
-7.349999148398638,-44.249999698251486,0.15355339586162983,0.8594810208083519
-7.249999146908522,-44.249999698251486,0.11622777072899887,0.8965856263134644
-7.199999146163464,-44.19999969750643,0.13541020162296988,0.8735455436762694
-7.1499991454184055,-44.19999969750643,0.11622777072899887,0.8965856263134644
-7.0999991446733475,-44.14999969676137,0.13541020162296988,0.8735455436762694
-7.049999143928289,-44.14999969676137,0.11622777072899887,0.8920164996643914
-6.999999143183231,-44.09999969601631,0.13541020162296988,0.8594810208083519
-6.899999141693115,-44.09999969601631,0.09154759908666274,0.8965856263134644
-6.849999140948057,-44.049999695271254,0.11622777072899887,0.8735455436762694
-6.799999140202999,-44.049999695271254,0.10413813104692221,0.8965856263134644
-6.749999139457941,-43.999999694526196,0.13541020162296988,0.8735455436762694
-6.699999138712883,-43.999999694526196,0.11622777072899887,0.8965856263134644
-6.649999137967825,-43.94999969378114,0.13541020162296988,0.8735455436762694
-6.599999137222767,-43.94999969378114,0.11622777072899887,0.8920164996643914
-6.549999136477709,-43.89999969303608,0.13541020162296988,0.8594810208083519
-6.449999134987593,-43.89999969303608,0.09154759908666274,0.8965856263134644
-6.399999134242535,-43.84999969229102,0.11622777072899887,0.8735455436762694
-6.349999133497477,-43.84999969229102,0.10413813104692221,0.8965856263134644
-6.2999991327524185,-43.79999969154596,0.13541020162296988,0.8735455436762694
-6.2499991320073605,-43.79999969154596,0.11622777072899887,0.8965856263134644
-6.199999131262302,-43.749999690800905,0.13541020162296988,0.8735455436762694
-6.149999130517244,-43.749999690800905,0.11622777072899887,0.8920164996643914
-6.099999129772186,-43.69999969005585,0.13541020162296988,0.8594810208083519
-5.99999912828207,-43.69999969005585,0.09154759908666274,0.8965856263134644
-5.949999127537012,-43.64999968931079,0.11622777072899887,0.8735455436762694
-5.899999126791954,-43.64999968931079,0.10413813104692221,0.8965856263134644
-5.849999126046896,-43.59999968856573,0.13541020162296988,0.8735455436762694
-5.799999125301838,-43.59999968856573,0.11622777072899887,0.8965856263134644
-5.74999912455678,-43.54999968782067,0.13541020162296988,0.8735455436762694
-5.699999123811722,-43.54999968782067,0.11622777072899887,0.8965856263134644
-5.649999123066664,-43.499999687075615,0.13541020162296988,0.8735455436762694
-5.599999122321606,-43.499999687075615,0.11622777072899887,0.8965856263134644
-5.549999121576548,-43.44999968633056,0.13541020162296988,0.8735455436762694
-5.49999912083149,-43.44999968633056,0.11622777072899887,0.8965856263134644
-5.4499991200864315,-43.3999996855855,0.15355339586162983,0.8735455436762694
-5.349999118596315,-43.3999996855855,0.11622777072899887,0.9236102694553091
-5.299999117851257,-43.34999968484044,0.13541020162296988,0.9101801821016996
-5.249999117106199,-43.34999968484044,0.11622777072899887,0.9401754420890758
-5.199999116361141,-43.29999968409538,0.13541020162296988,0.9180340054098997
-5.149999115616083,-43.29999968409538,0.11622777072899887,0.9412712380575992
-5.099999114871025,-43.249999683350325,0.13541020162296988,0.9180340054098997
-5.049999114125967,-43.249999683350325,0.11622777072899887,0.9412712380575992
-4.999999113380909,-43.19999968260527,0.13541020162296988,0.9180340054098997
-4.949999112635851,-43.19999968260527,0.11622777072899887,0.9412712380575992
-4.899999111890793,-43.14999968186021,0.15355339586162983,0.9236102694553091
-4.799999110400677,-43.14999968186021,0.11622777072899887,0.9800423897045963
-4.699999108910561,-43.04999968037009,0.160555132919089,0.9412712380575992
-4.6499991081655025,-43.04999968037009,0.13541020162296988,0.9629703522909092
-4.5999991074204445,-42.999999679625034,0.160555132919089,0.9412712380575992
-4.549999106675386,-42.999999679625034,0.13541020162296988,0.9629703522909092
-4.499999105930328,-42.949999678879976,0.16400549988813046,0.9412712380575992
-4.399999104440212,-42.949999678879976,0.13541020162296988,0.9926860619600634
-4.349999103695154,-42.89999967813492,0.160555132919089,0.9800423897045963
-4.299999102950096,-42.89999967813492,0.13541020162296988,1.008304615364599
-4.249999102205038,-42.84999967738986,0.160555132919089,0.9853269767757179
-4.19999910145998,-42.84999967738986,0.13541020162296988,1.008304615364599
-4.149999100714922,-42.7999996766448,0.160555132919089,0.9853269767757179
-4.099999099969864,-42.7999996766448,0.13541020162296988,1.008304615364599
-4.049999099224806,-42.749999675899744,0.160555132919089,0.9853269767757179
-3.9999990984797478,-42.749999675899744,0.13541020162296988,1.0093386802653328
-3.9499990977346897,-42.699999675154686,0.15355339586162983,0.9926860619600634
-3.8999990969896317,-42.699999675154686,0.12015621664234175,1.0206555797625556
-3.7999990954995155,-42.59999967366457,0.15355339586162983,0.9853269767757179
-3.7499990947544575,-42.59999967366457,0.12015621664234175,1.008304615364599
-3.6499990932643414,-42.499999672174454,0.15355339586162983,0.966190396346651
-3.5999990925192833,-42.499999672174454,0.12015621664234175,0.9926860619600634
-3.499999091029167,-42.39999967068434,0.15355339586162983,0.966190396346651
-3.449999090284109,-42.39999967068434,0.12015621664234175,0.9926860619600634
-3.349999088793993,-42.29999966919422,0.15355339586162983,0.9715374688432665
-3.299999088048935,-42.29999966919422,0.12015621664234175,1.0041594758226038
-3.199999086558819,-42.199999667704105,0.15355339586162983,0.9800423897045963
-3.1499990858137608,-42.199999667704105,0.12015621664234175,1.0103718617269664
-3.0499990843236446,-42.09999966621399,0.15355339586162983,0.9926860619600634
-2.9999990835785866,-42.09999966621399,0.12015621664234175,1.0206555797625556
-2.8499990813434124,-41.949999663978815,0.160555132919089,0.9926860619600634
-2.7999990805983543,-41.949999663978815,0.13541020162296988,1.0206555797625556
-2.699999079108238,-41.8499996624887,0.160555132919089,1.0041594758226038
-2.64999907836318,-41.8499996624887,0.13541020162296988,1.0349089219244234
-2.549999076873064,-41.74999966099858,0.160555132919089,1.0103718617269664
-2.499999076128006,-41.74999966099858,0.13541020162296988,1.0419742533442804
-2.39999907463789,-41.64999965950847,0.160555132919089,1.0206555797625556
-2.349999073892832,-41.64999965950847,0.13541020162296988,1.0500000186264515
-2.1999990716576576,-41.49999965727329,0.18078866096738858,1.0206555797625556
-2.1499990709125996,-41.49999965727329,0.15355339586162983,1.0500000186264515
-1.9999990686774254,-41.34999965503812,0.18078866096738858,1.0206555797625556
-1.9499990679323673,-41.34999965503812,0.15355339586162983,1.0500000186264515
-1.699999064207077,-41.09999965131283,0.160555132919089,1.0041594758226038
-1.649999063462019,-41.09999965131283,0.13541020162296988,1.0379418587607656
-1.2999990582466125,-40.74999964609742,0.18078866096738858,1.0374368855157046
-1.2499990575015545,-40.74999964609742,0.15355339586162983,1.0727922251018673
-0.799999050796032,-40.2999996393919,0.15355339586162983,1.0727922251018673
-0.799999050796032,-40.24999963864684,0.18078866096738858,1.0374368855157046
-0.5499990470707417,-39.99999963492155,0.13541020162296988,1.0374368855157046
-0.5499990470707417,-39.94999963417649,0.160555132919089,1.0020815459295414
-0.2499990426003933,-39.649999629706144,0.11819805627546684,1.0020815459295414
-0.2499990426003933,-39.599999628961086,0.15355339586162983,0.9672617703864308
-0.09999904036521912,-39.44999962672591,0.12015621664234175,0.9926860619600634
-0.09999904036521912,-39.399999625980854,0.15355339586162983,0.966190396346651
-0.049999039620161057,-39.349999625235796,0.13541020162296988,0.9800423897045963
-0.049999039620161057,-39.29999962449074,0.160555132919089,0.9510864604746585
0.10000096261501312,-39.149999622255564,0.11622777072899887,0.9800423897045963
0.10000096261501312,-39.099999621510506,0.13541020162296988,0.9510864604746585
0.20000096410512924,-38.99999962002039,0.11622777072899887,0.9800423897045963
0.20000096410512924,-38.94999961927533,0.13541020162296988,0.9510864604746585
0.30000096559524536,-38.849999617785215,0.11622777072899887,0.9800423897045963
0.30000096559524536,-38.79999961704016,0.13541020162296988,0.9510864604746585
0.3500009663403034,-38.7499996162951,0.11622777072899887,0.966190396346651
0.3500009663403034,-38.69999961555004,0.13541020162296988,0.933578421767098
0.45000096783041954,-38.599999614059925,0.11622777072899887,0.9510864604746585
0.45000096783041954,-38.54999961331487,0.13541020162296988,0.9236102694553091
0.5500009693205357,-38.44999961182475,0.11622777072899887,0.9510864604746585
0.5500009693205357,-38.39999961107969,0.13541020162296988,0.9236102694553091
0.6500009708106518,-38.29999960958958,0.09154759908666274,0.9401754420890758
0.6500009708106518,-38.24999960884452,0.12015621664234175,0.9101801821016996
0.7500009723007679,-38.1499996073544,0.09154759908666274,0.9412712380575992
0.7500009723007679,-38.099999606609344,0.12015621664234175,0.9180340054098997
0.800000973045826,-38.049999605864286,0.11622777072899887,0.9412712380575992
0.800000973045826,-37.99999960511923,0.13541020162296988,0.9180340054098997
0.9000009745359421,-37.89999960362911,0.11622777072899887,0.9629703522909092
0.9000009745359421,-37.849999602884054,0.13541020162296988,0.9412712380575992
0.9500009752810001,-37.799999602138996,0.11622777072899887,0.9629703522909092
0.9500009752810001,-37.74999960139394,0.13541020162296988,0.9412712380575992
1.0000009760260582,-37.69999960064888,0.12015621664234175,0.9629703522909092
1.0000009760260582,-37.64999959990382,0.15355339586162983,0.9412712380575992
1.1000009775161743,-37.549999598413706,0.12015621664234175,0.9853269767757179
1.1000009775161743,-37.49999959766865,0.15355339586162983,0.9629703522909092
1.2000009790062904,-37.39999959617853,0.12015621664234175,1.008304615364599
1.2000009790062904,-37.349999595433474,0.15355339586162983,0.9853269767757179
1.2500009797513485,-37.299999594688416,0.13541020162296988,1.008304615364599
1.2500009797513485,-37.24999959394336,0.160555132919089,0.9853269767757179
1.3000009804964066,-37.1999995931983,0.13541020162296988,1.008304615364599
1.3000009804964066,-37.14999959245324,0.160555132919089,0.9884864501102992
1.3500009812414646,-37.09999959170818,0.13541020162296988,1.0175795843319415
1.3500009812414646,-37.049999590963125,0.160555132919089,1.0020815459295414
1.4000009819865227,-36.99999959021807,0.13541020162296988,1.0298374059508897
1.4000009819865227,-36.94999958947301,0.160555132919089,1.008304615364599
1.4500009827315807,-36.89999958872795,0.13541020162296988,1.0298374059508897
1.4500009827315807,-36.84999958798289,0.160555132919089,1.008304615364599
1.5000009834766388,-36.799999587237835,0.13541020162296988,1.0298374059508897
1.5000009834766388,-36.74999958649278,0.160555132919089,1.008304615364599
1.5500009842216969,-36.69999958574772,0.13541020162296988,1.0298374059508897
1.5500009842216969,-36.64999958500266,0.160555132919089,1.008304615364599
1.600000984966755,-36.5999995842576,0.13541020162296988,1.0298374059508897
1.600000984966755,-36.549999583512545,0.160555132919089,1.008304615364599
1.650000985711813,-36.49999958276749,0.13541020162296988,1.0298374059508897
1.650000985711813,-36.39999958127737,0.18078866096738858,0.9884864501102992
1.700000986456871,-36.34999958053231,0.160555132919089,1.0175795843319415
1.700000986456871,-36.299999579787254,0.18078866096738858,1.0020815459295414
1.750000987201929,-36.249999579042196,0.160555132919089,1.0298374059508897
1.750000987201929,-36.19999957829714,0.18078866096738858,1.008304615364599
1.8000009879469872,-36.14999957755208,0.160555132919089,1.0349089219244234
1.8000009879469872,-36.09999957680702,0.18078866096738858,1.0175795843319415
1.8500009886920452,-36.049999576061964,0.160555132919089,1.0500000186264515
1.8500009886920452,-35.999999575316906,0.18078866096738858,1.0298374059508897
1.9000009894371033,-35.94999957457185,0.160555132919089,1.0539936390844065
1.9000009894371033,-35.89999957382679,0.18078866096738858,1.0349089219244234
1.9500009901821613,-35.84999957308173,0.160555132919089,1.0649110829159956
1.9500009901821613,-35.799999572336674,0.18078866096738858,1.0500000186264515
2.0000009909272194,-35.749999571591616,0.160555132919089,1.0747548973935241
2.0000009909272194,-35.6499995701015,0.20311289342177757,1.0298374059508897
2.0500009916722775,-35.59999956935644,0.16400549988813046,1.0539936390844065
2.0500009916722775,-35.499999567866325,0.20311289342177757,1.0175795843319415
2.1000009924173355,-35.44999956712127,0.16400549988813046,1.0500000186264515
2.1000009924173355,-35.34999956563115,0.20311289342177757,1.008304615364599
2.1500009931623936,-35.29999956488609,0.16400549988813046,1.0349089219244234
2.1500009931623936,-35.19999956339598,0.20311289342177757,1.0020815459295414
2.2000009939074516,-35.14999956265092,0.16400549988813046,1.0298374059508897
2.2000009939074516,-35.0499995611608,0.20311289342177757,0.9884864501102992
2.2500009946525097,-34.999999560415745,0.16400549988813046,1.0175795843319415
2.2500009946525097,-34.89999955892563,0.20000000596046447,0.9853269767757179
2.3000009953975677,-34.84999955818057,0.15355339586162983,1.008304615364599
2.3000009953975677,-34.749999556690454,0.18078866096738858,0.9704700085133247
2.350000996142626,-34.699999555945396,0.15355339586162983,1.0020815459295414
2.350000996142626,-34.59999955445528,0.18078866096738858,0.9629703522909092
2.400000996887684,-34.54999955371022,0.15355339586162983,0.9853269767757179
2.400000996887684,-34.499999552965164,0.16400549988813046,0.9629703522909092
2.450000997632742,-34.449999552220106,0.13541020162296988,0.9884864501102992
2.450000997632742,-34.34999955072999,0.16400549988813046,0.9543396552625206
2.5000009983778,-34.29999954998493,0.13541020162296988,0.9853269767757179
2.5000009983778,-34.199999548494816,0.16400549988813046,0.9423659829021658
2.550000999122858,-34.14999954774976,0.13541020162296988,0.9704700085133247
2.550000999122858,-34.04999954625964,0.16400549988813046,0.9401754420890758
2.600000999867916,-33.999999545514584,0.13541020162296988,0.9629703522909092
2.600000999867916,-33.89999954402447,0.16400549988813046,0.9236102694553091
2.650001000612974,-33.84999954327941,0.13541020162296988,0.9543396552625206
2.650001000612974,-33.74999954178929,0.16400549988813046,0.9236102694553091
2.7000010013580322,-33.699999541044235,0.13541020162296988,0.9543396552625206
2.7000010013580322,-33.59999953955412,0.15355339586162983,0.9236102694553091
2.7500010021030903,-33.54999953880906,0.11622777072899887,0.9543396552625206
2.7500010021030903,-33.449999537318945,0.15355339586162983,0.9236102694553091
2.8000010028481483,-33.39999953657389,0.11622777072899887,0.9543396552625206
2.8000010028481483,-33.29999953508377,0.15355339586162983,0.9236102694553091
2.8500010035932064,-33.24999953433871,0.11622777072899887,0.9543396552625206
2.8500010035932064,-33.1499995328486,0.15355339586162983,0.9236102694553091
2.9000010043382645,-33.09999953210354,0.11622777072899887,0.9543396552625206
2.9000010043382645,-32.899999529123306,0.15355339586162983,0.8920164996643914
2.9500010050833225,-32.84999952837825,0.11622777072899887,0.9236102694553091
2.9500010050833225,-32.649999525398016,0.15355339586162983,0.8594810208083519
3.0000010058283806,-32.59999952465296,0.11622777072899887,0.8920164996643914
3.0000010058283806,-32.399999521672726,0.15355339586162983,0.8547511712034664
3.0500010065734386,-32.34999952092767,0.11622777072899887,0.8920164996643914
3.0500010065734386,-32.149999517947435,0.15355339586162983,0.8547511712034664
3.1000010073184967,-32.09999951720238,0.11622777072899887,0.8920164996643914
3.1000010073184967,-31.899999514222145,0.15355339586162983,0.8547511712034664
3.1500010080635548,-31.849999513477087,0.11622777072899887,0.8920164996643914
3.1500010080635548,-31.649999510496855,0.15355339586162983,0.8547511712034664
3.200001008808613,-31.599999509751797,0.11622777072899887,0.9011357936854637
3.200001008808613,-29.099999472498894,0.11622777072899887,0.8500000156462193
3.1500010080635548,-29.049999471753836,0.15355339586162983,0.8000000149011612
3.1500010080635548,-26.64999943599105,0.11622777072899887,0.8500000156462193
3.1000010073184967,-26.59999943524599,0.15355339586162983,0.8000000149011612
3.1000010073184967,-24.199999399483204,0.10413813104692221,0.8440306664483241
3.0500010065734386,-24.149999398738146,0.1500000052154064,0.8000000149011612
3.0500010065734386,-21.6999993622303,0.10000000447034836,0.8000000149011612
3.0000010058283806,-21.649999361485243,0.1500000052154064,0.7500000141561032
3.0000010058283806,-19.299999326467514,0.10000000447034836,0.8000000149011612
2.9500010050833225,-19.249999325722456,0.1500000052154064,0.7500000141561032
2.9500010050833225,-16.84999928995967,0.10000000447034836,0.8000000149011612
2.9000010043382645,-16.79999928921461,0.1500000052154064,0.7500000141561032
2.9000010043382645,-14.449999254196882,0.10000000447034836,0.8000000149011612
2.8500010035932064,-14.399999253451824,0.1500000052154064,0.7500000141561032
2.8500010035932064,-11.549999210983515,0.10000000447034836,0.7962429571037405
2.8000010028481483,-11.499999210238457,0.1500000052154064,0.7500000141561032
2.8000010028481483,-8.399999164044857,0.10000000447034836,0.7962429571037405
2.7500010021030903,-8.349999163299799,0.1500000052154064,0.7500000141561032
2.7500010021030903,-5.249999117106199,0.10000000447034836,0.7962429571037405
2.7000010013580322,-5.199999116361141,0.1500000052154064,0.7500000141561032
2.7000010013580322,-2.39999907463789,0.06925824436898563,0.7500000141561032
2.650001000612974,-2.349999073892832,0.10413813104692221,0.7013878322977225
2.650001000612974,0.05000096186995506,0.06925824436898563,0.7500000141561032
2.600000999867916,0.10000096261501312,0.10413813104692221,0.7000000134110451
2.600000999867916,2.450000997632742,0.06925824436898563,0.7500000141561032
2.550000999122858,2.5000009983778,0.10413813104692221,0.7000000134110451
2.550000999122858,4.900001034140587,0.06925824436898563,0.7500000141561032
2.5000009983778,4.950001034885645,0.10413813104692221,0.7000000134110451
2.5000009983778,7.800001077353954,0.10413813104692221,0.7486833121869966
2.550000999122858,7.850001078099012,0.06925824436898563,0.7823441498574933
2.550000999122858,8.15000108256936,0.10413813104692221,0.7500000141561032
2.600000999867916,8.200001083314419,0.06925824436898563,0.8000000149011612
2.600000999867916,8.350001085549593,0.10413813104692221,0.7656604101808596
2.650001000612974,8.400001086294651,0.06925824436898563,0.7962429571037405
2.650001000612974,8.500001087784767,0.10413813104692221,0.7708244064137908
2.7000010013580322,8.550001088529825,0.06925824436898563,0.8111874358757011
2.7000010013580322,8.650001090019941,0.10413813104692221,0.7823441498574933
2.7500010021030903,8.700001090765,0.06925824436898563,0.8198039179148193
2.7500010021030903,8.800001092255116,0.10413813104692221,0.7962429571037405
2.8000010028481483,8.850001093000174,0.06925824436898563,0.8295630294403845
2.8000010028481483,8.95000109449029,0.10413813104692221,0.7848857948555522
2.8500010035932064,9.000001095235348,0.06925824436898563,0.8062306048689096
2.8500010035932064,9.050001095980406,0.09154759908666274,0.7848857948555522
2.9000010043382645,9.100001096725464,0.06925824436898563,0.8124228516521053
2.9000010043382645,9.150001097470522,0.09154759908666274,0.7962429571037405
2.9500010050833225,9.20000109821558,0.06925824436898563,0.8295630294403845
2.9500010050833225,9.250001098960638,0.09154759908666274,0.8062306048689096
3.0000010058283806,9.300001099705696,0.06925824436898563,0.8295630294403845
3.0000010058283806,9.350001100450754,0.09154759908666274,0.8062306048689096
3.0500010065734386,9.400001101195812,0.06925824436898563,0.8307764217641807
3.0500010065734386,9.45000110194087,0.09154759908666274,0.8124228516521053
3.1000010073184967,9.500001102685928,0.06925824436898563,0.8440306664483241
3.1000010073184967,9.550001103430986,0.09154759908666274,0.8295630294403845
3.1500010080635548,9.600001104176044,0.06925824436898563,0.8404326178378946
3.1500010080635548,9.650001104921103,0.09154759908666274,0.8124228516521053
3.200001008808613,9.70000110566616,0.06925824436898563,0.8295630294403845
3.200001008808613,9.750001106411219,0.09154759908666274,0.8000000149011612
3.250001009553671,9.800001107156277,0.06925824436898563,0.8124228516521053
3.250001009553671,9.850001107901335,0.09154759908666274,0.7861541608606429
3.400001011788845,10.000001110136509,0.06925824436898563,0.8404326178378946
3.400001011788845,10.050001110881567,0.09154759908666274,0.8124228516521053
3.500001013278961,10.150001112371683,0.06925824436898563,0.8404326178378946
3.500001013278961,10.200001113116741,0.09154759908666274,0.8124228516521053
3.6500010155141354,10.350001115351915,0.06925824436898563,0.8547511712034664
3.6500010155141354,10.400001116096973,0.09154759908666274,0.8295630294403845
3.7500010170042515,10.50000111758709,0.06925824436898563,0.8547511712034664
3.7500010170042515,10.550001118332148,0.09154759908666274,0.8253048479987265
4.150001022964716,10.950001124292612,0.06925824436898563,0.8606601875848896
4.150001022964716,11.00000112503767,0.09154759908666274,0.8253048479987265
5.350001040846109,12.200001142919064,0.11622777072899887,0.8404326178378946
5.4000010415911674,12.200001142919064,0.08284271668930387,0.8700467438965735
5.700001046061516,12.500001147389412,0.11819805627546684,0.8547511712034664
5.750001046806574,12.500001147389412,0.08284271668930387,0.8816653987572671
6.050001051276922,12.80000115185976,0.12015621664234175,0.8606601875848896
6.10000105202198,12.80000115185976,0.09154759908666274,0.8960155271710525
6.3000010550022125,13.000001154839993,0.12015621664234175,0.8606601875848896
6.350001055747271,13.000001154839993,0.09154759908666274,0.8960155271710525
6.600001059472561,13.250001158565283,0.12015621664234175,0.8700467438965735
6.650001060217619,13.250001158565283,0.09154759908666274,0.9011357936854637
6.800001062452793,13.400001160800457,0.11819805627546684,0.8700467438965735
6.850001063197851,13.400001160800457,0.08284271668930387,0.8977249363623835
6.950001064687967,13.500001162290573,0.11622777072899887,0.8700467438965735
7.000001065433025,13.500001162290573,0.08284271668930387,0.8977249363623835
7.1500010676681995,13.650001164525747,0.12015621664234175,0.8630145971136167
7.200001068413258,13.650001164525747,0.09154759908666274,0.8965856263134644
7.250001069158316,13.700001165270805,0.11622777072899887,0.8816653987572671
7.300001069903374,13.700001165270805,0.09154759908666274,0.9101801821016996
7.40000107139349,13.800001166760921,0.12015621664234175,0.8816653987572671
7.450001072138548,13.800001166760921,0.09154759908666274,0.9101801821016996
7.550001073628664,13.900001168251038,0.13541020162296988,0.8816653987572671
7.600001074373722,13.900001168251038,0.11622777072899887,0.9101801821016996
7.65000107511878,13.950001168996096,0.12015621664234175,0.8977249363623835
7.700001075863838,13.950001168996096,0.09154759908666274,0.9236102694553091
7.800001077353954,14.050001170486212,0.13541020162296988,0.8977249363623835
7.850001078099012,14.050001170486212,0.11622777072899887,0.9236102694553091
7.90000107884407,14.10000117123127,0.12015621664234175,0.9101801821016996
7.9500010795891285,14.10000117123127,0.09154759908666274,0.9401754420890758
8.050001081079245,14.200001172721386,0.13541020162296988,0.8920164996643914
8.100001081824303,14.200001172721386,0.11622777072899887,0.906797197551496
8.15000108256936,14.250001173466444,0.12015621664234175,0.8770329774759426
8.200001083314419,14.250001173466444,0.09154759908666274,0.8965856263134644
8.250001084059477,14.300001174211502,0.11622777072899887,0.8735455436762694
8.300001084804535,14.300001174211502,0.10413813104692221,0.8965856263134644
8.350001085549593,14.35000117495656,0.13541020162296988,0.8735455436762694
8.400001086294651,14.35000117495656,0.11622777072899887,0.8965856263134644
8.450001087039709,14.400001175701618,0.15355339586162983,0.8735455436762694
8.550001088529825,14.400001175701618,0.11622777072899887,0.9180340054098997
8.600001089274883,14.450001176446676,0.13541020162296988,0.8965856263134644
8.650001090019941,14.450001176446676,0.11622777072899887,0.9180340054098997
8.700001090765,14.500001177191734,0.15355339586162983,0.8965856263134644
8.800001092255116,14.500001177191734,0.11622777072899887,0.9401754420890758
8.850001093000174,14.550001177936792,0.13541020162296988,0.906797197551496
8.900001093745232,14.550001177936792,0.11622777072899887,0.9236102694553091
8.95000109449029,14.60000117868185,0.15355339586162983,0.8965856263134644
9.050001095980406,14.60000117868185,0.11622777072899887,0.9412712380575992
9.100001096725464,14.650001179426908,0.13541020162296988,0.9180340054098997
9.150001097470522,14.650001179426908,0.11622777072899887,0.9401754420890758
9.20000109821558,14.700001180171967,0.15355339586162983,0.906797197551496
9.300001099705696,14.700001180171967,0.11622777072899887,0.9401754420890758
9.350001100450754,14.750001180917025,0.15355339586162983,0.906797197551496
9.45000110194087,14.750001180917025,0.11622777072899887,0.9401754420890758
9.500001102685928,14.800001181662083,0.13541020162296988,0.906797197551496
9.550001103430986,14.800001181662083,0.11622777072899887,0.9180340054098997
9.600001104176044,14.85000118240714,0.15355339586162983,0.8793516733297382
9.70000110566616,14.85000118240714,0.11622777072899887,0.906797197551496
9.750001106411219,14.900001183152199,0.15355339586162983,0.8770329774759426
9.900001108646393,14.900001183152199,0.11622777072899887,0.9180340054098997
9.95000110939145,14.950001183897257,0.15355339586162983,0.8793516733297382
10.050001110881567,14.950001183897257,0.11622777072899887,0.906797197551496
10.100001111626625,15.000001184642315,0.15355339586162983,0.8770329774759426
10.2500011138618,15.000001184642315,0.11622777072899887,0.9236102694553091
10.300001114606857,15.050001185387373,0.15355339586162983,0.8920164996643914
10.400001116096973,15.050001185387373,0.11622777072899887,0.9180340054098997
10.450001116842031,15.100001186132431,0.15355339586162983,0.8793516733297382
10.600001119077206,15.100001186132431,0.11622777072899887,0.9236102694553091
10.650001119822264,15.150001186877489,0.15355339586162983,0.8920164996643914
10.800001122057438,15.150001186877489,0.11622777072899887,0.9401754420890758
10.850001122802496,15.200001187622547,0.15355339586162983,0.906797197551496
10.950001124292612,15.200001187622547,0.11622777072899887,0.9280514340771239
11.00000112503767,15.250001188367605,0.15355339586162983,0.8920164996643914
11.150001127272844,15.250001188367605,0.11622777072899887,0.9401754420890758
11.200001128017902,15.300001189112663,0.15355339586162983,0.906797197551496
11.300001129508018,15.300001189112663,0.11622777072899887,0.9280514340771239
11.350001130253077,15.350001189857721,0.15355339586162983,0.8920164996643914
11.50000113248825,15.350001189857721,0.11622777072899887,0.9101801821016996
11.550001133233309,15.40000119060278,0.15355339586162983,0.8688779322491196
11.700001135468483,15.40000119060278,0.11622777072899887,0.9011357936854637
11.750001136213541,15.450001191347837,0.15355339586162983,0.8547511712034664
11.900001138448715,15.450001191347837,0.10413813104692221,0.8793516733297382
11.950001139193773,15.500001192092896,0.1500000052154064,0.8440306664483241
12.100001141428947,15.500001192092896,0.10413813104692221,0.8688779322491196
12.150001142174006,15.550001192837954,0.1500000052154064,0.8307764217641807
12.400001145899296,15.550001192837954,0.10413813104692221,0.8688779322491196
12.450001146644354,15.600001193583012,0.1500000052154064,0.8307764217641807
12.700001150369644,15.600001193583012,0.10413813104692221,0.8688779322491196
12.750001151114702,15.65000119432807,0.1500000052154064,0.8307764217641807
13.000001154839993,15.65000119432807,0.10413813104692221,0.8793516733297382
13.05000115558505,15.700001195073128,0.1500000052154064,0.8440306664483241
13.30000115931034,15.700001195073128,0.10413813104692221,0.8793516733297382
13.350001160055399,15.750001195818186,0.1500000052154064,0.8440306664483241
14.85000118240714,15.750001195818186,0.18078866096738858,0.9000000163912774
14.900001183152199,15.700001195073128,0.1500000052154064,0.9401754420890758
15.200001187622547,15.700001195073128,0.20000000596046447,0.9000000163912774
15.250001188367605,15.65000119432807,0.1500000052154064,0.9500000171363354
15.500001192092896,15.65000119432807,0.20000000596046447,0.9045361181775966
15.550001192837954,15.600001193583012,0.1500000052154064,0.9510864604746585
15.750001195818186,15.600001193583012,0.18078866096738858,0.906797197551496
15.800001196563244,15.550001192837954,0.15355339586162983,0.9401754420890758
15.90000119805336,15.550001192837954,0.18078866096738858,0.906797197551496
15.950001198798418,15.500001192092896,0.15355339586162983,0.9401754420890758
16.050001200288534,15.500001192092896,0.18078866096738858,0.9180340054098997
16.100001201033592,15.450001191347837,0.15355339586162983,0.9543396552625206
16.20000120252371,15.450001191347837,0.18078866096738858,0.9236102694553091
16.250001203268766,15.40000119060278,0.15355339586162983,0.9543396552625206
16.350001204758883,15.40000119060278,0.18078866096738858,0.9236102694553091
16.40000120550394,15.350001189857721,0.15355339586162983,0.9543396552625206
16.500001206994057,15.350001189857721,0.18078866096738858,0.9280514340771239
16.550001207739115,15.300001189112663,0.15355339586162983,0.9629703522909092
16.65000120922923,15.300001189112663,0.18078866096738858,0.9180340054098997
16.70000120997429,15.250001188367605,0.15355339586162983,0.9412712380575992
16.750001210719347,15.250001188367605,0.16400549988813046,0.9180340054098997
16.800001211464405,15.200001187622547,0.13541020162296988,0.9412712380575992
16.850001212209463,15.200001187622547,0.160555132919089,0.9180340054098997
16.90000121295452,15.150001186877489,0.13541020162296988,0.9412712380575992
16.95000121369958,15.150001186877489,0.160555132919089,0.9180340054098997
17.000001214444637,15.100001186132431,0.13541020162296988,0.9412712380575992
17.050001215189695,15.100001186132431,0.160555132919089,0.9180340054098997
17.100001215934753,15.050001185387373,0.13541020162296988,0.9412712380575992
17.15000121667981,15.050001185387373,0.160555132919089,0.9180340054098997
17.20000121742487,15.000001184642315,0.13541020162296988,0.9423659829021658
17.300001218914986,15.000001184642315,0.18078866096738858,0.906797197551496
17.4000012204051,14.900001183152199,0.13541020162296988,0.9510864604746585
17.45000122115016,14.900001183152199,0.160555132919089,0.9236102694553091
17.500001221895218,14.85000118240714,0.13541020162296988,0.9412712380575992
17.550001222640276,14.85000118240714,0.160555132919089,0.9180340054098997
17.600001223385334,14.800001181662083,0.13541020162296988,0.9401754420890758
17.650001224130392,14.800001181662083,0.160555132919089,0.9101801821016996
17.70000122487545,14.750001180917025,0.13541020162296988,0.9236102694553091
17.750001225620508,14.750001180917025,0.160555132919089,0.8977249363623835
17.800001226365566,14.700001180171967,0.13541020162296988,0.9101801821016996
17.850001227110624,14.700001180171967,0.160555132919089,0.8816653987572671
18.0000012293458,14.550001177936792,0.12015621664234175,0.9011357936854637
18.050001230090857,14.550001177936792,0.15355339586162983,0.8700467438965735
18.150001231580973,14.450001176446676,0.12015621664234175,0.8960155271710525
18.20000123232603,14.450001176446676,0.15355339586162983,0.8606601875848896
18.350001234561205,14.300001174211502,0.12015621664234175,0.8630145971136167
18.400001235306263,14.300001174211502,0.15355339586162983,0.8307764217641807
18.600001238286495,14.10000117123127,0.12015621664234175,0.8606601875848896
18.650001239031553,14.10000117123127,0.15355339586162983,0.825914241721473
18.850001242011786,13.900001168251038,0.11819805627546684,0.8606601875848896
18.900001242756844,13.900001168251038,0.15355339586162983,0.8253048479987265
19.100001245737076,13.700001165270805,0.11819805627546684,0.8547511712034664
19.150001246482134,13.700001165270805,0.15355339586162983,0.8253048479987265
19.400001250207424,13.450001161545515,0.11622777072899887,0.8404326178378946
19.450001250952482,13.450001161545515,0.13541020162296988,0.8124228516521053
19.650001253932714,13.250001158565283,0.09154759908666274,0.8307764217641807
19.700001254677773,13.250001158565283,0.12015621664234175,0.8000000149011612
20.100001260638237,12.850001152604818,0.11819805627546684,0.8547511712034664
20.150001261383295,12.850001152604818,0.15355339586162983,0.8253048479987265
20.400001265108585,12.600001148879528,0.11819805627546684,0.8547511712034664
20.450001265853643,12.600001148879528,0.15355339586162983,0.8253048479987265
20.900001272559166,12.150001142174006,0.12015621664234175,0.8630145971136167
20.950001273304224,12.150001142174006,0.15355339586162983,0.8307764217641807
21.55000128224492,11.550001133233309,0.12015621664234175,0.9011357936854637
21.60000128298998,11.550001133233309,0.15355339586162983,0.8700467438965735
22.10000129044056,11.050001125782728,0.13541020162296988,0.9313708667572156
22.150001291185617,11.050001125782728,0.160555132919089,0.8960155271710525
22.750001300126314,10.450001116842031,0.13541020162296988,0.9313708667572156
22.800001300871372,10.450001116842031,0.160555132919089,0.8960155271710525
23.35000130906701,9.900001108646393,0.13541020162296988,0.9313708667572156
23.40000130981207,9.900001108646393,0.160555132919089,0.8960155271710525
24.050001319497824,9.250001098960638,0.12015621664234175,0.8960155271710525
24.10000132024288,9.250001098960638,0.15355339586162983,0.8606601875848896
24.800001330673695,8.550001088529825,0.12015621664234175,0.8700467438965735
24.850001331418753,8.550001088529825,0.15355339586162983,0.8404326178378946
25.900001347064972,7.500001072883606,0.12015621664234175,0.8606601875848896
25.95000134781003,7.500001072883606,0.15355339586162983,0.8253048479987265
26.850001361221075,6.600001059472561,0.160555132919089,0.8606601875848896
26.850001361221075,6.550001058727503,0.13541020162296988,0.8960155271710525
27.350001368671656,6.050001051276922,0.18078866096738858,0.8960155271710525
27.350001368671656,6.000001050531864,0.15355339586162983,0.9313708667572156
27.800001375377178,5.550001043826342,0.18078866096738858,0.8700467438965735
27.800001375377178,5.500001043081284,0.15355339586162983,0.9011357936854637
28.200001381337643,5.100001037120819,0.160555132919089,0.8307764217641807
28.200001381337643,5.050001036375761,0.13541020162296988,0.8630145971136167
28.400001384317875,4.850001033395529,0.160555132919089,0.825914241721473
28.400001384317875,4.800001032650471,0.13541020162296988,0.8547511712034664
28.55000138655305,4.6500010304152966,0.160555132919089,0.825914241721473
28.55000138655305,4.6000010296702385,0.13541020162296988,0.8547511712034664
28.650001388043165,4.500001028180122,0.15355339586162983,0.8295630294403845
28.650001388043165,4.450001027435064,0.12015621664234175,0.8547511712034664
28.75000138953328,4.350001025944948,0.15355339586162983,0.8295630294403845
28.75000138953328,4.30000102519989,0.12015621664234175,0.8547511712034664
28.850001391023397,4.200001023709774,0.160555132919089,0.8307764217641807
28.850001391023397,4.150001022964716,0.13541020162296988,0.8630145971136167
28.900001391768456,4.100001022219658,0.160555132919089,0.8511898177453807
28.900001391768456,4.0500010214746,0.13541020162296988,0.8735455436762694
29.00000139325857,3.9500010199844837,0.18078866096738858,0.8295630294403845
29.00000139325857,3.9000010192394257,0.160555132919089,0.8511898177453807
29.05000139400363,3.8500010184943676,0.18078866096738858,0.8295630294403845
29.05000139400363,3.7500010170042515,0.15355339586162983,0.8594810208083519
29.100001394748688,3.7000010162591934,0.18078866096738858,0.8307764217641807
29.100001394748688,3.5500010140240192,0.1500000052154064,0.8770329774759426
29.150001395493746,3.500001013278961,0.18078866096738858,0.8440306664483241
29.150001395493746,2.2500009946525097,0.20000000596046447,0.8688779322491196
29.100001394748688,2.2000009939074516,0.1500000052154064,0.9101801821016996
29.100001394748688,1.9000009894371033,0.20311289342177757,0.8440306664483241
29.05000139400363,1.8500009886920452,0.16400549988813046,0.8770329774759426
29.05000139400363,1.750000987201929,0.20000000596046447,0.8295630294403845
29.00000139325857,1.700000986456871,0.15355339586162983,0.8511898177453807
29.00000139325857,1.600000984966755,0.18078866096738858,0.8062306048689096
28.950001392513514,1.5500009842216969,0.160555132919089,0.8295630294403845
28.950001392513514,1.5000009834766388,0.18078866096738858,0.8000000149011612
28.900001391768456,1.4500009827315807,0.160555132919089,0.8124228516521053
28.900001391768456,1.4000009819865227,0.18078866096738858,0.7861541608606429
28.80000139027834,1.3000009804964066,0.13541020162296988,0.8000000149011612
28.80000139027834,1.2500009797513485,0.160555132919089,0.7708244064137908
28.75000138953328,1.2000009790062904,0.13541020162296988,0.7861541608606429
28.75000138953328,1.1500009782612324,0.160555132919089,0.7552486729614543
28.650001388043165,1.0500009767711163,0.13541020162296988,0.7708244064137908
28.650001388043165,1.0000009760260582,0.160555132919089,0.7433981272633877
28.200001381337643,0.5500009693205357,0.160555132919089,0.7219544594674806
28.150001380592585,0.5500009693205357,0.13541020162296988,0.7552486729614543
28.05000137910247,0.45000096783041954,0.160555132919089,0.7300537757457948
28.00000137835741,0.45000096783041954,0.13541020162296988,0.7604686499270252
27.950001377612352,0.4000009670853615,0.160555132919089,0.7433981272633877
27.900001376867294,0.4000009670853615,0.13541020162296988,0.7708244064137908
27.850001376122236,0.3500009663403034,0.160555132919089,0.7604686499270252
27.800001375377178,0.3500009663403034,0.13541020162296988,0.7848857948555522
27.75000137463212,0.30000096559524536,0.16400549988813046,0.7617692174150451
27.700001373887062,0.30000096559524536,0.15355339586162983,0.7848857948555522
27.650001373142004,0.2500009648501873,0.18078866096738858,0.7617692174150451
27.550001371651888,0.2500009648501873,0.15355339586162983,0.7962429571037405
27.50000137090683,0.20000096410512924,0.18078866096738858,0.7656604101808596
22.550001297146082,0.20000096410512924,0.1500000052154064,0.8500000156462193
22.500001296401024,0.15000096336007118,0.20000000596046447,0.8000000149011612
22.10000129044056,0.15000096336007118,0.13541020162296988,0.8000000149011612
22.0500012896955,0.10000096261501312,0.16400549988813046,0.7500000141561032
21.700001284480095,0.10000096261501312,0.13541020162296988,0.7823441498574933
21.650001283735037,0.05000096186995506,0.16400549988813046,0.7486833121869966
21.400001280009747,0.05000096186995506,0.1500000052154064,0.7823441498574933
21.35000127926469,9.611248970031738e-07,0.18078866096738858,0.7486833121869966
21.05000127479434,9.611248970031738e-07,0.1500000052154064,0.8307764217641807
21.000001274049282,-0.049999039620161057,0.20000000596046447,0.7962429571037405
20.900001272559166,-0.049999039620161057,0.16400549988813046,0.8307764217641807
20.850001271814108,-0.09999904036521912,0.20311289342177757,0.7962429571037405
20.75000127032399,-0.09999904036521912,0.16400549988813046,0.8307764217641807
20.700001269578934,-0.14999904111027718,0.20311289342177757,0.7962429571037405
20.600001268088818,-0.14999904111027718,0.16400549988813046,0.8307764217641807
20.55000126734376,-0.19999904185533524,0.20311289342177757,0.8062306048689096
20.5000012665987,-0.19999904185533524,0.18078866096738858,0.8295630294403845
20.450001265853643,-0.2499990426003933,0.19051248961442216,0.8062306048689096
20.400001265108585,-0.2499990426003933,0.160555132919089,0.8295630294403845
20.350001264363527,-0.29999904334545135,0.18078866096738858,0.8124228516521053
20.30000126361847,-0.29999904334545135,0.160555132919089,0.8404326178378946
20.200001262128353,-0.3999990448355675,0.20311289342177757,0.8062306048689096
20.150001261383295,-0.3999990448355675,0.18078866096738858,0.8295630294403845
20.100001260638237,-0.44999904558062553,0.1889087354477928,0.8062306048689096
20.05000125989318,-0.44999904558062553,0.15355339586162983,0.8295630294403845
19.900001257658005,-0.5999990478157997,0.1889087354477928,0.7924716768529406
19.850001256912947,-0.5999990478157997,0.15355339586162983,0.825914241721473
18.75000124052167,-1.699999064207077,0.15355339586162983,0.8124228516521053
18.75000124052167,-1.749999064952135,0.1889087354477928,0.7861541608606429
18.45000123605132,-2.0499990694224834,0.15355339586162983,0.8000000149011612
18.45000123605132,-2.0999990701675415,0.18078866096738858,0.7708244064137908
18.25000123307109,-2.2999990731477737,0.13541020162296988,0.8000000149011612
18.25000123307109,-2.349999073892832,0.160555132919089,0.7708244064137908
18.100001230835915,-2.499999076128006,0.15355339586162983,0.8000000149011612
18.100001230835915,-2.549999076873064,0.18078866096738858,0.7708244064137908
18.0000012293458,-2.64999907836318,0.13541020162296988,0.8000000149011612
18.0000012293458,-2.699999079108238,0.160555132919089,0.7708244064137908
17.95000122860074,-2.7499990798532963,0.13541020162296988,0.7861541608606429
17.95000122860074,-2.7999990805983543,0.160555132919089,0.7617692174150451
17.900001227855682,-2.8499990813434124,0.13541020162296988,0.7848857948555522
17.900001227855682,-2.8999990820884705,0.160555132919089,0.7604686499270252
17.850001227110624,-2.9499990828335285,0.13541020162296988,0.7708244064137908
17.850001227110624,-2.9999990835785866,0.160555132919089,0.7433981272633877
17.800001226365566,-3.0499990843236446,0.13541020162296988,0.7617692174150451
17.800001226365566,-3.0999990850687027,0.160555132919089,0.7394147254011668
17.750001225620508,-3.1499990858137608,0.13541020162296988,0.7656604101808596
17.750001225620508,-3.249999087303877,0.16400549988813046,0.7340770985323035
17.70000122487545,-3.299999088048935,0.13541020162296988,0.7617692174150451
17.70000122487545,-3.399999089539051,0.16400549988813046,0.7192388292402375
17.650001224130392,-3.449999090284109,0.13541020162296988,0.7486833121869966
17.650001224130392,-3.5499990917742252,0.16400549988813046,0.7192388292402375
17.600001223385334,-3.5999990925192833,0.13541020162296988,0.7486833121869966
17.600001223385334,-3.6999990940093994,0.16400549988813046,0.7219544594674806
17.550001222640276,-3.7499990947544575,0.13541020162296988,0.7617692174150451
17.550001222640276,-3.8499990962445736,0.16400549988813046,0.7340770985323035
17.500001221895218,-3.8999990969896317,0.13541020162296988,0.7708244064137908
17.500001221895218,-4.099999099969864,0.18078866096738858,0.7340770985323035
17.45000122115016,-4.149999100714922,0.1500000052154064,0.7708244064137908
17.45000122115016,-4.399999104440212,0.16400549988813046,0.7500000141561032
17.4000012204051,-4.44999910518527,0.13541020162296988,0.8000000149011612
17.4000012204051,-4.749999109655619,0.18078866096738858,0.7513148936977188
17.350001219660044,-4.799999110400677,0.1500000052154064,0.8000000149011612
17.350001219660044,-5.099999114871025,0.20000000596046447,0.8000000149011612
17.300001218914986,-5.149999115616083,0.1500000052154064,0.8500000156462193
17.300001218914986,-6.149999130517244,0.13541020162296988,0.8111874358757011
17.350001219660044,-6.199999131262302,0.16400549988813046,0.7708244064137908
17.350001219660044,-6.499999135732651,0.11622777072899887,0.8000000149011612
17.4000012204051,-6.549999136477709,0.15355339586162983,0.7513148936977188
17.4000012204051,-6.799999140202999,0.11622777072899887,0.7962429571037405
17.45000122115016,-6.849999140948057,0.15355339586162983,0.7513148936977188
17.45000122115016,-7.049999143928289,0.11622777072899887,0.7823441498574933
17.500001221895218,-7.0999991446733475,0.15355339586162983,0.7486833121869966
17.500001221895218,-7.249999146908522,0.11622777072899887,0.7823441498574933
17.550001222640276,-7.29999914765358,0.15355339586162983,0.7486833121869966
17.550001222640276,-7.399999149143696,0.11622777072899887,0.7708244064137908
17.600001223385334,-7.449999149888754,0.15355339586162983,0.7340770985323035
17.600001223385334,-7.54999915137887,0.11622777072899887,0.7656604101808596
17.650001224130392,-7.599999152123928,0.13541020162296988,0.7340770985323035
17.650001224130392,-7.649999152868986,0.11622777072899887,0.7486833121869966
17.70000122487545,-7.699999153614044,0.15355339586162983,0.7192388292402375
17.70000122487545,-7.79999915510416,0.11622777072899887,0.7617692174150451
17.750001225620508,-7.849999155849218,0.15355339586162983,0.7340770985323035
17.750001225620508,-7.9499991573393345,0.11622777072899887,0.7656604101808596
17.800001226365566,-7.9999991580843925,0.15355339586162983,0.7394147254011668
17.800001226365566,-8.099999159574509,0.11622777072899887,0.7848857948555522
17.850001227110624,-8.149999160319567,0.13541020162296988,0.7617692174150451
17.850001227110624,-8.199999161064625,0.11622777072899887,0.7861541608606429
17.900001227855682,-8.249999161809683,0.13541020162296988,0.7708244064137908
17.900001227855682,-8.299999162554741,0.11622777072899887,0.8000000149011612
17.95000122860074,-8.349999163299799,0.13541020162296988,0.7848857948555522
17.95000122860074,-8.399999164044857,0.11622777072899887,0.8062306048689096
18.0000012293458,-8.449999164789915,0.13541020162296988,0.7861541608606429
18.0000012293458,-8.499999165534973,0.11622777072899887,0.8124228516521053
18.050001230090857,-8.549999166280031,0.13541020162296988,0.8000000149011612
18.050001230090857,-8.59999916702509,0.11622777072899887,0.8295630294403845
18.150001231580973,-8.699999168515205,0.15355339586162983,0.8000000149011612
18.150001231580973,-8.749999169260263,0.12015621664234175,0.8295630294403845
18.25000123307109,-8.84999917075038,0.160555132919089,0.8000000149011612
18.25000123307109,-8.899999171495438,0.13541020162296988,0.8307764217641807
18.350001234561205,-8.999999172985554,0.160555132919089,0.8253048479987265
18.350001234561205,-9.049999173730612,0.13541020162296988,0.8606601875848896
18.50000123679638,-9.199999175965786,0.160555132919089,0.8547511712034664
18.50000123679638,-9.249999176710844,0.13541020162296988,0.8816653987572671
19.150001246482134,-9.899999186396599,0.12015621664234175,0.8816653987572671
19.200001247227192,-9.899999186396599,0.15355339586162983,0.8547511712034664
19.300001248717308,-9.999999187886715,0.12015621664234175,0.8700467438965735
19.350001249462366,-9.999999187886715,0.15355339586162983,0.8404326178378946
19.450001250952482,-10.099999189376831,0.12015621664234175,0.8700467438965735
19.50000125169754,-10.099999189376831,0.15355339586162983,0.8404326178378946
19.600001253187656,-10.199999190866947,0.11622777072899887,0.8735455436762694
19.700001254677773,-10.199999190866947,0.15355339586162983,0.8295630294403845
19.75000125542283,-10.249999191612005,0.11622777072899887,0.8511898177453807
19.80000125616789,-10.249999191612005,0.13541020162296988,0.8295630294403845
19.850001256912947,-10.299999192357063,0.11622777072899887,0.8511898177453807
19.900001257658005,-10.299999192357063,0.13541020162296988,0.8295630294403845
19.950001258403063,-10.349999193102121,0.11622777072899887,0.8511898177453807
20.00000125914812,-10.349999193102121,0.13541020162296988,0.8307764217641807
20.05000125989318,-10.39999919384718,0.11622777072899887,0.8594810208083519
20.150001261383295,-10.39999919384718,0.15355339586162983,0.8307764217641807
20.200001262128353,-10.449999194592237,0.11622777072899887,0.8594810208083519
20.350001264363527,-10.449999194592237,0.15355339586162983,0.8124228516521053
20.400001265108585,-10.499999195337296,0.11622777072899887,0.8440306664483241
20.5000012665987,-10.499999195337296,0.15355339586162983,0.8198039179148193
20.55000126734376,-10.549999196082354,0.11622777072899887,0.8594810208083519
20.650001268833876,-10.549999196082354,0.15355339586162983,0.8307764217641807
20.700001269578934,-10.599999196827412,0.11622777072899887,0.8688779322491196
20.950001273304224,-10.599999196827412,0.15355339586162983,0.8111874358757011
21.000001274049282,-10.64999919757247,0.11622777072899887,0.8547511712034664
21.250001277774572,-10.64999919757247,0.15355339586162983,0.8111874358757011
21.30000127851963,-10.699999198317528,0.11622777072899887,0.8547511712034664
21.55000128224492,-10.699999198317528,0.15355339586162983,0.8111874358757011
21.60000128298998,-10.749999199062586,0.11622777072899887,0.8547511712034664
21.80000128597021,-10.749999199062586,0.15355339586162983,0.8198039179148193
21.85000128671527,-10.799999199807644,0.11622777072899887,0.8606601875848896
22.10000129044056,-10.799999199807644,0.15355339586162983,0.8198039179148193
22.150001291185617,-10.849999200552702,0.11622777072899887,0.8606601875848896
22.400001294910908,-10.849999200552702,0.15355339586162983,0.8198039179148193
22.450001295655966,-10.89999920129776,0.11622777072899887,0.8606601875848896
22.700001299381256,-10.89999920129776,0.15355339586162983,0.8307764217641807
22.750001300126314,-10.949999202042818,0.11622777072899887,0.8688779322491196
22.950001303106546,-10.949999202042818,0.15355339586162983,0.8440306664483241
23.000001303851604,-10.999999202787876,0.11622777072899887,0.8793516733297382
23.250001307576895,-10.999999202787876,0.15355339586162983,0.8440306664483241
23.300001308321953,-11.049999203532934,0.11622777072899887,0.8793516733297382
23.6000013127923,-11.049999203532934,0.16400549988813046,0.8440306664483241
23.65000131353736,-11.099999204277992,0.13541020162296988,0.8793516733297382
23.950001318007708,-11.099999204277992,0.16400549988813046,0.8500000156462193
24.000001318752766,-11.14999920502305,0.13541020162296988,0.9000000163912774
24.450001325458288,-11.14999920502305,0.16400549988813046,0.8500000156462193
24.500001326203346,-11.199999205768108,0.13541020162296988,0.9000000163912774
25.000001333653927,-11.199999205768108,0.16400549988813046,0.8500000156462193
25.050001334398985,-11.249999206513166,0.13541020162296988,0.9000000163912774
25.500001341104507,-11.249999206513166,0.16400549988813046,0.8500000156462193
25.550001341849566,-11.299999207258224,0.13541020162296988,0.9000000163912774
26.050001349300146,-11.299999207258224,0.16400549988813046,0.8500000156462193
26.100001350045204,-11.349999208003283,0.13541020162296988,0.9000000163912774
26.550001356750727,-11.349999208003283,0.16400549988813046,0.8500000156462193
26.600001357495785,-11.39999920874834,0.13541020162296988,0.9000000163912774
27.100001364946365,-11.39999920874834,0.16400549988813046,0.8500000156462193
27.150001365691423,-11.449999209493399,0.13541020162296988,0.8920164996643914
27.600001372396946,-11.449999209493399,0.16400549988813046,0.8500000156462193
27.650001373142004,-11.499999210238457,0.13541020162296988,0.8920164996643914
27.850001376122236,-11.499999210238457,0.16400549988813046,0.8547511712034664
27.900001376867294,-11.549999210983515,0.13541020162296988,0.9011357936854637
28.100001379847527,-11.549999210983515,0.16400549988813046,0.9000000163912774
28.150001380592585,-11.599999211728573,0.13541020162296988,0.9401754420890758
28.450001385062933,-11.599999211728573,0.18078866096738858,0.9000000163912774
28.50000138580799,-11.649999212473631,0.1500000052154064,0.9401754420890758
28.700001388788223,-11.649999212473631,0.18078866096738858,0.9045361181775966
28.75000138953328,-11.699999213218689,0.1500000052154064,0.9401754420890758
28.950001392513514,-11.699999213218689,0.18078866096738858,0.9045361181775966
29.00000139325857,-11.749999213963747,0.1500000052154064,0.9401754420890758
29.250001396983862,-11.749999213963747,0.20000000596046447,0.9011357936854637
29.30000139772892,-11.799999214708805,0.1500000052154064,0.9401754420890758
29.500001400709152,-11.799999214708805,0.20000000596046447,0.9045361181775966
29.55000140145421,-11.849999215453863,0.1500000052154064,0.9401754420890758
29.750001404434443,-11.849999215453863,0.18078866096738858,0.9045361181775966
29.8000014051795,-11.899999216198921,0.1500000052154064,0.9401754420890758
30.05000140890479,-11.899999216198921,0.20000000596046447,0.9011357936854637
30.10000140964985,-11.94999921694398,0.1500000052154064,0.9401754420890758
30.30000141263008,-11.94999921694398,0.20000000596046447,0.9045361181775966
30.35000141337514,-11.999999217689037,0.15355339586162983,0.9401754420890758
30.450001414865255,-11.999999217689037,0.18078866096738858,0.9180340054098997
30.500001415610313,-12.049999218434095,0.160555132919089,0.959741367755813
30.60000141710043,-12.049999218434095,0.20311289342177757,0.9401754420890758
30.650001417845488,-12.099999219179153,0.16400549988813046,0.976860247130566
30.750001419335604,-12.099999219179153,0.20311289342177757,0.959741367755813
30.80000142008066,-12.149999219924212,0.16400549988813046,1.0020815459295414
30.900001421570778,-12.149999219924212,0.20311289342177757,0.9704700085133247
30.950001422315836,-12.19999922066927,0.16400549988813046,1.0020815459295414
31.050001423805952,-12.19999922066927,0.20311289342177757,0.9704700085133247
31.10000142455101,-12.249999221414328,0.16400549988813046,1.0020815459295414
31.200001426041126,-12.249999221414328,0.20311289342177757,0.9704700085133247
31.250001426786184,-12.299999222159386,0.18078866096738858,1.0020815459295414
31.3500014282763,-12.299999222159386,0.21231056870567222,0.9704700085133247
31.40000142902136,-12.349999222904444,0.18078866096738858,1.0020815459295414
31.500001430511475,-12.349999222904444,0.21231056870567222,0.9704700085133247
31.550001431256533,-12.399999223649502,0.18078866096738858,1.0020815459295414
31.65000143274665,-12.399999223649502,0.21231056870567222,0.9704700085133247
31.700001433491707,-12.44999922439456,0.18078866096738858,1.0020815459295414
31.800001434981823,-12.44999922439456,0.21231056870567222,0.9704700085133247
31.85000143572688,-12.499999225139618,0.18078866096738858,1.0020815459295414
31.90000143647194,-12.499999225139618,0.20311289342177757,0.9884864501102992
31.950001437216997,-12.549999225884676,0.18078866096738858,1.0175795843319415
32.05000143870711,-12.549999225884676,0.21231056870567222,0.9884864501102992
32.10000143945217,-12.599999226629734,0.18078866096738858,1.0175795843319415
32.20000144094229,-12.599999226629734,0.21231056870567222,0.9884864501102992
32.250001441687346,-12.649999227374792,0.18078866096738858,1.0175795843319415
32.35000144317746,-12.649999227374792,0.21231056870567222,0.9884864501102992
32.40000144392252,-12.69999922811985,0.18078866096738858,1.0175795843319415
32.500001445412636,-12.69999922811985,0.21231056870567222,0.9884864501102992
32.550001446157694,-12.749999228864908,0.18078866096738858,1.0175795843319415
32.60000144690275,-12.749999228864908,0.20311289342177757,1.0020815459295414
32.65000144764781,-12.799999229609966,0.18078866096738858,1.0349089219244234
32.750001449137926,-12.799999229609966,0.21231056870567222,1.0020815459295414
32.800001449882984,-12.849999230355024,0.18078866096738858,1.0298374059508897
32.85000145062804,-12.849999230355024,0.20311289342177757,1.008304615364599
32.9000014513731,-12.899999231100082,0.18078866096738858,1.0298374059508897
32.95000145211816,-12.899999231100082,0.20311289342177757,1.008304615364599
33.000001452863216,-12.94999923184514,0.18078866096738858,1.0298374059508897
33.050001453608274,-12.94999923184514,0.20311289342177757,1.008304615364599
33.10000145435333,-12.999999232590199,0.18078866096738858,1.0298374059508897
33.15000145509839,-12.999999232590199,0.20311289342177757,1.008304615364599
33.20000145584345,-13.049999233335257,0.18078866096738858,1.0298374059508897
33.25000145658851,-13.049999233335257,0.20311289342177757,1.008304615364599
33.300001457333565,-13.099999234080315,0.18078866096738858,1.0298374059508897
33.35000145807862,-13.099999234080315,0.20311289342177757,1.008304615364599
33.40000145882368,-13.149999234825373,0.18078866096738858,1.0298374059508897
33.45000145956874,-13.149999234825373,0.20311289342177757,1.008304615364599
33.550001461058855,-13.249999236315489,0.18078866096738858,1.0529964272852683
33.60000146180391,-13.249999236315489,0.20311289342177757,1.0298374059508897
33.65000146254897,-13.299999237060547,0.18078866096738858,1.0529964272852683
33.70000146329403,-13.299999237060547,0.20311289342177757,1.0298374059508897
33.75000146403909,-13.349999237805605,0.18078866096738858,1.0529964272852683
33.800001464784145,-13.349999237805605,0.20311289342177757,1.0298374059508897
33.8500014655292,-13.399999238550663,0.18078866096738858,1.0529964272852683
33.90000146627426,-13.399999238550663,0.20311289342177757,1.0298374059508897
33.95000146701932,-13.449999239295721,0.18078866096738858,1.0529964272852683
34.00000146776438,-13.449999239295721,0.20311289342177757,1.0298374059508897
34.050001468509436,-13.49999924004078,0.18078866096738858,1.0529964272852683
34.100001469254494,-13.49999924004078,0.20311289342177757,1.0298374059508897
34.15000146999955,-13.549999240785837,0.18078866096738858,1.0529964272852683
34.20000147074461,-13.549999240785837,0.20311289342177757,1.0298374059508897
34.25000147148967,-13.599999241530895,0.19051248961442216,1.0529964272852683
34.300001472234726,-13.599999241530895,0.22426407503395576,1.0298374059508897
34.350001472979784,-13.649999242275953,0.20311289342177757,1.0529964272852683
34.40000147372484,-13.649999242275953,0.22720019363165536,1.0298374059508897
34.50000147521496,-13.74999924376607,0.18078866096738858,1.0619429652168115
34.550001475960016,-13.74999924376607,0.20311289342177757,1.0349089219244234
34.600001476705074,-13.799999244511127,0.18078866096738858,1.0529964272852683
34.65000147745013,-13.799999244511127,0.20311289342177757,1.0298374059508897
34.70000147819519,-13.849999245256186,0.18078866096738858,1.0500000186264515
34.75000147894025,-13.849999245256186,0.20311289342177757,1.0206555797625556
34.80000147968531,-13.899999246001244,0.18078866096738858,1.0349089219244234
34.850001480430365,-13.899999246001244,0.20311289342177757,1.0020815459295414
34.95000148192048,-13.99999924749136,0.160555132919089,1.0103718617269664
35.00000148266554,-13.99999924749136,0.19051248961442216,0.9800423897045963
35.15000148490071,-14.149999249726534,0.160555132919089,1.0041594758226038
35.20000148564577,-14.149999249726534,0.19051248961442216,0.9715374688432665
35.30000148713589,-14.24999925121665,0.160555132919089,0.9926860619600634
35.350001487880945,-14.24999925121665,0.19051248961442216,0.966190396346651
35.55000149086118,-14.449999254196882,0.15355339586162983,0.9800423897045963
35.600001491606236,-14.449999254196882,0.1889087354477928,0.9510864604746585
35.75000149384141,-14.599999256432056,0.15355339586162983,0.9672617703864308
35.80000149458647,-14.599999256432056,0.18078866096738858,0.933578421767098
35.95000149682164,-14.74999925866723,0.15355339586162983,0.966190396346651
36.0000014975667,-14.74999925866723,0.18078866096738858,0.9313708667572156
36.150001499801874,-14.899999260902405,0.15355339586162983,0.9510864604746585
36.20000150054693,-14.899999260902405,0.18078866096738858,0.9236102694553091
36.350001502782106,-15.049999263137579,0.13541020162296988,0.933578421767098
36.400001503527164,-15.049999263137579,0.160555132919089,0.9011357936854637
36.55000150576234,-15.199999265372753,0.13541020162296988,0.9313708667572156
36.6000015065074,-15.199999265372753,0.160555132919089,0.8965856263134644
36.75000150874257,-15.349999267607927,0.13541020162296988,0.9236102694553091
36.80000150948763,-15.349999267607927,0.160555132919089,0.8960155271710525
37.00000151246786,-15.54999927058816,0.12015621664234175,0.9101801821016996
37.05000151321292,-15.54999927058816,0.15355339586162983,0.8816653987572671
37.20000151544809,-15.699999272823334,0.12015621664234175,0.9011357936854637
37.25000151619315,-15.699999272823334,0.15355339586162983,0.8700467438965735
37.450001519173384,-15.899999275803566,0.12015621664234175,0.8965856263134644
37.50000151991844,-15.899999275803566,0.15355339586162983,0.8630145971136167
37.700001522898674,-16.099999278783798,0.12015621664234175,0.8965856263134644
37.75000152364373,-16.099999278783798,0.15355339586162983,0.8630145971136167
37.950001526623964,-16.29999928176403,0.12015621664234175,0.8960155271710525
38.00000152736902,-16.29999928176403,0.15355339586162983,0.8606601875848896
38.200001530349255,-16.499999284744263,0.12015621664234175,0.8960155271710525
38.25000153109431,-16.499999284744263,0.15355339586162983,0.8606601875848896
38.450001534074545,-16.699999287724495,0.12015621664234175,0.8816653987572671
38.5000015348196,-16.699999287724495,0.15355339586162983,0.8547511712034664
38.700001537799835,-16.899999290704727,0.12015621664234175,0.8816653987572671
38.75000153854489,-16.899999290704727,0.15355339586162983,0.8547511712034664
39.000001542270184,-17.149999294430017,0.12015621664234175,0.8816653987572671
39.05000154301524,-17.149999294430017,0.15355339586162983,0.8547511712034664
39.250001545995474,-17.34999929741025,0.12015621664234175,0.8816653987572671
39.30000154674053,-17.34999929741025,0.15355339586162983,0.8547511712034664
39.65000155195594,-17.699999302625656,0.12015621664234175,0.8965856263134644
39.700001552700996,-17.699999302625656,0.15355339586162983,0.8630145971136167
40.0500015579164,-18.049999307841063,0.13541020162296988,0.9101801821016996
40.10000155866146,-18.049999307841063,0.160555132919089,0.8816653987572671
40.500001564621925,-18.449999313801527,0.13541020162296988,0.933578421767098
40.55000156536698,-18.449999313801527,0.160555132919089,0.9011357936854637
41.050001572817564,-18.949999321252108,0.18078866096738858,0.9011357936854637
41.050001572817564,-18.999999321997166,0.15355339586162983,0.933578421767098
41.300001576542854,-19.249999325722456,0.18078866096738858,0.8977249363623835
41.300001576542854,-19.299999326467514,0.160555132919089,0.9236102694553091
41.35000157728791,-19.349999327212572,0.18078866096738858,0.9101801821016996
41.35000157728791,-19.39999932795763,0.15355339586162983,0.9401754420890758
41.45000157877803,-19.499999329447746,0.18078866096738858,0.9101801821016996
41.45000157877803,-19.549999330192804,0.15355339586162983,0.9401754420890758
41.550001580268145,-19.64999933168292,0.18078866096738858,0.8965856263134644
41.550001580268145,-19.69999933242798,0.160555132919089,0.9180340054098997
41.6000015810132,-19.749999333173037,0.18078866096738858,0.8965856263134644
41.6000015810132,-19.799999333918095,0.160555132919089,0.9180340054098997
41.65000158175826,-19.849999334663153,0.18078866096738858,0.8965856263134644
41.65000158175826,-19.89999933540821,0.16400549988813046,0.9180340054098997
41.70000158250332,-19.94999933615327,0.20311289342177757,0.8920164996643914
41.70000158250332,-19.999999336898327,0.18078866096738858,0.906797197551496
41.75000158324838,-20.049999337643385,0.20311289342177757,0.8770329774759426
41.75000158324838,-20.1499993391335,0.16400549988813046,0.906797197551496
41.800001583993435,-20.19999933987856,0.20311289342177757,0.8688779322491196
41.800001583993435,-20.349999342113733,0.15355339586162983,0.906797197551496
41.85000158473849,-20.39999934285879,0.20000000596046447,0.8770329774759426
41.85000158473849,-20.899999350309372,0.1500000052154064,0.9500000171363354
41.90000158548355,-20.94999935105443,0.20000000596046447,0.9000000163912774
41.90000158548355,-21.099999353289604,0.20000000596046447,0.9000000163912774
41.85000158473849,-21.149999354034662,0.1500000052154064,0.9401754420890758
41.85000158473849,-21.74999936297536,0.20311289342177757,0.8606601875848896
41.800001583993435,-21.799999363720417,0.16400549988813046,0.9045361181775966
41.800001583993435,-21.94999936595559,0.22720019363165536,0.8688779322491196
41.75000158324838,-21.99999936670065,0.20311289342177757,0.906797197551496
41.75000158324838,-22.049999367445707,0.21231056870567222,0.8920164996643914
41.70000158250332,-22.099999368190765,0.18078866096738858,0.9280514340771239
41.70000158250332,-22.19999936968088,0.22720019363165536,0.8965856263134644
41.65000158175826,-22.24999937042594,0.20311289342177757,0.9236102694553091
41.65000158175826,-22.299999371170998,0.22720019363165536,0.906797197551496
41.550001580268145,-22.399999372661114,0.19051248961442216,0.9629703522909092
41.550001580268145,-22.449999373406172,0.22426407503395576,0.9412712380575992
41.50000157952309,-22.49999937415123,0.20311289342177757,0.9629703522909092
41.50000157952309,-22.549999374896288,0.2301162697613631,0.9401754420890758
41.40000157803297,-22.649999376386404,0.20311289342177757,0.966190396346651
41.40000157803297,-22.699999377131462,0.2301162697613631,0.9313708667572156
41.10000157356262,-22.99999938160181,0.22426407503395576,0.9236102694553091
41.050001572817564,-22.99999938160181,0.19051248961442216,0.9510864604746585
40.95000157132745,-23.099999383091927,0.22426407503395576,0.9180340054098997
40.90000157058239,-23.099999383091927,0.19051248961442216,0.9401754420890758
40.800001569092274,-23.199999384582043,0.22720019363165536,0.8688779322491196
40.6500015668571,-23.199999384582043,0.16400549988813046,0.9000000163912774
40.60000156611204,-23.2499993853271,0.20311289342177757,0.8500000156462193
40.500001564621925,-23.2499993853271,0.16400549988813046,0.8547511712034664
40.45000156387687,-23.29999938607216,0.20311289342177757,0.8111874358757011
40.0500015579164,-23.29999938607216,0.13541020162296988,0.8000000149011612
40.000001557171345,-23.349999386817217,0.16400549988813046,0.7500000141561032
39.80000155419111,-23.349999386817217,0.1500000052154064,0.7340770985323035
39.750001553446054,-23.29999938607216,0.10000000447034836,0.7708244064137908
39.250001545995474,-23.29999938607216,0.1500000052154064,0.7219544594674806
39.200001545250416,-23.2499993853271,0.10000000447034836,0.7617692174150451
38.85000154003501,-23.2499993853271,0.1500000052154064,0.7340770985323035
38.80000153928995,-23.199999384582043,0.10000000447034836,0.7708244064137908
38.5000015348196,-23.199999384582043,0.15355339586162983,0.7486833121869966
38.450001534074545,-23.149999383836985,0.11622777072899887,0.7823441498574933
38.25000153109431,-23.149999383836985,0.16400549988813046,0.7513148936977188
38.200001530349255,-23.099999383091927,0.13541020162296988,0.8000000149011612
38.05000152811408,-23.099999383091927,0.16400549988813046,0.7823441498574933
38.00000152736902,-23.04999938234687,0.13541020162296988,0.8198039179148193
37.85000152513385,-23.04999938234687,0.16400549988813046,0.7823441498574933
37.80000152438879,-22.99999938160181,0.13541020162296988,0.8198039179148193
37.60000152140856,-22.99999938160181,0.16400549988813046,0.7823441498574933
37.5500015206635,-22.949999380856752,0.13541020162296988,0.8198039179148193
37.35000151768327,-22.949999380856752,0.18078866096738858,0.7823441498574933
37.30000151693821,-22.899999380111694,0.1500000052154064,0.8198039179148193
37.10000151395798,-22.899999380111694,0.18078866096738858,0.7823441498574933
37.05000151321292,-22.849999379366636,0.1500000052154064,0.8198039179148193
36.85000151023269,-22.849999379366636,0.18078866096738858,0.7823441498574933
36.80000150948763,-22.799999378621578,0.1500000052154064,0.8198039179148193
36.650001507252455,-22.799999378621578,0.18078866096738858,0.7823441498574933
36.6000015065074,-22.74999937787652,0.1500000052154064,0.8198039179148193
36.400001503527164,-22.74999937787652,0.18078866096738858,0.7823441498574933
36.350001502782106,-22.699999377131462,0.1500000052154064,0.8198039179148193
36.150001499801874,-22.699999377131462,0.18078866096738858,0.7823441498574933
36.100001499056816,-22.649999376386404,0.1500000052154064,0.8198039179148193
35.95000149682164,-22.649999376386404,0.18078866096738858,0.7962429571037405
35.900001496076584,-22.599999375641346,0.1500000052154064,0.8307764217641807
35.70000149309635,-22.599999375641346,0.18078866096738858,0.7823441498574933
35.650001492351294,-22.549999374896288,0.1500000052154064,0.8198039179148193
35.45000148937106,-22.549999374896288,0.18078866096738858,0.7823441498574933
35.400001488626,-22.49999937415123,0.1500000052154064,0.8198039179148193
35.25000148639083,-22.49999937415123,0.18078866096738858,0.7962429571037405
35.20000148564577,-22.449999373406172,0.1500000052154064,0.8307764217641807
35.00000148266554,-22.449999373406172,0.18078866096738858,0.7962429571037405
34.95000148192048,-22.399999372661114,0.1500000052154064,0.8307764217641807
34.75000147894025,-22.399999372661114,0.18078866096738858,0.7962429571037405
34.70000147819519,-22.349999371916056,0.1500000052154064,0.8307764217641807
34.550001475960016,-22.349999371916056,0.18078866096738858,0.7962429571037405
34.50000147521496,-22.299999371170998,0.1500000052154064,0.8307764217641807
34.300001472234726,-22.299999371170998,0.18078866096738858,0.7962429571037405
34.25000147148967,-22.24999937042594,0.1500000052154064,0.8307764217641807
34.050001468509436,-22.24999937042594,0.18078866096738858,0.7962429571037405
34.00000146776438,-22.19999936968088,0.1500000052154064,0.8307764217641807
33.8500014655292,-22.19999936968088,0.18078866096738858,0.8049875770875707
33.800001464784145,-22.149999368935823,0.1500000052154064,0.8440306664483241
33.60000146180391,-22.149999368935823,0.18078866096738858,0.7962429571037405
33.550001461058855,-22.099999368190765,0.1500000052154064,0.8307764217641807
33.35000145807862,-22.099999368190765,0.18078866096738858,0.7962429571037405
33.300001457333565,-22.049999367445707,0.1500000052154064,0.8307764217641807
33.15000145509839,-22.049999367445707,0.18078866096738858,0.8049875770875707
33.10000145435333,-21.99999936670065,0.1500000052154064,0.8440306664483241
32.9000014513731,-21.99999936670065,0.18078866096738858,0.8049875770875707
32.85000145062804,-21.94999936595559,0.1500000052154064,0.8440306664483241
32.65000144764781,-21.94999936595559,0.18078866096738858,0.8049875770875707
32.60000144690275,-21.899999365210533,0.1500000052154064,0.8440306664483241
32.45000144466758,-21.899999365210533,0.18078866096738858,0.8111874358757011
32.40000144392252,-21.849999364465475,0.1500000052154064,0.8440306664483241
32.20000144094229,-21.849999364465475,0.18078866096738858,0.8049875770875707
32.15000144019723,-21.799999363720417,0.1500000052154064,0.8440306664483241
31.950001437216997,-21.799999363720417,0.18078866096738858,0.8049875770875707
31.90000143647194,-21.74999936297536,0.1500000052154064,0.8440306664483241
31.750001434236765,-21.74999936297536,0.18078866096738858,0.8111874358757011
31.700001433491707,-21.6999993622303,0.1500000052154064,0.8547511712034664
31.500001430511475,-21.6999993622303,0.18078866096738858,0.8111874358757011
31.450001429766417,-21.649999361485243,0.1500000052154064,0.8440306664483241
31.250001426786184,-21.649999361485243,0.18078866096738858,0.8049875770875707
31.200001426041126,-21.599999360740185,0.1500000052154064,0.8440306664483241
31.050001423805952,-21.599999360740185,0.18078866096738858,0.8111874358757011
31.000001423060894,-21.549999359995127,0.1500000052154064,0.8547511712034664
30.80000142008066,-21.549999359995127,0.18078866096738858,0.8111874358757011
30.750001419335604,-21.49999935925007,0.1500000052154064,0.8547511712034664
30.55000141635537,-21.49999935925007,0.18078866096738858,0.8111874358757011
30.500001415610313,-21.44999935850501,0.1500000052154064,0.8547511712034664
30.35000141337514,-21.44999935850501,0.18078866096738858,0.8198039179148193
30.30000141263008,-21.399999357759953,0.1500000052154064,0.8594810208083519
30.10000140964985,-21.399999357759953,0.18078866096738858,0.8111874358757011
30.05000140890479,-21.349999357014894,0.1500000052154064,0.8547511712034664
29.85000140592456,-21.349999357014894,0.18078866096738858,0.8111874358757011
29.8000014051795,-21.299999356269836,0.1500000052154064,0.8547511712034664
29.60000140219927,-21.299999356269836,0.18078866096738858,0.8111874358757011
29.55000140145421,-21.24999935552478,0.1500000052154064,0.8547511712034664
29.400001399219036,-21.24999935552478,0.18078866096738858,0.8198039179148193
29.350001398473978,-21.19999935477972,0.1500000052154064,0.8606601875848896
29.150001395493746,-21.19999935477972,0.18078866096738858,0.8198039179148193
29.100001394748688,-21.149999354034662,0.1500000052154064,0.8606601875848896
28.900001391768456,-21.149999354034662,0.18078866096738858,0.8500000156462193
28.850001391023397,-21.099999353289604,0.1500000052154064,0.8920164996643914
28.650001388043165,-21.099999353289604,0.20000000596046447,0.8547511712034664
28.600001387298107,-21.049999352544546,0.1500000052154064,0.9011357936854637
28.400001384317875,-21.049999352544546,0.20000000596046447,0.8793516733297382
28.350001383572817,-20.999999351799488,0.1500000052154064,0.9180340054098997
28.150001380592585,-20.999999351799488,0.20000000596046447,0.9000000163912774
28.100001379847527,-20.94999935105443,0.1500000052154064,0.9500000171363354
27.75000137463212,-20.94999935105443,0.20000000596046447,0.9000000163912774
27.700001373887062,-20.899999350309372,0.1500000052154064,0.9500000171363354
27.050001364201307,-20.899999350309372,0.18078866096738858,0.8547511712034664
27.00000136345625,-20.849999349564314,0.1500000052154064,0.9011357936854637
25.600001342594624,-20.849999349564314,0.1500000052154064,0.9000000163912774
25.550001341849566,-20.899999350309372,0.20000000596046447,0.8500000156462193
24.70000132918358,-20.899999350309372,0.1500000052154064,0.9180340054098997
24.65000132843852,-20.94999935105443,0.20000000596046447,0.8793516733297382
24.300001323223114,-20.94999935105443,0.1500000052154064,0.9401754420890758
24.250001322478056,-20.999999351799488,0.20000000596046447,0.9011357936854637
24.000001318752766,-20.999999351799488,0.16400549988813046,0.9401754420890758
23.950001318007708,-21.049999352544546,0.20311289342177757,0.9011357936854637
23.65000131353736,-21.049999352544546,0.20000000596046447,0.9543396552625206
23.6000013127923,-21.099999353289604,0.22720019363165536,0.9101801821016996
23.500001311302185,-21.099999353289604,0.20311289342177757,0.9280514340771239
23.450001310557127,-21.149999354034662,0.22720019363165536,0.8920164996643914
23.300001308321953,-21.149999354034662,0.20000000596046447,0.9401754420890758
23.250001307576895,-21.19999935477972,0.22720019363165536,0.906797197551496
23.15000130608678,-21.19999935477972,0.20311289342177757,0.9401754420890758
23.10000130534172,-21.24999935552478,0.22720019363165536,0.906797197551496
23.000001303851604,-21.24999935552478,0.20311289342177757,0.9401754420890758
22.950001303106546,-21.299999356269836,0.22720019363165536,0.906797197551496
22.800001300871372,-21.299999356269836,0.20000000596046447,0.9543396552625206
22.750001300126314,-21.349999357014894,0.22720019363165536,0.9236102694553091
22.650001298636198,-21.349999357014894,0.20311289342177757,0.9543396552625206
22.60000129789114,-21.399999357759953,0.22720019363165536,0.9236102694553091
22.500001296401024,-21.399999357759953,0.20311289342177757,0.9543396552625206
22.450001295655966,-21.44999935850501,0.22720019363165536,0.9236102694553091
22.35000129416585,-21.44999935850501,0.20311289342177757,0.9543396552625206
22.30000129342079,-21.49999935925007,0.22720019363165536,0.9236102694553091
22.250001292675734,-21.49999935925007,0.20311289342177757,0.9401754420890758
22.200001291930676,-21.549999359995127,0.22720019363165536,0.906797197551496
22.10000129044056,-21.549999359995127,0.20311289342177757,0.9401754420890758
22.0500012896955,-21.599999360740185,0.22720019363165536,0.906797197551496
22.000001288950443,-21.599999360740185,0.20311289342177757,0.9236102694553091
21.950001288205385,-21.649999361485243,0.22720019363165536,0.8965856263134644
21.85000128671527,-21.649999361485243,0.20311289342177757,0.9412712380575992
21.80000128597021,-21.6999993622303,0.22720019363165536,0.9180340054098997
21.750001285225153,-21.6999993622303,0.20311289342177757,0.9412712380575992
21.700001284480095,-21.74999936297536,0.22720019363165536,0.9180340054098997
21.650001283735037,-21.74999936297536,0.21231056870567222,0.9412712380575992
21.60000128298998,-21.799999363720417,0.24721360216395982,0.9180340054098997
21.500001281499863,-21.799999363720417,0.20311289342177757,0.9629703522909092
21.450001280754805,-21.849999364465475,0.22720019363165536,0.9412712380575992
21.400001280009747,-21.849999364465475,0.20311289342177757,0.9629703522909092
21.35000127926469,-21.899999365210533,0.22720019363165536,0.9412712380575992
21.30000127851963,-21.899999365210533,0.20311289342177757,0.9629703522909092
21.250001277774572,-21.94999936595559,0.22720019363165536,0.9412712380575992
21.200001277029514,-21.94999936595559,0.20311289342177757,0.9629703522909092
21.150001276284456,-21.99999936670065,0.22720019363165536,0.9412712380575992
21.100001275539398,-21.99999936670065,0.20311289342177757,0.966190396346651
21.05000127479434,-22.049999367445707,0.22720019363165536,0.9510864604746585
21.000001274049282,-22.049999367445707,0.20311289342177757,0.9800423897045963
20.900001272559166,-22.149999368935823,0.2301162697613631,0.9412712380575992
20.850001271814108,-22.149999368935823,0.20311289342177757,0.9629703522909092
20.80000127106905,-22.19999936968088,0.22720019363165536,0.9412712380575992
20.75000127032399,-22.19999936968088,0.20311289342177757,0.9629703522909092
20.700001269578934,-22.24999937042594,0.22720019363165536,0.9412712380575992
20.650001268833876,-22.24999937042594,0.20311289342177757,0.9629703522909092
20.600001268088818,-22.299999371170998,0.22720019363165536,0.9412712380575992
20.55000126734376,-22.299999371170998,0.20311289342177757,0.9629703522909092
20.5000012665987,-22.349999371916056,0.22720019363165536,0.9412712380575992
20.450001265853643,-22.349999371916056,0.20311289342177757,0.9629703522909092
20.400001265108585,-22.399999372661114,0.22720019363165536,0.9412712380575992
20.350001264363527,-22.399999372661114,0.20311289342177757,0.9629703522909092
20.30000126361847,-22.449999373406172,0.22720019363165536,0.9412712380575992
20.25000126287341,-22.449999373406172,0.20311289342177757,0.9629703522909092
20.200001262128353,-22.49999937415123,0.22720019363165536,0.9412712380575992
20.150001261383295,-22.49999937415123,0.20311289342177757,0.9629703522909092
20.100001260638237,-22.549999374896288,0.22720019363165536,0.9412712380575992
20.05000125989318,-22.549999374896288,0.20311289342177757,0.9629703522909092
20.00000125914812,-22.599999375641346,0.22720019363165536,0.9412712380575992
19.950001258403063,-22.599999375641346,0.20311289342177757,0.966190396346651
19.850001256912947,-22.699999377131462,0.22426407503395576,0.9401754420890758
19.80000125616789,-22.699999377131462,0.19051248961442216,0.9629703522909092
19.650001253932714,-22.849999379366636,0.22426407503395576,0.9101801821016996
19.600001253187656,-22.849999379366636,0.19051248961442216,0.9401754420890758
19.50000125169754,-22.949999380856752,0.22426407503395576,0.8977249363623835
19.450001250952482,-22.949999380856752,0.1889087354477928,0.9236102694553091
19.300001248717308,-23.099999383091927,0.22426407503395576,0.8816653987572671
19.25000124797225,-23.099999383091927,0.1889087354477928,0.9101801821016996
19.100001245737076,-23.2499993853271,0.22426407503395576,0.8960155271710525
19.050001244992018,-23.2499993853271,0.19051248961442216,0.9236102694553091
18.900001242756844,-23.399999387562275,0.22426407503395576,0.8965856263134644
18.850001242011786,-23.399999387562275,0.19051248961442216,0.9313708667572156
18.650001239031553,-23.599999390542507,0.22426407503395576,0.8965856263134644
18.600001238286495,-23.599999390542507,0.1889087354477928,0.9313708667572156
18.25000123307109,-23.949999395757914,0.1889087354477928,0.9313708667572156
18.25000123307109,-23.99999939650297,0.22426407503395576,0.8960155271710525
17.70000122487545,-24.54999940469861,0.1889087354477928,0.9313708667572156
17.70000122487545,-24.59999940544367,0.22426407503395576,0.8965856263134644
17.550001222640276,-24.749999407678843,0.1889087354477928,0.9236102694553091
17.550001222640276,-24.7999994084239,0.22426407503395576,0.8965856263134644
17.45000122115016,-24.899999409914017,0.19051248961442216,0.9101801821016996
17.45000122115016,-24.949999410659075,0.22426407503395576,0.8816653987572671
17.300001218914986,-25.09999941289425,0.1889087354477928,0.9101801821016996
17.300001218914986,-25.149999413639307,0.22426407503395576,0.8816653987572671
17.15000121667981,-25.29999941587448,0.1889087354477928,0.9101801821016996
17.15000121667981,-25.34999941661954,0.22426407503395576,0.8816653987572671
17.000001214444637,-25.499999418854713,0.18078866096738858,0.9101801821016996
17.000001214444637,-25.54999941959977,0.20311289342177757,0.8816653987572671
16.850001212209463,-25.699999421834946,0.18078866096738858,0.9011357936854637
16.850001212209463,-25.749999422580004,0.20311289342177757,0.8700467438965735
16.800001211464405,-25.799999423325062,0.18078866096738858,0.8816653987572671
16.800001211464405,-25.84999942407012,0.20311289342177757,0.8547511712034664
16.750001210719347,-25.899999424815178,0.18078866096738858,0.8630145971136167
16.750001210719347,-25.949999425560236,0.20311289342177757,0.8307764217641807
16.70000120997429,-25.999999426305294,0.18078866096738858,0.8404326178378946
16.70000120997429,-26.049999427050352,0.20311289342177757,0.8124228516521053
16.600001208484173,-26.149999428540468,0.160555132919089,0.8404326178378946
16.600001208484173,-26.199999429285526,0.19051248961442216,0.8124228516521053
16.550001207739115,-26.249999430030584,0.18078866096738858,0.8295630294403845
16.550001207739115,-26.299999430775642,0.20311289342177757,0.8062306048689096
16.500001206994057,-26.3499994315207,0.18078866096738858,0.8295630294403845
16.500001206994057,-26.39999943226576,0.20311289342177757,0.8062306048689096
16.450001206249,-26.449999433010817,0.18078866096738858,0.8295630294403845
16.450001206249,-26.499999433755875,0.20311289342177757,0.8062306048689096
16.350001204758883,-26.59999943524599,0.160555132919089,0.8404326178378946
16.350001204758883,-26.64999943599105,0.18078866096738858,0.8124228516521053
16.300001204013824,-26.699999436736107,0.160555132919089,0.8295630294403845
16.300001204013824,-26.749999437481165,0.18078866096738858,0.8062306048689096
16.250001203268766,-26.799999438226223,0.160555132919089,0.8295630294403845
16.250001203268766,-26.84999943897128,0.18078866096738858,0.8062306048689096
16.20000120252371,-26.89999943971634,0.160555132919089,0.8295630294403845
16.20000120252371,-26.949999440461397,0.18078866096738858,0.8062306048689096
16.15000120177865,-26.999999441206455,0.160555132919089,0.8307764217641807
16.15000120177865,-27.09999944269657,0.20311289342177757,0.7962429571037405
16.100001201033592,-27.14999944344163,0.18078866096738858,0.8295630294403845
16.100001201033592,-27.199999444186687,0.20311289342177757,0.8062306048689096
16.050001200288534,-27.249999444931746,0.18078866096738858,0.8307764217641807
16.050001200288534,-27.299999445676804,0.20311289342177757,0.8124228516521053
16.000001199543476,-27.34999944642186,0.18078866096738858,0.8440306664483241
16.000001199543476,-27.39999944716692,0.20311289342177757,0.8307764217641807
15.950001198798418,-27.449999447911978,0.16400549988813046,0.8594810208083519
15.950001198798418,-27.549999449402094,0.20311289342177757,0.8307764217641807
15.90000119805336,-27.599999450147152,0.16400549988813046,0.8594810208083519
15.90000119805336,-27.699999451637268,0.20311289342177757,0.8295630294403845
15.850001197308302,-27.749999452382326,0.16400549988813046,0.8511898177453807
15.850001197308302,-27.849999453872442,0.20311289342177757,0.8124228516521053
15.800001196563244,-27.8999994546175,0.16400549988813046,0.8440306664483241
15.800001196563244,-27.999999456107616,0.20311289342177757,0.8198039179148193
15.750001195818186,-28.049999456852674,0.16400549988813046,0.8594810208083519
15.750001195818186,-28.14999945834279,0.20311289342177757,0.8307764217641807
15.700001195073128,-28.19999945908785,0.16400549988813046,0.8594810208083519
15.700001195073128,-28.299999460577965,0.20311289342177757,0.8307764217641807
15.65000119432807,-28.349999461323023,0.16400549988813046,0.8688779322491196
15.65000119432807,-28.44999946281314,0.20311289342177757,0.8440306664483241
15.600001193583012,-28.499999463558197,0.16400549988813046,0.8770329774759426
15.600001193583012,-28.599999465048313,0.20311289342177757,0.8440306664483241
15.550001192837954,-28.64999946579337,0.16400549988813046,0.8793516733297382
15.550001192837954,-28.799999468028545,0.21231056870567222,0.8440306664483241
15.500001192092896,-28.849999468773603,0.18078866096738858,0.8770329774759426
15.500001192092896,-28.94999947026372,0.21231056870567222,0.8440306664483241
15.450001191347837,-28.999999471008778,0.18078866096738858,0.8793516733297382
15.450001191347837,-29.099999472498894,0.21231056870567222,0.8594810208083519
15.40000119060278,-29.149999473243952,0.18078866096738858,0.8920164996643914
15.40000119060278,-29.249999474734068,0.20000000596046447,0.8594810208083519
15.350001189857721,-29.299999475479126,0.1500000052154064,0.8920164996643914
15.350001189857721,-29.499999478459358,0.20000000596046447,0.8440306664483241
15.300001189112663,-29.549999479204416,0.1500000052154064,0.8793516733297382
15.300001189112663,-29.799999482929707,0.20000000596046447,0.8198039179148193
15.250001188367605,-29.849999483674765,0.1500000052154064,0.8606601875848896
15.250001188367605,-30.099999487400055,0.20000000596046447,0.8111874358757011
15.200001187622547,-30.149999488145113,0.1500000052154064,0.8440306664483241
15.200001187622547,-30.399999491870403,0.20000000596046447,0.7962429571037405
15.150001186877489,-30.44999949261546,0.1500000052154064,0.8307764217641807
15.150001186877489,-30.74999949708581,0.20000000596046447,0.8000000149011612
15.100001186132431,-30.799999497830868,0.1500000052154064,0.8500000156462193
15.100001186132431,-31.049999501556158,0.20000000596046447,0.8049875770875707
15.050001185387373,-31.099999502301216,0.1500000052154064,0.8511898177453807
15.050001185387373,-33.64999954029918,0.1500000052154064,0.9500000171363354
15.100001186132431,-33.699999541044235,0.20000000596046447,0.9000000163912774
15.100001186132431,-34.64999955520034,0.1500000052154064,0.9500000171363354
15.150001186877489,-34.699999555945396,0.20000000596046447,0.9000000163912774
15.150001186877489,-36.09999957680702,0.1500000052154064,0.9500000171363354
15.200001187622547,-36.14999957755208,0.20000000596046447,0.9000000163912774
15.200001187622547,-37.49999959766865,0.18078866096738858,0.976860247130566
15.250001188367605,-37.549999598413706,0.21231056870567222,0.9401754420890758
15.250001188367605,-38.39999961107969,0.18078866096738858,0.9672617703864308
15.300001189112663,-38.44999961182475,0.21231056870567222,0.9280514340771239
15.300001189112663,-39.04999962076545,0.1500000052154064,0.9500000171363354
15.350001189857721,-39.099999621510506,0.20000000596046447,0.9000000163912774
15.350001189857721,-39.54999962821603,0.1500000052154064,0.9500000171363354
15.40000119060278,-39.599999628961086,0.20000000596046447,0.9000000163912774
15.40000119060278,-40.24999963864684,0.1500000052154064,0.9011357936854637
15.450001191347837,-40.2999996393919,0.18078866096738858,0.8547511712034664
15.450001191347837,-40.699999645352364,0.1500000052154064,0.9000000163912774
15.500001192092896,-40.74999964609742,0.18078866096738858,0.8500000156462193
15.500001192092896,-41.199999652802944,0.1500000052154064,0.8688779322491196
15.550001192837954,-41.249999653548,0.18078866096738858,0.8307764217641807
15.550001192837954,-41.64999965950847,0.1500000052154064,0.8547511712034664
15.600001193583012,-41.699999660253525,0.18078866096738858,0.8111874358757011
15.600001193583012,-42.09999966621399,0.1500000052154064,0.8511898177453807
15.65000119432807,-42.14999966695905,0.18078866096738858,0.8049875770875707
15.65000119432807,-42.54999967291951,0.1500000052154064,0.8547511712034664
15.700001195073128,-42.59999967366457,0.18078866096738858,0.8111874358757011
15.700001195073128,-42.999999679625034,0.1500000052154064,0.8606601875848896
15.750001195818186,-43.04999968037009,0.18078866096738858,0.8198039179148193
15.750001195818186,-43.44999968633056,0.1500000052154064,0.8606601875848896
15.800001196563244,-43.499999687075615,0.18078866096738858,0.8198039179148193
15.800001196563244,-43.94999969378114,0.1500000052154064,0.8793516733297382
15.850001197308302,-43.999999694526196,0.18078866096738858,0.8440306664483241
15.850001197308302,-44.39999970048666,0.1500000052154064,0.8920164996643914
15.90000119805336,-44.44999970123172,0.18078866096738858,0.8500000156462193
15.90000119805336,-44.84999970719218,0.1500000052154064,0.8920164996643914
15.950001198798418,-44.89999970793724,0.18078866096738858,0.8500000156462193
15.950001198798418,-45.299999713897705,0.1500000052154064,0.9000000163912774
16.000001199543476,-45.34999971464276,0.18078866096738858,0.8500000156462193
16.000001199543476,-45.74999972060323,0.1500000052154064,0.9000000163912774
16.050001200288534,-45.799999721348286,0.18078866096738858,0.8500000156462193
16.050001200288534,-46.19999972730875,0.1500000052154064,0.9000000163912774
16.100001201033592,-46.24999972805381,0.18078866096738858,0.8511898177453807
16.100001201033592,-46.64999973401427,0.1500000052154064,0.9011357936854637
16.15000120177865,-46.69999973475933,0.20000000596046447,0.8547511712034664
16.15000120177865,-47.099999740719795,0.1500000052154064,0.9011357936854637
16.20000120252371,-47.14999974146485,0.20000000596046447,0.8547511712034664
16.20000120252371,-47.54999974742532,0.1500000052154064,0.9045361181775966
16.250001203268766,-47.599999748170376,0.20000000596046447,0.8606601875848896
16.250001203268766,-47.99999975413084,0.1500000052154064,0.9101801821016996
16.300001204013824,-48.0499997548759,0.20000000596046447,0.8688779322491196
16.300001204013824,-48.44999976083636,0.1500000052154064,0.9101801821016996
16.350001204758883,-48.49999976158142,0.20000000596046447,0.8688779322491196
16.350001204758883,-48.899999767541885,0.1500000052154064,0.9180340054098997
16.40000120550394,-48.94999976828694,0.20000000596046447,0.8793516733297382
16.40000120550394,-49.24999977275729,0.1500000052154064,0.9101801821016996
16.450001206249,-49.29999977350235,0.20000000596046447,0.8688779322491196
16.450001206249,-49.5999997779727,0.1500000052154064,0.9011357936854637
16.500001206994057,-49.649999778717756,0.20000000596046447,0.8547511712034664
16.500001206994057,-49.99999978393316,0.1500000052154064,0.9011357936854637
16.550001207739115,-50.04999978467822,0.18078866096738858,0.8547511712034664
16.550001207739115,-50.34999978914857,0.1500000052154064,0.9000000163912774
16.600001208484173,-50.39999978989363,0.18078866096738858,0.8511898177453807
16.600001208484173,-50.59999979287386,0.1500000052154064,0.8793516733297382
16.65000120922923,-50.64999979361892,0.18078866096738858,0.8440306664483241
16.65000120922923,-50.89999979734421,0.1500000052154064,0.8547511712034664
16.70000120997429,-50.949999798089266,0.18078866096738858,0.8111874358757011
16.70000120997429,-51.1499998010695,0.1500000052154064,0.8500000156462193
16.750001210719347,-51.199999801814556,0.18078866096738858,0.8012492346448155
16.750001210719347,-51.39999980479479,0.1500000052154064,0.8307764217641807
16.800001211464405,-51.449999805539846,0.18078866096738858,0.7962429571037405
16.800001211464405,-51.69999980926514,0.1500000052154064,0.8440306664483241
16.850001212209463,-51.749999810010195,0.18078866096738858,0.8049875770875707
16.850001212209463,-51.94999981299043,0.1500000052154064,0.8440306664483241
16.90000121295452,-51.999999813735485,0.18078866096738858,0.8049875770875707
16.90000121295452,-52.249999817460775,0.1500000052154064,0.8547511712034664
16.95000121369958,-52.29999981820583,0.18078866096738858,0.8111874358757011
16.95000121369958,-52.499999821186066,0.1500000052154064,0.8547511712034664
17.000001214444637,-52.549999821931124,0.18078866096738858,0.8111874358757011
17.000001214444637,-52.749999824911356,0.1500000052154064,0.8547511712034664
17.050001215189695,-52.799999825656414,0.18078866096738858,0.8111874358757011
17.050001215189695,-52.89999982714653,0.15355339586162983,0.8307764217641807
17.100001215934753,-52.94999982789159,0.18078866096738858,0.7962429571037405
17.100001215934753,-53.09999983012676,0.1500000052154064,0.8307764217641807
17.15000121667981,-53.14999983087182,0.18078866096738858,0.7962429571037405
17.15000121667981,-53.299999833106995,0.1500000052154064,0.8440306664483241
17.20000121742487,-53.34999983385205,0.18078866096738858,0.8124228516521053
17.20000121742487,-53.44999983534217,0.15355339586162983,0.8440306664483241
17.250001218169928,-53.49999983608723,0.18078866096738858,0.8124228516521053
17.250001218169928,-53.59999983757734,0.15355339586162983,0.8511898177453807
17.300001218914986,-53.6499998383224,0.18078866096738858,0.8295630294403845
17.300001218914986,-53.69999983906746,0.160555132919089,0.8511898177453807
17.350001219660044,-53.74999983981252,0.18078866096738858,0.8295630294403845
17.350001219660044,-53.84999984130263,0.15355339586162983,0.8594810208083519
17.4000012204051,-53.89999984204769,0.18078866096738858,0.8307764217641807
17.4000012204051,-53.94999984279275,0.160555132919089,0.8511898177453807
17.45000122115016,-53.99999984353781,0.18078866096738858,0.8295630294403845
17.45000122115016,-54.099999845027924,0.15355339586162983,0.8735455436762694
17.500001221895218,-54.14999984577298,0.18078866096738858,0.8511898177453807
17.500001221895218,-54.19999984651804,0.160555132919089,0.8735455436762694
17.550001222640276,-54.2499998472631,0.18078866096738858,0.8511898177453807
17.550001222640276,-54.299999848008156,0.15355339586162983,0.8735455436762694
17.600001223385334,-54.349999848753214,0.160555132919089,0.8547511712034664
17.600001223385334,-54.39999984949827,0.13541020162296988,0.8816653987572671
17.70000122487545,-54.49999985098839,0.18078866096738858,0.8630145971136167
17.70000122487545,-54.549999851733446,0.15355339586162983,0.8965856263134644
17.800001226365566,-54.64999985322356,0.18078866096738858,0.8700467438965735
17.800001226365566,-54.69999985396862,0.15355339586162983,0.9011357936854637
18.150001231580973,-55.04999985918403,0.13541020162296988,0.9236102694553091
18.20000123232603,-55.04999985918403,0.160555132919089,0.8977249363623835
18.300001233816147,-55.14999986067414,0.13541020162296988,0.9236102694553091
18.350001234561205,-55.14999986067414,0.160555132919089,0.8977249363623835
18.400001235306263,-55.1999998614192,0.13541020162296988,0.9180340054098997
18.45000123605132,-55.1999998614192,0.160555132919089,0.8965856263134644
18.50000123679638,-55.24999986216426,0.13541020162296988,0.9236102694553091
18.550001237541437,-55.24999986216426,0.160555132919089,0.906797197551496
18.600001238286495,-55.29999986290932,0.13541020162296988,0.9401754420890758
18.70000123977661,-55.29999986290932,0.16400549988813046,0.906797197551496
18.75000124052167,-55.349999863654375,0.13541020162296988,0.9401754420890758
18.900001242756844,-55.349999863654375,0.16400549988813046,0.8920164996643914
18.9500012435019,-55.39999986439943,0.13541020162296988,0.9280514340771239
19.200001247227192,-55.39999986439943,0.20000000596046447,0.9000000163912774
19.25000124797225,-55.44999986514449,0.1500000052154064,0.9500000171363354
19.75000125542283,-55.44999986514449,0.20311289342177757,0.9500000171363354
19.80000125616789,-55.49999986588955,0.16400549988813046,1.0000000178813935
20.25000126287341,-55.49999986588955,0.15355339586162983,1.0000000178813935
20.30000126361847,-55.44999986514449,0.20000000596046447,0.9500000171363354
21.000001274049282,-55.44999986514449,0.15355339586162983,1.0000000178813935
21.05000127479434,-55.39999986439943,0.20000000596046447,0.9510864604746585
21.250001277774572,-55.39999986439943,0.15355339586162983,0.976860247130566
21.30000127851963,-55.349999863654375,0.20000000596046447,0.9401754420890758
21.55000128224492,-55.349999863654375,0.1500000052154064,0.9510864604746585
21.60000128298998,-55.29999986290932,0.18078866096738858,0.9045361181775966
21.85000128671527,-55.29999986290932,0.13541020162296988,0.9500000171363354
21.900001287460327,-55.24999986216426,0.16400549988813046,0.9000000163912774
22.10000129044056,-55.24999986216426,0.11622777072899887,0.9045361181775966
22.150001291185617,-55.1999998614192,0.15355339586162983,0.8606601875848896
22.35000129416585,-55.1999998614192,0.11622777072899887,0.906797197551496
22.400001294910908,-55.14999986067414,0.15355339586162983,0.8688779322491196
22.500001296401024,-55.14999986067414,0.11622777072899887,0.8920164996643914
22.550001297146082,-55.099999859929085,0.15355339586162983,0.8594810208083519
22.700001299381256,-55.099999859929085,0.11622777072899887,0.8920164996643914
22.750001300126314,-55.04999985918403,0.15355339586162983,0.8594810208083519
22.85000130161643,-55.04999985918403,0.11622777072899887,0.8920164996643914
22.90000130236149,-54.99999985843897,0.15355339586162983,0.8594810208083519
23.000001303851604,-54.99999985843897,0.11622777072899887,0.8920164996643914
23.050001304596663,-54.94999985769391,0.15355339586162983,0.8594810208083519
23.15000130608678,-54.94999985769391,0.11622777072899887,0.8920164996643914
23.200001306831837,-54.89999985694885,0.15355339586162983,0.8594810208083519
23.35000130906701,-54.89999985694885,0.11622777072899887,0.906797197551496
23.40000130981207,-54.849999856203794,0.15355339586162983,0.8688779322491196
23.500001311302185,-54.849999856203794,0.11622777072899887,0.8920164996643914
23.550001312047243,-54.799999855458736,0.15355339586162983,0.8594810208083519
23.65000131353736,-54.799999855458736,0.11622777072899887,0.8920164996643914
23.700001314282417,-54.74999985471368,0.15355339586162983,0.8594810208083519
23.800001315772533,-54.74999985471368,0.11622777072899887,0.8920164996643914
23.85000131651759,-54.69999985396862,0.15355339586162983,0.8594810208083519
23.950001318007708,-54.69999985396862,0.11622777072899887,0.8920164996643914
24.000001318752766,-54.64999985322356,0.15355339586162983,0.8594810208083519
24.15000132098794,-54.64999985322356,0.11622777072899887,0.906797197551496
24.200001321732998,-54.599999852478504,0.15355339586162983,0.8688779322491196
24.300001323223114,-54.599999852478504,0.11622777072899887,0.8920164996643914
24.350001323968172,-54.549999851733446,0.15355339586162983,0.8594810208083519
24.450001325458288,-54.549999851733446,0.11622777072899887,0.8920164996643914
24.500001326203346,-54.49999985098839,0.15355339586162983,0.8594810208083519
24.600001327693462,-54.49999985098839,0.11622777072899887,0.8920164996643914
24.65000132843852,-54.44999985024333,0.15355339586162983,0.8594810208083519
24.750001329928637,-54.44999985024333,0.11622777072899887,0.8920164996643914
24.800001330673695,-54.39999984949827,0.15355339586162983,0.8594810208083519
24.95000133290887,-54.39999984949827,0.11622777072899887,0.8920164996643914
25.000001333653927,-54.349999848753214,0.15355339586162983,0.8594810208083519
25.100001335144043,-54.349999848753214,0.11622777072899887,0.8920164996643914
25.1500013358891,-54.299999848008156,0.15355339586162983,0.8594810208083519
25.250001337379217,-54.299999848008156,0.11622777072899887,0.8920164996643914
25.300001338124275,-54.2499998472631,0.15355339586162983,0.8594810208083519
25.40000133961439,-54.2499998472631,0.11622777072899887,0.8920164996643914
25.45000134035945,-54.19999984651804,0.15355339586162983,0.8594810208083519
25.550001341849566,-54.19999984651804,0.11622777072899887,0.8920164996643914
25.600001342594624,-54.14999984577298,0.15355339586162983,0.8594810208083519
25.750001344829798,-54.14999984577298,0.11622777072899887,0.8920164996643914
25.800001345574856,-54.099999845027924,0.15355339586162983,0.8594810208083519
25.900001347064972,-54.099999845027924,0.11622777072899887,0.8920164996643914
25.95000134781003,-54.049999844282866,0.15355339586162983,0.8594810208083519
26.050001349300146,-54.049999844282866,0.11622777072899887,0.8920164996643914
26.100001350045204,-53.99999984353781,0.15355339586162983,0.8594810208083519
26.20000135153532,-53.99999984353781,0.11622777072899887,0.8920164996643914
26.25000135228038,-53.94999984279275,0.15355339586162983,0.8594810208083519
26.350001353770494,-53.94999984279275,0.11622777072899887,0.8920164996643914
26.400001354515553,-53.89999984204769,0.15355339586162983,0.8594810208083519
26.550001356750727,-53.89999984204769,0.11622777072899887,0.8920164996643914
26.600001357495785,-53.84999984130263,0.15355339586162983,0.8594810208083519
26.7000013589859,-53.84999984130263,0.11622777072899887,0.8920164996643914
26.75000135973096,-53.799999840557575,0.15355339586162983,0.8594810208083519
26.850001361221075,-53.799999840557575,0.11622777072899887,0.8920164996643914
26.900001361966133,-53.74999983981252,0.15355339586162983,0.8594810208083519
27.00000136345625,-53.74999983981252,0.11622777072899887,0.8920164996643914
27.050001364201307,-53.69999983906746,0.15355339586162983,0.8594810208083519
27.20000136643648,-53.69999983906746,0.10413813104692221,0.8920164996643914
27.25000136718154,-53.6499998383224,0.1500000052154064,0.8594810208083519
27.350001368671656,-53.6499998383224,0.11622777072899887,0.8920164996643914
27.400001369416714,-53.59999983757734,0.15355339586162983,0.8594810208083519
27.50000137090683,-53.59999983757734,0.11622777072899887,0.8920164996643914
27.550001371651888,-53.549999836832285,0.15355339586162983,0.8594810208083519
27.650001373142004,-53.549999836832285,0.11622777072899887,0.8920164996643914
27.700001373887062,-53.49999983608723,0.15355339586162983,0.8594810208083519
27.800001375377178,-53.49999983608723,0.11622777072899887,0.8920164996643914
27.850001376122236,-53.44999983534217,0.15355339586162983,0.8594810208083519
28.00000137835741,-53.44999983534217,0.10413813104692221,0.8920164996643914
28.05000137910247,-53.39999983459711,0.1500000052154064,0.8594810208083519
28.150001380592585,-53.39999983459711,0.11622777072899887,0.8920164996643914
28.200001381337643,-53.34999983385205,0.15355339586162983,0.8594810208083519
28.30000138282776,-53.34999983385205,0.11622777072899887,0.8920164996643914
28.350001383572817,-53.299999833106995,0.15355339586162983,0.8594810208083519
28.450001385062933,-53.299999833106995,0.11622777072899887,0.8920164996643914
28.50000138580799,-53.24999983236194,0.15355339586162983,0.8594810208083519
28.650001388043165,-53.24999983236194,0.10413813104692221,0.8920164996643914
28.700001388788223,-53.19999983161688,0.13541020162296988,0.8594810208083519
28.80000139027834,-53.19999983161688,0.10413813104692221,0.8920164996643914
28.850001391023397,-53.14999983087182,0.1500000052154064,0.8594810208083519
28.950001392513514,-53.14999983087182,0.11622777072899887,0.8920164996643914
29.00000139325857,-53.09999983012676,0.15355339586162983,0.8594810208083519
29.100001394748688,-53.09999983012676,0.11622777072899887,0.8920164996643914
29.150001395493746,-53.049999829381704,0.15355339586162983,0.8594810208083519
29.250001396983862,-53.049999829381704,0.11622777072899887,0.8920164996643914
29.30000139772892,-52.999999828636646,0.15355339586162983,0.8594810208083519
29.450001399964094,-52.999999828636646,0.10413813104692221,0.8920164996643914
29.500001400709152,-52.94999982789159,0.13541020162296988,0.8594810208083519
29.60000140219927,-52.94999982789159,0.10413813104692221,0.8920164996643914
29.650001402944326,-52.89999982714653,0.1500000052154064,0.8594810208083519
29.750001404434443,-52.89999982714653,0.11622777072899887,0.8920164996643914
29.8000014051795,-52.84999982640147,0.15355339586162983,0.8594810208083519
29.900001406669617,-52.84999982640147,0.11622777072899887,0.8920164996643914
29.950001407414675,-52.799999825656414,0.15355339586162983,0.8594810208083519
30.05000140890479,-52.799999825656414,0.11622777072899887,0.8920164996643914
30.10000140964985,-52.749999824911356,0.15355339586162983,0.8594810208083519
30.250001411885023,-52.749999824911356,0.10413813104692221,0.8920164996643914
30.30000141263008,-52.6999998241663,0.13541020162296988,0.8594810208083519
30.400001414120197,-52.6999998241663,0.10413813104692221,0.8920164996643914
30.450001414865255,-52.64999982342124,0.1500000052154064,0.8594810208083519
30.55000141635537,-52.64999982342124,0.11622777072899887,0.8920164996643914
30.60000141710043,-52.59999982267618,0.15355339586162983,0.8594810208083519
30.700001418590546,-52.59999982267618,0.11622777072899887,0.8920164996643914
30.750001419335604,-52.549999821931124,0.15355339586162983,0.8594810208083519
30.85000142082572,-52.549999821931124,0.11622777072899887,0.8920164996643914
30.900001421570778,-52.499999821186066,0.15355339586162983,0.8594810208083519
31.000001423060894,-52.499999821186066,0.11622777072899887,0.8920164996643914
31.050001423805952,-52.44999982044101,0.15355339586162983,0.8594810208083519
31.150001425296068,-52.44999982044101,0.11622777072899887,0.8920164996643914
31.200001426041126,-52.39999981969595,0.15355339586162983,0.8594810208083519
31.3500014282763,-52.39999981969595,0.11622777072899887,0.9180340054098997
31.40000142902136,-52.34999981895089,0.15355339586162983,0.8920164996643914
31.500001430511475,-52.34999981895089,0.11622777072899887,0.9236102694553091
31.550001431256533,-52.29999981820583,0.15355339586162983,0.8920164996643914
31.65000143274665,-52.29999981820583,0.11622777072899887,0.9236102694553091
31.700001433491707,-52.249999817460775,0.15355339586162983,0.8965856263134644
31.800001434981823,-52.249999817460775,0.11622777072899887,0.9412712380575992
31.85000143572688,-52.19999981671572,0.13541020162296988,0.9180340054098997
31.90000143647194,-52.19999981671572,0.11622777072899887,0.9412712380575992
31.950001437216997,-52.14999981597066,0.13541020162296988,0.9180340054098997
32.000001437962055,-52.14999981597066,0.11622777072899887,0.9412712380575992
32.05000143870711,-52.0999998152256,0.13541020162296988,0.9236102694553091
32.10000143945217,-52.0999998152256,0.11622777072899887,0.9510864604746585
32.15000144019723,-52.04999981448054,0.13541020162296988,0.9401754420890758
32.20000144094229,-52.04999981448054,0.11622777072899887,0.9629703522909092
32.250001441687346,-51.999999813735485,0.13541020162296988,0.9412712380575992
32.300001442432404,-51.999999813735485,0.11622777072899887,0.9629703522909092
32.35000144317746,-51.94999981299043,0.13541020162296988,0.9412712380575992
32.40000144392252,-51.94999981299043,0.11622777072899887,0.9629703522909092
32.45000144466758,-51.89999981224537,0.13541020162296988,0.9412712380575992
32.500001445412636,-51.89999981224537,0.11622777072899887,0.9629703522909092
32.550001446157694,-51.84999981150031,0.13541020162296988,0.9412712380575992
32.60000144690275,-51.84999981150031,0.11622777072899887,0.966190396346651
32.65000144764781,-51.79999981075525,0.13541020162296988,0.9510864604746585
32.70000144839287,-51.79999981075525,0.11622777072899887,0.9800423897045963
32.800001449882984,-51.69999980926514,0.15355339586162983,0.9412712380575992
32.85000145062804,-51.69999980926514,0.12015621664234175,0.9629703522909092
32.9000014513731,-51.64999980852008,0.13541020162296988,0.9412712380575992
32.95000145211816,-51.64999980852008,0.11622777072899887,0.966190396346651
33.000001452863216,-51.59999980777502,0.13541020162296988,0.9510864604746585
33.050001453608274,-51.59999980777502,0.11622777072899887,0.9800423897045963
33.15000145509839,-51.499999806284904,0.15355339586162983,0.9510864604746585
33.20000145584345,-51.499999806284904,0.11819805627546684,0.9800423897045963
33.35000145807862,-51.34999980404973,0.15355339586162983,0.9510864604746585
33.40000145882368,-51.34999980404973,0.11819805627546684,0.9800423897045963
33.550001461058855,-51.199999801814556,0.15355339586162983,0.9510864604746585
33.60000146180391,-51.199999801814556,0.11819805627546684,0.9800423897045963
33.75000146403909,-51.04999979957938,0.15355339586162983,0.966190396346651
33.800001464784145,-51.04999979957938,0.11819805627546684,0.9926860619600634
33.95000146701932,-50.89999979734421,0.15355339586162983,0.966190396346651
34.00000146776438,-50.89999979734421,0.11819805627546684,0.9926860619600634
34.15000146999955,-50.749999795109034,0.15355339586162983,0.9672617703864308
34.20000147074461,-50.749999795109034,0.11819805627546684,1.0020815459295414
34.350001472979784,-50.59999979287386,0.15355339586162983,0.9715374688432665
34.40000147372484,-50.59999979287386,0.12015621664234175,1.0041594758226038
34.550001475960016,-50.449999790638685,0.15355339586162983,0.9715374688432665
34.600001476705074,-50.449999790638685,0.12015621664234175,1.0041594758226038
34.850001480430365,-50.199999786913395,0.15355339586162983,0.9672617703864308
34.90000148117542,-50.199999786913395,0.11819805627546684,1.0020815459295414
36.55000150576234,-48.54999976232648,0.11819805627546684,1.0020815459295414
36.55000150576234,-48.49999976158142,0.15355339586162983,0.9667262063433785
36.9500015117228,-48.099999755620956,0.11622777072899887,0.9667262063433785
36.9500015117228,-48.0499997548759,0.13541020162296988,0.9313708667572156
37.30000151693821,-47.69999974966049,0.11622777072899887,0.9510864604746585
37.30000151693821,-47.649999748915434,0.13541020162296988,0.9236102694553091
37.650001522153616,-47.29999974370003,0.11622777072899887,0.966190396346651
37.650001522153616,-47.24999974295497,0.13541020162296988,0.9313708667572156
38.00000152736902,-46.89999973773956,0.11622777072899887,0.9667262063433785
38.00000152736902,-46.849999736994505,0.13541020162296988,0.9313708667572156
38.35000153258443,-46.4999997317791,0.11622777072899887,0.9667262063433785
38.35000153258443,-46.44999973103404,0.13541020162296988,0.9313708667572156
38.700001537799835,-46.099999725818634,0.11622777072899887,0.9667262063433785
38.700001537799835,-46.049999725073576,0.13541020162296988,0.9313708667572156
39.05000154301524,-45.69999971985817,0.11622777072899887,0.9667262063433785
39.05000154301524,-45.64999971911311,0.13541020162296988,0.9313708667572156
39.40000154823065,-45.299999713897705,0.11622777072899887,0.9667262063433785
39.40000154823065,-45.24999971315265,0.13541020162296988,0.9313708667572156
39.750001553446054,-44.89999970793724,0.11622777072899887,0.9672617703864308
39.750001553446054,-44.84999970719218,0.13541020162296988,0.933578421767098
40.10000155866146,-44.499999701976776,0.11622777072899887,0.9715374688432665
40.10000155866146,-44.44999970123172,0.13541020162296988,0.9401754420890758
40.35000156238675,-44.19999969750643,0.11622777072899887,0.9672617703864308
40.35000156238675,-44.14999969676137,0.13541020162296988,0.933578421767098
40.500001564621925,-43.999999694526196,0.11622777072899887,0.966190396346651
40.500001564621925,-43.94999969378114,0.13541020162296988,0.9313708667572156
40.70000156760216,-43.749999690800905,0.11622777072899887,0.966190396346651
40.70000156760216,-43.69999969005585,0.13541020162296988,0.933578421767098
40.85000156983733,-43.54999968782067,0.11622777072899887,0.966190396346651
40.85000156983733,-43.499999687075615,0.13541020162296988,0.9313708667572156
41.050001572817564,-43.29999968409538,0.11622777072899887,0.966190396346651
41.050001572817564,-43.249999683350325,0.13541020162296988,0.9313708667572156
41.20000157505274,-43.09999968111515,0.11622777072899887,0.9510864604746585
41.20000157505274,-43.04999968037009,0.13541020162296988,0.9236102694553091
41.40000157803297,-42.84999967738986,0.11622777072899887,0.966190396346651
41.40000157803297,-42.7999996766448,0.13541020162296988,0.9313708667572156
41.6000015810132,-42.59999967366457,0.11622777072899887,0.966190396346651
41.6000015810132,-42.54999967291951,0.13541020162296988,0.933578421767098
41.75000158324838,-42.39999967068434,0.11622777072899887,0.966190396346651
41.75000158324838,-42.34999966993928,0.13541020162296988,0.9313708667572156
41.95000158622861,-42.14999966695905,0.11622777072899887,0.966190396346651
41.95000158622861,-42.09999966621399,0.13541020162296988,0.933578421767098
42.10000158846378,-41.949999663978815,0.11622777072899887,0.966190396346651
42.10000158846378,-41.89999966323376,0.13541020162296988,0.9313708667572156
42.300001591444016,-41.699999660253525,0.11622777072899887,0.966190396346651
42.300001591444016,-41.64999965950847,0.13541020162296988,0.933578421767098
42.45000159367919,-41.49999965727329,0.11622777072899887,0.966190396346651
42.45000159367919,-41.449999656528234,0.13541020162296988,0.9412712380575992
42.550001595169306,-41.34999965503812,0.11622777072899887,0.9800423897045963
42.550001595169306,-41.29999965429306,0.13541020162296988,0.9510864604746585
42.600001595914364,-41.249999653548,0.11622777072899887,0.966190396346651
42.600001595914364,-41.199999652802944,0.13541020162296988,0.9401754420890758
42.70000159740448,-41.09999965131283,0.11622777072899887,0.966190396346651
42.70000159740448,-41.04999965056777,0.13541020162296988,0.9401754420890758
42.800001598894596,-40.949999649077654,0.11622777072899887,0.966190396346651
42.800001598894596,-40.899999648332596,0.13541020162296988,0.9412712380575992
42.850001599639654,-40.84999964758754,0.11622777072899887,0.9629703522909092
42.850001599639654,-40.79999964684248,0.13541020162296988,0.9401754420890758
42.95000160112977,-40.699999645352364,0.11622777072899887,0.966190396346651
42.95000160112977,-40.649999644607306,0.13541020162296988,0.9401754420890758
43.050001602619886,-40.54999964311719,0.11622777072899887,0.966190396346651
43.050001602619886,-40.49999964237213,0.13541020162296988,0.9412712380575992
43.100001603364944,-40.44999964162707,0.11622777072899887,0.9629703522909092
43.100001603364944,-40.399999640882015,0.13541020162296988,0.9401754420890758
43.20000160485506,-40.2999996393919,0.11622777072899887,0.966190396346651
43.20000160485506,-40.24999963864684,0.13541020162296988,0.9401754420890758
43.30000160634518,-40.149999637156725,0.11622777072899887,0.966190396346651
43.30000160634518,-40.09999963641167,0.13541020162296988,0.9412712380575992
43.350001607090235,-40.04999963566661,0.11622777072899887,0.9629703522909092
43.350001607090235,-39.99999963492155,0.13541020162296988,0.9401754420890758
43.45000160858035,-39.899999633431435,0.11622777072899887,0.966190396346651
43.45000160858035,-39.84999963268638,0.13541020162296988,0.9401754420890758
43.55000161007047,-39.74999963119626,0.11622777072899887,0.966190396346651
43.55000161007047,-39.6999996304512,0.13541020162296988,0.9412712380575992
43.600001610815525,-39.649999629706144,0.11622777072899887,0.9629703522909092
43.600001610815525,-39.599999628961086,0.13541020162296988,0.9401754420890758
43.70000161230564,-39.49999962747097,0.11622777072899887,0.966190396346651
43.70000161230564,-39.44999962672591,0.13541020162296988,0.9401754420890758
43.80000161379576,-39.349999625235796,0.11622777072899887,0.966190396346651
43.80000161379576,-39.29999962449074,0.13541020162296988,0.9412712380575992
43.850001614540815,-39.24999962374568,0.11622777072899887,0.9629703522909092
43.850001614540815,-39.19999962300062,0.13541020162296988,0.9401754420890758
43.95000161603093,-39.099999621510506,0.11622777072899887,0.966190396346651
43.95000161603093,-39.04999962076545,0.13541020162296988,0.9412712380575992
44.00000161677599,-38.99999962002039,0.12015621664234175,0.9629703522909092
44.00000161677599,-38.94999961927533,0.15355339586162983,0.9412712380575992
44.100001618266106,-38.849999617785215,0.12015621664234175,0.9800423897045963
44.100001618266106,-38.79999961704016,0.15355339586162983,0.9510864604746585
44.150001619011164,-38.7499996162951,0.13541020162296988,0.966190396346651
44.150001619011164,-38.69999961555004,0.160555132919089,0.9412712380575992
44.20000161975622,-38.64999961480498,0.13541020162296988,0.9629703522909092
44.20000161975622,-38.599999614059925,0.160555132919089,0.9412712380575992
44.25000162050128,-38.54999961331487,0.13541020162296988,0.9629703522909092
44.25000162050128,-38.49999961256981,0.160555132919089,0.9412712380575992
44.30000162124634,-38.44999961182475,0.13541020162296988,0.9629703522909092
44.30000162124634,-38.39999961107969,0.160555132919089,0.9412712380575992
44.350001621991396,-38.349999610334635,0.13541020162296988,0.9629703522909092
44.350001621991396,-38.29999960958958,0.160555132919089,0.9412712380575992
44.400001622736454,-38.24999960884452,0.13541020162296988,0.9629703522909092
44.400001622736454,-38.19999960809946,0.160555132919089,0.9412712380575992
44.45000162348151,-38.1499996073544,0.13541020162296988,0.9629703522909092
44.45000162348151,-38.099999606609344,0.160555132919089,0.9412712380575992
44.55000162497163,-37.99999960511923,0.11622777072899887,0.9800423897045963
44.55000162497163,-37.94999960437417,0.13541020162296988,0.9510864604746585
44.600001625716686,-37.89999960362911,0.12015621664234175,0.966190396346651
44.600001625716686,-37.849999602884054,0.15355339586162983,0.9412712380575992
44.650001626461744,-37.799999602138996,0.13541020162296988,0.9629703522909092
44.650001626461744,-37.74999960139394,0.160555132919089,0.9412712380575992
44.7000016272068,-37.69999960064888,0.13541020162296988,0.9629703522909092
44.7000016272068,-37.64999959990382,0.160555132919089,0.9412712380575992
44.75000162795186,-37.599999599158764,0.13541020162296988,0.9629703522909092
44.75000162795186,-37.549999598413706,0.160555132919089,0.9412712380575992
44.80000162869692,-37.49999959766865,0.13541020162296988,0.9629703522909092
44.80000162869692,-37.44999959692359,0.160555132919089,0.9412712380575992
44.85000162944198,-37.39999959617853,0.13541020162296988,0.9629703522909092
44.85000162944198,-37.349999595433474,0.160555132919089,0.9412712380575992
44.900001630187035,-37.299999594688416,0.13541020162296988,0.9629703522909092
44.900001630187035,-37.24999959394336,0.160555132919089,0.9412712380575992
44.95000163093209,-37.1999995931983,0.13541020162296988,0.9629703522909092
44.95000163093209,-37.14999959245324,0.160555132919089,0.9412712380575992
45.00000163167715,-37.09999959170818,0.13541020162296988,0.9629703522909092
45.00000163167715,-37.049999590963125,0.160555132919089,0.9412712380575992
45.05000163242221,-36.99999959021807,0.13541020162296988,0.9629703522909092
45.05000163242221,-36.94999958947301,0.160555132919089,0.9412712380575992
45.10000163316727,-36.89999958872795,0.13541020162296988,0.9629703522909092
45.10000163316727,-36.84999958798289,0.160555132919089,0.9412712380575992
45.150001633912325,-36.799999587237835,0.13541020162296988,0.9629703522909092
45.150001633912325,-36.74999958649278,0.160555132919089,0.9412712380575992
45.20000163465738,-36.69999958574772,0.13541020162296988,0.9629703522909092
45.20000163465738,-36.64999958500266,0.160555132919089,0.9412712380575992
45.25000163540244,-36.5999995842576,0.13541020162296988,0.9629703522909092
45.25000163540244,-36.549999583512545,0.160555132919089,0.9412712380575992
45.3000016361475,-36.49999958276749,0.13541020162296988,0.9629703522909092
45.3000016361475,-36.44999958202243,0.160555132919089,0.9412712380575992
45.35000163689256,-36.39999958127737,0.13541020162296988,0.9629703522909092
45.35000163689256,-36.34999958053231,0.160555132919089,0.9412712380575992
45.400001637637615,-36.299999579787254,0.13541020162296988,0.9629703522909092
45.400001637637615,-36.249999579042196,0.160555132919089,0.9412712380575992
45.45000163838267,-36.19999957829714,0.13541020162296988,0.9629703522909092
45.45000163838267,-36.14999957755208,0.160555132919089,0.9412712380575992
45.50000163912773,-36.09999957680702,0.13541020162296988,0.9629703522909092
45.50000163912773,-36.049999576061964,0.160555132919089,0.9423659829021658
45.55000163987279,-35.999999575316906,0.13541020162296988,0.9704700085133247
45.55000163987279,-35.94999957457185,0.160555132919089,0.9543396552625206
45.60000164061785,-35.89999957382679,0.13541020162296988,0.9853269767757179
45.60000164061785,-35.84999957308173,0.160555132919089,0.9629703522909092
45.650001641362906,-35.799999572336674,0.13541020162296988,0.9853269767757179
45.650001641362906,-35.749999571591616,0.160555132919089,0.9629703522909092
45.700001642107964,-35.69999957084656,0.13541020162296988,0.9853269767757179
45.700001642107964,-35.6499995701015,0.160555132919089,0.9629703522909092
45.75000164285302,-35.59999956935644,0.13541020162296988,0.9853269767757179
45.75000164285302,-35.499999567866325,0.16400549988813046,0.9412712380575992
45.80000164359808,-35.44999956712127,0.13541020162296988,0.9629703522909092
45.80000164359808,-35.39999956637621,0.160555132919089,0.9412712380575992
45.85000164434314,-35.34999956563115,0.13541020162296988,0.9629703522909092
45.85000164434314,-35.29999956488609,0.160555132919089,0.9412712380575992
45.900001645088196,-35.249999564141035,0.13541020162296988,0.9629703522909092
45.900001645088196,-35.19999956339598,0.160555132919089,0.9412712380575992
45.950001645833254,-35.14999956265092,0.13541020162296988,0.9629703522909092
45.950001645833254,-35.09999956190586,0.160555132919089,0.9412712380575992
46.00000164657831,-35.0499995611608,0.13541020162296988,0.9629703522909092
46.00000164657831,-34.999999560415745,0.160555132919089,0.9423659829021658
46.05000164732337,-34.94999955967069,0.13541020162296988,0.9704700085133247
46.05000164732337,-34.89999955892563,0.160555132919089,0.9543396552625206
46.10000164806843,-34.84999955818057,0.13541020162296988,0.9853269767757179
46.10000164806843,-34.79999955743551,0.160555132919089,0.9629703522909092
46.150001648813486,-34.749999556690454,0.13541020162296988,0.9853269767757179
46.150001648813486,-34.699999555945396,0.160555132919089,0.9629703522909092
46.200001649558544,-34.64999955520034,0.13541020162296988,0.9853269767757179
46.200001649558544,-34.59999955445528,0.160555132919089,0.9629703522909092
46.2500016503036,-34.54999955371022,0.13541020162296988,0.9853269767757179
46.2500016503036,-34.449999552220106,0.16400549988813046,0.9412712380575992
46.30000165104866,-34.39999955147505,0.13541020162296988,0.9629703522909092
46.30000165104866,-34.34999955072999,0.160555132919089,0.9412712380575992
46.35000165179372,-34.29999954998493,0.13541020162296988,0.9629703522909092
46.35000165179372,-34.249999549239874,0.160555132919089,0.9412712380575992
46.400001652538776,-34.199999548494816,0.13541020162296988,0.9629703522909092
46.400001652538776,-34.14999954774976,0.160555132919089,0.9412712380575992
46.450001653283834,-34.0999995470047,0.13541020162296988,0.9629703522909092
46.450001653283834,-34.04999954625964,0.160555132919089,0.9412712380575992
46.50000165402889,-33.999999545514584,0.13541020162296988,0.9629703522909092
46.50000165402889,-33.949999544769526,0.160555132919089,0.9423659829021658
46.55000165477395,-33.89999954402447,0.13541020162296988,0.9704700085133247
46.55000165477395,-33.84999954327941,0.160555132919089,0.9543396552625206
46.60000165551901,-33.79999954253435,0.13541020162296988,0.9853269767757179
46.60000165551901,-33.74999954178929,0.160555132919089,0.9629703522909092
46.65000165626407,-33.699999541044235,0.13541020162296988,0.9853269767757179
46.65000165626407,-33.64999954029918,0.160555132919089,0.9629703522909092
46.700001657009125,-33.59999953955412,0.13541020162296988,0.9853269767757179
46.700001657009125,-33.54999953880906,0.160555132919089,0.9629703522909092
46.75000165775418,-33.499999538064,0.13541020162296988,0.9853269767757179
46.75000165775418,-33.39999953657389,0.16400549988813046,0.9412712380575992
46.80000165849924,-33.34999953582883,0.13541020162296988,0.9629703522909092
46.80000165849924,-33.29999953508377,0.160555132919089,0.9412712380575992
46.8500016592443,-33.24999953433871,0.13541020162296988,0.9629703522909092
46.8500016592443,-33.199999533593655,0.160555132919089,0.9423659829021658
46.90000165998936,-33.1499995328486,0.13541020162296988,0.9704700085133247
46.90000165998936,-33.09999953210354,0.160555132919089,0.9543396552625206
46.950001660734415,-33.04999953135848,0.13541020162296988,0.9884864501102992
46.950001660734415,-32.949999529868364,0.18078866096738858,0.9543396552625206
47.00000166147947,-32.899999529123306,0.15355339586162983,0.9853269767757179
47.00000166147947,-32.84999952837825,0.16400549988813046,0.9629703522909092
47.05000166222453,-32.79999952763319,0.13541020162296988,0.9884864501102992
47.05000166222453,-32.699999526143074,0.18078866096738858,0.9543396552625206
47.10000166296959,-32.649999525398016,0.15355339586162983,0.9853269767757179
47.10000166296959,-32.59999952465296,0.16400549988813046,0.9629703522909092
47.15000166371465,-32.5499995239079,0.13541020162296988,0.9884864501102992
47.15000166371465,-32.449999522417784,0.18078866096738858,0.9543396552625206
47.200001664459705,-32.399999521672726,0.15355339586162983,0.9853269767757179
47.200001664459705,-32.34999952092767,0.16400549988813046,0.9629703522909092
47.25000166520476,-32.29999952018261,0.13541020162296988,0.9884864501102992
47.25000166520476,-32.19999951869249,0.16400549988813046,0.9543396552625206
47.30000166594982,-32.149999517947435,0.13541020162296988,0.9853269767757179
47.30000166594982,-32.09999951720238,0.160555132919089,0.9629703522909092
47.35000166669488,-32.04999951645732,0.13541020162296988,0.9884864501102992
47.35000166669488,-31.949999514967203,0.16400549988813046,0.9543396552625206
47.40000166743994,-31.899999514222145,0.13541020162296988,0.9853269767757179
47.40000166743994,-31.849999513477087,0.160555132919089,0.9629703522909092
47.450001668184996,-31.79999951273203,0.13541020162296988,0.9884864501102992
47.450001668184996,-31.699999511241913,0.16400549988813046,0.9543396552625206
47.500001668930054,-31.649999510496855,0.13541020162296988,0.9884864501102992
47.500001668930054,-31.54999950900674,0.16400549988813046,0.9543396552625206
47.55000166967511,-31.49999950826168,0.13541020162296988,0.9853269767757179
47.55000166967511,-31.449999507516623,0.160555132919089,0.9629703522909092
47.60000167042017,-31.399999506771564,0.13541020162296988,0.9884864501102992
47.60000167042017,-31.29999950528145,0.16400549988813046,0.9543396552625206
47.65000167116523,-31.24999950453639,0.13541020162296988,0.9853269767757179
47.65000167116523,-31.199999503791332,0.160555132919089,0.9629703522909092
47.700001671910286,-31.149999503046274,0.13541020162296988,0.9884864501102992
47.700001671910286,-31.049999501556158,0.16400549988813046,0.9543396552625206
47.750001672655344,-30.9999995008111,0.13541020162296988,0.9884864501102992
47.750001672655344,-30.849999498575926,0.20000000596046447,0.9401754420890758
47.8000016734004,-30.799999497830868,0.15355339586162983,0.976860247130566
47.8000016734004,-30.649999495595694,0.20000000596046447,0.9401754420890758
47.85000167414546,-30.599999494850636,0.15355339586162983,0.976860247130566
47.85000167414546,-30.44999949261546,0.20000000596046447,0.9401754420890758
47.90000167489052,-30.399999491870403,0.1500000052154064,0.9704700085133247
47.90000167489052,-30.24999948963523,0.18078866096738858,0.9280514340771239
47.950001675635576,-30.19999948889017,0.1500000052154064,0.9672617703864308
47.950001675635576,-29.99999948590994,0.20000000596046447,0.9180340054098997
48.000001676380634,-29.94999948516488,0.1500000052154064,0.9543396552625206
48.000001676380634,-29.799999482929707,0.18078866096738858,0.9180340054098997
48.05000167712569,-29.74999948218465,0.1500000052154064,0.9543396552625206
48.05000167712569,-29.649999480694532,0.16400549988813046,0.9236102694553091
48.10000167787075,-29.599999479949474,0.13541020162296988,0.9543396552625206
48.10000167787075,-29.4499994777143,0.16400549988813046,0.9180340054098997
48.15000167861581,-29.399999476969242,0.13541020162296988,0.9543396552625206
48.15000167861581,-29.249999474734068,0.15355339586162983,0.9180340054098997
48.20000167936087,-29.19999947398901,0.11622777072899887,0.9543396552625206
48.20000167936087,-29.049999471753836,0.15355339586162983,0.906797197551496
48.250001680105925,-28.999999471008778,0.11622777072899887,0.9401754420890758
48.250001680105925,-28.749999467283487,0.16400549988813046,0.9011357936854637
48.30000168085098,-28.69999946653843,0.13541020162296988,0.9500000171363354
48.30000168085098,-28.299999460577965,0.18078866096738858,0.9000000163912774
48.35000168159604,-28.249999459832907,0.1500000052154064,0.9500000171363354
48.35000168159604,-27.64999945089221,0.15355339586162983,0.8688779322491196
48.4000016823411,-27.599999450147152,0.11622777072899887,0.9101801821016996
48.4000016823411,-26.949999440461397,0.15355339586162983,0.8500000156462193
48.45000168308616,-26.89999943971634,0.11622777072899887,0.9000000163912774
48.45000168308616,-25.799999423325062,0.13541020162296988,0.9000000163912774
48.4000016823411,-25.749999422580004,0.16400549988813046,0.8500000156462193
48.4000016823411,-25.04999941214919,0.11622777072899887,0.8500000156462193
48.35000168159604,-24.999999411404133,0.15355339586162983,0.8000000149011612
48.35000168159604,-24.349999401718378,0.11622777072899887,0.8500000156462193
48.30000168085098,-24.29999940097332,0.15355339586162983,0.8000000149011612
48.30000168085098,-23.79999939352274,0.11622777072899887,0.8547511712034664
48.250001680105925,-23.74999939277768,0.15355339586162983,0.8111874358757011
48.250001680105925,-23.54999938979745,0.11622777072899887,0.8511898177453807
48.20000167936087,-23.49999938905239,0.15355339586162983,0.8049875770875707
48.20000167936087,-23.29999938607216,0.11622777072899887,0.8440306664483241
48.15000167861581,-23.2499993853271,0.15355339586162983,0.8012492346448155
48.15000167861581,-22.99999938160181,0.10413813104692221,0.8440306664483241
48.10000167787075,-22.949999380856752,0.1500000052154064,0.8049875770875707
48.10000167787075,-22.799999378621578,0.10413813104692221,0.8307764217641807
48.05000167712569,-22.74999937787652,0.1500000052154064,0.7962429571037405
48.05000167712569,-22.549999374896288,0.10413813104692221,0.8198039179148193
48.000001676380634,-22.49999937415123,0.1500000052154064,0.7823441498574933
48.000001676380634,-22.299999371170998,0.10413813104692221,0.8111874358757011
47.950001675635576,-22.24999937042594,0.1500000052154064,0.7708244064137908
47.950001675635576,-22.099999368190765,0.10413813104692221,0.8049875770875707
47.90000167489052,-22.049999367445707,0.1500000052154064,0.7617692174150451
47.90000167489052,-21.799999363720417,0.10000000447034836,0.8049875770875707
47.85000167414546,-21.74999936297536,0.1500000052154064,0.7617692174150451
47.85000167414546,-21.549999359995127,0.10000000447034836,0.8124228516521053
47.8000016734004,-21.49999935925007,0.1500000052154064,0.7823441498574933
47.8000016734004,-21.349999357014894,0.10413813104692221,0.8307764217641807
47.750001672655344,-21.299999356269836,0.1500000052154064,0.7962429571037405
47.750001672655344,-21.149999354034662,0.10413813104692221,0.8440306664483241
47.700001671910286,-21.099999353289604,0.13541020162296988,0.8124228516521053
47.700001671910286,-21.049999352544546,0.11622777072899887,0.8307764217641807
47.65000167116523,-20.999999351799488,0.15355339586162983,0.8062306048689096
47.65000167116523,-20.899999350309372,0.11622777072899887,0.8440306664483241
47.60000167042017,-20.849999349564314,0.15355339586162983,0.8124228516521053
47.60000167042017,-20.749999348074198,0.11622777072899887,0.8440306664483241
47.55000166967511,-20.69999934732914,0.15355339586162983,0.8124228516521053
47.55000166967511,-20.599999345839024,0.11622777072899887,0.8440306664483241
47.500001668930054,-20.549999345093966,0.15355339586162983,0.8124228516521053
47.500001668930054,-20.44999934360385,0.11622777072899887,0.8440306664483241
47.450001668184996,-20.39999934285879,0.15355339586162983,0.8124228516521053
47.450001668184996,-20.299999341368675,0.11622777072899887,0.8511898177453807
47.40000166743994,-20.249999340623617,0.15355339586162983,0.8295630294403845
47.40000166743994,-20.1499993391335,0.11622777072899887,0.8594810208083519
47.35000166669488,-20.099999338388443,0.15355339586162983,0.8307764217641807
47.35000166669488,-19.999999336898327,0.11622777072899887,0.8594810208083519
47.30000166594982,-19.94999933615327,0.15355339586162983,0.8307764217641807
47.30000166594982,-19.849999334663153,0.11622777072899887,0.8594810208083519
47.25000166520476,-19.799999333918095,0.15355339586162983,0.8307764217641807
47.25000166520476,-19.69999933242798,0.11622777072899887,0.8594810208083519
47.200001664459705,-19.64999933168292,0.13541020162296988,0.8307764217641807
47.200001664459705,-19.599999330937862,0.11622777072899887,0.8440306664483241
47.15000166371465,-19.549999330192804,0.15355339586162983,0.8124228516521053
47.15000166371465,-19.449999328702688,0.11622777072899887,0.8511898177453807
47.10000166296959,-19.39999932795763,0.13541020162296988,0.8295630294403845
47.10000166296959,-19.349999327212572,0.11622777072899887,0.8511898177453807
47.05000166222453,-19.299999326467514,0.15355339586162983,0.8295630294403845
47.05000166222453,-19.199999324977398,0.11622777072899887,0.8594810208083519
47.00000166147947,-19.14999932423234,0.13541020162296988,0.8307764217641807
47.00000166147947,-19.099999323487282,0.11622777072899887,0.8511898177453807
46.950001660734415,-19.049999322742224,0.13541020162296988,0.8295630294403845
46.950001660734415,-18.999999321997166,0.11622777072899887,0.8511898177453807
46.90000165998936,-18.949999321252108,0.15355339586162983,0.8295630294403845
46.90000165998936,-18.84999931976199,0.11622777072899887,0.8594810208083519
46.8500016592443,-18.799999319016933,0.13541020162296988,0.8307764217641807
46.8500016592443,-18.749999318271875,0.11622777072899887,0.8511898177453807
46.80000165849924,-18.699999317526817,0.13541020162296988,0.8295630294403845
46.80000165849924,-18.64999931678176,0.11622777072899887,0.8511898177453807
46.75000165775418,-18.5999993160367,0.15355339586162983,0.8295630294403845
46.75000165775418,-18.499999314546585,0.11622777072899887,0.8594810208083519
46.700001657009125,-18.449999313801527,0.13541020162296988,0.8307764217641807
46.700001657009125,-18.39999931305647,0.11622777072899887,0.8511898177453807
46.65000165626407,-18.34999931231141,0.15355339586162983,0.8295630294403845
46.65000165626407,-18.249999310821295,0.11622777072899887,0.8735455436762694
46.60000165551901,-18.199999310076237,0.13541020162296988,0.8440306664483241
46.60000165551901,-18.14999930933118,0.11622777072899887,0.8594810208083519
46.55000165477395,-18.09999930858612,0.13541020162296988,0.8307764217641807
46.55000165477395,-18.049999307841063,0.11622777072899887,0.8511898177453807
46.50000165402889,-17.999999307096004,0.15355339586162983,0.8295630294403845
46.50000165402889,-17.89999930560589,0.11622777072899887,0.8594810208083519
46.450001653283834,-17.84999930486083,0.13541020162296988,0.8307764217641807
46.450001653283834,-17.799999304115772,0.11622777072899887,0.8511898177453807
46.400001652538776,-17.749999303370714,0.15355339586162983,0.8295630294403845
46.400001652538776,-17.649999301880598,0.11622777072899887,0.8735455436762694
46.35000165179372,-17.59999930113554,0.13541020162296988,0.8440306664483241
46.35000165179372,-17.549999300390482,0.11622777072899887,0.8594810208083519
46.30000165104866,-17.499999299645424,0.13541020162296988,0.8307764217641807
46.30000165104866,-17.449999298900366,0.11622777072899887,0.8511898177453807
46.2500016503036,-17.399999298155308,0.15355339586162983,0.8295630294403845
46.2500016503036,-17.29999929666519,0.11622777072899887,0.8735455436762694
46.200001649558544,-17.249999295920134,0.13541020162296988,0.8440306664483241
46.200001649558544,-17.199999295175076,0.11622777072899887,0.8594810208083519
46.150001648813486,-17.149999294430017,0.13541020162296988,0.8307764217641807
46.150001648813486,-17.09999929368496,0.11622777072899887,0.8511898177453807
46.10000164806843,-17.0499992929399,0.15355339586162983,0.8295630294403845
46.10000164806843,-16.949999291449785,0.11622777072899887,0.8735455436762694
46.05000164732337,-16.899999290704727,0.13541020162296988,0.8440306664483241
46.05000164732337,-16.84999928995967,0.11622777072899887,0.8594810208083519
46.00000164657831,-16.79999928921461,0.15355339586162983,0.8307764217641807
46.00000164657831,-16.699999287724495,0.11622777072899887,0.8735455436762694
45.950001645833254,-16.649999286979437,0.13541020162296988,0.8511898177453807
45.950001645833254,-16.59999928623438,0.11622777072899887,0.8735455436762694
45.900001645088196,-16.54999928548932,0.13541020162296988,0.8440306664483241
45.900001645088196,-16.499999284744263,0.11622777072899887,0.8594810208083519
45.85000164434314,-16.449999283999205,0.15355339586162983,0.8307764217641807
45.85000164434314,-16.34999928250909,0.11622777072899887,0.8735455436762694
45.80000164359808,-16.29999928176403,0.13541020162296988,0.8511898177453807
45.80000164359808,-16.249999281018972,0.11622777072899887,0.8735455436762694
45.75000164285302,-16.199999280273914,0.13541020162296988,0.8440306664483241
45.75000164285302,-16.149999279528856,0.11622777072899887,0.8594810208083519
45.700001642107964,-16.099999278783798,0.15355339586162983,0.8307764217641807
45.700001642107964,-15.999999277293682,0.11622777072899887,0.8735455436762694
45.650001641362906,-15.949999276548624,0.13541020162296988,0.8511898177453807
45.650001641362906,-15.899999275803566,0.11622777072899887,0.8735455436762694
45.60000164061785,-15.849999275058508,0.15355339586162983,0.8440306664483241
45.60000164061785,-15.749999273568392,0.11622777072899887,0.8770329774759426
45.55000163987279,-15.699999272823334,0.13541020162296988,0.8511898177453807
45.55000163987279,-15.649999272078276,0.11622777072899887,0.8735455436762694
45.50000163912773,-15.599999271333218,0.13541020162296988,0.8511898177453807
45.50000163912773,-15.54999927058816,0.11622777072899887,0.8735455436762694
45.45000163838267,-15.499999269843102,0.15355339586162983,0.8440306664483241
45.45000163838267,-15.399999268352985,0.11622777072899887,0.8770329774759426
45.400001637637615,-15.349999267607927,0.13541020162296988,0.8511898177453807
45.400001637637615,-15.29999926686287,0.11622777072899887,0.8735455436762694
45.35000163689256,-15.249999266117811,0.13541020162296988,0.8440306664483241
45.35000163689256,-15.199999265372753,0.11622777072899887,0.8594810208083519
45.3000016361475,-15.149999264627695,0.15355339586162983,0.8307764217641807
45.3000016361475,-15.049999263137579,0.11622777072899887,0.8735455436762694
45.25000163540244,-14.999999262392521,0.13541020162296988,0.8511898177453807
45.25000163540244,-14.949999261647463,0.11622777072899887,0.8735455436762694
45.20000163465738,-14.899999260902405,0.15355339586162983,0.8440306664483241
45.20000163465738,-14.799999259412289,0.11622777072899887,0.8770329774759426
45.150001633912325,-14.74999925866723,0.13541020162296988,0.8511898177453807
45.150001633912325,-14.699999257922173,0.11622777072899887,0.8735455436762694
45.10000163316727,-14.649999257177114,0.13541020162296988,0.8511898177453807
45.10000163316727,-14.599999256432056,0.11622777072899887,0.8735455436762694
45.05000163242221,-14.549999255686998,0.15355339586162983,0.8440306664483241
45.05000163242221,-14.449999254196882,0.11622777072899887,0.8770329774759426
45.00000163167715,-14.399999253451824,0.13541020162296988,0.8511898177453807
45.00000163167715,-14.349999252706766,0.11622777072899887,0.8735455436762694
44.95000163093209,-14.299999251961708,0.13541020162296988,0.8511898177453807
44.95000163093209,-14.24999925121665,0.11622777072899887,0.8735455436762694
44.900001630187035,-14.199999250471592,0.15355339586162983,0.8440306664483241
44.900001630187035,-14.099999248981476,0.11622777072899887,0.8770329774759426
44.85000162944198,-14.049999248236418,0.13541020162296988,0.8511898177453807
44.85000162944198,-13.99999924749136,0.11622777072899887,0.8735455436762694
44.80000162869692,-13.949999246746302,0.15355339586162983,0.8511898177453807
44.80000162869692,-13.899999246001244,0.13541020162296988,0.8735455436762694
44.75000162795186,-13.849999245256186,0.160555132919089,0.8440306664483241
44.75000162795186,-13.74999924376607,0.11622777072899887,0.8770329774759426
44.7000016272068,-13.699999243021011,0.13541020162296988,0.8511898177453807
44.7000016272068,-13.649999242275953,0.11622777072899887,0.8735455436762694
44.650001626461744,-13.599999241530895,0.15355339586162983,0.8511898177453807
44.650001626461744,-13.549999240785837,0.13541020162296988,0.8735455436762694
44.600001625716686,-13.49999924004078,0.160555132919089,0.8440306664483241
44.600001625716686,-13.399999238550663,0.11622777072899887,0.8770329774759426
44.55000162497163,-13.349999237805605,0.13541020162296988,0.8511898177453807
44.55000162497163,-13.299999237060547,0.11622777072899887,0.8735455436762694
44.50000162422657,-13.249999236315489,0.15355339586162983,0.8511898177453807
44.50000162422657,-13.19999923557043,0.13541020162296988,0.8735455436762694
44.45000162348151,-13.149999234825373,0.160555132919089,0.8440306664483241
44.45000162348151,-13.049999233335257,0.11622777072899887,0.8770329774759426
44.400001622736454,-12.999999232590199,0.15355339586162983,0.8511898177453807
44.400001622736454,-12.94999923184514,0.13541020162296988,0.8735455436762694
44.350001621991396,-12.899999231100082,0.160555132919089,0.8440306664483241
44.350001621991396,-12.799999229609966,0.11622777072899887,0.8770329774759426
44.30000162124634,-12.749999228864908,0.13541020162296988,0.8511898177453807
44.30000162124634,-12.69999922811985,0.11622777072899887,0.8735455436762694
44.25000162050128,-12.649999227374792,0.15355339586162983,0.8511898177453807
44.25000162050128,-12.599999226629734,0.13541020162296988,0.8735455436762694
44.20000161975622,-12.549999225884676,0.160555132919089,0.8440306664483241
44.20000161975622,-12.44999922439456,0.11622777072899887,0.8770329774759426
44.150001619011164,-12.399999223649502,0.15355339586162983,0.8511898177453807
44.150001619011164,-12.349999222904444,0.13541020162296988,0.8735455436762694
44.100001618266106,-12.299999222159386,0.160555132919089,0.8511898177453807
44.100001618266106,-12.249999221414328,0.13541020162296988,0.8735455436762694
44.05000161752105,-12.19999922066927,0.160555132919089,0.8440306664483241
44.05000161752105,-12.099999219179153,0.11622777072899887,0.8770329774759426
44.00000161677599,-12.049999218434095,0.15355339586162983,0.8511898177453807
44.00000161677599,-11.999999217689037,0.13541020162296988,0.8735455436762694
43.95000161603093,-11.94999921694398,0.160555132919089,0.8511898177453807
43.95000161603093,-11.899999216198921,0.13541020162296988,0.8735455436762694
43.90000161528587,-11.849999215453863,0.160555132919089,0.8440306664483241
43.90000161528587,-11.749999213963747,0.11622777072899887,0.8770329774759426
43.850001614540815,-11.699999213218689,0.15355339586162983,0.8511898177453807
43.850001614540815,-11.649999212473631,0.13541020162296988,0.8735455436762694
43.80000161379576,-11.599999211728573,0.160555132919089,0.8511898177453807
43.80000161379576,-11.549999210983515,0.13541020162296988,0.8735455436762694
43.7500016130507,-11.499999210238457,0.16400549988813046,0.8440306664483241
43.7500016130507,-11.39999920874834,0.13541020162296988,0.8770329774759426
43.70000161230564,-11.349999208003283,0.160555132919089,0.8511898177453807
43.70000161230564,-11.299999207258224,0.13541020162296988,0.8735455436762694
43.65000161156058,-11.249999206513166,0.160555132919089,0.8511898177453807
43.65000161156058,-11.199999205768108,0.13541020162296988,0.8735455436762694
43.600001610815525,-11.14999920502305,0.16400549988813046,0.8440306664483241
43.600001610815525,-11.049999203532934,0.13541020162296988,0.8770329774759426
43.55000161007047,-10.999999202787876,0.160555132919089,0.8511898177453807
43.55000161007047,-10.949999202042818,0.13541020162296988,0.8735455436762694
43.50000160932541,-10.89999920129776,0.160555132919089,0.8511898177453807
43.50000160932541,-10.849999200552702,0.13541020162296988,0.8735455436762694
43.45000160858035,-10.799999199807644,0.16400549988813046,0.8440306664483241
43.45000160858035,-10.699999198317528,0.13541020162296988,0.8770329774759426
43.40000160783529,-10.64999919757247,0.160555132919089,0.8511898177453807
43.40000160783529,-10.599999196827412,0.13541020162296988,0.8735455436762694
43.350001607090235,-10.549999196082354,0.16400549988813046,0.8440306664483241
43.350001607090235,-10.449999194592237,0.13541020162296988,0.8770329774759426
43.30000160634518,-10.39999919384718,0.160555132919089,0.8511898177453807
43.30000160634518,-10.349999193102121,0.13541020162296988,0.8735455436762694
43.25000160560012,-10.299999192357063,0.160555132919089,0.8511898177453807
43.25000160560012,-10.249999191612005,0.13541020162296988,0.8735455436762694
43.20000160485506,-10.199999190866947,0.16400549988813046,0.8440306664483241
43.20000160485506,-10.099999189376831,0.13541020162296988,0.8770329774759426
43.15000160411,-10.049999188631773,0.160555132919089,0.8511898177453807
43.15000160411,-9.999999187886715,0.13541020162296988,0.8735455436762694
43.100001603364944,-9.949999187141657,0.160555132919089,0.8511898177453807
43.100001603364944,-9.899999186396599,0.13541020162296988,0.8735455436762694
43.050001602619886,-9.84999918565154,0.16400549988813046,0.8440306664483241
43.050001602619886,-9.749999184161425,0.13541020162296988,0.8770329774759426
43.00000160187483,-9.699999183416367,0.160555132919089,0.8511898177453807
43.00000160187483,-9.649999182671309,0.13541020162296988,0.8735455436762694
42.95000160112977,-9.59999918192625,0.16400549988813046,0.8511898177453807
42.95000160112977,-9.499999180436134,0.13541020162296988,0.8920164996643914
42.90000160038471,-9.449999179691076,0.160555132919089,0.8594810208083519
42.90000160038471,-9.399999178946018,0.13541020162296988,0.8770329774759426
42.850001599639654,-9.34999917820096,0.160555132919089,0.8511898177453807
42.850001599639654,-9.299999177455902,0.13541020162296988,0.8735455436762694
42.800001598894596,-9.249999176710844,0.16400549988813046,0.8511898177453807
42.800001598894596,-9.149999175220728,0.13541020162296988,0.8920164996643914
42.75000159814954,-9.09999917447567,0.160555132919089,0.8594810208083519
42.75000159814954,-9.049999173730612,0.13541020162296988,0.8770329774759426
42.70000159740448,-8.999999172985554,0.160555132919089,0.8511898177453807
42.70000159740448,-8.949999172240496,0.13541020162296988,0.8735455436762694
42.65000159665942,-8.899999171495438,0.16400549988813046,0.8511898177453807
42.65000159665942,-8.799999170005322,0.13541020162296988,0.8920164996643914
42.600001595914364,-8.749999169260263,0.160555132919089,0.8594810208083519
42.600001595914364,-8.699999168515205,0.13541020162296988,0.8770329774759426
42.550001595169306,-8.649999167770147,0.16400549988813046,0.8511898177453807
42.550001595169306,-8.549999166280031,0.13541020162296988,0.8965856263134644
42.50000159442425,-8.499999165534973,0.160555132919089,0.8735455436762694
42.50000159442425,-8.449999164789915,0.13541020162296988,0.8920164996643914
42.45000159367919,-8.399999164044857,0.160555132919089,0.8594810208083519
42.45000159367919,-8.349999163299799,0.13541020162296988,0.8770329774759426
42.40000159293413,-8.299999162554741,0.16400549988813046,0.8511898177453807
42.40000159293413,-8.199999161064625,0.13541020162296988,0.8965856263134644
42.350001592189074,-8.149999160319567,0.160555132919089,0.8735455436762694
42.350001592189074,-8.099999159574509,0.13541020162296988,0.8920164996643914
42.300001591444016,-8.04999915882945,0.160555132919089,0.8594810208083519
42.300001591444016,-7.9999991580843925,0.13541020162296988,0.8770329774759426
42.25000159069896,-7.9499991573393345,0.16400549988813046,0.8511898177453807
42.25000159069896,-7.849999155849218,0.13541020162296988,0.8920164996643914
42.2000015899539,-7.79999915510416,0.160555132919089,0.8594810208083519
42.2000015899539,-7.749999154359102,0.13541020162296988,0.8770329774759426
42.15000158920884,-7.699999153614044,0.16400549988813046,0.8511898177453807
42.15000158920884,-7.599999152123928,0.13541020162296988,0.8965856263134644
42.10000158846378,-7.54999915137887,0.160555132919089,0.8735455436762694
42.10000158846378,-7.499999150633812,0.13541020162296988,0.8920164996643914
42.050001587718725,-7.449999149888754,0.160555132919089,0.8594810208083519
42.050001587718725,-7.399999149143696,0.13541020162296988,0.8770329774759426
42.00000158697367,-7.349999148398638,0.16400549988813046,0.8511898177453807
42.00000158697367,-7.249999146908522,0.13541020162296988,0.8965856263134644
41.95000158622861,-7.199999146163464,0.160555132919089,0.8735455436762694
41.95000158622861,-7.1499991454184055,0.13541020162296988,0.8920164996643914
41.90000158548355,-7.0999991446733475,0.160555132919089,0.8594810208083519
41.90000158548355,-7.049999143928289,0.13541020162296988,0.8770329774759426
41.85000158473849,-6.999999143183231,0.16400549988813046,0.8511898177453807
41.85000158473849,-6.899999141693115,0.13541020162296988,0.8965856263134644
41.800001583993435,-6.849999140948057,0.160555132919089,0.8735455436762694
41.800001583993435,-6.799999140202999,0.13541020162296988,0.8920164996643914
41.75000158324838,-6.749999139457941,0.16400549988813046,0.8594810208083519
41.75000158324838,-6.649999137967825,0.13541020162296988,0.8965856263134644
41.70000158250332,-6.599999137222767,0.160555132919089,0.8735455436762694
41.70000158250332,-6.549999136477709,0.13541020162296988,0.8965856263134644
41.65000158175826,-6.499999135732651,0.160555132919089,0.8735455436762694
41.65000158175826,-6.449999134987593,0.13541020162296988,0.8920164996643914
41.6000015810132,-6.399999134242535,0.16400549988813046,0.8594810208083519
41.6000015810132,-6.2999991327524185,0.13541020162296988,0.8965856263134644
41.550001580268145,-6.2499991320073605,0.160555132919089,0.8735455436762694
41.550001580268145,-6.199999131262302,0.13541020162296988,0.8965856263134644
41.50000157952309,-6.149999130517244,0.16400549988813046,0.8735455436762694
41.50000157952309,-6.049999129027128,0.13541020162296988,0.906797197551496
41.45000157877803,-5.99999912828207,0.160555132919089,0.8770329774759426
41.45000157877803,-5.949999127537012,0.13541020162296988,0.8965856263134644
41.40000157803297,-5.899999126791954,0.160555132919089,0.8735455436762694
41.40000157803297,-5.849999126046896,0.13541020162296988,0.8965856263134644
41.35000157728791,-5.799999125301838,0.16400549988813046,0.8735455436762694
41.35000157728791,-5.699999123811722,0.13541020162296988,0.906797197551496
41.300001576542854,-5.649999123066664,0.160555132919089,0.8770329774759426
41.300001576542854,-5.599999122321606,0.13541020162296988,0.8965856263134644
41.250001575797796,-5.549999121576548,0.160555132919089,0.8735455436762694
41.250001575797796,-5.49999912083149,0.13541020162296988,0.8920164996643914
41.20000157505274,-5.4499991200864315,0.16400549988813046,0.8594810208083519
41.20000157505274,-5.349999118596315,0.13541020162296988,0.8965856263134644
41.15000157430768,-5.299999117851257,0.160555132919089,0.8735455436762694
41.15000157430768,-5.249999117106199,0.13541020162296988,0.8965856263134644
41.10000157356262,-5.199999116361141,0.16400549988813046,0.8735455436762694
41.10000157356262,-5.099999114871025,0.13541020162296988,0.906797197551496
41.050001572817564,-5.049999114125967,0.160555132919089,0.8770329774759426
41.050001572817564,-4.999999113380909,0.13541020162296988,0.8965856263134644
41.000001572072506,-4.949999112635851,0.160555132919089,0.8735455436762694
41.000001572072506,-4.899999111890793,0.13541020162296988,0.8965856263134644
40.95000157132745,-4.849999111145735,0.16400549988813046,0.8735455436762694
40.95000157132745,-4.749999109655619,0.13541020162296988,0.906797197551496
40.90000157058239,-4.699999108910561,0.160555132919089,0.8770329774759426
40.90000157058239,-4.6499991081655025,0.13541020162296988,0.8965856263134644
40.85000156983733,-4.5999991074204445,0.160555132919089,0.8735455436762694
40.85000156983733,-4.549999106675386,0.13541020162296988,0.8965856263134644
40.800001569092274,-4.499999105930328,0.16400549988813046,0.8735455436762694
40.800001569092274,-4.399999104440212,0.13541020162296988,0.906797197551496
40.750001568347216,-4.349999103695154,0.160555132919089,0.8770329774759426
40.750001568347216,-4.299999102950096,0.13541020162296988,0.8965856263134644
40.70000156760216,-4.249999102205038,0.16400549988813046,0.8735455436762694
40.70000156760216,-4.149999100714922,0.13541020162296988,0.9180340054098997
40.6500015668571,-4.099999099969864,0.160555132919089,0.8920164996643914
40.6500015668571,-4.049999099224806,0.13541020162296988,0.906797197551496
40.60000156611204,-3.9999990984797478,0.160555132919089,0.8770329774759426
40.60000156611204,-3.9499990977346897,0.13541020162296988,0.8965856263134644
40.55000156536698,-3.8999990969896317,0.16400549988813046,0.8735455436762694
40.55000156536698,-3.7999990954995155,0.13541020162296988,0.9180340054098997
40.500001564621925,-3.7499990947544575,0.160555132919089,0.8920164996643914
40.500001564621925,-3.6999990940093994,0.13541020162296988,0.906797197551496
40.45000156387687,-3.6499990932643414,0.160555132919089,0.8770329774759426
40.45000156387687,-3.5999990925192833,0.13541020162296988,0.8965856263134644
40.40000156313181,-3.5499990917742252,0.16400549988813046,0.8735455436762694
40.40000156313181,-3.449999090284109,0.13541020162296988,0.9180340054098997
40.35000156238675,-3.399999089539051,0.160555132919089,0.8920164996643914
40.35000156238675,-3.349999088793993,0.13541020162296988,0.906797197551496
40.30000156164169,-3.299999088048935,0.16400549988813046,0.8770329774759426
40.30000156164169,-3.199999086558819,0.13541020162296988,0.9180340054098997
40.250001560896635,-3.1499990858137608,0.160555132919089,0.8965856263134644
40.250001560896635,-3.0999990850687027,0.13541020162296988,0.9180340054098997
40.20000156015158,-3.0499990843236446,0.160555132919089,0.8920164996643914
40.20000156015158,-2.9999990835785866,0.13541020162296988,0.906797197551496
40.15000155940652,-2.9499990828335285,0.16400549988813046,0.8770329774759426
40.15000155940652,-2.8499990813434124,0.13541020162296988,0.9180340054098997
40.10000155866146,-2.7999990805983543,0.160555132919089,0.8920164996643914
40.10000155866146,-2.7499990798532963,0.13541020162296988,0.906797197551496
40.0500015579164,-2.699999079108238,0.160555132919089,0.8770329774759426
40.0500015579164,-2.64999907836318,0.13541020162296988,0.8965856263134644
40.000001557171345,-2.599999077618122,0.16400549988813046,0.8735455436762694
40.000001557171345,-2.499999076128006,0.13541020162296988,0.9180340054098997
39.95000155642629,-2.449999075382948,0.160555132919089,0.8920164996643914
39.95000155642629,-2.39999907463789,0.13541020162296988,0.906797197551496
39.90000155568123,-2.349999073892832,0.16400549988813046,0.8770329774759426
39.90000155568123,-2.2499990724027157,0.13541020162296988,0.9180340054098997
39.85000155493617,-2.1999990716576576,0.160555132919089,0.8965856263134644
39.85000155493617,-2.1499990709125996,0.13541020162296988,0.9180340054098997
39.80000155419111,-2.0999990701675415,0.160555132919089,0.8920164996643914
39.80000155419111,-2.0499990694224834,0.13541020162296988,0.906797197551496
39.750001553446054,-1.9999990686774254,0.16400549988813046,0.8770329774759426
39.750001553446054,-1.8999990671873093,0.13541020162296988,0.9180340054098997
39.700001552700996,-1.8499990664422512,0.160555132919089,0.8965856263134644
39.700001552700996,-1.7999990656971931,0.13541020162296988,0.9180340054098997
39.65000155195594,-1.749999064952135,0.160555132919089,0.8920164996643914
39.65000155195594,-1.699999064207077,0.13541020162296988,0.906797197551496
39.60000155121088,-1.649999063462019,0.16400549988813046,0.8770329774759426
39.60000155121088,-1.5499990619719028,0.13541020162296988,0.9180340054098997
39.55000155046582,-1.4999990612268448,0.160555132919089,0.8965856263134644
39.55000155046582,-1.4499990604817867,0.13541020162296988,0.9180340054098997
39.500001549720764,-1.3999990597367287,0.16400549988813046,0.8920164996643914
39.500001549720764,-1.2999990582466125,0.13541020162296988,0.9236102694553091
39.450001548975706,-1.2499990575015545,0.160555132919089,0.8965856263134644
39.450001548975706,-1.1999990567564964,0.13541020162296988,0.9180340054098997
39.40000154823065,-1.1499990560114384,0.160555132919089,0.8965856263134644
39.40000154823065,-1.0999990552663803,0.13541020162296988,0.9180340054098997
39.35000154748559,-1.0499990545213223,0.16400549988813046,0.8920164996643914
39.35000154748559,-0.9499990530312061,0.13541020162296988,0.9236102694553091
39.30000154674053,-0.8999990522861481,0.160555132919089,0.8965856263134644
39.30000154674053,-0.84999905154109,0.13541020162296988,0.9180340054098997
39.250001545995474,-0.799999050796032,0.16400549988813046,0.8965856263134644
39.250001545995474,-0.6999990493059158,0.13541020162296988,0.9401754420890758
39.200001545250416,-0.6499990485608578,0.160555132919089,0.906797197551496
39.200001545250416,-0.5999990478157997,0.13541020162296988,0.9236102694553091
39.15000154450536,-0.5499990470707417,0.160555132919089,0.8965856263134644
39.15000154450536,-0.4999990463256836,0.13541020162296988,0.9180340054098997
39.1000015437603,-0.44999904558062553,0.16400549988813046,0.8920164996643914
39.1000015437603,-0.3499990440905094,0.13541020162296988,0.9236102694553091
39.05000154301524,-0.29999904334545135,0.160555132919089,0.8965856263134644
39.05000154301524,-0.2499990426003933,0.13541020162296988,0.9180340054098997
39.000001542270184,-0.19999904185533524,0.160555132919089,0.8965856263134644
39.000001542270184,-0.14999904111027718,0.13541020162296988,0.9180340054098997
38.950001541525126,-0.09999904036521912,0.16400549988813046,0.8920164996643914
38.950001541525126,9.611248970031738e-07,0.13541020162296988,0.9236102694553091
38.90000154078007,0.05000096186995506,0.160555132919089,0.8965856263134644
38.90000154078007,0.10000096261501312,0.13541020162296988,0.9180340054098997
38.85000154003501,0.15000096336007118,0.16400549988813046,0.8965856263134644
38.85000154003501,0.2500009648501873,0.13541020162296988,0.9401754420890758
38.80000153928995,0.30000096559524536,0.160555132919089,0.906797197551496
38.80000153928995,0.3500009663403034,0.13541020162296988,0.9236102694553091
38.75000153854489,0.4000009670853615,0.160555132919089,0.8965856263134644
38.75000153854489,0.45000096783041954,0.13541020162296988,0.9180340054098997
38.700001537799835,0.5000009685754776,0.16400549988813046,0.8965856263134644
38.700001537799835,0.6000009700655937,0.13541020162296988,0.9401754420890758
38.65000153705478,0.6500009708106518,0.160555132919089,0.906797197551496
38.65000153705478,0.7000009715557098,0.13541020162296988,0.9236102694553091
38.60000153630972,0.7500009723007679,0.160555132919089,0.8965856263134644
38.60000153630972,0.800000973045826,0.13541020162296988,0.9180340054098997
38.55000153556466,0.850000973790884,0.16400549988813046,0.8965856263134644
38.55000153556466,0.9500009752810001,0.13541020162296988,0.9401754420890758
38.5000015348196,1.0000009760260582,0.160555132919089,0.906797197551496
38.5000015348196,1.0500009767711163,0.13541020162296988,0.9236102694553091
38.450001534074545,1.1000009775161743,0.16400549988813046,0.8965856263134644
38.450001534074545,1.2000009790062904,0.13541020162296988,0.9412712380575992
38.40000153332949,1.2500009797513485,0.160555132919089,0.9180340054098997
38.40000153332949,1.3000009804964066,0.13541020162296988,0.9401754420890758
38.35000153258443,1.3500009812414646,0.160555132919089,0.906797197551496
38.35000153258443,1.4000009819865227,0.13541020162296988,0.9236102694553091
38.30000153183937,1.4500009827315807,0.16400549988813046,0.8965856263134644
38.30000153183937,1.5500009842216969,0.13541020162296988,0.9412712380575992
38.25000153109431,1.600000984966755,0.160555132919089,0.9180340054098997
38.25000153109431,1.650000985711813,0.13541020162296988,0.9401754420890758
38.200001530349255,1.700000986456871,0.160555132919089,0.906797197551496
38.200001530349255,1.750000987201929,0.13541020162296988,0.9236102694553091
38.1500015296042,1.8000009879469872,0.16400549988813046,0.8965856263134644
38.1500015296042,1.9000009894371033,0.13541020162296988,0.9401754420890758
38.10000152885914,1.9500009901821613,0.160555132919089,0.906797197551496
38.10000152885914,2.0000009909272194,0.13541020162296988,0.9236102694553091
38.05000152811408,2.0500009916722775,0.16400549988813046,0.8965856263134644
38.05000152811408,2.1500009931623936,0.13541020162296988,0.9412712380575992
38.00000152736902,2.2000009939074516,0.160555132919089,0.9180340054098997
38.00000152736902,2.2500009946525097,0.13541020162296988,0.9401754420890758
37.950001526623964,2.3000009953975677,0.160555132919089,0.906797197551496
37.950001526623964,2.350000996142626,0.13541020162296988,0.9236102694553091
37.900001525878906,2.400000996887684,0.16400549988813046,0.8965856263134644
37.900001525878906,2.5000009983778,0.13541020162296988,0.9412712380575992
37.85000152513385,2.550000999122858,0.160555132919089,0.9180340054098997
37.85000152513385,2.600000999867916,0.13541020162296988,0.9401754420890758
37.80000152438879,2.650001000612974,0.160555132919089,0.906797197551496
37.80000152438879,2.7000010013580322,0.13541020162296988,0.9236102694553091
37.75000152364373,2.7500010021030903,0.16400549988813046,0.8965856263134644
37.75000152364373,2.8500010035932064,0.13541020162296988,0.9412712380575992
37.700001522898674,2.9000010043382645,0.160555132919089,0.9180340054098997
37.700001522898674,2.9500010050833225,0.13541020162296988,0.9401754420890758
37.650001522153616,3.0000010058283806,0.16400549988813046,0.906797197551496
37.650001522153616,3.1000010073184967,0.13541020162296988,0.9423659829021658
37.60000152140856,3.1500010080635548,0.160555132919089,0.9180340054098997
37.60000152140856,3.200001008808613,0.13541020162296988,0.9412712380575992
37.5500015206635,3.250001009553671,0.160555132919089,0.9180340054098997
37.5500015206635,3.300001010298729,0.13541020162296988,0.9401754420890758
37.50000151991844,3.350001011043787,0.16400549988813046,0.906797197551496
37.50000151991844,3.450001012533903,0.13541020162296988,0.9423659829021658
37.450001519173384,3.500001013278961,0.160555132919089,0.9180340054098997
37.450001519173384,3.5500010140240192,0.13541020162296988,0.9412712380575992
37.400001518428326,3.6000010147690773,0.160555132919089,0.9180340054098997
37.400001518428326,3.6500010155141354,0.13541020162296988,0.9401754420890758
37.35000151768327,3.7000010162591934,0.16400549988813046,0.906797197551496
37.35000151768327,3.8000010177493095,0.13541020162296988,0.9423659829021658
37.30000151693821,3.8500010184943676,0.160555132919089,0.9180340054098997
37.30000151693821,3.9000010192394257,0.13541020162296988,0.9412712380575992
37.25000151619315,3.9500010199844837,0.16400549988813046,0.9180340054098997
37.25000151619315,4.000001020729542,0.15355339586162983,0.9401754420890758
37.20000151544809,4.0500010214746,0.18078866096738858,0.906797197551496
37.20000151544809,4.150001022964716,0.13541020162296988,0.9423659829021658
37.150001514703035,4.200001023709774,0.160555132919089,0.9180340054098997
37.150001514703035,4.250001024454832,0.13541020162296988,0.9412712380575992
37.10000151395798,4.30000102519989,0.16400549988813046,0.9180340054098997
37.10000151395798,4.350001025944948,0.15355339586162983,0.9401754420890758
37.05000151321292,4.400001026690006,0.18078866096738858,0.906797197551496
37.05000151321292,4.500001028180122,0.13541020162296988,0.9423659829021658
37.00000151246786,4.55000102892518,0.16400549988813046,0.9180340054098997
37.00000151246786,4.6000010296702385,0.15355339586162983,0.9401754420890758
36.9500015117228,4.6500010304152966,0.18078866096738858,0.906797197551496
36.9500015117228,4.750001031905413,0.13541020162296988,0.9423659829021658
36.900001510977745,4.800001032650471,0.160555132919089,0.9180340054098997
36.900001510977745,4.850001033395529,0.13541020162296988,0.9412712380575992
36.85000151023269,4.900001034140587,0.16400549988813046,0.9180340054098997
36.85000151023269,4.950001034885645,0.15355339586162983,0.9401754420890758
36.80000150948763,5.000001035630703,0.18078866096738858,0.906797197551496
36.80000150948763,5.100001037120819,0.13541020162296988,0.9423659829021658
36.75000150874257,5.150001037865877,0.160555132919089,0.9180340054098997
36.75000150874257,5.200001038610935,0.13541020162296988,0.9412712380575992
36.70000150799751,5.250001039355993,0.16400549988813046,0.9180340054098997
36.70000150799751,5.300001040101051,0.15355339586162983,0.9401754420890758
36.650001507252455,5.350001040846109,0.18078866096738858,0.906797197551496
36.650001507252455,5.4500010423362255,0.13541020162296988,0.9423659829021658
36.6000015065074,5.500001043081284,0.16400549988813046,0.9180340054098997
36.6000015065074,5.550001043826342,0.15355339586162983,0.9412712380575992
36.55000150576234,5.6000010445714,0.18078866096738858,0.9180340054098997
36.55000150576234,5.650001045316458,0.160555132919089,0.9401754420890758
36.50000150501728,5.700001046061516,0.18078866096738858,0.906797197551496
36.50000150501728,5.800001047551632,0.13541020162296988,0.9423659829021658
36.45000150427222,5.85000104829669,0.16400549988813046,0.9180340054098997
36.45000150427222,5.900001049041748,0.15355339586162983,0.9412712380575992
36.400001503527164,5.950001049786806,0.18078866096738858,0.9180340054098997
36.400001503527164,6.000001050531864,0.160555132919089,0.9401754420890758
36.350001502782106,6.050001051276922,0.18078866096738858,0.906797197551496
36.350001502782106,6.150001052767038,0.13541020162296988,0.9423659829021658
36.30000150203705,6.200001053512096,0.16400549988813046,0.9180340054098997
36.30000150203705,6.2500010542571545,0.15355339586162983,0.9412712380575992
36.25000150129199,6.3000010550022125,0.18078866096738858,0.9180340054098997
36.25000150129199,6.350001055747271,0.160555132919089,0.9401754420890758
36.20000150054693,6.400001056492329,0.18078866096738858,0.906797197551496
36.20000150054693,6.500001057982445,0.15355339586162983,0.9423659829021658
36.150001499801874,6.550001058727503,0.18078866096738858,0.9180340054098997
36.150001499801874,6.600001059472561,0.160555132919089,0.9412712380575992
36.100001499056816,6.650001060217619,0.18078866096738858,0.9180340054098997
36.100001499056816,6.700001060962677,0.160555132919089,0.9412712380575992
36.05000149831176,6.750001061707735,0.18078866096738858,0.9180340054098997
36.05000149831176,6.850001063197851,0.15355339586162983,0.9629703522909092
36.0000014975667,6.900001063942909,0.18078866096738858,0.9401754420890758
36.0000014975667,6.950001064687967,0.160555132919089,0.9543396552625206
35.95000149682164,7.000001065433025,0.18078866096738858,0.9236102694553091
35.95000149682164,7.050001066178083,0.160555132919089,0.9423659829021658
35.900001496076584,7.1000010669231415,0.18078866096738858,0.9180340054098997
35.900001496076584,7.200001068413258,0.15355339586162983,0.9629703522909092
35.850001495331526,7.250001069158316,0.18078866096738858,0.9412712380575992
35.850001495331526,7.300001069903374,0.160555132919089,0.9629703522909092
35.80000149458647,7.350001070648432,0.18078866096738858,0.9412712380575992
35.80000149458647,7.40000107139349,0.16400549988813046,0.9629703522909092
35.75000149384141,7.450001072138548,0.20311289342177757,0.9412712380575992
35.75000149384141,7.550001073628664,0.160555132919089,0.9853269767757179
35.70000149309635,7.600001074373722,0.18078866096738858,0.9543396552625206
35.70000149309635,7.65000107511878,0.160555132919089,0.9704700085133247
35.650001492351294,7.700001075863838,0.18078866096738858,0.9423659829021658
35.650001492351294,7.750001076608896,0.16400549988813046,0.9629703522909092
35.600001491606236,7.800001077353954,0.19051248961442216,0.9412712380575992
35.600001491606236,7.850001078099012,0.160555132919089,0.9629703522909092
35.55000149086118,7.90000107884407,0.18078866096738858,0.9412712380575992
35.55000149086118,7.9500010795891285,0.160555132919089,0.9629703522909092
35.50000149011612,8.000001080334187,0.18078866096738858,0.9412712380575992
35.50000149011612,8.050001081079245,0.15355339586162983,0.9629703522909092
35.400001488626,8.15000108256936,0.18078866096738858,0.9180340054098997
35.400001488626,8.200001083314419,0.15355339586162983,0.9412712380575992
35.350001487880945,8.250001084059477,0.160555132919089,0.9180340054098997
35.350001487880945,8.300001084804535,0.13541020162296988,0.9401754420890758
35.30000148713589,8.350001085549593,0.160555132919089,0.906797197551496
35.30000148713589,8.400001086294651,0.13541020162296988,0.9236102694553091
35.25000148639083,8.450001087039709,0.15355339586162983,0.8965856263134644
35.25000148639083,8.500001087784767,0.12015621664234175,0.9180340054098997
35.15000148490071,8.600001089274883,0.160555132919089,0.8735455436762694
35.15000148490071,8.650001090019941,0.13541020162296988,0.8965856263134644
35.100001484155655,8.700001090765,0.15355339586162983,0.8735455436762694
35.100001484155655,8.750001091510057,0.12015621664234175,0.8965856263134644
35.00000148266554,8.850001093000174,0.160555132919089,0.8511898177453807
35.00000148266554,8.900001093745232,0.13541020162296988,0.8735455436762694
34.95000148192048,8.95000109449029,0.15355339586162983,0.8511898177453807
34.95000148192048,9.000001095235348,0.12015621664234175,0.8735455436762694
34.90000148117542,9.050001095980406,0.13541020162296988,0.8511898177453807
34.90000148117542,9.100001096725464,0.11622777072899887,0.8735455436762694
34.80000147968531,9.20000109821558,0.13541020162296988,0.8295630294403845
34.80000147968531,9.250001098960638,0.11622777072899887,0.8511898177453807
34.75000147894025,9.300001099705696,0.13541020162296988,0.8295630294403845
34.75000147894025,9.350001100450754,0.11622777072899887,0.8511898177453807
34.65000147745013,9.45000110194087,0.13541020162296988,0.8124228516521053
34.65000147745013,9.500001102685928,0.11622777072899887,0.8404326178378946
34.600001476705074,9.550001103430986,0.13541020162296988,0.8295630294403845
34.600001476705074,9.600001104176044,0.11622777072899887,0.8547511712034664
34.50000147521496,9.70000110566616,0.13541020162296988,0.8295630294403845
34.50000147521496,9.750001106411219,0.11622777072899887,0.8547511712034664
34.4500014744699,9.800001107156277,0.13541020162296988,0.8404326178378946
34.4500014744699,9.850001107901335,0.11622777072899887,0.8700467438965735
34.350001472979784,9.95000110939145,0.13541020162296988,0.8295630294403845
34.350001472979784,10.000001110136509,0.11622777072899887,0.8547511712034664
34.25000147148967,10.100001111626625,0.13541020162296988,0.8295630294403845
34.25000147148967,10.150001112371683,0.11622777072899887,0.8547511712034664
34.20000147074461,10.200001113116741,0.13541020162296988,0.8404326178378946
34.20000147074461,10.2500011138618,0.11622777072899887,0.8700467438965735
34.100001469254494,10.350001115351915,0.13541020162296988,0.8295630294403845
34.100001469254494,10.400001116096973,0.11622777072899887,0.8547511712034664
34.050001468509436,10.450001116842031,0.13541020162296988,0.8404326178378946
34.050001468509436,10.50000111758709,0.11622777072899887,0.8700467438965735
33.95000146701932,10.600001119077206,0.13541020162296988,0.8404326178378946
33.95000146701932,10.650001119822264,0.11622777072899887,0.8700467438965735
33.90000146627426,10.700001120567322,0.13541020162296988,0.8511898177453807
33.90000146627426,10.75000112131238,0.11622777072899887,0.8735455436762694
33.800001464784145,10.850001122802496,0.13541020162296988,0.8404326178378946
33.800001464784145,10.900001123547554,0.11622777072899887,0.8700467438965735
33.70000146329403,11.00000112503767,0.15355339586162983,0.8404326178378946
33.70000146329403,11.050001125782728,0.12015621664234175,0.8700467438965735
33.60000146180391,11.150001127272844,0.15355339586162983,0.8404326178378946
33.60000146180391,11.200001128017902,0.12015621664234175,0.8700467438965735
33.5000014603138,11.300001129508018,0.15355339586162983,0.8295630294403845
33.5000014603138,11.350001130253077,0.11819805627546684,0.8547511712034664
33.40000145882368,11.450001131743193,0.13541020162296988,0.8295630294403845
33.40000145882368,11.50000113248825,0.11622777072899887,0.8547511712034664
33.25000145658851,11.650001134723425,0.13541020162296988,0.8124228516521053
33.25000145658851,11.700001135468483,0.11622777072899887,0.8404326178378946
33.10000145435333,11.850001137703657,0.13541020162296988,0.8124228516521053
33.10000145435333,11.900001138448715,0.11622777072899887,0.8404326178378946
32.95000145211816,12.05000114068389,0.13541020162296988,0.8124228516521053
32.95000145211816,12.100001141428947,0.11622777072899887,0.8404326178378946
32.800001449882984,12.250001143664122,0.15355339586162983,0.8253048479987265
32.800001449882984,12.30000114440918,0.11819805627546684,0.8547511712034664
32.65000144764781,12.450001146644354,0.15355339586162983,0.825914241721473
32.65000144764781,12.500001147389412,0.11819805627546684,0.8606601875848896
32.45000144466758,12.700001150369644,0.15355339586162983,0.825914241721473
32.45000144466758,12.750001151114702,0.12015621664234175,0.8606601875848896
32.300001442432404,12.900001153349876,0.15355339586162983,0.8307764217641807
32.300001442432404,12.950001154094934,0.12015621664234175,0.8630145971136167
32.15000144019723,13.100001156330109,0.15355339586162983,0.8404326178378946
32.15000144019723,13.150001157075167,0.12015621664234175,0.8700467438965735
32.000001437962055,13.30000115931034,0.15355339586162983,0.8404326178378946
32.000001437962055,13.350001160055399,0.12015621664234175,0.8700467438965735
31.85000143572688,13.500001162290573,0.15355339586162983,0.8547511712034664
31.85000143572688,13.550001163035631,0.12015621664234175,0.8816653987572671
31.700001433491707,13.700001165270805,0.15355339586162983,0.8606601875848896
31.700001433491707,13.750001166015863,0.12015621664234175,0.8960155271710525
31.550001431256533,13.900001168251038,0.15355339586162983,0.8630145971136167
31.550001431256533,13.950001168996096,0.12015621664234175,0.8965856263134644
31.40000142902136,14.10000117123127,0.15355339586162983,0.8700467438965735
31.40000142902136,14.150001171976328,0.12015621664234175,0.9011357936854637
31.200001426041126,14.35000117495656,0.160555132919089,0.8960155271710525
31.200001426041126,14.400001175701618,0.13541020162296988,0.9313708667572156
31.050001423805952,14.550001177936792,0.160555132919089,0.9011357936854637
31.050001423805952,14.60000117868185,0.13541020162296988,0.933578421767098
30.750001419335604,14.900001183152199,0.160555132919089,0.9101801821016996
30.750001419335604,14.950001183897257,0.13541020162296988,0.9401754420890758
30.200001411139965,15.500001192092896,0.160555132919089,0.8960155271710525
30.200001411139965,15.550001192837954,0.13541020162296988,0.9313708667572156
28.150001380592585,17.600001223385334,0.13541020162296988,0.8960155271710525
28.100001379847527,17.600001223385334,0.160555132919089,0.8606601875848896
27.700001373887062,18.0000012293458,0.13541020162296988,0.8960155271710525
27.650001373142004,18.0000012293458,0.160555132919089,0.8606601875848896
27.300001367926598,18.350001234561205,0.13541020162296988,0.8606601875848896
27.25000136718154,18.350001234561205,0.160555132919089,0.825914241721473
26.900001361966133,18.70000123977661,0.13541020162296988,0.8816653987572671
26.850001361221075,18.70000123977661,0.160555132919089,0.8547511712034664
26.45000135526061,19.100001245737076,0.13541020162296988,0.8965856263134644
26.400001354515553,19.100001245737076,0.160555132919089,0.8630145971136167
26.100001350045204,19.400001250207424,0.13541020162296988,0.9011357936854637
26.050001349300146,19.400001250207424,0.160555132919089,0.8700467438965735
25.850001346319914,19.600001253187656,0.13541020162296988,0.9011357936854637
25.800001345574856,19.600001253187656,0.160555132919089,0.8700467438965735
25.600001342594624,19.80000125616789,0.13541020162296988,0.8965856263134644
25.550001341849566,19.80000125616789,0.160555132919089,0.8630145971136167
25.350001338869333,20.00000125914812,0.13541020162296988,0.8965856263134644
25.300001338124275,20.00000125914812,0.160555132919089,0.8630145971136167
25.050001334398985,20.25000126287341,0.13541020162296988,0.8965856263134644
25.000001333653927,20.25000126287341,0.160555132919089,0.8630145971136167
24.800001330673695,20.450001265853643,0.13541020162296988,0.8965856263134644
24.750001329928637,20.450001265853643,0.160555132919089,0.8630145971136167
24.550001326948404,20.650001268833876,0.13541020162296988,0.8965856263134644
24.500001326203346,20.650001268833876,0.160555132919089,0.8630145971136167
24.300001323223114,20.850001271814108,0.13541020162296988,0.8965856263134644
24.250001322478056,20.850001271814108,0.160555132919089,0.8630145971136167
24.050001319497824,21.05000127479434,0.13541020162296988,0.8965856263134644
24.000001318752766,21.05000127479434,0.160555132919089,0.8630145971136167
23.800001315772533,21.250001277774572,0.13541020162296988,0.8965856263134644
23.750001315027475,21.250001277774572,0.160555132919089,0.8630145971136167
23.500001311302185,21.500001281499863,0.13541020162296988,0.8965856263134644
23.450001310557127,21.500001281499863,0.160555132919089,0.8630145971136167
23.250001307576895,21.700001284480095,0.13541020162296988,0.8965856263134644
23.200001306831837,21.700001284480095,0.160555132919089,0.8630145971136167
23.000001303851604,21.900001287460327,0.13541020162296988,0.8965856263134644
22.950001303106546,21.900001287460327,0.160555132919089,0.8630145971136167
22.750001300126314,22.10000129044056,0.13541020162296988,0.8965856263134644
22.700001299381256,22.10000129044056,0.160555132919089,0.8630145971136167
22.500001296401024,22.30000129342079,0.13541020162296988,0.8965856263134644
22.450001295655966,22.30000129342079,0.160555132919089,0.8630145971136167
22.250001292675734,22.500001296401024,0.13541020162296988,0.8965856263134644
22.200001291930676,22.500001296401024,0.160555132919089,0.8630145971136167
21.950001288205385,22.750001300126314,0.13541020162296988,0.8965856263134644
21.900001287460327,22.750001300126314,0.160555132919089,0.8630145971136167
21.700001284480095,22.950001303106546,0.13541020162296988,0.8965856263134644
21.650001283735037,22.950001303106546,0.160555132919089,0.8630145971136167
21.450001280754805,23.15000130608678,0.13541020162296988,0.8965856263134644
21.400001280009747,23.15000130608678,0.160555132919089,0.8630145971136167
21.200001277029514,23.35000130906701,0.13541020162296988,0.8965856263134644
21.150001276284456,23.35000130906701,0.160555132919089,0.8630145971136167
20.950001273304224,23.550001312047243,0.13541020162296988,0.8965856263134644
20.900001272559166,23.550001312047243,0.160555132919089,0.8630145971136167
20.650001268833876,23.800001315772533,0.13541020162296988,0.9011357936854637
20.600001268088818,23.800001315772533,0.160555132919089,0.8700467438965735
20.400001265108585,24.000001318752766,0.13541020162296988,0.8965856263134644
20.350001264363527,24.000001318752766,0.160555132919089,0.8630145971136167
20.150001261383295,24.200001321732998,0.13541020162296988,0.8965856263134644
20.100001260638237,24.200001321732998,0.160555132919089,0.8630145971136167
19.900001257658005,24.40000132471323,0.13541020162296988,0.8965856263134644
19.850001256912947,24.40000132471323,0.160555132919089,0.8630145971136167
19.650001253932714,24.600001327693462,0.13541020162296988,0.8965856263134644
19.600001253187656,24.600001327693462,0.160555132919089,0.8630145971136167
19.400001250207424,24.800001330673695,0.13541020162296988,0.8965856263134644
19.350001249462366,24.800001330673695,0.160555132919089,0.8630145971136167
19.100001245737076,25.050001334398985,0.13541020162296988,0.9011357936854637
19.050001244992018,25.050001334398985,0.160555132919089,0.8700467438965735
18.850001242011786,25.250001337379217,0.13541020162296988,0.8965856263134644
18.800001241266727,25.250001337379217,0.160555132919089,0.8630145971136167
18.600001238286495,25.45000134035945,0.13541020162296988,0.8965856263134644
18.550001237541437,25.45000134035945,0.160555132919089,0.8630145971136167
18.350001234561205,25.65000134333968,0.13541020162296988,0.8965856263134644
18.300001233816147,25.65000134333968,0.160555132919089,0.8630145971136167
18.100001230835915,25.850001346319914,0.13541020162296988,0.8965856263134644
18.050001230090857,25.850001346319914,0.160555132919089,0.8630145971136167
17.850001227110624,26.050001349300146,0.13541020162296988,0.8965856263134644
17.800001226365566,26.050001349300146,0.160555132919089,0.8630145971136167
17.550001222640276,26.300001353025436,0.13541020162296988,0.9011357936854637
17.500001221895218,26.300001353025436,0.160555132919089,0.8700467438965735
17.300001218914986,26.50000135600567,0.13541020162296988,0.8965856263134644
17.250001218169928,26.50000135600567,0.160555132919089,0.8630145971136167
17.050001215189695,26.7000013589859,0.13541020162296988,0.8965856263134644
17.000001214444637,26.7000013589859,0.160555132919089,0.8630145971136167
16.800001211464405,26.900001361966133,0.13541020162296988,0.8965856263134644
16.750001210719347,26.900001361966133,0.160555132919089,0.8630145971136167
16.550001207739115,27.100001364946365,0.13541020162296988,0.8965856263134644
16.500001206994057,27.100001364946365,0.160555132919089,0.8630145971136167
16.250001203268766,27.350001368671656,0.13541020162296988,0.9011357936854637
16.20000120252371,27.350001368671656,0.160555132919089,0.8700467438965735
16.000001199543476,27.550001371651888,0.13541020162296988,0.8965856263134644
15.950001198798418,27.550001371651888,0.160555132919089,0.8630145971136167
15.750001195818186,27.75000137463212,0.13541020162296988,0.8965856263134644
15.700001195073128,27.75000137463212,0.160555132919089,0.8630145971136167
15.500001192092896,27.950001377612352,0.13541020162296988,0.8965856263134644
15.450001191347837,27.950001377612352,0.160555132919089,0.8630145971136167
15.250001188367605,28.150001380592585,0.13541020162296988,0.8965856263134644
15.200001187622547,28.150001380592585,0.160555132919089,0.8630145971136167
15.000001184642315,28.350001383572817,0.13541020162296988,0.8965856263134644
14.950001183897257,28.350001383572817,0.160555132919089,0.8630145971136167
14.700001180171967,28.600001387298107,0.13541020162296988,0.9011357936854637
14.650001179426908,28.600001387298107,0.160555132919089,0.8700467438965735
14.450001176446676,28.80000139027834,0.13541020162296988,0.8965856263134644
14.400001175701618,28.80000139027834,0.160555132919089,0.8630145971136167
14.200001172721386,29.00000139325857,0.13541020162296988,0.8965856263134644
14.150001171976328,29.00000139325857,0.160555132919089,0.8630145971136167
13.950001168996096,29.200001396238804,0.13541020162296988,0.8965856263134644
13.900001168251038,29.200001396238804,0.160555132919089,0.8630145971136167
13.700001165270805,29.400001399219036,0.13541020162296988,0.8965856263134644
13.650001164525747,29.400001399219036,0.160555132919089,0.8630145971136167
13.450001161545515,29.60000140219927,0.13541020162296988,0.8965856263134644
13.400001160800457,29.60000140219927,0.160555132919089,0.8630145971136167
13.150001157075167,29.85000140592456,0.13541020162296988,0.9011357936854637
13.100001156330109,29.85000140592456,0.160555132919089,0.8700467438965735
12.900001153349876,30.05000140890479,0.13541020162296988,0.8965856263134644
12.850001152604818,30.05000140890479,0.160555132919089,0.8630145971136167
12.650001149624586,30.250001411885023,0.13541020162296988,0.8965856263134644
12.600001148879528,30.250001411885023,0.160555132919089,0.8630145971136167
12.400001145899296,30.450001414865255,0.13541020162296988,0.8965856263134644
12.350001145154238,30.450001414865255,0.160555132919089,0.8630145971136167
12.150001142174006,30.650001417845488,0.13541020162296988,0.8965856263134644
12.100001141428947,30.650001417845488,0.160555132919089,0.8630145971136167
11.850001137703657,30.900001421570778,0.13541020162296988,0.9011357936854637
11.800001136958599,30.900001421570778,0.160555132919089,0.8700467438965735
11.600001133978367,31.10000142455101,0.13541020162296988,0.9011357936854637
11.550001133233309,31.10000142455101,0.160555132919089,0.8700467438965735
11.350001130253077,31.300001427531242,0.13541020162296988,0.8965856263134644
11.300001129508018,31.300001427531242,0.160555132919089,0.8630145971136167
11.100001126527786,31.500001430511475,0.13541020162296988,0.8965856263134644
11.050001125782728,31.500001430511475,0.160555132919089,0.8630145971136167
10.850001122802496,31.700001433491707,0.13541020162296988,0.8965856263134644
10.800001122057438,31.700001433491707,0.160555132919089,0.8630145971136167
10.600001119077206,31.90000143647194,0.13541020162296988,0.8965856263134644
10.550001118332148,31.90000143647194,0.160555132919089,0.8630145971136167
10.300001114606857,32.15000144019723,0.13541020162296988,0.9011357936854637
10.2500011138618,32.15000144019723,0.160555132919089,0.8700467438965735
10.050001110881567,32.35000144317746,0.13541020162296988,0.9011357936854637
10.000001110136509,32.35000144317746,0.160555132919089,0.8700467438965735
9.800001107156277,32.550001446157694,0.13541020162296988,0.8965856263134644
9.750001106411219,32.550001446157694,0.160555132919089,0.8630145971136167
9.550001103430986,32.750001449137926,0.13541020162296988,0.8965856263134644
9.500001102685928,32.750001449137926,0.160555132919089,0.8630145971136167
9.300001099705696,32.95000145211816,0.13541020162296988,0.8965856263134644
9.250001098960638,32.95000145211816,0.160555132919089,0.8630145971136167
9.050001095980406,33.15000145509839,0.13541020162296988,0.8965856263134644
9.000001095235348,33.15000145509839,0.160555132919089,0.8630145971136167
8.750001091510057,33.40000145882368,0.13541020162296988,0.9011357936854637
8.700001090765,33.40000145882368,0.160555132919089,0.8700467438965735
8.500001087784767,33.60000146180391,0.13541020162296988,0.9011357936854637
8.450001087039709,33.60000146180391,0.160555132919089,0.8700467438965735
8.250001084059477,33.800001464784145,0.13541020162296988,0.8965856263134644
8.200001083314419,33.800001464784145,0.160555132919089,0.8630145971136167
8.000001080334187,34.00000146776438,0.13541020162296988,0.8965856263134644
7.9500010795891285,34.00000146776438,0.160555132919089,0.8630145971136167
7.750001076608896,34.20000147074461,0.13541020162296988,0.8965856263134644
7.700001075863838,34.20000147074461,0.160555132919089,0.8630145971136167
7.450001072138548,34.4500014744699,0.13541020162296988,0.9011357936854637
7.40000107139349,34.4500014744699,0.160555132919089,0.8700467438965735
7.200001068413258,34.65000147745013,0.13541020162296988,0.9011357936854637
7.1500010676681995,34.65000147745013,0.160555132919089,0.8700467438965735
6.950001064687967,34.850001480430365,0.13541020162296988,0.9011357936854637
6.900001063942909,34.850001480430365,0.160555132919089,0.8700467438965735
6.700001060962677,35.0500014834106,0.13541020162296988,0.8965856263134644
6.650001060217619,35.0500014834106,0.160555132919089,0.8630145971136167
6.450001057237387,35.25000148639083,0.13541020162296988,0.8965856263134644
6.400001056492329,35.25000148639083,0.160555132919089,0.8630145971136167
6.200001053512096,35.45000148937106,0.13541020162296988,0.8965856263134644
6.150001052767038,35.45000148937106,0.160555132919089,0.8630145971136167
5.900001049041748,35.70000149309635,0.13541020162296988,0.9011357936854637
5.85000104829669,35.70000149309635,0.160555132919089,0.8700467438965735
5.650001045316458,35.900001496076584,0.13541020162296988,0.9011357936854637
5.6000010445714,35.900001496076584,0.160555132919089,0.8700467438965735
5.4000010415911674,36.100001499056816,0.13541020162296988,0.9011357936854637
5.350001040846109,36.100001499056816,0.160555132919089,0.8700467438965735
5.150001037865877,36.30000150203705,0.13541020162296988,0.8965856263134644
5.100001037120819,36.30000150203705,0.160555132919089,0.8630145971136167
4.900001034140587,36.50000150501728,0.13541020162296988,0.8965856263134644
4.850001033395529,36.50000150501728,0.160555132919089,0.8630145971136167
4.6500010304152966,36.70000150799751,0.13541020162296988,0.8965856263134644
4.6000010296702385,36.70000150799751,0.160555132919089,0.8630145971136167
4.350001025944948,36.9500015117228,0.13541020162296988,0.9011357936854637
4.30000102519989,36.9500015117228,0.160555132919089,0.8700467438965735
4.100001022219658,37.150001514703035,0.13541020162296988,0.9011357936854637
4.0500010214746,37.150001514703035,0.160555132919089,0.8700467438965735
3.8500010184943676,37.35000151768327,0.13541020162296988,0.9011357936854637
3.8000010177493095,37.35000151768327,0.160555132919089,0.8700467438965735
3.6000010147690773,37.5500015206635,0.13541020162296988,0.8965856263134644
3.5500010140240192,37.5500015206635,0.160555132919089,0.8630145971136167
3.350001011043787,37.75000152364373,0.13541020162296988,0.8965856263134644
3.300001010298729,37.75000152364373,0.160555132919089,0.8630145971136167
3.1000010073184967,37.950001526623964,0.13541020162296988,0.8965856263134644
3.0500010065734386,37.950001526623964,0.160555132919089,0.8630145971136167
2.8000010028481483,38.200001530349255,0.13541020162296988,0.9011357936854637
2.7500010021030903,38.200001530349255,0.160555132919089,0.8700467438965735
2.550000999122858,38.40000153332949,0.13541020162296988,0.9011357936854637
2.5000009983778,38.40000153332949,0.160555132919089,0.8700467438965735
2.3000009953975677,38.60000153630972,0.13541020162296988,0.8965856263134644
2.2500009946525097,38.60000153630972,0.160555132919089,0.8630145971136167
2.0500009916722775,38.80000153928995,0.13541020162296988,0.8965856263134644
2.0000009909272194,38.80000153928995,0.160555132919089,0.8630145971136167
1.8000009879469872,39.000001542270184,0.13541020162296988,0.8965856263134644
1.750000987201929,39.000001542270184,0.160555132919089,0.8630145971136167
1.5000009834766388,39.250001545995474,0.13541020162296988,0.9011357936854637
1.4500009827315807,39.250001545995474,0.160555132919089,0.8700467438965735
1.2500009797513485,39.450001548975706,0.13541020162296988,0.9011357936854637
1.2000009790062904,39.450001548975706,0.160555132919089,0.8700467438965735
1.0000009760260582,39.65000155195594,0.13541020162296988,0.9011357936854637
0.9500009752810001,39.65000155195594,0.160555132919089,0.8700467438965735
0.7500009723007679,39.85000155493617,0.13541020162296988,0.8965856263134644
0.7000009715557098,39.85000155493617,0.160555132919089,0.8630145971136167
0.5000009685754776,40.0500015579164,0.13541020162296988,0.8965856263134644
0.45000096783041954,40.0500015579164,0.160555132919089,0.8630145971136167
0.2500009648501873,40.250001560896635,0.13541020162296988,0.8965856263134644
0.20000096410512924,40.250001560896635,0.160555132919089,0.8630145971136167
-0.049999039620161057,40.500001564621925,0.13541020162296988,0.9011357936854637
-0.09999904036521912,40.500001564621925,0.160555132919089,0.8700467438965735
-0.29999904334545135,40.70000156760216,0.13541020162296988,0.9011357936854637
-0.3499990440905094,40.70000156760216,0.160555132919089,0.8700467438965735
-0.5499990470707417,40.90000157058239,0.13541020162296988,0.9011357936854637
-0.5999990478157997,40.90000157058239,0.160555132919089,0.8700467438965735
-0.799999050796032,41.10000157356262,0.13541020162296988,0.8965856263134644
-0.84999905154109,41.10000157356262,0.160555132919089,0.8630145971136167
-1.0499990545213223,41.300001576542854,0.13541020162296988,0.8965856263134644
-1.0999990552663803,41.300001576542854,0.160555132919089,0.8630145971136167
-1.2999990582466125,41.50000157952309,0.13541020162296988,0.8965856263134644
-1.3499990589916706,41.50000157952309,0.160555132919089,0.8630145971136167
-1.599999062716961,41.75000158324838,0.13541020162296988,0.9011357936854637
-1.649999063462019,41.75000158324838,0.160555132919089,0.8700467438965735
-1.8499990664422512,41.95000158622861,0.13541020162296988,0.9011357936854637
-1.8999990671873093,41.95000158622861,0.160555132919089,0.8700467438965735
-2.0999990701675415,42.15000158920884,0.13541020162296988,0.9011357936854637
-2.1499990709125996,42.15000158920884,0.160555132919089,0.8700467438965735
-2.349999073892832,42.350001592189074,0.13541020162296988,0.8965856263134644
-2.39999907463789,42.350001592189074,0.160555132919089,0.8630145971136167
-2.599999077618122,42.550001595169306,0.13541020162296988,0.8965856263134644
-2.64999907836318,42.550001595169306,0.160555132919089,0.8630145971136167
-2.8999990820884705,42.800001598894596,0.13541020162296988,0.9011357936854637
-2.9499990828335285,42.800001598894596,0.160555132919089,0.8700467438965735
-3.1499990858137608,43.00000160187483,0.13541020162296988,0.9011357936854637
-3.199999086558819,43.00000160187483,0.160555132919089,0.8700467438965735
-3.399999089539051,43.20000160485506,0.13541020162296988,0.9011357936854637
-3.449999090284109,43.20000160485506,0.160555132919089,0.8700467438965735
-3.6499990932643414,43.40000160783529,0.13541020162296988,0.9011357936854637
-3.6999990940093994,43.40000160783529,0.160555132919089,0.8700467438965735
-3.8999990969896317,43.600001610815525,0.13541020162296988,0.8965856263134644
-3.9499990977346897,43.600001610815525,0.160555132919089,0.8630145971136167
-4.149999100714922,43.80000161379576,0.13541020162296988,0.8965856263134644
-4.19999910145998,43.80000161379576,0.160555132919089,0.8630145971136167
-4.44999910518527,44.05000161752105,0.13541020162296988,0.9011357936854637
-4.499999105930328,44.05000161752105,0.160555132919089,0.8700467438965735
-4.699999108910561,44.25000162050128,0.13541020162296988,0.9011357936854637
-4.749999109655619,44.25000162050128,0.160555132919089,0.8700467438965735
-4.949999112635851,44.45000162348151,0.13541020162296988,0.9011357936854637
-4.999999113380909,44.45000162348151,0.160555132919089,0.8700467438965735
-5.199999116361141,44.650001626461744,0.13541020162296988,0.9011357936854637
-5.249999117106199,44.650001626461744,0.160555132919089,0.8700467438965735
-5.4499991200864315,44.85000162944198,0.13541020162296988,0.8965856263134644
-5.49999912083149,44.85000162944198,0.160555132919089,0.8630145971136167
-5.699999123811722,45.05000163242221,0.13541020162296988,0.8965856263134644
-5.74999912455678,45.05000163242221,0.160555132919089,0.8630145971136167
-5.99999912828207,45.3000016361475,0.13541020162296988,0.9011357936854637
-6.049999129027128,45.3000016361475,0.160555132919089,0.8700467438965735
-6.2499991320073605,45.50000163912773,0.13541020162296988,0.9011357936854637
-6.2999991327524185,45.50000163912773,0.160555132919089,0.8700467438965735
-6.499999135732651,45.700001642107964,0.13541020162296988,0.9011357936854637
-6.549999136477709,45.700001642107964,0.160555132919089,0.8700467438965735
-6.749999139457941,45.900001645088196,0.13541020162296988,0.9011357936854637
-6.799999140202999,45.900001645088196,0.160555132919089,0.8700467438965735
-6.999999143183231,46.10000164806843,0.13541020162296988,0.8965856263134644
-7.049999143928289,46.10000164806843,0.160555132919089,0.8630145971136167
-7.29999914765358,46.35000165179372,0.13541020162296988,0.9011357936854637
-7.349999148398638,46.35000165179372,0.160555132919089,0.8700467438965735
-7.54999915137887,46.55000165477395,0.13541020162296988,0.9011357936854637
-7.599999152123928,46.55000165477395,0.160555132919089,0.8700467438965735
-7.79999915510416,46.75000165775418,0.13541020162296988,0.9011357936854637
-7.849999155849218,46.75000165775418,0.160555132919089,0.8700467438965735
-8.04999915882945,46.950001660734415,0.13541020162296988,0.9011357936854637
-8.099999159574509,46.950001660734415,0.160555132919089,0.8700467438965735
-8.299999162554741,47.15000166371465,0.13541020162296988,0.9011357936854637
-8.349999163299799,47.15000166371465,0.160555132919089,0.8700467438965735
-8.549999166280031,47.35000166669488,0.13541020162296988,0.8965856263134644
-8.59999916702509,47.35000166669488,0.160555132919089,0.8630145971136167
-8.84999917075038,47.60000167042017,0.13541020162296988,0.9011357936854637
-8.899999171495438,47.60000167042017,0.160555132919089,0.8700467438965735
-9.09999917447567,47.8000016734004,0.13541020162296988,0.9011357936854637
-9.149999175220728,47.8000016734004,0.160555132919089,0.8700467438965735
-9.34999917820096,48.000001676380634,0.13541020162296988,0.9011357936854637
-9.399999178946018,48.000001676380634,0.160555132919089,0.8700467438965735
-9.59999918192625,48.20000167936087,0.13541020162296988,0.9011357936854637
-9.649999182671309,48.20000167936087,0.160555132919089,0.8700467438965735
-9.84999918565154,48.4000016823411,0.13541020162296988,0.9011357936854637
-9.899999186396599,48.4000016823411,0.160555132919089,0.8700467438965735
-10.099999189376831,48.60000168532133,0.13541020162296988,0.8965856263134644
-10.14999919012189,48.60000168532133,0.160555132919089,0.8630145971136167
-10.39999919384718,48.85000168904662,0.13541020162296988,0.9011357936854637
-10.449999194592237,48.85000168904662,0.160555132919089,0.8700467438965735
-10.64999919757247,49.050001692026854,0.13541020162296988,0.9011357936854637
-10.699999198317528,49.050001692026854,0.160555132919089,0.8700467438965735
-10.89999920129776,49.250001695007086,0.13541020162296988,0.9011357936854637
-10.949999202042818,49.250001695007086,0.160555132919089,0.8700467438965735
-11.14999920502305,49.45000169798732,0.13541020162296988,0.9011357936854637
-11.199999205768108,49.45000169798732,0.160555132919089,0.8700467438965735
-11.39999920874834,49.65000170096755,0.13541020162296988,0.8965856263134644
-11.449999209493399,49.65000170096755,0.160555132919089,0.8630145971136167
-11.699999213218689,49.90000170469284,0.13541020162296988,0.9011357936854637
-11.749999213963747,49.90000170469284,0.160555132919089,0.8700467438965735
-11.94999921694398,50.10000170767307,0.13541020162296988,0.9011357936854637
-11.999999217689037,50.10000170767307,0.160555132919089,0.8700467438965735
-12.19999922066927,50.300001710653305,0.13541020162296988,0.9011357936854637
-12.249999221414328,50.300001710653305,0.160555132919089,0.8700467438965735
-12.44999922439456,50.50000171363354,0.13541020162296988,0.9011357936854637
-12.499999225139618,50.50000171363354,0.160555132919089,0.8700467438965735
-12.69999922811985,50.70000171661377,0.13541020162296988,0.9011357936854637
-12.749999228864908,50.70000171661377,0.160555132919089,0.8700467438965735
-12.94999923184514,50.900001719594,0.13541020162296988,0.8965856263134644
-12.999999232590199,50.900001719594,0.160555132919089,0.8630145971136167
-13.19999923557043,51.100001722574234,0.15355339586162983,0.9011357936854637
-13.249999236315489,51.100001722574234,0.18078866096738858,0.8700467438965735
-13.449999239295721,51.300001725554466,0.15355339586162983,0.9236102694553091
-13.49999924004078,51.300001725554466,0.18078866096738858,0.8965856263134644
-13.699999243021011,51.5000017285347,0.15355339586162983,0.933578421767098
-13.74999924376607,51.5000017285347,0.18078866096738858,0.9011357936854637
-13.949999246746302,51.70000173151493,0.15355339586162983,0.9401754420890758
-13.99999924749136,51.70000173151493,0.18078866096738858,0.9101801821016996
-14.149999249726534,51.850001733750105,0.15355339586162983,0.9401754420890758
-14.199999250471592,51.850001733750105,0.1889087354477928,0.9101801821016996
-14.349999252706766,52.00000173598528,0.15355339586162983,0.9401754420890758
-14.399999253451824,52.00000173598528,0.1889087354477928,0.9101801821016996
-14.599999256432056,52.20000173896551,0.15355339586162983,0.933578421767098
-14.649999257177114,52.20000173896551,0.18078866096738858,0.9011357936854637
-14.74999925866723,52.30000174045563,0.15355339586162983,0.9236102694553091
-14.799999259412289,52.30000174045563,0.18078866096738858,0.8960155271710525
-14.949999261647463,52.4500017426908,0.15355339586162983,0.9101801821016996
-14.999999262392521,52.4500017426908,0.18078866096738858,0.8816653987572671
-15.149999264627695,52.600001744925976,0.15355339586162983,0.9011357936854637
-15.199999265372753,52.600001744925976,0.18078866096738858,0.8700467438965735
-15.349999267607927,52.75000174716115,0.13541020162296988,0.8960155271710525
-15.399999268352985,52.75000174716115,0.160555132919089,0.8606601875848896
-15.54999927058816,52.900001749396324,0.13541020162296988,0.8816653987572671
-15.599999271333218,52.900001749396324,0.160555132919089,0.8547511712034664
-15.749999273568392,53.0500017516315,0.13541020162296988,0.8700467438965735
-15.79999927431345,53.0500017516315,0.160555132919089,0.8404326178378946
-15.899999275803566,53.150001753121614,0.13541020162296988,0.8606601875848896
-15.949999276548624,53.150001753121614,0.160555132919089,0.825914241721473
-16.099999278783798,53.30000175535679,0.13541020162296988,0.8547511712034664
-16.149999279528856,53.30000175535679,0.160555132919089,0.825914241721473
-16.29999928176403,53.45000175759196,0.13541020162296988,0.8547511712034664
-16.34999928250909,53.45000175759196,0.160555132919089,0.8295630294403845
-16.449999283999205,53.55000175908208,0.13541020162296988,0.8700467438965735
-16.499999284744263,53.55000175908208,0.160555132919089,0.8404326178378946
-16.59999928623438,53.650001760572195,0.15355339586162983,0.8735455436762694
-16.649999286979437,53.650001760572195,0.18078866096738858,0.8511898177453807
-16.699999287724495,53.70000176131725,0.160555132919089,0.8700467438965735
-16.749999288469553,53.70000176131725,0.18078866096738858,0.8404326178378946
-16.84999928995967,53.80000176280737,0.13541020162296988,0.8700467438965735
-16.899999290704727,53.80000176280737,0.160555132919089,0.8404326178378946
-16.949999291449785,53.85000176355243,0.15355339586162983,0.8547511712034664
-16.999999292194843,53.85000176355243,0.18078866096738858,0.8295630294403845
-17.09999929368496,53.95000176504254,0.13541020162296988,0.8700467438965735
-17.149999294430017,53.95000176504254,0.160555132919089,0.8404326178378946
-17.199999295175076,54.0000017657876,0.13541020162296988,0.8547511712034664
-17.249999295920134,54.0000017657876,0.160555132919089,0.8295630294403845
-17.34999929741025,54.10000176727772,0.13541020162296988,0.8700467438965735
-17.399999298155308,54.10000176727772,0.160555132919089,0.8404326178378946
-17.449999298900366,54.150001768022776,0.13541020162296988,0.8547511712034664
-17.499999299645424,54.150001768022776,0.160555132919089,0.8295630294403845
-17.549999300390482,54.200001768767834,0.15355339586162983,0.8511898177453807
-17.59999930113554,54.200001768767834,0.18078866096738858,0.8295630294403845
-17.649999301880598,54.25000176951289,0.160555132919089,0.8511898177453807
-17.699999302625656,54.25000176951289,0.18078866096738858,0.8307764217641807
-17.749999303370714,54.30000177025795,0.160555132919089,0.8594810208083519
-17.799999304115772,54.30000177025795,0.18078866096738858,0.8440306664483241
-17.84999930486083,54.35000177100301,0.15355339586162983,0.8735455436762694
-17.949999306350946,54.35000177100301,0.18078866096738858,0.8307764217641807
-17.999999307096004,54.400001771748066,0.15355339586162983,0.8594810208083519
-18.09999930858612,54.400001771748066,0.18078866096738858,0.8295630294403845
-18.14999930933118,54.450001772493124,0.15355339586162983,0.8511898177453807
-18.249999310821295,54.450001772493124,0.18078866096738858,0.8124228516521053
-18.299999311566353,54.50000177323818,0.160555132919089,0.8440306664483241
-18.34999931231141,54.50000177323818,0.18078866096738858,0.8295630294403845
-18.39999931305647,54.55000177398324,0.15355339586162983,0.8511898177453807
-18.499999314546585,54.55000177398324,0.18078866096738858,0.8062306048689096
-18.549999315291643,54.6000017747283,0.15355339586162983,0.8307764217641807
-18.5999993160367,54.6000017747283,0.16400549988813046,0.8124228516521053
-18.64999931678176,54.650001775473356,0.13541020162296988,0.8440306664483241
-18.749999318271875,54.650001775473356,0.18078866096738858,0.8062306048689096
-18.799999319016933,54.700001776218414,0.15355339586162983,0.8307764217641807
-18.89999932050705,54.700001776218414,0.18078866096738858,0.7962429571037405
-18.949999321252108,54.75000177696347,0.15355339586162983,0.8295630294403845
-19.049999322742224,54.75000177696347,0.18078866096738858,0.7848857948555522
-19.099999323487282,54.80000177770853,0.15355339586162983,0.8124228516521053
-19.199999324977398,54.80000177770853,0.18078866096738858,0.7823441498574933
-19.249999325722456,54.85000177845359,0.1500000052154064,0.8198039179148193
-19.39999932795763,54.85000177845359,0.18078866096738858,0.7823441498574933
-19.449999328702688,54.90000177919865,0.1500000052154064,0.8198039179148193
-19.599999330937862,54.90000177919865,0.18078866096738858,0.7823441498574933
-19.64999933168292,54.950001779943705,0.15355339586162983,0.8198039179148193
-19.749999333173037,54.950001779943705,0.18078866096738858,0.7962429571037405
-19.799999333918095,55.00000178068876,0.1500000052154064,0.8307764217641807
-19.94999933615327,55.00000178068876,0.18078866096738858,0.7962429571037405
-19.999999336898327,55.05000178143382,0.1500000052154064,0.8307764217641807
-20.1499993391335,55.05000178143382,0.18078866096738858,0.7962429571037405
-20.19999933987856,55.10000178217888,0.15355339586162983,0.8307764217641807
-20.299999341368675,55.10000178217888,0.18078866096738858,0.8111874358757011
-20.349999342113733,55.15000178292394,0.1500000052154064,0.8440306664483241
-20.499999344348907,55.15000178292394,0.18078866096738858,0.8111874358757011
-20.549999345093966,55.200001783668995,0.1500000052154064,0.8547511712034664
-20.69999934732914,55.200001783668995,0.18078866096738858,0.8198039179148193
-20.749999348074198,55.25000178441405,0.15355339586162983,0.8606601875848896
-20.849999349564314,55.25000178441405,0.18078866096738858,0.8440306664483241
-20.899999350309372,55.30000178515911,0.1500000052154064,0.8793516733297382
-21.099999353289604,55.30000178515911,0.18078866096738858,0.8511898177453807
-21.149999354034662,55.35000178590417,0.1500000052154064,0.9000000163912774
-21.44999935850501,55.35000178590417,0.20000000596046447,0.8920164996643914
-21.49999935925007,55.40000178664923,0.1500000052154064,0.9280514340771239
-21.899999365210533,55.40000178664923,0.20000000596046447,0.9000000163912774
-21.94999936595559,55.450001787394285,0.1500000052154064,0.9500000171363354
