#x_m,y_m,w_tr_right_m,w_tr_left_m
-21.649999361485243,55.05000178143382,0.5566373087958522,0.5158910638314256
-21.599999360740185,55.00000178068876,0.5158910638314256,0.5566373087958522
-21.399999357759953,55.00000178068876,0.5500000111758709,0.5158910638314256
-21.349999357014894,54.950001779943705,0.5000000104308129,0.5566373087958522
-20.94999935105443,54.950001779943705,0.5280109997762609,0.49641942423666396
-20.899999350309372,54.90000177919865,0.49641942423666396,0.5280109997762609
-20.749999348074198,54.90000177919865,0.5158910638314256,0.4800735355706574
-20.69999934732914,54.85000177845359,0.4800735355706574,0.5158910638314256
-20.549999345093966,54.85000177845359,0.5071067917232597,0.4800735355706574
-20.499999344348907,54.80000177770853,0.4670832131466311,0.5158910638314256
-20.349999342113733,54.80000177770853,0.5071067917232597,0.4800735355706574
-20.299999341368675,54.75000177696347,0.4670832131466311,0.5158910638314256
-20.1499993391335,54.75000177696347,0.5071067917232597,0.4670832131466311
-20.099999338388443,54.700001776218414,0.4670832131466311,0.5071067917232597
-19.94999933615327,54.700001776218414,0.5071067917232597,0.4670832131466311
-19.89999933540821,54.650001775473356,0.4670832131466311,0.5071067917232597
-19.799999333918095,54.650001775473356,0.49641942423666396,0.4800735355706574
-19.749999333173037,54.6000017747283,0.4576473316980041,0.5158910638314256
-19.599999330937862,54.6000017747283,0.49641942423666396,0.4670832131466311
-19.549999330192804,54.55000177398324,0.4576473316980041,0.5071067917232597
-19.39999932795763,54.55000177398324,0.49641942423666396,0.4670832131466311
-19.349999327212572,54.50000177323818,0.4576473316980041,0.5071067917232597
-19.249999325722456,54.50000177323818,0.4800735355706574,0.4800735355706574
-19.199999324977398,54.450001772493124,0.4500000096857548,0.5158910638314256
-19.099999323487282,54.450001772493124,0.4946222098231675,0.4800735355706574
-19.049999322742224,54.400001771748066,0.4670832131466311,0.5158910638314256
-18.949999321252108,54.400001771748066,0.49641942423666396,0.4800735355706574
-18.89999932050705,54.35000177100301,0.4708204032459398,0.5158910638314256
-18.84999931976199,54.35000177100301,0.4946222098231675,0.4946222098231675
-18.799999319016933,54.30000177025795,0.4670832131466311,0.5158910638314256
-18.699999317526817,54.30000177025795,0.49641942423666396,0.4800735355706574
-18.64999931678176,54.25000176951289,0.4708204032459398,0.5158910638314256
-18.5999993160367,54.25000176951289,0.4946222098231675,0.49641942423666396
-18.549999315291643,54.200001768767834,0.4708204032459398,0.5280109997762609
-18.449999313801527,54.200001768767834,0.5158910638314256,0.4946222098231675
-18.39999931305647,54.150001768022776,0.4800735355706574,0.5158910638314256
-18.34999931231141,54.150001768022776,0.49641942423666396,0.49641942423666396
-18.299999311566353,54.10000176727772,0.4708204032459398,0.5280109997762609
-18.199999310076237,54.10000176727772,0.5158910638314256,0.49641942423666396
-18.14999930933118,54.05000176653266,0.4800735355706574,0.5280109997762609
-18.049999307841063,54.05000176653266,0.5158910638314256,0.49641942423666396
-17.999999307096004,54.0000017657876,0.4946222098231675,0.5280109997762609
-17.949999306350946,54.0000017657876,0.5158910638314256,0.5158910638314256
-17.89999930560589,53.95000176504254,0.4800735355706574,0.5382411640123205
-17.84999930486083,53.95000176504254,0.49641942423666396,0.5158910638314256
-17.799999304115772,53.900001764297485,0.4708204032459398,0.5382411640123205
-17.749999303370714,53.900001764297485,0.4946222098231675,0.5106335307668594
-17.699999302625656,53.85000176355243,0.4708204032459398,0.5211102658381779
-17.649999301880598,53.85000176355243,0.4946222098231675,0.4946222098231675
-17.59999930113554,53.80000176280737,0.4800735355706574,0.5158910638314256
-17.549999300390482,53.80000176280737,0.5106335307668594,0.4946222098231675
-17.449999298900366,53.70000176131725,0.4708204032459398,0.5211102658381779
-17.399999298155308,53.70000176131725,0.4946222098231675,0.4946222098231675
-17.34999929741025,53.650001760572195,0.4800735355706574,0.5158910638314256
-17.29999929666519,53.650001760572195,0.5106335307668594,0.4946222098231675
-17.199999295175076,53.55000175908208,0.4708204032459398,0.5382411640123205
-17.149999294430017,53.55000175908208,0.4946222098231675,0.5106335307668594
-17.09999929368496,53.50000175833702,0.4800735355706574,0.5211102658381779
-17.0499992929399,53.50000175833702,0.5106335307668594,0.4946222098231675
-16.949999291449785,53.400001756846905,0.4800735355706574,0.5382411640123205
-16.899999290704727,53.400001756846905,0.5106335307668594,0.5158910638314256
-16.84999928995967,53.35000175610185,0.4946222098231675,0.5382411640123205
-16.79999928921461,53.35000175610185,0.5158910638314256,0.5071067917232597
-16.699999287724495,53.25000175461173,0.4800735355706574,0.5211102658381779
-16.649999286979437,53.25000175461173,0.5106335307668594,0.4946222098231675
-16.54999928548932,53.150001753121614,0.4708204032459398,0.5211102658381779
-16.499999284744263,53.150001753121614,0.4946222098231675,0.4946222098231675
-16.449999283999205,53.100001752376556,0.4800735355706574,0.5071067917232597
-16.399999283254147,53.100001752376556,0.5106335307668594,0.47268121237741656
-16.249999281018972,52.95000175014138,0.4800735355706574,0.5071067917232597
-16.199999280273914,52.95000175014138,0.5106335307668594,0.47268121237741656
-15.999999277293682,52.75000174716115,0.4800735355706574,0.5211102658381779
-15.949999276548624,52.75000174716115,0.5106335307668594,0.4946222098231675
-15.79999927431345,52.600001744925976,0.4946222098231675,0.5211102658381779
-15.749999273568392,52.600001744925976,0.5211102658381779,0.4946222098231675
-15.599999271333218,52.4500017426908,0.5071067917232597,0.5211102658381779
-15.54999927058816,52.4500017426908,0.5424621313094227,0.4946222098231675
-15.399999268352985,52.30000174045563,0.5106335307668594,0.5382411640123205
-15.349999267607927,52.30000174045563,0.5433034484420096,0.5071067917232597
-15.149999264627695,52.100001737475395,0.5106335307668594,0.5433034484420096
-15.099999263882637,52.100001737475395,0.5433034484420096,0.5106335307668594
-14.949999261647463,51.95000173524022,0.5211102658381779,0.5500000111758709
-14.899999260902405,51.95000173524022,0.5500000111758709,0.5211102658381779
-14.699999257922173,51.75000173225999,0.5382411640123205,0.563216887496505
-14.649999257177114,51.75000173225999,0.563216887496505,0.5382411640123205
-14.49999925494194,51.600001730024815,0.5382411640123205,0.563216887496505
-14.449999254196882,51.600001730024815,0.563216887496505,0.5382411640123205
-14.24999925121665,51.40000172704458,0.5211102658381779,0.563216887496505
-14.199999250471592,51.40000172704458,0.5500000111758709,0.5382411640123205
-14.049999248236418,51.25000172480941,0.5211102658381779,0.5500000111758709
-13.99999924749136,51.25000172480941,0.5500000111758709,0.5211102658381779
-13.849999245256186,51.100001722574234,0.5211102658381779,0.5433034484420096
-13.799999244511127,51.100001722574234,0.5500000111758709,0.5106335307668594
-13.649999242275953,50.95000172033906,0.5211102658381779,0.5424621313094227
-13.599999241530895,50.95000172033906,0.5500000111758709,0.5071067917232597
-13.449999239295721,50.800001718103886,0.5106335307668594,0.5382411640123205
-13.399999238550663,50.800001718103886,0.5433034484420096,0.5071067917232597
-13.19999923557043,50.60000171512365,0.5071067917232597,0.5211102658381779
-13.149999234825373,50.60000171512365,0.5424621313094227,0.4946222098231675
-12.899999231100082,50.35000171139836,0.5071067917232597,0.5382411640123205
-12.849999230355024,50.35000171139836,0.5424621313094227,0.5071067917232597
-12.649999227374792,50.15000170841813,0.5071067917232597,0.5382411640123205
-12.599999226629734,50.15000170841813,0.5424621313094227,0.5071067917232597
-12.399999223649502,49.9500017054379,0.5071067917232597,0.5382411640123205
-12.349999222904444,49.9500017054379,0.5424621313094227,0.5071067917232597
-12.149999219924212,49.750001702457666,0.5071067917232597,0.5382411640123205
-12.099999219179153,49.750001702457666,0.5424621313094227,0.5071067917232597
-11.899999216198921,49.550001699477434,0.5071067917232597,0.5382411640123205
-11.849999215453863,49.550001699477434,0.5424621313094227,0.5071067917232597
-11.649999212473631,49.3500016964972,0.5071067917232597,0.5211102658381779
-11.599999211728573,49.3500016964972,0.5424621313094227,0.4946222098231675
-11.349999208003283,49.10000169277191,0.5071067917232597,0.5382411640123205
-11.299999207258224,49.10000169277191,0.5424621313094227,0.5071067917232597
-11.099999204277992,48.90000168979168,0.5071067917232597,0.5382411640123205
-11.049999203532934,48.90000168979168,0.5424621313094227,0.5071067917232597
-10.849999200552702,48.70000168681145,0.5071067917232597,0.5382411640123205
-10.799999199807644,48.70000168681145,0.5424621313094227,0.5071067917232597
-10.599999196827412,48.500001683831215,0.5071067917232597,0.5382411640123205
-10.549999196082354,48.500001683831215,0.5424621313094227,0.5071067917232597
-10.349999193102121,48.30000168085098,0.5071067917232597,0.5211102658381779
-10.299999192357063,48.30000168085098,0.5424621313094227,0.4946222098231675
-10.049999188631773,48.05000167712569,0.5071067917232597,0.5382411640123205
-9.999999187886715,48.05000167712569,0.5424621313094227,0.5071067917232597
-9.799999184906483,47.85000167414546,0.5071067917232597,0.5382411640123205
-9.749999184161425,47.85000167414546,0.5424621313094227,0.5071067917232597
-9.549999181181192,47.65000167116523,0.5071067917232597,0.5382411640123205
-9.499999180436134,47.65000167116523,0.5424621313094227,0.5071067917232597
-9.299999177455902,47.450001668184996,0.5071067917232597,0.5382411640123205
-9.249999176710844,47.450001668184996,0.5424621313094227,0.5071067917232597
-9.049999173730612,47.25000166520476,0.5071067917232597,0.5382411640123205
-8.999999172985554,47.25000166520476,0.5424621313094227,0.5071067917232597
-8.799999170005322,47.05000166222453,0.5071067917232597,0.5211102658381779
-8.749999169260263,47.05000166222453,0.5424621313094227,0.4946222098231675
-8.499999165534973,46.80000165849924,0.5071067917232597,0.5382411640123205
-8.449999164789915,46.80000165849924,0.5424621313094227,0.5071067917232597
-8.249999161809683,46.60000165551901,0.5071067917232597,0.5382411640123205
-8.199999161064625,46.60000165551901,0.5424621313094227,0.5071067917232597
-7.9999991580843925,46.400001652538776,0.5071067917232597,0.5382411640123205
-7.9499991573393345,46.400001652538776,0.5424621313094227,0.5071067917232597
-7.749999154359102,46.200001649558544,0.5071067917232597,0.5382411640123205
-7.699999153614044,46.200001649558544,0.5424621313094227,0.5071067917232597
-7.499999150633812,46.00000164657831,0.5071067917232597,0.5382411640123205
-7.449999149888754,46.00000164657831,0.5424621313094227,0.5071067917232597
-7.249999146908522,45.80000164359808,0.5071067917232597,0.5211102658381779
-7.199999146163464,45.80000164359808,0.5424621313094227,0.4946222098231675
-6.949999142438173,45.55000163987279,0.5071067917232597,0.5382411640123205
-6.899999141693115,45.55000163987279,0.5424621313094227,0.5071067917232597
-6.699999138712883,45.35000163689256,0.5071067917232597,0.5382411640123205
-6.649999137967825,45.35000163689256,0.5424621313094227,0.5071067917232597
-6.449999134987593,45.150001633912325,0.5071067917232597,0.5382411640123205
-6.399999134242535,45.150001633912325,0.5424621313094227,0.5071067917232597
-6.199999131262302,44.95000163093209,0.5071067917232597,0.5382411640123205
-6.149999130517244,44.95000163093209,0.5424621313094227,0.5071067917232597
-5.949999127537012,44.75000162795186,0.5071067917232597,0.5211102658381779
-5.899999126791954,44.75000162795186,0.5424621313094227,0.4946222098231675
-5.699999123811722,44.55000162497163,0.5071067917232597,0.5211102658381779
-5.649999123066664,44.55000162497163,0.5424621313094227,0.4946222098231675
-5.399999119341373,44.30000162124634,0.5071067917232597,0.5382411640123205
-5.349999118596315,44.30000162124634,0.5424621313094227,0.5071067917232597
-5.149999115616083,44.100001618266106,0.5071067917232597,0.5382411640123205
-5.099999114871025,44.100001618266106,0.5424621313094227,0.5071067917232597
-4.899999111890793,43.90000161528587,0.5071067917232597,0.5382411640123205
-4.849999111145735,43.90000161528587,0.5424621313094227,0.5071067917232597
-4.6499991081655025,43.70000161230564,0.5071067917232597,0.5382411640123205
-4.5999991074204445,43.70000161230564,0.5424621313094227,0.5071067917232597
-4.399999104440212,43.50000160932541,0.5071067917232597,0.5211102658381779
-4.349999103695154,43.50000160932541,0.5424621313094227,0.4946222098231675
-4.149999100714922,43.30000160634518,0.5071067917232597,0.5211102658381779
-4.099999099969864,43.30000160634518,0.5424621313094227,0.4946222098231675
-3.8499990962445736,43.050001602619886,0.5071067917232597,0.5382411640123205
-3.7999990954995155,43.050001602619886,0.5424621313094227,0.5071067917232597
-3.5999990925192833,42.850001599639654,0.5071067917232597,0.5382411640123205
-3.5499990917742252,42.850001599639654,0.5424621313094227,0.5071067917232597
-3.349999088793993,42.65000159665942,0.5071067917232597,0.5382411640123205
-3.299999088048935,42.65000159665942,0.5424621313094227,0.5071067917232597
-3.0999990850687027,42.45000159367919,0.5071067917232597,0.5382411640123205
-3.0499990843236446,42.45000159367919,0.5424621313094227,0.5071067917232597
-2.8499990813434124,42.25000159069896,0.5071067917232597,0.5211102658381779
-2.7999990805983543,42.25000159069896,0.5424621313094227,0.4946222098231675
-2.599999077618122,42.050001587718725,0.5071067917232597,0.5211102658381779
-2.549999076873064,42.050001587718725,0.5424621313094227,0.4946222098231675
-2.2999990731477737,41.800001583993435,0.5071067917232597,0.5382411640123205
-2.2499990724027157,41.800001583993435,0.5424621313094227,0.5071067917232597
-2.0499990694224834,41.6000015810132,0.5071067917232597,0.5382411640123205
-1.9999990686774254,41.6000015810132,0.5424621313094227,0.5071067917232597
-1.7999990656971931,41.40000157803297,0.5071067917232597,0.5382411640123205
-1.749999064952135,41.40000157803297,0.5424621313094227,0.5071067917232597
-1.5499990619719028,41.20000157505274,0.5071067917232597,0.5211102658381779
-1.4999990612268448,41.20000157505274,0.5424621313094227,0.4946222098231675
-1.2999990582466125,41.000001572072506,0.5071067917232597,0.5211102658381779
-1.2499990575015545,41.000001572072506,0.5424621313094227,0.4946222098231675
-1.0499990545213223,40.800001569092274,0.5071067917232597,0.5211102658381779
-0.9999990537762642,40.800001569092274,0.5424621313094227,0.4946222098231675
-0.7499990500509739,40.55000156536698,0.5071067917232597,0.5382411640123205
-0.6999990493059158,40.55000156536698,0.5424621313094227,0.5071067917232597
-0.4999990463256836,40.35000156238675,0.5071067917232597,0.5382411640123205
-0.44999904558062553,40.35000156238675,0.5424621313094227,0.5071067917232597
-0.2499990426003933,40.15000155940652,0.5071067917232597,0.5382411640123205
-0.19999904185533524,40.15000155940652,0.5424621313094227,0.5071067917232597
9.611248970031738e-07,39.95000155642629,0.5071067917232597,0.5211102658381779
0.05000096186995506,39.95000155642629,0.5424621313094227,0.4946222098231675
0.2500009648501873,39.750001553446054,0.5071067917232597,0.5211102658381779
0.30000096559524536,39.750001553446054,0.5424621313094227,0.4946222098231675
0.5000009685754776,39.55000155046582,0.5071067917232597,0.5211102658381779
0.5500009693205357,39.55000155046582,0.5424621313094227,0.4946222098231675
0.800000973045826,39.30000154674053,0.5071067917232597,0.5382411640123205
0.850000973790884,39.30000154674053,0.5424621313094227,0.5071067917232597
1.0500009767711163,39.1000015437603,0.5071067917232597,0.5382411640123205
1.1000009775161743,39.1000015437603,0.5424621313094227,0.5071067917232597
1.3000009804964066,38.90000154078007,0.5071067917232597,0.5382411640123205
1.3500009812414646,38.90000154078007,0.5424621313094227,0.5071067917232597
1.5500009842216969,38.700001537799835,0.5071067917232597,0.5211102658381779
1.600000984966755,38.700001537799835,0.5424621313094227,0.4946222098231675
1.8000009879469872,38.5000015348196,0.5071067917232597,0.5211102658381779
1.8500009886920452,38.5000015348196,0.5424621313094227,0.4946222098231675
2.0500009916722775,38.30000153183937,0.5071067917232597,0.5211102658381779
2.1000009924173355,38.30000153183937,0.5424621313094227,0.4946222098231675
2.350000996142626,38.05000152811408,0.5071067917232597,0.5382411640123205
2.400000996887684,38.05000152811408,0.5424621313094227,0.5071067917232597
2.600000999867916,37.85000152513385,0.5071067917232597,0.5382411640123205
2.650001000612974,37.85000152513385,0.5424621313094227,0.5071067917232597
2.8500010035932064,37.650001522153616,0.5071067917232597,0.5211102658381779
2.9000010043382645,37.650001522153616,0.5424621313094227,0.4946222098231675
3.1000010073184967,37.450001519173384,0.5071067917232597,0.5211102658381779
3.1500010080635548,37.450001519173384,0.5424621313094227,0.4946222098231675
3.350001011043787,37.25000151619315,0.5071067917232597,0.5211102658381779
3.400001011788845,37.25000151619315,0.5424621313094227,0.4946222098231675
3.6500010155141354,37.00000151246786,0.5071067917232597,0.5382411640123205
3.7000010162591934,37.00000151246786,0.5424621313094227,0.5071067917232597
3.9000010192394257,36.80000150948763,0.5071067917232597,0.5382411640123205
3.9500010199844837,36.80000150948763,0.5424621313094227,0.5071067917232597
4.150001022964716,36.6000015065074,0.5071067917232597,0.5382411640123205
4.200001023709774,36.6000015065074,0.5424621313094227,0.5071067917232597
4.400001026690006,36.400001503527164,0.5071067917232597,0.5211102658381779
4.450001027435064,36.400001503527164,0.5424621313094227,0.4946222098231675
4.6500010304152966,36.20000150054693,0.5071067917232597,0.5211102658381779
4.700001031160355,36.20000150054693,0.5424621313094227,0.4946222098231675
4.900001034140587,36.0000014975667,0.5071067917232597,0.5211102658381779
4.950001034885645,36.0000014975667,0.5424621313094227,0.4946222098231675
5.200001038610935,35.75000149384141,0.5071067917232597,0.5382411640123205
5.250001039355993,35.75000149384141,0.5424621313094227,0.5071067917232597
5.4500010423362255,35.55000149086118,0.5071067917232597,0.5382411640123205
5.500001043081284,35.55000149086118,0.5424621313094227,0.5071067917232597
5.700001046061516,35.350001487880945,0.5071067917232597,0.5382411640123205
5.750001046806574,35.350001487880945,0.5424621313094227,0.5071067917232597
5.950001049786806,35.15000148490071,0.5071067917232597,0.5211102658381779
6.000001050531864,35.15000148490071,0.5424621313094227,0.4946222098231675
6.200001053512096,34.95000148192048,0.5071067917232597,0.5211102658381779
6.2500010542571545,34.95000148192048,0.5424621313094227,0.4946222098231675
6.450001057237387,34.75000147894025,0.5071067917232597,0.5211102658381779
6.500001057982445,34.75000147894025,0.5424621313094227,0.4946222098231675
6.750001061707735,34.50000147521496,0.5071067917232597,0.5382411640123205
6.800001062452793,34.50000147521496,0.5424621313094227,0.5071067917232597
7.000001065433025,34.300001472234726,0.5071067917232597,0.5382411640123205
7.050001066178083,34.300001472234726,0.5424621313094227,0.5071067917232597
7.250001069158316,34.100001469254494,0.5071067917232597,0.5382411640123205
7.300001069903374,34.100001469254494,0.5424621313094227,0.5071067917232597
7.500001072883606,33.90000146627426,0.5071067917232597,0.5211102658381779
7.550001073628664,33.90000146627426,0.5424621313094227,0.4946222098231675
7.750001076608896,33.70000146329403,0.5071067917232597,0.5211102658381779
7.800001077353954,33.70000146329403,0.5424621313094227,0.4946222098231675
8.000001080334187,33.5000014603138,0.5071067917232597,0.5211102658381779
8.050001081079245,33.5000014603138,0.5424621313094227,0.4946222098231675
8.300001084804535,33.25000145658851,0.5071067917232597,0.5382411640123205
8.350001085549593,33.25000145658851,0.5424621313094227,0.5071067917232597
8.550001088529825,33.050001453608274,0.5071067917232597,0.5382411640123205
8.600001089274883,33.050001453608274,0.5424621313094227,0.5071067917232597
8.800001092255116,32.85000145062804,0.5071067917232597,0.5211102658381779
8.850001093000174,32.85000145062804,0.5424621313094227,0.4946222098231675
9.050001095980406,32.65000144764781,0.5071067917232597,0.5211102658381779
9.100001096725464,32.65000144764781,0.5424621313094227,0.4946222098231675
9.300001099705696,32.45000144466758,0.5071067917232597,0.5211102658381779
9.350001100450754,32.45000144466758,0.5424621313094227,0.4946222098231675
9.550001103430986,32.250001441687346,0.5071067917232597,0.5211102658381779
9.600001104176044,32.250001441687346,0.5424621313094227,0.4946222098231675
9.850001107901335,32.000001437962055,0.5071067917232597,0.5382411640123205
9.900001108646393,32.000001437962055,0.5424621313094227,0.5071067917232597
10.100001111626625,31.800001434981823,0.5071067917232597,0.5382411640123205
10.150001112371683,31.800001434981823,0.5424621313094227,0.5071067917232597
10.350001115351915,31.60000143200159,0.5071067917232597,0.5211102658381779
10.400001116096973,31.60000143200159,0.5424621313094227,0.4946222098231675
10.600001119077206,31.40000142902136,0.5071067917232597,0.5211102658381779
10.650001119822264,31.40000142902136,0.5424621313094227,0.4946222098231675
10.850001122802496,31.200001426041126,0.5071067917232597,0.5211102658381779
10.900001123547554,31.200001426041126,0.5424621313094227,0.4946222098231675
11.100001126527786,31.000001423060894,0.5071067917232597,0.5211102658381779
11.150001127272844,31.000001423060894,0.5424621313094227,0.4946222098231675
11.400001130998135,30.750001419335604,0.5071067917232597,0.5382411640123205
11.450001131743193,30.750001419335604,0.5424621313094227,0.5071067917232597
11.650001134723425,30.55000141635537,0.5071067917232597,0.5382411640123205
11.700001135468483,30.55000141635537,0.5424621313094227,0.5071067917232597
11.900001138448715,30.35000141337514,0.5071067917232597,0.5211102658381779
11.950001139193773,30.35000141337514,0.5424621313094227,0.4946222098231675
12.150001142174006,30.150001410394907,0.5071067917232597,0.5211102658381779
12.200001142919064,30.150001410394907,0.5424621313094227,0.4946222098231675
12.400001145899296,29.950001407414675,0.5071067917232597,0.5211102658381779
12.450001146644354,29.950001407414675,0.5424621313094227,0.4946222098231675
12.650001149624586,29.750001404434443,0.5071067917232597,0.5211102658381779
12.700001150369644,29.750001404434443,0.5424621313094227,0.4946222098231675
12.950001154094934,29.500001400709152,0.5071067917232597,0.5382411640123205
13.000001154839993,29.500001400709152,0.5424621313094227,0.5071067917232597
13.200001157820225,29.30000139772892,0.5071067917232597,0.5211102658381779
13.250001158565283,29.30000139772892,0.5424621313094227,0.4946222098231675
13.450001161545515,29.100001394748688,0.5071067917232597,0.5211102658381779
13.500001162290573,29.100001394748688,0.5424621313094227,0.4946222098231675
13.700001165270805,28.900001391768456,0.5071067917232597,0.5211102658381779
13.750001166015863,28.900001391768456,0.5424621313094227,0.4946222098231675
13.950001168996096,28.700001388788223,0.5071067917232597,0.5211102658381779
14.000001169741154,28.700001388788223,0.5424621313094227,0.4946222098231675
14.200001172721386,28.50000138580799,0.5071067917232597,0.5211102658381779
14.250001173466444,28.50000138580799,0.5424621313094227,0.4946222098231675
14.500001177191734,28.2500013820827,0.5071067917232597,0.5382411640123205
14.550001177936792,28.2500013820827,0.5424621313094227,0.5071067917232597
14.750001180917025,28.05000137910247,0.5071067917232597,0.5211102658381779
14.800001181662083,28.05000137910247,0.5424621313094227,0.4946222098231675
15.000001184642315,27.850001376122236,0.5071067917232597,0.5211102658381779
15.050001185387373,27.850001376122236,0.5424621313094227,0.4946222098231675
15.250001188367605,27.650001373142004,0.5071067917232597,0.5211102658381779
15.300001189112663,27.650001373142004,0.5424621313094227,0.4946222098231675
15.500001192092896,27.45000137016177,0.5071067917232597,0.5211102658381779
15.550001192837954,27.45000137016177,0.5424621313094227,0.4946222098231675
15.750001195818186,27.25000136718154,0.5071067917232597,0.5211102658381779
15.800001196563244,27.25000136718154,0.5424621313094227,0.4946222098231675
16.050001200288534,27.00000136345625,0.5071067917232597,0.5382411640123205
16.100001201033592,27.00000136345625,0.5424621313094227,0.5071067917232597
16.300001204013824,26.800001360476017,0.5071067917232597,0.5211102658381779
16.350001204758883,26.800001360476017,0.5424621313094227,0.4946222098231675
16.550001207739115,26.600001357495785,0.5071067917232597,0.5211102658381779
16.600001208484173,26.600001357495785,0.5424621313094227,0.4946222098231675
16.800001211464405,26.400001354515553,0.5071067917232597,0.5211102658381779
16.850001212209463,26.400001354515553,0.5424621313094227,0.4946222098231675
17.050001215189695,26.20000135153532,0.5071067917232597,0.5211102658381779
17.100001215934753,26.20000135153532,0.5424621313094227,0.4946222098231675
17.350001219660044,25.95000134781003,0.5071067917232597,0.5382411640123205
17.4000012204051,25.95000134781003,0.5424621313094227,0.5071067917232597
17.600001223385334,25.750001344829798,0.5071067917232597,0.5211102658381779
17.650001224130392,25.750001344829798,0.5424621313094227,0.4946222098231675
17.850001227110624,25.550001341849566,0.5071067917232597,0.5211102658381779
17.900001227855682,25.550001341849566,0.5424621313094227,0.4946222098231675
18.100001230835915,25.350001338869333,0.5071067917232597,0.5211102658381779
18.150001231580973,25.350001338869333,0.5424621313094227,0.4946222098231675
18.350001234561205,25.1500013358891,0.5071067917232597,0.5211102658381779
18.400001235306263,25.1500013358891,0.5424621313094227,0.4946222098231675
18.600001238286495,24.95000133290887,0.5071067917232597,0.5211102658381779
18.650001239031553,24.95000133290887,0.5424621313094227,0.4946222098231675
18.900001242756844,24.70000132918358,0.5071067917232597,0.5382411640123205
18.9500012435019,24.70000132918358,0.5424621313094227,0.5071067917232597
19.150001246482134,24.500001326203346,0.5071067917232597,0.5211102658381779
19.200001247227192,24.500001326203346,0.5424621313094227,0.4946222098231675
19.400001250207424,24.300001323223114,0.5071067917232597,0.5211102658381779
19.450001250952482,24.300001323223114,0.5424621313094227,0.4946222098231675
19.650001253932714,24.10000132024288,0.5071067917232597,0.5211102658381779
19.700001254677773,24.10000132024288,0.5424621313094227,0.4946222098231675
19.900001257658005,23.90000131726265,0.5071067917232597,0.5211102658381779
19.950001258403063,23.90000131726265,0.5424621313094227,0.4946222098231675
20.150001261383295,23.700001314282417,0.5071067917232597,0.5211102658381779
20.200001262128353,23.700001314282417,0.5424621313094227,0.4946222098231675
20.450001265853643,23.450001310557127,0.5071067917232597,0.5382411640123205
20.5000012665987,23.450001310557127,0.5424621313094227,0.5071067917232597
20.700001269578934,23.250001307576895,0.5071067917232597,0.5211102658381779
20.75000127032399,23.250001307576895,0.5424621313094227,0.4946222098231675
20.950001273304224,23.050001304596663,0.5071067917232597,0.5211102658381779
21.000001274049282,23.050001304596663,0.5424621313094227,0.4946222098231675
21.200001277029514,22.85000130161643,0.5071067917232597,0.5211102658381779
21.250001277774572,22.85000130161643,0.5424621313094227,0.4946222098231675
21.450001280754805,22.650001298636198,0.5071067917232597,0.5211102658381779
21.500001281499863,22.650001298636198,0.5424621313094227,0.4946222098231675
21.700001284480095,22.450001295655966,0.5071067917232597,0.5211102658381779
21.750001285225153,22.450001295655966,0.5424621313094227,0.4946222098231675
22.000001288950443,22.200001291930676,0.5071067917232597,0.5211102658381779
22.0500012896955,22.200001291930676,0.5424621313094227,0.4946222098231675
22.250001292675734,22.000001288950443,0.5071067917232597,0.5211102658381779
22.30000129342079,22.000001288950443,0.5424621313094227,0.4946222098231675
22.500001296401024,21.80000128597021,0.5071067917232597,0.5211102658381779
22.550001297146082,21.80000128597021,0.5424621313094227,0.4946222098231675
22.750001300126314,21.60000128298998,0.5071067917232597,0.5211102658381779
22.800001300871372,21.60000128298998,0.5424621313094227,0.4946222098231675
23.000001303851604,21.400001280009747,0.5071067917232597,0.5211102658381779
23.050001304596663,21.400001280009747,0.5424621313094227,0.4946222098231675
23.250001307576895,21.200001277029514,0.5071067917232597,0.5211102658381779
23.300001308321953,21.200001277029514,0.5424621313094227,0.4946222098231675
23.550001312047243,20.950001273304224,0.5071067917232597,0.5211102658381779
23.6000013127923,20.950001273304224,0.5424621313094227,0.4946222098231675
23.800001315772533,20.75000127032399,0.5071067917232597,0.5211102658381779
23.85000131651759,20.75000127032399,0.5424621313094227,0.4946222098231675
24.050001319497824,20.55000126734376,0.5071067917232597,0.5211102658381779
24.10000132024288,20.55000126734376,0.5424621313094227,0.4946222098231675
24.300001323223114,20.350001264363527,0.5071067917232597,0.5211102658381779
24.350001323968172,20.350001264363527,0.5424621313094227,0.4946222098231675
24.550001326948404,20.150001261383295,0.5071067917232597,0.5211102658381779
24.600001327693462,20.150001261383295,0.5424621313094227,0.4946222098231675
24.800001330673695,19.950001258403063,0.5071067917232597,0.5211102658381779
24.850001331418753,19.950001258403063,0.5424621313094227,0.4946222098231675
25.100001335144043,19.700001254677773,0.5071067917232597,0.5211102658381779
25.1500013358891,19.700001254677773,0.5424621313094227,0.4946222098231675
25.350001338869333,19.50000125169754,0.5071067917232597,0.5211102658381779
25.40000133961439,19.50000125169754,0.5424621313094227,0.4946222098231675
25.65000134333968,19.25000124797225,0.5071067917232597,0.5382411640123205
25.70000134408474,19.25000124797225,0.5424621313094227,0.5071067917232597
25.900001347064972,19.050001244992018,0.5071067917232597,0.5382411640123205
25.95000134781003,19.050001244992018,0.5424621313094227,0.5071067917232597
26.20000135153532,18.800001241266727,0.5071067917232597,0.5211102658381779
26.25000135228038,18.800001241266727,0.5424621313094227,0.4946222098231675
26.650001358240843,18.400001235306263,0.4946222098231675,0.5211102658381779
26.7000013589859,18.400001235306263,0.5211102658381779,0.4946222098231675
26.95000136271119,18.150001231580973,0.4800735355706574,0.5071067917232597
27.00000136345625,18.150001231580973,0.5106335307668594,0.47268121237741656
27.45000137016177,17.70000122487545,0.5071067917232597,0.5211102658381779
27.50000137090683,17.70000122487545,0.5424621313094227,0.4946222098231675
27.900001376867294,17.300001218914986,0.5071067917232597,0.5211102658381779
27.950001377612352,17.300001218914986,0.5424621313094227,0.4946222098231675
29.8000014051795,15.450001191347837,0.563216887496505,0.5071067917232597
29.8000014051795,15.40000119060278,0.5382411640123205,0.5424621313094227
30.150001410394907,15.050001185387373,0.563216887496505,0.5071067917232597
30.150001410394907,15.000001184642315,0.5382411640123205,0.5424621313094227
30.500001415610313,14.650001179426908,0.563216887496505,0.5106335307668594
30.500001415610313,14.60000117868185,0.5382411640123205,0.5433034484420096
30.85000142082572,14.250001173466444,0.563216887496505,0.5071067917232597
30.85000142082572,14.200001172721386,0.5382411640123205,0.5382411640123205
31.10000142455101,13.950001168996096,0.5433034484420096,0.4800735355706574
31.10000142455101,13.900001168251038,0.5106335307668594,0.5106335307668594
31.250001426786184,13.750001166015863,0.5424621313094227,0.4800735355706574
31.250001426786184,13.700001165270805,0.5071067917232597,0.5106335307668594
31.40000142902136,13.550001163035631,0.5382411640123205,0.4800735355706574
31.40000142902136,13.500001162290573,0.5071067917232597,0.5106335307668594
31.550001431256533,13.350001160055399,0.5211102658381779,0.4800735355706574
31.550001431256533,13.30000115931034,0.4946222098231675,0.5106335307668594
31.750001434236765,13.100001156330109,0.5211102658381779,0.47268121237741656
31.750001434236765,13.05000115558505,0.4946222098231675,0.5071067917232597
31.90000143647194,12.900001153349876,0.5211102658381779,0.47268121237741656
31.90000143647194,12.850001152604818,0.4946222098231675,0.5071067917232597
32.10000143945217,12.650001149624586,0.5211102658381779,0.4708204032459398
32.10000143945217,12.600001148879528,0.4946222098231675,0.4946222098231675
32.250001441687346,12.450001146644354,0.5106335307668594,0.4708204032459398
32.250001441687346,12.400001145899296,0.4800735355706574,0.4946222098231675
32.45000144466758,12.200001142919064,0.5106335307668594,0.45192025023463345
32.45000144466758,12.150001142174006,0.4800735355706574,0.4800735355706574
32.60000144690275,12.000001139938831,0.5071067917232597,0.45192025023463345
32.60000144690275,11.950001139193773,0.47268121237741656,0.4800735355706574
32.750001449137926,11.800001136958599,0.5071067917232597,0.44031243328468356
32.750001449137926,11.750001136213541,0.47268121237741656,0.47268121237741656
32.9000014513731,11.600001133978367,0.5071067917232597,0.44031243328468356
32.9000014513731,11.550001133233309,0.47268121237741656,0.47268121237741656
33.000001452863216,11.450001131743193,0.4946222098231675,0.45192025023463345
33.000001452863216,11.400001130998135,0.4708204032459398,0.4800735355706574
33.15000145509839,11.25000112876296,0.5106335307668594,0.45192025023463345
33.15000145509839,11.200001128017902,0.4800735355706574,0.4800735355706574
33.25000145658851,11.100001126527786,0.5158910638314256,0.4708204032459398
33.25000145658851,11.050001125782728,0.4946222098231675,0.4946222098231675
33.35000145807862,10.950001124292612,0.5211102658381779,0.4708204032459398
33.35000145807862,10.900001123547554,0.4946222098231675,0.4946222098231675
33.45000145956874,10.800001122057438,0.5211102658381779,0.4708204032459398
33.45000145956874,10.75000112131238,0.4946222098231675,0.4946222098231675
33.5000014603138,10.700001120567322,0.5106335307668594,0.4708204032459398
33.5000014603138,10.650001119822264,0.4800735355706574,0.4946222098231675
33.60000146180391,10.550001118332148,0.5158910638314256,0.4708204032459398
33.60000146180391,10.50000111758709,0.4946222098231675,0.4946222098231675
33.65000146254897,10.450001116842031,0.5106335307668594,0.4708204032459398
33.65000146254897,10.400001116096973,0.4800735355706574,0.4946222098231675
33.75000146403909,10.300001114606857,0.5106335307668594,0.4708204032459398
33.75000146403909,10.2500011138618,0.4800735355706574,0.4946222098231675
33.800001464784145,10.200001113116741,0.4946222098231675,0.4708204032459398
33.800001464784145,10.150001112371683,0.4708204032459398,0.4946222098231675
33.90000146627426,10.050001110881567,0.5106335307668594,0.4708204032459398
33.90000146627426,10.000001110136509,0.4800735355706574,0.4946222098231675
34.00000146776438,9.900001108646393,0.5106335307668594,0.45192025023463345
34.00000146776438,9.850001107901335,0.4800735355706574,0.4800735355706574
34.050001468509436,9.800001107156277,0.4946222098231675,0.4708204032459398
34.050001468509436,9.750001106411219,0.4708204032459398,0.4946222098231675
34.15000146999955,9.650001104921103,0.5106335307668594,0.4708204032459398
34.15000146999955,9.600001104176044,0.4800735355706574,0.4946222098231675
34.25000147148967,9.500001102685928,0.5106335307668594,0.45192025023463345
34.25000147148967,9.45000110194087,0.4800735355706574,0.4800735355706574
34.350001472979784,9.350001100450754,0.5106335307668594,0.4500000096857548
34.350001472979784,9.300001099705696,0.4800735355706574,0.4708204032459398
34.40000147372484,9.250001098960638,0.4946222098231675,0.45192025023463345
34.40000147372484,9.20000109821558,0.4708204032459398,0.4800735355706574
34.4500014744699,9.150001097470522,0.4946222098231675,0.4708204032459398
34.4500014744699,9.100001096725464,0.4708204032459398,0.4946222098231675
34.50000147521496,9.050001095980406,0.4946222098231675,0.4708204032459398
34.50000147521496,9.000001095235348,0.4708204032459398,0.4946222098231675
34.600001476705074,8.900001093745232,0.5158910638314256,0.4708204032459398
34.600001476705074,8.850001093000174,0.4946222098231675,0.4946222098231675
34.65000147745013,8.800001092255116,0.5158910638314256,0.4800735355706574
34.65000147745013,8.750001091510057,0.4946222098231675,0.5106335307668594
34.70000147819519,8.700001090765,0.5158910638314256,0.4946222098231675
34.70000147819519,8.650001090019941,0.4946222098231675,0.5158910638314256
34.80000147968531,8.550001088529825,0.5382411640123205,0.4800735355706574
34.80000147968531,8.500001087784767,0.5158910638314256,0.5106335307668594
34.850001480430365,8.450001087039709,0.5382411640123205,0.4946222098231675
34.850001480430365,8.400001086294651,0.5158910638314256,0.5158910638314256
34.90000148117542,8.350001085549593,0.5382411640123205,0.4946222098231675
34.90000148117542,8.300001084804535,0.5158910638314256,0.5211102658381779
34.95000148192048,8.250001084059477,0.5433034484420096,0.5106335307668594
34.95000148192048,8.200001083314419,0.5280109997762609,0.5382411640123205
35.00000148266554,8.15000108256936,0.5615773219347772,0.5158910638314256
35.00000148266554,8.100001081824303,0.5382411640123205,0.5382411640123205
35.0500014834106,8.050001081079245,0.5615773219347772,0.5211102658381779
35.0500014834106,8.000001080334187,0.5382411640123205,0.5500000111758709
35.100001484155655,7.9500010795891285,0.5615773219347772,0.5382411640123205
35.100001484155655,7.90000107884407,0.5382411640123205,0.563216887496505
35.20000148564577,7.800001077353954,0.5826238037869298,0.5382411640123205
35.20000148564577,7.750001076608896,0.5615773219347772,0.5615773219347772
35.25000148639083,7.700001075863838,0.5826238037869298,0.5382411640123205
35.25000148639083,7.65000107511878,0.5615773219347772,0.563216887496505
35.30000148713589,7.600001074373722,0.5826238037869298,0.5433034484420096
35.30000148713589,7.500001072883606,0.5433034484420096,0.5826238037869298
35.350001487880945,7.450001072138548,0.5762087463794127,0.5615773219347772
35.350001487880945,7.40000107139349,0.5615773219347772,0.5826238037869298
35.400001488626,7.350001070648432,0.5826238037869298,0.5615773219347772
35.400001488626,7.300001069903374,0.5615773219347772,0.5762087463794127
35.45000148937106,7.250001069158316,0.5826238037869298,0.5433034484420096
35.45000148937106,7.200001068413258,0.5615773219347772,0.5615773219347772
35.50000149011612,7.1500010676681995,0.5826238037869298,0.5382411640123205
35.50000149011612,7.050001066178083,0.5382411640123205,0.5762087463794127
35.55000149086118,7.000001065433025,0.5615773219347772,0.5433034484420096
35.55000149086118,6.950001064687967,0.5382411640123205,0.5615773219347772
35.600001491606236,6.900001063942909,0.5615773219347772,0.5382411640123205
35.600001491606236,6.850001063197851,0.5433034484420096,0.5615773219347772
35.650001492351294,6.800001062452793,0.5762087463794127,0.5382411640123205
35.650001492351294,6.700001060962677,0.5382411640123205,0.5762087463794127
35.70000149309635,6.650001060217619,0.5615773219347772,0.5433034484420096
35.70000149309635,6.600001059472561,0.5382411640123205,0.5615773219347772
35.75000149384141,6.550001058727503,0.5615773219347772,0.5382411640123205
35.75000149384141,6.500001057982445,0.5382411640123205,0.5615773219347772
35.80000149458647,6.450001057237387,0.5615773219347772,0.5382411640123205
35.80000149458647,6.400001056492329,0.5382411640123205,0.5615773219347772
35.850001495331526,6.350001055747271,0.5615773219347772,0.5280109997762609
35.850001495331526,6.2500010542571545,0.5280109997762609,0.5615773219347772
35.900001496076584,6.200001053512096,0.5615773219347772,0.5382411640123205
35.900001496076584,6.150001052767038,0.5382411640123205,0.5615773219347772
35.95000149682164,6.10000105202198,0.5615773219347772,0.5280109997762609
35.95000149682164,6.050001051276922,0.5382411640123205,0.5433034484420096
36.0000014975667,6.000001050531864,0.5615773219347772,0.5158910638314256
36.0000014975667,5.900001049041748,0.5280109997762609,0.5615773219347772
36.05000149831176,5.85000104829669,0.5615773219347772,0.5382411640123205
36.05000149831176,5.800001047551632,0.5382411640123205,0.5615773219347772
36.100001499056816,5.750001046806574,0.5615773219347772,0.5280109997762609
36.100001499056816,5.700001046061516,0.5382411640123205,0.5433034484420096
36.150001499801874,5.650001045316458,0.5615773219347772,0.5158910638314256
36.150001499801874,5.550001043826342,0.5280109997762609,0.5615773219347772
36.20000150054693,5.500001043081284,0.5615773219347772,0.5382411640123205
36.20000150054693,5.4500010423362255,0.5382411640123205,0.5615773219347772
36.25000150129199,5.4000010415911674,0.5615773219347772,0.5280109997762609
36.25000150129199,5.350001040846109,0.5382411640123205,0.5433034484420096
36.30000150203705,5.300001040101051,0.5615773219347772,0.5158910638314256
36.30000150203705,5.200001038610935,0.5280109997762609,0.5615773219347772
36.350001502782106,5.150001037865877,0.5615773219347772,0.5280109997762609
36.350001502782106,5.100001037120819,0.5382411640123205,0.5433034484420096
36.400001503527164,5.050001036375761,0.5615773219347772,0.5158910638314256
36.400001503527164,5.000001035630703,0.5382411640123205,0.5382411640123205
36.45000150427222,4.950001034885645,0.5615773219347772,0.5158910638314256
36.45000150427222,4.850001033395529,0.5280109997762609,0.5615773219347772
36.50000150501728,4.800001032650471,0.5615773219347772,0.5280109997762609
36.50000150501728,4.750001031905413,0.5382411640123205,0.5433034484420096
36.55000150576234,4.700001031160355,0.5615773219347772,0.5158910638314256
36.55000150576234,4.6500010304152966,0.5382411640123205,0.5382411640123205
36.6000015065074,4.6000010296702385,0.5615773219347772,0.5158910638314256
36.6000015065074,4.500001028180122,0.5280109997762609,0.5615773219347772
36.650001507252455,4.450001027435064,0.5615773219347772,0.5280109997762609
36.650001507252455,4.400001026690006,0.5382411640123205,0.5433034484420096
36.70000150799751,4.350001025944948,0.5615773219347772,0.5158910638314256
36.70000150799751,4.250001024454832,0.5280109997762609,0.5615773219347772
36.75000150874257,4.200001023709774,0.5615773219347772,0.5280109997762609
36.75000150874257,4.150001022964716,0.5382411640123205,0.5433034484420096
36.80000150948763,4.100001022219658,0.5615773219347772,0.5158910638314256
36.80000150948763,4.0500010214746,0.5382411640123205,0.5382411640123205
36.85000151023269,4.000001020729542,0.5615773219347772,0.5158910638314256
36.85000151023269,3.9000010192394257,0.5280109997762609,0.5615773219347772
36.900001510977745,3.8500010184943676,0.5615773219347772,0.5280109997762609
36.900001510977745,3.8000010177493095,0.5382411640123205,0.5433034484420096
36.9500015117228,3.7500010170042515,0.5615773219347772,0.5158910638314256
36.9500015117228,3.7000010162591934,0.5382411640123205,0.5382411640123205
37.00000151246786,3.6500010155141354,0.5615773219347772,0.5158910638314256
37.00000151246786,3.5500010140240192,0.5280109997762609,0.5433034484420096
37.05000151321292,3.500001013278961,0.5615773219347772,0.5158910638314256
37.05000151321292,3.450001012533903,0.5382411640123205,0.5382411640123205
37.10000151395798,3.400001011788845,0.5615773219347772,0.5158910638314256
37.10000151395798,3.350001011043787,0.5382411640123205,0.5382411640123205
37.150001514703035,3.300001010298729,0.5615773219347772,0.5158910638314256
37.150001514703035,3.200001008808613,0.5280109997762609,0.5433034484420096
37.20000151544809,3.1500010080635548,0.5615773219347772,0.5158910638314256
37.20000151544809,3.1000010073184967,0.5382411640123205,0.5382411640123205
37.25000151619315,3.0500010065734386,0.5615773219347772,0.5158910638314256
37.25000151619315,3.0000010058283806,0.5382411640123205,0.5382411640123205
37.30000151693821,2.9500010050833225,0.5615773219347772,0.5158910638314256
37.30000151693821,2.8500010035932064,0.5280109997762609,0.5433034484420096
37.35000151768327,2.8000010028481483,0.5615773219347772,0.5158910638314256
37.35000151768327,2.7500010021030903,0.5382411640123205,0.5382411640123205
37.400001518428326,2.7000010013580322,0.5615773219347772,0.5158910638314256
37.400001518428326,2.600000999867916,0.5158910638314256,0.5433034484420096
37.450001519173384,2.550000999122858,0.5433034484420096,0.5158910638314256
37.450001519173384,2.5000009983778,0.5280109997762609,0.5382411640123205
37.50000151991844,2.450000997632742,0.5615773219347772,0.5158910638314256
37.50000151991844,2.400000996887684,0.5382411640123205,0.5382411640123205
37.5500015206635,2.350000996142626,0.5615773219347772,0.5158910638314256
37.5500015206635,2.2500009946525097,0.5158910638314256,0.5433034484420096
37.60000152140856,2.2000009939074516,0.5433034484420096,0.5158910638314256
37.60000152140856,2.1500009931623936,0.5280109997762609,0.5382411640123205
37.650001522153616,2.1000009924173355,0.5615773219347772,0.5158910638314256
37.650001522153616,2.0500009916722775,0.5382411640123205,0.5382411640123205
37.700001522898674,2.0000009909272194,0.5615773219347772,0.5158910638314256
37.700001522898674,1.9000009894371033,0.5158910638314256,0.5433034484420096
37.75000152364373,1.8500009886920452,0.5433034484420096,0.5158910638314256
37.75000152364373,1.8000009879469872,0.5280109997762609,0.5382411640123205
37.80000152438879,1.750000987201929,0.5615773219347772,0.5158910638314256
37.80000152438879,1.650000985711813,0.5158910638314256,0.5433034484420096
37.85000152513385,1.600000984966755,0.5433034484420096,0.5158910638314256
37.85000152513385,1.5500009842216969,0.5280109997762609,0.5382411640123205
37.900001525878906,1.5000009834766388,0.5615773219347772,0.5158910638314256
37.900001525878906,1.4500009827315807,0.5382411640123205,0.5382411640123205
37.950001526623964,1.4000009819865227,0.5615773219347772,0.5158910638314256
37.950001526623964,1.3000009804964066,0.5158910638314256,0.5433034484420096
38.00000152736902,1.2500009797513485,0.5433034484420096,0.5158910638314256
38.00000152736902,1.2000009790062904,0.5280109997762609,0.5382411640123205
38.05000152811408,1.1500009782612324,0.5615773219347772,0.5158910638314256
38.05000152811408,1.1000009775161743,0.5382411640123205,0.5382411640123205
38.10000152885914,1.0500009767711163,0.5615773219347772,0.5158910638314256
38.10000152885914,0.9500009752810001,0.5158910638314256,0.5433034484420096
38.1500015296042,0.9000009745359421,0.5433034484420096,0.5158910638314256
38.1500015296042,0.850000973790884,0.5280109997762609,0.5382411640123205
38.200001530349255,0.800000973045826,0.5615773219347772,0.5158910638314256
38.200001530349255,0.7000009715557098,0.5158910638314256,0.5433034484420096
38.25000153109431,0.6500009708106518,0.5382411640123205,0.5158910638314256
38.25000153109431,0.6000009700655937,0.5158910638314256,0.5382411640123205
38.30000153183937,0.5500009693205357,0.5433034484420096,0.5158910638314256
38.30000153183937,0.5000009685754776,0.5280109997762609,0.5382411640123205
38.35000153258443,0.45000096783041954,0.5615773219347772,0.5158910638314256
38.35000153258443,0.3500009663403034,0.5158910638314256,0.5433034484420096
38.40000153332949,0.30000096559524536,0.5382411640123205,0.5158910638314256
38.40000153332949,0.2500009648501873,0.5158910638314256,0.5382411640123205
38.450001534074545,0.20000096410512924,0.5433034484420096,0.5158910638314256
38.450001534074545,0.15000096336007118,0.5280109997762609,0.5382411640123205
38.5000015348196,0.10000096261501312,0.5615773219347772,0.5158910638314256
38.5000015348196,9.611248970031738e-07,0.5158910638314256,0.5433034484420096
38.55000153556466,-0.049999039620161057,0.5382411640123205,0.5158910638314256
38.55000153556466,-0.09999904036521912,0.5158910638314256,0.5382411640123205
38.60000153630972,-0.14999904111027718,0.5433034484420096,0.5158910638314256
38.60000153630972,-0.2499990426003933,0.5158910638314256,0.5433034484420096
38.65000153705478,-0.29999904334545135,0.5382411640123205,0.5158910638314256
38.65000153705478,-0.3499990440905094,0.5158910638314256,0.5382411640123205
38.700001537799835,-0.3999990448355675,0.5382411640123205,0.5158910638314256
38.700001537799835,-0.44999904558062553,0.5158910638314256,0.5382411640123205
38.75000153854489,-0.4999990463256836,0.5433034484420096,0.5158910638314256
38.75000153854489,-0.5999990478157997,0.5158910638314256,0.5433034484420096
38.80000153928995,-0.6499990485608578,0.5382411640123205,0.5158910638314256
38.80000153928995,-0.6999990493059158,0.5158910638314256,0.5382411640123205
38.85000154003501,-0.7499990500509739,0.5433034484420096,0.5158910638314256
38.85000154003501,-0.799999050796032,0.5280109997762609,0.5382411640123205
38.90000154078007,-0.84999905154109,0.5615773219347772,0.5158910638314256
38.90000154078007,-0.9499990530312061,0.5158910638314256,0.5433034484420096
38.950001541525126,-0.9999990537762642,0.5382411640123205,0.5158910638314256
38.950001541525126,-1.0499990545213223,0.5158910638314256,0.5382411640123205
39.000001542270184,-1.0999990552663803,0.5433034484420096,0.5158910638314256
39.000001542270184,-1.1999990567564964,0.5158910638314256,0.5433034484420096
39.05000154301524,-1.2499990575015545,0.5382411640123205,0.5158910638314256
39.05000154301524,-1.2999990582466125,0.5158910638314256,0.5382411640123205
39.1000015437603,-1.3499990589916706,0.5382411640123205,0.5158910638314256
39.1000015437603,-1.3999990597367287,0.5158910638314256,0.5382411640123205
39.15000154450536,-1.4499990604817867,0.5433034484420096,0.5158910638314256
39.15000154450536,-1.5499990619719028,0.5158910638314256,0.5433034484420096
39.200001545250416,-1.599999062716961,0.5382411640123205,0.5158910638314256
39.200001545250416,-1.649999063462019,0.5158910638314256,0.5382411640123205
39.250001545995474,-1.699999064207077,0.5382411640123205,0.5158910638314256
39.250001545995474,-1.749999064952135,0.5158910638314256,0.5280109997762609
39.30000154674053,-1.7999990656971931,0.5433034484420096,0.49641942423666396
39.30000154674053,-1.8999990671873093,0.5158910638314256,0.5382411640123205
39.35000154748559,-1.9499990679323673,0.5382411640123205,0.5158910638314256
39.35000154748559,-1.9999990686774254,0.5158910638314256,0.5382411640123205
39.40000154823065,-2.0499990694224834,0.5382411640123205,0.5158910638314256
39.40000154823065,-2.0999990701675415,0.5158910638314256,0.5280109997762609
39.450001548975706,-2.1499990709125996,0.5433034484420096,0.49641942423666396
39.450001548975706,-2.2499990724027157,0.5158910638314256,0.5382411640123205
39.500001549720764,-2.2999990731477737,0.5382411640123205,0.5158910638314256
39.500001549720764,-2.349999073892832,0.5158910638314256,0.5382411640123205
39.55000155046582,-2.39999907463789,0.5382411640123205,0.5158910638314256
39.55000155046582,-2.449999075382948,0.5158910638314256,0.5280109997762609
39.60000155121088,-2.499999076128006,0.5433034484420096,0.49641942423666396
39.60000155121088,-2.599999077618122,0.5158910638314256,0.5382411640123205
39.65000155195594,-2.64999907836318,0.5382411640123205,0.5158910638314256
39.65000155195594,-2.699999079108238,0.5158910638314256,0.5280109997762609
39.700001552700996,-2.7499990798532963,0.5382411640123205,0.49641942423666396
39.700001552700996,-2.7999990805983543,0.5158910638314256,0.5158910638314256
39.750001553446054,-2.8499990813434124,0.5433034484420096,0.4946222098231675
39.750001553446054,-2.9499990828335285,0.5158910638314256,0.5382411640123205
39.80000155419111,-2.9999990835785866,0.5382411640123205,0.5158910638314256
39.80000155419111,-3.0499990843236446,0.5158910638314256,0.5280109997762609
39.85000155493617,-3.0999990850687027,0.5433034484420096,0.49641942423666396
39.85000155493617,-3.199999086558819,0.5158910638314256,0.5382411640123205
39.90000155568123,-3.249999087303877,0.5382411640123205,0.5158910638314256
39.90000155568123,-3.299999088048935,0.5158910638314256,0.5382411640123205
39.95000155642629,-3.349999088793993,0.5382411640123205,0.5158910638314256
39.95000155642629,-3.399999089539051,0.5158910638314256,0.5280109997762609
40.000001557171345,-3.449999090284109,0.5433034484420096,0.49641942423666396
40.000001557171345,-3.5499990917742252,0.5158910638314256,0.5382411640123205
40.0500015579164,-3.5999990925192833,0.5382411640123205,0.5158910638314256
40.0500015579164,-3.6499990932643414,0.5158910638314256,0.5280109997762609
40.10000155866146,-3.6999990940093994,0.5382411640123205,0.49641942423666396
40.10000155866146,-3.7499990947544575,0.5158910638314256,0.5158910638314256
40.15000155940652,-3.7999990954995155,0.5433034484420096,0.4946222098231675
40.15000155940652,-3.8999990969896317,0.5158910638314256,0.5382411640123205
40.20000156015158,-3.9499990977346897,0.5382411640123205,0.5158910638314256
40.20000156015158,-3.9999990984797478,0.5158910638314256,0.5280109997762609
40.250001560896635,-4.049999099224806,0.5382411640123205,0.49641942423666396
40.250001560896635,-4.099999099969864,0.5158910638314256,0.5158910638314256
40.30000156164169,-4.149999100714922,0.5433034484420096,0.4946222098231675
40.30000156164169,-4.249999102205038,0.5158910638314256,0.5382411640123205
40.35000156238675,-4.299999102950096,0.5382411640123205,0.5158910638314256
40.35000156238675,-4.349999103695154,0.5158910638314256,0.5280109997762609
40.40000156313181,-4.399999104440212,0.5382411640123205,0.49641942423666396
40.40000156313181,-4.44999910518527,0.5158910638314256,0.5158910638314256
40.45000156387687,-4.499999105930328,0.5433034484420096,0.4946222098231675
40.45000156387687,-4.5999991074204445,0.5158910638314256,0.5280109997762609
40.500001564621925,-4.6499991081655025,0.5382411640123205,0.49641942423666396
40.500001564621925,-4.699999108910561,0.5158910638314256,0.5158910638314256
40.55000156536698,-4.749999109655619,0.5382411640123205,0.4946222098231675
40.55000156536698,-4.799999110400677,0.5158910638314256,0.5158910638314256
40.60000156611204,-4.849999111145735,0.5433034484420096,0.4946222098231675
40.60000156611204,-4.949999112635851,0.5158910638314256,0.5280109997762609
40.6500015668571,-4.999999113380909,0.5382411640123205,0.49641942423666396
40.6500015668571,-5.049999114125967,0.5158910638314256,0.5158910638314256
40.70000156760216,-5.099999114871025,0.5382411640123205,0.4946222098231675
40.70000156760216,-5.149999115616083,0.5158910638314256,0.5158910638314256
40.750001568347216,-5.199999116361141,0.5433034484420096,0.4946222098231675
40.750001568347216,-5.299999117851257,0.5158910638314256,0.5280109997762609
40.800001569092274,-5.349999118596315,0.5382411640123205,0.49641942423666396
40.800001569092274,-5.399999119341373,0.5158910638314256,0.5158910638314256
40.85000156983733,-5.4499991200864315,0.5382411640123205,0.4946222098231675
40.85000156983733,-5.549999121576548,0.49641942423666396,0.5280109997762609
40.90000157058239,-5.599999122321606,0.5280109997762609,0.49641942423666396
40.90000157058239,-5.649999123066664,0.5158910638314256,0.5158910638314256
40.95000157132745,-5.699999123811722,0.5382411640123205,0.4946222098231675
40.95000157132745,-5.74999912455678,0.5158910638314256,0.5158910638314256
41.000001572072506,-5.799999125301838,0.5433034484420096,0.4946222098231675
41.000001572072506,-5.899999126791954,0.5158910638314256,0.5280109997762609
41.050001572817564,-5.949999127537012,0.5382411640123205,0.49641942423666396
41.050001572817564,-5.99999912828207,0.5158910638314256,0.5158910638314256
41.10000157356262,-6.049999129027128,0.5382411640123205,0.4946222098231675
41.10000157356262,-6.099999129772186,0.5158910638314256,0.5158910638314256
41.15000157430768,-6.149999130517244,0.5433034484420096,0.4946222098231675
41.15000157430768,-6.2499991320073605,0.5158910638314256,0.5280109997762609
41.20000157505274,-6.2999991327524185,0.5382411640123205,0.49641942423666396
41.20000157505274,-6.349999133497477,0.5158910638314256,0.5158910638314256
41.250001575797796,-6.399999134242535,0.5382411640123205,0.4946222098231675
41.250001575797796,-6.499999135732651,0.49641942423666396,0.5280109997762609
41.300001576542854,-6.549999136477709,0.5280109997762609,0.49641942423666396
41.300001576542854,-6.599999137222767,0.5158910638314256,0.5158910638314256
41.35000157728791,-6.649999137967825,0.5382411640123205,0.4946222098231675
41.35000157728791,-6.699999138712883,0.5158910638314256,0.5158910638314256
41.40000157803297,-6.749999139457941,0.5382411640123205,0.4946222098231675
41.40000157803297,-6.849999140948057,0.49641942423666396,0.5280109997762609
41.45000157877803,-6.899999141693115,0.5280109997762609,0.49641942423666396
41.45000157877803,-6.949999142438173,0.5158910638314256,0.5158910638314256
41.50000157952309,-6.999999143183231,0.5382411640123205,0.4946222098231675
41.50000157952309,-7.0999991446733475,0.4946222098231675,0.5280109997762609
41.550001580268145,-7.1499991454184055,0.5158910638314256,0.49641942423666396
41.550001580268145,-7.199999146163464,0.49641942423666396,0.5158910638314256
41.6000015810132,-7.249999146908522,0.5280109997762609,0.4946222098231675
41.6000015810132,-7.29999914765358,0.5158910638314256,0.5158910638314256
41.65000158175826,-7.349999148398638,0.5382411640123205,0.4946222098231675
41.65000158175826,-7.449999149888754,0.4946222098231675,0.5280109997762609
41.70000158250332,-7.499999150633812,0.5158910638314256,0.49641942423666396
41.70000158250332,-7.54999915137887,0.49641942423666396,0.5158910638314256
41.75000158324838,-7.599999152123928,0.5280109997762609,0.4946222098231675
41.75000158324838,-7.649999152868986,0.5158910638314256,0.5158910638314256
41.800001583993435,-7.699999153614044,0.5382411640123205,0.4946222098231675
41.800001583993435,-7.79999915510416,0.4946222098231675,0.5280109997762609
41.85000158473849,-7.849999155849218,0.5158910638314256,0.49641942423666396
41.85000158473849,-7.899999156594276,0.49641942423666396,0.5158910638314256
41.90000158548355,-7.9499991573393345,0.5280109997762609,0.4946222098231675
41.90000158548355,-8.04999915882945,0.4946222098231675,0.5280109997762609
41.95000158622861,-8.099999159574509,0.5158910638314256,0.49641942423666396
41.95000158622861,-8.149999160319567,0.49641942423666396,0.5158910638314256
42.00000158697367,-8.199999161064625,0.5280109997762609,0.4946222098231675
42.00000158697367,-8.249999161809683,0.5158910638314256,0.5158910638314256
42.050001587718725,-8.299999162554741,0.5382411640123205,0.4946222098231675
42.050001587718725,-8.399999164044857,0.4946222098231675,0.5280109997762609
42.10000158846378,-8.449999164789915,0.5158910638314256,0.49641942423666396
42.10000158846378,-8.499999165534973,0.49641942423666396,0.5158910638314256
42.15000158920884,-8.549999166280031,0.5280109997762609,0.4946222098231675
42.15000158920884,-8.59999916702509,0.5158910638314256,0.5158910638314256
42.2000015899539,-8.649999167770147,0.5382411640123205,0.4946222098231675
42.2000015899539,-8.749999169260263,0.4946222098231675,0.5280109997762609
42.25000159069896,-8.799999170005322,0.5158910638314256,0.49641942423666396
42.25000159069896,-8.84999917075038,0.49641942423666396,0.5158910638314256
42.300001591444016,-8.899999171495438,0.5280109997762609,0.4946222098231675
42.300001591444016,-8.999999172985554,0.4946222098231675,0.5280109997762609
42.350001592189074,-9.049999173730612,0.5158910638314256,0.49641942423666396
42.350001592189074,-9.09999917447567,0.4946222098231675,0.5158910638314256
42.40000159293413,-9.149999175220728,0.5158910638314256,0.4946222098231675
42.40000159293413,-9.199999175965786,0.49641942423666396,0.5158910638314256
42.45000159367919,-9.249999176710844,0.5280109997762609,0.4946222098231675
42.45000159367919,-9.34999917820096,0.4946222098231675,0.5280109997762609
42.50000159442425,-9.399999178946018,0.5158910638314256,0.49641942423666396
42.50000159442425,-9.449999179691076,0.4946222098231675,0.5158910638314256
42.550001595169306,-9.499999180436134,0.5158910638314256,0.4946222098231675
42.550001595169306,-9.549999181181192,0.49641942423666396,0.5158910638314256
42.600001595914364,-9.59999918192625,0.5280109997762609,0.4946222098231675
42.600001595914364,-9.699999183416367,0.4946222098231675,0.5280109997762609
42.65000159665942,-9.749999184161425,0.5158910638314256,0.49641942423666396
42.65000159665942,-9.799999184906483,0.4946222098231675,0.5158910638314256
42.70000159740448,-9.84999918565154,0.5158910638314256,0.4946222098231675
42.70000159740448,-9.899999186396599,0.49641942423666396,0.5158910638314256
42.75000159814954,-9.949999187141657,0.5280109997762609,0.4800735355706574
42.75000159814954,-10.049999188631773,0.4946222098231675,0.5158910638314256
42.800001598894596,-10.099999189376831,0.5158910638314256,0.4946222098231675
42.800001598894596,-10.14999919012189,0.4946222098231675,0.5158910638314256
42.850001599639654,-10.199999190866947,0.5158910638314256,0.4946222098231675
42.850001599639654,-10.249999191612005,0.49641942423666396,0.5158910638314256
42.90000160038471,-10.299999192357063,0.5280109997762609,0.4800735355706574
42.90000160038471,-10.39999919384718,0.4946222098231675,0.5158910638314256
42.95000160112977,-10.449999194592237,0.5158910638314256,0.4946222098231675
42.95000160112977,-10.499999195337296,0.4946222098231675,0.5158910638314256
43.00000160187483,-10.549999196082354,0.5158910638314256,0.4946222098231675
43.00000160187483,-10.599999196827412,0.49641942423666396,0.5158910638314256
43.050001602619886,-10.64999919757247,0.5280109997762609,0.4800735355706574
43.050001602619886,-10.749999199062586,0.4946222098231675,0.5158910638314256
43.100001603364944,-10.799999199807644,0.5158910638314256,0.4946222098231675
43.100001603364944,-10.849999200552702,0.49641942423666396,0.5158910638314256
43.15000160411,-10.89999920129776,0.5280109997762609,0.4800735355706574
43.15000160411,-10.999999202787876,0.4946222098231675,0.5158910638314256
43.20000160485506,-11.049999203532934,0.5158910638314256,0.4946222098231675
43.20000160485506,-11.099999204277992,0.4946222098231675,0.5158910638314256
43.25000160560012,-11.14999920502305,0.5158910638314256,0.4946222098231675
43.25000160560012,-11.199999205768108,0.49641942423666396,0.5158910638314256
43.30000160634518,-11.249999206513166,0.5280109997762609,0.4800735355706574
43.30000160634518,-11.349999208003283,0.4946222098231675,0.5158910638314256
43.350001607090235,-11.39999920874834,0.5158910638314256,0.4946222098231675
43.350001607090235,-11.449999209493399,0.4946222098231675,0.5158910638314256
43.40000160783529,-11.499999210238457,0.5158910638314256,0.4946222098231675
43.40000160783529,-11.549999210983515,0.49641942423666396,0.5158910638314256
43.45000160858035,-11.599999211728573,0.5280109997762609,0.4800735355706574
43.45000160858035,-11.699999213218689,0.4946222098231675,0.5158910638314256
43.50000160932541,-11.749999213963747,0.5158910638314256,0.4946222098231675
43.50000160932541,-11.799999214708805,0.4946222098231675,0.5158910638314256
43.55000161007047,-11.849999215453863,0.5158910638314256,0.4800735355706574
43.55000161007047,-11.94999921694398,0.4800735355706574,0.5158910638314256
43.600001610815525,-11.999999217689037,0.5158910638314256,0.4946222098231675
43.600001610815525,-12.049999218434095,0.4946222098231675,0.5158910638314256
43.65000161156058,-12.099999219179153,0.5158910638314256,0.4946222098231675
43.65000161156058,-12.149999219924212,0.4946222098231675,0.5158910638314256
43.70000161230564,-12.19999922066927,0.5158910638314256,0.4800735355706574
43.70000161230564,-12.299999222159386,0.4800735355706574,0.5158910638314256
43.7500016130507,-12.349999222904444,0.5158910638314256,0.4946222098231675
43.7500016130507,-12.399999223649502,0.4946222098231675,0.5158910638314256
43.80000161379576,-12.44999922439456,0.5158910638314256,0.4946222098231675
43.80000161379576,-12.499999225139618,0.4946222098231675,0.5158910638314256
43.850001614540815,-12.549999225884676,0.5158910638314256,0.4800735355706574
43.850001614540815,-12.649999227374792,0.4800735355706574,0.5158910638314256
43.90000161528587,-12.69999922811985,0.5158910638314256,0.4946222098231675
43.90000161528587,-12.749999228864908,0.4946222098231675,0.5158910638314256
43.95000161603093,-12.799999229609966,0.5158910638314256,0.4800735355706574
43.95000161603093,-12.849999230355024,0.4946222098231675,0.49641942423666396
44.00000161677599,-12.899999231100082,0.5158910638314256,0.4708204032459398
44.00000161677599,-12.999999232590199,0.4800735355706574,0.5158910638314256
44.05000161752105,-13.049999233335257,0.5158910638314256,0.4946222098231675
44.05000161752105,-13.099999234080315,0.4946222098231675,0.5158910638314256
44.100001618266106,-13.149999234825373,0.5158910638314256,0.4800735355706574
44.100001618266106,-13.249999236315489,0.4800735355706574,0.5158910638314256
44.150001619011164,-13.299999237060547,0.5158910638314256,0.4946222098231675
44.150001619011164,-13.349999237805605,0.4946222098231675,0.5158910638314256
44.20000161975622,-13.399999238550663,0.5158910638314256,0.4800735355706574
44.20000161975622,-13.449999239295721,0.4946222098231675,0.49641942423666396
44.25000162050128,-13.49999924004078,0.5158910638314256,0.4708204032459398
44.25000162050128,-13.599999241530895,0.4800735355706574,0.5158910638314256
44.30000162124634,-13.649999242275953,0.5158910638314256,0.4946222098231675
44.30000162124634,-13.699999243021011,0.4946222098231675,0.5158910638314256
44.350001621991396,-13.74999924376607,0.5158910638314256,0.4800735355706574
44.350001621991396,-13.799999244511127,0.4946222098231675,0.49641942423666396
44.400001622736454,-13.849999245256186,0.5158910638314256,0.4708204032459398
44.400001622736454,-13.949999246746302,0.4800735355706574,0.5158910638314256
44.45000162348151,-13.99999924749136,0.5158910638314256,0.4946222098231675
44.45000162348151,-14.049999248236418,0.4946222098231675,0.5158910638314256
44.50000162422657,-14.099999248981476,0.5158910638314256,0.4800735355706574
44.50000162422657,-14.149999249726534,0.4946222098231675,0.49641942423666396
44.55000162497163,-14.199999250471592,0.5158910638314256,0.4708204032459398
44.55000162497163,-14.299999251961708,0.4800735355706574,0.5158910638314256
44.600001625716686,-14.349999252706766,0.5158910638314256,0.4800735355706574
44.600001625716686,-14.399999253451824,0.4946222098231675,0.49641942423666396
44.650001626461744,-14.449999254196882,0.5158910638314256,0.4708204032459398
44.650001626461744,-14.49999925494194,0.4946222098231675,0.4946222098231675
44.7000016272068,-14.549999255686998,0.5158910638314256,0.4708204032459398
44.7000016272068,-14.649999257177114,0.4800735355706574,0.5158910638314256
44.75000162795186,-14.699999257922173,0.5158910638314256,0.4800735355706574
44.75000162795186,-14.74999925866723,0.4946222098231675,0.49641942423666396
44.80000162869692,-14.799999259412289,0.5158910638314256,0.4708204032459398
44.80000162869692,-14.849999260157347,0.4946222098231675,0.4946222098231675
44.85000162944198,-14.899999260902405,0.5158910638314256,0.4708204032459398
44.85000162944198,-14.999999262392521,0.4800735355706574,0.5158910638314256
44.900001630187035,-15.049999263137579,0.5158910638314256,0.4800735355706574
44.900001630187035,-15.099999263882637,0.4946222098231675,0.49641942423666396
44.95000163093209,-15.149999264627695,0.5158910638314256,0.4708204032459398
44.95000163093209,-15.199999265372753,0.4946222098231675,0.4946222098231675
45.00000163167715,-15.249999266117811,0.5158910638314256,0.4670832131466311
45.00000163167715,-15.349999267607927,0.4800735355706574,0.49641942423666396
45.05000163242221,-15.399999268352985,0.5158910638314256,0.4708204032459398
45.05000163242221,-15.449999269098043,0.4946222098231675,0.4946222098231675
45.10000163316727,-15.499999269843102,0.5158910638314256,0.4708204032459398
45.10000163316727,-15.599999271333218,0.4800735355706574,0.5158910638314256
45.150001633912325,-15.649999272078276,0.5158910638314256,0.4800735355706574
45.150001633912325,-15.699999272823334,0.4946222098231675,0.49641942423666396
45.20000163465738,-15.749999273568392,0.5158910638314256,0.4708204032459398
45.20000163465738,-15.79999927431345,0.4946222098231675,0.4946222098231675
45.25000163540244,-15.849999275058508,0.5158910638314256,0.4708204032459398
45.25000163540244,-15.949999276548624,0.4800735355706574,0.5158910638314256
45.3000016361475,-15.999999277293682,0.5158910638314256,0.4800735355706574
45.3000016361475,-16.04999927803874,0.4946222098231675,0.49641942423666396
45.35000163689256,-16.099999278783798,0.5158910638314256,0.4708204032459398
45.35000163689256,-16.149999279528856,0.4946222098231675,0.4946222098231675
45.400001637637615,-16.199999280273914,0.5158910638314256,0.4670832131466311
45.400001637637615,-16.29999928176403,0.4800735355706574,0.49641942423666396
45.45000163838267,-16.34999928250909,0.5158910638314256,0.4708204032459398
45.45000163838267,-16.399999283254147,0.4946222098231675,0.4946222098231675
45.50000163912773,-16.449999283999205,0.5158910638314256,0.4708204032459398
45.50000163912773,-16.499999284744263,0.4946222098231675,0.4946222098231675
45.55000163987279,-16.54999928548932,0.5158910638314256,0.4670832131466311
45.55000163987279,-16.649999286979437,0.4800735355706574,0.49641942423666396
45.60000164061785,-16.699999287724495,0.5158910638314256,0.4708204032459398
45.60000164061785,-16.749999288469553,0.4946222098231675,0.4946222098231675
45.650001641362906,-16.79999928921461,0.5158910638314256,0.4708204032459398
45.650001641362906,-16.84999928995967,0.4946222098231675,0.4946222098231675
45.700001642107964,-16.899999290704727,0.5158910638314256,0.4670832131466311
45.700001642107964,-16.999999292194843,0.4800735355706574,0.49641942423666396
45.75000164285302,-17.0499992929399,0.5158910638314256,0.4708204032459398
45.75000164285302,-17.09999929368496,0.4946222098231675,0.4946222098231675
45.80000164359808,-17.149999294430017,0.5158910638314256,0.4670832131466311
45.80000164359808,-17.249999295920134,0.4708204032459398,0.49641942423666396
45.85000164434314,-17.29999929666519,0.49641942423666396,0.4708204032459398
45.85000164434314,-17.34999929741025,0.4800735355706574,0.4946222098231675
45.900001645088196,-17.399999298155308,0.5158910638314256,0.4708204032459398
45.900001645088196,-17.449999298900366,0.4946222098231675,0.4946222098231675
45.950001645833254,-17.499999299645424,0.5158910638314256,0.4670832131466311
45.950001645833254,-17.59999930113554,0.4708204032459398,0.49641942423666396
46.00000164657831,-17.649999301880598,0.49641942423666396,0.4708204032459398
46.00000164657831,-17.699999302625656,0.4800735355706574,0.4946222098231675
46.05000164732337,-17.749999303370714,0.5158910638314256,0.4708204032459398
46.05000164732337,-17.799999304115772,0.4946222098231675,0.4946222098231675
46.10000164806843,-17.84999930486083,0.5158910638314256,0.4670832131466311
46.10000164806843,-17.949999306350946,0.4708204032459398,0.49641942423666396
46.150001648813486,-17.999999307096004,0.49641942423666396,0.4708204032459398
46.150001648813486,-18.049999307841063,0.4800735355706574,0.4946222098231675
46.200001649558544,-18.09999930858612,0.5158910638314256,0.4670832131466311
46.200001649558544,-18.199999310076237,0.4708204032459398,0.49641942423666396
46.2500016503036,-18.249999310821295,0.49641942423666396,0.4708204032459398
46.2500016503036,-18.299999311566353,0.4800735355706574,0.4946222098231675
46.30000165104866,-18.34999931231141,0.5158910638314256,0.4708204032459398
46.30000165104866,-18.39999931305647,0.4946222098231675,0.4946222098231675
46.35000165179372,-18.449999313801527,0.5158910638314256,0.4670832131466311
46.35000165179372,-18.549999315291643,0.4708204032459398,0.49641942423666396
46.400001652538776,-18.5999993160367,0.49641942423666396,0.4708204032459398
46.400001652538776,-18.64999931678176,0.4800735355706574,0.4946222098231675
46.450001653283834,-18.699999317526817,0.5158910638314256,0.4670832131466311
46.450001653283834,-18.799999319016933,0.4708204032459398,0.49641942423666396
46.50000165402889,-18.84999931976199,0.4946222098231675,0.4708204032459398
46.50000165402889,-18.89999932050705,0.4708204032459398,0.4946222098231675
46.55000165477395,-18.949999321252108,0.49641942423666396,0.4708204032459398
46.55000165477395,-18.999999321997166,0.4800735355706574,0.4946222098231675
46.60000165551901,-19.049999322742224,0.5158910638314256,0.4670832131466311
46.60000165551901,-19.14999932423234,0.4708204032459398,0.49641942423666396
46.65000165626407,-19.199999324977398,0.4946222098231675,0.4708204032459398
46.65000165626407,-19.249999325722456,0.4708204032459398,0.4946222098231675
46.700001657009125,-19.299999326467514,0.49641942423666396,0.4708204032459398
46.700001657009125,-19.349999327212572,0.4800735355706574,0.4946222098231675
46.75000165775418,-19.39999932795763,0.5158910638314256,0.4670832131466311
46.75000165775418,-19.499999329447746,0.4708204032459398,0.49641942423666396
46.80000165849924,-19.549999330192804,0.4946222098231675,0.4708204032459398
46.80000165849924,-19.599999330937862,0.4708204032459398,0.4946222098231675
46.8500016592443,-19.64999933168292,0.49641942423666396,0.4670832131466311
46.8500016592443,-19.749999333173037,0.4670832131466311,0.49641942423666396
46.90000165998936,-19.799999333918095,0.49641942423666396,0.4708204032459398
46.90000165998936,-19.849999334663153,0.4800735355706574,0.4946222098231675
46.950001660734415,-19.89999933540821,0.5158910638314256,0.4670832131466311
46.950001660734415,-19.999999336898327,0.4800735355706574,0.49641942423666396
47.00000166147947,-20.049999337643385,0.5158910638314256,0.4670832131466311
47.00000166147947,-20.1499993391335,0.4800735355706574,0.49641942423666396
47.05000166222453,-20.19999933987856,0.5158910638314256,0.4670832131466311
47.05000166222453,-20.299999341368675,0.4800735355706574,0.49641942423666396
47.10000166296959,-20.349999342113733,0.5158910638314256,0.4670832131466311
47.10000166296959,-20.44999934360385,0.4708204032459398,0.49641942423666396
47.15000166371465,-20.499999344348907,0.49641942423666396,0.4670832131466311
47.15000166371465,-20.599999345839024,0.4670832131466311,0.49641942423666396
47.200001664459705,-20.64999934658408,0.49641942423666396,0.4670832131466311
47.200001664459705,-20.749999348074198,0.4670832131466311,0.49641942423666396
47.25000166520476,-20.799999348819256,0.49641942423666396,0.4670832131466311
47.25000166520476,-20.899999350309372,0.4670832131466311,0.49641942423666396
47.30000166594982,-20.94999935105443,0.49641942423666396,0.4670832131466311
47.30000166594982,-21.049999352544546,0.4670832131466311,0.49641942423666396
47.35000166669488,-21.099999353289604,0.4946222098231675,0.4670832131466311
47.35000166669488,-21.149999354034662,0.4708204032459398,0.4800735355706574
47.40000166743994,-21.19999935477972,0.49641942423666396,0.4500000096857548
47.40000166743994,-21.299999356269836,0.4670832131466311,0.4800735355706574
47.450001668184996,-21.349999357014894,0.49641942423666396,0.4500000096857548
47.450001668184996,-21.49999935925007,0.4500000096857548,0.4800735355706574
47.500001668930054,-21.549999359995127,0.4800735355706574,0.4500000096857548
47.500001668930054,-21.6999993622303,0.4324555414579977,0.4670832131466311
47.55000166967511,-21.74999936297536,0.4670832131466311,0.4324555414579977
47.55000166967511,-21.94999936595559,0.4500000096857548,0.4670832131466311
47.60000167042017,-21.99999936670065,0.4800735355706574,0.4324555414579977
47.60000167042017,-22.19999936968088,0.4500000096857548,0.4670832131466311
47.65000167116523,-22.24999937042594,0.4800735355706574,0.4324555414579977
47.65000167116523,-22.49999937415123,0.4500000096857548,0.49641942423666396
47.700001671910286,-22.549999374896288,0.4800735355706574,0.45192025023463345
47.700001671910286,-22.74999937787652,0.4500000096857548,0.49641942423666396
47.750001672655344,-22.799999378621578,0.49641942423666396,0.45192025023463345
47.750001672655344,-22.99999938160181,0.45192025023463345,0.49641942423666396
47.8000016734004,-23.04999938234687,0.49641942423666396,0.4576473316980041
47.8000016734004,-23.2499993853271,0.45192025023463345,0.5017834528382981
47.85000167414546,-23.29999938607216,0.5000000104308129,0.4576473316980041
47.85000167414546,-23.49999938905239,0.4576473316980041,0.5017834528382981
47.90000167489052,-23.54999938979745,0.5017834528382981,0.4576473316980041
47.90000167489052,-23.74999939277768,0.4670832131466311,0.5017834528382981
47.950001675635576,-23.79999939352274,0.5071067917232597,0.4576473316980041
47.950001675635576,-24.099999397993088,0.45192025023463345,0.5000000104308129
48.000001676380634,-24.149999398738146,0.5000000104308129,0.4500000096857548
48.000001676380634,-24.949999410659075,0.45192025023463345,0.5000000104308129
48.05000167712569,-24.999999411404133,0.5000000104308129,0.45192025023463345
48.05000167712569,-25.949999425560236,0.5000000104308129,0.5500000111758709
48.10000167787075,-25.999999426305294,0.5500000111758709,0.5000000104308129
48.10000167787075,-26.699999436736107,0.5500000111758709,0.5000000104308129
48.05000167712569,-26.749999437481165,0.5000000104308129,0.5433034484420096
48.05000167712569,-27.39999944716692,0.5500000111758709,0.5000000104308129
48.000001676380634,-27.449999447911978,0.5000000104308129,0.5433034484420096
48.000001676380634,-27.999999456107616,0.5566373087958522,0.5000000104308129
47.950001675635576,-28.049999456852674,0.5158910638314256,0.5500000111758709
47.950001675635576,-28.44999946281314,0.5566373087958522,0.5000000104308129
47.90000167489052,-28.499999463558197,0.5158910638314256,0.5500000111758709
47.90000167489052,-28.799999468028545,0.5566373087958522,0.5017834528382981
47.85000167414546,-28.849999468773603,0.5158910638314256,0.5433034484420096
47.85000167414546,-28.999999471008778,0.5615773219347772,0.5071067917232597
47.8000016734004,-29.049999471753836,0.5280109997762609,0.5433034484420096
47.8000016734004,-29.19999947398901,0.5648529384361146,0.5071067917232597
47.750001672655344,-29.249999474734068,0.5280109997762609,0.551664830119324
47.750001672655344,-29.4499994777143,0.5762087463794127,0.5071067917232597
47.700001671910286,-29.499999478459358,0.5433034484420096,0.5433034484420096
47.700001671910286,-29.599999479949474,0.5762087463794127,0.5158910638314256
47.65000167116523,-29.649999480694532,0.5433034484420096,0.5566373087958522
47.65000167116523,-29.799999482929707,0.5762087463794127,0.5158910638314256
47.60000167042017,-29.849999483674765,0.5433034484420096,0.5566373087958522
47.60000167042017,-29.99999948590994,0.5762087463794127,0.5280109997762609
47.55000166967511,-30.049999486654997,0.5433034484420096,0.5648529384361146
47.55000166967511,-30.19999948889017,0.5762087463794127,0.5280109997762609
47.500001668930054,-30.24999948963523,0.5433034484420096,0.5648529384361146
47.500001668930054,-30.399999491870403,0.590569426822497,0.5433034484420096
47.450001668184996,-30.44999949261546,0.5566373087958522,0.5762087463794127
47.450001668184996,-30.599999494850636,0.590569426822497,0.5433034484420096
47.40000166743994,-30.649999495595694,0.5566373087958522,0.5762087463794127
47.40000166743994,-30.799999497830868,0.590569426822497,0.5382411640123205
47.35000166669488,-30.849999498575926,0.5615773219347772,0.5615773219347772
47.35000166669488,-30.949999500066042,0.590569426822497,0.5280109997762609
47.30000166594982,-30.9999995008111,0.5615773219347772,0.5615773219347772
47.30000166594982,-31.099999502301216,0.6062257868435552,0.5158910638314256
47.25000166520476,-31.149999503046274,0.5762087463794127,0.5433034484420096
47.25000166520476,-31.199999503791332,0.590569426822497,0.5280109997762609
47.200001664459705,-31.24999950453639,0.5615773219347772,0.5615773219347772
47.200001664459705,-31.349999506026506,0.6062257868435552,0.5158910638314256
47.15000166371465,-31.399999506771564,0.5762087463794127,0.5433034484420096
47.15000166371465,-31.449999507516623,0.590569426822497,0.5280109997762609
47.10000166296959,-31.49999950826168,0.5615773219347772,0.5615773219347772
47.10000166296959,-31.599999509751797,0.590569426822497,0.5280109997762609
47.05000166222453,-31.649999510496855,0.5615773219347772,0.5615773219347772
47.05000166222453,-31.74999951198697,0.6062257868435552,0.5158910638314256
47.00000166147947,-31.79999951273203,0.5762087463794127,0.5433034484420096
47.00000166147947,-31.849999513477087,0.590569426822497,0.5280109997762609
46.950001660734415,-31.899999514222145,0.5615773219347772,0.5615773219347772
46.950001660734415,-31.99999951571226,0.6062257868435552,0.5158910638314256
46.90000165998936,-32.04999951645732,0.5762087463794127,0.5433034484420096
46.90000165998936,-32.09999951720238,0.590569426822497,0.5280109997762609
46.8500016592443,-32.149999517947435,0.5615773219347772,0.5615773219347772
46.8500016592443,-32.24999951943755,0.6062257868435552,0.5280109997762609
46.80000165849924,-32.29999952018261,0.5762087463794127,0.5615773219347772
46.80000165849924,-32.34999952092767,0.590569426822497,0.5382411640123205
46.75000165775418,-32.399999521672726,0.5615773219347772,0.5615773219347772
46.75000165775418,-32.49999952316284,0.6062257868435552,0.5280109997762609
46.700001657009125,-32.5499995239079,0.5762087463794127,0.5615773219347772
46.700001657009125,-32.59999952465296,0.590569426822497,0.5382411640123205
46.65000165626407,-32.649999525398016,0.5615773219347772,0.5615773219347772
46.65000165626407,-32.74999952688813,0.6062257868435552,0.5280109997762609
46.60000165551901,-32.79999952763319,0.5762087463794127,0.5615773219347772
46.60000165551901,-32.84999952837825,0.590569426822497,0.5382411640123205
46.55000165477395,-32.899999529123306,0.5615773219347772,0.5615773219347772
46.55000165477395,-32.99999953061342,0.590569426822497,0.5158910638314256
46.50000165402889,-33.04999953135848,0.5615773219347772,0.5382411640123205
46.50000165402889,-33.09999953210354,0.5826238037869298,0.5158910638314256
46.450001653283834,-33.1499995328486,0.5615773219347772,0.5382411640123205
46.450001653283834,-33.199999533593655,0.5826238037869298,0.5158910638314256
46.400001652538776,-33.24999953433871,0.5615773219347772,0.5433034484420096
46.400001652538776,-33.29999953508377,0.5826238037869298,0.5280109997762609
46.35000165179372,-33.34999953582883,0.5615773219347772,0.5615773219347772
46.35000165179372,-33.449999537318945,0.6062257868435552,0.5158910638314256
46.30000165104866,-33.499999538064,0.5826238037869298,0.5382411640123205
46.30000165104866,-33.54999953880906,0.6062257868435552,0.5158910638314256
46.2500016503036,-33.59999953955412,0.5826238037869298,0.5382411640123205
46.2500016503036,-33.64999954029918,0.6062257868435552,0.5158910638314256
46.200001649558544,-33.699999541044235,0.5762087463794127,0.5382411640123205
46.200001649558544,-33.74999954178929,0.590569426822497,0.5158910638314256
46.150001648813486,-33.79999954253435,0.5615773219347772,0.5382411640123205
46.150001648813486,-33.84999954327941,0.5826238037869298,0.5158910638314256
46.10000164806843,-33.89999954402447,0.5615773219347772,0.5382411640123205
46.10000164806843,-33.949999544769526,0.5826238037869298,0.5158910638314256
46.05000164732337,-33.999999545514584,0.5615773219347772,0.5382411640123205
46.05000164732337,-34.04999954625964,0.5826238037869298,0.5158910638314256
46.00000164657831,-34.0999995470047,0.5615773219347772,0.5382411640123205
46.00000164657831,-34.14999954774976,0.5826238037869298,0.5158910638314256
45.950001645833254,-34.199999548494816,0.5615773219347772,0.5382411640123205
45.950001645833254,-34.249999549239874,0.5826238037869298,0.5158910638314256
45.900001645088196,-34.29999954998493,0.5615773219347772,0.5433034484420096
45.900001645088196,-34.34999955072999,0.5826238037869298,0.5280109997762609
45.85000164434314,-34.39999955147505,0.5615773219347772,0.5615773219347772
45.85000164434314,-34.499999552965164,0.6062257868435552,0.5158910638314256
45.80000164359808,-34.54999955371022,0.5826238037869298,0.5382411640123205
45.80000164359808,-34.59999955445528,0.6062257868435552,0.5158910638314256
45.75000164285302,-34.64999955520034,0.5826238037869298,0.5382411640123205
45.75000164285302,-34.699999555945396,0.6062257868435552,0.5158910638314256
45.700001642107964,-34.749999556690454,0.5762087463794127,0.5382411640123205
45.700001642107964,-34.79999955743551,0.590569426822497,0.5158910638314256
45.650001641362906,-34.84999955818057,0.5615773219347772,0.5382411640123205
45.650001641362906,-34.89999955892563,0.5826238037869298,0.5158910638314256
45.60000164061785,-34.94999955967069,0.5615773219347772,0.5382411640123205
45.60000164061785,-34.999999560415745,0.5826238037869298,0.5158910638314256
45.55000163987279,-35.0499995611608,0.5615773219347772,0.5382411640123205
45.55000163987279,-35.09999956190586,0.5826238037869298,0.5158910638314256
45.50000163912773,-35.14999956265092,0.5615773219347772,0.5382411640123205
45.50000163912773,-35.19999956339598,0.5826238037869298,0.5158910638314256
45.45000163838267,-35.249999564141035,0.5615773219347772,0.5382411640123205
45.45000163838267,-35.29999956488609,0.5826238037869298,0.5158910638314256
45.400001637637615,-35.34999956563115,0.5615773219347772,0.5433034484420096
45.400001637637615,-35.39999956637621,0.5826238037869298,0.5280109997762609
45.35000163689256,-35.44999956712127,0.5615773219347772,0.5615773219347772
45.35000163689256,-35.54999956861138,0.6062257868435552,0.5158910638314256
45.3000016361475,-35.59999956935644,0.5826238037869298,0.5382411640123205
45.3000016361475,-35.6499995701015,0.6062257868435552,0.5158910638314256
45.25000163540244,-35.69999957084656,0.5826238037869298,0.5382411640123205
45.25000163540244,-35.749999571591616,0.6062257868435552,0.5158910638314256
45.20000163465738,-35.799999572336674,0.5762087463794127,0.5382411640123205
45.20000163465738,-35.84999957308173,0.590569426822497,0.5158910638314256
45.150001633912325,-35.89999957382679,0.5615773219347772,0.5382411640123205
45.150001633912325,-35.94999957457185,0.5826238037869298,0.5158910638314256
45.10000163316727,-35.999999575316906,0.5615773219347772,0.5382411640123205
45.10000163316727,-36.049999576061964,0.5826238037869298,0.5158910638314256
45.05000163242221,-36.09999957680702,0.5615773219347772,0.5382411640123205
45.05000163242221,-36.14999957755208,0.5826238037869298,0.5158910638314256
45.00000163167715,-36.19999957829714,0.5615773219347772,0.5382411640123205
45.00000163167715,-36.249999579042196,0.5826238037869298,0.5158910638314256
44.95000163093209,-36.299999579787254,0.5615773219347772,0.5382411640123205
44.95000163093209,-36.34999958053231,0.5826238037869298,0.5158910638314256
44.900001630187035,-36.39999958127737,0.5615773219347772,0.5382411640123205
44.900001630187035,-36.44999958202243,0.5826238037869298,0.5158910638314256
44.85000162944198,-36.49999958276749,0.5615773219347772,0.5382411640123205
44.85000162944198,-36.549999583512545,0.5826238037869298,0.5158910638314256
44.80000162869692,-36.5999995842576,0.5615773219347772,0.5382411640123205
44.80000162869692,-36.64999958500266,0.5826238037869298,0.5158910638314256
44.75000162795186,-36.69999958574772,0.5615773219347772,0.5382411640123205
44.75000162795186,-36.74999958649278,0.5826238037869298,0.5158910638314256
44.7000016272068,-36.799999587237835,0.5615773219347772,0.5382411640123205
44.7000016272068,-36.84999958798289,0.5826238037869298,0.5158910638314256
44.650001626461744,-36.89999958872795,0.5615773219347772,0.5382411640123205
44.650001626461744,-36.94999958947301,0.5826238037869298,0.5158910638314256
44.600001625716686,-36.99999959021807,0.5615773219347772,0.5382411640123205
44.600001625716686,-37.049999590963125,0.5826238037869298,0.5158910638314256
44.55000162497163,-37.09999959170818,0.5615773219347772,0.5382411640123205
44.55000162497163,-37.14999959245324,0.5826238037869298,0.5158910638314256
44.50000162422657,-37.1999995931983,0.5615773219347772,0.5382411640123205
44.50000162422657,-37.24999959394336,0.5826238037869298,0.5158910638314256
44.45000162348151,-37.299999594688416,0.5615773219347772,0.5382411640123205
44.45000162348151,-37.349999595433474,0.5826238037869298,0.5158910638314256
44.400001622736454,-37.39999959617853,0.5615773219347772,0.5382411640123205
44.400001622736454,-37.44999959692359,0.5826238037869298,0.5158910638314256
44.350001621991396,-37.49999959766865,0.5615773219347772,0.5382411640123205
44.350001621991396,-37.549999598413706,0.5826238037869298,0.5158910638314256
44.30000162124634,-37.599999599158764,0.5615773219347772,0.5382411640123205
44.30000162124634,-37.64999959990382,0.5826238037869298,0.5106335307668594
44.25000162050128,-37.69999960064888,0.563216887496505,0.5211102658381779
44.25000162050128,-37.74999960139394,0.590569426822497,0.4946222098231675
44.150001619011164,-37.849999602884054,0.5615773219347772,0.5382411640123205
44.150001619011164,-37.89999960362911,0.5826238037869298,0.5158910638314256
44.100001618266106,-37.94999960437417,0.5615773219347772,0.5382411640123205
44.100001618266106,-37.99999960511923,0.5826238037869298,0.5158910638314256
44.05000161752105,-38.049999605864286,0.5615773219347772,0.5382411640123205
44.05000161752105,-38.099999606609344,0.5826238037869298,0.5158910638314256
44.00000161677599,-38.1499996073544,0.5615773219347772,0.5382411640123205
44.00000161677599,-38.19999960809946,0.5826238037869298,0.5158910638314256
43.95000161603093,-38.24999960884452,0.5615773219347772,0.5382411640123205
43.95000161603093,-38.29999960958958,0.5826238037869298,0.5158910638314256
43.90000161528587,-38.349999610334635,0.5615773219347772,0.5382411640123205
43.90000161528587,-38.39999961107969,0.5826238037869298,0.5158910638314256
43.850001614540815,-38.44999961182475,0.5615773219347772,0.5382411640123205
43.850001614540815,-38.49999961256981,0.5826238037869298,0.5158910638314256
43.80000161379576,-38.54999961331487,0.563216887496505,0.5382411640123205
43.80000161379576,-38.599999614059925,0.590569426822497,0.5106335307668594
43.7500016130507,-38.64999961480498,0.5810249792288443,0.5211102658381779
43.7500016130507,-38.69999961555004,0.6062257868435552,0.4946222098231675
43.65000161156058,-38.79999961704016,0.5615773219347772,0.5211102658381779
43.65000161156058,-38.849999617785215,0.5826238037869298,0.4946222098231675
43.600001610815525,-38.89999961853027,0.563216887496505,0.5106335307668594
43.600001610815525,-38.94999961927533,0.590569426822497,0.4800735355706574
43.50000160932541,-39.04999962076545,0.5615773219347772,0.5158910638314256
43.50000160932541,-39.099999621510506,0.5826238037869298,0.4946222098231675
43.45000160858035,-39.149999622255564,0.563216887496505,0.5106335307668594
43.45000160858035,-39.19999962300062,0.590569426822497,0.4800735355706574
43.350001607090235,-39.29999962449074,0.563216887496505,0.5106335307668594
43.350001607090235,-39.349999625235796,0.590569426822497,0.4800735355706574
43.25000160560012,-39.44999962672591,0.5615773219347772,0.5158910638314256
43.25000160560012,-39.49999962747097,0.5826238037869298,0.4946222098231675
43.20000160485506,-39.54999962821603,0.563216887496505,0.5106335307668594
43.20000160485506,-39.599999628961086,0.590569426822497,0.4800735355706574
43.100001603364944,-39.6999996304512,0.563216887496505,0.5106335307668594
43.100001603364944,-39.74999963119626,0.590569426822497,0.4800735355706574
43.00000160187483,-39.84999963268638,0.5615773219347772,0.5158910638314256
43.00000160187483,-39.899999633431435,0.5826238037869298,0.4946222098231675
42.95000160112977,-39.94999963417649,0.563216887496505,0.5106335307668594
42.95000160112977,-39.99999963492155,0.590569426822497,0.4800735355706574
42.850001599639654,-40.09999963641167,0.563216887496505,0.5106335307668594
42.850001599639654,-40.149999637156725,0.590569426822497,0.4800735355706574
42.75000159814954,-40.24999963864684,0.5615773219347772,0.5158910638314256
42.75000159814954,-40.2999996393919,0.5826238037869298,0.4946222098231675
42.70000159740448,-40.34999964013696,0.563216887496505,0.5106335307668594
42.70000159740448,-40.399999640882015,0.590569426822497,0.4800735355706574
42.600001595914364,-40.49999964237213,0.563216887496505,0.5106335307668594
42.600001595914364,-40.54999964311719,0.590569426822497,0.4800735355706574
42.50000159442425,-40.649999644607306,0.5615773219347772,0.5158910638314256
42.50000159442425,-40.699999645352364,0.5826238037869298,0.4946222098231675
42.45000159367919,-40.74999964609742,0.563216887496505,0.5106335307668594
42.45000159367919,-40.79999964684248,0.590569426822497,0.4800735355706574
42.350001592189074,-40.899999648332596,0.563216887496505,0.5106335307668594
42.350001592189074,-40.949999649077654,0.590569426822497,0.4800735355706574
42.25000159069896,-41.04999965056777,0.563216887496505,0.5158910638314256
42.25000159069896,-41.09999965131283,0.590569426822497,0.4946222098231675
42.15000158920884,-41.199999652802944,0.5615773219347772,0.5211102658381779
42.15000158920884,-41.249999653548,0.5826238037869298,0.4946222098231675
42.10000158846378,-41.29999965429306,0.563216887496505,0.5071067917232597
42.10000158846378,-41.34999965503812,0.590569426822497,0.47268121237741656
41.95000158622861,-41.49999965727329,0.563216887496505,0.5071067917232597
41.95000158622861,-41.54999965801835,0.590569426822497,0.4717514521370966
41.75000158324838,-41.74999966099858,0.563216887496505,0.5071067917232597
41.75000158324838,-41.79999966174364,0.590569426822497,0.47268121237741656
41.6000015810132,-41.949999663978815,0.563216887496505,0.5071067917232597
41.6000015810132,-41.99999966472387,0.590569426822497,0.4717514521370966
41.40000157803297,-42.199999667704105,0.563216887496505,0.5071067917232597
41.40000157803297,-42.24999966844916,0.590569426822497,0.47268121237741656
41.250001575797796,-42.39999967068434,0.563216887496505,0.5071067917232597
41.250001575797796,-42.449999671429396,0.590569426822497,0.4717514521370966
41.050001572817564,-42.64999967440963,0.563216887496505,0.5071067917232597
41.050001572817564,-42.699999675154686,0.590569426822497,0.4717514521370966
40.85000156983733,-42.89999967813492,0.5500000111758709,0.5071067917232597
40.85000156983733,-42.949999678879976,0.5810249792288443,0.47268121237741656
40.70000156760216,-43.09999968111515,0.563216887496505,0.5071067917232597
40.70000156760216,-43.14999968186021,0.590569426822497,0.4717514521370966
40.500001564621925,-43.34999968484044,0.563216887496505,0.5071067917232597
40.500001564621925,-43.3999996855855,0.590569426822497,0.47268121237741656
40.35000156238675,-43.54999968782067,0.563216887496505,0.5071067917232597
40.35000156238675,-43.59999968856573,0.590569426822497,0.4717514521370966
40.15000155940652,-43.79999969154596,0.563216887496505,0.5071067917232597
40.15000155940652,-43.84999969229102,0.590569426822497,0.47268121237741656
39.85000155493617,-44.14999969676137,0.563216887496505,0.5106335307668594
39.85000155493617,-44.19999969750643,0.590569426822497,0.4800735355706574
39.55000155046582,-44.499999701976776,0.563216887496505,0.5071067917232597
39.55000155046582,-44.549999702721834,0.590569426822497,0.47268121237741656
39.250001545995474,-44.84999970719218,0.563216887496505,0.5071067917232597
39.250001545995474,-44.89999970793724,0.590569426822497,0.4717514521370966
38.90000154078007,-45.24999971315265,0.563216887496505,0.5071067917232597
38.90000154078007,-45.299999713897705,0.590569426822497,0.4717514521370966
38.60000153630972,-45.59999971836805,0.563216887496505,0.5071067917232597
38.60000153630972,-45.64999971911311,0.590569426822497,0.4717514521370966
38.25000153109431,-45.99999972432852,0.563216887496505,0.5071067917232597
38.25000153109431,-46.049999725073576,0.590569426822497,0.4717514521370966
37.950001526623964,-46.349999729543924,0.563216887496505,0.5071067917232597
37.950001526623964,-46.39999973028898,0.590569426822497,0.4717514521370966
37.60000152140856,-46.74999973550439,0.563216887496505,0.5071067917232597
37.60000152140856,-46.79999973624945,0.590569426822497,0.4717514521370966
37.30000151693821,-47.099999740719795,0.563216887496505,0.5071067917232597
37.30000151693821,-47.14999974146485,0.590569426822497,0.4717514521370966
36.9500015117228,-47.49999974668026,0.5500000111758709,0.5071067917232597
36.9500015117228,-47.54999974742532,0.5810249792288443,0.4717514521370966
36.30000150203705,-48.19999975711107,0.5778174708955855,0.5211102658381779
36.30000150203705,-48.24999975785613,0.6131728104817487,0.4946222098231675
34.550001475960016,-49.99999978393316,0.6200609855626972,0.5071067917232597
34.50000147521496,-49.99999978393316,0.590569426822497,0.5424621313094227
34.300001472234726,-50.199999786913395,0.6200609855626972,0.5071067917232597
34.25000147148967,-50.199999786913395,0.590569426822497,0.5382411640123205
34.15000146999955,-50.29999978840351,0.6139410419336518,0.5106335307668594
34.100001469254494,-50.29999978840351,0.5810249792288443,0.5382411640123205
33.90000146627426,-50.49999979138374,0.6139410419336518,0.4946222098231675
33.8500014655292,-50.49999979138374,0.5810249792288443,0.5211102658381779
33.70000146329403,-50.64999979361892,0.6139410419336518,0.4946222098231675
33.65000146254897,-50.64999979361892,0.5810249792288443,0.5211102658381779
33.5000014603138,-50.79999979585409,0.6131728104817487,0.4946222098231675
33.45000145956874,-50.79999979585409,0.5778174708955855,0.5211102658381779
33.300001457333565,-50.949999798089266,0.6062257868435552,0.4946222098231675
33.25000145658851,-50.949999798089266,0.5778174708955855,0.5211102658381779
33.10000145435333,-51.09999980032444,0.6062257868435552,0.4946222098231675
33.050001453608274,-51.09999980032444,0.5778174708955855,0.5211102658381779
32.95000145211816,-51.199999801814556,0.590569426822497,0.5071067917232597
32.9000014513731,-51.199999801814556,0.563216887496505,0.5382411640123205
32.800001449882984,-51.29999980330467,0.590569426822497,0.4946222098231675
32.750001449137926,-51.29999980330467,0.563216887496505,0.5158910638314256
32.70000144839287,-51.34999980404973,0.5826238037869298,0.4946222098231675
32.65000144764781,-51.34999980404973,0.5615773219347772,0.5211102658381779
32.60000144690275,-51.39999980479479,0.5826238037869298,0.5106335307668594
32.550001446157694,-51.39999980479479,0.5615773219347772,0.5382411640123205
32.45000144466758,-51.499999806284904,0.590569426822497,0.4946222098231675
32.40000144392252,-51.499999806284904,0.563216887496505,0.5158910638314256
32.35000144317746,-51.54999980702996,0.5826238037869298,0.4946222098231675
32.300001442432404,-51.54999980702996,0.5615773219347772,0.5158910638314256
32.250001441687346,-51.59999980777502,0.5826238037869298,0.4946222098231675
32.20000144094229,-51.59999980777502,0.5615773219347772,0.5158910638314256
32.15000144019723,-51.64999980852008,0.5826238037869298,0.4946222098231675
32.10000143945217,-51.64999980852008,0.5615773219347772,0.5158910638314256
32.05000143870711,-51.69999980926514,0.5826238037869298,0.4946222098231675
32.000001437962055,-51.69999980926514,0.5615773219347772,0.5158910638314256
31.950001437216997,-51.749999810010195,0.5810249792288443,0.4946222098231675
31.90000143647194,-51.749999810010195,0.5500000111758709,0.5158910638314256
31.85000143572688,-51.79999981075525,0.563216887496505,0.4946222098231675
31.800001434981823,-51.79999981075525,0.5382411640123205,0.5158910638314256
31.750001434236765,-51.84999981150031,0.5615773219347772,0.4946222098231675
31.700001433491707,-51.84999981150031,0.5382411640123205,0.5158910638314256
31.65000143274665,-51.89999981224537,0.5615773219347772,0.4946222098231675
31.60000143200159,-51.89999981224537,0.5382411640123205,0.5158910638314256
31.550001431256533,-51.94999981299043,0.5615773219347772,0.4800735355706574
31.450001429766417,-51.94999981299043,0.5280109997762609,0.5158910638314256
31.40000142902136,-51.999999813735485,0.5615773219347772,0.4800735355706574
31.300001427531242,-51.999999813735485,0.5280109997762609,0.5158910638314256
31.250001426786184,-52.04999981448054,0.5615773219347772,0.4800735355706574
31.150001425296068,-52.04999981448054,0.5158910638314256,0.5071067917232597
31.10000142455101,-52.0999998152256,0.5433034484420096,0.4670832131466311
31.000001423060894,-52.0999998152256,0.5158910638314256,0.49641942423666396
30.950001422315836,-52.14999981597066,0.5433034484420096,0.4670832131466311
30.85000142082572,-52.14999981597066,0.5158910638314256,0.49641942423666396
30.80000142008066,-52.19999981671572,0.5433034484420096,0.4670832131466311
30.700001418590546,-52.19999981671572,0.5158910638314256,0.49641942423666396
30.650001417845488,-52.249999817460775,0.5433034484420096,0.4670832131466311
30.55000141635537,-52.249999817460775,0.5158910638314256,0.49641942423666396
30.500001415610313,-52.29999981820583,0.5433034484420096,0.4670832131466311
30.35000141337514,-52.29999981820583,0.49641942423666396,0.5071067917232597
30.30000141263008,-52.34999981895089,0.5280109997762609,0.4670832131466311
30.200001411139965,-52.34999981895089,0.49641942423666396,0.49641942423666396
30.150001410394907,-52.39999981969595,0.5280109997762609,0.4670832131466311
30.05000140890479,-52.39999981969595,0.5071067917232597,0.49641942423666396
30.000001408159733,-52.44999982044101,0.5433034484420096,0.4670832131466311
29.900001406669617,-52.44999982044101,0.5158910638314256,0.49641942423666396
29.85000140592456,-52.499999821186066,0.5433034484420096,0.4670832131466311
29.750001404434443,-52.499999821186066,0.5158910638314256,0.49641942423666396
29.700001403689384,-52.549999821931124,0.5433034484420096,0.4670832131466311
29.55000140145421,-52.549999821931124,0.49641942423666396,0.5071067917232597
29.500001400709152,-52.59999982267618,0.5280109997762609,0.4670832131466311
29.400001399219036,-52.59999982267618,0.49641942423666396,0.49641942423666396
29.350001398473978,-52.64999982342124,0.5280109997762609,0.4670832131466311
29.250001396983862,-52.64999982342124,0.5071067917232597,0.49641942423666396
29.200001396238804,-52.6999998241663,0.5433034484420096,0.4670832131466311
29.100001394748688,-52.6999998241663,0.5158910638314256,0.49641942423666396
29.05000139400363,-52.749999824911356,0.5433034484420096,0.4670832131466311
28.950001392513514,-52.749999824911356,0.5158910638314256,0.49641942423666396
28.900001391768456,-52.799999825656414,0.5433034484420096,0.4670832131466311
28.75000138953328,-52.799999825656414,0.49641942423666396,0.5071067917232597
28.700001388788223,-52.84999982640147,0.5280109997762609,0.4670832131466311
28.600001387298107,-52.84999982640147,0.49641942423666396,0.49641942423666396
28.55000138655305,-52.89999982714653,0.5280109997762609,0.4670832131466311
28.450001385062933,-52.89999982714653,0.5071067917232597,0.49641942423666396
28.400001384317875,-52.94999982789159,0.5433034484420096,0.4670832131466311
28.30000138282776,-52.94999982789159,0.5158910638314256,0.49641942423666396
28.2500013820827,-52.999999828636646,0.5433034484420096,0.4670832131466311
28.150001380592585,-52.999999828636646,0.5158910638314256,0.49641942423666396
28.100001379847527,-53.049999829381704,0.5433034484420096,0.4670832131466311
27.950001377612352,-53.049999829381704,0.49641942423666396,0.5071067917232597
27.900001376867294,-53.09999983012676,0.5280109997762609,0.4670832131466311
27.800001375377178,-53.09999983012676,0.5071067917232597,0.49641942423666396
27.75000137463212,-53.14999983087182,0.5433034484420096,0.4670832131466311
27.650001373142004,-53.14999983087182,0.5158910638314256,0.49641942423666396
27.600001372396946,-53.19999983161688,0.5433034484420096,0.4670832131466311
27.50000137090683,-53.19999983161688,0.5158910638314256,0.49641942423666396
27.45000137016177,-53.24999983236194,0.5433034484420096,0.4670832131466311
27.350001368671656,-53.24999983236194,0.5158910638314256,0.49641942423666396
27.300001367926598,-53.299999833106995,0.5433034484420096,0.4670832131466311
27.150001365691423,-53.299999833106995,0.49641942423666396,0.5071067917232597
27.100001364946365,-53.34999983385205,0.5280109997762609,0.4670832131466311
27.00000136345625,-53.34999983385205,0.5071067917232597,0.49641942423666396
26.95000136271119,-53.39999983459711,0.5433034484420096,0.4670832131466311
26.850001361221075,-53.39999983459711,0.5158910638314256,0.49641942423666396
26.800001360476017,-53.44999983534217,0.5433034484420096,0.4670832131466311
26.7000013589859,-53.44999983534217,0.5158910638314256,0.49641942423666396
26.650001358240843,-53.49999983608723,0.5433034484420096,0.4670832131466311
26.550001356750727,-53.49999983608723,0.5158910638314256,0.49641942423666396
26.50000135600567,-53.549999836832285,0.5433034484420096,0.4670832131466311
26.350001353770494,-53.549999836832285,0.5071067917232597,0.5071067917232597
26.300001353025436,-53.59999983757734,0.5433034484420096,0.4670832131466311
26.20000135153532,-53.59999983757734,0.5158910638314256,0.49641942423666396
26.150001350790262,-53.6499998383224,0.5433034484420096,0.4670832131466311
26.050001349300146,-53.6499998383224,0.5158910638314256,0.49641942423666396
26.000001348555088,-53.69999983906746,0.5433034484420096,0.4670832131466311
25.900001347064972,-53.69999983906746,0.5158910638314256,0.49641942423666396
25.850001346319914,-53.74999983981252,0.5433034484420096,0.4670832131466311
25.750001344829798,-53.74999983981252,0.5158910638314256,0.49641942423666396
25.70000134408474,-53.799999840557575,0.5433034484420096,0.4670832131466311
25.550001341849566,-53.799999840557575,0.5071067917232597,0.5071067917232597
25.500001341104507,-53.84999984130263,0.5433034484420096,0.4670832131466311
25.40000133961439,-53.84999984130263,0.5158910638314256,0.49641942423666396
25.350001338869333,-53.89999984204769,0.5433034484420096,0.4670832131466311
25.250001337379217,-53.89999984204769,0.5158910638314256,0.49641942423666396
25.20000133663416,-53.94999984279275,0.5433034484420096,0.4670832131466311
25.100001335144043,-53.94999984279275,0.5158910638314256,0.49641942423666396
25.050001334398985,-53.99999984353781,0.5433034484420096,0.4670832131466311
24.95000133290887,-53.99999984353781,0.5158910638314256,0.49641942423666396
24.90000133216381,-54.049999844282866,0.5433034484420096,0.4670832131466311
24.750001329928637,-54.049999844282866,0.5071067917232597,0.5071067917232597
24.70000132918358,-54.099999845027924,0.5433034484420096,0.4670832131466311
24.600001327693462,-54.099999845027924,0.5158910638314256,0.49641942423666396
24.550001326948404,-54.14999984577298,0.5433034484420096,0.4670832131466311
24.450001325458288,-54.14999984577298,0.5158910638314256,0.49641942423666396
24.40000132471323,-54.19999984651804,0.5433034484420096,0.4670832131466311
24.300001323223114,-54.19999984651804,0.5158910638314256,0.49641942423666396
24.250001322478056,-54.2499998472631,0.5433034484420096,0.4670832131466311
24.10000132024288,-54.2499998472631,0.5071067917232597,0.5158910638314256
24.050001319497824,-54.299999848008156,0.5433034484420096,0.4800735355706574
23.950001318007708,-54.299999848008156,0.5158910638314256,0.5071067917232597
23.90000131726265,-54.349999848753214,0.5433034484420096,0.4670832131466311
23.800001315772533,-54.349999848753214,0.5158910638314256,0.49641942423666396
23.750001315027475,-54.39999984949827,0.5433034484420096,0.4670832131466311
23.65000131353736,-54.39999984949827,0.5158910638314256,0.49641942423666396
23.6000013127923,-54.44999985024333,0.5433034484420096,0.4670832131466311
23.500001311302185,-54.44999985024333,0.5158910638314256,0.49641942423666396
23.450001310557127,-54.49999985098839,0.5433034484420096,0.4670832131466311
23.300001308321953,-54.49999985098839,0.5071067917232597,0.5158910638314256
23.250001307576895,-54.549999851733446,0.5433034484420096,0.4800735355706574
23.15000130608678,-54.549999851733446,0.5158910638314256,0.5071067917232597
23.10000130534172,-54.599999852478504,0.5433034484420096,0.4670832131466311
23.000001303851604,-54.599999852478504,0.5158910638314256,0.49641942423666396
22.950001303106546,-54.64999985322356,0.5433034484420096,0.4670832131466311
22.85000130161643,-54.64999985322356,0.5158910638314256,0.49641942423666396
22.800001300871372,-54.69999985396862,0.5433034484420096,0.4670832131466311
22.700001299381256,-54.69999985396862,0.5158910638314256,0.49641942423666396
22.650001298636198,-54.74999985471368,0.5433034484420096,0.4670832131466311
22.500001296401024,-54.74999985471368,0.5071067917232597,0.5071067917232597
22.450001295655966,-54.799999855458736,0.5433034484420096,0.4670832131466311
22.30000129342079,-54.799999855458736,0.5071067917232597,0.5158910638314256
22.250001292675734,-54.849999856203794,0.5433034484420096,0.4800735355706574
21.950001288205385,-54.849999856203794,0.5000000104308129,0.5433034484420096
21.900001287460327,-54.89999985694885,0.5500000111758709,0.5071067917232597
21.700001284480095,-54.89999985694885,0.5280109997762609,0.551664830119324
21.650001283735037,-54.94999985769391,0.5648529384361146,0.5071067917232597
21.35000127926469,-54.94999985769391,0.5500000111758709,0.5648529384361146
21.30000127851963,-54.99999985843897,0.600000011920929,0.5280109997762609
21.05000127479434,-54.99999985843897,0.551664830119324,0.590569426822497
21.000001274049282,-55.04999985918403,0.600000011920929,0.551664830119324
20.700001269578934,-55.04999985918403,0.5762087463794127,0.600000011920929
20.650001268833876,-55.099999859929085,0.6139410419336518,0.5500000111758709
19.5500012524426,-55.099999859929085,0.600000011920929,0.5500000111758709
19.50000125169754,-55.04999985918403,0.5500000111758709,0.590569426822497
19.100001245737076,-55.04999985918403,0.5566373087958522,0.5158910638314256
19.050001244992018,-54.99999985843897,0.5158910638314256,0.5433034484420096
18.9500012435019,-54.99999985843897,0.5433034484420096,0.5158910638314256
18.900001242756844,-54.94999985769391,0.5158910638314256,0.5566373087958522
18.75000124052167,-54.94999985769391,0.5615773219347772,0.5158910638314256
18.70000123977661,-54.89999985694885,0.5280109997762609,0.5382411640123205
18.650001239031553,-54.89999985694885,0.5433034484420096,0.5158910638314256
18.600001238286495,-54.849999856203794,0.5158910638314256,0.5382411640123205
18.550001237541437,-54.849999856203794,0.5382411640123205,0.5158910638314256
18.50000123679638,-54.799999855458736,0.5211102658381779,0.5382411640123205
18.45000123605132,-54.799999855458736,0.5500000111758709,0.5106335307668594
18.350001234561205,-54.69999985396862,0.5211102658381779,0.5382411640123205
18.300001233816147,-54.69999985396862,0.5500000111758709,0.5071067917232597
18.100001230835915,-54.49999985098839,0.5433034484420096,0.5071067917232597
18.100001230835915,-54.44999985024333,0.5106335307668594,0.5382411640123205
18.0000012293458,-54.349999848753214,0.5382411640123205,0.5106335307668594
18.0000012293458,-54.299999848008156,0.5071067917232597,0.5382411640123205
17.900001227855682,-54.19999984651804,0.5211102658381779,0.4946222098231675
17.900001227855682,-54.14999984577298,0.4946222098231675,0.5211102658381779
17.850001227110624,-54.099999845027924,0.5158910638314256,0.5106335307668594
17.850001227110624,-54.049999844282866,0.4946222098231675,0.5382411640123205
17.800001226365566,-53.99999984353781,0.5158910638314256,0.5158910638314256
17.800001226365566,-53.94999984279275,0.4946222098231675,0.5280109997762609
17.750001225620508,-53.89999984204769,0.5158910638314256,0.49641942423666396
17.750001225620508,-53.799999840557575,0.4708204032459398,0.5382411640123205
17.70000122487545,-53.74999983981252,0.49641942423666396,0.5158910638314256
17.70000122487545,-53.69999983906746,0.4800735355706574,0.5280109997762609
17.650001224130392,-53.6499998383224,0.5158910638314256,0.49641942423666396
17.650001224130392,-53.549999836832285,0.4708204032459398,0.5382411640123205
17.600001223385334,-53.49999983608723,0.4946222098231675,0.5158910638314256
17.600001223385334,-53.44999983534217,0.4708204032459398,0.5280109997762609
17.550001222640276,-53.39999983459711,0.49641942423666396,0.49641942423666396
17.550001222640276,-53.34999983385205,0.4800735355706574,0.5158910638314256
17.500001221895218,-53.299999833106995,0.5158910638314256,0.4800735355706574
17.500001221895218,-53.14999983087182,0.4670832131466311,0.5158910638314256
17.45000122115016,-53.09999983012676,0.49641942423666396,0.4800735355706574
17.45000122115016,-52.999999828636646,0.4670832131466311,0.5071067917232597
17.4000012204051,-52.94999982789159,0.5071067917232597,0.4670832131466311
17.4000012204051,-52.799999825656414,0.4670832131466311,0.5158910638314256
17.350001219660044,-52.749999824911356,0.5071067917232597,0.4800735355706574
17.350001219660044,-52.549999821931124,0.4670832131466311,0.5158910638314256
17.300001218914986,-52.499999821186066,0.5071067917232597,0.4800735355706574
17.300001218914986,-52.29999981820583,0.4670832131466311,0.5158910638314256
17.250001218169928,-52.249999817460775,0.5071067917232597,0.4800735355706574
17.250001218169928,-52.04999981448054,0.4670832131466311,0.5071067917232597
17.20000121742487,-51.999999813735485,0.5071067917232597,0.4670832131466311
17.20000121742487,-51.79999981075525,0.4670832131466311,0.5071067917232597
17.15000121667981,-51.749999810010195,0.5071067917232597,0.4670832131466311
17.15000121667981,-51.54999980702996,0.4670832131466311,0.5017834528382981
17.100001215934753,-51.499999806284904,0.5071067917232597,0.4576473316980041
17.100001215934753,-51.29999980330467,0.4670832131466311,0.5017834528382981
17.050001215189695,-51.249999802559614,0.5071067917232597,0.4576473316980041
17.050001215189695,-50.949999798089266,0.4670832131466311,0.5158910638314256
17.000001214444637,-50.89999979734421,0.5071067917232597,0.4800735355706574
17.000001214444637,-50.59999979287386,0.49641942423666396,0.5280109997762609
16.95000121369958,-50.5499997921288,0.5280109997762609,0.49641942423666396
16.95000121369958,-50.24999978765845,0.5000000104308129,0.5500000111758709
16.90000121295452,-50.199999786913395,0.5433034484420096,0.5000000104308129
16.90000121295452,-49.89999978244305,0.5000000104308129,0.5500000111758709
16.850001212209463,-49.84999978169799,0.5500000111758709,0.5000000104308129
16.850001212209463,-49.449999775737524,0.5000000104308129,0.551664830119324
16.800001211464405,-49.399999774992466,0.5500000111758709,0.5071067917232597
16.800001211464405,-49.09999977052212,0.5000000104308129,0.551664830119324
16.750001210719347,-49.04999976977706,0.5500000111758709,0.5071067917232597
16.750001210719347,-48.649999763816595,0.5000000104308129,0.551664830119324
16.70000120997429,-48.59999976307154,0.5500000111758709,0.5071067917232597
16.70000120997429,-48.19999975711107,0.5000000104308129,0.551664830119324
16.65000120922923,-48.149999756366014,0.5500000111758709,0.5071067917232597
16.65000120922923,-47.79999975115061,0.5000000104308129,0.5500000111758709
16.600001208484173,-47.74999975040555,0.5500000111758709,0.5017834528382981
16.600001208484173,-47.399999745190144,0.5000000104308129,0.5500000111758709
16.550001207739115,-47.349999744445086,0.5500000111758709,0.5000000104308129
16.550001207739115,-46.94999973848462,0.5000000104308129,0.5500000111758709
16.500001206994057,-46.89999973773956,0.5500000111758709,0.5000000104308129
16.500001206994057,-46.4999997317791,0.5000000104308129,0.5500000111758709
16.450001206249,-46.44999973103404,0.5433034484420096,0.5000000104308129
16.450001206249,-46.099999725818634,0.5000000104308129,0.5500000111758709
16.40000120550394,-46.049999725073576,0.5433034484420096,0.5000000104308129
16.40000120550394,-45.64999971911311,0.5000000104308129,0.5500000111758709
16.350001204758883,-45.59999971836805,0.5433034484420096,0.5000000104308129
16.350001204758883,-45.24999971315265,0.5000000104308129,0.5433034484420096
16.300001204013824,-45.19999971240759,0.5433034484420096,0.5000000104308129
16.300001204013824,-44.799999706447124,0.49641942423666396,0.5433034484420096
16.250001203268766,-44.749999705702066,0.5280109997762609,0.5000000104308129
16.250001203268766,-44.3499996997416,0.49641942423666396,0.5433034484420096
16.20000120252371,-44.299999698996544,0.5280109997762609,0.5000000104308129
16.20000120252371,-43.94999969378114,0.49641942423666396,0.5280109997762609
16.15000120177865,-43.89999969303608,0.5280109997762609,0.49641942423666396
16.15000120177865,-43.499999687075615,0.4800735355706574,0.5158910638314256
16.100001201033592,-43.44999968633056,0.5158910638314256,0.4800735355706574
16.100001201033592,-43.04999968037009,0.4800735355706574,0.5158910638314256
16.050001200288534,-42.999999679625034,0.5158910638314256,0.4800735355706574
16.050001200288534,-42.59999967366457,0.4670832131466311,0.5158910638314256
16.000001199543476,-42.54999967291951,0.5071067917232597,0.4800735355706574
16.000001199543476,-42.199999667704105,0.4670832131466311,0.5071067917232597
15.950001198798418,-42.14999966695905,0.5071067917232597,0.4670832131466311
15.950001198798418,-41.699999660253525,0.4670832131466311,0.5158910638314256
15.90000119805336,-41.64999965950847,0.5071067917232597,0.4800735355706574
15.90000119805336,-41.199999652802944,0.4800735355706574,0.5280109997762609
15.850001197308302,-41.149999652057886,0.5158910638314256,0.49641942423666396
15.850001197308302,-40.49999964237213,0.5000000104308129,0.5500000111758709
15.800001196563244,-40.44999964162707,0.5433034484420096,0.5000000104308129
15.800001196563244,-39.899999633431435,0.5000000104308129,0.5566373087958522
15.750001195818186,-39.84999963268638,0.5500000111758709,0.5158910638314256
15.750001195818186,-39.399999625980854,0.5280109997762609,0.5648529384361146
15.700001195073128,-39.349999625235796,0.5648529384361146,0.5280109997762609
15.700001195073128,-38.54999961331487,0.5500000111758709,0.600000011920929
15.65000119432807,-38.49999961256981,0.600000011920929,0.551664830119324
15.65000119432807,-37.599999599158764,0.5500000111758709,0.6015609890382593
15.600001193583012,-37.549999598413706,0.600000011920929,0.5566373087958522
15.600001193583012,-36.549999583512545,0.5500000111758709,0.600000011920929
15.550001192837954,-36.49999958276749,0.590569426822497,0.5500000111758709
15.550001192837954,-35.59999956935644,0.5500000111758709,0.600000011920929
15.500001192092896,-35.54999956861138,0.590569426822497,0.5500000111758709
15.500001192092896,-34.39999955147505,0.5071067917232597,0.5566373087958522
15.450001191347837,-34.34999955072999,0.551664830119324,0.5158910638314256
15.450001191347837,-32.649999525398016,0.5000000104308129,0.5500000111758709
15.40000119060278,-32.59999952465296,0.5433034484420096,0.5000000104308129
15.40000119060278,-31.099999502301216,0.5017834528382981,0.49641942423666396
15.450001191347837,-31.049999501556158,0.4576473316980041,0.5280109997762609
15.450001191347837,-30.69999949634075,0.5000000104308129,0.4670832131466311
15.500001192092896,-30.649999495595694,0.45192025023463345,0.5071067917232597
15.500001192092896,-30.399999491870403,0.5017834528382981,0.4800735355706574
15.550001192837954,-30.349999491125345,0.4576473316980041,0.5158910638314256
15.550001192837954,-30.149999488145113,0.5071067917232597,0.49641942423666396
15.600001193583012,-30.099999487400055,0.4670832131466311,0.5280109997762609
15.600001193583012,-29.899999484419823,0.5071067917232597,0.5000000104308129
15.65000119432807,-29.849999483674765,0.4670832131466311,0.5433034484420096
15.65000119432807,-29.649999480694532,0.5158910638314256,0.5017834528382981
15.700001195073128,-29.599999479949474,0.4800735355706574,0.5500000111758709
15.700001195073128,-29.399999476969242,0.5280109997762609,0.5071067917232597
15.750001195818186,-29.349999476224184,0.49641942423666396,0.551664830119324
15.750001195818186,-29.19999947398901,0.5433034484420096,0.5280109997762609
15.800001196563244,-29.149999473243952,0.5071067917232597,0.5615773219347772
15.800001196563244,-29.049999471753836,0.5280109997762609,0.5280109997762609
15.850001197308302,-28.999999471008778,0.49641942423666396,0.5615773219347772
15.850001197308302,-28.89999946951866,0.5280109997762609,0.5280109997762609
15.90000119805336,-28.849999468773603,0.49641942423666396,0.5615773219347772
15.90000119805336,-28.749999467283487,0.5158910638314256,0.5280109997762609
15.950001198798418,-28.69999946653843,0.4800735355706574,0.5615773219347772
15.950001198798418,-28.599999465048313,0.5158910638314256,0.5280109997762609
16.000001199543476,-28.549999464303255,0.4800735355706574,0.5615773219347772
16.000001199543476,-28.39999946206808,0.5158910638314256,0.5158910638314256
16.050001200288534,-28.349999461323023,0.4800735355706574,0.5433034484420096
16.050001200288534,-28.249999459832907,0.5158910638314256,0.5158910638314256
16.100001201033592,-28.19999945908785,0.4800735355706574,0.5433034484420096
16.100001201033592,-28.099999457597733,0.5071067917232597,0.5158910638314256
16.15000120177865,-28.049999456852674,0.4670832131466311,0.5433034484420096
16.15000120177865,-27.94999945536256,0.49641942423666396,0.5158910638314256
16.20000120252371,-27.8999994546175,0.4708204032459398,0.5433034484420096
16.20000120252371,-27.799999453127384,0.5158910638314256,0.5158910638314256
16.250001203268766,-27.749999452382326,0.4800735355706574,0.5433034484420096
16.250001203268766,-27.64999945089221,0.5158910638314256,0.5158910638314256
16.300001204013824,-27.599999450147152,0.4800735355706574,0.5433034484420096
16.300001204013824,-27.549999449402094,0.49641942423666396,0.5280109997762609
16.350001204758883,-27.499999448657036,0.4670832131466311,0.5615773219347772
16.350001204758883,-27.449999447911978,0.4800735355706574,0.5382411640123205
16.40000120550394,-27.39999944716692,0.4500000096857548,0.5615773219347772
16.40000120550394,-27.299999445676804,0.4946222098231675,0.5158910638314256
16.450001206249,-27.249999444931746,0.4670832131466311,0.5382411640123205
16.450001206249,-27.199999444186687,0.4800735355706574,0.5158910638314256
16.500001206994057,-27.14999944344163,0.4500000096857548,0.5382411640123205
16.500001206994057,-27.09999944269657,0.4708204032459398,0.5158910638314256
16.550001207739115,-27.049999441951513,0.4500000096857548,0.5382411640123205
16.550001207739115,-26.999999441206455,0.4708204032459398,0.5158910638314256
16.600001208484173,-26.949999440461397,0.4500000096857548,0.5382411640123205
16.600001208484173,-26.89999943971634,0.4708204032459398,0.5158910638314256
16.65000120922923,-26.84999943897128,0.45192025023463345,0.5382411640123205
16.65000120922923,-26.799999438226223,0.4800735355706574,0.5158910638314256
16.750001210719347,-26.699999436736107,0.4500000096857548,0.5615773219347772
16.750001210719347,-26.64999943599105,0.4708204032459398,0.5382411640123205
16.800001211464405,-26.59999943524599,0.4500000096857548,0.5615773219347772
16.800001211464405,-26.549999434500933,0.4708204032459398,0.5382411640123205
16.850001212209463,-26.499999433755875,0.4500000096857548,0.5615773219347772
16.850001212209463,-26.449999433010817,0.4708204032459398,0.5382411640123205
16.90000121295452,-26.39999943226576,0.45192025023463345,0.5500000111758709
16.90000121295452,-26.3499994315207,0.4800735355706574,0.5211102658381779
17.000001214444637,-26.249999430030584,0.45192025023463345,0.5615773219347772
17.000001214444637,-26.199999429285526,0.4800735355706574,0.5382411640123205
17.050001215189695,-26.149999428540468,0.47268121237741656,0.5615773219347772
17.050001215189695,-26.09999942779541,0.5071067917232597,0.5382411640123205
17.15000121667981,-25.999999426305294,0.4800735355706574,0.5826238037869298
17.15000121667981,-25.949999425560236,0.5106335307668594,0.5615773219347772
17.300001218914986,-25.799999423325062,0.4946222098231675,0.590569426822497
17.300001218914986,-25.749999422580004,0.5211102658381779,0.563216887496505
17.4000012204051,-25.649999421089888,0.5071067917232597,0.590569426822497
17.4000012204051,-25.59999942034483,0.5382411640123205,0.563216887496505
17.550001222640276,-25.449999418109655,0.5071067917232597,0.590569426822497
17.550001222640276,-25.399999417364597,0.5382411640123205,0.563216887496505
17.70000122487545,-25.249999415129423,0.5071067917232597,0.590569426822497
17.70000122487545,-25.199999414384365,0.5382411640123205,0.563216887496505
17.800001226365566,-25.09999941289425,0.5106335307668594,0.590569426822497
17.800001226365566,-25.04999941214919,0.5433034484420096,0.563216887496505
17.95000122860074,-24.899999409914017,0.5106335307668594,0.590569426822497
17.95000122860074,-24.84999940916896,0.5433034484420096,0.563216887496505
18.50000123679638,-24.29999940097332,0.5071067917232597,0.590569426822497
18.50000123679638,-24.249999400228262,0.5424621313094227,0.563216887496505
18.9500012435019,-23.79999939352274,0.5500000111758709,0.5778174708955855
19.00000124424696,-23.79999939352274,0.5211102658381779,0.6062257868435552
19.150001246482134,-23.649999391287565,0.5433034484420096,0.5778174708955855
19.200001247227192,-23.649999391287565,0.5106335307668594,0.6062257868435552
19.350001249462366,-23.49999938905239,0.5424621313094227,0.563216887496505
19.400001250207424,-23.49999938905239,0.5071067917232597,0.590569426822497
19.5500012524426,-23.349999386817217,0.5382411640123205,0.563216887496505
19.600001253187656,-23.349999386817217,0.5106335307668594,0.590569426822497
19.700001254677773,-23.2499993853271,0.5382411640123205,0.5778174708955855
19.75000125542283,-23.2499993853271,0.5158910638314256,0.6062257868435552
19.850001256912947,-23.149999383836985,0.5500000111758709,0.5810249792288443
19.900001257658005,-23.149999383836985,0.5211102658381779,0.6139410419336518
20.00000125914812,-23.04999938234687,0.5615773219347772,0.590569426822497
20.05000125989318,-23.04999938234687,0.5382411640123205,0.6200609855626972
20.150001261383295,-22.949999380856752,0.563216887496505,0.6062257868435552
20.200001262128353,-22.949999380856752,0.5382411640123205,0.6276472801952478
20.25000126287341,-22.899999380111694,0.5615773219347772,0.6062257868435552
20.30000126361847,-22.899999380111694,0.5382411640123205,0.6276472801952478
20.350001264363527,-22.849999379366636,0.5615773219347772,0.6062257868435552
20.400001265108585,-22.849999379366636,0.5382411640123205,0.6276472801952478
20.450001265853643,-22.799999378621578,0.5615773219347772,0.6062257868435552
20.5000012665987,-22.799999378621578,0.5382411640123205,0.6276472801952478
20.55000126734376,-22.74999937787652,0.5615773219347772,0.6062257868435552
20.600001268088818,-22.74999937787652,0.5382411640123205,0.6276472801952478
20.650001268833876,-22.699999377131462,0.5615773219347772,0.6062257868435552
20.700001269578934,-22.699999377131462,0.5382411640123205,0.6276472801952478
20.75000127032399,-22.649999376386404,0.5615773219347772,0.6062257868435552
20.80000127106905,-22.649999376386404,0.5382411640123205,0.6276472801952478
20.850001271814108,-22.599999375641346,0.5615773219347772,0.6062257868435552
20.900001272559166,-22.599999375641346,0.5382411640123205,0.6276472801952478
20.950001273304224,-22.549999374896288,0.5615773219347772,0.6062257868435552
21.000001274049282,-22.549999374896288,0.5382411640123205,0.6276472801952478
21.05000127479434,-22.49999937415123,0.5615773219347772,0.6062257868435552
21.100001275539398,-22.49999937415123,0.5382411640123205,0.6321658612548995
21.150001276284456,-22.449999373406172,0.5615773219347772,0.6200609855626972
21.200001277029514,-22.449999373406172,0.5382411640123205,0.6500000126659871
21.30000127851963,-22.349999371916056,0.563216887496505,0.6062257868435552
21.35000127926469,-22.349999371916056,0.5382411640123205,0.6276472801952478
21.400001280009747,-22.299999371170998,0.5615773219347772,0.6062257868435552
21.450001280754805,-22.299999371170998,0.5382411640123205,0.6276472801952478
21.500001281499863,-22.24999937042594,0.5615773219347772,0.6062257868435552
21.55000128224492,-22.24999937042594,0.5382411640123205,0.6276472801952478
21.60000128298998,-22.19999936968088,0.5615773219347772,0.6062257868435552
21.650001283735037,-22.19999936968088,0.5382411640123205,0.6276472801952478
21.700001284480095,-22.149999368935823,0.5615773219347772,0.6062257868435552
21.750001285225153,-22.149999368935823,0.5382411640123205,0.6246211374113445
21.80000128597021,-22.099999368190765,0.5615773219347772,0.590569426822497
21.85000128671527,-22.099999368190765,0.5382411640123205,0.6077747331069568
21.900001287460327,-22.049999367445707,0.5615773219347772,0.5826238037869298
21.950001288205385,-22.049999367445707,0.5382411640123205,0.6062257868435552
22.000001288950443,-21.99999936670065,0.5615773219347772,0.5762087463794127
22.10000129044056,-21.99999936670065,0.5158910638314256,0.6077747331069568
22.150001291185617,-21.94999936595559,0.5433034484420096,0.5826238037869298
22.200001291930676,-21.94999936595559,0.5280109997762609,0.6062257868435552
22.250001292675734,-21.899999365210533,0.5615773219347772,0.5762087463794127
22.35000129416585,-21.899999365210533,0.5280109997762609,0.6077747331069568
22.400001294910908,-21.849999364465475,0.5615773219347772,0.5826238037869298
22.450001295655966,-21.849999364465475,0.5433034484420096,0.6062257868435552
22.500001296401024,-21.799999363720417,0.5762087463794127,0.5762087463794127
22.60000129789114,-21.799999363720417,0.5433034484420096,0.6077747331069568
22.650001298636198,-21.74999936297536,0.5762087463794127,0.5762087463794127
22.750001300126314,-21.74999936297536,0.5433034484420096,0.6077747331069568
22.800001300871372,-21.6999993622303,0.5762087463794127,0.5762087463794127
22.90000130236149,-21.6999993622303,0.5433034484420096,0.6062257868435552
22.950001303106546,-21.649999361485243,0.5762087463794127,0.5648529384361146
23.10000130534172,-21.649999361485243,0.5280109997762609,0.6077747331069568
23.15000130608678,-21.599999360740185,0.5615773219347772,0.5762087463794127
23.250001307576895,-21.599999360740185,0.5280109997762609,0.6077747331069568
23.300001308321953,-21.549999359995127,0.5615773219347772,0.5762087463794127
23.40000130981207,-21.549999359995127,0.5280109997762609,0.6062257868435552
23.450001310557127,-21.49999935925007,0.5615773219347772,0.5648529384361146
23.550001312047243,-21.49999935925007,0.5280109997762609,0.590569426822497
23.6000013127923,-21.44999935850501,0.5648529384361146,0.5615773219347772
23.750001315027475,-21.44999935850501,0.5433034484420096,0.600000011920929
23.800001315772533,-21.399999357759953,0.5762087463794127,0.5500000111758709
24.15000132098794,-21.399999357759953,0.5158910638314256,0.590569426822497
24.200001321732998,-21.349999357014894,0.5566373087958522,0.5500000111758709
24.550001326948404,-21.349999357014894,0.5017834528382981,0.5648529384361146
24.600001327693462,-21.299999356269836,0.5500000111758709,0.5280109997762609
25.000001333653927,-21.299999356269836,0.49641942423666396,0.5500000111758709
25.050001334398985,-21.24999935552478,0.5280109997762609,0.5000000104308129
27.20000136643648,-21.24999935552478,0.5433034484420096,0.5000000104308129
27.25000136718154,-21.299999356269836,0.5000000104308129,0.5500000111758709
27.900001376867294,-21.299999356269836,0.5648529384361146,0.5280109997762609
27.950001377612352,-21.349999357014894,0.5280109997762609,0.5648529384361146
28.200001381337643,-21.349999357014894,0.551664830119324,0.5158910638314256
28.2500013820827,-21.399999357759953,0.5071067917232597,0.5566373087958522
28.50000138580799,-21.399999357759953,0.5500000111758709,0.5071067917232597
28.55000138655305,-21.44999935850501,0.5000000104308129,0.551664830119324
28.75000138953328,-21.44999935850501,0.5280109997762609,0.5071067917232597
28.80000139027834,-21.49999935925007,0.49641942423666396,0.5433034484420096
29.100001394748688,-21.49999935925007,0.5158910638314256,0.4800735355706574
29.150001395493746,-21.549999359995127,0.4800735355706574,0.5158910638314256
29.350001398473978,-21.549999359995127,0.5158910638314256,0.4800735355706574
29.400001399219036,-21.599999360740185,0.4800735355706574,0.5158910638314256
29.55000140145421,-21.599999360740185,0.5071067917232597,0.4800735355706574
29.60000140219927,-21.649999361485243,0.4670832131466311,0.5158910638314256
29.8000014051795,-21.649999361485243,0.5071067917232597,0.4800735355706574
29.85000140592456,-21.6999993622303,0.4670832131466311,0.5158910638314256
30.05000140890479,-21.6999993622303,0.5071067917232597,0.4800735355706574
30.10000140964985,-21.74999936297536,0.4670832131466311,0.5158910638314256
30.30000141263008,-21.74999936297536,0.5158910638314256,0.4800735355706574
30.35000141337514,-21.799999363720417,0.4800735355706574,0.5158910638314256
30.500001415610313,-21.799999363720417,0.5071067917232597,0.4800735355706574
30.55000141635537,-21.849999364465475,0.4670832131466311,0.5158910638314256
30.750001419335604,-21.849999364465475,0.5071067917232597,0.4800735355706574
30.80000142008066,-21.899999365210533,0.4670832131466311,0.5158910638314256
31.000001423060894,-21.899999365210533,0.5071067917232597,0.4800735355706574
31.050001423805952,-21.94999936595559,0.4670832131466311,0.5158910638314256
31.250001426786184,-21.94999936595559,0.5071067917232597,0.4670832131466311
31.300001427531242,-21.99999936670065,0.4670832131466311,0.5071067917232597
31.450001429766417,-21.99999936670065,0.5071067917232597,0.4800735355706574
31.500001430511475,-22.049999367445707,0.4670832131466311,0.5158910638314256
31.700001433491707,-22.049999367445707,0.5071067917232597,0.4800735355706574
31.750001434236765,-22.099999368190765,0.4670832131466311,0.5158910638314256
31.950001437216997,-22.099999368190765,0.5071067917232597,0.4670832131466311
32.000001437962055,-22.149999368935823,0.4670832131466311,0.5071067917232597
32.20000144094229,-22.149999368935823,0.5071067917232597,0.4670832131466311
32.250001441687346,-22.19999936968088,0.4670832131466311,0.5071067917232597
32.40000144392252,-22.19999936968088,0.5071067917232597,0.4800735355706574
32.45000144466758,-22.24999937042594,0.4670832131466311,0.5158910638314256
32.65000144764781,-22.24999937042594,0.5071067917232597,0.4670832131466311
32.70000144839287,-22.299999371170998,0.4670832131466311,0.5071067917232597
32.9000014513731,-22.299999371170998,0.5071067917232597,0.4670832131466311
32.95000145211816,-22.349999371916056,0.4670832131466311,0.5071067917232597
33.15000145509839,-22.349999371916056,0.5071067917232597,0.4670832131466311
33.20000145584345,-22.399999372661114,0.4670832131466311,0.5071067917232597
33.40000145882368,-22.399999372661114,0.5071067917232597,0.4576473316980041
33.45000145956874,-22.449999373406172,0.4670832131466311,0.5017834528382981
33.60000146180391,-22.449999373406172,0.5071067917232597,0.4670832131466311
33.65000146254897,-22.49999937415123,0.4670832131466311,0.5071067917232597
33.8500014655292,-22.49999937415123,0.5071067917232597,0.4670832131466311
33.90000146627426,-22.549999374896288,0.4670832131466311,0.5071067917232597
34.100001469254494,-22.549999374896288,0.5071067917232597,0.4576473316980041
34.15000146999955,-22.599999375641346,0.4670832131466311,0.5017834528382981
34.350001472979784,-22.599999375641346,0.5071067917232597,0.4576473316980041
34.40000147372484,-22.649999376386404,0.4670832131466311,0.5017834528382981
34.550001475960016,-22.649999376386404,0.5071067917232597,0.4670832131466311
34.600001476705074,-22.699999377131462,0.4670832131466311,0.5071067917232597
34.80000147968531,-22.699999377131462,0.5071067917232597,0.4576473316980041
34.850001480430365,-22.74999937787652,0.4670832131466311,0.5017834528382981
35.0500014834106,-22.74999937787652,0.5071067917232597,0.4576473316980041
35.100001484155655,-22.799999378621578,0.4670832131466311,0.5017834528382981
35.25000148639083,-22.799999378621578,0.5017834528382981,0.4670832131466311
35.30000148713589,-22.849999379366636,0.4576473316980041,0.5071067917232597
35.50000149011612,-22.849999379366636,0.5017834528382981,0.4576473316980041
35.55000149086118,-22.899999380111694,0.4576473316980041,0.5017834528382981
35.75000149384141,-22.899999380111694,0.5071067917232597,0.4576473316980041
35.80000149458647,-22.949999380856752,0.4670832131466311,0.5017834528382981
35.95000149682164,-22.949999380856752,0.5017834528382981,0.4670832131466311
36.0000014975667,-22.99999938160181,0.4576473316980041,0.5071067917232597
36.20000150054693,-22.99999938160181,0.5017834528382981,0.4576473316980041
36.25000150129199,-23.04999938234687,0.4576473316980041,0.5017834528382981
36.45000150427222,-23.04999938234687,0.5017834528382981,0.4576473316980041
36.50000150501728,-23.099999383091927,0.4576473316980041,0.5017834528382981
36.650001507252455,-23.099999383091927,0.49641942423666396,0.4670832131466311
36.70000150799751,-23.149999383836985,0.4576473316980041,0.5071067917232597
36.900001510977745,-23.149999383836985,0.5017834528382981,0.4576473316980041
36.9500015117228,-23.199999384582043,0.4576473316980041,0.5017834528382981
37.150001514703035,-23.199999384582043,0.5017834528382981,0.4576473316980041
37.20000151544809,-23.2499993853271,0.4576473316980041,0.5017834528382981
37.400001518428326,-23.2499993853271,0.5017834528382981,0.4576473316980041
37.450001519173384,-23.29999938607216,0.4576473316980041,0.49641942423666396
37.650001522153616,-23.29999938607216,0.5017834528382981,0.45192025023463345
37.700001522898674,-23.349999386817217,0.4576473316980041,0.49641942423666396
37.85000152513385,-23.349999386817217,0.49641942423666396,0.4576473316980041
37.900001525878906,-23.399999387562275,0.4576473316980041,0.49641942423666396
38.05000152811408,-23.399999387562275,0.49641942423666396,0.4576473316980041
38.10000152885914,-23.449999388307333,0.4500000096857548,0.49641942423666396
38.35000153258443,-23.449999388307333,0.4670832131466311,0.4324555414579977
38.40000153332949,-23.49999938905239,0.4324555414579977,0.4670832131466311
38.65000153705478,-23.49999938905239,0.45192025023463345,0.4184658530585083
38.700001537799835,-23.54999938979745,0.4082762620938444,0.4576473316980041
39.1000015437603,-23.54999938979745,0.45192025023463345,0.4020797379113019
39.15000154450536,-23.599999390542507,0.4082762620938444,0.4500000096857548
39.40000154823065,-23.599999390542507,0.4500000096857548,0.4020797379113019
39.450001548975706,-23.649999391287565,0.40000000894069676,0.4500000096857548
40.45000156387687,-23.649999391287565,0.4670832131466311,0.5280109997762609
40.500001564621925,-23.599999390542507,0.5071067917232597,0.49641942423666396
40.70000156760216,-23.599999390542507,0.5000000104308129,0.5615773219347772
40.750001568347216,-23.54999938979745,0.5433034484420096,0.5280109997762609
40.90000157058239,-23.54999938979745,0.5071067917232597,0.5826238037869298
40.95000157132745,-23.49999938905239,0.5433034484420096,0.5615773219347772
41.050001572817564,-23.49999938905239,0.5158910638314256,0.6062257868435552
41.10000157356262,-23.449999388307333,0.5382411640123205,0.590569426822497
41.15000157430768,-23.449999388307333,0.5158910638314256,0.6200609855626972
41.250001575797796,-23.349999386817217,0.5500000111758709,0.590569426822497
41.300001576542854,-23.349999386817217,0.5211102658381779,0.6200609855626972
41.75000158324838,-22.899999380111694,0.5382411640123205,0.6321658612548995
41.75000158324838,-22.849999379366636,0.563216887496505,0.6062257868435552
41.85000158473849,-22.74999937787652,0.5382411640123205,0.6321658612548995
41.85000158473849,-22.699999377131462,0.5615773219347772,0.6062257868435552
41.90000158548355,-22.649999376386404,0.5382411640123205,0.6200609855626972
41.90000158548355,-22.599999375641346,0.5615773219347772,0.590569426822497
41.95000158622861,-22.549999374896288,0.5382411640123205,0.6062257868435552
41.95000158622861,-22.49999937415123,0.5615773219347772,0.5826238037869298
42.00000158697367,-22.449999373406172,0.5280109997762609,0.6062257868435552
42.00000158697367,-22.399999372661114,0.5433034484420096,0.5826238037869298
42.050001587718725,-22.349999371916056,0.5158910638314256,0.6062257868435552
42.050001587718725,-22.24999937042594,0.5566373087958522,0.5615773219347772
42.10000158846378,-22.19999936968088,0.5158910638314256,0.590569426822497
42.10000158846378,-22.099999368190765,0.5433034484420096,0.5615773219347772
42.15000158920884,-22.049999367445707,0.5071067917232597,0.5826238037869298
42.15000158920884,-21.849999364465475,0.551664830119324,0.5158910638314256
42.2000015899539,-21.799999363720417,0.5071067917232597,0.5566373087958522
42.2000015899539,-21.649999361485243,0.5433034484420096,0.5158910638314256
42.25000159069896,-21.599999360740185,0.5000000104308129,0.5566373087958522
42.25000159069896,-20.549999345093966,0.5000000104308129,0.551664830119324
42.2000015899539,-20.499999344348907,0.5500000111758709,0.5071067917232597
42.2000015899539,-20.299999341368675,0.5158910638314256,0.5566373087958522
42.15000158920884,-20.249999340623617,0.5433034484420096,0.5158910638314256
42.15000158920884,-20.1499993391335,0.5158910638314256,0.5433034484420096
42.10000158846378,-20.099999338388443,0.5566373087958522,0.5158910638314256
42.10000158846378,-19.94999933615327,0.5158910638314256,0.5615773219347772
42.050001587718725,-19.89999933540821,0.5433034484420096,0.5382411640123205
42.050001587718725,-19.849999334663153,0.5280109997762609,0.5615773219347772
42.00000158697367,-19.799999333918095,0.5615773219347772,0.5280109997762609
42.00000158697367,-19.69999933242798,0.5158910638314256,0.5615773219347772
41.95000158622861,-19.64999933168292,0.5382411640123205,0.5382411640123205
41.95000158622861,-19.599999330937862,0.5158910638314256,0.5615773219347772
41.90000158548355,-19.549999330192804,0.5382411640123205,0.5382411640123205
41.90000158548355,-19.499999329447746,0.5158910638314256,0.5615773219347772
41.85000158473849,-19.449999328702688,0.5433034484420096,0.5382411640123205
41.85000158473849,-19.39999932795763,0.5211102658381779,0.563216887496505
41.75000158324838,-19.299999326467514,0.5500000111758709,0.5382411640123205
41.75000158324838,-19.249999325722456,0.5211102658381779,0.563216887496505
41.65000158175826,-19.14999932423234,0.5500000111758709,0.5382411640123205
41.65000158175826,-19.099999323487282,0.5211102658381779,0.5615773219347772
41.550001580268145,-18.999999321997166,0.5500000111758709,0.5211102658381779
41.550001580268145,-18.949999321252108,0.5211102658381779,0.5500000111758709
41.300001576542854,-18.699999317526817,0.5500000111758709,0.5211102658381779
41.300001576542854,-18.64999931678176,0.5211102658381779,0.5500000111758709
40.90000157058239,-18.249999310821295,0.5382411640123205,0.5424621313094227
40.85000156983733,-18.249999310821295,0.563216887496505,0.5071067917232597
40.60000156611204,-17.999999307096004,0.5382411640123205,0.5424621313094227
40.55000156536698,-17.999999307096004,0.563216887496505,0.5071067917232597
40.30000156164169,-17.749999303370714,0.5211102658381779,0.5211102658381779
40.250001560896635,-17.749999303370714,0.5500000111758709,0.4946222098231675
39.90000155568123,-17.399999298155308,0.5071067917232597,0.5106335307668594
39.85000155493617,-17.399999298155308,0.5424621313094227,0.4800735355706574
39.500001549720764,-17.0499992929399,0.4946222098231675,0.5106335307668594
39.450001548975706,-17.0499992929399,0.5211102658381779,0.4800735355706574
39.250001545995474,-16.84999928995967,0.4946222098231675,0.5106335307668594
39.200001545250416,-16.84999928995967,0.5211102658381779,0.4800735355706574
38.950001541525126,-16.59999928623438,0.4946222098231675,0.5106335307668594
38.90000154078007,-16.59999928623438,0.5211102658381779,0.4800735355706574
38.700001537799835,-16.399999283254147,0.4946222098231675,0.5106335307668594
38.65000153705478,-16.399999283254147,0.5211102658381779,0.4800735355706574
38.450001534074545,-16.199999280273914,0.5071067917232597,0.5106335307668594
38.40000153332949,-16.199999280273914,0.5382411640123205,0.4800735355706574
38.200001530349255,-15.999999277293682,0.5071067917232597,0.5106335307668594
38.1500015296042,-15.999999277293682,0.5424621313094227,0.4800735355706574
37.950001526623964,-15.79999927431345,0.5071067917232597,0.5106335307668594
37.900001525878906,-15.79999927431345,0.5424621313094227,0.4800735355706574
37.700001522898674,-15.599999271333218,0.5071067917232597,0.5106335307668594
37.650001522153616,-15.599999271333218,0.5424621313094227,0.4800735355706574
37.450001519173384,-15.399999268352985,0.5106335307668594,0.5106335307668594
37.400001518428326,-15.399999268352985,0.5433034484420096,0.4800735355706574
37.20000151544809,-15.199999265372753,0.5106335307668594,0.5211102658381779
37.150001514703035,-15.199999265372753,0.5433034484420096,0.4946222098231675
36.9500015117228,-14.999999262392521,0.5211102658381779,0.5382411640123205
36.900001510977745,-14.999999262392521,0.5500000111758709,0.5071067917232597
36.75000150874257,-14.849999260157347,0.5382411640123205,0.5382411640123205
36.70000150799751,-14.849999260157347,0.563216887496505,0.5071067917232597
36.50000150501728,-14.649999257177114,0.5424621313094227,0.5500000111758709
36.45000150427222,-14.649999257177114,0.5778174708955855,0.5211102658381779
36.30000150203705,-14.49999925494194,0.5433034484420096,0.5500000111758709
36.25000150129199,-14.49999925494194,0.5778174708955855,0.5211102658381779
36.100001499056816,-14.349999252706766,0.5500000111758709,0.5500000111758709
36.05000149831176,-14.349999252706766,0.5810249792288443,0.5211102658381779
35.850001495331526,-14.149999249726534,0.563216887496505,0.5778174708955855
35.80000149458647,-14.149999249726534,0.590569426822497,0.5433034484420096
35.55000149086118,-13.899999246001244,0.563216887496505,0.590569426822497
35.50000149011612,-13.899999246001244,0.590569426822497,0.563216887496505
35.400001488626,-13.799999244511127,0.5778174708955855,0.590569426822497
35.350001487880945,-13.799999244511127,0.6131728104817487,0.563216887496505
35.20000148564577,-13.649999242275953,0.5810249792288443,0.590569426822497
35.15000148490071,-13.649999242275953,0.6139410419336518,0.563216887496505
35.0500014834106,-13.549999240785837,0.6062257868435552,0.6062257868435552
35.00000148266554,-13.549999240785837,0.6321658612548995,0.5826238037869298
34.90000148117542,-13.449999239295721,0.6062257868435552,0.6276472801952478
34.850001480430365,-13.449999239295721,0.6276472801952478,0.6062257868435552
34.80000147968531,-13.399999238550663,0.6062257868435552,0.6276472801952478
34.75000147894025,-13.399999238550663,0.6321658612548995,0.6062257868435552
34.70000147819519,-13.349999237805605,0.6200609855626972,0.6276472801952478
34.65000147745013,-13.349999237805605,0.6500000126659871,0.6062257868435552
34.600001476705074,-13.299999237060547,0.6276472801952478,0.6276472801952478
34.550001475960016,-13.299999237060547,0.6500000126659871,0.6062257868435552
34.4500014744699,-13.19999923557043,0.6062257868435552,0.6321658612548995
34.40000147372484,-13.19999923557043,0.6276472801952478,0.6062257868435552
34.350001472979784,-13.149999234825373,0.6062257868435552,0.6276472801952478
34.300001472234726,-13.149999234825373,0.6276472801952478,0.6062257868435552
34.25000147148967,-13.099999234080315,0.6062257868435552,0.6276472801952478
34.20000147074461,-13.099999234080315,0.6276472801952478,0.6062257868435552
34.15000146999955,-13.049999233335257,0.6062257868435552,0.6276472801952478
34.100001469254494,-13.049999233335257,0.6276472801952478,0.6062257868435552
34.050001468509436,-12.999999232590199,0.6062257868435552,0.6276472801952478
34.00000146776438,-12.999999232590199,0.6276472801952478,0.6062257868435552
33.95000146701932,-12.94999923184514,0.6062257868435552,0.6276472801952478
33.90000146627426,-12.94999923184514,0.6276472801952478,0.6062257868435552
33.8500014655292,-12.899999231100082,0.6062257868435552,0.6276472801952478
33.800001464784145,-12.899999231100082,0.6276472801952478,0.6062257868435552
33.75000146403909,-12.849999230355024,0.6062257868435552,0.6200609855626972
33.70000146329403,-12.849999230355024,0.6276472801952478,0.590569426822497
33.65000146254897,-12.799999229609966,0.6062257868435552,0.6062257868435552
33.60000146180391,-12.799999229609966,0.6276472801952478,0.5826238037869298
33.550001461058855,-12.749999228864908,0.6062257868435552,0.6062257868435552
33.5000014603138,-12.749999228864908,0.6276472801952478,0.5826238037869298
33.45000145956874,-12.69999922811985,0.6062257868435552,0.6062257868435552
33.40000145882368,-12.69999922811985,0.6276472801952478,0.5826238037869298
33.35000145807862,-12.649999227374792,0.6062257868435552,0.6062257868435552
33.300001457333565,-12.649999227374792,0.6276472801952478,0.5826238037869298
33.25000145658851,-12.599999226629734,0.6062257868435552,0.6062257868435552
33.20000145584345,-12.599999226629734,0.6276472801952478,0.5826238037869298
33.15000145509839,-12.549999225884676,0.6062257868435552,0.6062257868435552
33.10000145435333,-12.549999225884676,0.6276472801952478,0.5826238037869298
33.050001453608274,-12.499999225139618,0.6062257868435552,0.6062257868435552
33.000001452863216,-12.499999225139618,0.6276472801952478,0.5826238037869298
32.95000145211816,-12.44999922439456,0.6062257868435552,0.6077747331069568
32.9000014513731,-12.44999922439456,0.6246211374113445,0.590569426822497
32.85000145062804,-12.399999223649502,0.590569426822497,0.6246211374113445
32.750001449137926,-12.399999223649502,0.6246211374113445,0.5826238037869298
32.70000144839287,-12.349999222904444,0.590569426822497,0.6077747331069568
32.65000144764781,-12.349999222904444,0.6077747331069568,0.590569426822497
32.60000144690275,-12.299999222159386,0.5762087463794127,0.6246211374113445
32.500001445412636,-12.299999222159386,0.6077747331069568,0.590569426822497
32.45000144466758,-12.249999221414328,0.5762087463794127,0.6246211374113445
32.35000144317746,-12.249999221414328,0.6077747331069568,0.590569426822497
32.300001442432404,-12.19999922066927,0.5762087463794127,0.6246211374113445
32.20000144094229,-12.19999922066927,0.6077747331069568,0.590569426822497
32.15000144019723,-12.149999219924212,0.5762087463794127,0.6246211374113445
32.05000143870711,-12.149999219924212,0.6077747331069568,0.5826238037869298
32.000001437962055,-12.099999219179153,0.5762087463794127,0.6077747331069568
31.90000143647194,-12.099999219179153,0.6077747331069568,0.5762087463794127
31.85000143572688,-12.049999218434095,0.5762087463794127,0.6077747331069568
31.750001434236765,-12.049999218434095,0.6077747331069568,0.5762087463794127
31.700001433491707,-11.999999217689037,0.5762087463794127,0.6077747331069568
31.60000143200159,-11.999999217689037,0.6077747331069568,0.5762087463794127
31.550001431256533,-11.94999921694398,0.5762087463794127,0.6077747331069568
31.450001429766417,-11.94999921694398,0.6077747331069568,0.5762087463794127
31.40000142902136,-11.899999216198921,0.5762087463794127,0.6062257868435552
31.300001427531242,-11.899999216198921,0.6077747331069568,0.5615773219347772
31.250001426786184,-11.849999215453863,0.5762087463794127,0.590569426822497
31.200001426041126,-11.849999215453863,0.590569426822497,0.5762087463794127
31.150001425296068,-11.799999214708805,0.5615773219347772,0.6077747331069568
31.050001423805952,-11.799999214708805,0.590569426822497,0.5762087463794127
31.000001423060894,-11.749999213963747,0.5615773219347772,0.6077747331069568
30.85000142082572,-11.749999213963747,0.6015609890382593,0.5615773219347772
30.80000142008066,-11.699999213218689,0.5566373087958522,0.590569426822497
30.700001418590546,-11.699999213218689,0.5762087463794127,0.5615773219347772
30.650001417845488,-11.649999212473631,0.5433034484420096,0.5826238037869298
30.500001415610313,-11.649999212473631,0.5648529384361146,0.5280109997762609
30.450001414865255,-11.599999211728573,0.5280109997762609,0.5648529384361146
30.250001411885023,-11.599999211728573,0.5648529384361146,0.5158910638314256
30.200001411139965,-11.549999210983515,0.5280109997762609,0.5566373087958522
30.000001408159733,-11.549999210983515,0.5566373087958522,0.5158910638314256
29.950001407414675,-11.499999210238457,0.5158910638314256,0.5566373087958522
29.750001404434443,-11.499999210238457,0.5566373087958522,0.5158910638314256
29.700001403689384,-11.449999209493399,0.5158910638314256,0.5566373087958522
29.450001399964094,-11.449999209493399,0.5648529384361146,0.5158910638314256
29.400001399219036,-11.39999920874834,0.5280109997762609,0.5566373087958522
29.200001396238804,-11.39999920874834,0.5566373087958522,0.5158910638314256
29.150001395493746,-11.349999208003283,0.5158910638314256,0.5566373087958522
28.950001392513514,-11.349999208003283,0.5566373087958522,0.5158910638314256
28.900001391768456,-11.299999207258224,0.5158910638314256,0.5566373087958522
28.700001388788223,-11.299999207258224,0.5566373087958522,0.5158910638314256
28.650001388043165,-11.249999206513166,0.5158910638314256,0.5566373087958522
28.400001384317875,-11.249999206513166,0.551664830119324,0.5071067917232597
28.350001383572817,-11.199999205768108,0.5071067917232597,0.551664830119324
28.100001379847527,-11.199999205768108,0.5500000111758709,0.5071067917232597
28.05000137910247,-11.14999920502305,0.5000000104308129,0.551664830119324
27.75000137463212,-11.14999920502305,0.5280109997762609,0.49641942423666396
27.700001373887062,-11.099999204277992,0.49641942423666396,0.5280109997762609
27.25000136718154,-11.099999204277992,0.5280109997762609,0.49641942423666396
27.20000136643648,-11.049999203532934,0.49641942423666396,0.5280109997762609
26.75000135973096,-11.049999203532934,0.5280109997762609,0.5000000104308129
26.7000013589859,-10.999999202787876,0.49641942423666396,0.5433034484420096
26.25000135228038,-10.999999202787876,0.5280109997762609,0.5000000104308129
26.20000135153532,-10.949999202042818,0.49641942423666396,0.5433034484420096
25.70000134408474,-10.949999202042818,0.5280109997762609,0.5000000104308129
25.65000134333968,-10.89999920129776,0.49641942423666396,0.5433034484420096
25.20000133663416,-10.89999920129776,0.5280109997762609,0.5000000104308129
25.1500013358891,-10.849999200552702,0.49641942423666396,0.5433034484420096
24.65000132843852,-10.849999200552702,0.5433034484420096,0.5000000104308129
24.600001327693462,-10.799999199807644,0.5000000104308129,0.5433034484420096
24.15000132098794,-10.799999199807644,0.5433034484420096,0.5000000104308129
24.10000132024288,-10.749999199062586,0.5000000104308129,0.5433034484420096
23.700001314282417,-10.749999199062586,0.5280109997762609,0.4800735355706574
23.65000131353736,-10.699999198317528,0.49641942423666396,0.5158910638314256
23.40000130981207,-10.699999198317528,0.5158910638314256,0.4800735355706574
23.35000130906701,-10.64999919757247,0.4800735355706574,0.5158910638314256
23.10000130534172,-10.64999919757247,0.5158910638314256,0.4800735355706574
23.050001304596663,-10.599999196827412,0.4800735355706574,0.5158910638314256
22.85000130161643,-10.599999196827412,0.5071067917232597,0.4800735355706574
22.800001300871372,-10.549999196082354,0.4670832131466311,0.5158910638314256
22.500001296401024,-10.549999196082354,0.5071067917232597,0.4670832131466311
22.450001295655966,-10.499999195337296,0.4670832131466311,0.5071067917232597
22.200001291930676,-10.499999195337296,0.5071067917232597,0.4670832131466311
22.150001291185617,-10.449999194592237,0.4670832131466311,0.5071067917232597
21.900001287460327,-10.449999194592237,0.5071067917232597,0.4670832131466311
21.85000128671527,-10.39999919384718,0.4670832131466311,0.5071067917232597
21.60000128298998,-10.39999919384718,0.5071067917232597,0.4576473316980041
21.55000128224492,-10.349999193102121,0.4670832131466311,0.5017834528382981
21.30000127851963,-10.349999193102121,0.5071067917232597,0.4576473316980041
21.250001277774572,-10.299999192357063,0.4670832131466311,0.5017834528382981
21.000001274049282,-10.299999192357063,0.5071067917232597,0.4576473316980041
20.950001273304224,-10.249999191612005,0.4670832131466311,0.5017834528382981
20.80000127106905,-10.249999191612005,0.5071067917232597,0.4800735355706574
20.75000127032399,-10.199999190866947,0.4670832131466311,0.5158910638314256
20.600001268088818,-10.199999190866947,0.5071067917232597,0.4670832131466311
20.55000126734376,-10.14999919012189,0.4670832131466311,0.49641942423666396
20.450001265853643,-10.14999919012189,0.49641942423666396,0.4670832131466311
20.400001265108585,-10.099999189376831,0.4670832131466311,0.5071067917232597
20.25000126287341,-10.099999189376831,0.5158910638314256,0.4670832131466311
20.200001262128353,-10.049999188631773,0.4800735355706574,0.4946222098231675
20.150001261383295,-10.049999188631773,0.49641942423666396,0.4708204032459398
20.100001260638237,-9.999999187886715,0.4708204032459398,0.4946222098231675
20.05000125989318,-9.999999187886715,0.4946222098231675,0.4708204032459398
20.00000125914812,-9.949999187141657,0.4708204032459398,0.4946222098231675
19.950001258403063,-9.949999187141657,0.4946222098231675,0.4708204032459398
19.900001257658005,-9.899999186396599,0.4708204032459398,0.49641942423666396
19.80000125616789,-9.899999186396599,0.5158910638314256,0.4670832131466311
19.75000125542283,-9.84999918565154,0.4946222098231675,0.4946222098231675
19.700001254677773,-9.84999918565154,0.5211102658381779,0.4708204032459398
19.600001253187656,-9.749999184161425,0.4946222098231675,0.4946222098231675
19.5500012524426,-9.749999184161425,0.5211102658381779,0.4708204032459398
19.400001250207424,-9.59999918192625,0.4946222098231675,0.5106335307668594
19.350001249462366,-9.59999918192625,0.5211102658381779,0.4800735355706574
18.800001241266727,-9.049999173730612,0.5211102658381779,0.4946222098231675
18.800001241266727,-8.999999172985554,0.4946222098231675,0.5211102658381779
18.550001237541437,-8.749999169260263,0.5071067917232597,0.4708204032459398
18.550001237541437,-8.699999168515205,0.47268121237741656,0.4946222098231675
18.50000123679638,-8.649999167770147,0.4800735355706574,0.4708204032459398
18.50000123679638,-8.59999916702509,0.45192025023463345,0.4946222098231675
18.400001235306263,-8.499999165534973,0.4800735355706574,0.4708204032459398
18.400001235306263,-8.449999164789915,0.45192025023463345,0.4946222098231675
18.350001234561205,-8.399999164044857,0.4708204032459398,0.4708204032459398
18.350001234561205,-8.349999163299799,0.44031243328468356,0.4946222098231675
18.300001233816147,-8.299999162554741,0.45192025023463345,0.4708204032459398
18.300001233816147,-8.249999161809683,0.4264982136426342,0.4946222098231675
18.20000123232603,-8.149999160319567,0.4708204032459398,0.4500000096857548
18.20000123232603,-8.099999159574509,0.44031243328468356,0.4708204032459398
18.150001231580973,-8.04999915882945,0.45192025023463345,0.4500000096857548
18.150001231580973,-7.9999991580843925,0.4264982136426342,0.4708204032459398
18.100001230835915,-7.9499991573393345,0.4500000096857548,0.4500000096857548
18.100001230835915,-7.899999156594276,0.4264982136426342,0.4670832131466311
18.050001230090857,-7.849999155849218,0.4500000096857548,0.4324555414579977
18.050001230090857,-7.749999154359102,0.4184658530585083,0.4670832131466311
18.0000012293458,-7.699999153614044,0.4500000096857548,0.4324555414579977
18.0000012293458,-7.599999152123928,0.4041523076822994,0.4670832131466311
17.95000122860074,-7.54999915137887,0.4324555414579977,0.4324555414579977
17.95000122860074,-7.449999149888754,0.4041523076822994,0.4708204032459398
17.900001227855682,-7.399999149143696,0.4324555414579977,0.4500000096857548
17.900001227855682,-7.349999148398638,0.4184658530585083,0.4670832131466311
17.850001227110624,-7.29999914765358,0.4576473316980041,0.4324555414579977
17.850001227110624,-7.199999146163464,0.4324555414579977,0.4670832131466311
17.800001226365566,-7.1499991454184055,0.4670832131466311,0.4324555414579977
17.800001226365566,-6.999999143183231,0.4324555414579977,0.4670832131466311
17.750001225620508,-6.949999142438173,0.4670832131466311,0.4324555414579977
17.750001225620508,-6.699999138712883,0.4324555414579977,0.4800735355706574
17.70000122487545,-6.649999137967825,0.4670832131466311,0.4500000096857548
17.70000122487545,-6.349999133497477,0.4500000096857548,0.49641942423666396
17.650001224130392,-6.2999991327524185,0.5000000104308129,0.4500000096857548
17.650001224130392,-5.049999114125967,0.5000000104308129,0.4670832131466311
17.70000122487545,-4.999999113380909,0.4500000096857548,0.5071067917232597
17.70000122487545,-4.6499991081655025,0.4670832131466311,0.45192025023463345
17.750001225620508,-4.5999991074204445,0.4324555414579977,0.5000000104308129
17.750001225620508,-4.249999102205038,0.4576473316980041,0.4500000096857548
17.800001226365566,-4.19999910145998,0.4184658530585083,0.49641942423666396
17.800001226365566,-3.9999990984797478,0.4576473316980041,0.4500000096857548
17.850001227110624,-3.9499990977346897,0.4184658530585083,0.4800735355706574
17.850001227110624,-3.8499990962445736,0.4500000096857548,0.4500000096857548
17.900001227855682,-3.7999990954995155,0.4082762620938444,0.4800735355706574
17.900001227855682,-3.6999990940093994,0.4324555414579977,0.4500000096857548
17.95000122860074,-3.6499990932643414,0.4041523076822994,0.4800735355706574
17.95000122860074,-3.5499990917742252,0.4324555414579977,0.4500000096857548
18.0000012293458,-3.499999091029167,0.4041523076822994,0.4800735355706574
18.0000012293458,-3.399999089539051,0.4500000096857548,0.4500000096857548
18.050001230090857,-3.349999088793993,0.4184658530585083,0.4800735355706574
18.050001230090857,-3.299999088048935,0.4324555414579977,0.4670832131466311
18.100001230835915,-3.249999087303877,0.4041523076822994,0.4946222098231675
18.100001230835915,-3.199999086558819,0.4264982136426342,0.4708204032459398
18.150001231580973,-3.1499990858137608,0.41032778988127777,0.4946222098231675
18.150001231580973,-3.0999990850687027,0.44031243328468356,0.4708204032459398
18.25000123307109,-2.9999990835785866,0.4041523076822994,0.5158910638314256
18.25000123307109,-2.9499990828335285,0.4264982136426342,0.4946222098231675
18.300001233816147,-2.8999990820884705,0.41032778988127777,0.5158910638314256
18.300001233816147,-2.8499990813434124,0.44031243328468356,0.4946222098231675
18.350001234561205,-2.7999990805983543,0.4264982136426342,0.5158910638314256
18.350001234561205,-2.7499990798532963,0.45192025023463345,0.4946222098231675
18.45000123605132,-2.64999907836318,0.43639611255093375,0.5071067917232597
18.45000123605132,-2.599999077618122,0.4708204032459398,0.47268121237741656
18.650001239031553,-2.39999907463789,0.43639611255093375,0.5106335307668594
18.650001239031553,-2.349999073892832,0.4708204032459398,0.4800735355706574
18.800001241266727,-2.1999990716576576,0.43639611255093375,0.5106335307668594
18.800001241266727,-2.1499990709125996,0.4717514521370966,0.4800735355706574
20.100001260638237,-0.84999905154109,0.47268121237741656,0.5071067917232597
20.150001261383295,-0.84999905154109,0.44031243328468356,0.5382411640123205
20.25000126287341,-0.7499990500509739,0.4708204032459398,0.5106335307668594
20.30000126361847,-0.7499990500509739,0.4500000096857548,0.5433034484420096
20.350001264363527,-0.6999990493059158,0.4708204032459398,0.5382411640123205
20.400001265108585,-0.6999990493059158,0.4500000096857548,0.5615773219347772
20.5000012665987,-0.5999990478157997,0.4800735355706574,0.5158910638314256
20.55000126734376,-0.5999990478157997,0.45192025023463345,0.5382411640123205
20.600001268088818,-0.5499990470707417,0.4708204032459398,0.5211102658381779
20.650001268833876,-0.5499990470707417,0.4500000096857548,0.5500000111758709
20.700001269578934,-0.4999990463256836,0.4708204032459398,0.5280109997762609
20.75000127032399,-0.4999990463256836,0.4500000096857548,0.5433034484420096
20.80000127106905,-0.44999904558062553,0.4800735355706574,0.5158910638314256
20.850001271814108,-0.44999904558062553,0.4670832131466311,0.5280109997762609
20.900001272559166,-0.3999990448355675,0.49641942423666396,0.49641942423666396
21.000001274049282,-0.3999990448355675,0.4670832131466311,0.5280109997762609
21.05000127479434,-0.3499990440905094,0.49641942423666396,0.49641942423666396
21.250001277774572,-0.3499990440905094,0.4324555414579977,0.5017834528382981
21.30000127851963,-0.29999904334545135,0.4670832131466311,0.4576473316980041
21.500001281499863,-0.29999904334545135,0.4184658530585083,0.5000000104308129
21.55000128224492,-0.2499990426003933,0.4576473316980041,0.4500000096857548
21.80000128597021,-0.2499990426003933,0.4184658530585083,0.49641942423666396
21.85000128671527,-0.19999904185533524,0.4576473316980041,0.4500000096857548
22.400001294910908,-0.19999904185533524,0.4500000096857548,0.5071067917232597
22.450001295655966,-0.14999904111027718,0.5000000104308129,0.4670832131466311
27.45000137016177,-0.14999904111027718,0.4500000096857548,0.5071067917232597
27.50000137090683,-0.09999904036521912,0.4800735355706574,0.4670832131466311
27.650001373142004,-0.09999904036521912,0.4324555414579977,0.5158910638314256
27.700001373887062,-0.049999039620161057,0.4670832131466311,0.4800735355706574
27.800001375377178,-0.049999039620161057,0.4264982136426342,0.5158910638314256
27.850001376122236,9.611248970031738e-07,0.4500000096857548,0.4800735355706574
27.900001376867294,9.611248970031738e-07,0.4264982136426342,0.49641942423666396
27.950001377612352,0.05000096186995506,0.4500000096857548,0.4708204032459398
28.00000137835741,0.05000096186995506,0.4264982136426342,0.4946222098231675
28.05000137910247,0.10000096261501312,0.44031243328468356,0.4708204032459398
28.100001379847527,0.10000096261501312,0.41032778988127777,0.4946222098231675
28.200001381337643,0.20000096410512924,0.44031243328468356,0.45192025023463345
28.2500013820827,0.20000096410512924,0.41032778988127777,0.4800735355706574
28.350001383572817,0.30000096559524536,0.43639611255093375,0.45192025023463345
28.400001384317875,0.30000096559524536,0.4020797379113019,0.4800735355706574
28.950001392513514,0.850000973790884,0.41032778988127777,0.4946222098231675
28.950001392513514,0.9000009745359421,0.44031243328468356,0.4708204032459398
29.100001394748688,1.0500009767711163,0.41032778988127777,0.5158910638314256
29.100001394748688,1.1000009775161743,0.44031243328468356,0.4946222098231675
29.150001395493746,1.1500009782612324,0.43639611255093375,0.5158910638314256
29.150001395493746,1.2000009790062904,0.4708204032459398,0.4946222098231675
29.250001396983862,1.3000009804964066,0.44031243328468356,0.5382411640123205
29.250001396983862,1.3500009812414646,0.4708204032459398,0.5158910638314256
29.30000139772892,1.4000009819865227,0.4500000096857548,0.5382411640123205
29.30000139772892,1.4500009827315807,0.4708204032459398,0.5158910638314256
29.350001398473978,1.5000009834766388,0.4500000096857548,0.5433034484420096
29.350001398473978,1.600000984966755,0.4946222098231675,0.5158910638314256
29.400001399219036,1.650000985711813,0.4800735355706574,0.5566373087958522
29.400001399219036,1.750000987201929,0.5158910638314256,0.5280109997762609
29.450001399964094,1.8000009879469872,0.4800735355706574,0.5615773219347772
29.450001399964094,2.0000009909272194,0.5433034484420096,0.5071067917232597
29.500001400709152,2.0500009916722775,0.5000000104308129,0.551664830119324
29.500001400709152,2.350000996142626,0.5500000111758709,0.5158910638314256
29.55000140145421,2.400000996887684,0.5000000104308129,0.5566373087958522
29.55000140145421,3.200001008808613,0.5000000104308129,0.5500000111758709
29.500001400709152,3.250001009553671,0.5433034484420096,0.5000000104308129
29.500001400709152,3.5500010140240192,0.49641942423666396,0.5280109997762609
29.450001399964094,3.6000010147690773,0.5280109997762609,0.49641942423666396
29.450001399964094,3.7500010170042515,0.4800735355706574,0.5280109997762609
29.400001399219036,3.8000010177493095,0.5158910638314256,0.49641942423666396
29.400001399219036,3.9000010192394257,0.4800735355706574,0.5280109997762609
29.350001398473978,3.9500010199844837,0.5158910638314256,0.49641942423666396
29.350001398473978,4.0500010214746,0.4708204032459398,0.5382411640123205
29.30000139772892,4.100001022219658,0.4946222098231675,0.5158910638314256
29.30000139772892,4.150001022964716,0.4708204032459398,0.5382411640123205
29.250001396983862,4.200001023709774,0.4946222098231675,0.5158910638314256
29.250001396983862,4.250001024454832,0.4708204032459398,0.5382411640123205
29.150001395493746,4.350001025944948,0.5071067917232597,0.4946222098231675
29.150001395493746,4.400001026690006,0.47268121237741656,0.5158910638314256
29.05000139400363,4.500001028180122,0.4946222098231675,0.4800735355706574
29.05000139400363,4.55000102892518,0.4708204032459398,0.5106335307668594
28.900001391768456,4.700001031160355,0.5106335307668594,0.47268121237741656
28.900001391768456,4.750001031905413,0.4800735355706574,0.5071067917232597
28.75000138953328,4.900001034140587,0.5106335307668594,0.47268121237741656
28.75000138953328,4.950001034885645,0.4800735355706574,0.5071067917232597
28.600001387298107,5.100001037120819,0.5106335307668594,0.47268121237741656
28.600001387298107,5.150001037865877,0.4800735355706574,0.5071067917232597
28.450001385062933,5.300001040101051,0.5106335307668594,0.4800735355706574
28.450001385062933,5.350001040846109,0.4800735355706574,0.5106335307668594
28.100001379847527,5.700001046061516,0.5433034484420096,0.5071067917232597
28.100001379847527,5.750001046806574,0.5106335307668594,0.5382411640123205
27.900001376867294,5.950001049786806,0.5500000111758709,0.5071067917232597
27.900001376867294,6.000001050531864,0.5211102658381779,0.5424621313094227
27.150001365691423,6.750001061707735,0.5424621313094227,0.4946222098231675
27.150001365691423,6.800001062452793,0.5071067917232597,0.5211102658381779
27.00000136345625,6.950001064687967,0.4946222098231675,0.5071067917232597
26.95000136271119,6.950001064687967,0.5211102658381779,0.4717514521370966
25.100001335144043,8.800001092255116,0.4946222098231675,0.5071067917232597
25.050001334398985,8.800001092255116,0.5211102658381779,0.47268121237741656
24.300001323223114,9.550001103430986,0.5071067917232597,0.5106335307668594
24.250001322478056,9.550001103430986,0.5424621313094227,0.4800735355706574
23.250001307576895,10.550001118332148,0.5382411640123205,0.5424621313094227
23.200001306831837,10.550001118332148,0.563216887496505,0.5071067917232597
22.60000129789114,11.150001127272844,0.5382411640123205,0.5424621313094227
22.550001297146082,11.150001127272844,0.563216887496505,0.5071067917232597
22.200001291930676,11.50000113248825,0.5382411640123205,0.5424621313094227
22.150001291185617,11.50000113248825,0.563216887496505,0.5071067917232597
21.80000128597021,11.850001137703657,0.5106335307668594,0.5106335307668594
21.750001285225153,11.850001137703657,0.5433034484420096,0.4800735355706574
21.250001277774572,12.350001145154238,0.4946222098231675,0.5071067917232597
21.200001277029514,12.350001145154238,0.5211102658381779,0.4717514521370966
20.900001272559166,12.650001149624586,0.4946222098231675,0.5071067917232597
20.850001271814108,12.650001149624586,0.5211102658381779,0.4717514521370966
20.5000012665987,13.000001154839993,0.47268121237741656,0.4800735355706574
20.450001265853643,13.000001154839993,0.5071067917232597,0.45192025023463345
20.05000125989318,13.400001160800457,0.4717514521370966,0.4717514521370966
20.00000125914812,13.400001160800457,0.5071067917232597,0.43639611255093375
19.75000125542283,13.650001164525747,0.4717514521370966,0.47268121237741656
19.700001254677773,13.650001164525747,0.5071067917232597,0.44031243328468356
19.50000125169754,13.85000116750598,0.4717514521370966,0.47268121237741656
19.450001250952482,13.85000116750598,0.5071067917232597,0.44031243328468356
19.25000124797225,14.050001170486212,0.4800735355706574,0.4800735355706574
19.200001247227192,14.050001170486212,0.5106335307668594,0.45192025023463345
18.9500012435019,14.300001174211502,0.4800735355706574,0.4946222098231675
18.900001242756844,14.300001174211502,0.5106335307668594,0.4708204032459398
18.70000123977661,14.500001177191734,0.4946222098231675,0.5071067917232597
18.650001239031553,14.500001177191734,0.5211102658381779,0.4717514521370966
18.400001235306263,14.750001180917025,0.5071067917232597,0.5106335307668594
18.350001234561205,14.750001180917025,0.5382411640123205,0.4800735355706574
18.25000123307109,14.85000118240714,0.5106335307668594,0.5106335307668594
18.20000123232603,14.85000118240714,0.5433034484420096,0.4800735355706574
18.050001230090857,15.000001184642315,0.5211102658381779,0.5211102658381779
18.0000012293458,15.000001184642315,0.5500000111758709,0.4946222098231675
17.900001227855682,15.100001186132431,0.5211102658381779,0.5382411640123205
17.850001227110624,15.100001186132431,0.5500000111758709,0.5158910638314256
17.800001226365566,15.150001186877489,0.5382411640123205,0.5382411640123205
17.750001225620508,15.150001186877489,0.5615773219347772,0.5158910638314256
17.70000122487545,15.200001187622547,0.5382411640123205,0.5382411640123205
17.650001224130392,15.200001187622547,0.563216887496505,0.5158910638314256
17.550001222640276,15.300001189112663,0.5382411640123205,0.5615773219347772
17.500001221895218,15.300001189112663,0.5615773219347772,0.5382411640123205
17.45000122115016,15.350001189857721,0.5280109997762609,0.5615773219347772
17.350001219660044,15.350001189857721,0.5615773219347772,0.5158910638314256
17.300001218914986,15.40000119060278,0.5382411640123205,0.5382411640123205
17.250001218169928,15.40000119060278,0.5615773219347772,0.5158910638314256
17.20000121742487,15.450001191347837,0.5382411640123205,0.5382411640123205
17.15000121667981,15.450001191347837,0.5615773219347772,0.5158910638314256
17.100001215934753,15.500001192092896,0.5382411640123205,0.5382411640123205
17.050001215189695,15.500001192092896,0.5615773219347772,0.5158910638314256
17.000001214444637,15.550001192837954,0.5382411640123205,0.5382411640123205
16.95000121369958,15.550001192837954,0.5615773219347772,0.5158910638314256
16.90000121295452,15.600001193583012,0.5382411640123205,0.5433034484420096
16.850001212209463,15.600001193583012,0.5615773219347772,0.5280109997762609
16.800001211464405,15.65000119432807,0.5382411640123205,0.5615773219347772
16.750001210719347,15.65000119432807,0.5615773219347772,0.5433034484420096
16.70000120997429,15.700001195073128,0.5382411640123205,0.5762087463794127
16.600001208484173,15.700001195073128,0.5648529384361146,0.5433034484420096
16.550001207739115,15.750001195818186,0.5280109997762609,0.5762087463794127
16.450001206249,15.750001195818186,0.5615773219347772,0.5433034484420096
16.40000120550394,15.800001196563244,0.5280109997762609,0.5762087463794127
16.300001204013824,15.800001196563244,0.5615773219347772,0.5433034484420096
16.250001203268766,15.850001197308302,0.5280109997762609,0.5762087463794127
16.100001201033592,15.850001197308302,0.5648529384361146,0.5280109997762609
16.050001200288534,15.90000119805336,0.5280109997762609,0.5615773219347772
15.950001198798418,15.90000119805336,0.5615773219347772,0.5280109997762609
15.90000119805336,15.950001198798418,0.5280109997762609,0.5615773219347772
15.750001195818186,15.950001198798418,0.5648529384361146,0.5158910638314256
15.700001195073128,16.000001199543476,0.5280109997762609,0.5566373087958522
15.450001191347837,16.000001199543476,0.5648529384361146,0.5158910638314256
15.40000119060278,16.050001200288534,0.5280109997762609,0.5566373087958522
15.150001186877489,16.050001200288534,0.551664830119324,0.5158910638314256
15.100001186132431,16.100001201033592,0.5071067917232597,0.5566373087958522
13.250001158565283,16.100001201033592,0.4800735355706574,0.5071067917232597
13.200001157820225,16.050001200288534,0.5158910638314256,0.4670832131466311
12.950001154094934,16.050001200288534,0.4800735355706574,0.5071067917232597
12.900001153349876,16.000001199543476,0.5158910638314256,0.4670832131466311
12.700001150369644,16.000001199543476,0.4800735355706574,0.5017834528382981
12.650001149624586,15.950001198798418,0.5158910638314256,0.4576473316980041
12.400001145899296,15.950001198798418,0.4800735355706574,0.5017834528382981
12.350001145154238,15.90000119805336,0.5158910638314256,0.4576473316980041
12.100001141428947,15.90000119805336,0.4800735355706574,0.5017834528382981
12.05000114068389,15.850001197308302,0.5158910638314256,0.4576473316980041
11.850001137703657,15.850001197308302,0.4800735355706574,0.5071067917232597
11.800001136958599,15.800001196563244,0.5158910638314256,0.4670832131466311
11.650001134723425,15.800001196563244,0.5000000104308129,0.5158910638314256
11.600001133978367,15.750001195818186,0.5433034484420096,0.4800735355706574
11.400001130998135,15.750001195818186,0.5017834528382981,0.5280109997762609
11.350001130253077,15.700001195073128,0.5500000111758709,0.49641942423666396
11.200001128017902,15.700001195073128,0.5158910638314256,0.5280109997762609
11.150001127272844,15.65000119432807,0.5566373087958522,0.49641942423666396
11.050001125782728,15.65000119432807,0.5280109997762609,0.5280109997762609
11.00000112503767,15.600001193583012,0.5615773219347772,0.49641942423666396
10.850001122802496,15.600001193583012,0.5158910638314256,0.5280109997762609
10.800001122057438,15.550001192837954,0.5566373087958522,0.49641942423666396
10.700001120567322,15.550001192837954,0.5280109997762609,0.5280109997762609
10.650001119822264,15.500001192092896,0.5615773219347772,0.49641942423666396
10.550001118332148,15.500001192092896,0.5280109997762609,0.5158910638314256
10.50000111758709,15.450001191347837,0.5615773219347772,0.4800735355706574
10.350001115351915,15.450001191347837,0.5158910638314256,0.5158910638314256
10.300001114606857,15.40000119060278,0.5566373087958522,0.4800735355706574
10.200001113116741,15.40000119060278,0.5280109997762609,0.5158910638314256
10.150001112371683,15.350001189857721,0.5615773219347772,0.4800735355706574
10.000001110136509,15.350001189857721,0.5158910638314256,0.5158910638314256
9.95000110939145,15.300001189112663,0.5433034484420096,0.4800735355706574
9.850001107901335,15.300001189112663,0.5158910638314256,0.5158910638314256
9.800001107156277,15.250001188367605,0.5566373087958522,0.4800735355706574
9.650001104921103,15.250001188367605,0.5158910638314256,0.5158910638314256
9.600001104176044,15.200001187622547,0.5433034484420096,0.4800735355706574
9.500001102685928,15.200001187622547,0.5158910638314256,0.5158910638314256
9.45000110194087,15.150001186877489,0.5566373087958522,0.4800735355706574
9.350001100450754,15.150001186877489,0.5280109997762609,0.5158910638314256
9.300001099705696,15.100001186132431,0.5615773219347772,0.4946222098231675
9.20000109821558,15.100001186132431,0.5280109997762609,0.5280109997762609
9.150001097470522,15.050001185387373,0.5615773219347772,0.49641942423666396
9.050001095980406,15.050001185387373,0.5280109997762609,0.5280109997762609
9.000001095235348,15.000001184642315,0.5615773219347772,0.49641942423666396
8.95000109449029,15.000001184642315,0.5382411640123205,0.5158910638314256
8.900001093745232,14.950001183897257,0.5615773219347772,0.4946222098231675
8.850001093000174,14.950001183897257,0.5382411640123205,0.5158910638314256
8.800001092255116,14.900001183152199,0.5615773219347772,0.4800735355706574
8.700001090765,14.900001183152199,0.5280109997762609,0.5158910638314256
8.650001090019941,14.85000118240714,0.5615773219347772,0.4946222098231675
8.600001089274883,14.85000118240714,0.5382411640123205,0.5158910638314256
8.550001088529825,14.800001181662083,0.5615773219347772,0.4800735355706574
8.500001087784767,14.800001181662083,0.5382411640123205,0.49641942423666396
8.450001087039709,14.750001180917025,0.5615773219347772,0.4708204032459398
8.350001085549593,14.750001180917025,0.5158910638314256,0.5158910638314256
8.300001084804535,14.700001180171967,0.5382411640123205,0.4800735355706574
8.250001084059477,14.700001180171967,0.5158910638314256,0.49641942423666396
8.200001083314419,14.650001179426908,0.5382411640123205,0.4670832131466311
8.15000108256936,14.650001179426908,0.5158910638314256,0.4800735355706574
8.100001081824303,14.60000117868185,0.5382411640123205,0.4500000096857548
8.050001081079245,14.60000117868185,0.5158910638314256,0.4708204032459398
8.000001080334187,14.550001177936792,0.5433034484420096,0.45192025023463345
7.9500010795891285,14.550001177936792,0.5280109997762609,0.4800735355706574
7.90000107884407,14.500001177191734,0.5615773219347772,0.4708204032459398
7.850001078099012,14.500001177191734,0.5382411640123205,0.4946222098231675
7.800001077353954,14.450001176446676,0.5615773219347772,0.4708204032459398
7.750001076608896,14.450001176446676,0.5382411640123205,0.4946222098231675
7.65000107511878,14.35000117495656,0.563216887496505,0.4708204032459398
7.600001074373722,14.35000117495656,0.5382411640123205,0.4946222098231675
7.500001072883606,14.250001173466444,0.563216887496505,0.45192025023463345
7.450001072138548,14.250001173466444,0.5382411640123205,0.4800735355706574
7.40000107139349,14.200001172721386,0.5500000111758709,0.4708204032459398
7.350001070648432,14.200001172721386,0.5211102658381779,0.4946222098231675
7.250001069158316,14.10000117123127,0.5500000111758709,0.45192025023463345
7.200001068413258,14.10000117123127,0.5211102658381779,0.4800735355706574
7.1000010669231415,14.000001169741154,0.5500000111758709,0.4500000096857548
7.050001066178083,14.000001169741154,0.5211102658381779,0.4708204032459398
6.950001064687967,13.900001168251038,0.5433034484420096,0.44031243328468356
6.900001063942909,13.900001168251038,0.5106335307668594,0.4708204032459398
6.800001062452793,13.800001166760921,0.5382411640123205,0.44031243328468356
6.750001061707735,13.800001166760921,0.5106335307668594,0.4708204032459398
6.600001059472561,13.650001164525747,0.5500000111758709,0.43639611255093375
6.550001058727503,13.650001164525747,0.5211102658381779,0.4717514521370966
6.400001056492329,13.500001162290573,0.5500000111758709,0.44031243328468356
6.350001055747271,13.500001162290573,0.5211102658381779,0.47268121237741656
6.000001050531864,13.150001157075167,0.5500000111758709,0.43639611255093375
5.950001049786806,13.150001157075167,0.5211102658381779,0.4708204032459398
5.700001046061516,12.900001153349876,0.5424621313094227,0.4264982136426342
5.650001045316458,12.900001153349876,0.5071067917232597,0.45192025023463345
5.350001040846109,12.600001148879528,0.5424621313094227,0.41032778988127777
5.300001040101051,12.600001148879528,0.5071067917232597,0.44031243328468356
5.100001037120819,12.400001145899296,0.5382411640123205,0.41032778988127777
5.050001036375761,12.400001145899296,0.5071067917232597,0.44031243328468356
4.200001023709774,11.550001133233309,0.5071067917232597,0.43639611255093375
4.200001023709774,11.50000113248825,0.5382411640123205,0.40104077296477064
3.7000010162591934,11.00000112503767,0.5071067917232597,0.43639611255093375
3.7000010162591934,10.950001124292612,0.5382411640123205,0.40104077296477064
3.400001011788845,10.650001119822264,0.4800735355706574,0.44031243328468356
3.400001011788845,10.600001119077206,0.5106335307668594,0.41032778988127777
3.300001010298729,10.50000111758709,0.4800735355706574,0.43639611255093375
3.300001010298729,10.450001116842031,0.5106335307668594,0.4020797379113019
3.200001008808613,10.350001115351915,0.4800735355706574,0.4264982136426342
3.200001008808613,10.300001114606857,0.5106335307668594,0.4020797379113019
3.1000010073184967,10.200001113116741,0.4800735355706574,0.4264982136426342
3.1000010073184967,10.150001112371683,0.5106335307668594,0.40104077296477064
3.0000010058283806,10.050001110881567,0.4708204032459398,0.41032778988127777
3.0000010058283806,10.000001110136509,0.4946222098231675,0.3830951981733255
2.9000010043382645,9.900001108646393,0.4708204032459398,0.4264982136426342
2.9000010043382645,9.850001107901335,0.4946222098231675,0.4041523076822994
2.8500010035932064,9.800001107156277,0.4800735355706574,0.4264982136426342
2.8500010035932064,9.750001106411219,0.5106335307668594,0.4041523076822994
2.7500010021030903,9.650001104921103,0.4670832131466311,0.4500000096857548
2.7500010021030903,9.550001103430986,0.49641942423666396,0.4041523076822994
2.7000010013580322,9.500001102685928,0.4708204032459398,0.4264982136426342
2.7000010013580322,9.45000110194087,0.4946222098231675,0.4041523076822994
2.650001000612974,9.400001101195812,0.4708204032459398,0.4264982136426342
2.650001000612974,9.350001100450754,0.4946222098231675,0.4041523076822994
2.600000999867916,9.300001099705696,0.4670832131466311,0.4264982136426342
2.600000999867916,9.250001098960638,0.4800735355706574,0.4041523076822994
2.550000999122858,9.20000109821558,0.4500000096857548,0.4264982136426342
2.550000999122858,9.150001097470522,0.4708204032459398,0.4041523076822994
2.5000009983778,9.100001096725464,0.4500000096857548,0.4324555414579977
2.5000009983778,9.000001095235348,0.4946222098231675,0.4041523076822994
2.450000997632742,8.95000109449029,0.4670832131466311,0.4324555414579977
2.450000997632742,8.900001093745232,0.4800735355706574,0.4184658530585083
2.400000996887684,8.850001093000174,0.4500000096857548,0.4500000096857548
2.400000996887684,8.700001090765,0.4800735355706574,0.4041523076822994
2.350000996142626,8.650001090019941,0.4500000096857548,0.4324555414579977
2.350000996142626,8.550001088529825,0.4670832131466311,0.4041523076822994
2.3000009953975677,8.500001087784767,0.4324555414579977,0.4324555414579977
2.3000009953975677,8.400001086294651,0.4670832131466311,0.4082762620938444
2.2500009946525097,8.350001085549593,0.4324555414579977,0.4500000096857548
2.2500009946525097,8.050001081079245,0.45192025023463345,0.40000000894069676
2.2000009939074516,8.000001080334187,0.4082762620938444,0.4500000096857548
2.2000009939074516,4.700001031160355,0.40000000894069676,0.4500000096857548
2.2500009946525097,4.6500010304152966,0.4500000096857548,0.40000000894069676
2.2500009946525097,2.2500009946525097,0.40000000894069676,0.4500000096857548
2.3000009953975677,2.2000009939074516,0.4500000096857548,0.40000000894069676
2.3000009953975677,-0.14999904111027718,0.40000000894069676,0.4500000096857548
2.350000996142626,-0.19999904185533524,0.4500000096857548,0.40000000894069676
2.350000996142626,-2.599999077618122,0.40000000894069676,0.4500000096857548
2.400000996887684,-2.64999907836318,0.4500000096857548,0.40000000894069676
2.400000996887684,-5.49999912083149,0.4020797379113019,0.4500000096857548
2.450000997632742,-5.549999121576548,0.4500000096857548,0.40000000894069676
2.450000997632742,-8.649999167770147,0.4020797379113019,0.4500000096857548
2.5000009983778,-8.699999168515205,0.4500000096857548,0.40000000894069676
2.5000009983778,-11.799999214708805,0.4020797379113019,0.4500000096857548
2.550000999122858,-11.849999215453863,0.4500000096857548,0.40000000894069676
2.550000999122858,-14.699999257922173,0.4500000096857548,0.49641942423666396
2.600000999867916,-14.74999925866723,0.49641942423666396,0.4500000096857548
2.600000999867916,-17.149999294430017,0.4500000096857548,0.5000000104308129
2.650001000612974,-17.199999295175076,0.5000000104308129,0.4500000096857548
2.650001000612974,-19.599999330937862,0.4500000096857548,0.5000000104308129
2.7000010013580322,-19.64999933168292,0.5000000104308129,0.4500000096857548
2.7000010013580322,-21.99999936670065,0.4500000096857548,0.5000000104308129
2.7500010021030903,-22.049999367445707,0.5000000104308129,0.4500000096857548
2.7500010021030903,-24.449999403208494,0.45192025023463345,0.5000000104308129
2.8000010028481483,-24.499999403953552,0.5000000104308129,0.4500000096857548
2.8000010028481483,-27.599999450147152,0.45192025023463345,0.5000000104308129
2.8500010035932064,-27.64999945089221,0.5000000104308129,0.4500000096857548
2.8500010035932064,-31.49999950826168,0.5433034484420096,0.4800735355706574
2.8000010028481483,-31.54999950900674,0.5000000104308129,0.5158910638314256
2.8000010028481483,-31.79999951273203,0.5433034484420096,0.4670832131466311
2.7500010021030903,-31.849999513477087,0.5017834528382981,0.5071067917232597
2.7500010021030903,-32.04999951645732,0.5433034484420096,0.4670832131466311
2.7000010013580322,-32.09999951720238,0.5017834528382981,0.5071067917232597
2.7000010013580322,-32.29999952018261,0.5433034484420096,0.4670832131466311
2.650001000612974,-32.34999952092767,0.5017834528382981,0.5071067917232597
2.650001000612974,-32.5499995239079,0.5433034484420096,0.4670832131466311
2.600000999867916,-32.59999952465296,0.5158910638314256,0.5071067917232597
2.600000999867916,-32.699999526143074,0.5433034484420096,0.49641942423666396
2.550000999122858,-32.74999952688813,0.5158910638314256,0.5280109997762609
2.550000999122858,-32.899999529123306,0.5615773219347772,0.5017834528382981
2.5000009983778,-32.949999529868364,0.5280109997762609,0.5433034484420096
2.5000009983778,-33.09999953210354,0.5762087463794127,0.49641942423666396
2.450000997632742,-33.1499995328486,0.5433034484420096,0.5280109997762609
2.450000997632742,-33.24999953433871,0.5762087463794127,0.49641942423666396
2.400000996887684,-33.29999953508377,0.5433034484420096,0.5280109997762609
2.400000996887684,-33.39999953657389,0.5762087463794127,0.49641942423666396
2.350000996142626,-33.449999537318945,0.5433034484420096,0.5280109997762609
2.350000996142626,-33.54999953880906,0.5762087463794127,0.5071067917232597
2.3000009953975677,-33.59999953955412,0.5433034484420096,0.5433034484420096
2.3000009953975677,-33.699999541044235,0.5762087463794127,0.5158910638314256
2.2500009946525097,-33.74999954178929,0.5433034484420096,0.5433034484420096
2.2500009946525097,-33.84999954327941,0.5826238037869298,0.5158910638314256
2.2000009939074516,-33.89999954402447,0.5615773219347772,0.5433034484420096
2.2000009939074516,-33.949999544769526,0.5762087463794127,0.5280109997762609
2.1500009931623936,-33.999999545514584,0.5433034484420096,0.5615773219347772
2.1500009931623936,-34.0999995470047,0.5826238037869298,0.5280109997762609
2.1000009924173355,-34.14999954774976,0.5615773219347772,0.5615773219347772
2.1000009924173355,-34.249999549239874,0.590569426822497,0.5280109997762609
2.0500009916722775,-34.29999954998493,0.5615773219347772,0.5615773219347772
2.0500009916722775,-34.39999955147505,0.6062257868435552,0.5280109997762609
2.0000009909272194,-34.449999552220106,0.5826238037869298,0.5615773219347772
2.0000009909272194,-34.499999552965164,0.6062257868435552,0.5433034484420096
1.9500009901821613,-34.54999955371022,0.5762087463794127,0.5762087463794127
1.9500009901821613,-34.64999955520034,0.6077747331069568,0.5433034484420096
1.9000009894371033,-34.699999555945396,0.5826238037869298,0.5762087463794127
1.9000009894371033,-34.79999955743551,0.6246211374113445,0.5566373087958522
1.8500009886920452,-34.84999955818057,0.590569426822497,0.590569426822497
1.8500009886920452,-34.94999955967069,0.6276472801952478,0.5615773219347772
1.8000009879469872,-34.999999560415745,0.6062257868435552,0.590569426822497
1.8000009879469872,-35.0499995611608,0.6246211374113445,0.5762087463794127
1.750000987201929,-35.09999956190586,0.590569426822497,0.6077747331069568
1.750000987201929,-35.19999956339598,0.6276472801952478,0.5762087463794127
1.700000986456871,-35.249999564141035,0.6062257868435552,0.6077747331069568
1.700000986456871,-35.34999956563115,0.6381527432014595,0.5762087463794127
1.650000985711813,-35.39999956637621,0.6077747331069568,0.6077747331069568
1.650000985711813,-35.499999567866325,0.6500000126659871,0.5762087463794127
1.600000984966755,-35.54999956861138,0.6276472801952478,0.6062257868435552
1.600000984966755,-35.59999956935644,0.6500000126659871,0.5826238037869298
1.5500009842216969,-35.6499995701015,0.6246211374113445,0.6062257868435552
1.5500009842216969,-35.69999957084656,0.6381527432014595,0.5826238037869298
1.5000009834766388,-35.749999571591616,0.6077747331069568,0.6062257868435552
1.5000009834766388,-35.84999957308173,0.6500000126659871,0.5615773219347772
1.4500009827315807,-35.89999957382679,0.6246211374113445,0.5826238037869298
1.4500009827315807,-35.94999957457185,0.6381527432014595,0.5615773219347772
1.4000009819865227,-35.999999575316906,0.6077747331069568,0.5826238037869298
1.4000009819865227,-36.049999576061964,0.6276472801952478,0.5615773219347772
1.3500009812414646,-36.09999957680702,0.6062257868435552,0.5826238037869298
1.3500009812414646,-36.14999957755208,0.6246211374113445,0.5615773219347772
1.3000009804964066,-36.19999957829714,0.590569426822497,0.5826238037869298
1.3000009804964066,-36.299999579787254,0.6276472801952478,0.5382411640123205
1.2500009797513485,-36.34999958053231,0.6062257868435552,0.5615773219347772
1.2500009797513485,-36.39999958127737,0.6276472801952478,0.5382411640123205
1.2000009790062904,-36.44999958202243,0.6062257868435552,0.5615773219347772
1.2000009790062904,-36.49999958276749,0.6276472801952478,0.5382411640123205
1.1500009782612324,-36.549999583512545,0.6062257868435552,0.5615773219347772
1.1500009782612324,-36.5999995842576,0.6276472801952478,0.5382411640123205
1.1000009775161743,-36.64999958500266,0.6062257868435552,0.5615773219347772
1.1000009775161743,-36.69999958574772,0.6276472801952478,0.5382411640123205
1.0500009767711163,-36.74999958649278,0.6062257868435552,0.5615773219347772
1.0500009767711163,-36.799999587237835,0.6276472801952478,0.5382411640123205
1.0000009760260582,-36.84999958798289,0.6062257868435552,0.5615773219347772
1.0000009760260582,-36.89999958872795,0.6246211374113445,0.5382411640123205
0.9500009752810001,-36.94999958947301,0.590569426822497,0.5615773219347772
0.9500009752810001,-36.99999959021807,0.6077747331069568,0.5382411640123205
0.9000009745359421,-37.049999590963125,0.5826238037869298,0.5615773219347772
0.9000009745359421,-37.09999959170818,0.6062257868435552,0.5382411640123205
0.850000973790884,-37.14999959245324,0.5826238037869298,0.5500000111758709
0.850000973790884,-37.1999995931983,0.6062257868435552,0.5211102658381779
0.800000973045826,-37.24999959394336,0.5826238037869298,0.5382411640123205
0.800000973045826,-37.299999594688416,0.6062257868435552,0.5106335307668594
0.7000009715557098,-37.39999959617853,0.5615773219347772,0.5382411640123205
0.7000009715557098,-37.44999959692359,0.5826238037869298,0.5106335307668594
0.6500009708106518,-37.49999959766865,0.5615773219347772,0.5211102658381779
0.6500009708106518,-37.549999598413706,0.5826238037869298,0.4946222098231675
0.6000009700655937,-37.599999599158764,0.5615773219347772,0.5158910638314256
0.6000009700655937,-37.64999959990382,0.5826238037869298,0.4946222098231675
0.5500009693205357,-37.69999960064888,0.5615773219347772,0.5106335307668594
0.5500009693205357,-37.74999960139394,0.5826238037869298,0.4800735355706574
0.45000096783041954,-37.849999602884054,0.5382411640123205,0.5106335307668594
0.45000096783041954,-37.89999960362911,0.5615773219347772,0.4800735355706574
0.4000009670853615,-37.94999960437417,0.5382411640123205,0.4946222098231675
0.4000009670853615,-37.99999960511923,0.563216887496505,0.4708204032459398
0.30000096559524536,-38.099999606609344,0.5433034484420096,0.4946222098231675
0.30000096559524536,-38.1499996073544,0.5778174708955855,0.4708204032459398
0.20000096410512924,-38.24999960884452,0.5500000111758709,0.5106335307668594
0.20000096410512924,-38.29999960958958,0.5810249792288443,0.4800735355706574
0.10000096261501312,-38.39999961107969,0.5500000111758709,0.5106335307668594
0.10000096261501312,-38.44999961182475,0.5810249792288443,0.4800735355706574
9.611248970031738e-07,-38.54999961331487,0.563216887496505,0.5158910638314256
9.611248970031738e-07,-38.599999614059925,0.590569426822497,0.4946222098231675
-0.09999904036521912,-38.69999961555004,0.563216887496505,0.5211102658381779
-0.09999904036521912,-38.7499996162951,0.590569426822497,0.4946222098231675
-0.19999904185533524,-38.849999617785215,0.563216887496505,0.5211102658381779
-0.19999904185533524,-38.89999961853027,0.590569426822497,0.4946222098231675
-0.29999904334545135,-38.99999962002039,0.5778174708955855,0.5211102658381779
-0.29999904334545135,-39.04999962076545,0.6062257868435552,0.4946222098231675
-0.3999990448355675,-39.149999622255564,0.5810249792288443,0.5382411640123205
-0.3999990448355675,-39.19999962300062,0.6062257868435552,0.5106335307668594
-0.4999990463256836,-39.29999962449074,0.5810249792288443,0.5382411640123205
-0.4999990463256836,-39.349999625235796,0.6139410419336518,0.5071067917232597
-0.8999990522861481,-39.74999963119626,0.6131728104817487,0.563216887496505
-0.8999990522861481,-39.79999963194132,0.6485281500679115,0.5382411640123205
-1.8499990664422512,-40.74999964609742,0.6485281500679115,0.5382411640123205
-1.8999990671873093,-40.74999964609742,0.6131728104817487,0.563216887496505
-2.1499990709125996,-40.99999964982271,0.6514693309842018,0.5424621313094227
-2.1999990716576576,-40.99999964982271,0.6200609855626972,0.5778174708955855
-2.349999073892832,-41.149999652057886,0.6514693309842018,0.5433034484420096
-2.39999907463789,-41.149999652057886,0.6200609855626972,0.5778174708955855
-2.499999076128006,-41.249999653548,0.6485281500679115,0.5500000111758709
-2.549999076873064,-41.249999653548,0.6139410419336518,0.5810249792288443
-2.699999079108238,-41.399999655783176,0.6485281500679115,0.5382411640123205
-2.7499990798532963,-41.399999655783176,0.6139410419336518,0.563216887496505
-2.8499990813434124,-41.49999965727329,0.6321658612548995,0.5382411640123205
-2.8999990820884705,-41.49999965727329,0.6062257868435552,0.563216887496505
-2.9999990835785866,-41.59999965876341,0.6200609855626972,0.5382411640123205
-3.0499990843236446,-41.59999965876341,0.590569426822497,0.563216887496505
-3.199999086558819,-41.74999966099858,0.6200609855626972,0.5211102658381779
-3.249999087303877,-41.74999966099858,0.590569426822497,0.5500000111758709
-3.399999089539051,-41.89999966323376,0.6200609855626972,0.5106335307668594
-3.449999090284109,-41.89999966323376,0.590569426822497,0.5382411640123205
-3.5499990917742252,-41.99999966472387,0.6139410419336518,0.5106335307668594
-3.5999990925192833,-41.99999966472387,0.5810249792288443,0.5382411640123205
-3.6999990940093994,-42.09999966621399,0.6062257868435552,0.5106335307668594
-3.7499990947544575,-42.09999966621399,0.5810249792288443,0.5382411640123205
-3.8499990962445736,-42.199999667704105,0.6062257868435552,0.5106335307668594
-3.8999990969896317,-42.199999667704105,0.5826238037869298,0.5382411640123205
-3.9499990977346897,-42.24999966844916,0.6062257868435552,0.5211102658381779
-3.9999990984797478,-42.24999966844916,0.5826238037869298,0.5500000111758709
-4.099999099969864,-42.34999966993928,0.6200609855626972,0.5211102658381779
-4.149999100714922,-42.34999966993928,0.590569426822497,0.5500000111758709
-4.19999910145998,-42.39999967068434,0.6062257868435552,0.5382411640123205
-4.249999102205038,-42.39999967068434,0.5826238037869298,0.5615773219347772
-4.299999102950096,-42.449999671429396,0.6062257868435552,0.5382411640123205
-4.349999103695154,-42.449999671429396,0.5826238037869298,0.5615773219347772
-4.399999104440212,-42.499999672174454,0.6062257868435552,0.5382411640123205
-4.44999910518527,-42.499999672174454,0.5826238037869298,0.5615773219347772
-4.499999105930328,-42.54999967291951,0.6062257868435552,0.5382411640123205
-4.549999106675386,-42.54999967291951,0.5810249792288443,0.5615773219347772
-4.5999991074204445,-42.59999967366457,0.590569426822497,0.5280109997762609
-4.6499991081655025,-42.59999967366457,0.563216887496505,0.5433034484420096
-4.699999108910561,-42.64999967440963,0.5826238037869298,0.5158910638314256
-4.749999109655619,-42.64999967440963,0.5615773219347772,0.5382411640123205
-4.799999110400677,-42.699999675154686,0.5826238037869298,0.5158910638314256
-4.849999111145735,-42.699999675154686,0.5615773219347772,0.5382411640123205
-4.899999111890793,-42.749999675899744,0.5826238037869298,0.5158910638314256
-4.949999112635851,-42.749999675899744,0.5615773219347772,0.5382411640123205
-4.999999113380909,-42.7999996766448,0.5810249792288443,0.5158910638314256
-5.049999114125967,-42.7999996766448,0.5500000111758709,0.5280109997762609
-5.099999114871025,-42.84999967738986,0.563216887496505,0.49641942423666396
-5.149999115616083,-42.84999967738986,0.5382411640123205,0.5158910638314256
-5.199999116361141,-42.89999967813492,0.5615773219347772,0.4946222098231675
-5.249999117106199,-42.89999967813492,0.5382411640123205,0.5158910638314256
-5.299999117851257,-42.949999678879976,0.5615773219347772,0.4946222098231675
-5.349999118596315,-42.949999678879976,0.5382411640123205,0.5158910638314256
-5.4499991200864315,-43.04999968037009,0.5810249792288443,0.4708204032459398
-5.549999121576548,-43.04999968037009,0.5211102658381779,0.5158910638314256
-5.599999122321606,-43.09999968111515,0.5382411640123205,0.4800735355706574
-5.649999123066664,-43.09999968111515,0.5158910638314256,0.49641942423666396
-5.699999123811722,-43.14999968186021,0.5382411640123205,0.4708204032459398
-5.74999912455678,-43.14999968186021,0.5158910638314256,0.4946222098231675
-5.799999125301838,-43.19999968260527,0.5382411640123205,0.4708204032459398
-5.849999126046896,-43.19999968260527,0.5158910638314256,0.4946222098231675
-5.899999126791954,-43.249999683350325,0.5382411640123205,0.4708204032459398
-5.949999127537012,-43.249999683350325,0.5158910638314256,0.4946222098231675
-5.99999912828207,-43.29999968409538,0.5382411640123205,0.4670832131466311
-6.049999129027128,-43.29999968409538,0.5158910638314256,0.4800735355706574
-6.099999129772186,-43.34999968484044,0.5382411640123205,0.4500000096857548
-6.199999131262302,-43.34999968484044,0.49641942423666396,0.4946222098231675
-6.2499991320073605,-43.3999996855855,0.5280109997762609,0.4708204032459398
-6.2999991327524185,-43.3999996855855,0.5158910638314256,0.4946222098231675
-6.349999133497477,-43.44999968633056,0.5382411640123205,0.4708204032459398
-6.399999134242535,-43.44999968633056,0.5158910638314256,0.4946222098231675
-6.449999134987593,-43.499999687075615,0.5382411640123205,0.4670832131466311
-6.499999135732651,-43.499999687075615,0.5158910638314256,0.4800735355706574
-6.549999136477709,-43.54999968782067,0.5382411640123205,0.4500000096857548
-6.649999137967825,-43.54999968782067,0.49641942423666396,0.4946222098231675
-6.699999138712883,-43.59999968856573,0.5280109997762609,0.4708204032459398
-6.749999139457941,-43.59999968856573,0.5158910638314256,0.4946222098231675
-6.799999140202999,-43.64999968931079,0.5382411640123205,0.4708204032459398
-6.849999140948057,-43.64999968931079,0.5158910638314256,0.4946222098231675
-6.899999141693115,-43.69999969005585,0.5382411640123205,0.4670832131466311
-6.949999142438173,-43.69999969005585,0.5158910638314256,0.4800735355706574
-6.999999143183231,-43.749999690800905,0.5382411640123205,0.4500000096857548
-7.0999991446733475,-43.749999690800905,0.49641942423666396,0.4946222098231675
-7.1499991454184055,-43.79999969154596,0.5280109997762609,0.4708204032459398
-7.199999146163464,-43.79999969154596,0.5158910638314256,0.4946222098231675
-7.249999146908522,-43.84999969229102,0.5382411640123205,0.4708204032459398
-7.29999914765358,-43.84999969229102,0.5158910638314256,0.4946222098231675
-7.349999148398638,-43.89999969303608,0.5382411640123205,0.4708204032459398
-7.399999149143696,-43.89999969303608,0.5158910638314256,0.4946222098231675
-7.449999149888754,-43.94999969378114,0.5433034484420096,0.4670832131466311
-7.54999915137887,-43.94999969378114,0.5158910638314256,0.49641942423666396
-7.599999152123928,-43.999999694526196,0.5382411640123205,0.4708204032459398
-7.649999152868986,-43.999999694526196,0.5158910638314256,0.4946222098231675
-7.699999153614044,-44.049999695271254,0.5382411640123205,0.4708204032459398
-7.749999154359102,-44.049999695271254,0.5158910638314256,0.4946222098231675
-7.79999915510416,-44.09999969601631,0.5382411640123205,0.4708204032459398
-7.849999155849218,-44.09999969601631,0.5158910638314256,0.4946222098231675
-7.899999156594276,-44.14999969676137,0.5433034484420096,0.4670832131466311
-7.9999991580843925,-44.14999969676137,0.5158910638314256,0.49641942423666396
-8.04999915882945,-44.19999969750643,0.5382411640123205,0.4708204032459398
-8.099999159574509,-44.19999969750643,0.5158910638314256,0.4946222098231675
-8.149999160319567,-44.249999698251486,0.5382411640123205,0.4708204032459398
-8.199999161064625,-44.249999698251486,0.5158910638314256,0.4946222098231675
-8.249999161809683,-44.299999698996544,0.5433034484420096,0.4708204032459398
-8.349999163299799,-44.299999698996544,0.5158910638314256,0.5158910638314256
-8.399999164044857,-44.3499996997416,0.5382411640123205,0.4800735355706574
-8.449999164789915,-44.3499996997416,0.5158910638314256,0.49641942423666396
-8.499999165534973,-44.39999970048666,0.5382411640123205,0.4708204032459398
-8.549999166280031,-44.39999970048666,0.5158910638314256,0.4946222098231675
-8.59999916702509,-44.44999970123172,0.5382411640123205,0.4708204032459398
-8.649999167770147,-44.44999970123172,0.5158910638314256,0.4946222098231675
-8.699999168515205,-44.499999701976776,0.5433034484420096,0.4708204032459398
-8.749999169260263,-44.499999701976776,0.5280109997762609,0.4946222098231675
-8.799999170005322,-44.549999702721834,0.5615773219347772,0.4708204032459398
-8.899999171495438,-44.549999702721834,0.5158910638314256,0.5158910638314256
-8.949999172240496,-44.59999970346689,0.5382411640123205,0.4800735355706574
-8.999999172985554,-44.59999970346689,0.5158910638314256,0.49641942423666396
-9.049999173730612,-44.64999970421195,0.5382411640123205,0.4708204032459398
-9.09999917447567,-44.64999970421195,0.5158910638314256,0.4946222098231675
-9.149999175220728,-44.69999970495701,0.5433034484420096,0.4708204032459398
-9.199999175965786,-44.69999970495701,0.5280109997762609,0.4946222098231675
-9.249999176710844,-44.749999705702066,0.5615773219347772,0.4708204032459398
-9.34999917820096,-44.749999705702066,0.5158910638314256,0.5158910638314256
-9.399999178946018,-44.799999706447124,0.5382411640123205,0.4800735355706574
-9.449999179691076,-44.799999706447124,0.5158910638314256,0.49641942423666396
-9.499999180436134,-44.84999970719218,0.5433034484420096,0.4708204032459398
-9.549999181181192,-44.84999970719218,0.5280109997762609,0.4946222098231675
-9.59999918192625,-44.89999970793724,0.5615773219347772,0.4708204032459398
-9.649999182671309,-44.89999970793724,0.5382411640123205,0.4946222098231675
-9.699999183416367,-44.9499997086823,0.5615773219347772,0.4708204032459398
-9.799999184906483,-44.9499997086823,0.5158910638314256,0.5158910638314256
-9.84999918565154,-44.99999970942736,0.5433034484420096,0.4800735355706574
-9.899999186396599,-44.99999970942736,0.5280109997762609,0.49641942423666396
-9.949999187141657,-45.049999710172415,0.5615773219347772,0.4708204032459398
-9.999999187886715,-45.049999710172415,0.5382411640123205,0.4946222098231675
-10.049999188631773,-45.09999971091747,0.5615773219347772,0.4708204032459398
-10.099999189376831,-45.09999971091747,0.5382411640123205,0.4946222098231675
-10.14999919012189,-45.14999971166253,0.5615773219347772,0.4708204032459398
-10.249999191612005,-45.14999971166253,0.5158910638314256,0.5158910638314256
-10.299999192357063,-45.19999971240759,0.5433034484420096,0.4800735355706574
-10.349999193102121,-45.19999971240759,0.5280109997762609,0.49641942423666396
-10.39999919384718,-45.24999971315265,0.5615773219347772,0.4708204032459398
-10.449999194592237,-45.24999971315265,0.5382411640123205,0.4946222098231675
-10.499999195337296,-45.299999713897705,0.5615773219347772,0.4708204032459398
-10.549999196082354,-45.299999713897705,0.5382411640123205,0.4946222098231675
-10.599999196827412,-45.34999971464276,0.5615773219347772,0.4708204032459398
-10.699999198317528,-45.34999971464276,0.5280109997762609,0.5158910638314256
-10.749999199062586,-45.39999971538782,0.5615773219347772,0.4946222098231675
-10.799999199807644,-45.39999971538782,0.5382411640123205,0.5158910638314256
-10.849999200552702,-45.44999971613288,0.5615773219347772,0.4800735355706574
-10.89999920129776,-45.44999971613288,0.5382411640123205,0.49641942423666396
-10.949999202042818,-45.49999971687794,0.5615773219347772,0.4708204032459398
-10.999999202787876,-45.49999971687794,0.5382411640123205,0.4946222098231675
-11.049999203532934,-45.549999717622995,0.5615773219347772,0.4708204032459398
-11.14999920502305,-45.549999717622995,0.5280109997762609,0.5158910638314256
-11.199999205768108,-45.59999971836805,0.5615773219347772,0.4946222098231675
-11.249999206513166,-45.59999971836805,0.5382411640123205,0.5158910638314256
-11.299999207258224,-45.64999971911311,0.5615773219347772,0.4800735355706574
-11.349999208003283,-45.64999971911311,0.5382411640123205,0.49641942423666396
-11.39999920874834,-45.69999971985817,0.5615773219347772,0.4708204032459398
-11.499999210238457,-45.69999971985817,0.5280109997762609,0.5158910638314256
-11.549999210983515,-45.74999972060323,0.5615773219347772,0.4946222098231675
-11.599999211728573,-45.74999972060323,0.5382411640123205,0.5158910638314256
-11.649999212473631,-45.799999721348286,0.5615773219347772,0.4946222098231675
-11.699999213218689,-45.799999721348286,0.5382411640123205,0.5158910638314256
-11.749999213963747,-45.849999722093344,0.5615773219347772,0.4800735355706574
-11.849999215453863,-45.849999722093344,0.5280109997762609,0.5158910638314256
-11.899999216198921,-45.8999997228384,0.5615773219347772,0.4946222098231675
-11.94999921694398,-45.8999997228384,0.5382411640123205,0.5158910638314256
-11.999999217689037,-45.94999972358346,0.5615773219347772,0.4946222098231675
-12.049999218434095,-45.94999972358346,0.5382411640123205,0.5158910638314256
-12.099999219179153,-45.99999972432852,0.5615773219347772,0.4946222098231675
-12.149999219924212,-45.99999972432852,0.5382411640123205,0.5158910638314256
-12.19999922066927,-46.049999725073576,0.5615773219347772,0.4800735355706574
-12.299999222159386,-46.049999725073576,0.5280109997762609,0.5158910638314256
-12.349999222904444,-46.099999725818634,0.5615773219347772,0.4946222098231675
-12.399999223649502,-46.099999725818634,0.5382411640123205,0.5158910638314256
-12.44999922439456,-46.14999972656369,0.5615773219347772,0.4946222098231675
-12.499999225139618,-46.14999972656369,0.5382411640123205,0.5158910638314256
-12.549999225884676,-46.19999972730875,0.5615773219347772,0.4946222098231675
-12.599999226629734,-46.19999972730875,0.5382411640123205,0.5158910638314256
-12.649999227374792,-46.24999972805381,0.5615773219347772,0.4946222098231675
-12.69999922811985,-46.24999972805381,0.5382411640123205,0.5158910638314256
-12.749999228864908,-46.299999728798866,0.5615773219347772,0.4800735355706574
-12.849999230355024,-46.299999728798866,0.5280109997762609,0.5158910638314256
-12.899999231100082,-46.349999729543924,0.5615773219347772,0.4946222098231675
-12.94999923184514,-46.349999729543924,0.5433034484420096,0.5158910638314256
-12.999999232590199,-46.39999973028898,0.5762087463794127,0.4946222098231675
-13.099999234080315,-46.39999973028898,0.5382411640123205,0.5280109997762609
-13.149999234825373,-46.44999973103404,0.5615773219347772,0.49641942423666396
-13.19999923557043,-46.44999973103404,0.5433034484420096,0.5158910638314256
-13.249999236315489,-46.4999997317791,0.5762087463794127,0.4946222098231675
-13.349999237805605,-46.4999997317791,0.5433034484420096,0.5382411640123205
-13.399999238550663,-46.54999973252416,0.5762087463794127,0.5071067917232597
-13.549999240785837,-46.54999973252416,0.5280109997762609,0.5433034484420096
-13.599999241530895,-46.599999733269215,0.5648529384361146,0.5158910638314256
-13.699999243021011,-46.599999733269215,0.5433034484420096,0.5433034484420096
-13.74999924376607,-46.64999973401427,0.5762087463794127,0.5071067917232597
-13.949999246746302,-46.64999973401427,0.5433034484420096,0.5566373087958522
-13.99999924749136,-46.69999973475933,0.5762087463794127,0.5158910638314256
-14.24999925121665,-46.69999973475933,0.5433034484420096,0.551664830119324
-14.299999251961708,-46.74999973550439,0.5762087463794127,0.5071067917232597
-15.899999275803566,-46.74999973550439,0.590569426822497,0.5433034484420096
-15.949999276548624,-46.69999973475933,0.5500000111758709,0.5762087463794127
-16.149999279528856,-46.69999973475933,0.5648529384361146,0.5433034484420096
-16.199999280273914,-46.64999973401427,0.5280109997762609,0.5762087463794127
-16.34999928250909,-46.64999973401427,0.5762087463794127,0.551664830119324
-16.399999283254147,-46.599999733269215,0.5433034484420096,0.590569426822497
-16.59999928623438,-46.599999733269215,0.6062257868435552,0.551664830119324
-16.649999286979437,-46.54999973252416,0.5648529384361146,0.590569426822497
-16.79999928921461,-46.54999973252416,0.6077747331069568,0.5566373087958522
-16.84999928995967,-46.4999997317791,0.5762087463794127,0.6015609890382593
-16.949999291449785,-46.4999997317791,0.6077747331069568,0.5615773219347772
-16.999999292194843,-46.44999973103404,0.5826238037869298,0.590569426822497
-17.0499992929399,-46.44999973103404,0.6062257868435552,0.5762087463794127
-17.09999929368496,-46.39999973028898,0.5826238037869298,0.6077747331069568
-17.149999294430017,-46.39999973028898,0.6062257868435552,0.590569426822497
-17.199999295175076,-46.349999729543924,0.5826238037869298,0.6246211374113445
-17.29999929666519,-46.349999729543924,0.6276472801952478,0.590569426822497
-17.34999929741025,-46.299999728798866,0.6062257868435552,0.6200609855626972
-17.399999298155308,-46.299999728798866,0.6321658612548995,0.590569426822497
-17.499999299645424,-46.19999972730875,0.6062257868435552,0.6276472801952478
-17.549999300390482,-46.19999972730875,0.6276472801952478,0.6062257868435552
-17.59999930113554,-46.14999972656369,0.6062257868435552,0.6276472801952478
-17.649999301880598,-46.14999972656369,0.6276472801952478,0.6062257868435552
-17.699999302625656,-46.099999725818634,0.6062257868435552,0.6276472801952478
-17.749999303370714,-46.099999725818634,0.6321658612548995,0.6062257868435552
-17.84999930486083,-45.99999972432852,0.6062257868435552,0.6139410419336518
-17.89999930560589,-45.99999972432852,0.6321658612548995,0.5810249792288443
-18.049999307841063,-45.849999722093344,0.6062257868435552,0.6131728104817487
-18.09999930858612,-45.849999722093344,0.6321658612548995,0.5778174708955855
-18.699999317526817,-45.24999971315265,0.6131728104817487,0.5778174708955855
-18.699999317526817,-45.19999971240759,0.5778174708955855,0.6062257868435552
-18.949999321252108,-44.9499997086823,0.5778174708955855,0.5382411640123205
-18.949999321252108,-44.89999970793724,0.5433034484420096,0.563216887496505
-19.049999322742224,-44.799999706447124,0.563216887496505,0.5433034484420096
-19.049999322742224,-44.749999705702066,0.5382411640123205,0.5778174708955855
-19.199999324977398,-44.59999970346689,0.5778174708955855,0.5382411640123205
-19.199999324977398,-44.549999702721834,0.5433034484420096,0.563216887496505
-19.299999326467514,-44.44999970123172,0.563216887496505,0.5382411640123205
-19.299999326467514,-44.39999970048666,0.5382411640123205,0.563216887496505
-19.349999327212572,-44.3499996997416,0.5500000111758709,0.5500000111758709
-19.349999327212572,-44.299999698996544,0.5211102658381779,0.5810249792288443
-19.449999328702688,-44.19999969750643,0.5500000111758709,0.5382411640123205
-19.449999328702688,-44.14999969676137,0.5211102658381779,0.5615773219347772
-19.499999329447746,-44.09999969601631,0.5382411640123205,0.5382411640123205
-19.499999329447746,-44.049999695271254,0.5158910638314256,0.5615773219347772
-19.549999330192804,-43.999999694526196,0.5382411640123205,0.5382411640123205
-19.549999330192804,-43.94999969378114,0.5158910638314256,0.5615773219347772
-19.599999330937862,-43.89999969303608,0.5382411640123205,0.5382411640123205
-19.599999330937862,-43.84999969229102,0.5158910638314256,0.5615773219347772
-19.64999933168292,-43.79999969154596,0.5382411640123205,0.5382411640123205
-19.64999933168292,-43.749999690800905,0.5106335307668594,0.5615773219347772
-19.749999333173037,-43.64999968931079,0.5382411640123205,0.5158910638314256
-19.749999333173037,-43.59999968856573,0.5158910638314256,0.5382411640123205
-19.799999333918095,-43.54999968782067,0.5382411640123205,0.5158910638314256
-19.799999333918095,-43.499999687075615,0.5158910638314256,0.5382411640123205
-19.849999334663153,-43.44999968633056,0.5382411640123205,0.5158910638314256
-19.849999334663153,-43.3999996855855,0.5158910638314256,0.5382411640123205
-19.89999933540821,-43.34999968484044,0.5382411640123205,0.5158910638314256
-19.89999933540821,-43.29999968409538,0.5158910638314256,0.5382411640123205
-19.94999933615327,-43.249999683350325,0.5382411640123205,0.5158910638314256
-19.94999933615327,-43.19999968260527,0.5158910638314256,0.5382411640123205
-19.999999336898327,-43.14999968186021,0.5382411640123205,0.5158910638314256
-19.999999336898327,-43.09999968111515,0.5158910638314256,0.5382411640123205
-20.049999337643385,-43.04999968037009,0.5382411640123205,0.5211102658381779
-20.049999337643385,-42.999999679625034,0.5158910638314256,0.5500000111758709
-20.099999338388443,-42.949999678879976,0.5382411640123205,0.5382411640123205
-20.099999338388443,-42.89999967813492,0.5158910638314256,0.5615773219347772
-20.1499993391335,-42.84999967738986,0.5382411640123205,0.5382411640123205
-20.1499993391335,-42.7999996766448,0.5158910638314256,0.5615773219347772
-20.19999933987856,-42.749999675899744,0.5433034484420096,0.5382411640123205
-20.19999933987856,-42.699999675154686,0.5280109997762609,0.5615773219347772
-20.249999340623617,-42.64999967440963,0.5615773219347772,0.5280109997762609
-20.249999340623617,-42.54999967291951,0.5158910638314256,0.5615773219347772
-20.299999341368675,-42.499999672174454,0.5382411640123205,0.5382411640123205
-20.299999341368675,-42.449999671429396,0.5158910638314256,0.5615773219347772
-20.349999342113733,-42.39999967068434,0.5382411640123205,0.5280109997762609
-20.349999342113733,-42.34999966993928,0.5158910638314256,0.5433034484420096
-20.39999934285879,-42.29999966919422,0.5382411640123205,0.5158910638314256
-20.39999934285879,-42.24999966844916,0.5158910638314256,0.5382411640123205
-20.44999934360385,-42.199999667704105,0.5433034484420096,0.5158910638314256
-20.44999934360385,-42.09999966621399,0.5158910638314256,0.5433034484420096
-20.499999344348907,-42.04999966546893,0.5382411640123205,0.5158910638314256
-20.499999344348907,-41.99999966472387,0.5158910638314256,0.5382411640123205
-20.549999345093966,-41.949999663978815,0.5382411640123205,0.5158910638314256
-20.549999345093966,-41.8499996624887,0.4946222098231675,0.5433034484420096
-20.599999345839024,-41.79999966174364,0.5158910638314256,0.5158910638314256
-20.599999345839024,-41.74999966099858,0.4946222098231675,0.5382411640123205
-20.64999934658408,-41.699999660253525,0.5158910638314256,0.5158910638314256
-20.64999934658408,-41.64999965950847,0.49641942423666396,0.5382411640123205
-20.69999934732914,-41.59999965876341,0.5280109997762609,0.5158910638314256
-20.69999934732914,-41.49999965727329,0.4946222098231675,0.5433034484420096
-20.749999348074198,-41.449999656528234,0.5158910638314256,0.5158910638314256
-20.749999348074198,-41.399999655783176,0.49641942423666396,0.5382411640123205
-20.799999348819256,-41.34999965503812,0.5280109997762609,0.5158910638314256
-20.799999348819256,-41.249999653548,0.4946222098231675,0.5433034484420096
-20.849999349564314,-41.199999652802944,0.5158910638314256,0.5158910638314256
-20.849999349564314,-41.149999652057886,0.4946222098231675,0.5382411640123205
-20.899999350309372,-41.09999965131283,0.5158910638314256,0.5158910638314256
-20.899999350309372,-41.04999965056777,0.49641942423666396,0.5280109997762609
-20.94999935105443,-40.99999964982271,0.5280109997762609,0.49641942423666396
-20.94999935105443,-40.899999648332596,0.4946222098231675,0.5382411640123205
-20.999999351799488,-40.84999964758754,0.5158910638314256,0.5158910638314256
-20.999999351799488,-40.79999964684248,0.49641942423666396,0.5280109997762609
-21.049999352544546,-40.74999964609742,0.5280109997762609,0.49641942423666396
-21.049999352544546,-40.649999644607306,0.4946222098231675,0.5382411640123205
-21.099999353289604,-40.59999964386225,0.5158910638314256,0.5158910638314256
-21.099999353289604,-40.54999964311719,0.49641942423666396,0.5280109997762609
-21.149999354034662,-40.49999964237213,0.5280109997762609,0.49641942423666396
-21.149999354034662,-40.399999640882015,0.4946222098231675,0.5382411640123205
-21.19999935477972,-40.34999964013696,0.5158910638314256,0.5158910638314256
-21.19999935477972,-40.2999996393919,0.49641942423666396,0.5382411640123205
-21.24999935552478,-40.24999963864684,0.5280109997762609,0.5158910638314256
-21.24999935552478,-40.149999637156725,0.4946222098231675,0.5433034484420096
-21.299999356269836,-40.09999963641167,0.5158910638314256,0.5158910638314256
-21.299999356269836,-40.04999963566661,0.49641942423666396,0.5382411640123205
-21.349999357014894,-39.99999963492155,0.5280109997762609,0.5158910638314256
-21.349999357014894,-39.899999633431435,0.4946222098231675,0.5433034484420096
-21.399999357759953,-39.84999963268638,0.5158910638314256,0.5158910638314256
-21.399999357759953,-39.79999963194132,0.49641942423666396,0.5382411640123205
-21.44999935850501,-39.74999963119626,0.5280109997762609,0.5158910638314256
-21.44999935850501,-39.649999629706144,0.4946222098231675,0.5433034484420096
-21.49999935925007,-39.599999628961086,0.5158910638314256,0.5158910638314256
-21.49999935925007,-39.54999962821603,0.49641942423666396,0.5382411640123205
-21.549999359995127,-39.49999962747097,0.5280109997762609,0.5158910638314256
-21.549999359995127,-39.399999625980854,0.4946222098231675,0.5433034484420096
-21.599999360740185,-39.349999625235796,0.5158910638314256,0.5158910638314256
-21.599999360740185,-39.29999962449074,0.49641942423666396,0.5382411640123205
-21.649999361485243,-39.24999962374568,0.5280109997762609,0.5158910638314256
-21.649999361485243,-39.149999622255564,0.4946222098231675,0.5433034484420096
-21.6999993622303,-39.099999621510506,0.5158910638314256,0.5158910638314256
-21.6999993622303,-39.04999962076545,0.49641942423666396,0.5382411640123205
-21.74999936297536,-38.99999962002039,0.5280109997762609,0.5158910638314256
-21.74999936297536,-38.89999961853027,0.4946222098231675,0.5433034484420096
-21.799999363720417,-38.849999617785215,0.5158910638314256,0.5158910638314256
-21.799999363720417,-38.79999961704016,0.49641942423666396,0.5382411640123205
-21.849999364465475,-38.7499996162951,0.5280109997762609,0.5158910638314256
-21.849999364465475,-38.69999961555004,0.5158910638314256,0.5382411640123205
-21.899999365210533,-38.64999961480498,0.5382411640123205,0.5158910638314256
-21.899999365210533,-38.54999961331487,0.49641942423666396,0.5433034484420096
-21.94999936595559,-38.49999961256981,0.5280109997762609,0.5158910638314256
-21.94999936595559,-38.44999961182475,0.5158910638314256,0.5382411640123205
-21.99999936670065,-38.39999961107969,0.5382411640123205,0.5158910638314256
-21.99999936670065,-38.29999960958958,0.49641942423666396,0.5433034484420096
-22.049999367445707,-38.24999960884452,0.5280109997762609,0.5158910638314256
-22.049999367445707,-38.19999960809946,0.5158910638314256,0.5382411640123205
-22.099999368190765,-38.1499996073544,0.5382411640123205,0.5158910638314256
-22.099999368190765,-38.049999605864286,0.49641942423666396,0.5433034484420096
-22.149999368935823,-37.99999960511923,0.5280109997762609,0.5158910638314256
-22.149999368935823,-37.94999960437417,0.5158910638314256,0.5382411640123205
-22.19999936968088,-37.89999960362911,0.5382411640123205,0.5158910638314256
-22.19999936968088,-37.799999602138996,0.49641942423666396,0.5433034484420096
-22.24999937042594,-37.74999960139394,0.5280109997762609,0.5158910638314256
-22.24999937042594,-37.69999960064888,0.5158910638314256,0.5382411640123205
-22.299999371170998,-37.64999959990382,0.5382411640123205,0.5158910638314256
-22.299999371170998,-37.549999598413706,0.49641942423666396,0.5433034484420096
-22.349999371916056,-37.49999959766865,0.5280109997762609,0.5158910638314256
-22.349999371916056,-37.44999959692359,0.5158910638314256,0.5382411640123205
-22.399999372661114,-37.39999959617853,0.5382411640123205,0.5158910638314256
-22.399999372661114,-37.349999595433474,0.5158910638314256,0.5382411640123205
-22.449999373406172,-37.299999594688416,0.5433034484420096,0.5158910638314256
-22.449999373406172,-37.1999995931983,0.5158910638314256,0.5433034484420096
-22.49999937415123,-37.14999959245324,0.5382411640123205,0.5158910638314256
-22.49999937415123,-37.09999959170818,0.5158910638314256,0.5382411640123205
-22.549999374896288,-37.049999590963125,0.5433034484420096,0.5158910638314256
-22.549999374896288,-36.94999958947301,0.5158910638314256,0.5433034484420096
-22.599999375641346,-36.89999958872795,0.5382411640123205,0.5158910638314256
-22.599999375641346,-36.84999958798289,0.5158910638314256,0.5382411640123205
-22.649999376386404,-36.799999587237835,0.5433034484420096,0.5158910638314256
-22.649999376386404,-36.69999958574772,0.5158910638314256,0.5433034484420096
-22.699999377131462,-36.64999958500266,0.5382411640123205,0.5158910638314256
-22.699999377131462,-36.5999995842576,0.5158910638314256,0.5382411640123205
-22.74999937787652,-36.549999583512545,0.5433034484420096,0.5158910638314256
-22.74999937787652,-36.44999958202243,0.5158910638314256,0.5433034484420096
-22.799999378621578,-36.39999958127737,0.5382411640123205,0.5158910638314256
-22.799999378621578,-36.34999958053231,0.5158910638314256,0.5382411640123205
-22.849999379366636,-36.299999579787254,0.5433034484420096,0.5158910638314256
-22.849999379366636,-36.19999957829714,0.5158910638314256,0.5433034484420096
-22.899999380111694,-36.14999957755208,0.5382411640123205,0.5158910638314256
-22.899999380111694,-36.09999957680702,0.5158910638314256,0.5382411640123205
-22.949999380856752,-36.049999576061964,0.5433034484420096,0.5158910638314256
-22.949999380856752,-35.94999957457185,0.5158910638314256,0.5615773219347772
-22.99999938160181,-35.89999957382679,0.5382411640123205,0.5280109997762609
-22.99999938160181,-35.84999957308173,0.5158910638314256,0.5433034484420096
-23.04999938234687,-35.799999572336674,0.5433034484420096,0.5158910638314256
-23.04999938234687,-35.69999957084656,0.5158910638314256,0.5615773219347772
-23.099999383091927,-35.6499995701015,0.5382411640123205,0.5280109997762609
-23.099999383091927,-35.59999956935644,0.5158910638314256,0.5433034484420096
-23.149999383836985,-35.54999956861138,0.5433034484420096,0.5158910638314256
-23.149999383836985,-35.44999956712127,0.5158910638314256,0.5615773219347772
-23.199999384582043,-35.39999956637621,0.5382411640123205,0.5280109997762609
-23.199999384582043,-35.34999956563115,0.5158910638314256,0.5433034484420096
-23.2499993853271,-35.29999956488609,0.5433034484420096,0.5158910638314256
-23.2499993853271,-35.19999956339598,0.5158910638314256,0.5615773219347772
-23.29999938607216,-35.14999956265092,0.5382411640123205,0.5280109997762609
-23.29999938607216,-35.09999956190586,0.5158910638314256,0.5433034484420096
-23.349999386817217,-35.0499995611608,0.5433034484420096,0.5158910638314256
-23.349999386817217,-34.94999955967069,0.5158910638314256,0.5615773219347772
-23.399999387562275,-34.89999955892563,0.5382411640123205,0.5280109997762609
-23.399999387562275,-34.84999955818057,0.5158910638314256,0.5433034484420096
-23.449999388307333,-34.79999955743551,0.5382411640123205,0.5158910638314256
-23.449999388307333,-34.749999556690454,0.5158910638314256,0.5382411640123205
-23.49999938905239,-34.699999555945396,0.5433034484420096,0.5158910638314256
-23.49999938905239,-34.59999955445528,0.5158910638314256,0.5615773219347772
-23.54999938979745,-34.54999955371022,0.5382411640123205,0.5280109997762609
-23.54999938979745,-34.499999552965164,0.5158910638314256,0.5433034484420096
-23.599999390542507,-34.449999552220106,0.5433034484420096,0.5158910638314256
-23.599999390542507,-34.34999955072999,0.5158910638314256,0.5615773219347772
-23.649999391287565,-34.29999954998493,0.5382411640123205,0.5280109997762609
-23.649999391287565,-34.249999549239874,0.5158910638314256,0.5433034484420096
-23.699999392032623,-34.199999548494816,0.5433034484420096,0.5158910638314256
-23.699999392032623,-34.0999995470047,0.5158910638314256,0.5615773219347772
-23.74999939277768,-34.04999954625964,0.5382411640123205,0.5280109997762609
-23.74999939277768,-33.999999545514584,0.5158910638314256,0.5433034484420096
-23.79999939352274,-33.949999544769526,0.5433034484420096,0.5158910638314256
-23.79999939352274,-33.84999954327941,0.5158910638314256,0.5615773219347772
-23.849999394267797,-33.79999954253435,0.5382411640123205,0.5280109997762609
-23.849999394267797,-33.74999954178929,0.5158910638314256,0.5433034484420096
-23.899999395012856,-33.699999541044235,0.5433034484420096,0.5158910638314256
-23.899999395012856,-33.59999953955412,0.5158910638314256,0.5615773219347772
-23.949999395757914,-33.54999953880906,0.5382411640123205,0.5280109997762609
-23.949999395757914,-33.499999538064,0.5158910638314256,0.5433034484420096
-23.99999939650297,-33.449999537318945,0.5433034484420096,0.5158910638314256
-23.99999939650297,-33.34999953582883,0.5158910638314256,0.5615773219347772
-24.04999939724803,-33.29999953508377,0.5382411640123205,0.5280109997762609
-24.04999939724803,-33.24999953433871,0.5158910638314256,0.5433034484420096
-24.099999397993088,-33.199999533593655,0.5433034484420096,0.5158910638314256
-24.099999397993088,-33.09999953210354,0.5158910638314256,0.5615773219347772
-24.149999398738146,-33.04999953135848,0.5382411640123205,0.5382411640123205
-24.149999398738146,-32.99999953061342,0.5158910638314256,0.5615773219347772
-24.199999399483204,-32.949999529868364,0.5433034484420096,0.5280109997762609
-24.199999399483204,-32.84999952837825,0.5158910638314256,0.5615773219347772
-24.249999400228262,-32.79999952763319,0.5382411640123205,0.5382411640123205
-24.249999400228262,-32.74999952688813,0.5158910638314256,0.5615773219347772
-24.29999940097332,-32.699999526143074,0.5433034484420096,0.5280109997762609
-24.29999940097332,-32.59999952465296,0.5158910638314256,0.5615773219347772
-24.349999401718378,-32.5499995239079,0.5382411640123205,0.5382411640123205
-24.349999401718378,-32.49999952316284,0.5158910638314256,0.5615773219347772
-24.399999402463436,-32.449999522417784,0.5433034484420096,0.5280109997762609
-24.399999402463436,-32.34999952092767,0.5158910638314256,0.5615773219347772
-24.449999403208494,-32.29999952018261,0.5382411640123205,0.5382411640123205
-24.449999403208494,-32.24999951943755,0.5158910638314256,0.5615773219347772
-24.499999403953552,-32.19999951869249,0.5433034484420096,0.5280109997762609
-24.499999403953552,-32.09999951720238,0.5158910638314256,0.5615773219347772
-24.54999940469861,-32.04999951645732,0.5382411640123205,0.5382411640123205
-24.54999940469861,-31.99999951571226,0.5158910638314256,0.5615773219347772
-24.59999940544367,-31.949999514967203,0.5433034484420096,0.5280109997762609
-24.59999940544367,-31.849999513477087,0.5158910638314256,0.5615773219347772
-24.649999406188726,-31.79999951273203,0.5382411640123205,0.5382411640123205
-24.649999406188726,-31.74999951198697,0.5158910638314256,0.5615773219347772
-24.699999406933784,-31.699999511241913,0.5433034484420096,0.5382411640123205
-24.699999406933784,-31.649999510496855,0.5280109997762609,0.5615773219347772
-24.749999407678843,-31.599999509751797,0.5615773219347772,0.5280109997762609
-24.749999407678843,-31.49999950826168,0.5158910638314256,0.5615773219347772
-24.7999994084239,-31.449999507516623,0.5433034484420096,0.5382411640123205
-24.7999994084239,-31.399999506771564,0.5280109997762609,0.5615773219347772
-24.84999940916896,-31.349999506026506,0.5615773219347772,0.5280109997762609
-24.84999940916896,-31.24999950453639,0.5158910638314256,0.5615773219347772
-24.899999409914017,-31.199999503791332,0.5433034484420096,0.5382411640123205
-24.899999409914017,-31.149999503046274,0.5280109997762609,0.5615773219347772
-24.949999410659075,-31.099999502301216,0.5615773219347772,0.5280109997762609
-24.949999410659075,-30.9999995008111,0.5158910638314256,0.5615773219347772
-24.999999411404133,-30.949999500066042,0.5433034484420096,0.5382411640123205
-24.999999411404133,-30.899999499320984,0.5280109997762609,0.5615773219347772
-25.04999941214919,-30.849999498575926,0.5615773219347772,0.5280109997762609
-25.04999941214919,-30.74999949708581,0.5158910638314256,0.5615773219347772
-25.09999941289425,-30.69999949634075,0.5433034484420096,0.5382411640123205
-25.09999941289425,-30.649999495595694,0.5280109997762609,0.5615773219347772
-25.149999413639307,-30.599999494850636,0.5615773219347772,0.5280109997762609
-25.149999413639307,-30.49999949336052,0.5158910638314256,0.5615773219347772
-25.199999414384365,-30.44999949261546,0.5433034484420096,0.5382411640123205
-25.199999414384365,-30.399999491870403,0.5280109997762609,0.5615773219347772
-25.249999415129423,-30.349999491125345,0.5615773219347772,0.5382411640123205
-25.249999415129423,-30.299999490380287,0.5382411640123205,0.5615773219347772
-25.29999941587448,-30.24999948963523,0.5615773219347772,0.5280109997762609
-25.29999941587448,-30.149999488145113,0.5280109997762609,0.5615773219347772
-25.34999941661954,-30.099999487400055,0.5615773219347772,0.5382411640123205
-25.34999941661954,-30.049999486654997,0.5382411640123205,0.5615773219347772
-25.399999417364597,-29.99999948590994,0.5615773219347772,0.5280109997762609
-25.399999417364597,-29.899999484419823,0.5280109997762609,0.5615773219347772
-25.449999418109655,-29.849999483674765,0.5615773219347772,0.5382411640123205
-25.449999418109655,-29.799999482929707,0.5382411640123205,0.5615773219347772
-25.499999418854713,-29.74999948218465,0.5615773219347772,0.5280109997762609
-25.499999418854713,-29.649999480694532,0.5280109997762609,0.5615773219347772
-25.54999941959977,-29.599999479949474,0.5615773219347772,0.5382411640123205
-25.54999941959977,-29.549999479204416,0.5382411640123205,0.5615773219347772
-25.59999942034483,-29.499999478459358,0.5615773219347772,0.5280109997762609
-25.59999942034483,-29.399999476969242,0.5280109997762609,0.5615773219347772
-25.649999421089888,-29.349999476224184,0.5615773219347772,0.5382411640123205
-25.649999421089888,-29.299999475479126,0.5382411640123205,0.5615773219347772
-25.699999421834946,-29.249999474734068,0.5615773219347772,0.5280109997762609
-25.699999421834946,-29.149999473243952,0.5280109997762609,0.5615773219347772
-25.749999422580004,-29.099999472498894,0.5615773219347772,0.5382411640123205
-25.749999422580004,-29.049999471753836,0.5382411640123205,0.5615773219347772
-25.799999423325062,-28.999999471008778,0.5615773219347772,0.5280109997762609
-25.799999423325062,-28.89999946951866,0.5280109997762609,0.5615773219347772
-25.84999942407012,-28.849999468773603,0.5615773219347772,0.5382411640123205
-25.84999942407012,-28.799999468028545,0.5382411640123205,0.5615773219347772
-25.899999424815178,-28.749999467283487,0.5615773219347772,0.5382411640123205
-25.899999424815178,-28.64999946579337,0.5280109997762609,0.5762087463794127
-25.949999425560236,-28.599999465048313,0.5615773219347772,0.5433034484420096
-25.949999425560236,-28.549999464303255,0.5382411640123205,0.5615773219347772
-25.999999426305294,-28.499999463558197,0.5615773219347772,0.5382411640123205
-25.999999426305294,-28.44999946281314,0.5382411640123205,0.5615773219347772
-26.049999427050352,-28.39999946206808,0.5615773219347772,0.5280109997762609
-26.049999427050352,-28.299999460577965,0.5280109997762609,0.5615773219347772
-26.09999942779541,-28.249999459832907,0.5615773219347772,0.5382411640123205
-26.09999942779541,-28.19999945908785,0.5382411640123205,0.5615773219347772
-26.149999428540468,-28.14999945834279,0.5615773219347772,0.5280109997762609
-26.149999428540468,-28.049999456852674,0.5280109997762609,0.5615773219347772
-26.199999429285526,-27.999999456107616,0.5615773219347772,0.5382411640123205
-26.199999429285526,-27.94999945536256,0.5382411640123205,0.5615773219347772
-26.249999430030584,-27.8999994546175,0.5615773219347772,0.5280109997762609
-26.249999430030584,-27.799999453127384,0.5280109997762609,0.5615773219347772
-26.299999430775642,-27.749999452382326,0.5615773219347772,0.5382411640123205
-26.299999430775642,-27.699999451637268,0.5382411640123205,0.5615773219347772
-26.3499994315207,-27.64999945089221,0.5615773219347772,0.5280109997762609
-26.3499994315207,-27.549999449402094,0.5280109997762609,0.5615773219347772
-26.39999943226576,-27.499999448657036,0.5615773219347772,0.5382411640123205
-26.39999943226576,-27.449999447911978,0.5382411640123205,0.5615773219347772
-26.449999433010817,-27.39999944716692,0.5615773219347772,0.5382411640123205
-26.449999433010817,-27.299999445676804,0.5280109997762609,0.5762087463794127
-26.499999433755875,-27.249999444931746,0.5615773219347772,0.5433034484420096
-26.499999433755875,-27.199999444186687,0.5382411640123205,0.5615773219347772
-26.549999434500933,-27.14999944344163,0.5615773219347772,0.5382411640123205
-26.549999434500933,-27.049999441951513,0.5280109997762609,0.5762087463794127
-26.59999943524599,-26.999999441206455,0.5615773219347772,0.5433034484420096
-26.59999943524599,-26.949999440461397,0.5382411640123205,0.5615773219347772
-26.64999943599105,-26.89999943971634,0.5615773219347772,0.5382411640123205
-26.64999943599105,-26.799999438226223,0.5280109997762609,0.5762087463794127
-26.699999436736107,-26.749999437481165,0.5615773219347772,0.5433034484420096
-26.699999436736107,-26.699999436736107,0.5382411640123205,0.5615773219347772
-26.749999437481165,-26.64999943599105,0.5615773219347772,0.5382411640123205
-26.749999437481165,-26.549999434500933,0.5280109997762609,0.5762087463794127
-26.799999438226223,-26.499999433755875,0.5615773219347772,0.5433034484420096
-26.799999438226223,-26.449999433010817,0.5382411640123205,0.5615773219347772
-26.84999943897128,-26.39999943226576,0.5615773219347772,0.5382411640123205
-26.84999943897128,-26.299999430775642,0.5280109997762609,0.5762087463794127
-26.89999943971634,-26.249999430030584,0.5615773219347772,0.5433034484420096
-26.89999943971634,-26.199999429285526,0.5382411640123205,0.5615773219347772
-26.949999440461397,-26.149999428540468,0.5615773219347772,0.5382411640123205
-26.949999440461397,-26.049999427050352,0.5280109997762609,0.5826238037869298
-26.999999441206455,-25.999999426305294,0.5615773219347772,0.5615773219347772
-26.999999441206455,-25.949999425560236,0.5382411640123205,0.5762087463794127
-27.049999441951513,-25.899999424815178,0.5615773219347772,0.5433034484420096
-27.049999441951513,-25.799999423325062,0.5280109997762609,0.5826238037869298
-27.09999944269657,-25.749999422580004,0.5615773219347772,0.5615773219347772
-27.09999944269657,-25.699999421834946,0.5382411640123205,0.5762087463794127
-27.14999944344163,-25.649999421089888,0.5615773219347772,0.5433034484420096
-27.14999944344163,-25.54999941959977,0.5280109997762609,0.5826238037869298
-27.199999444186687,-25.499999418854713,0.5615773219347772,0.5615773219347772
-27.199999444186687,-25.449999418109655,0.5382411640123205,0.5762087463794127
-27.249999444931746,-25.399999417364597,0.5615773219347772,0.5433034484420096
-27.249999444931746,-25.29999941587448,0.5280109997762609,0.5826238037869298
-27.299999445676804,-25.249999415129423,0.5615773219347772,0.5615773219347772
-27.299999445676804,-25.199999414384365,0.5382411640123205,0.5762087463794127
-27.34999944642186,-25.149999413639307,0.5615773219347772,0.5433034484420096
-27.34999944642186,-25.04999941214919,0.5280109997762609,0.5826238037869298
-27.39999944716692,-24.999999411404133,0.5615773219347772,0.5615773219347772
-27.39999944716692,-24.949999410659075,0.5382411640123205,0.5762087463794127
-27.449999447911978,-24.899999409914017,0.5615773219347772,0.5433034484420096
-27.449999447911978,-24.7999994084239,0.5280109997762609,0.5826238037869298
-27.499999448657036,-24.749999407678843,0.5615773219347772,0.5615773219347772
-27.499999448657036,-24.699999406933784,0.5382411640123205,0.5826238037869298
-27.549999449402094,-24.649999406188726,0.5615773219347772,0.5615773219347772
-27.549999449402094,-24.59999940544367,0.5433034484420096,0.5762087463794127
-27.599999450147152,-24.54999940469861,0.5762087463794127,0.5433034484420096
-27.599999450147152,-24.449999403208494,0.5382411640123205,0.5826238037869298
-27.64999945089221,-24.399999402463436,0.5615773219347772,0.5615773219347772
-27.64999945089221,-24.349999401718378,0.5433034484420096,0.5762087463794127
-27.699999451637268,-24.29999940097332,0.5762087463794127,0.5433034484420096
-27.699999451637268,-24.199999399483204,0.5382411640123205,0.5826238037869298
-27.749999452382326,-24.149999398738146,0.5615773219347772,0.5615773219347772
-27.749999452382326,-24.099999397993088,0.5433034484420096,0.5762087463794127
-27.799999453127384,-24.04999939724803,0.5762087463794127,0.5433034484420096
-27.799999453127384,-23.949999395757914,0.5382411640123205,0.5826238037869298
-27.849999453872442,-23.899999395012856,0.5615773219347772,0.5615773219347772
-27.849999453872442,-23.849999394267797,0.5433034484420096,0.5762087463794127
-27.8999994546175,-23.79999939352274,0.5762087463794127,0.5433034484420096
-27.8999994546175,-23.699999392032623,0.5382411640123205,0.5826238037869298
-27.94999945536256,-23.649999391287565,0.5615773219347772,0.5615773219347772
-27.94999945536256,-23.599999390542507,0.5433034484420096,0.5762087463794127
-27.999999456107616,-23.54999938979745,0.5762087463794127,0.5433034484420096
-27.999999456107616,-23.449999388307333,0.5382411640123205,0.5826238037869298
-28.049999456852674,-23.399999387562275,0.5615773219347772,0.5615773219347772
-28.049999456852674,-23.349999386817217,0.5433034484420096,0.5762087463794127
-28.099999457597733,-23.29999938607216,0.5762087463794127,0.5433034484420096
-28.099999457597733,-23.199999384582043,0.5382411640123205,0.5826238037869298
-28.14999945834279,-23.149999383836985,0.5615773219347772,0.5615773219347772
-28.14999945834279,-23.099999383091927,0.5433034484420096,0.5826238037869298
-28.19999945908785,-23.04999938234687,0.5762087463794127,0.5615773219347772
-28.19999945908785,-22.949999380856752,0.5382411640123205,0.590569426822497
-28.249999459832907,-22.899999380111694,0.5615773219347772,0.5615773219347772
-28.249999459832907,-22.849999379366636,0.5433034484420096,0.5826238037869298
-28.299999460577965,-22.799999378621578,0.5762087463794127,0.5615773219347772
-28.299999460577965,-22.699999377131462,0.5382411640123205,0.590569426822497
-28.349999461323023,-22.649999376386404,0.5615773219347772,0.5615773219347772
-28.349999461323023,-22.599999375641346,0.5433034484420096,0.5826238037869298
-28.39999946206808,-22.549999374896288,0.5762087463794127,0.5615773219347772
-28.39999946206808,-22.449999373406172,0.5382411640123205,0.590569426822497
-28.44999946281314,-22.399999372661114,0.5615773219347772,0.5615773219347772
-28.44999946281314,-22.349999371916056,0.5433034484420096,0.5826238037869298
-28.499999463558197,-22.299999371170998,0.5762087463794127,0.5615773219347772
-28.499999463558197,-22.19999936968088,0.5382411640123205,0.590569426822497
-28.549999464303255,-22.149999368935823,0.5615773219347772,0.5615773219347772
-28.549999464303255,-22.099999368190765,0.5433034484420096,0.5826238037869298
-28.599999465048313,-22.049999367445707,0.5762087463794127,0.5615773219347772
-28.599999465048313,-21.94999936595559,0.5382411640123205,0.590569426822497
-28.64999946579337,-21.899999365210533,0.5615773219347772,0.5615773219347772
-28.64999946579337,-21.849999364465475,0.5382411640123205,0.5826238037869298
-28.69999946653843,-21.799999363720417,0.5615773219347772,0.5615773219347772
-28.69999946653843,-21.74999936297536,0.5433034484420096,0.5826238037869298
-28.749999467283487,-21.6999993622303,0.5762087463794127,0.5615773219347772
-28.749999467283487,-21.599999360740185,0.5382411640123205,0.590569426822497
-28.799999468028545,-21.549999359995127,0.5615773219347772,0.5615773219347772
-28.799999468028545,-21.49999935925007,0.5433034484420096,0.5826238037869298
-28.849999468773603,-21.44999935850501,0.5762087463794127,0.5615773219347772
-28.849999468773603,-21.349999357014894,0.5382411640123205,0.590569426822497
-28.89999946951866,-21.299999356269836,0.5615773219347772,0.5615773219347772
-28.89999946951866,-21.24999935552478,0.5433034484420096,0.5826238037869298
-28.94999947026372,-21.19999935477972,0.5762087463794127,0.5615773219347772
-28.94999947026372,-21.099999353289604,0.5382411640123205,0.590569426822497
-28.999999471008778,-21.049999352544546,0.5615773219347772,0.5615773219347772
-28.999999471008778,-20.999999351799488,0.5433034484420096,0.5826238037869298
-29.049999471753836,-20.94999935105443,0.5762087463794127,0.5615773219347772
-29.049999471753836,-20.849999349564314,0.5382411640123205,0.590569426822497
-29.099999472498894,-20.799999348819256,0.5615773219347772,0.5615773219347772
-29.099999472498894,-20.749999348074198,0.5433034484420096,0.5826238037869298
-29.149999473243952,-20.69999934732914,0.5762087463794127,0.5615773219347772
-29.149999473243952,-20.599999345839024,0.5382411640123205,0.590569426822497
-29.19999947398901,-20.549999345093966,0.5615773219347772,0.5615773219347772
-29.19999947398901,-20.499999344348907,0.5433034484420096,0.5826238037869298
-29.249999474734068,-20.44999934360385,0.5762087463794127,0.5615773219347772
-29.249999474734068,-20.39999934285879,0.5615773219347772,0.5826238037869298
-29.299999475479126,-20.349999342113733,0.5826238037869298,0.5615773219347772
-29.299999475479126,-20.249999340623617,0.5433034484420096,0.590569426822497
-29.349999476224184,-20.19999933987856,0.5762087463794127,0.5615773219347772
-29.349999476224184,-20.1499993391335,0.5615773219347772,0.5826238037869298
-29.399999476969242,-20.099999338388443,0.5826238037869298,0.5615773219347772
-29.399999476969242,-19.999999336898327,0.5433034484420096,0.590569426822497
-29.4499994777143,-19.94999933615327,0.5762087463794127,0.5615773219347772
-29.4499994777143,-19.89999933540821,0.5615773219347772,0.5826238037869298
-29.499999478459358,-19.849999334663153,0.5826238037869298,0.5615773219347772
-29.499999478459358,-19.749999333173037,0.5433034484420096,0.590569426822497
-29.549999479204416,-19.69999933242798,0.5762087463794127,0.5615773219347772
-29.549999479204416,-19.64999933168292,0.5615773219347772,0.5826238037869298
-29.599999479949474,-19.599999330937862,0.5826238037869298,0.5615773219347772
-29.599999479949474,-19.499999329447746,0.5433034484420096,0.590569426822497
-29.649999480694532,-19.449999328702688,0.5762087463794127,0.5615773219347772
-29.649999480694532,-19.39999932795763,0.5615773219347772,0.5826238037869298
-29.69999948143959,-19.349999327212572,0.5826238037869298,0.5615773219347772
-29.69999948143959,-19.249999325722456,0.5433034484420096,0.590569426822497
-29.74999948218465,-19.199999324977398,0.5762087463794127,0.5615773219347772
-29.74999948218465,-19.14999932423234,0.5615773219347772,0.5826238037869298
-29.799999482929707,-19.099999323487282,0.5826238037869298,0.5615773219347772
-29.799999482929707,-18.999999321997166,0.5433034484420096,0.590569426822497
-29.849999483674765,-18.949999321252108,0.5762087463794127,0.5615773219347772
-29.849999483674765,-18.89999932050705,0.5615773219347772,0.5826238037869298
-29.899999484419823,-18.84999931976199,0.5826238037869298,0.5615773219347772
-29.899999484419823,-18.799999319016933,0.5615773219347772,0.5826238037869298
-29.94999948516488,-18.749999318271875,0.590569426822497,0.5615773219347772
-29.94999948516488,-18.64999931678176,0.5615773219347772,0.590569426822497
-29.99999948590994,-18.5999993160367,0.5826238037869298,0.5615773219347772
-29.99999948590994,-18.549999315291643,0.5615773219347772,0.5826238037869298
-30.049999486654997,-18.499999314546585,0.590569426822497,0.5615773219347772
-30.049999486654997,-18.39999931305647,0.5615773219347772,0.590569426822497
-30.099999487400055,-18.34999931231141,0.5826238037869298,0.5615773219347772
-30.099999487400055,-18.299999311566353,0.5615773219347772,0.5826238037869298
-30.149999488145113,-18.249999310821295,0.590569426822497,0.5615773219347772
-30.149999488145113,-18.14999930933118,0.5615773219347772,0.590569426822497
-30.19999948889017,-18.09999930858612,0.5826238037869298,0.5615773219347772
-30.19999948889017,-18.049999307841063,0.5615773219347772,0.5826238037869298
-30.24999948963523,-17.999999307096004,0.590569426822497,0.5615773219347772
-30.24999948963523,-17.89999930560589,0.5615773219347772,0.590569426822497
-30.299999490380287,-17.84999930486083,0.5826238037869298,0.5615773219347772
-30.299999490380287,-17.799999304115772,0.5615773219347772,0.5826238037869298
-30.349999491125345,-17.749999303370714,0.590569426822497,0.5615773219347772
-30.349999491125345,-17.649999301880598,0.5615773219347772,0.590569426822497
-30.399999491870403,-17.59999930113554,0.5826238037869298,0.5615773219347772
-30.399999491870403,-17.549999300390482,0.5615773219347772,0.5826238037869298
-30.44999949261546,-17.499999299645424,0.590569426822497,0.5615773219347772
-30.44999949261546,-17.399999298155308,0.5615773219347772,0.6062257868435552
-30.49999949336052,-17.34999929741025,0.5826238037869298,0.5762087463794127
-30.49999949336052,-17.29999929666519,0.5615773219347772,0.590569426822497
-30.549999494105577,-17.249999295920134,0.590569426822497,0.5615773219347772
-30.549999494105577,-17.149999294430017,0.5615773219347772,0.6062257868435552
-30.599999494850636,-17.09999929368496,0.5826238037869298,0.5762087463794127
-30.599999494850636,-17.0499992929399,0.5615773219347772,0.590569426822497
-30.649999495595694,-16.999999292194843,0.590569426822497,0.5615773219347772
-30.649999495595694,-16.899999290704727,0.5615773219347772,0.6062257868435552
-30.69999949634075,-16.84999928995967,0.5826238037869298,0.5762087463794127
-30.69999949634075,-16.79999928921461,0.5615773219347772,0.590569426822497
-30.74999949708581,-16.749999288469553,0.590569426822497,0.5615773219347772
-30.74999949708581,-16.649999286979437,0.5615773219347772,0.6062257868435552
-30.799999497830868,-16.59999928623438,0.5826238037869298,0.5762087463794127
-30.799999497830868,-16.54999928548932,0.5615773219347772,0.590569426822497
-30.849999498575926,-16.499999284744263,0.590569426822497,0.5615773219347772
-30.849999498575926,-16.399999283254147,0.5615773219347772,0.6062257868435552
-30.899999499320984,-16.34999928250909,0.5826238037869298,0.5762087463794127
-30.899999499320984,-16.29999928176403,0.5615773219347772,0.590569426822497
-30.949999500066042,-16.249999281018972,0.590569426822497,0.5615773219347772
-30.949999500066042,-16.149999279528856,0.5615773219347772,0.6062257868435552
-30.9999995008111,-16.099999278783798,0.5826238037869298,0.5826238037869298
-30.9999995008111,-16.04999927803874,0.5615773219347772,0.6062257868435552
-31.049999501556158,-15.999999277293682,0.590569426822497,0.5762087463794127
-31.049999501556158,-15.899999275803566,0.5615773219347772,0.6077747331069568
-31.099999502301216,-15.849999275058508,0.5826238037869298,0.5826238037869298
-31.099999502301216,-15.79999927431345,0.5615773219347772,0.6062257868435552
-31.149999503046274,-15.749999273568392,0.590569426822497,0.5762087463794127
-31.149999503046274,-15.649999272078276,0.5615773219347772,0.6077747331069568
-31.199999503791332,-15.599999271333218,0.5826238037869298,0.5826238037869298
-31.199999503791332,-15.54999927058816,0.5615773219347772,0.6062257868435552
-31.24999950453639,-15.499999269843102,0.5826238037869298,0.5762087463794127
-31.24999950453639,-15.449999269098043,0.5615773219347772,0.590569426822497
-31.29999950528145,-15.399999268352985,0.590569426822497,0.5615773219347772
-31.29999950528145,-15.29999926686287,0.5615773219347772,0.6062257868435552
-31.349999506026506,-15.249999266117811,0.5826238037869298,0.5762087463794127
-31.349999506026506,-15.199999265372753,0.5615773219347772,0.590569426822497
-31.399999506771564,-15.149999264627695,0.590569426822497,0.5615773219347772
-31.399999506771564,-15.049999263137579,0.5615773219347772,0.6062257868435552
-31.449999507516623,-14.999999262392521,0.5826238037869298,0.5762087463794127
-31.449999507516623,-14.949999261647463,0.5615773219347772,0.590569426822497
-31.49999950826168,-14.899999260902405,0.590569426822497,0.5615773219347772
-31.49999950826168,-14.799999259412289,0.5615773219347772,0.6062257868435552
-31.54999950900674,-14.74999925866723,0.5826238037869298,0.5826238037869298
-31.54999950900674,-14.699999257922173,0.5615773219347772,0.6062257868435552
-31.599999509751797,-14.649999257177114,0.590569426822497,0.5762087463794127
-31.599999509751797,-14.549999255686998,0.5615773219347772,0.6077747331069568
-31.649999510496855,-14.49999925494194,0.5826238037869298,0.5826238037869298
-31.649999510496855,-14.449999254196882,0.5615773219347772,0.6062257868435552
-31.699999511241913,-14.399999253451824,0.590569426822497,0.5762087463794127
-31.699999511241913,-14.299999251961708,0.5615773219347772,0.6077747331069568
-31.74999951198697,-14.24999925121665,0.5826238037869298,0.5826238037869298
-31.74999951198697,-14.199999250471592,0.5615773219347772,0.6062257868435552
-31.79999951273203,-14.149999249726534,0.590569426822497,0.5762087463794127
-31.79999951273203,-14.049999248236418,0.5615773219347772,0.6077747331069568
-31.849999513477087,-13.99999924749136,0.5826238037869298,0.5826238037869298
-31.849999513477087,-13.949999246746302,0.5615773219347772,0.6062257868435552
-31.899999514222145,-13.899999246001244,0.590569426822497,0.5762087463794127
-31.899999514222145,-13.799999244511127,0.5615773219347772,0.6077747331069568
-31.949999514967203,-13.74999924376607,0.5826238037869298,0.5826238037869298
-31.949999514967203,-13.699999243021011,0.5615773219347772,0.6062257868435552
-31.99999951571226,-13.649999242275953,0.590569426822497,0.5762087463794127
-31.99999951571226,-13.549999240785837,0.5615773219347772,0.6077747331069568
-32.04999951645732,-13.49999924004078,0.5826238037869298,0.5826238037869298
-32.04999951645732,-13.449999239295721,0.5615773219347772,0.6062257868435552
-32.09999951720238,-13.399999238550663,0.590569426822497,0.5762087463794127
-32.09999951720238,-13.299999237060547,0.5615773219347772,0.6077747331069568
-32.149999517947435,-13.249999236315489,0.5826238037869298,0.5826238037869298
-32.149999517947435,-13.19999923557043,0.5615773219347772,0.6062257868435552
-32.19999951869249,-13.149999234825373,0.590569426822497,0.5826238037869298
-32.19999951869249,-13.099999234080315,0.5762087463794127,0.6062257868435552
-32.24999951943755,-13.049999233335257,0.6062257868435552,0.5762087463794127
-32.24999951943755,-12.94999923184514,0.5615773219347772,0.6077747331069568
-32.29999952018261,-12.899999231100082,0.590569426822497,0.5826238037869298
-32.29999952018261,-12.849999230355024,0.5762087463794127,0.6062257868435552
-32.34999952092767,-12.799999229609966,0.6062257868435552,0.5762087463794127
-32.34999952092767,-12.69999922811985,0.5615773219347772,0.6077747331069568
-32.399999521672726,-12.649999227374792,0.590569426822497,0.5826238037869298
-32.399999521672726,-12.599999226629734,0.5762087463794127,0.6062257868435552
-32.449999522417784,-12.549999225884676,0.6062257868435552,0.5762087463794127
-32.449999522417784,-12.44999922439456,0.5615773219347772,0.6077747331069568
-32.49999952316284,-12.399999223649502,0.590569426822497,0.5826238037869298
-32.49999952316284,-12.349999222904444,0.5762087463794127,0.6062257868435552
-32.5499995239079,-12.299999222159386,0.6062257868435552,0.5762087463794127
-32.5499995239079,-12.19999922066927,0.5615773219347772,0.6077747331069568
-32.59999952465296,-12.149999219924212,0.590569426822497,0.5826238037869298
-32.59999952465296,-12.099999219179153,0.5762087463794127,0.6062257868435552
-32.649999525398016,-12.049999218434095,0.6062257868435552,0.5762087463794127
-32.649999525398016,-11.94999921694398,0.5615773219347772,0.6077747331069568
-32.699999526143074,-11.899999216198921,0.590569426822497,0.5826238037869298
-32.699999526143074,-11.849999215453863,0.5762087463794127,0.6062257868435552
-32.74999952688813,-11.799999214708805,0.6062257868435552,0.5826238037869298
-32.74999952688813,-11.749999213963747,0.5826238037869298,0.6062257868435552
-32.79999952763319,-11.699999213218689,0.6077747331069568,0.5762087463794127
-32.79999952763319,-11.599999211728573,0.5762087463794127,0.6077747331069568
-32.84999952837825,-11.549999210983515,0.6062257868435552,0.5826238037869298
-32.84999952837825,-11.499999210238457,0.5826238037869298,0.6062257868435552
-32.899999529123306,-11.449999209493399,0.6077747331069568,0.5762087463794127
-32.899999529123306,-11.349999208003283,0.5762087463794127,0.6077747331069568
-32.949999529868364,-11.299999207258224,0.6062257868435552,0.5826238037869298
-32.949999529868364,-11.249999206513166,0.5826238037869298,0.6062257868435552
-32.99999953061342,-11.199999205768108,0.6077747331069568,0.5762087463794127
-32.99999953061342,-11.099999204277992,0.5762087463794127,0.6077747331069568
-33.04999953135848,-11.049999203532934,0.6062257868435552,0.5826238037869298
-33.04999953135848,-10.999999202787876,0.5826238037869298,0.6062257868435552
-33.09999953210354,-10.949999202042818,0.6077747331069568,0.5762087463794127
-33.09999953210354,-10.849999200552702,0.5762087463794127,0.6077747331069568
-33.1499995328486,-10.799999199807644,0.6062257868435552,0.5826238037869298
-33.1499995328486,-10.749999199062586,0.5826238037869298,0.6062257868435552
-33.199999533593655,-10.699999198317528,0.6077747331069568,0.5762087463794127
-33.199999533593655,-10.599999196827412,0.5762087463794127,0.6077747331069568
-33.24999953433871,-10.549999196082354,0.6062257868435552,0.5826238037869298
-33.24999953433871,-10.499999195337296,0.5826238037869298,0.6062257868435552
-33.29999953508377,-10.449999194592237,0.6077747331069568,0.5826238037869298
-33.29999953508377,-10.349999193102121,0.5762087463794127,0.6246211374113445
-33.34999953582883,-10.299999192357063,0.6062257868435552,0.590569426822497
-33.34999953582883,-10.249999191612005,0.5826238037869298,0.6077747331069568
-33.39999953657389,-10.199999190866947,0.6077747331069568,0.5826238037869298
-33.39999953657389,-10.099999189376831,0.5762087463794127,0.6246211374113445
-33.449999537318945,-10.049999188631773,0.6062257868435552,0.590569426822497
-33.449999537318945,-9.999999187886715,0.5826238037869298,0.6077747331069568
-33.499999538064,-9.949999187141657,0.6077747331069568,0.5826238037869298
-33.499999538064,-9.84999918565154,0.5762087463794127,0.6246211374113445
-33.54999953880906,-9.799999184906483,0.6062257868435552,0.590569426822497
-33.54999953880906,-9.749999184161425,0.5826238037869298,0.6077747331069568
-33.59999953955412,-9.699999183416367,0.6077747331069568,0.5826238037869298
-33.59999953955412,-9.59999918192625,0.5762087463794127,0.6246211374113445
-33.64999954029918,-9.549999181181192,0.6062257868435552,0.590569426822497
-33.64999954029918,-9.499999180436134,0.5826238037869298,0.6077747331069568
-33.699999541044235,-9.449999179691076,0.6062257868435552,0.5826238037869298
-33.699999541044235,-9.399999178946018,0.5826238037869298,0.6062257868435552
-33.74999954178929,-9.34999917820096,0.6077747331069568,0.5762087463794127
-33.74999954178929,-9.249999176710844,0.5762087463794127,0.6077747331069568
-33.79999954253435,-9.199999175965786,0.6062257868435552,0.5826238037869298
-33.79999954253435,-9.149999175220728,0.5826238037869298,0.6062257868435552
-33.84999954327941,-9.09999917447567,0.6077747331069568,0.5762087463794127
-33.84999954327941,-8.999999172985554,0.5762087463794127,0.6077747331069568
-33.89999954402447,-8.949999172240496,0.6062257868435552,0.5826238037869298
-33.89999954402447,-8.899999171495438,0.5826238037869298,0.6062257868435552
-33.949999544769526,-8.84999917075038,0.6077747331069568,0.5826238037869298
-33.949999544769526,-8.749999169260263,0.5762087463794127,0.6246211374113445
-33.999999545514584,-8.699999168515205,0.6062257868435552,0.590569426822497
-33.999999545514584,-8.649999167770147,0.5826238037869298,0.6077747331069568
-34.04999954625964,-8.59999916702509,0.6077747331069568,0.5826238037869298
-34.04999954625964,-8.499999165534973,0.5762087463794127,0.6246211374113445
-34.0999995470047,-8.449999164789915,0.6062257868435552,0.590569426822497
-34.0999995470047,-8.399999164044857,0.5826238037869298,0.6077747331069568
-34.14999954774976,-8.349999163299799,0.6077747331069568,0.5826238037869298
-34.14999954774976,-8.249999161809683,0.5762087463794127,0.6246211374113445
-34.199999548494816,-8.199999161064625,0.6062257868435552,0.590569426822497
-34.199999548494816,-8.149999160319567,0.5826238037869298,0.6077747331069568
-34.249999549239874,-8.099999159574509,0.6077747331069568,0.5826238037869298
-34.249999549239874,-7.9999991580843925,0.5762087463794127,0.6246211374113445
-34.29999954998493,-7.9499991573393345,0.6062257868435552,0.590569426822497
-34.29999954998493,-7.899999156594276,0.5826238037869298,0.6077747331069568
-34.34999955072999,-7.849999155849218,0.6077747331069568,0.5826238037869298
-34.34999955072999,-7.749999154359102,0.5762087463794127,0.6246211374113445
-34.39999955147505,-7.699999153614044,0.6062257868435552,0.590569426822497
-34.39999955147505,-7.649999152868986,0.5826238037869298,0.6077747331069568
-34.449999552220106,-7.599999152123928,0.6077747331069568,0.5826238037869298
-34.449999552220106,-7.499999150633812,0.5762087463794127,0.6276472801952478
-34.499999552965164,-7.449999149888754,0.6062257868435552,0.6062257868435552
-34.499999552965164,-7.399999149143696,0.5826238037869298,0.6246211374113445
-34.54999955371022,-7.349999148398638,0.6077747331069568,0.590569426822497
-34.54999955371022,-7.249999146908522,0.5762087463794127,0.6276472801952478
-34.59999955445528,-7.199999146163464,0.6062257868435552,0.6062257868435552
-34.59999955445528,-7.1499991454184055,0.5826238037869298,0.6246211374113445
-34.64999955520034,-7.0999991446733475,0.6077747331069568,0.590569426822497
-34.64999955520034,-6.999999143183231,0.5762087463794127,0.6276472801952478
-34.699999555945396,-6.949999142438173,0.6062257868435552,0.6062257868435552
-34.699999555945396,-6.899999141693115,0.5826238037869298,0.6246211374113445
-34.749999556690454,-6.849999140948057,0.6077747331069568,0.590569426822497
-34.749999556690454,-6.749999139457941,0.5762087463794127,0.6276472801952478
-34.79999955743551,-6.699999138712883,0.6062257868435552,0.6062257868435552
-34.79999955743551,-6.649999137967825,0.5826238037869298,0.6246211374113445
-34.84999955818057,-6.599999137222767,0.6077747331069568,0.590569426822497
-34.84999955818057,-6.499999135732651,0.5762087463794127,0.6276472801952478
-34.89999955892563,-6.449999134987593,0.6062257868435552,0.6062257868435552
-34.89999955892563,-6.399999134242535,0.5826238037869298,0.6246211374113445
-34.94999955967069,-6.349999133497477,0.6077747331069568,0.590569426822497
-34.94999955967069,-6.2499991320073605,0.5762087463794127,0.6276472801952478
-34.999999560415745,-6.199999131262302,0.6062257868435552,0.6062257868435552
-34.999999560415745,-6.149999130517244,0.5826238037869298,0.6276472801952478
-35.0499995611608,-6.099999129772186,0.6077747331069568,0.6062257868435552
-35.0499995611608,-6.049999129027128,0.590569426822497,0.6246211374113445
-35.09999956190586,-5.99999912828207,0.6246211374113445,0.590569426822497
-35.09999956190586,-5.899999126791954,0.5826238037869298,0.6276472801952478
-35.14999956265092,-5.849999126046896,0.6077747331069568,0.6062257868435552
-35.14999956265092,-5.799999125301838,0.590569426822497,0.6246211374113445
-35.19999956339598,-5.74999912455678,0.6246211374113445,0.590569426822497
-35.19999956339598,-5.649999123066664,0.5826238037869298,0.6276472801952478
-35.249999564141035,-5.599999122321606,0.6077747331069568,0.6062257868435552
-35.249999564141035,-5.549999121576548,0.590569426822497,0.6246211374113445
-35.29999956488609,-5.49999912083149,0.6246211374113445,0.590569426822497
-35.29999956488609,-5.399999119341373,0.5826238037869298,0.6276472801952478
-35.34999956563115,-5.349999118596315,0.6077747331069568,0.6062257868435552
-35.34999956563115,-5.299999117851257,0.590569426822497,0.6246211374113445
-35.39999956637621,-5.249999117106199,0.6246211374113445,0.590569426822497
-35.39999956637621,-5.149999115616083,0.5826238037869298,0.6276472801952478
-35.44999956712127,-5.099999114871025,0.6077747331069568,0.6062257868435552
-35.44999956712127,-5.049999114125967,0.590569426822497,0.6246211374113445
-35.499999567866325,-4.999999113380909,0.6246211374113445,0.590569426822497
-35.499999567866325,-4.899999111890793,0.5826238037869298,0.6276472801952478
-35.54999956861138,-4.849999111145735,0.6077747331069568,0.6062257868435552
-35.54999956861138,-4.799999110400677,0.590569426822497,0.6276472801952478
-35.59999956935644,-4.749999109655619,0.6246211374113445,0.6062257868435552
-35.59999956935644,-4.699999108910561,0.6062257868435552,0.6246211374113445
-35.6499995701015,-4.6499991081655025,0.6276472801952478,0.590569426822497
-35.6499995701015,-4.549999106675386,0.590569426822497,0.6276472801952478
-35.69999957084656,-4.499999105930328,0.6246211374113445,0.6062257868435552
-35.69999957084656,-4.44999910518527,0.6062257868435552,0.6246211374113445
-35.749999571591616,-4.399999104440212,0.6276472801952478,0.590569426822497
-35.749999571591616,-4.299999102950096,0.590569426822497,0.6276472801952478
-35.799999572336674,-4.249999102205038,0.6246211374113445,0.6062257868435552
-35.799999572336674,-4.19999910145998,0.6062257868435552,0.6246211374113445
-35.84999957308173,-4.149999100714922,0.6276472801952478,0.590569426822497
-35.84999957308173,-4.049999099224806,0.590569426822497,0.6276472801952478
-35.89999957382679,-3.9999990984797478,0.6246211374113445,0.6062257868435552
-35.89999957382679,-3.9499990977346897,0.6062257868435552,0.6246211374113445
-35.94999957457185,-3.8999990969896317,0.6276472801952478,0.590569426822497
-35.94999957457185,-3.7999990954995155,0.590569426822497,0.6276472801952478
-35.999999575316906,-3.7499990947544575,0.6246211374113445,0.6062257868435552
-35.999999575316906,-3.6999990940093994,0.6062257868435552,0.6246211374113445
-36.049999576061964,-3.6499990932643414,0.6276472801952478,0.590569426822497
-36.049999576061964,-3.5499990917742252,0.590569426822497,0.6276472801952478
-36.09999957680702,-3.499999091029167,0.6246211374113445,0.6062257868435552
-36.09999957680702,-3.449999090284109,0.6062257868435552,0.6246211374113445
-36.14999957755208,-3.399999089539051,0.6276472801952478,0.590569426822497
-36.14999957755208,-3.299999088048935,0.590569426822497,0.6276472801952478
-36.19999957829714,-3.249999087303877,0.6246211374113445,0.6062257868435552
-36.19999957829714,-3.199999086558819,0.6062257868435552,0.6276472801952478
-36.249999579042196,-3.1499990858137608,0.6276472801952478,0.6062257868435552
-36.249999579042196,-3.0999990850687027,0.6062257868435552,0.6246211374113445
-36.299999579787254,-3.0499990843236446,0.6276472801952478,0.590569426822497
-36.299999579787254,-2.9499990828335285,0.590569426822497,0.6276472801952478
-36.34999958053231,-2.8999990820884705,0.6246211374113445,0.6062257868435552
-36.34999958053231,-2.8499990813434124,0.6062257868435552,0.6246211374113445
-36.39999958127737,-2.7999990805983543,0.6276472801952478,0.590569426822497
-36.39999958127737,-2.699999079108238,0.590569426822497,0.6276472801952478
-36.44999958202243,-2.64999907836318,0.6246211374113445,0.6062257868435552
-36.44999958202243,-2.599999077618122,0.6062257868435552,0.6246211374113445
-36.49999958276749,-2.549999076873064,0.6276472801952478,0.590569426822497
-36.49999958276749,-2.449999075382948,0.590569426822497,0.6276472801952478
-36.549999583512545,-2.39999907463789,0.6246211374113445,0.6062257868435552
-36.549999583512545,-2.349999073892832,0.6062257868435552,0.6246211374113445
-36.5999995842576,-2.2999990731477737,0.6276472801952478,0.590569426822497
-36.5999995842576,-2.1999990716576576,0.590569426822497,0.6276472801952478
-36.64999958500266,-2.1499990709125996,0.6246211374113445,0.6062257868435552
-36.64999958500266,-2.0999990701675415,0.6062257868435552,0.6246211374113445
-36.69999958574772,-2.0499990694224834,0.6276472801952478,0.590569426822497
-36.69999958574772,-1.9499990679323673,0.590569426822497,0.6276472801952478
-36.74999958649278,-1.8999990671873093,0.6246211374113445,0.6062257868435552
-36.74999958649278,-1.8499990664422512,0.6062257868435552,0.6276472801952478
-36.799999587237835,-1.7999990656971931,0.6276472801952478,0.6062257868435552
-36.799999587237835,-1.699999064207077,0.590569426822497,0.6381527432014595
-36.84999958798289,-1.649999063462019,0.6246211374113445,0.6077747331069568
-36.84999958798289,-1.599999062716961,0.6062257868435552,0.6276472801952478
-36.89999958872795,-1.5499990619719028,0.6276472801952478,0.6062257868435552
-36.89999958872795,-1.4499990604817867,0.590569426822497,0.6381527432014595
-36.94999958947301,-1.3999990597367287,0.6246211374113445,0.6077747331069568
-36.94999958947301,-1.3499990589916706,0.6062257868435552,0.6276472801952478
-36.99999959021807,-1.2999990582466125,0.6276472801952478,0.6062257868435552
-36.99999959021807,-1.1999990567564964,0.590569426822497,0.6381527432014595
-37.049999590963125,-1.1499990560114384,0.6246211374113445,0.6077747331069568
-37.049999590963125,-1.0999990552663803,0.6062257868435552,0.6276472801952478
-37.09999959170818,-1.0499990545213223,0.6276472801952478,0.6062257868435552
-37.09999959170818,-0.9499990530312061,0.590569426822497,0.6381527432014595
-37.14999959245324,-0.8999990522861481,0.6246211374113445,0.6077747331069568
-37.14999959245324,-0.84999905154109,0.6062257868435552,0.6276472801952478
-37.1999995931983,-0.799999050796032,0.6276472801952478,0.6062257868435552
-37.1999995931983,-0.6999990493059158,0.590569426822497,0.6381527432014595
-37.24999959394336,-0.6499990485608578,0.6246211374113445,0.6077747331069568
-37.24999959394336,-0.5999990478157997,0.6062257868435552,0.6276472801952478
-37.299999594688416,-0.5499990470707417,0.6276472801952478,0.6062257868435552
-37.299999594688416,-0.4999990463256836,0.6077747331069568,0.6276472801952478
-37.349999595433474,-0.44999904558062553,0.6381527432014595,0.6062257868435552
-37.349999595433474,-0.3499990440905094,0.6062257868435552,0.6381527432014595
-37.39999959617853,-0.29999904334545135,0.6276472801952478,0.6077747331069568
-37.39999959617853,-0.2499990426003933,0.6077747331069568,0.6276472801952478
-37.44999959692359,-0.19999904185533524,0.6381527432014595,0.6062257868435552
-37.44999959692359,-0.09999904036521912,0.6062257868435552,0.6381527432014595
-37.49999959766865,-0.049999039620161057,0.6276472801952478,0.6077747331069568
-37.49999959766865,9.611248970031738e-07,0.6077747331069568,0.6276472801952478
-37.549999598413706,0.05000096186995506,0.6381527432014595,0.6062257868435552
-37.549999598413706,0.15000096336007118,0.6062257868435552,0.6381527432014595
-37.599999599158764,0.20000096410512924,0.6276472801952478,0.6077747331069568
-37.599999599158764,0.2500009648501873,0.6077747331069568,0.6276472801952478
-37.64999959990382,0.30000096559524536,0.6381527432014595,0.6062257868435552
-37.64999959990382,0.4000009670853615,0.6062257868435552,0.6381527432014595
-37.69999960064888,0.45000096783041954,0.6276472801952478,0.6077747331069568
-37.69999960064888,0.5000009685754776,0.6077747331069568,0.6276472801952478
-37.74999960139394,0.5500009693205357,0.6381527432014595,0.6062257868435552
-37.74999960139394,0.6500009708106518,0.6062257868435552,0.6381527432014595
-37.799999602138996,0.7000009715557098,0.6276472801952478,0.6077747331069568
-37.799999602138996,0.7500009723007679,0.6077747331069568,0.6276472801952478
-37.849999602884054,0.800000973045826,0.6381527432014595,0.6062257868435552
-37.849999602884054,0.9000009745359421,0.6062257868435552,0.6381527432014595
-37.89999960362911,0.9500009752810001,0.6276472801952478,0.6077747331069568
-37.89999960362911,1.0000009760260582,0.6077747331069568,0.6276472801952478
-37.94999960437417,1.0500009767711163,0.6381527432014595,0.6062257868435552
-37.94999960437417,1.1500009782612324,0.6062257868435552,0.6500000126659871
-37.99999960511923,1.2000009790062904,0.6276472801952478,0.6246211374113445
-37.99999960511923,1.2500009797513485,0.6077747331069568,0.6381527432014595
-38.049999605864286,1.3000009804964066,0.6381527432014595,0.6077747331069568
-38.049999605864286,1.4000009819865227,0.6062257868435552,0.6500000126659871
-38.099999606609344,1.4500009827315807,0.6276472801952478,0.6246211374113445
-38.099999606609344,1.5000009834766388,0.6077747331069568,0.6381527432014595
-38.1499996073544,1.5500009842216969,0.6381527432014595,0.6077747331069568
-38.1499996073544,1.650000985711813,0.6062257868435552,0.6500000126659871
-38.19999960809946,1.700000986456871,0.6276472801952478,0.6246211374113445
-38.19999960809946,1.750000987201929,0.6077747331069568,0.6381527432014595
-38.24999960884452,1.8000009879469872,0.6381527432014595,0.6077747331069568
-38.24999960884452,1.9000009894371033,0.6062257868435552,0.6500000126659871
-38.29999960958958,1.9500009901821613,0.6276472801952478,0.6246211374113445
-38.29999960958958,2.0000009909272194,0.6077747331069568,0.6381527432014595
-38.349999610334635,2.0500009916722775,0.6381527432014595,0.6077747331069568
-38.349999610334635,2.1500009931623936,0.6062257868435552,0.6500000126659871
-38.39999961107969,2.2000009939074516,0.6276472801952478,0.6246211374113445
-38.39999961107969,2.2500009946525097,0.6077747331069568,0.6381527432014595
-38.44999961182475,2.3000009953975677,0.6381527432014595,0.6077747331069568
-38.44999961182475,2.400000996887684,0.6062257868435552,0.6500000126659871
-38.49999961256981,2.450000997632742,0.6276472801952478,0.6276472801952478
-38.49999961256981,2.5000009983778,0.6077747331069568,0.6500000126659871
-38.54999961331487,2.550000999122858,0.6381527432014595,0.6246211374113445
-38.54999961331487,2.650001000612974,0.6062257868435552,0.6544003872633107
-38.599999614059925,2.7000010013580322,0.6276472801952478,0.6276472801952478
-38.599999614059925,2.7500010021030903,0.6077747331069568,0.6500000126659871
-38.64999961480498,2.8000010028481483,0.6381527432014595,0.6246211374113445
-38.64999961480498,2.9000010043382645,0.6062257868435552,0.6544003872633107
-38.69999961555004,2.9500010050833225,0.6276472801952478,0.6276472801952478
-38.69999961555004,3.0000010058283806,0.6077747331069568,0.6500000126659871
-38.7499996162951,3.0500010065734386,0.6381527432014595,0.6246211374113445
-38.7499996162951,3.1500010080635548,0.6062257868435552,0.6544003872633107
-38.79999961704016,3.200001008808613,0.6276472801952478,0.6276472801952478
-38.79999961704016,3.250001009553671,0.6077747331069568,0.6500000126659871
-38.849999617785215,3.300001010298729,0.6381527432014595,0.6246211374113445
-38.849999617785215,3.400001011788845,0.6062257868435552,0.6544003872633107
-38.89999961853027,3.450001012533903,0.6276472801952478,0.6276472801952478
-38.89999961853027,3.500001013278961,0.6062257868435552,0.6500000126659871
-38.94999961927533,3.5500010140240192,0.6276472801952478,0.6246211374113445
-38.94999961927533,3.6000010147690773,0.6077747331069568,0.6381527432014595
-38.99999962002039,3.6500010155141354,0.6381527432014595,0.6077747331069568
-38.99999962002039,3.7500010170042515,0.6062257868435552,0.6500000126659871
-39.04999962076545,3.8000010177493095,0.6276472801952478,0.6276472801952478
-39.04999962076545,3.8500010184943676,0.6062257868435552,0.6500000126659871
-39.099999621510506,3.9000010192394257,0.6276472801952478,0.6246211374113445
-39.099999621510506,3.9500010199844837,0.6062257868435552,0.6381527432014595
-39.149999622255564,4.000001020729542,0.6276472801952478,0.6077747331069568
-39.149999622255564,4.0500010214746,0.6077747331069568,0.6276472801952478
-39.19999962300062,4.100001022219658,0.6381527432014595,0.6062257868435552
-39.19999962300062,4.200001023709774,0.6062257868435552,0.6381527432014595
-39.24999962374568,4.250001024454832,0.6276472801952478,0.6077747331069568
-39.24999962374568,4.30000102519989,0.6062257868435552,0.6276472801952478
-39.29999962449074,4.350001025944948,0.6276472801952478,0.6062257868435552
-39.29999962449074,4.450001027435064,0.590569426822497,0.6381527432014595
-39.349999625235796,4.500001028180122,0.6246211374113445,0.6077747331069568
-39.349999625235796,4.55000102892518,0.6062257868435552,0.6276472801952478
-39.399999625980854,4.6000010296702385,0.6276472801952478,0.6062257868435552
-39.399999625980854,4.6500010304152966,0.6062257868435552,0.6246211374113445
-39.44999962672591,4.700001031160355,0.6276472801952478,0.590569426822497
-39.44999962672591,4.800001032650471,0.5826238037869298,0.6276472801952478
-39.49999962747097,4.850001033395529,0.6077747331069568,0.6062257868435552
-39.49999962747097,4.900001034140587,0.590569426822497,0.6246211374113445
-39.54999962821603,4.950001034885645,0.6246211374113445,0.590569426822497
-39.54999962821603,5.050001036375761,0.5826238037869298,0.6276472801952478
-39.599999628961086,5.100001037120819,0.6062257868435552,0.6062257868435552
-39.599999628961086,5.150001037865877,0.5826238037869298,0.6276472801952478
-39.649999629706144,5.200001038610935,0.6062257868435552,0.6062257868435552
-39.649999629706144,5.250001039355993,0.5826238037869298,0.6246211374113445
-39.6999996304512,5.300001040101051,0.6077747331069568,0.590569426822497
-39.6999996304512,5.4000010415911674,0.5762087463794127,0.6276472801952478
-39.74999963119626,5.4500010423362255,0.6062257868435552,0.6062257868435552
-39.74999963119626,5.500001043081284,0.5826238037869298,0.6246211374113445
-39.79999963194132,5.550001043826342,0.6062257868435552,0.590569426822497
-39.79999963194132,5.6000010445714,0.5826238037869298,0.6077747331069568
-39.84999963268638,5.650001045316458,0.6077747331069568,0.5826238037869298
-39.84999963268638,5.750001046806574,0.5762087463794127,0.6246211374113445
-39.899999633431435,5.800001047551632,0.6062257868435552,0.590569426822497
-39.899999633431435,5.85000104829669,0.5826238037869298,0.6077747331069568
-39.94999963417649,5.900001049041748,0.6062257868435552,0.5826238037869298
-39.94999963417649,5.950001049786806,0.5826238037869298,0.6062257868435552
-39.99999963492155,6.000001050531864,0.6062257868435552,0.5762087463794127
-39.99999963492155,6.10000105202198,0.5615773219347772,0.6077747331069568
-40.04999963566661,6.150001052767038,0.590569426822497,0.5826238037869298
-40.04999963566661,6.200001053512096,0.5762087463794127,0.6062257868435552
-40.09999963641167,6.2500010542571545,0.6062257868435552,0.5762087463794127
-40.09999963641167,6.350001055747271,0.5615773219347772,0.6077747331069568
-40.149999637156725,6.400001056492329,0.5826238037869298,0.5826238037869298
-40.149999637156725,6.450001057237387,0.5615773219347772,0.6062257868435552
-40.19999963790178,6.500001057982445,0.590569426822497,0.5762087463794127
-40.19999963790178,6.600001059472561,0.5615773219347772,0.6077747331069568
-40.24999963864684,6.650001060217619,0.5826238037869298,0.5826238037869298
-40.24999963864684,6.700001060962677,0.5615773219347772,0.6062257868435552
-40.2999996393919,6.750001061707735,0.5826238037869298,0.5826238037869298
-40.2999996393919,6.800001062452793,0.5615773219347772,0.6062257868435552
-40.34999964013696,6.850001063197851,0.5826238037869298,0.5762087463794127
-40.34999964013696,6.900001063942909,0.5615773219347772,0.590569426822497
-40.399999640882015,6.950001064687967,0.590569426822497,0.5615773219347772
-40.399999640882015,7.050001066178083,0.5615773219347772,0.6062257868435552
-40.44999964162707,7.1000010669231415,0.5826238037869298,0.5762087463794127
-40.44999964162707,7.1500010676681995,0.5615773219347772,0.590569426822497
-40.49999964237213,7.200001068413258,0.5826238037869298,0.5615773219347772
-40.49999964237213,7.250001069158316,0.5615773219347772,0.5826238037869298
-40.54999964311719,7.300001069903374,0.5826238037869298,0.5615773219347772
-40.54999964311719,7.40000107139349,0.5433034484420096,0.590569426822497
-40.59999964386225,7.450001072138548,0.5762087463794127,0.5615773219347772
-40.59999964386225,7.500001072883606,0.5615773219347772,0.5826238037869298
-40.649999644607306,7.550001073628664,0.5826238037869298,0.5615773219347772
-40.649999644607306,7.65000107511878,0.5382411640123205,0.590569426822497
-40.699999645352364,7.700001075863838,0.5615773219347772,0.5615773219347772
-40.699999645352364,7.750001076608896,0.5433034484420096,0.5826238037869298
-40.74999964609742,7.800001077353954,0.5762087463794127,0.5615773219347772
-40.74999964609742,7.90000107884407,0.5382411640123205,0.590569426822497
-40.79999964684248,7.9500010795891285,0.5615773219347772,0.5615773219347772
-40.79999964684248,8.000001080334187,0.5382411640123205,0.5826238037869298
-40.84999964758754,8.050001081079245,0.5615773219347772,0.5615773219347772
-40.84999964758754,8.100001081824303,0.5382411640123205,0.5826238037869298
-40.899999648332596,8.15000108256936,0.5615773219347772,0.5615773219347772
-40.899999648332596,8.200001083314419,0.5433034484420096,0.5762087463794127
-40.949999649077654,8.250001084059477,0.5762087463794127,0.5433034484420096
-40.949999649077654,8.350001085549593,0.5382411640123205,0.5826238037869298
-40.99999964982271,8.400001086294651,0.5615773219347772,0.5615773219347772
-40.99999964982271,8.450001087039709,0.5382411640123205,0.5762087463794127
-41.04999965056777,8.500001087784767,0.5615773219347772,0.5433034484420096
-41.04999965056777,8.600001089274883,0.5280109997762609,0.5826238037869298
-41.09999965131283,8.650001090019941,0.5615773219347772,0.5615773219347772
-41.09999965131283,8.700001090765,0.5382411640123205,0.5762087463794127
-41.149999652057886,8.750001091510057,0.5615773219347772,0.5433034484420096
-41.149999652057886,8.800001092255116,0.5382411640123205,0.5615773219347772
-41.199999652802944,8.850001093000174,0.5615773219347772,0.5382411640123205
-41.199999652802944,8.900001093745232,0.5382411640123205,0.5615773219347772
-41.249999653548,8.95000109449029,0.5615773219347772,0.5280109997762609
-41.249999653548,9.050001095980406,0.5280109997762609,0.5615773219347772
-41.29999965429306,9.100001096725464,0.5615773219347772,0.5382411640123205
-41.29999965429306,9.150001097470522,0.5382411640123205,0.5615773219347772
-41.34999965503812,9.20000109821558,0.5615773219347772,0.5280109997762609
-41.34999965503812,9.300001099705696,0.5158910638314256,0.5615773219347772
-41.399999655783176,9.350001100450754,0.5433034484420096,0.5382411640123205
-41.399999655783176,9.400001101195812,0.5280109997762609,0.5615773219347772
-41.449999656528234,9.45000110194087,0.5615773219347772,0.5382411640123205
-41.449999656528234,9.500001102685928,0.5382411640123205,0.5615773219347772
-41.49999965727329,9.550001103430986,0.5615773219347772,0.5280109997762609
-41.49999965727329,9.650001104921103,0.5158910638314256,0.5615773219347772
-41.54999965801835,9.70000110566616,0.5382411640123205,0.5382411640123205
-41.54999965801835,9.750001106411219,0.5158910638314256,0.5615773219347772
-41.59999965876341,9.800001107156277,0.5433034484420096,0.5280109997762609
-41.59999965876341,9.900001108646393,0.5158910638314256,0.5615773219347772
-41.64999965950847,9.95000110939145,0.5382411640123205,0.5382411640123205
-41.64999965950847,10.000001110136509,0.5158910638314256,0.5615773219347772
-41.699999660253525,10.050001110881567,0.5382411640123205,0.5280109997762609
-41.699999660253525,10.100001111626625,0.5158910638314256,0.5433034484420096
-41.74999966099858,10.150001112371683,0.5382411640123205,0.5158910638314256
-41.74999966099858,10.200001113116741,0.5158910638314256,0.5382411640123205
-41.79999966174364,10.2500011138618,0.5433034484420096,0.5158910638314256
-41.79999966174364,10.350001115351915,0.5158910638314256,0.5433034484420096
-41.8499996624887,10.400001116096973,0.5382411640123205,0.5158910638314256
-41.8499996624887,10.450001116842031,0.5158910638314256,0.5382411640123205
-41.89999966323376,10.50000111758709,0.5382411640123205,0.5158910638314256
-41.89999966323376,10.600001119077206,0.49641942423666396,0.5433034484420096
-41.949999663978815,10.650001119822264,0.5280109997762609,0.5158910638314256
-41.949999663978815,10.700001120567322,0.5158910638314256,0.5382411640123205
-41.99999966472387,10.75000112131238,0.5382411640123205,0.5158910638314256
-41.99999966472387,10.850001122802496,0.4946222098231675,0.5433034484420096
-42.04999966546893,10.900001123547554,0.5158910638314256,0.5158910638314256
-42.04999966546893,10.950001124292612,0.4946222098231675,0.5382411640123205
-42.09999966621399,11.00000112503767,0.5158910638314256,0.5158910638314256
-42.09999966621399,11.050001125782728,0.49641942423666396,0.5382411640123205
-42.14999966695905,11.100001126527786,0.5280109997762609,0.5158910638314256
-42.14999966695905,11.200001128017902,0.4946222098231675,0.5433034484420096
-42.199999667704105,11.25000112876296,0.5158910638314256,0.5158910638314256
-42.199999667704105,11.300001129508018,0.4946222098231675,0.5382411640123205
-42.24999966844916,11.350001130253077,0.5158910638314256,0.5158910638314256
-42.24999966844916,11.400001130998135,0.49641942423666396,0.5280109997762609
-42.29999966919422,11.450001131743193,0.5280109997762609,0.49641942423666396
-42.29999966919422,11.550001133233309,0.4946222098231675,0.5382411640123205
-42.34999966993928,11.600001133978367,0.5158910638314256,0.5158910638314256
-42.34999966993928,11.650001134723425,0.4946222098231675,0.5280109997762609
-42.39999967068434,11.700001135468483,0.5158910638314256,0.49641942423666396
-42.39999967068434,11.800001136958599,0.4708204032459398,0.5382411640123205
-42.449999671429396,11.850001137703657,0.49641942423666396,0.5158910638314256
-42.449999671429396,11.900001138448715,0.4800735355706574,0.5280109997762609
-42.499999672174454,11.950001139193773,0.5158910638314256,0.49641942423666396
-42.499999672174454,12.05000114068389,0.4708204032459398,0.5382411640123205
-42.54999967291951,12.100001141428947,0.4946222098231675,0.5158910638314256
-42.54999967291951,12.150001142174006,0.4708204032459398,0.5280109997762609
-42.59999967366457,12.200001142919064,0.49641942423666396,0.49641942423666396
-42.59999967366457,12.250001143664122,0.4800735355706574,0.5158910638314256
-42.64999967440963,12.30000114440918,0.5158910638314256,0.4946222098231675
-42.64999967440963,12.400001145899296,0.4708204032459398,0.5382411640123205
-42.699999675154686,12.450001146644354,0.4946222098231675,0.5158910638314256
-42.699999675154686,12.500001147389412,0.4708204032459398,0.5280109997762609
-42.749999675899744,12.55000114813447,0.4946222098231675,0.49641942423666396
-42.749999675899744,12.600001148879528,0.4708204032459398,0.5158910638314256
-42.7999996766448,12.650001149624586,0.49641942423666396,0.4946222098231675
-42.7999996766448,12.700001150369644,0.4800735355706574,0.5158910638314256
-42.84999967738986,12.750001151114702,0.5158910638314256,0.4800735355706574
-42.84999967738986,12.850001152604818,0.4708204032459398,0.5158910638314256
-42.89999967813492,12.900001153349876,0.4946222098231675,0.4946222098231675
-42.89999967813492,12.950001154094934,0.4708204032459398,0.5158910638314256
-42.949999678879976,13.000001154839993,0.4946222098231675,0.4800735355706574
-42.949999678879976,13.100001156330109,0.4500000096857548,0.5158910638314256
-42.999999679625034,13.150001157075167,0.4800735355706574,0.4946222098231675
-42.999999679625034,13.200001157820225,0.4670832131466311,0.5158910638314256
-43.04999968037009,13.250001158565283,0.4946222098231675,0.4800735355706574
-43.04999968037009,13.350001160055399,0.4500000096857548,0.5158910638314256
-43.09999968111515,13.400001160800457,0.4708204032459398,0.4946222098231675
-43.09999968111515,13.450001161545515,0.4500000096857548,0.5158910638314256
-43.14999968186021,13.500001162290573,0.4800735355706574,0.4800735355706574
-43.14999968186021,13.60000116378069,0.4500000096857548,0.5158910638314256
-43.19999968260527,13.650001164525747,0.4708204032459398,0.4946222098231675
-43.19999968260527,13.700001165270805,0.4500000096857548,0.5158910638314256
-43.249999683350325,13.750001166015863,0.4708204032459398,0.4946222098231675
-43.249999683350325,13.800001166760921,0.4500000096857548,0.5158910638314256
-43.29999968409538,13.85000116750598,0.4708204032459398,0.4800735355706574
-43.29999968409538,13.900001168251038,0.4500000096857548,0.49641942423666396
-43.34999968484044,13.950001168996096,0.4800735355706574,0.4708204032459398
-43.34999968484044,14.050001170486212,0.4500000096857548,0.5158910638314256
-43.3999996855855,14.10000117123127,0.4708204032459398,0.4800735355706574
-43.3999996855855,14.150001171976328,0.4500000096857548,0.49641942423666396
-43.44999968633056,14.200001172721386,0.4708204032459398,0.4708204032459398
-43.44999968633056,14.250001173466444,0.4500000096857548,0.4946222098231675
-43.499999687075615,14.300001174211502,0.4800735355706574,0.4670832131466311
-43.499999687075615,14.400001175701618,0.4500000096857548,0.49641942423666396
-43.54999968782067,14.450001176446676,0.4708204032459398,0.4708204032459398
-43.54999968782067,14.500001177191734,0.4500000096857548,0.4946222098231675
-43.59999968856573,14.550001177936792,0.4708204032459398,0.4670832131466311
-43.59999968856573,14.60000117868185,0.4500000096857548,0.4800735355706574
-43.64999968931079,14.650001179426908,0.4708204032459398,0.4500000096857548
-43.64999968931079,14.750001180917025,0.4324555414579977,0.4946222098231675
-43.69999969005585,14.800001181662083,0.4670832131466311,0.4670832131466311
-43.69999969005585,14.85000118240714,0.4500000096857548,0.4800735355706574
-43.749999690800905,14.900001183152199,0.4708204032459398,0.4500000096857548
-43.749999690800905,15.000001184642315,0.4264982136426342,0.4946222098231675
-43.79999969154596,15.050001185387373,0.4500000096857548,0.4708204032459398
-43.79999969154596,15.100001186132431,0.4264982136426342,0.4946222098231675
-43.84999969229102,15.150001186877489,0.4500000096857548,0.4670832131466311
-43.84999969229102,15.200001187622547,0.4324555414579977,0.4800735355706574
-43.89999969303608,15.250001188367605,0.4670832131466311,0.4500000096857548
-43.89999969303608,15.350001189857721,0.4264982136426342,0.4946222098231675
-43.94999969378114,15.40000119060278,0.4500000096857548,0.4670832131466311
-43.94999969378114,15.450001191347837,0.4264982136426342,0.4800735355706574
-43.999999694526196,15.500001192092896,0.4500000096857548,0.4500000096857548
-43.999999694526196,15.550001192837954,0.4324555414579977,0.4708204032459398
-44.049999695271254,15.600001193583012,0.4670832131466311,0.4500000096857548
-44.049999695271254,15.700001195073128,0.4264982136426342,0.4800735355706574
-44.09999969601631,15.750001195818186,0.4500000096857548,0.4500000096857548
-44.09999969601631,15.800001196563244,0.4264982136426342,0.4708204032459398
-44.14999969676137,15.850001197308302,0.4500000096857548,0.4500000096857548
-44.14999969676137,15.90000119805336,0.4264982136426342,0.4670832131466311
-44.19999969750643,15.950001198798418,0.4500000096857548,0.4324555414579977
-44.19999969750643,16.050001200288534,0.4184658530585083,0.4708204032459398
-44.249999698251486,16.100001201033592,0.4500000096857548,0.4500000096857548
-44.249999698251486,16.15000120177865,0.4264982136426342,0.4670832131466311
-44.299999698996544,16.20000120252371,0.4500000096857548,0.4324555414579977
-44.299999698996544,16.300001204013824,0.4184658530585083,0.4708204032459398
-44.3499996997416,16.350001204758883,0.4500000096857548,0.4500000096857548
-44.3499996997416,16.40000120550394,0.4264982136426342,0.4670832131466311
-44.39999970048666,16.450001206249,0.4500000096857548,0.4324555414579977
-44.39999970048666,16.550001207739115,0.4184658530585083,0.4708204032459398
-44.44999970123172,16.600001208484173,0.4500000096857548,0.4500000096857548
-44.44999970123172,16.65000120922923,0.4264982136426342,0.4708204032459398
-44.499999701976776,16.70000120997429,0.4500000096857548,0.4500000096857548
-44.499999701976776,16.750001210719347,0.4324555414579977,0.4670832131466311
-44.549999702721834,16.800001211464405,0.4670832131466311,0.4324555414579977
-44.549999702721834,16.90000121295452,0.4324555414579977,0.4708204032459398
-44.59999970346689,16.95000121369958,0.4670832131466311,0.4500000096857548
-44.59999970346689,17.050001215189695,0.4264982136426342,0.4800735355706574
-44.64999970421195,17.100001215934753,0.4500000096857548,0.4500000096857548
-44.64999970421195,17.15000121667981,0.4324555414579977,0.4708204032459398
-44.69999970495701,17.20000121742487,0.4670832131466311,0.4500000096857548
-44.69999970495701,17.300001218914986,0.4264982136426342,0.4800735355706574
-44.749999705702066,17.350001219660044,0.4500000096857548,0.4500000096857548
-44.749999705702066,17.4000012204051,0.4324555414579977,0.4708204032459398
-44.799999706447124,17.45000122115016,0.4670832131466311,0.4500000096857548
-44.799999706447124,17.550001222640276,0.4264982136426342,0.4800735355706574
-44.84999970719218,17.600001223385334,0.4500000096857548,0.4500000096857548
-44.84999970719218,17.650001224130392,0.4324555414579977,0.4708204032459398
-44.89999970793724,17.70000122487545,0.4670832131466311,0.4500000096857548
-44.89999970793724,17.800001226365566,0.4264982136426342,0.4800735355706574
-44.9499997086823,17.850001227110624,0.4500000096857548,0.4500000096857548
-44.9499997086823,17.900001227855682,0.4324555414579977,0.4708204032459398
-44.99999970942736,17.95000122860074,0.4670832131466311,0.4500000096857548
-44.99999970942736,18.050001230090857,0.4264982136426342,0.4946222098231675
-45.049999710172415,18.100001230835915,0.4500000096857548,0.4670832131466311
-45.049999710172415,18.150001231580973,0.4324555414579977,0.4800735355706574
-45.09999971091747,18.20000123232603,0.4670832131466311,0.4500000096857548
-45.09999971091747,18.300001233816147,0.4264982136426342,0.4946222098231675
-45.14999971166253,18.350001234561205,0.4500000096857548,0.4670832131466311
-45.14999971166253,18.400001235306263,0.4324555414579977,0.4800735355706574
-45.19999971240759,18.45000123605132,0.4670832131466311,0.4500000096857548
-45.19999971240759,18.550001237541437,0.4324555414579977,0.4946222098231675
-45.24999971315265,18.600001238286495,0.4670832131466311,0.4670832131466311
-45.24999971315265,18.650001239031553,0.4500000096857548,0.4800735355706574
-45.299999713897705,18.70000123977661,0.4708204032459398,0.4500000096857548
-45.299999713897705,18.800001241266727,0.4324555414579977,0.4946222098231675
-45.34999971464276,18.850001242011786,0.4670832131466311,0.4670832131466311
-45.34999971464276,18.900001242756844,0.4500000096857548,0.4800735355706574
-45.39999971538782,18.9500012435019,0.4708204032459398,0.4500000096857548
-45.39999971538782,19.050001244992018,0.4324555414579977,0.4946222098231675
-45.44999971613288,19.100001245737076,0.4670832131466311,0.4670832131466311
-45.44999971613288,19.150001246482134,0.4500000096857548,0.4800735355706574
-45.49999971687794,19.200001247227192,0.4708204032459398,0.4500000096857548
-45.49999971687794,19.300001248717308,0.4324555414579977,0.4946222098231675
-45.549999717622995,19.350001249462366,0.4670832131466311,0.4708204032459398
-45.549999717622995,19.400001250207424,0.4500000096857548,0.4946222098231675
-45.59999971836805,19.450001250952482,0.4708204032459398,0.4670832131466311
-45.59999971836805,19.5500012524426,0.4324555414579977,0.49641942423666396
-45.64999971911311,19.600001253187656,0.4670832131466311,0.4708204032459398
-45.64999971911311,19.650001253932714,0.4576473316980041,0.4946222098231675
-45.69999971985817,19.700001254677773,0.49641942423666396,0.4670832131466311
-45.69999971985817,19.850001256912947,0.4500000096857548,0.5158910638314256
-45.74999972060323,19.900001257658005,0.4800735355706574,0.4946222098231675
-45.74999972060323,19.950001258403063,0.4670832131466311,0.5158910638314256
-45.799999721348286,20.00000125914812,0.49641942423666396,0.4800735355706574
-45.799999721348286,20.100001260638237,0.4670832131466311,0.5158910638314256
-45.849999722093344,20.150001261383295,0.5071067917232597,0.4946222098231675
-45.849999722093344,20.25000126287341,0.4800735355706574,0.5280109997762609
-45.8999997228384,20.30000126361847,0.5158910638314256,0.49641942423666396
-45.8999997228384,20.400001265108585,0.4800735355706574,0.5382411640123205
-45.94999972358346,20.450001265853643,0.5158910638314256,0.5158910638314256
-45.94999972358346,20.5000012665987,0.49641942423666396,0.5280109997762609
-45.99999972432852,20.55000126734376,0.5280109997762609,0.49641942423666396
-45.99999972432852,20.700001269578934,0.49641942423666396,0.5433034484420096
-46.049999725073576,20.75000127032399,0.5280109997762609,0.5071067917232597
-46.049999725073576,20.850001271814108,0.49641942423666396,0.5280109997762609
-46.099999725818634,20.900001272559166,0.5280109997762609,0.49641942423666396
-46.099999725818634,21.05000127479434,0.49641942423666396,0.5280109997762609
-46.14999972656369,21.100001275539398,0.5280109997762609,0.49641942423666396
-46.14999972656369,21.250001277774572,0.4800735355706574,0.5280109997762609
-46.19999972730875,21.30000127851963,0.5158910638314256,0.49641942423666396
-46.19999972730875,21.450001280754805,0.4670832131466311,0.5158910638314256
-46.24999972805381,21.500001281499863,0.5071067917232597,0.4800735355706574
-46.24999972805381,21.700001284480095,0.4670832131466311,0.5158910638314256
-46.299999728798866,21.750001285225153,0.5071067917232597,0.4800735355706574
-46.299999728798866,21.950001288205385,0.4670832131466311,0.5158910638314256
-46.349999729543924,22.000001288950443,0.5071067917232597,0.4800735355706574
-46.349999729543924,22.150001291185617,0.4800735355706574,0.5158910638314256
-46.39999973028898,22.200001291930676,0.5158910638314256,0.4800735355706574
-46.39999973028898,22.400001294910908,0.4800735355706574,0.5158910638314256
-46.44999973103404,22.450001295655966,0.5158910638314256,0.4800735355706574
-46.44999973103404,22.650001298636198,0.4800735355706574,0.5158910638314256
-46.4999997317791,22.700001299381256,0.5158910638314256,0.4800735355706574
-46.4999997317791,22.90000130236149,0.4800735355706574,0.5158910638314256
-46.54999973252416,22.950001303106546,0.5158910638314256,0.4800735355706574
-46.54999973252416,23.15000130608678,0.4800735355706574,0.5280109997762609
-46.599999733269215,23.200001306831837,0.5158910638314256,0.49641942423666396
-46.599999733269215,23.40000130981207,0.49641942423666396,0.5280109997762609
-46.64999973401427,23.450001310557127,0.5280109997762609,0.49641942423666396
-46.64999973401427,23.65000131353736,0.49641942423666396,0.5280109997762609
-46.69999973475933,23.700001314282417,0.5280109997762609,0.49641942423666396
-46.69999973475933,24.000001318752766,0.4670832131466311,0.5158910638314256
-46.74999973550439,24.050001319497824,0.5071067917232597,0.4800735355706574
-46.74999973550439,24.500001326203346,0.45192025023463345,0.5017834528382981
-46.79999973624945,24.550001326948404,0.5000000104308129,0.4576473316980041
-46.79999973624945,25.100001335144043,0.4670832131466311,0.5017834528382981
-46.849999736994505,25.1500013358891,0.5071067917232597,0.4576473316980041
-46.849999736994505,25.800001345574856,0.4800735355706574,0.5158910638314256
-46.89999973773956,25.850001346319914,0.5158910638314256,0.4800735355706574
-46.89999973773956,27.75000137463212,0.5000000104308129,0.4670832131466311
-46.849999736994505,27.800001375377178,0.45192025023463345,0.5071067917232597
-46.849999736994505,28.650001388043165,0.5158910638314256,0.5000000104308129
-46.79999973624945,28.700001388788223,0.4800735355706574,0.5500000111758709
-46.79999973624945,29.250001396983862,0.5017834528382981,0.4670832131466311
-46.74999973550439,29.30000139772892,0.4576473316980041,0.5071067917232597
-46.74999973550439,29.55000140145421,0.5000000104308129,0.4670832131466311
-46.69999973475933,29.60000140219927,0.45192025023463345,0.5071067917232597
-46.69999973475933,29.8000014051795,0.49641942423666396,0.4670832131466311
-46.64999973401427,29.85000140592456,0.45192025023463345,0.5071067917232597
-46.64999973401427,30.05000140890479,0.49641942423666396,0.4800735355706574
-46.599999733269215,30.10000140964985,0.4576473316980041,0.5158910638314256
-46.599999733269215,30.30000141263008,0.5017834528382981,0.49641942423666396
-46.54999973252416,30.35000141337514,0.4576473316980041,0.5280109997762609
-46.54999973252416,30.55000141635537,0.5017834528382981,0.49641942423666396
-46.4999997317791,30.60000141710043,0.4576473316980041,0.5280109997762609
-46.4999997317791,30.80000142008066,0.5071067917232597,0.5000000104308129
-46.44999973103404,30.85000142082572,0.4670832131466311,0.5433034484420096
-46.44999973103404,31.050001423805952,0.5071067917232597,0.5017834528382981
-46.39999973028898,31.10000142455101,0.4670832131466311,0.5433034484420096
-46.39999973028898,31.300001427531242,0.5158910638314256,0.5017834528382981
-46.349999729543924,31.3500014282763,0.4800735355706574,0.5500000111758709
-46.349999729543924,31.550001431256533,0.5158910638314256,0.5071067917232597
-46.299999728798866,31.60000143200159,0.4800735355706574,0.5433034484420096
-46.299999728798866,31.750001434236765,0.5071067917232597,0.49641942423666396
-46.24999972805381,31.800001434981823,0.4670832131466311,0.5280109997762609
-46.24999972805381,31.90000143647194,0.49641942423666396,0.49641942423666396
-46.19999972730875,31.950001437216997,0.4670832131466311,0.5280109997762609
-46.19999972730875,32.05000143870711,0.49641942423666396,0.49641942423666396
-46.14999972656369,32.10000143945217,0.4670832131466311,0.5280109997762609
-46.14999972656369,32.20000144094229,0.49641942423666396,0.49641942423666396
-46.099999725818634,32.250001441687346,0.4670832131466311,0.5280109997762609
-46.099999725818634,32.300001442432404,0.4800735355706574,0.5158910638314256
-46.049999725073576,32.35000144317746,0.4500000096857548,0.5433034484420096
-46.049999725073576,32.45000144466758,0.4946222098231675,0.5158910638314256
-45.99999972432852,32.500001445412636,0.4670832131466311,0.5433034484420096
-45.99999972432852,32.60000144690275,0.49641942423666396,0.5158910638314256
-45.94999972358346,32.65000144764781,0.4670832131466311,0.5433034484420096
-45.94999972358346,32.750001449137926,0.49641942423666396,0.5158910638314256
-45.8999997228384,32.800001449882984,0.4708204032459398,0.5433034484420096
-45.8999997228384,32.9000014513731,0.5158910638314256,0.5158910638314256
-45.849999722093344,32.95000145211816,0.4800735355706574,0.5433034484420096
-45.849999722093344,33.050001453608274,0.5158910638314256,0.5158910638314256
-45.799999721348286,33.10000145435333,0.4800735355706574,0.5433034484420096
-45.799999721348286,33.15000145509839,0.49641942423666396,0.5280109997762609
-45.74999972060323,33.20000145584345,0.4708204032459398,0.5615773219347772
-45.74999972060323,33.300001457333565,0.5158910638314256,0.5280109997762609
-45.69999971985817,33.35000145807862,0.4800735355706574,0.5615773219347772
-45.69999971985817,33.45000145956874,0.5158910638314256,0.5280109997762609
-45.64999971911311,33.5000014603138,0.4800735355706574,0.5615773219347772
-45.64999971911311,33.60000146180391,0.5158910638314256,0.5280109997762609
-45.59999971836805,33.65000146254897,0.4946222098231675,0.5615773219347772
-45.59999971836805,33.75000146403909,0.5280109997762609,0.5280109997762609
-45.549999717622995,33.800001464784145,0.49641942423666396,0.5615773219347772
-45.549999717622995,33.8500014655292,0.5158910638314256,0.5433034484420096
-45.49999971687794,33.90000146627426,0.4946222098231675,0.5762087463794127
-45.49999971687794,34.00000146776438,0.5280109997762609,0.5382411640123205
-45.44999971613288,34.050001468509436,0.49641942423666396,0.5615773219347772
-45.44999971613288,34.100001469254494,0.5158910638314256,0.5382411640123205
-45.39999971538782,34.15000146999955,0.4800735355706574,0.5615773219347772
-45.39999971538782,34.20000147074461,0.49641942423666396,0.5382411640123205
-45.34999971464276,34.25000147148967,0.4708204032459398,0.5615773219347772
-45.34999971464276,34.300001472234726,0.4946222098231675,0.5382411640123205
-45.299999713897705,34.350001472979784,0.4670832131466311,0.5615773219347772
-45.299999713897705,34.40000147372484,0.4800735355706574,0.5382411640123205
-45.24999971315265,34.4500014744699,0.4500000096857548,0.5615773219347772
-45.24999971315265,34.50000147521496,0.4708204032459398,0.5382411640123205
-45.19999971240759,34.550001475960016,0.45192025023463345,0.5615773219347772
-45.19999971240759,34.600001476705074,0.4800735355706574,0.5382411640123205
-45.14999971166253,34.65000147745013,0.4708204032459398,0.5615773219347772
-45.14999971166253,34.70000147819519,0.4946222098231675,0.5382411640123205
-45.09999971091747,34.75000147894025,0.4708204032459398,0.5615773219347772
-45.09999971091747,34.80000147968531,0.4946222098231675,0.5382411640123205
-45.049999710172415,34.850001480430365,0.4708204032459398,0.5615773219347772
-45.049999710172415,34.90000148117542,0.4946222098231675,0.5382411640123205
-44.99999970942736,34.95000148192048,0.4800735355706574,0.5615773219347772
-44.99999970942736,35.00000148266554,0.5106335307668594,0.5382411640123205
-44.89999970793724,35.100001484155655,0.4708204032459398,0.5810249792288443
-44.89999970793724,35.15000148490071,0.4946222098231675,0.5500000111758709
-44.84999970719218,35.20000148564577,0.4708204032459398,0.563216887496505
-44.84999970719218,35.25000148639083,0.4946222098231675,0.5382411640123205
-44.799999706447124,35.30000148713589,0.4708204032459398,0.5615773219347772
-44.799999706447124,35.350001487880945,0.4946222098231675,0.5382411640123205
-44.749999705702066,35.400001488626,0.4800735355706574,0.5615773219347772
-44.749999705702066,35.45000148937106,0.5106335307668594,0.5382411640123205
-44.69999970495701,35.50000149011612,0.4946222098231675,0.5615773219347772
-44.69999970495701,35.55000149086118,0.5158910638314256,0.5382411640123205
-44.64999970421195,35.600001491606236,0.4946222098231675,0.5615773219347772
-44.64999970421195,35.650001492351294,0.5158910638314256,0.5382411640123205
-44.549999702721834,35.75000149384141,0.4800735355706574,0.5826238037869298
-44.549999702721834,35.80000149458647,0.5106335307668594,0.5615773219347772
-44.499999701976776,35.850001495331526,0.4946222098231675,0.5826238037869298
-44.499999701976776,35.900001496076584,0.5158910638314256,0.5615773219347772
-44.44999970123172,35.95000149682164,0.4946222098231675,0.5826238037869298
-44.44999970123172,36.0000014975667,0.5158910638314256,0.5615773219347772
-44.39999970048666,36.05000149831176,0.4946222098231675,0.5826238037869298
-44.39999970048666,36.100001499056816,0.5158910638314256,0.5615773219347772
-44.3499996997416,36.150001499801874,0.4946222098231675,0.5826238037869298
-44.3499996997416,36.20000150054693,0.5211102658381779,0.5615773219347772
-44.249999698251486,36.30000150203705,0.4946222098231675,0.5810249792288443
-44.249999698251486,36.350001502782106,0.5158910638314256,0.5500000111758709
-44.14999969676137,36.45000150427222,0.4708204032459398,0.5810249792288443
-44.14999969676137,36.50000150501728,0.4946222098231675,0.5500000111758709
-44.09999969601631,36.55000150576234,0.4800735355706574,0.563216887496505
-44.09999969601631,36.6000015065074,0.5106335307668594,0.5382411640123205
-43.999999694526196,36.70000150799751,0.4708204032459398,0.563216887496505
-43.999999694526196,36.75000150874257,0.4946222098231675,0.5382411640123205
-43.89999969303608,36.85000151023269,0.47268121237741656,0.5500000111758709
-43.89999969303608,36.900001510977745,0.5071067917232597,0.5211102658381779
-43.749999690800905,37.05000151321292,0.47268121237741656,0.563216887496505
-43.749999690800905,37.10000151395798,0.5071067917232597,0.5382411640123205
-43.59999968856573,37.25000151619315,0.4800735355706574,0.563216887496505
-43.59999968856573,37.30000151693821,0.5106335307668594,0.5382411640123205
-43.44999968633056,37.450001519173384,0.4800735355706574,0.5778174708955855
-43.44999968633056,37.50000151991844,0.5106335307668594,0.5433034484420096
-43.29999968409538,37.650001522153616,0.4800735355706574,0.5810249792288443
-43.29999968409538,37.700001522898674,0.5106335307668594,0.5500000111758709
-43.19999968260527,37.80000152438879,0.4946222098231675,0.5810249792288443
-43.19999968260527,37.85000152513385,0.5211102658381779,0.5500000111758709
-43.04999968037009,38.00000152736902,0.4946222098231675,0.5810249792288443
-43.04999968037009,38.05000152811408,0.5211102658381779,0.5500000111758709
-42.84999967738986,38.25000153109431,0.4946222098231675,0.5810249792288443
-42.84999967738986,38.30000153183937,0.5211102658381779,0.5500000111758709
-42.699999675154686,38.450001534074545,0.4946222098231675,0.5778174708955855
-42.699999675154686,38.5000015348196,0.5211102658381779,0.5424621313094227
-41.09999965131283,40.10000155866146,0.5071067917232597,0.5211102658381779
-41.04999965056777,40.10000155866146,0.4717514521370966,0.5500000111758709
-40.84999964758754,40.30000156164169,0.4800735355706574,0.5211102658381779
-40.79999964684248,40.30000156164169,0.45192025023463345,0.5500000111758709
-40.59999964386225,40.500001564621925,0.4946222098231675,0.5211102658381779
-40.54999964311719,40.500001564621925,0.4708204032459398,0.5500000111758709
-40.399999640882015,40.6500015668571,0.5071067917232597,0.5211102658381779
-40.34999964013696,40.6500015668571,0.47268121237741656,0.5500000111758709
-40.19999963790178,40.800001569092274,0.5106335307668594,0.5382411640123205
-40.149999637156725,40.800001569092274,0.4800735355706574,0.563216887496505
-39.99999963492155,40.95000157132745,0.5106335307668594,0.5424621313094227
-39.94999963417649,40.95000157132745,0.4800735355706574,0.5778174708955855
-39.79999963194132,41.10000157356262,0.5106335307668594,0.5382411640123205
-39.74999963119626,41.10000157356262,0.4800735355706574,0.5615773219347772
-39.6999996304512,41.15000157430768,0.4946222098231675,0.5382411640123205
-39.649999629706144,41.15000157430768,0.4708204032459398,0.5615773219347772
-39.54999962821603,41.250001575797796,0.4946222098231675,0.5211102658381779
-39.49999962747097,41.250001575797796,0.4708204032459398,0.5500000111758709
-39.399999625980854,41.35000157728791,0.4800735355706574,0.5158910638314256
-39.349999625235796,41.35000157728791,0.45192025023463345,0.5382411640123205
-39.29999962449074,41.40000157803297,0.4708204032459398,0.5158910638314256
-39.24999962374568,41.40000157803297,0.4500000096857548,0.5382411640123205
-39.19999962300062,41.45000157877803,0.4708204032459398,0.5158910638314256
-39.149999622255564,41.45000157877803,0.4500000096857548,0.5382411640123205
-39.099999621510506,41.50000157952309,0.4708204032459398,0.5211102658381779
-39.04999962076545,41.50000157952309,0.4500000096857548,0.5500000111758709
-38.94999961927533,41.6000015810132,0.4800735355706574,0.5158910638314256
-38.89999961853027,41.6000015810132,0.45192025023463345,0.5382411640123205
-38.849999617785215,41.65000158175826,0.4708204032459398,0.5158910638314256
-38.79999961704016,41.65000158175826,0.4500000096857548,0.5382411640123205
-38.7499996162951,41.70000158250332,0.4708204032459398,0.5158910638314256
-38.69999961555004,41.70000158250332,0.4500000096857548,0.5382411640123205
-38.64999961480498,41.75000158324838,0.4708204032459398,0.5211102658381779
-38.599999614059925,41.75000158324838,0.4500000096857548,0.5500000111758709
-38.54999961331487,41.800001583993435,0.4708204032459398,0.5382411640123205
-38.49999961256981,41.800001583993435,0.4500000096857548,0.5615773219347772
-38.44999961182475,41.85000158473849,0.4708204032459398,0.5382411640123205
-38.39999961107969,41.85000158473849,0.4500000096857548,0.5615773219347772
-38.349999610334635,41.90000158548355,0.4708204032459398,0.5382411640123205
-38.29999960958958,41.90000158548355,0.4500000096857548,0.5615773219347772
-38.24999960884452,41.95000158622861,0.4708204032459398,0.5280109997762609
-38.19999960809946,41.95000158622861,0.4500000096857548,0.5433034484420096
-38.1499996073544,42.00000158697367,0.4800735355706574,0.5158910638314256
-38.099999606609344,42.00000158697367,0.4670832131466311,0.5280109997762609
-38.049999605864286,42.050001587718725,0.49641942423666396,0.49641942423666396
-37.94999960437417,42.050001587718725,0.4670832131466311,0.5280109997762609
-37.89999960362911,42.10000158846378,0.49641942423666396,0.49641942423666396
-37.799999602138996,42.10000158846378,0.4670832131466311,0.5382411640123205
-37.74999960139394,42.15000158920884,0.49641942423666396,0.5158910638314256
-37.64999959990382,42.15000158920884,0.4670832131466311,0.5433034484420096
-37.599999599158764,42.2000015899539,0.49641942423666396,0.5158910638314256
-37.49999959766865,42.2000015899539,0.4670832131466311,0.5433034484420096
-37.44999959692359,42.25000159069896,0.49641942423666396,0.5158910638314256
-37.349999595433474,42.25000159069896,0.4670832131466311,0.5433034484420096
-37.299999594688416,42.300001591444016,0.49641942423666396,0.5158910638314256
-37.1999995931983,42.300001591444016,0.4670832131466311,0.5615773219347772
-37.14999959245324,42.350001592189074,0.49641942423666396,0.5280109997762609
-37.09999959170818,42.350001592189074,0.4800735355706574,0.5433034484420096
-37.049999590963125,42.40000159293413,0.5158910638314256,0.5158910638314256
-36.89999958872795,42.40000159293413,0.4800735355706574,0.5615773219347772
-36.84999958798289,42.45000159367919,0.5158910638314256,0.5280109997762609
-36.69999958574772,42.45000159367919,0.5000000104308129,0.5566373087958522
-36.64999958500266,42.50000159442425,0.5433034484420096,0.5158910638314256
-36.44999958202243,42.50000159442425,0.5017834528382981,0.5566373087958522
-36.39999958127737,42.550001595169306,0.5500000111758709,0.5158910638314256
-36.14999957755208,42.550001595169306,0.5017834528382981,0.5648529384361146
-36.09999957680702,42.600001595914364,0.5500000111758709,0.5280109997762609
-35.84999957308173,42.600001595914364,0.5017834528382981,0.5648529384361146
-35.799999572336674,42.65000159665942,0.5500000111758709,0.5280109997762609
-35.59999956935644,42.65000159665942,0.5071067917232597,0.5648529384361146
-35.54999956861138,42.70000159740448,0.551664830119324,0.5280109997762609
-35.34999956563115,42.70000159740448,0.5158910638314256,0.5648529384361146
-35.29999956488609,42.75000159814954,0.5566373087958522,0.5280109997762609
-34.999999560415745,42.75000159814954,0.5158910638314256,0.5762087463794127
-34.94999955967069,42.800001598894596,0.5566373087958522,0.5433034484420096
-34.499999552965164,42.800001598894596,0.5017834528382981,0.5648529384361146
-34.449999552220106,42.850001599639654,0.5500000111758709,0.5280109997762609
-34.04999954625964,42.850001599639654,0.5000000104308129,0.5566373087958522
-33.999999545514584,42.90000160038471,0.5433034484420096,0.5158910638314256
-33.64999954029918,42.90000160038471,0.49641942423666396,0.5500000111758709
-33.59999953955412,42.95000160112977,0.5280109997762609,0.5000000104308129
-33.29999953508377,42.95000160112977,0.49641942423666396,0.5500000111758709
-33.24999953433871,43.00000160187483,0.5280109997762609,0.5000000104308129
-32.84999952837825,43.00000160187483,0.4670832131466311,0.5280109997762609
-32.79999952763319,43.050001602619886,0.5071067917232597,0.49641942423666396
-32.399999521672726,43.050001602619886,0.4576473316980041,0.5158910638314256
-32.34999952092767,43.100001603364944,0.5017834528382981,0.4800735355706574
-32.149999517947435,43.100001603364944,0.4576473316980041,0.5158910638314256
-32.09999951720238,43.15000160411,0.5017834528382981,0.4800735355706574
-31.899999514222145,43.15000160411,0.4576473316980041,0.5158910638314256
-31.849999513477087,43.20000160485506,0.5017834528382981,0.4800735355706574
-31.649999510496855,43.20000160485506,0.4576473316980041,0.5158910638314256
-31.599999509751797,43.25000160560012,0.5017834528382981,0.4800735355706574
-31.399999506771564,43.25000160560012,0.4576473316980041,0.5071067917232597
-31.349999506026506,43.30000160634518,0.5017834528382981,0.4670832131466311
-31.149999503046274,43.30000160634518,0.4576473316980041,0.5071067917232597
-31.099999502301216,43.350001607090235,0.5017834528382981,0.4670832131466311
-30.849999498575926,43.350001607090235,0.4576473316980041,0.5158910638314256
-30.799999497830868,43.40000160783529,0.5017834528382981,0.4800735355706574
-30.599999494850636,43.40000160783529,0.4576473316980041,0.5158910638314256
-30.549999494105577,43.45000160858035,0.5017834528382981,0.4800735355706574
-30.349999491125345,43.45000160858035,0.4576473316980041,0.5158910638314256
-30.299999490380287,43.50000160932541,0.5017834528382981,0.4800735355706574
-30.099999487400055,43.50000160932541,0.4576473316980041,0.5071067917232597
-30.049999486654997,43.55000161007047,0.5017834528382981,0.4670832131466311
-29.849999483674765,43.55000161007047,0.4576473316980041,0.5071067917232597
-29.799999482929707,43.600001610815525,0.5017834528382981,0.4670832131466311
-29.599999479949474,43.600001610815525,0.4576473316980041,0.5071067917232597
-29.549999479204416,43.65000161156058,0.5017834528382981,0.4670832131466311
-29.349999476224184,43.65000161156058,0.4576473316980041,0.5158910638314256
-29.299999475479126,43.70000161230564,0.49641942423666396,0.4800735355706574
-29.149999473243952,43.70000161230564,0.4500000096857548,0.5158910638314256
-29.099999472498894,43.7500016130507,0.4800735355706574,0.4800735355706574
-28.94999947026372,43.7500016130507,0.4324555414579977,0.5071067917232597
-28.89999946951866,43.80000161379576,0.4670832131466311,0.4670832131466311
-28.749999467283487,43.80000161379576,0.4184658530585083,0.5071067917232597
-28.69999946653843,43.850001614540815,0.4500000096857548,0.4670832131466311
-28.599999465048313,43.850001614540815,0.4184658530585083,0.49641942423666396
-28.549999464303255,43.90000161528587,0.4500000096857548,0.4708204032459398
-28.44999946281314,43.90000161528587,0.4184658530585083,0.5158910638314256
-28.39999946206808,43.95000161603093,0.4500000096857548,0.4800735355706574
-28.299999460577965,43.95000161603093,0.4184658530585083,0.5158910638314256
-28.249999459832907,44.00000161677599,0.4500000096857548,0.4946222098231675
-28.19999945908785,44.00000161677599,0.4264982136426342,0.5158910638314256
-28.14999945834279,44.05000161752105,0.44031243328468356,0.4800735355706574
-28.099999457597733,44.05000161752105,0.41032778988127777,0.49641942423666396
-28.049999456852674,44.100001618266106,0.4264982136426342,0.4708204032459398
-27.999999456107616,44.100001618266106,0.4041523076822994,0.4946222098231675
-27.94999945536256,44.150001619011164,0.4264982136426342,0.4800735355706574
-27.8999994546175,44.150001619011164,0.4041523076822994,0.5106335307668594
-27.799999453127384,44.25000162050128,0.4500000096857548,0.4800735355706574
-27.749999452382326,44.25000162050128,0.4264982136426342,0.5106335307668594
-27.64999945089221,44.350001621991396,0.4708204032459398,0.4800735355706574
-27.599999450147152,44.350001621991396,0.43639611255093375,0.5106335307668594
-27.499999448657036,44.45000162348151,0.45192025023463345,0.4800735355706574
-27.449999447911978,44.45000162348151,0.4264982136426342,0.5106335307668594
-26.89999943971634,45.00000163167715,0.4500000096857548,0.5500000111758709
-26.89999943971634,45.05000163242221,0.4708204032459398,0.5211102658381779
-26.84999943897128,45.10000163316727,0.45192025023463345,0.5382411640123205
-26.84999943897128,45.150001633912325,0.4800735355706574,0.5158910638314256
-26.749999437481165,45.25000163540244,0.45192025023463345,0.5615773219347772
-26.749999437481165,45.35000163689256,0.49641942423666396,0.5158910638314256
-26.699999436736107,45.400001637637615,0.4708204032459398,0.5433034484420096
-26.699999436736107,45.45000163838267,0.4946222098231675,0.5280109997762609
-26.64999943599105,45.50000163912773,0.4708204032459398,0.5615773219347772
-26.64999943599105,45.55000163987279,0.4946222098231675,0.5382411640123205
-26.59999943524599,45.60000164061785,0.4708204032459398,0.5615773219347772
-26.59999943524599,45.80000164359808,0.5280109997762609,0.5071067917232597
-26.549999434500933,45.85000164434314,0.49641942423666396,0.551664830119324
-26.549999434500933,45.950001645833254,0.5280109997762609,0.5280109997762609
-26.499999433755875,46.00000164657831,0.49641942423666396,0.5648529384361146
-26.499999433755875,46.200001649558544,0.551664830119324,0.5158910638314256
-26.449999433010817,46.2500016503036,0.5071067917232597,0.5566373087958522
-26.449999433010817,46.50000165402889,0.5566373087958522,0.5433034484420096
-26.39999943226576,46.55000165477395,0.5158910638314256,0.5762087463794127
-26.39999943226576,46.90000165998936,0.5762087463794127,0.5500000111758709
-26.3499994315207,46.950001660734415,0.5433034484420096,0.590569426822497
-26.3499994315207,47.40000166743994,0.5648529384361146,0.5500000111758709
-26.299999430775642,47.450001668184996,0.5280109997762609,0.590569426822497
-26.299999430775642,47.950001675635576,0.5648529384361146,0.5500000111758709
-26.249999430030584,48.000001676380634,0.5280109997762609,0.590569426822497
-26.249999430030584,48.45000168308616,0.5566373087958522,0.5500000111758709
-26.199999429285526,48.500001683831215,0.5158910638314256,0.590569426822497
-26.199999429285526,49.000001691281796,0.5566373087958522,0.5500000111758709
-26.149999428540468,49.050001692026854,0.5158910638314256,0.590569426822497
-26.149999428540468,49.550001699477434,0.5566373087958522,0.5433034484420096
-26.09999942779541,49.60000170022249,0.5158910638314256,0.5762087463794127
-26.09999942779541,50.15000170841813,0.5566373087958522,0.5433034484420096
-26.049999427050352,50.20000170916319,0.5158910638314256,0.5762087463794127
-26.049999427050352,50.65000171586871,0.5762087463794127,0.5500000111758709
-25.999999426305294,50.70000171661377,0.5433034484420096,0.600000011920929
-25.999999426305294,51.050001721829176,0.5762087463794127,0.5500000111758709
-25.949999425560236,51.100001722574234,0.5433034484420096,0.600000011920929
-25.949999425560236,51.5000017285347,0.590569426822497,0.5566373087958522
-25.899999424815178,51.55000172927976,0.5500000111758709,0.6015609890382593
-25.899999424815178,51.95000173524022,0.600000011920929,0.5762087463794127
-25.84999942407012,52.00000173598528,0.551664830119324,0.6139410419336518
-25.84999942407012,52.15000173822045,0.5762087463794127,0.5762087463794127
-25.799999423325062,52.20000173896551,0.5433034484420096,0.6139410419336518
-25.799999423325062,52.350001741200686,0.590569426822497,0.5762087463794127
-25.749999422580004,52.400001741945744,0.5566373087958522,0.6139410419336518
-25.749999422580004,52.55000174418092,0.590569426822497,0.5762087463794127
-25.699999421834946,52.600001744925976,0.5566373087958522,0.6139410419336518
-25.699999421834946,52.70000174641609,0.5762087463794127,0.6015609890382593
-25.649999421089888,52.75000174716115,0.5433034484420096,0.6276472801952478
-25.649999421089888,52.850001748651266,0.5826238037869298,0.590569426822497
-25.59999942034483,52.900001749396324,0.5615773219347772,0.6246211374113445
-25.59999942034483,52.95000175014138,0.5826238037869298,0.6062257868435552
-25.54999941959977,53.00000175088644,0.5615773219347772,0.6276472801952478
-25.54999941959977,53.0500017516315,0.5826238037869298,0.6077747331069568
-25.499999418854713,53.100001752376556,0.5615773219347772,0.6321658612548995
-25.499999418854713,53.150001753121614,0.5826238037869298,0.6062257868435552
-25.449999418109655,53.20000175386667,0.5615773219347772,0.6276472801952478
-25.449999418109655,53.25000175461173,0.5826238037869298,0.6062257868435552
-25.34999941661954,53.35000175610185,0.5382411640123205,0.6500000126659871
-25.34999941661954,53.400001756846905,0.5615773219347772,0.6200609855626972
-25.29999941587448,53.45000175759196,0.5382411640123205,0.6321658612548995
-25.29999941587448,53.50000175833702,0.563216887496505,0.6062257868435552
-25.149999413639307,53.650001760572195,0.5211102658381779,0.6200609855626972
-25.149999413639307,53.70000176131725,0.5500000111758709,0.590569426822497
-25.04999941214919,53.80000176280737,0.5211102658381779,0.6131728104817487
-25.04999941214919,53.85000176355243,0.5500000111758709,0.5778174708955855
-24.84999940916896,54.05000176653266,0.5424621313094227,0.563216887496505
-24.7999994084239,54.05000176653266,0.5071067917232597,0.590569426822497
-24.449999403208494,54.400001771748066,0.5211102658381779,0.5433034484420096
-24.399999402463436,54.400001771748066,0.4946222098231675,0.5778174708955855
-24.349999401718378,54.450001772493124,0.5106335307668594,0.5615773219347772
-24.29999940097332,54.450001772493124,0.4800735355706574,0.5826238037869298
-24.199999399483204,54.55000177398324,0.5106335307668594,0.5500000111758709
-24.149999398738146,54.55000177398324,0.4800735355706574,0.5810249792288443
-24.04999939724803,54.650001775473356,0.5158910638314256,0.5382411640123205
-23.99999939650297,54.650001775473356,0.4946222098231675,0.563216887496505
-23.949999395757914,54.700001776218414,0.5158910638314256,0.5500000111758709
-23.899999395012856,54.700001776218414,0.49641942423666396,0.5810249792288443
-23.849999394267797,54.75000177696347,0.5280109997762609,0.5615773219347772
-23.79999939352274,54.75000177696347,0.5158910638314256,0.5762087463794127
-23.74999939277768,54.80000177770853,0.5382411640123205,0.5433034484420096
-23.649999391287565,54.80000177770853,0.49641942423666396,0.5826238037869298
-23.599999390542507,54.85000177845359,0.5280109997762609,0.5615773219347772
-23.54999938979745,54.85000177845359,0.5158910638314256,0.5826238037869298
-23.49999938905239,54.90000177919865,0.5433034484420096,0.5615773219347772
-23.399999387562275,54.90000177919865,0.5158910638314256,0.590569426822497
-23.349999386817217,54.950001779943705,0.5566373087958522,0.5566373087958522
-23.199999384582043,54.950001779943705,0.5280109997762609,0.590569426822497
-23.149999383836985,55.00000178068876,0.5648529384361146,0.5566373087958522
-22.949999380856752,55.00000178068876,0.5433034484420096,0.600000011920929
-22.899999380111694,55.05000178143382,0.5762087463794127,0.5500000111758709
