#x_m,y_m,w_tr_right_m,w_tr_left_m
-20.599999345839024,53.60000175982714,0.29244289742777607,1.697366624373993
-20.549999345093966,53.55000175908208,0.32201533322416204,1.7300259353215053
-19.94999933615327,53.55000175908208,0.18078866096738858,1.57200454107186
-19.89999933540821,53.50000175833702,0.21231056870567222,1.606931126884637
-19.69999933242798,53.50000175833702,0.16400549988813046,1.5585505657113425
-19.64999933168292,53.45000175759196,0.20311289342177757,1.59513233385118
-19.449999328702688,53.45000175759196,0.13541020162296988,1.5392527390094939
-19.39999932795763,53.400001756846905,0.16400549988813046,1.57200454107186
-19.249999325722456,53.400001756846905,0.11622777072899887,1.5219175614308271
-19.199999324977398,53.35000175610185,0.13541020162296988,1.5464249456810573
-19.049999322742224,53.35000175610185,0.09154759908666274,1.491892456780025
-18.999999321997166,53.30000175535679,0.11622777072899887,1.5240939906476687
-18.84999931976199,53.30000175535679,0.0500000037252903,1.476305486402919
-18.799999319016933,53.25000175461173,0.06925824436898563,1.5007351605124235
-18.699999317526817,53.25000175461173,0.0500000037252903,1.4620770386263438
-18.64999931678176,53.20000175386667,0.06925824436898563,1.491892456780025
-18.499999314546585,53.20000175386667,0.006155284352836106,1.4446884448476198
-18.449999313801527,53.150001753121614,0.0500000037252903,1.476305486402919
-18.299999311566353,53.150001753121614,-0.019722433540455508,1.4286497717590054
-18.249999310821295,53.100001752376556,0.006155284352836106,1.45075742652012
-18.14999930933118,53.100001752376556,-0.019722433540455508,1.3953056371262877
-18.09999930858612,53.0500017516315,0.006155284352836106,1.4124515736871104
-17.999999307096004,53.0500017516315,-0.05857864165534806,1.3652476075738595
-17.949999306350946,53.00000175088644,-0.041886114635500564,1.3811388536449942
-17.89999930560589,53.00000175088644,-0.05857864165534806,1.3532224798457249
-17.84999930486083,52.95000175014138,-0.041886114635500564,1.3692355060309525
-17.749999303370714,52.95000175014138,-0.09393398124151106,1.3206906552346112
-17.699999302625656,52.900001749396324,-0.08819659945901004,1.3435349270437755
-17.649999301880598,52.900001749396324,-0.09999999850988388,1.3206906552346112
-17.59999930113554,52.850001748651266,-0.08819659945901004,1.3402922030270783
-17.549999300390482,52.850001748651266,-0.09999999850988388,1.3116216683080153
-17.499999299645424,52.80000174790621,-0.09393398124151106,1.3264337749930102
-17.399999298155308,52.80000174790621,-0.14999999925494195,1.276482328024641
-17.34999929741025,52.75000174716115,-0.12928932082767405,1.2983324287040625
-17.29999929666519,52.75000174716115,-0.16464466041383702,1.276482328024641
-17.249999295920134,52.70000174641609,-0.14999999925494195,1.2916434112448485
-17.149999294430017,52.70000174641609,-0.2,1.2300349859166906
-17.09999929368496,52.650001745671034,-0.16464466041383702,1.242220531676356
-17.0499992929399,52.650001745671034,-0.2,1.2150971908950816
-16.999999292194843,52.600001744925976,-0.2,1.2300349859166906
-16.899999290704727,52.600001744925976,-0.16464466041383702,1.1729530422331924
-16.84999928995967,52.55000174418092,-0.2,1.1829316892012207
-16.79999928921461,52.55000174418092,-0.16464466041383702,1.15092562874099
-16.699999287724495,52.4500017426908,-0.16464466041383702,1.1729530422331924
-16.649999286979437,52.4500017426908,-0.14999999925494195,1.145362424754833
-16.59999928623438,52.400001741945744,-0.16464466041383702,1.15092562874099
-16.54999928548932,52.400001741945744,-0.12928932082767405,1.1200378979145058
-16.449999283999205,52.30000174045563,-0.12928932082767405,1.1462912218449282
-16.399999283254147,52.30000174045563,-0.09999999850988388,1.1200378979145058
-16.34999928250909,52.25000173971057,-0.12928932082767405,1.131352715408136
-16.29999928176403,52.25000173971057,-0.09393398124151106,1.103840500469267
-16.199999280273914,52.15000173822045,-0.09393398124151106,1.1200378979145058
-16.149999279528856,52.15000173822045,-0.05857864165534806,1.0903488092840894
-16.099999278783798,52.100001737475395,-0.08819659945901004,1.103840500469267
-16.04999927803874,52.100001737475395,-0.05857864165534806,1.0747548973935241
-15.949999276548624,52.00000173598528,-0.05857864165534806,1.0903488092840894
-15.899999275803566,52.00000173598528,-0.02322330206918508,1.0619429652168115
-15.79999927431345,51.90000173449516,-0.041886114635500564,1.0903488092840894
-15.749999273568392,51.90000173449516,-0.019722433540455508,1.0619429652168115
-15.699999272823334,51.850001733750105,-0.02322330206918508,1.0747548973935241
-15.649999272078276,51.850001733750105,0.012132037516977877,1.0419742533442804
-15.499999269843102,51.70000173151493,-0.019722433540455508,1.0747548973935241
-15.449999269098043,51.70000173151493,0.012132037516977877,1.0419742533442804
-15.249999266117811,51.5000017285347,-0.019722433540455508,1.0903488092840894
-15.199999265372753,51.5000017285347,0.012132037516977877,1.0619429652168115
-15.049999263137579,51.350001726299524,0.012132037516977877,1.0903488092840894
-14.999999262392521,51.350001726299524,0.047487377103140875,1.0619429652168115
-14.74999925866723,51.100001722574234,-0.019722433540455508,1.1086252523302755
-14.699999257922173,51.100001722574234,0.012132037516977877,1.0747548973935241
-14.599999256432056,51.00000172108412,0.006155284352836106,1.0903488092840894
-14.549999255686998,51.00000172108412,0.023606801081979916,1.0619429652168115
-14.349999252706766,50.800001718103886,-0.019722433540455508,1.0903488092840894
-14.299999251961708,50.800001718103886,0.012132037516977877,1.0619429652168115
-14.149999249726534,50.65000171586871,-0.019722433540455508,1.080624866569367
-14.099999248981476,50.65000171586871,0.012132037516977877,1.0500000186264515
-13.849999245256186,50.40000171214342,-0.041886114635500564,1.0903488092840894
-13.799999244511127,50.40000171214342,-0.019722433540455508,1.0619429652168115
-13.649999242275953,50.25000170990825,-0.041886114635500564,1.0747548973935241
-13.599999241530895,50.25000170990825,-0.019722433540455508,1.0419742533442804
-13.449999239295721,50.10000170767307,-0.02322330206918508,1.0727922251018673
-13.399999238550663,50.10000170767307,0.012132037516977877,1.0379418587607656
-13.249999236315489,49.9500017054379,-0.02322330206918508,1.0619429652168115
-13.19999923557043,49.9500017054379,0.012132037516977877,1.0349089219244234
-13.049999233335257,49.800001703202724,-0.019722433540455508,1.0500000186264515
-12.999999232590199,49.800001703202724,0.012132037516977877,1.0206555797625556
-12.799999229609966,49.60000170022249,-0.019722433540455508,1.0500000186264515
-12.749999228864908,49.60000170022249,0.012132037516977877,1.0206555797625556
-12.649999227374792,49.500001698732376,0.012132037516977877,1.0379418587607656
-12.599999226629734,49.500001698732376,0.047487377103140875,1.0041594758226038
-12.349999222904444,49.250001695007086,0.006155284352836106,1.0419742533442804
-12.299999222159386,49.250001695007086,0.023606801081979916,1.0103718617269664
-12.099999219179153,49.050001692026854,0.006155284352836106,1.0379418587607656
-12.049999218434095,49.050001692026854,0.023606801081979916,1.0041594758226038
-11.849999215453863,48.85000168904662,0.012132037516977877,1.0379418587607656
-11.799999214708805,48.85000168904662,0.047487377103140875,1.0041594758226038
-11.599999211728573,48.65000168606639,0.012132037516977877,1.0379418587607656
-11.549999210983515,48.65000168606639,0.047487377103140875,1.0041594758226038
-11.349999208003283,48.45000168308616,0.012132037516977877,1.0379418587607656
-11.299999207258224,48.45000168308616,0.047487377103140875,1.0041594758226038
-11.099999204277992,48.250001680105925,0.012132037516977877,1.0379418587607656
-11.049999203532934,48.250001680105925,0.047487377103140875,1.0041594758226038
-10.799999199807644,48.000001676380634,0.006155284352836106,1.0379418587607656
-10.749999199062586,48.000001676380634,0.023606801081979916,1.0041594758226038
-10.549999196082354,47.8000016734004,0.012132037516977877,1.0379418587607656
-10.499999195337296,47.8000016734004,0.047487377103140875,1.0041594758226038
-10.299999192357063,47.60000167042017,0.012132037516977877,1.0379418587607656
-10.249999191612005,47.60000167042017,0.047487377103140875,1.0041594758226038
-10.049999188631773,47.40000166743994,0.012132037516977877,1.0379418587607656
-9.999999187886715,47.40000166743994,0.047487377103140875,1.0041594758226038
-9.799999184906483,47.200001664459705,0.012132037516977877,1.0379418587607656
-9.749999184161425,47.200001664459705,0.047487377103140875,1.0041594758226038
-9.499999180436134,46.950001660734415,0.006155284352836106,1.0419742533442804
-9.449999179691076,46.950001660734415,0.023606801081979916,1.0103718617269664
-9.249999176710844,46.75000165775418,0.006155284352836106,1.0379418587607656
-9.199999175965786,46.75000165775418,0.023606801081979916,1.0041594758226038
-8.999999172985554,46.55000165477395,0.012132037516977877,1.0379418587607656
-8.949999172240496,46.55000165477395,0.047487377103140875,1.0041594758226038
-8.749999169260263,46.35000165179372,0.012132037516977877,1.0379418587607656
-8.699999168515205,46.35000165179372,0.047487377103140875,1.0041594758226038
-8.499999165534973,46.150001648813486,0.012132037516977877,1.0379418587607656
-8.449999164789915,46.150001648813486,0.047487377103140875,1.0041594758226038
-8.249999161809683,45.950001645833254,0.012132037516977877,1.0379418587607656
-8.199999161064625,45.950001645833254,0.047487377103140875,1.0041594758226038
-7.9499991573393345,45.700001642107964,0.006155284352836106,1.0419742533442804
-7.899999156594276,45.700001642107964,0.023606801081979916,1.0103718617269664
-7.699999153614044,45.50000163912773,0.006155284352836106,1.0379418587607656
-7.649999152868986,45.50000163912773,0.023606801081979916,1.0041594758226038
-7.449999149888754,45.3000016361475,0.012132037516977877,1.0379418587607656
-7.399999149143696,45.3000016361475,0.047487377103140875,1.0041594758226038
-7.199999146163464,45.10000163316727,0.012132037516977877,1.0379418587607656
-7.1499991454184055,45.10000163316727,0.047487377103140875,1.0041594758226038
-6.949999142438173,44.900001630187035,0.012132037516977877,1.0379418587607656
-6.899999141693115,44.900001630187035,0.047487377103140875,1.0041594758226038
-6.699999138712883,44.7000016272068,0.012132037516977877,1.0379418587607656
-6.649999137967825,44.7000016272068,0.047487377103140875,1.0041594758226038
-6.399999134242535,44.45000162348151,0.006155284352836106,1.0379418587607656
-6.349999133497477,44.45000162348151,0.023606801081979916,1.0041594758226038
-6.149999130517244,44.25000162050128,0.006155284352836106,1.0379418587607656
-6.099999129772186,44.25000162050128,0.023606801081979916,1.0041594758226038
-5.899999126791954,44.05000161752105,0.012132037516977877,1.0379418587607656
-5.849999126046896,44.05000161752105,0.047487377103140875,1.0041594758226038
-5.649999123066664,43.850001614540815,0.012132037516977877,1.0379418587607656
-5.599999122321606,43.850001614540815,0.047487377103140875,1.0041594758226038
-5.399999119341373,43.65000161156058,0.012132037516977877,1.0379418587607656
-5.349999118596315,43.65000161156058,0.047487377103140875,1.0041594758226038
-5.099999114871025,43.40000160783529,0.006155284352836106,1.0419742533442804
-5.049999114125967,43.40000160783529,0.023606801081979916,1.0103718617269664
-4.849999111145735,43.20000160485506,0.006155284352836106,1.0379418587607656
-4.799999110400677,43.20000160485506,0.023606801081979916,1.0041594758226038
-4.5999991074204445,43.00000160187483,0.006155284352836106,1.0379418587607656
-4.549999106675386,43.00000160187483,0.023606801081979916,1.0041594758226038
-4.349999103695154,42.800001598894596,0.012132037516977877,1.0379418587607656
-4.299999102950096,42.800001598894596,0.047487377103140875,1.0041594758226038
-4.099999099969864,42.600001595914364,0.012132037516977877,1.0379418587607656
-4.049999099224806,42.600001595914364,0.047487377103140875,1.0041594758226038
-3.8499990962445736,42.40000159293413,0.012132037516977877,1.0379418587607656
-3.7999990954995155,42.40000159293413,0.047487377103140875,1.0041594758226038
-3.5499990917742252,42.15000158920884,0.006155284352836106,1.0419742533442804
-3.499999091029167,42.15000158920884,0.023606801081979916,1.0103718617269664
-3.299999088048935,41.95000158622861,0.006155284352836106,1.0379418587607656
-3.249999087303877,41.95000158622861,0.023606801081979916,1.0041594758226038
-3.0499990843236446,41.75000158324838,0.006155284352836106,1.0379418587607656
-2.9999990835785866,41.75000158324838,0.023606801081979916,1.0041594758226038
-2.7999990805983543,41.550001580268145,0.012132037516977877,1.0379418587607656
-2.7499990798532963,41.550001580268145,0.047487377103140875,1.0041594758226038
-2.549999076873064,41.35000157728791,0.012132037516977877,1.0379418587607656
-2.499999076128006,41.35000157728791,0.047487377103140875,1.0041594758226038
-2.2999990731477737,41.15000157430768,0.012132037516977877,1.0379418587607656
-2.2499990724027157,41.15000157430768,0.047487377103140875,1.0041594758226038
-1.9999990686774254,40.90000157058239,0.006155284352836106,1.0379418587607656
-1.9499990679323673,40.90000157058239,0.023606801081979916,1.0041594758226038
-1.749999064952135,40.70000156760216,0.006155284352836106,1.0379418587607656
-1.699999064207077,40.70000156760216,0.023606801081979916,1.0041594758226038
-1.4999990612268448,40.500001564621925,0.006155284352836106,1.0379418587607656
-1.4499990604817867,40.500001564621925,0.023606801081979916,1.0041594758226038
-1.2499990575015545,40.30000156164169,0.012132037516977877,1.0379418587607656
-1.1999990567564964,40.30000156164169,0.047487377103140875,1.0041594758226038
-0.9999990537762642,40.10000155866146,0.012132037516977877,1.0379418587607656
-0.9499990530312061,40.10000155866146,0.047487377103140875,1.0041594758226038
-0.6999990493059158,39.85000155493617,0.006155284352836106,1.0419742533442804
-0.6499990485608578,39.85000155493617,0.023606801081979916,1.0103718617269664
-0.44999904558062553,39.65000155195594,0.006155284352836106,1.0379418587607656
-0.3999990448355675,39.65000155195594,0.023606801081979916,1.0041594758226038
-0.19999904185533524,39.450001548975706,0.006155284352836106,1.0379418587607656
-0.14999904111027718,39.450001548975706,0.023606801081979916,1.0041594758226038
0.05000096186995506,39.250001545995474,0.006155284352836106,1.0379418587607656
0.10000096261501312,39.250001545995474,0.023606801081979916,1.0041594758226038
0.30000096559524536,39.05000154301524,0.012132037516977877,1.0379418587607656
0.3500009663403034,39.05000154301524,0.047487377103140875,1.0041594758226038
0.5500009693205357,38.85000154003501,0.012132037516977877,1.0379418587607656
0.6000009700655937,38.85000154003501,0.047487377103140875,1.0041594758226038
0.850000973790884,38.60000153630972,0.006155284352836106,1.0419742533442804
0.9000009745359421,38.60000153630972,0.023606801081979916,1.0103718617269664
1.1000009775161743,38.40000153332949,0.006155284352836106,1.0379418587607656
1.1500009782612324,38.40000153332949,0.023606801081979916,1.0041594758226038
1.3500009812414646,38.200001530349255,0.006155284352836106,1.0379418587607656
1.4000009819865227,38.200001530349255,0.023606801081979916,1.0041594758226038
1.600000984966755,38.00000152736902,0.006155284352836106,1.0379418587607656
1.650000985711813,38.00000152736902,0.023606801081979916,1.0041594758226038
1.8500009886920452,37.80000152438879,0.012132037516977877,1.0379418587607656
1.9000009894371033,37.80000152438879,0.047487377103140875,1.0041594758226038
2.1000009924173355,37.60000152140856,0.012132037516977877,1.0379418587607656
2.1500009931623936,37.60000152140856,0.047487377103140875,1.0041594758226038
2.400000996887684,37.35000151768327,0.006155284352836106,1.0379418587607656
2.450000997632742,37.35000151768327,0.023606801081979916,1.0041594758226038
2.650001000612974,37.150001514703035,0.006155284352836106,1.0379418587607656
2.7000010013580322,37.150001514703035,0.023606801081979916,1.0041594758226038
2.9000010043382645,36.9500015117228,0.006155284352836106,1.0379418587607656
2.9500010050833225,36.9500015117228,0.023606801081979916,1.0041594758226038
3.1500010080635548,36.75000150874257,0.012132037516977877,1.0379418587607656
3.200001008808613,36.75000150874257,0.047487377103140875,1.0041594758226038
3.400001011788845,36.55000150576234,0.012132037516977877,1.0379418587607656
3.450001012533903,36.55000150576234,0.047487377103140875,1.0041594758226038
3.7000010162591934,36.30000150203705,0.006155284352836106,1.0419742533442804
3.7500010170042515,36.30000150203705,0.023606801081979916,1.0103718617269664
3.9500010199844837,36.100001499056816,0.006155284352836106,1.0379418587607656
4.000001020729542,36.100001499056816,0.023606801081979916,1.0041594758226038
4.200001023709774,35.900001496076584,0.006155284352836106,1.0379418587607656
4.250001024454832,35.900001496076584,0.023606801081979916,1.0041594758226038
4.450001027435064,35.70000149309635,0.006155284352836106,1.0379418587607656
4.500001028180122,35.70000149309635,0.023606801081979916,1.0041594758226038
4.700001031160355,35.50000149011612,0.012132037516977877,1.0379418587607656
4.750001031905413,35.50000149011612,0.047487377103140875,1.0041594758226038
4.950001034885645,35.30000148713589,0.012132037516977877,1.0379418587607656
5.000001035630703,35.30000148713589,0.047487377103140875,1.0041594758226038
5.250001039355993,35.0500014834106,0.006155284352836106,1.0419742533442804
5.300001040101051,35.0500014834106,0.023606801081979916,1.0103718617269664
5.500001043081284,34.850001480430365,0.006155284352836106,1.0379418587607656
5.550001043826342,34.850001480430365,0.023606801081979916,1.0041594758226038
5.750001046806574,34.65000147745013,0.006155284352836106,1.0379418587607656
5.800001047551632,34.65000147745013,0.023606801081979916,1.0041594758226038
6.000001050531864,34.4500014744699,0.006155284352836106,1.0379418587607656
6.050001051276922,34.4500014744699,0.023606801081979916,1.0041594758226038
6.2500010542571545,34.25000147148967,0.012132037516977877,1.0379418587607656
6.3000010550022125,34.25000147148967,0.047487377103140875,1.0041594758226038
6.500001057982445,34.050001468509436,0.012132037516977877,1.0379418587607656
6.550001058727503,34.050001468509436,0.047487377103140875,1.0041594758226038
6.800001062452793,33.800001464784145,0.006155284352836106,1.0419742533442804
6.850001063197851,33.800001464784145,0.023606801081979916,1.0103718617269664
7.050001066178083,33.60000146180391,0.006155284352836106,1.0379418587607656
7.1000010669231415,33.60000146180391,0.023606801081979916,1.0041594758226038
7.300001069903374,33.40000145882368,0.006155284352836106,1.0379418587607656
7.350001070648432,33.40000145882368,0.023606801081979916,1.0041594758226038
7.550001073628664,33.20000145584345,0.006155284352836106,1.0379418587607656
7.600001074373722,33.20000145584345,0.023606801081979916,1.0041594758226038
7.800001077353954,33.000001452863216,0.012132037516977877,1.0379418587607656
7.850001078099012,33.000001452863216,0.047487377103140875,1.0041594758226038
8.050001081079245,32.800001449882984,0.012132037516977877,1.0379418587607656
8.100001081824303,32.800001449882984,0.047487377103140875,1.0041594758226038
8.350001085549593,32.550001446157694,0.006155284352836106,1.0379418587607656
8.400001086294651,32.550001446157694,0.023606801081979916,1.0041594758226038
8.600001089274883,32.35000144317746,0.006155284352836106,1.0379418587607656
8.650001090019941,32.35000144317746,0.023606801081979916,1.0041594758226038
8.850001093000174,32.15000144019723,0.006155284352836106,1.0379418587607656
8.900001093745232,32.15000144019723,0.023606801081979916,1.0041594758226038
9.100001096725464,31.950001437216997,0.006155284352836106,1.0379418587607656
9.150001097470522,31.950001437216997,0.023606801081979916,1.0041594758226038
9.350001100450754,31.750001434236765,0.012132037516977877,1.0379418587607656
9.400001101195812,31.750001434236765,0.047487377103140875,1.0041594758226038
9.650001104921103,31.500001430511475,0.006155284352836106,1.0419742533442804
9.70000110566616,31.500001430511475,0.023606801081979916,1.0103718617269664
9.900001108646393,31.300001427531242,0.006155284352836106,1.0379418587607656
9.95000110939145,31.300001427531242,0.023606801081979916,1.0041594758226038
10.150001112371683,31.10000142455101,0.006155284352836106,1.0379418587607656
10.200001113116741,31.10000142455101,0.023606801081979916,1.0041594758226038
10.400001116096973,30.900001421570778,0.006155284352836106,1.0379418587607656
10.450001116842031,30.900001421570778,0.023606801081979916,1.0041594758226038
10.650001119822264,30.700001418590546,0.006155284352836106,1.0379418587607656
10.700001120567322,30.700001418590546,0.023606801081979916,1.0041594758226038
10.900001123547554,30.500001415610313,0.012132037516977877,1.0379418587607656
10.950001124292612,30.500001415610313,0.047487377103140875,1.0041594758226038
11.200001128017902,30.250001411885023,0.006155284352836106,1.0419742533442804
11.25000112876296,30.250001411885023,0.023606801081979916,1.0103718617269664
11.450001131743193,30.05000140890479,0.006155284352836106,1.0379418587607656
11.50000113248825,30.05000140890479,0.023606801081979916,1.0041594758226038
11.700001135468483,29.85000140592456,0.006155284352836106,1.0379418587607656
11.750001136213541,29.85000140592456,0.023606801081979916,1.0041594758226038
11.950001139193773,29.650001402944326,0.006155284352836106,1.0379418587607656
12.000001139938831,29.650001402944326,0.023606801081979916,1.0041594758226038
12.200001142919064,29.450001399964094,0.006155284352836106,1.0379418587607656
12.250001143664122,29.450001399964094,0.023606801081979916,1.0041594758226038
12.450001146644354,29.250001396983862,0.012132037516977877,1.0379418587607656
12.500001147389412,29.250001396983862,0.047487377103140875,1.0041594758226038
12.750001151114702,29.00000139325857,0.006155284352836106,1.0379418587607656
12.80000115185976,29.00000139325857,0.023606801081979916,1.0041594758226038
13.000001154839993,28.80000139027834,0.006155284352836106,1.0379418587607656
13.05000115558505,28.80000139027834,0.023606801081979916,1.0041594758226038
13.250001158565283,28.600001387298107,0.006155284352836106,1.0379418587607656
13.30000115931034,28.600001387298107,0.023606801081979916,1.0041594758226038
13.500001162290573,28.400001384317875,0.006155284352836106,1.0379418587607656
13.550001163035631,28.400001384317875,0.023606801081979916,1.0041594758226038
13.750001166015863,28.200001381337643,0.006155284352836106,1.0379418587607656
13.800001166760921,28.200001381337643,0.023606801081979916,1.0041594758226038
14.050001170486212,27.950001377612352,0.006155284352836106,1.0419742533442804
14.10000117123127,27.950001377612352,0.023606801081979916,1.0103718617269664
14.300001174211502,27.75000137463212,0.006155284352836106,1.0379418587607656
14.35000117495656,27.75000137463212,0.023606801081979916,1.0041594758226038
14.550001177936792,27.550001371651888,0.006155284352836106,1.0379418587607656
14.60000117868185,27.550001371651888,0.023606801081979916,1.0041594758226038
14.800001181662083,27.350001368671656,0.006155284352836106,1.0379418587607656
14.85000118240714,27.350001368671656,0.023606801081979916,1.0041594758226038
15.050001185387373,27.150001365691423,0.006155284352836106,1.0379418587607656
15.100001186132431,27.150001365691423,0.023606801081979916,1.0041594758226038
15.300001189112663,26.95000136271119,0.006155284352836106,1.0379418587607656
15.350001189857721,26.95000136271119,0.023606801081979916,1.0041594758226038
15.600001193583012,26.7000013589859,0.006155284352836106,1.0419742533442804
15.65000119432807,26.7000013589859,0.023606801081979916,1.0103718617269664
15.850001197308302,26.50000135600567,0.006155284352836106,1.0379418587607656
15.90000119805336,26.50000135600567,0.023606801081979916,1.0041594758226038
16.100001201033592,26.300001353025436,0.006155284352836106,1.0379418587607656
16.15000120177865,26.300001353025436,0.023606801081979916,1.0041594758226038
16.350001204758883,26.100001350045204,0.006155284352836106,1.0379418587607656
16.40000120550394,26.100001350045204,0.023606801081979916,1.0041594758226038
16.600001208484173,25.900001347064972,0.006155284352836106,1.0379418587607656
16.65000120922923,25.900001347064972,0.023606801081979916,1.0041594758226038
16.850001212209463,25.70000134408474,0.012132037516977877,1.0379418587607656
16.90000121295452,25.70000134408474,0.047487377103140875,1.0041594758226038
17.15000121667981,25.45000134035945,0.006155284352836106,1.0379418587607656
17.20000121742487,25.45000134035945,0.023606801081979916,1.0041594758226038
17.4000012204051,25.250001337379217,0.006155284352836106,1.0379418587607656
17.45000122115016,25.250001337379217,0.023606801081979916,1.0041594758226038
17.650001224130392,25.050001334398985,0.006155284352836106,1.0379418587607656
17.70000122487545,25.050001334398985,0.023606801081979916,1.0041594758226038
17.900001227855682,24.850001331418753,0.006155284352836106,1.0379418587607656
17.95000122860074,24.850001331418753,0.023606801081979916,1.0041594758226038
18.150001231580973,24.65000132843852,0.006155284352836106,1.0379418587607656
18.20000123232603,24.65000132843852,0.023606801081979916,1.0041594758226038
18.45000123605132,24.40000132471323,0.006155284352836106,1.0419742533442804
18.50000123679638,24.40000132471323,0.023606801081979916,1.0103718617269664
18.70000123977661,24.200001321732998,0.006155284352836106,1.0379418587607656
18.75000124052167,24.200001321732998,0.023606801081979916,1.0041594758226038
18.9500012435019,24.000001318752766,0.006155284352836106,1.0379418587607656
19.00000124424696,24.000001318752766,0.023606801081979916,1.0041594758226038
19.200001247227192,23.800001315772533,0.006155284352836106,1.0379418587607656
19.25000124797225,23.800001315772533,0.023606801081979916,1.0041594758226038
19.450001250952482,23.6000013127923,0.006155284352836106,1.0379418587607656
19.50000125169754,23.6000013127923,0.023606801081979916,1.0041594758226038
19.700001254677773,23.40000130981207,0.006155284352836106,1.0379418587607656
19.75000125542283,23.40000130981207,0.023606801081979916,1.0041594758226038
20.00000125914812,23.15000130608678,0.006155284352836106,1.0419742533442804
20.05000125989318,23.15000130608678,0.023606801081979916,1.0103718617269664
20.25000126287341,22.950001303106546,0.006155284352836106,1.0379418587607656
20.30000126361847,22.950001303106546,0.023606801081979916,1.0041594758226038
20.5000012665987,22.750001300126314,0.006155284352836106,1.0379418587607656
20.55000126734376,22.750001300126314,0.023606801081979916,1.0041594758226038
20.75000127032399,22.550001297146082,0.006155284352836106,1.0379418587607656
20.80000127106905,22.550001297146082,0.023606801081979916,1.0041594758226038
21.000001274049282,22.35000129416585,0.006155284352836106,1.0379418587607656
21.05000127479434,22.35000129416585,0.023606801081979916,1.0041594758226038
21.250001277774572,22.150001291185617,0.006155284352836106,1.0379418587607656
21.30000127851963,22.150001291185617,0.023606801081979916,1.0041594758226038
21.55000128224492,21.900001287460327,0.006155284352836106,1.0379418587607656
21.60000128298998,21.900001287460327,0.023606801081979916,1.0041594758226038
21.80000128597021,21.700001284480095,0.006155284352836106,1.0379418587607656
21.85000128671527,21.700001284480095,0.023606801081979916,1.0041594758226038
22.0500012896955,21.500001281499863,0.006155284352836106,1.0379418587607656
22.10000129044056,21.500001281499863,0.023606801081979916,1.0041594758226038
22.30000129342079,21.30000127851963,0.006155284352836106,1.0379418587607656
22.35000129416585,21.30000127851963,0.023606801081979916,1.0041594758226038
22.550001297146082,21.100001275539398,0.006155284352836106,1.0379418587607656
22.60000129789114,21.100001275539398,0.023606801081979916,1.0041594758226038
22.85000130161643,20.850001271814108,-0.019722433540455508,1.0419742533442804
22.90000130236149,20.850001271814108,0.012132037516977877,1.0103718617269664
23.10000130534172,20.650001268833876,0.006155284352836106,1.0379418587607656
23.15000130608678,20.650001268833876,0.023606801081979916,1.0041594758226038
23.35000130906701,20.450001265853643,0.006155284352836106,1.0379418587607656
23.40000130981207,20.450001265853643,0.023606801081979916,1.0041594758226038
23.6000013127923,20.25000126287341,0.006155284352836106,1.0379418587607656
23.65000131353736,20.25000126287341,0.023606801081979916,1.0041594758226038
23.85000131651759,20.05000125989318,0.006155284352836106,1.0379418587607656
23.90000131726265,20.05000125989318,0.023606801081979916,1.0041594758226038
24.10000132024288,19.850001256912947,0.006155284352836106,1.0379418587607656
24.15000132098794,19.850001256912947,0.023606801081979916,1.0041594758226038
24.40000132471323,19.600001253187656,-0.019722433540455508,1.0419742533442804
24.450001325458288,19.600001253187656,0.012132037516977877,1.0103718617269664
24.65000132843852,19.400001250207424,0.006155284352836106,1.0379418587607656
24.70000132918358,19.400001250207424,0.023606801081979916,1.0041594758226038
24.90000133216381,19.200001247227192,0.006155284352836106,1.0379418587607656
24.95000133290887,19.200001247227192,0.023606801081979916,1.0041594758226038
25.1500013358891,19.00000124424696,0.012132037516977877,1.0379418587607656
25.20000133663416,19.00000124424696,0.047487377103140875,1.0041594758226038
25.40000133961439,18.800001241266727,0.012132037516977877,1.0379418587607656
25.45000134035945,18.800001241266727,0.047487377103140875,1.0041594758226038
25.65000134333968,18.600001238286495,0.012132037516977877,1.0374368855157046
25.70000134408474,18.600001238286495,0.047487377103140875,1.0020815459295414
25.95000134781003,18.350001234561205,0.012132037516977877,1.0349089219244234
26.000001348555088,18.350001234561205,0.047487377103140875,1.0020815459295414
26.20000135153532,18.150001231580973,0.012132037516977877,1.0020815459295414
26.25000135228038,18.150001231580973,0.047487377103140875,0.9672617703864308
26.45000135526061,17.95000122860074,0.012132037516977877,1.0020815459295414
26.50000135600567,17.95000122860074,0.047487377103140875,0.9667262063433785
26.7000013589859,17.750001225620508,0.012132037516977877,0.9715374688432665
26.75000135973096,17.750001225620508,0.047487377103140875,0.9401754420890758
27.050001364201307,17.45000122115016,0.047487377103140875,0.9672617703864308
27.100001364946365,17.45000122115016,0.08284271668930387,0.933578421767098
27.400001369416714,17.15000121667981,0.06925824436898563,0.9667262063433785
27.45000137016177,17.15000121667981,0.09154759908666274,0.9313708667572156
27.700001373887062,16.90000121295452,0.08284271668930387,0.966190396346651
27.75000137463212,16.90000121295452,0.11819805627546684,0.9313708667572156
28.30000138282776,16.350001204758883,0.08284271668930387,0.9313708667572156
28.350001383572817,16.350001204758883,0.11819805627546684,0.8960155271710525
28.75000138953328,15.950001198798418,0.11819805627546684,0.8960155271710525
28.80000139027834,15.950001198798418,0.15355339586162983,0.8606601875848896
30.450001414865255,14.300001174211502,0.2949747542062818,0.7899495084125635
30.450001414865255,14.250001173466444,0.2596194146201188,0.8253048479987265
30.80000142008066,13.900001168251038,0.2949747542062818,0.7552486729614543
30.80000142008066,13.85000116750598,0.2596194146201188,0.7861541608606429
31.200001426041126,13.450001161545515,0.3147815147201923,0.7013878322977225
31.200001426041126,13.400001160800457,0.29244289742777607,0.7300537757457948
31.550001431256533,13.05000115558505,0.3315072985568083,0.6602325395227262
31.550001431256533,13.000001154839993,0.3000000074505806,0.6902247040036246
31.750001434236765,12.80000115185976,0.34083269937863353,0.6514693309842018
31.750001434236765,12.750001151114702,0.3147815147201923,0.6845903138291293
31.950001437216997,12.55000114813447,0.34083269937863353,0.6485281500679115
31.950001437216997,12.500001147389412,0.3147815147201923,0.6746427972599882
32.15000144019723,12.30000114440918,0.34083269937863353,0.6321658612548995
32.15000144019723,12.250001143664122,0.3147815147201923,0.6602325395227262
32.300001442432404,12.100001141428947,0.3315072985568083,0.6321658612548995
32.300001442432404,12.05000114068389,0.3000000074505806,0.6602325395227262
32.500001445412636,11.850001137703657,0.3315072985568083,0.6200609855626972
32.500001445412636,11.800001136958599,0.3000000074505806,0.6500000126659871
32.65000144764781,11.650001134723425,0.3315072985568083,0.6139410419336518
32.65000144764781,11.600001133978367,0.3000000074505806,0.6485281500679115
32.85000145062804,11.400001130998135,0.34083269937863353,0.6062257868435552
32.85000145062804,11.350001130253077,0.3147815147201923,0.6321658612548995
33.050001453608274,11.150001127272844,0.37008772104453785,0.590569426822497
33.050001453608274,11.100001126527786,0.34083269937863353,0.6200609855626972
33.25000145658851,10.900001123547554,0.41032778988127777,0.5810249792288443
33.25000145658851,10.850001122802496,0.3830951981733255,0.6062257868435552
33.40000145882368,10.700001120567322,0.4264982136426342,0.5615773219347772
33.40000145882368,10.650001119822264,0.4020797379113019,0.5826238037869298
33.550001461058855,10.50000111758709,0.4500000096857548,0.5382411640123205
33.550001461058855,10.450001116842031,0.4264982136426342,0.5615773219347772
33.70000146329403,10.300001114606857,0.4708204032459398,0.5106335307668594
33.70000146329403,10.2500011138618,0.44031243328468356,0.5382411640123205
33.8500014655292,10.100001111626625,0.4946222098231675,0.4800735355706574
33.8500014655292,10.050001110881567,0.4708204032459398,0.5106335307668594
33.95000146701932,9.95000110939145,0.4946222098231675,0.4708204032459398
33.95000146701932,9.900001108646393,0.4708204032459398,0.4946222098231675
34.00000146776438,9.850001107901335,0.4800735355706574,0.4800735355706574
34.00000146776438,9.800001107156277,0.45192025023463345,0.5106335307668594
34.100001469254494,9.70000110566616,0.4946222098231675,0.4800735355706574
34.100001469254494,9.650001104921103,0.4708204032459398,0.5106335307668594
34.20000147074461,9.550001103430986,0.4946222098231675,0.4708204032459398
34.20000147074461,9.500001102685928,0.4708204032459398,0.4946222098231675
34.300001472234726,9.400001101195812,0.4946222098231675,0.4708204032459398
34.300001472234726,9.350001100450754,0.4708204032459398,0.4946222098231675
34.350001472979784,9.300001099705696,0.4800735355706574,0.4708204032459398
34.350001472979784,9.250001098960638,0.45192025023463345,0.4946222098231675
34.4500014744699,9.150001097470522,0.4946222098231675,0.4708204032459398
34.4500014744699,9.100001096725464,0.4708204032459398,0.4946222098231675
34.550001475960016,9.000001095235348,0.5158910638314256,0.45192025023463345
34.550001475960016,8.95000109449029,0.4946222098231675,0.4800735355706574
34.600001476705074,8.900001093745232,0.5158910638314256,0.4708204032459398
34.600001476705074,8.850001093000174,0.4946222098231675,0.4946222098231675
34.70000147819519,8.750001091510057,0.5382411640123205,0.4708204032459398
34.70000147819519,8.700001090765,0.5158910638314256,0.4946222098231675
34.80000147968531,8.600001089274883,0.5615773219347772,0.45192025023463345
34.80000147968531,8.550001088529825,0.5382411640123205,0.4800735355706574
34.850001480430365,8.500001087784767,0.5615773219347772,0.4708204032459398
34.850001480430365,8.450001087039709,0.5382411640123205,0.4946222098231675
34.95000148192048,8.350001085549593,0.5826238037869298,0.45192025023463345
34.95000148192048,8.300001084804535,0.5615773219347772,0.4800735355706574
35.00000148266554,8.250001084059477,0.590569426822497,0.4708204032459398
35.00000148266554,8.200001083314419,0.5762087463794127,0.4946222098231675
35.100001484155655,8.100001081824303,0.6276472801952478,0.45192025023463345
35.100001484155655,8.050001081079245,0.6062257868435552,0.4800735355706574
35.15000148490071,8.000001080334187,0.6276472801952478,0.4708204032459398
35.15000148490071,7.9500010795891285,0.6062257868435552,0.4946222098231675
35.25000148639083,7.850001078099012,0.6500000126659871,0.4708204032459398
35.25000148639083,7.800001077353954,0.6276472801952478,0.4946222098231675
35.30000148713589,7.750001076608896,0.6500000126659871,0.4708204032459398
35.30000148713589,7.700001075863838,0.6276472801952478,0.4946222098231675
35.350001487880945,7.65000107511878,0.6500000126659871,0.4800735355706574
35.350001487880945,7.600001074373722,0.6276472801952478,0.49641942423666396
35.400001488626,7.550001073628664,0.6544003872633107,0.4708204032459398
35.400001488626,7.500001072883606,0.6381527432014595,0.4946222098231675
35.45000148937106,7.450001072138548,0.6732124728405287,0.4708204032459398
35.45000148937106,7.40000107139349,0.6500000126659871,0.4946222098231675
35.50000149011612,7.350001070648432,0.6732124728405287,0.4670832131466311
35.50000149011612,7.300001069903374,0.6500000126659871,0.4800735355706574
35.55000149086118,7.250001069158316,0.6732124728405287,0.4500000096857548
35.55000149086118,7.200001068413258,0.6500000126659871,0.4708204032459398
35.600001491606236,7.1500010676681995,0.6732124728405287,0.4500000096857548
35.600001491606236,7.1000010669231415,0.6500000126659871,0.4670832131466311
35.650001492351294,7.050001066178083,0.6732124728405287,0.4324555414579977
35.650001492351294,7.000001065433025,0.6500000126659871,0.4500000096857548
35.70000149309635,6.950001064687967,0.6732124728405287,0.4264982136426342
35.70000149309635,6.900001063942909,0.6544003872633107,0.4500000096857548
35.75000149384141,6.850001063197851,0.68600227053593,0.4264982136426342
35.75000149384141,6.800001062452793,0.6732124728405287,0.4500000096857548
35.80000149458647,6.750001061707735,0.6944272043279197,0.4184658530585083
35.80000149458647,6.700001060962677,0.6732124728405287,0.4324555414579977
35.850001495331526,6.650001060217619,0.6944272043279197,0.4041523076822994
35.850001495331526,6.600001059472561,0.6732124728405287,0.4264982136426342
35.900001496076584,6.550001058727503,0.6944272043279197,0.4041523076822994
35.900001496076584,6.500001057982445,0.6732124728405287,0.4264982136426342
35.95000149682164,6.450001057237387,0.6944272043279197,0.4041523076822994
35.95000149682164,6.400001056492329,0.6732124728405287,0.4184658530585083
36.0000014975667,6.350001055747271,0.7013878322977225,0.3852350042566623
36.0000014975667,6.2500010542571545,0.6732124728405287,0.4264982136426342
36.05000149831176,6.200001053512096,0.6944272043279197,0.4041523076822994
36.05000149831176,6.150001052767038,0.6732124728405287,0.4184658530585083
36.100001499056816,6.10000105202198,0.6944272043279197,0.3852350042566623
36.100001499056816,6.050001051276922,0.6732124728405287,0.4041523076822994
36.150001499801874,6.000001050531864,0.7013878322977225,0.3830951981733255
36.150001499801874,5.950001049786806,0.68600227053593,0.4041523076822994
36.20000150054693,5.900001049041748,0.7178780012117388,0.3830951981733255
36.20000150054693,5.85000104829669,0.6944272043279197,0.4041523076822994
36.25000150129199,5.800001047551632,0.7178780012117388,0.37008772104453785
36.25000150129199,5.700001046061516,0.6732124728405287,0.4041523076822994
36.30000150203705,5.650001045316458,0.7013878322977225,0.3830951981733255
36.30000150203705,5.6000010445714,0.68600227053593,0.4041523076822994
36.350001502782106,5.550001043826342,0.7178780012117388,0.3830951981733255
36.350001502782106,5.500001043081284,0.6944272043279197,0.4041523076822994
36.400001503527164,5.4500010423362255,0.7178780012117388,0.37008772104453785
36.400001503527164,5.4000010415911674,0.6944272043279197,0.3852350042566623
36.45000150427222,5.350001040846109,0.7192388292402375,0.3590170027049498
36.45000150427222,5.300001040101051,0.7013878322977225,0.3830951981733255
36.50000150501728,5.250001039355993,0.7340770985323035,0.3590170027049498
36.50000150501728,5.150001037865877,0.6944272043279197,0.3852350042566623
36.55000150576234,5.100001037120819,0.7178780012117388,0.3590170027049498
36.55000150576234,5.050001036375761,0.6944272043279197,0.3830951981733255
36.6000015065074,5.000001035630703,0.7192388292402375,0.3590170027049498
36.6000015065074,4.950001034885645,0.7013878322977225,0.3830951981733255
36.650001507252455,4.900001034140587,0.7340770985323035,0.3590170027049498
36.650001507252455,4.800001032650471,0.6944272043279197,0.3852350042566623
36.70000150799751,4.750001031905413,0.7178780012117388,0.3590170027049498
36.70000150799751,4.700001031160355,0.6944272043279197,0.3830951981733255
36.75000150874257,4.6500010304152966,0.7192388292402375,0.3590170027049498
36.75000150874257,4.6000010296702385,0.7013878322977225,0.3830951981733255
36.80000150948763,4.55000102892518,0.7340770985323035,0.3590170027049498
36.80000150948763,4.450001027435064,0.6944272043279197,0.3852350042566623
36.85000151023269,4.400001026690006,0.7192388292402375,0.3590170027049498
36.85000151023269,4.350001025944948,0.7013878322977225,0.3830951981733255
36.900001510977745,4.30000102519989,0.7340770985323035,0.3590170027049498
36.900001510977745,4.250001024454832,0.7178780012117388,0.37008772104453785
36.9500015117228,4.200001023709774,0.7394147254011668,0.33851648873797124
36.9500015117228,4.100001022219658,0.6944272043279197,0.3830951981733255
37.00000151246786,4.0500010214746,0.7192388292402375,0.3590170027049498
37.00000151246786,4.000001020729542,0.7013878322977225,0.3830951981733255
37.05000151321292,3.9500010199844837,0.7340770985323035,0.3590170027049498
37.05000151321292,3.9000010192394257,0.7178780012117388,0.37008772104453785
37.10000151395798,3.8500010184943676,0.7394147254011668,0.33851648873797124
37.10000151395798,3.7500010170042515,0.6944272043279197,0.3830951981733255
37.150001514703035,3.7000010162591934,0.7192388292402375,0.3590170027049498
37.150001514703035,3.6500010155141354,0.7013878322977225,0.37008772104453785
37.20000151544809,3.6000010147690773,0.7340770985323035,0.33851648873797124
37.20000151544809,3.5500010140240192,0.7178780012117388,0.3590170027049498
37.25000151619315,3.500001013278961,0.7394147254011668,0.33851648873797124
37.25000151619315,3.400001011788845,0.6944272043279197,0.3830951981733255
37.30000151693821,3.350001011043787,0.7192388292402375,0.3590170027049498
37.30000151693821,3.300001010298729,0.7013878322977225,0.37008772104453785
37.35000151768327,3.250001009553671,0.7340770985323035,0.33851648873797124
37.35000151768327,3.1500010080635548,0.6944272043279197,0.3830951981733255
37.400001518428326,3.1000010073184967,0.7178780012117388,0.3590170027049498
37.400001518428326,3.0500010065734386,0.6944272043279197,0.3830951981733255
37.450001519173384,3.0000010058283806,0.7192388292402375,0.3590170027049498
37.450001519173384,2.9500010050833225,0.7013878322977225,0.37008772104453785
37.50000151991844,2.9000010043382645,0.7340770985323035,0.33851648873797124
37.50000151991844,2.8000010028481483,0.6944272043279197,0.3830951981733255
37.5500015206635,2.7500010021030903,0.7178780012117388,0.3590170027049498
37.5500015206635,2.7000010013580322,0.6944272043279197,0.37008772104453785
37.60000152140856,2.650001000612974,0.7192388292402375,0.33851648873797124
37.60000152140856,2.600000999867916,0.7013878322977225,0.3590170027049498
37.650001522153616,2.550000999122858,0.7340770985323035,0.33851648873797124
37.650001522153616,2.450000997632742,0.6944272043279197,0.3830951981733255
37.700001522898674,2.400000996887684,0.7178780012117388,0.3590170027049498
37.700001522898674,2.350000996142626,0.6944272043279197,0.37008772104453785
37.75000152364373,2.3000009953975677,0.7192388292402375,0.33851648873797124
37.75000152364373,2.2500009946525097,0.7013878322977225,0.3590170027049498
37.80000152438879,2.2000009939074516,0.7340770985323035,0.33851648873797124
37.80000152438879,2.1000009924173355,0.6944272043279197,0.3830951981733255
37.85000152513385,2.0500009916722775,0.7178780012117388,0.3590170027049498
37.85000152513385,2.0000009909272194,0.6944272043279197,0.37008772104453785
37.900001525878906,1.9500009901821613,0.7192388292402375,0.33851648873797124
37.900001525878906,1.9000009894371033,0.7013878322977225,0.3590170027049498
37.950001526623964,1.8500009886920452,0.7340770985323035,0.33851648873797124
37.950001526623964,1.750000987201929,0.6944272043279197,0.37008772104453785
38.00000152736902,1.700000986456871,0.7192388292402375,0.33851648873797124
38.00000152736902,1.650000985711813,0.7013878322977225,0.3590170027049498
38.05000152811408,1.600000984966755,0.7340770985323035,0.33851648873797124
38.05000152811408,1.5500009842216969,0.7178780012117388,0.3590170027049498
38.10000152885914,1.5000009834766388,0.7394147254011668,0.33851648873797124
38.10000152885914,1.4000009819865227,0.6944272043279197,0.37008772104453785
38.1500015296042,1.3500009812414646,0.7192388292402375,0.33851648873797124
38.1500015296042,1.3000009804964066,0.7013878322977225,0.3590170027049498
38.200001530349255,1.2500009797513485,0.7340770985323035,0.33851648873797124
38.200001530349255,1.2000009790062904,0.7178780012117388,0.3590170027049498
38.25000153109431,1.1500009782612324,0.7394147254011668,0.33851648873797124
38.25000153109431,1.0500009767711163,0.6944272043279197,0.37008772104453785
38.30000153183937,1.0000009760260582,0.7192388292402375,0.33851648873797124
38.30000153183937,0.9500009752810001,0.7013878322977225,0.3590170027049498
38.35000153258443,0.9000009745359421,0.7340770985323035,0.33851648873797124
38.35000153258443,0.850000973790884,0.7178780012117388,0.3590170027049498
38.40000153332949,0.800000973045826,0.7394147254011668,0.32201533322416204
38.40000153332949,0.7000009715557098,0.6944272043279197,0.3590170027049498
38.450001534074545,0.6500009708106518,0.7192388292402375,0.33851648873797124
38.450001534074545,0.6000009700655937,0.7013878322977225,0.3590170027049498
38.5000015348196,0.5500009693205357,0.7340770985323035,0.33851648873797124
38.5000015348196,0.45000096783041954,0.6944272043279197,0.37008772104453785
38.55000153556466,0.4000009670853615,0.7178780012117388,0.33851648873797124
38.55000153556466,0.3500009663403034,0.6944272043279197,0.3590170027049498
38.60000153630972,0.30000096559524536,0.7192388292402375,0.33851648873797124
38.60000153630972,0.2500009648501873,0.7013878322977225,0.3590170027049498
38.65000153705478,0.20000096410512924,0.7340770985323035,0.33851648873797124
38.65000153705478,0.10000096261501312,0.6944272043279197,0.37008772104453785
38.700001537799835,0.05000096186995506,0.7178780012117388,0.33851648873797124
38.700001537799835,9.611248970031738e-07,0.6944272043279197,0.3590170027049498
38.75000153854489,-0.049999039620161057,0.7192388292402375,0.33851648873797124
38.75000153854489,-0.09999904036521912,0.7013878322977225,0.3590170027049498
38.80000153928995,-0.14999904111027718,0.7340770985323035,0.32201533322416204
38.80000153928995,-0.2499990426003933,0.6944272043279197,0.3590170027049498
38.85000154003501,-0.29999904334545135,0.7178780012117388,0.33851648873797124
38.85000154003501,-0.3499990440905094,0.6944272043279197,0.3590170027049498
38.90000154078007,-0.3999990448355675,0.7192388292402375,0.33851648873797124
38.90000154078007,-0.44999904558062553,0.7013878322977225,0.3590170027049498
38.950001541525126,-0.4999990463256836,0.7340770985323035,0.32201533322416204
38.950001541525126,-0.5999990478157997,0.6944272043279197,0.3590170027049498
39.000001542270184,-0.6499990485608578,0.7192388292402375,0.33851648873797124
39.000001542270184,-0.6999990493059158,0.7013878322977225,0.3590170027049498
39.05000154301524,-0.7499990500509739,0.7340770985323035,0.33851648873797124
39.05000154301524,-0.799999050796032,0.7178780012117388,0.3590170027049498
39.1000015437603,-0.84999905154109,0.7394147254011668,0.32201533322416204
39.1000015437603,-0.9499990530312061,0.6944272043279197,0.3590170027049498
39.15000154450536,-0.9999990537762642,0.7192388292402375,0.33851648873797124
39.15000154450536,-1.0499990545213223,0.7013878322977225,0.3590170027049498
39.200001545250416,-1.0999990552663803,0.7340770985323035,0.32201533322416204
39.200001545250416,-1.1499990560114384,0.7178780012117388,0.33851648873797124
39.250001545995474,-1.1999990567564964,0.7394147254011668,0.3147815147201923
39.250001545995474,-1.2999990582466125,0.6944272043279197,0.3590170027049498
39.30000154674053,-1.3499990589916706,0.7192388292402375,0.33851648873797124
39.30000154674053,-1.3999990597367287,0.7013878322977225,0.3590170027049498
39.35000154748559,-1.4499990604817867,0.7340770985323035,0.32201533322416204
39.35000154748559,-1.4999990612268448,0.7178780012117388,0.33851648873797124
39.40000154823065,-1.5499990619719028,0.7394147254011668,0.3147815147201923
39.40000154823065,-1.649999063462019,0.6944272043279197,0.3590170027049498
39.450001548975706,-1.699999064207077,0.7192388292402375,0.32201533322416204
39.450001548975706,-1.749999064952135,0.7013878322977225,0.33851648873797124
39.500001549720764,-1.7999990656971931,0.7340770985323035,0.3147815147201923
39.500001549720764,-1.8999990671873093,0.6944272043279197,0.3590170027049498
39.55000155046582,-1.9499990679323673,0.7178780012117388,0.33851648873797124
39.55000155046582,-1.9999990686774254,0.6944272043279197,0.3590170027049498
39.60000155121088,-2.0499990694224834,0.7192388292402375,0.32201533322416204
39.60000155121088,-2.0999990701675415,0.7013878322977225,0.33851648873797124
39.65000155195594,-2.1499990709125996,0.7340770985323035,0.3147815147201923
39.65000155195594,-2.2499990724027157,0.6944272043279197,0.3590170027049498
39.700001552700996,-2.2999990731477737,0.7178780012117388,0.33851648873797124
39.700001552700996,-2.349999073892832,0.6944272043279197,0.3590170027049498
39.750001553446054,-2.39999907463789,0.7192388292402375,0.32201533322416204
39.750001553446054,-2.449999075382948,0.7013878322977225,0.33851648873797124
39.80000155419111,-2.499999076128006,0.7340770985323035,0.3147815147201923
39.80000155419111,-2.599999077618122,0.6944272043279197,0.3590170027049498
39.85000155493617,-2.64999907836318,0.7178780012117388,0.32201533322416204
39.85000155493617,-2.699999079108238,0.6944272043279197,0.33851648873797124
39.90000155568123,-2.7499990798532963,0.7192388292402375,0.3147815147201923
39.90000155568123,-2.8499990813434124,0.68600227053593,0.3590170027049498
39.95000155642629,-2.8999990820884705,0.7178780012117388,0.33851648873797124
39.95000155642629,-2.9499990828335285,0.6944272043279197,0.3590170027049498
40.000001557171345,-2.9999990835785866,0.7192388292402375,0.32201533322416204
40.000001557171345,-3.0499990843236446,0.7013878322977225,0.33851648873797124
40.0500015579164,-3.0999990850687027,0.7340770985323035,0.3147815147201923
40.0500015579164,-3.199999086558819,0.6944272043279197,0.3590170027049498
40.10000155866146,-3.249999087303877,0.7178780012117388,0.33851648873797124
40.10000155866146,-3.299999088048935,0.6944272043279197,0.3590170027049498
40.15000155940652,-3.349999088793993,0.7192388292402375,0.32201533322416204
40.15000155940652,-3.399999089539051,0.7013878322977225,0.33851648873797124
40.20000156015158,-3.449999090284109,0.7340770985323035,0.3147815147201923
40.20000156015158,-3.5499990917742252,0.6944272043279197,0.3590170027049498
40.250001560896635,-3.5999990925192833,0.7178780012117388,0.32201533322416204
40.250001560896635,-3.6499990932643414,0.6944272043279197,0.33851648873797124
40.30000156164169,-3.6999990940093994,0.7192388292402375,0.3147815147201923
40.30000156164169,-3.7999990954995155,0.68600227053593,0.3590170027049498
40.35000156238675,-3.8499990962445736,0.7178780012117388,0.33851648873797124
40.35000156238675,-3.8999990969896317,0.6944272043279197,0.3590170027049498
40.40000156313181,-3.9499990977346897,0.7178780012117388,0.32201533322416204
40.40000156313181,-3.9999990984797478,0.6944272043279197,0.33851648873797124
40.45000156387687,-4.049999099224806,0.7192388292402375,0.3147815147201923
40.45000156387687,-4.149999100714922,0.68600227053593,0.3590170027049498
40.500001564621925,-4.19999910145998,0.7178780012117388,0.33851648873797124
40.500001564621925,-4.249999102205038,0.6944272043279197,0.3590170027049498
40.55000156536698,-4.299999102950096,0.7178780012117388,0.32201533322416204
40.55000156536698,-4.349999103695154,0.6944272043279197,0.33851648873797124
40.60000156611204,-4.399999104440212,0.7192388292402375,0.3147815147201923
40.60000156611204,-4.499999105930328,0.68600227053593,0.3590170027049498
40.6500015668571,-4.549999106675386,0.7178780012117388,0.32201533322416204
40.6500015668571,-4.5999991074204445,0.6944272043279197,0.33851648873797124
40.70000156760216,-4.6499991081655025,0.7178780012117388,0.3147815147201923
40.70000156760216,-4.749999109655619,0.6732124728405287,0.3590170027049498
40.750001568347216,-4.799999110400677,0.7013878322977225,0.33851648873797124
40.750001568347216,-4.849999111145735,0.68600227053593,0.3590170027049498
40.800001569092274,-4.899999111890793,0.7178780012117388,0.32201533322416204
40.800001569092274,-4.949999112635851,0.6944272043279197,0.33851648873797124
40.85000156983733,-4.999999113380909,0.7178780012117388,0.3147815147201923
40.85000156983733,-5.099999114871025,0.6732124728405287,0.3590170027049498
40.90000157058239,-5.149999115616083,0.7013878322977225,0.33851648873797124
40.90000157058239,-5.199999116361141,0.68600227053593,0.3590170027049498
40.95000157132745,-5.249999117106199,0.7178780012117388,0.32201533322416204
40.95000157132745,-5.299999117851257,0.6944272043279197,0.33851648873797124
41.000001572072506,-5.349999118596315,0.7178780012117388,0.3147815147201923
41.000001572072506,-5.4499991200864315,0.6732124728405287,0.3590170027049498
41.050001572817564,-5.49999912083149,0.7013878322977225,0.32201533322416204
41.050001572817564,-5.549999121576548,0.68600227053593,0.33851648873797124
41.10000157356262,-5.599999122321606,0.7178780012117388,0.3147815147201923
41.10000157356262,-5.649999123066664,0.6944272043279197,0.33851648873797124
41.15000157430768,-5.699999123811722,0.7192388292402375,0.3147815147201923
41.15000157430768,-5.799999125301838,0.68600227053593,0.3590170027049498
41.20000157505274,-5.849999126046896,0.7178780012117388,0.32201533322416204
41.20000157505274,-5.899999126791954,0.6944272043279197,0.33851648873797124
41.250001575797796,-5.949999127537012,0.7178780012117388,0.3147815147201923
41.250001575797796,-5.99999912828207,0.6944272043279197,0.33851648873797124
41.300001576542854,-6.049999129027128,0.7192388292402375,0.3147815147201923
41.300001576542854,-6.149999130517244,0.68600227053593,0.3590170027049498
41.35000157728791,-6.199999131262302,0.7178780012117388,0.32201533322416204
41.35000157728791,-6.2499991320073605,0.6944272043279197,0.33851648873797124
41.40000157803297,-6.2999991327524185,0.7178780012117388,0.3147815147201923
41.40000157803297,-6.349999133497477,0.6944272043279197,0.33851648873797124
41.45000157877803,-6.399999134242535,0.7192388292402375,0.30990195895740963
41.45000157877803,-6.499999135732651,0.68600227053593,0.33851648873797124
41.50000157952309,-6.549999136477709,0.7178780012117388,0.3147815147201923
41.50000157952309,-6.599999137222767,0.6944272043279197,0.33851648873797124
41.550001580268145,-6.649999137967825,0.7178780012117388,0.3147815147201923
41.550001580268145,-6.699999138712883,0.6944272043279197,0.33851648873797124
41.6000015810132,-6.749999139457941,0.7192388292402375,0.30990195895740963
41.6000015810132,-6.849999140948057,0.68600227053593,0.33851648873797124
41.65000158175826,-6.899999141693115,0.7178780012117388,0.3147815147201923
41.65000158175826,-6.949999142438173,0.6944272043279197,0.33851648873797124
41.70000158250332,-6.999999143183231,0.7178780012117388,0.30990195895740963
41.70000158250332,-7.0999991446733475,0.6732124728405287,0.33851648873797124
41.75000158324838,-7.1499991454184055,0.7013878322977225,0.3147815147201923
41.75000158324838,-7.199999146163464,0.68600227053593,0.33851648873797124
41.800001583993435,-7.249999146908522,0.7178780012117388,0.3147815147201923
41.800001583993435,-7.29999914765358,0.6944272043279197,0.33851648873797124
41.85000158473849,-7.349999148398638,0.7178780012117388,0.30990195895740963
41.85000158473849,-7.449999149888754,0.6732124728405287,0.33851648873797124
41.90000158548355,-7.499999150633812,0.7013878322977225,0.3147815147201923
41.90000158548355,-7.54999915137887,0.68600227053593,0.33851648873797124
41.95000158622861,-7.599999152123928,0.7178780012117388,0.3147815147201923
41.95000158622861,-7.649999152868986,0.6944272043279197,0.33851648873797124
42.00000158697367,-7.699999153614044,0.7178780012117388,0.30990195895740963
42.00000158697367,-7.79999915510416,0.6732124728405287,0.33851648873797124
42.050001587718725,-7.849999155849218,0.7013878322977225,0.3147815147201923
42.050001587718725,-7.899999156594276,0.68600227053593,0.33851648873797124
42.10000158846378,-7.9499991573393345,0.7178780012117388,0.30990195895740963
42.10000158846378,-7.9999991580843925,0.6944272043279197,0.32201533322416204
42.15000158920884,-8.04999915882945,0.7192388292402375,0.29244289742777607
42.15000158920884,-8.149999160319567,0.68600227053593,0.33851648873797124
42.2000015899539,-8.199999161064625,0.7178780012117388,0.3147815147201923
42.2000015899539,-8.249999161809683,0.6944272043279197,0.33851648873797124
42.25000159069896,-8.299999162554741,0.7178780012117388,0.30990195895740963
42.25000159069896,-8.399999164044857,0.6732124728405287,0.33851648873797124
42.300001591444016,-8.449999164789915,0.7013878322977225,0.3147815147201923
42.300001591444016,-8.499999165534973,0.68600227053593,0.33851648873797124
42.350001592189074,-8.549999166280031,0.7178780012117388,0.3147815147201923
42.350001592189074,-8.59999916702509,0.6944272043279197,0.33851648873797124
42.40000159293413,-8.649999167770147,0.7178780012117388,0.30990195895740963
42.40000159293413,-8.749999169260263,0.6732124728405287,0.33851648873797124
42.45000159367919,-8.799999170005322,0.7013878322977225,0.3147815147201923
42.45000159367919,-8.84999917075038,0.68600227053593,0.33851648873797124
42.50000159442425,-8.899999171495438,0.7178780012117388,0.30990195895740963
42.50000159442425,-8.949999172240496,0.6944272043279197,0.32201533322416204
42.550001595169306,-8.999999172985554,0.7178780012117388,0.29244289742777607
42.550001595169306,-9.09999917447567,0.6732124728405287,0.33851648873797124
42.600001595914364,-9.149999175220728,0.7013878322977225,0.3147815147201923
42.600001595914364,-9.199999175965786,0.68600227053593,0.33851648873797124
42.65000159665942,-9.249999176710844,0.7178780012117388,0.30990195895740963
42.65000159665942,-9.34999917820096,0.6732124728405287,0.33851648873797124
42.70000159740448,-9.399999178946018,0.6944272043279197,0.3147815147201923
42.70000159740448,-9.449999179691076,0.6732124728405287,0.33851648873797124
42.75000159814954,-9.499999180436134,0.7013878322977225,0.3147815147201923
42.75000159814954,-9.549999181181192,0.68600227053593,0.33851648873797124
42.800001598894596,-9.59999918192625,0.7178780012117388,0.30990195895740963
42.800001598894596,-9.699999183416367,0.6732124728405287,0.33851648873797124
42.850001599639654,-9.749999184161425,0.6944272043279197,0.3147815147201923
42.850001599639654,-9.799999184906483,0.6732124728405287,0.33851648873797124
42.90000160038471,-9.84999918565154,0.7013878322977225,0.30990195895740963
42.90000160038471,-9.899999186396599,0.68600227053593,0.32201533322416204
42.95000160112977,-9.949999187141657,0.7178780012117388,0.29244289742777607
42.95000160112977,-10.049999188631773,0.6732124728405287,0.33851648873797124
43.00000160187483,-10.099999189376831,0.6944272043279197,0.3147815147201923
43.00000160187483,-10.14999919012189,0.6732124728405287,0.33851648873797124
43.050001602619886,-10.199999190866947,0.7013878322977225,0.30990195895740963
43.050001602619886,-10.249999191612005,0.68600227053593,0.32201533322416204
43.100001603364944,-10.299999192357063,0.7178780012117388,0.29244289742777607
43.100001603364944,-10.39999919384718,0.6732124728405287,0.33851648873797124
43.15000160411,-10.449999194592237,0.6944272043279197,0.3147815147201923
43.15000160411,-10.499999195337296,0.6732124728405287,0.33851648873797124
43.20000160485506,-10.549999196082354,0.7013878322977225,0.30990195895740963
43.20000160485506,-10.599999196827412,0.68600227053593,0.32201533322416204
43.25000160560012,-10.64999919757247,0.7178780012117388,0.29244289742777607
43.25000160560012,-10.749999199062586,0.6732124728405287,0.33851648873797124
43.30000160634518,-10.799999199807644,0.7013878322977225,0.30990195895740963
43.30000160634518,-10.849999200552702,0.68600227053593,0.32201533322416204
43.350001607090235,-10.89999920129776,0.7178780012117388,0.29244289742777607
43.350001607090235,-10.949999202042818,0.6944272043279197,0.3147815147201923
43.40000160783529,-10.999999202787876,0.7178780012117388,0.29244289742777607
43.40000160783529,-11.099999204277992,0.6732124728405287,0.33851648873797124
43.45000160858035,-11.14999920502305,0.7013878322977225,0.30990195895740963
43.45000160858035,-11.199999205768108,0.68600227053593,0.32201533322416204
43.50000160932541,-11.249999206513166,0.7178780012117388,0.29244289742777607
43.50000160932541,-11.299999207258224,0.6944272043279197,0.3147815147201923
43.55000161007047,-11.349999208003283,0.7178780012117388,0.29244289742777607
43.55000161007047,-11.449999209493399,0.6732124728405287,0.33851648873797124
43.600001610815525,-11.499999210238457,0.7013878322977225,0.30990195895740963
43.600001610815525,-11.549999210983515,0.68600227053593,0.32201533322416204
43.65000161156058,-11.599999211728573,0.7178780012117388,0.29244289742777607
43.65000161156058,-11.649999212473631,0.6944272043279197,0.3147815147201923
43.70000161230564,-11.699999213218689,0.7178780012117388,0.29244289742777607
43.70000161230564,-11.799999214708805,0.6732124728405287,0.32201533322416204
43.7500016130507,-11.849999215453863,0.7013878322977225,0.29244289742777607
43.7500016130507,-11.899999216198921,0.68600227053593,0.3147815147201923
43.80000161379576,-11.94999921694398,0.7178780012117388,0.29244289742777607
43.80000161379576,-12.049999218434095,0.6732124728405287,0.33851648873797124
43.850001614540815,-12.099999219179153,0.6944272043279197,0.30990195895740963
43.850001614540815,-12.149999219924212,0.6732124728405287,0.32201533322416204
43.90000161528587,-12.19999922066927,0.7013878322977225,0.29244289742777607
43.90000161528587,-12.249999221414328,0.68600227053593,0.3147815147201923
43.95000161603093,-12.299999222159386,0.7178780012117388,0.29244289742777607
43.95000161603093,-12.399999223649502,0.6732124728405287,0.33851648873797124
44.00000161677599,-12.44999922439456,0.6944272043279197,0.30990195895740963
44.00000161677599,-12.499999225139618,0.6732124728405287,0.32201533322416204
44.05000161752105,-12.549999225884676,0.7013878322977225,0.29244289742777607
44.05000161752105,-12.599999226629734,0.68600227053593,0.3147815147201923
44.100001618266106,-12.649999227374792,0.7178780012117388,0.29244289742777607
44.100001618266106,-12.749999228864908,0.6732124728405287,0.32201533322416204
44.150001619011164,-12.799999229609966,0.6944272043279197,0.29244289742777607
44.150001619011164,-12.849999230355024,0.6732124728405287,0.3147815147201923
44.20000161975622,-12.899999231100082,0.7013878322977225,0.29244289742777607
44.20000161975622,-12.94999923184514,0.68600227053593,0.3147815147201923
44.25000162050128,-12.999999232590199,0.7178780012117388,0.29244289742777607
44.25000162050128,-13.099999234080315,0.6732124728405287,0.32201533322416204
44.30000162124634,-13.149999234825373,0.7013878322977225,0.29244289742777607
44.30000162124634,-13.19999923557043,0.68600227053593,0.3147815147201923
44.350001621991396,-13.249999236315489,0.7178780012117388,0.29244289742777607
44.350001621991396,-13.299999237060547,0.6944272043279197,0.30990195895740963
44.400001622736454,-13.349999237805605,0.7178780012117388,0.27434165609349825
44.400001622736454,-13.449999239295721,0.6732124728405287,0.3147815147201923
44.45000162348151,-13.49999924004078,0.7013878322977225,0.29244289742777607
44.45000162348151,-13.549999240785837,0.68600227053593,0.3147815147201923
44.50000162422657,-13.599999241530895,0.7178780012117388,0.29244289742777607
44.50000162422657,-13.649999242275953,0.6944272043279197,0.30990195895740963
44.55000162497163,-13.699999243021011,0.7178780012117388,0.27434165609349825
44.55000162497163,-13.799999244511127,0.6732124728405287,0.3147815147201923
44.600001625716686,-13.849999245256186,0.7013878322977225,0.29244289742777607
44.600001625716686,-13.899999246001244,0.68600227053593,0.3147815147201923
44.650001626461744,-13.949999246746302,0.7178780012117388,0.29244289742777607
44.650001626461744,-13.99999924749136,0.6944272043279197,0.30990195895740963
44.7000016272068,-14.049999248236418,0.7178780012117388,0.27434165609349825
44.7000016272068,-14.149999249726534,0.6732124728405287,0.3147815147201923
44.75000162795186,-14.199999250471592,0.7013878322977225,0.29244289742777607
44.75000162795186,-14.24999925121665,0.68600227053593,0.30990195895740963
44.80000162869692,-14.299999251961708,0.7178780012117388,0.27434165609349825
44.80000162869692,-14.399999253451824,0.6732124728405287,0.3147815147201923
44.85000162944198,-14.449999254196882,0.6944272043279197,0.29244289742777607
44.85000162944198,-14.49999925494194,0.6732124728405287,0.3147815147201923
44.900001630187035,-14.549999255686998,0.7013878322977225,0.29244289742777607
44.900001630187035,-14.599999256432056,0.68600227053593,0.30990195895740963
44.95000163093209,-14.649999257177114,0.7178780012117388,0.27434165609349825
44.95000163093209,-14.74999925866723,0.6732124728405287,0.3147815147201923
45.00000163167715,-14.799999259412289,0.6944272043279197,0.29244289742777607
45.00000163167715,-14.849999260157347,0.6732124728405287,0.3147815147201923
45.05000163242221,-14.899999260902405,0.7013878322977225,0.29244289742777607
45.05000163242221,-14.949999261647463,0.68600227053593,0.30990195895740963
45.10000163316727,-14.999999262392521,0.7178780012117388,0.27434165609349825
45.10000163316727,-15.099999263882637,0.6732124728405287,0.3147815147201923
45.150001633912325,-15.149999264627695,0.6944272043279197,0.29244289742777607
45.150001633912325,-15.199999265372753,0.6732124728405287,0.30990195895740963
45.20000163465738,-15.249999266117811,0.7013878322977225,0.27434165609349825
45.20000163465738,-15.29999926686287,0.68600227053593,0.29244289742777607
45.25000163540244,-15.349999267607927,0.7178780012117388,0.2716990636316938
45.25000163540244,-15.449999269098043,0.6732124728405287,0.3147815147201923
45.3000016361475,-15.499999269843102,0.7013878322977225,0.29244289742777607
45.3000016361475,-15.54999927058816,0.68600227053593,0.30990195895740963
45.35000163689256,-15.599999271333218,0.7178780012117388,0.27434165609349825
45.35000163689256,-15.649999272078276,0.6944272043279197,0.29244289742777607
45.400001637637615,-15.699999272823334,0.7178780012117388,0.2716990636316938
45.400001637637615,-15.79999927431345,0.6732124728405287,0.3147815147201923
45.45000163838267,-15.849999275058508,0.7013878322977225,0.29244289742777607
45.45000163838267,-15.899999275803566,0.68600227053593,0.30990195895740963
45.50000163912773,-15.949999276548624,0.7178780012117388,0.27434165609349825
45.50000163912773,-15.999999277293682,0.6944272043279197,0.29244289742777607
45.55000163987279,-16.04999927803874,0.7178780012117388,0.2716990636316938
45.55000163987279,-16.149999279528856,0.6732124728405287,0.30990195895740963
45.60000164061785,-16.199999280273914,0.7013878322977225,0.27434165609349825
45.60000164061785,-16.249999281018972,0.68600227053593,0.29244289742777607
45.650001641362906,-16.29999928176403,0.7178780012117388,0.2716990636316938
45.650001641362906,-16.34999928250909,0.6944272043279197,0.29244289742777607
45.700001642107964,-16.399999283254147,0.7178780012117388,0.2716990636316938
45.700001642107964,-16.499999284744263,0.6732124728405287,0.30990195895740963
45.75000164285302,-16.54999928548932,0.7013878322977225,0.27434165609349825
45.75000164285302,-16.59999928623438,0.68600227053593,0.29244289742777607
45.80000164359808,-16.649999286979437,0.7178780012117388,0.2716990636316938
45.80000164359808,-16.749999288469553,0.6732124728405287,0.3147815147201923
45.85000164434314,-16.79999928921461,0.6944272043279197,0.29244289742777607
45.85000164434314,-16.84999928995967,0.6732124728405287,0.30990195895740963
45.900001645088196,-16.899999290704727,0.7013878322977225,0.27434165609349825
45.900001645088196,-16.949999291449785,0.68600227053593,0.29244289742777607
45.950001645833254,-16.999999292194843,0.7178780012117388,0.2716990636316938
45.950001645833254,-17.09999929368496,0.6732124728405287,0.30990195895740963
46.00000164657831,-17.149999294430017,0.6944272043279197,0.27434165609349825
46.00000164657831,-17.199999295175076,0.6732124728405287,0.29244289742777607
46.05000164732337,-17.249999295920134,0.7013878322977225,0.2716990636316938
46.05000164732337,-17.29999929666519,0.68600227053593,0.29244289742777607
46.10000164806843,-17.34999929741025,0.7178780012117388,0.2716990636316938
46.10000164806843,-17.449999298900366,0.6732124728405287,0.30990195895740963
46.150001648813486,-17.499999299645424,0.6944272043279197,0.27434165609349825
46.150001648813486,-17.549999300390482,0.6732124728405287,0.29244289742777607
46.200001649558544,-17.59999930113554,0.7013878322977225,0.2716990636316938
46.200001649558544,-17.649999301880598,0.68600227053593,0.29244289742777607
46.2500016503036,-17.699999302625656,0.7178780012117388,0.2716990636316938
46.2500016503036,-17.799999304115772,0.6732124728405287,0.30990195895740963
46.30000165104866,-17.84999930486083,0.6944272043279197,0.27434165609349825
46.30000165104866,-17.89999930560589,0.6732124728405287,0.29244289742777607
46.35000165179372,-17.949999306350946,0.7013878322977225,0.2716990636316938
46.35000165179372,-17.999999307096004,0.68600227053593,0.29244289742777607
46.400001652538776,-18.049999307841063,0.7178780012117388,0.26097722973374027
46.400001652538776,-18.14999930933118,0.6732124728405287,0.29244289742777607
46.450001653283834,-18.199999310076237,0.7013878322977225,0.2716990636316938
46.450001653283834,-18.249999310821295,0.68600227053593,0.29244289742777607
46.50000165402889,-18.299999311566353,0.7178780012117388,0.2716990636316938
46.50000165402889,-18.39999931305647,0.6732124728405287,0.30990195895740963
46.55000165477395,-18.449999313801527,0.6944272043279197,0.27434165609349825
46.55000165477395,-18.499999314546585,0.6732124728405287,0.29244289742777607
46.60000165551901,-18.549999315291643,0.7013878322977225,0.2716990636316938
46.60000165551901,-18.5999993160367,0.68600227053593,0.29244289742777607
46.65000165626407,-18.64999931678176,0.7178780012117388,0.26097722973374027
46.65000165626407,-18.749999318271875,0.6732124728405287,0.29244289742777607
46.700001657009125,-18.799999319016933,0.6944272043279197,0.2716990636316938
46.700001657009125,-18.84999931976199,0.6732124728405287,0.29244289742777607
46.75000165775418,-18.89999932050705,0.7013878322977225,0.2716990636316938
46.75000165775418,-18.949999321252108,0.68600227053593,0.29244289742777607
46.80000165849924,-18.999999321997166,0.7178780012117388,0.26097722973374027
46.80000165849924,-19.099999323487282,0.6732124728405287,0.29244289742777607
46.8500016592443,-19.14999932423234,0.6944272043279197,0.2716990636316938
46.8500016592443,-19.199999324977398,0.6732124728405287,0.29244289742777607
46.90000165998936,-19.249999325722456,0.7013878322977225,0.2716990636316938
46.90000165998936,-19.349999327212572,0.6732124728405287,0.30990195895740963
46.950001660734415,-19.39999932795763,0.6944272043279197,0.27434165609349825
46.950001660734415,-19.449999328702688,0.6732124728405287,0.29244289742777607
47.00000166147947,-19.499999329447746,0.6944272043279197,0.2716990636316938
47.00000166147947,-19.549999330192804,0.6732124728405287,0.29244289742777607
47.05000166222453,-19.599999330937862,0.7013878322977225,0.26097722973374027
47.05000166222453,-19.69999933242798,0.6732124728405287,0.29244289742777607
47.10000166296959,-19.749999333173037,0.7013878322977225,0.2716990636316938
47.10000166296959,-19.799999333918095,0.68600227053593,0.29244289742777607
47.15000166371465,-19.849999334663153,0.7192388292402375,0.26097722973374027
47.15000166371465,-19.94999933615327,0.68600227053593,0.29244289742777607
47.200001664459705,-19.999999336898327,0.7192388292402375,0.26097722973374027
47.200001664459705,-20.049999337643385,0.7013878322977225,0.27434165609349825
47.25000166520476,-20.099999338388443,0.7340770985323035,0.24721360216395982
47.25000166520476,-20.1499993391335,0.7192388292402375,0.26097722973374027
47.30000166594982,-20.19999933987856,0.7486833121869966,0.22720019363165536
47.30000166594982,-20.299999341368675,0.7178780012117388,0.26097722973374027
47.35000166669488,-20.349999342113733,0.7394147254011668,0.22720019363165536
47.35000166669488,-20.39999934285879,0.7192388292402375,0.24721360216395982
47.40000166743994,-20.44999934360385,0.7486833121869966,0.21231056870567222
47.40000166743994,-20.499999344348907,0.7340770985323035,0.22720019363165536
47.450001668184996,-20.549999345093966,0.7656604101808596,0.20311289342177757
47.450001668184996,-20.64999934658408,0.7340770985323035,0.22720019363165536
47.500001668930054,-20.69999934732914,0.7656604101808596,0.20311289342177757
47.500001668930054,-20.749999348074198,0.7486833121869966,0.21231056870567222
47.55000166967511,-20.799999348819256,0.7823441498574933,0.18078866096738858
47.55000166967511,-20.849999349564314,0.7656604101808596,0.20311289342177757
47.60000167042017,-20.899999350309372,0.7962429571037405,0.16400549988813046
47.60000167042017,-20.999999351799488,0.7617692174150451,0.20311289342177757
47.65000167116523,-21.049999352544546,0.7848857948555522,0.16400549988813046
47.65000167116523,-21.149999354034662,0.7486833121869966,0.20311289342177757
47.700001671910286,-21.19999935477972,0.7823441498574933,0.16400549988813046
47.700001671910286,-21.299999356269836,0.7486833121869966,0.20000000596046447
47.750001672655344,-21.349999357014894,0.7823441498574933,0.15355339586162983
47.750001672655344,-21.44999935850501,0.7486833121869966,0.18078866096738858
47.8000016734004,-21.49999935925007,0.7823441498574933,0.1500000052154064
47.8000016734004,-21.599999360740185,0.7486833121869966,0.15355339586162983
47.85000167414546,-21.649999361485243,0.7823441498574933,0.11622777072899887
47.85000167414546,-21.6999993622303,0.7708244064137908,0.13541020162296988
47.90000167489052,-21.74999936297536,0.8111874358757011,0.10000000447034836
47.90000167489052,-21.849999364465475,0.8012492346448155,0.10413813104692221
47.950001675635576,-21.899999365210533,0.8440306664483241,0.06925824436898563
47.950001675635576,-21.99999936670065,0.8198039179148193,0.10000000447034836
48.000001676380634,-22.049999367445707,0.8606601875848896,0.0500000037252903
48.000001676380634,-22.149999368935823,0.8440306664483241,0.06925824436898563
48.05000167712569,-22.19999936968088,0.8793516733297382,0.0500000037252903
48.05000167712569,-22.299999371170998,0.8606601875848896,0.05495097947870481
48.10000167787075,-22.349999371916056,0.9045361181775966,0.023606801081979916
48.10000167787075,-22.449999373406172,0.8920164996643914,0.0500000037252903
48.15000167861581,-22.49999937415123,0.9280514340771239,2.9802322387695306e-09
48.15000167861581,-22.599999375641346,0.9101801821016996,0.023606801081979916
48.20000167936087,-22.649999376386404,0.9543396552625206,2.9802322387695306e-09
48.20000167936087,-22.799999378621578,0.9280514340771239,0.006155284352836106
48.250001680105925,-22.849999379366636,0.9672617703864308,-0.019722433540455508
48.250001680105925,-22.949999380856752,0.9543396552625206,2.9802322387695306e-09
48.30000168085098,-22.99999938160181,0.9884864501102992,-0.041886114635500564
48.30000168085098,-23.2499993853271,0.9510864604746585,0.006155284352836106
48.35000168159604,-23.29999938607216,0.9884864501102992,-0.019722433540455508
48.35000168159604,-23.49999938905239,0.9543396552625206,0.006155284352836106
48.4000016823411,-23.54999938979745,1.0010412328433402,-0.019722433540455508
48.4000016823411,-23.74999939277768,0.959741367755813,0.006155284352836106
48.45000168308616,-23.79999939352274,1.0020815459295414,-0.019722433540455508
48.45000168308616,-24.04999939724803,0.9543396552625206,2.9802322387695306e-09
48.500001683831215,-24.099999397993088,1.0010412328433402,-0.04999999776482582
48.500001683831215,-24.29999940097332,1.0000000178813935,-0.041886114635500564
48.55000168457627,-24.349999401718378,1.0500000186264515,-0.05857864165534806
48.55000168457627,-24.54999940469861,1.0500000186264515,-0.04999999776482582
48.60000168532133,-24.59999940544367,1.1000000193715096,-0.09999999850988388
48.60000168532133,-24.84999940916896,1.0589678499614998,-0.09999999850988388
48.65000168606639,-24.899999409914017,1.103840500469267,-0.14999999925494195
48.65000168606639,-25.09999941289425,1.1000000193715096,-0.09999999850988388
48.70000168681145,-25.149999413639307,1.1500000201165677,-0.14999999925494195
48.70000168681145,-25.949999425560236,1.1500000201165677,-0.09999999850988388
48.750001687556505,-25.999999426305294,1.2000000208616257,-0.14999999925494195
48.750001687556505,-28.14999945834279,1.3206906552346112,-0.25000000074505807
48.70000168681145,-28.19999945908785,1.2807093115603727,-0.2
48.70000168681145,-28.599999465048313,1.3206906552346112,-0.25000000074505807
48.65000168606639,-28.64999946579337,1.2807093115603727,-0.2
48.65000168606639,-29.149999473243952,1.366045999672486,-0.30000000149011613
48.60000168532133,-29.19999947398901,1.3337861878729915,-0.25000000074505807
48.60000168532133,-29.549999479204416,1.4278820838673036,-0.31180340054099
48.55000168457627,-29.599999479949474,1.389024881885386,-0.30000000149011613
48.55000168457627,-29.849999483674765,1.4620770386263438,-0.3500000022351742
48.500001683831215,-29.899999484419823,1.4278820838673036,-0.30000000149011613
48.500001683831215,-29.99999948590994,1.449242274822689,-0.341421358344652
48.45000168308616,-30.049999486654997,1.41400126320739,-0.30000000149011613
48.45000168308616,-30.24999948963523,1.4620770386263438,-0.341421358344652
48.4000016823411,-30.299999490380287,1.4278820838673036,-0.30000000149011613
48.4000016823411,-30.399999491870403,1.449242274822689,-0.31180340054099
48.35000168159604,-30.44999949261546,1.41400126320739,-0.30000000149011613
48.35000168159604,-30.599999494850636,1.4620770386263438,-0.30000000149011613
48.30000168085098,-30.649999495595694,1.4278820838673036,-0.27071067917232594
48.30000168085098,-30.849999498575926,1.476305486402919,-0.31180340054099
48.250001680105925,-30.899999499320984,1.4378339598215473,-0.30000000149011613
48.250001680105925,-31.049999501556158,1.476305486402919,-0.31180340054099
48.20000167936087,-31.099999502301216,1.4446884448476198,-0.30000000149011613
48.20000167936087,-31.199999503791332,1.476305486402919,-0.341421358344652
48.15000167861581,-31.24999950453639,1.4446884448476198,-0.30000000149011613
48.15000167861581,-31.399999506771564,1.5007351605124235,-0.3581138853644994
48.10000167787075,-31.449999507516623,1.476305486402919,-0.341421358344652
48.10000167787075,-31.599999509751797,1.5269916296512345,-0.38027756645954447
48.05000167712569,-31.649999510496855,1.5007351605124235,-0.3581138853644994
48.05000167712569,-31.74999951198697,1.5392527390094939,-0.40000000298023225
48.000001676380634,-31.79999951273203,1.5088007745266214,-0.3581138853644994
48.000001676380634,-31.899999514222145,1.5392527390094939,-0.40000000298023225
47.950001675635576,-31.949999514967203,1.5088007745266214,-0.3581138853644994
47.950001675635576,-31.99999951571226,1.5269916296512345,-0.38027756645954447
47.90000167489052,-32.04999951645732,1.5007351605124235,-0.3581138853644994
47.90000167489052,-32.149999517947435,1.5392527390094939,-0.40000000298023225
47.85000167414546,-32.19999951869249,1.5088007745266214,-0.3581138853644994
47.85000167414546,-32.24999951943755,1.5269916296512345,-0.38027756645954447
47.8000016734004,-32.29999952018261,1.5007351605124235,-0.3581138853644994
47.8000016734004,-32.399999521672726,1.5392527390094939,-0.40000000298023225
47.750001672655344,-32.449999522417784,1.5088007745266214,-0.3581138853644994
47.750001672655344,-32.5499995239079,1.5464249456810573,-0.40000000298023225
47.700001671910286,-32.59999952465296,1.5219175614308271,-0.3581138853644994
47.700001671910286,-32.649999525398016,1.5392527390094939,-0.38027756645954447
47.65000167116523,-32.699999526143074,1.5088007745266214,-0.3581138853644994
47.65000167116523,-32.79999952763319,1.5464249456810573,-0.40000000298023225
47.60000167042017,-32.84999952837825,1.5219175614308271,-0.3581138853644994
47.60000167042017,-32.899999529123306,1.5392527390094939,-0.38027756645954447
47.55000166967511,-32.949999529868364,1.5088007745266214,-0.3581138853644994
47.55000166967511,-33.04999953135848,1.5464249456810573,-0.40000000298023225
47.500001668930054,-33.09999953210354,1.5219175614308271,-0.3581138853644994
47.500001668930054,-33.1499995328486,1.5392527390094939,-0.38027756645954447
47.450001668184996,-33.199999533593655,1.5088007745266214,-0.3581138853644994
47.450001668184996,-33.29999953508377,1.5392527390094939,-0.4061552843528361
47.40000166743994,-33.34999953582883,1.5088007745266214,-0.38027756645954447
47.40000166743994,-33.39999953657389,1.5269916296512345,-0.4061552843528361
47.35000166669488,-33.449999537318945,1.5007351605124235,-0.38027756645954447
47.35000166669488,-33.54999953880906,1.5442763802429842,-0.4236068010819799
47.30000166594982,-33.59999953955412,1.5219175614308271,-0.40000000298023225
47.30000166594982,-33.64999954029918,1.5442763802429842,-0.4061552843528361
47.25000166520476,-33.699999541044235,1.5219175614308271,-0.38027756645954447
47.25000166520476,-33.79999954253435,1.5670597310384706,-0.4236068010819799
47.200001664459705,-33.84999954327941,1.5442763802429842,-0.4061552843528361
47.200001664459705,-33.89999954402447,1.5670597310384706,-0.4236068010819799
47.15000166371465,-33.949999544769526,1.5442763802429842,-0.4061552843528361
47.15000166371465,-34.04999954625964,1.5867568651453154,-0.45000000372529025
47.10000166296959,-34.0999995470047,1.555705012769987,-0.4236068010819799
47.10000166296959,-34.14999954774976,1.5734148115227595,-0.45000000372529025
47.05000166222453,-34.199999548494816,1.5464249456810573,-0.4236068010819799
47.05000166222453,-34.249999549239874,1.5670597310384706,-0.45000000372529025
47.00000166147947,-34.29999954998493,1.5442763802429842,-0.4236068010819799
47.00000166147947,-34.34999955072999,1.5670597310384706,-0.45000000372529025
46.950001660734415,-34.39999955147505,1.5442763802429842,-0.4236068010819799
46.950001660734415,-34.449999552220106,1.5670597310384706,-0.45000000372529025
46.90000165998936,-34.499999552965164,1.5442763802429842,-0.4236068010819799
46.90000165998936,-34.54999955371022,1.5670597310384706,-0.45000000372529025
46.8500016592443,-34.59999955445528,1.5442763802429842,-0.4236068010819799
46.8500016592443,-34.64999955520034,1.5670597310384706,-0.45000000372529025
46.80000165849924,-34.699999555945396,1.5442763802429842,-0.4061552843528361
46.80000165849924,-34.79999955743551,1.5888544086558394,-0.45000000372529025
46.75000165775418,-34.84999955818057,1.5670597310384706,-0.4236068010819799
46.75000165775418,-34.89999955892563,1.5888544086558394,-0.45000000372529025
46.700001657009125,-34.94999955967069,1.5670597310384706,-0.4236068010819799
46.700001657009125,-34.999999560415745,1.5888544086558394,-0.45000000372529025
46.65000165626407,-35.0499995611608,1.5670597310384706,-0.4236068010819799
46.65000165626407,-35.09999956190586,1.5867568651453154,-0.45000000372529025
46.60000165551901,-35.14999956265092,1.555705012769987,-0.4236068010819799
46.60000165551901,-35.19999956339598,1.5734148115227595,-0.45000000372529025
46.55000165477395,-35.249999564141035,1.5464249456810573,-0.4236068010819799
46.55000165477395,-35.29999956488609,1.5670597310384706,-0.45000000372529025
46.50000165402889,-35.34999956563115,1.5442763802429842,-0.4236068010819799
46.50000165402889,-35.39999956637621,1.5670597310384706,-0.45000000372529025
46.450001653283834,-35.44999956712127,1.5442763802429842,-0.4236068010819799
46.450001653283834,-35.499999567866325,1.5670597310384706,-0.45000000372529025
46.400001652538776,-35.54999956861138,1.5442763802429842,-0.4236068010819799
46.400001652538776,-35.59999956935644,1.5670597310384706,-0.45000000372529025
46.35000165179372,-35.6499995701015,1.5442763802429842,-0.4236068010819799
46.35000165179372,-35.69999957084656,1.5670597310384706,-0.45000000372529025
46.30000165104866,-35.749999571591616,1.5442763802429842,-0.4061552843528361
46.30000165104866,-35.84999957308173,1.5888544086558394,-0.45000000372529025
46.2500016503036,-35.89999957382679,1.5670597310384706,-0.4236068010819799
46.2500016503036,-35.94999957457185,1.5888544086558394,-0.45000000372529025
46.200001649558544,-35.999999575316906,1.5670597310384706,-0.4236068010819799
46.200001649558544,-36.049999576061964,1.5888544086558394,-0.45000000372529025
46.150001648813486,-36.09999957680702,1.5670597310384706,-0.4236068010819799
46.150001648813486,-36.14999957755208,1.5867568651453154,-0.45000000372529025
46.10000164806843,-36.19999957829714,1.555705012769987,-0.4236068010819799
46.10000164806843,-36.249999579042196,1.5734148115227595,-0.45000000372529025
46.05000164732337,-36.299999579787254,1.5464249456810573,-0.4236068010819799
46.05000164732337,-36.34999958053231,1.5670597310384706,-0.45000000372529025
46.00000164657831,-36.39999958127737,1.5442763802429842,-0.4236068010819799
46.00000164657831,-36.44999958202243,1.5670597310384706,-0.45000000372529025
45.950001645833254,-36.49999958276749,1.5442763802429842,-0.4236068010819799
45.950001645833254,-36.549999583512545,1.5670597310384706,-0.45000000372529025
45.900001645088196,-36.5999995842576,1.5442763802429842,-0.4236068010819799
45.900001645088196,-36.64999958500266,1.5670597310384706,-0.45000000372529025
45.85000164434314,-36.69999958574772,1.5442763802429842,-0.4236068010819799
45.85000164434314,-36.74999958649278,1.5670597310384706,-0.45000000372529025
45.80000164359808,-36.799999587237835,1.5442763802429842,-0.4236068010819799
45.80000164359808,-36.89999958872795,1.5888544086558394,-0.4692582443689856
45.75000164285302,-36.94999958947301,1.5670597310384706,-0.45000000372529025
45.75000164285302,-36.99999959021807,1.5888544086558394,-0.4692582443689856
45.700001642107964,-37.049999590963125,1.5670597310384706,-0.45000000372529025
45.700001642107964,-37.09999959170818,1.5888544086558394,-0.4692582443689856
45.650001641362906,-37.14999959245324,1.5670597310384706,-0.45000000372529025
45.650001641362906,-37.1999995931983,1.5888544086558394,-0.4692582443689856
45.60000164061785,-37.24999959394336,1.5670597310384706,-0.45000000372529025
45.60000164061785,-37.299999594688416,1.5888544086558394,-0.4692582443689856
45.55000163987279,-37.349999595433474,1.5670597310384706,-0.45000000372529025
45.55000163987279,-37.39999959617853,1.5888544086558394,-0.4692582443689856
45.50000163912773,-37.44999959692359,1.5670597310384706,-0.45000000372529025
45.50000163912773,-37.49999959766865,1.5888544086558394,-0.4692582443689856
45.45000163838267,-37.549999598413706,1.5670597310384706,-0.45000000372529025
45.45000163838267,-37.599999599158764,1.5888544086558394,-0.4692582443689856
45.400001637637615,-37.64999959990382,1.5670597310384706,-0.45000000372529025
45.400001637637615,-37.69999960064888,1.5888544086558394,-0.4692582443689856
45.35000163689256,-37.74999960139394,1.5670597310384706,-0.45000000372529025
45.35000163689256,-37.799999602138996,1.5888544086558394,-0.4692582443689856
45.3000016361475,-37.849999602884054,1.5670597310384706,-0.45000000372529025
45.3000016361475,-37.89999960362911,1.5888544086558394,-0.4692582443689856
45.25000163540244,-37.94999960437417,1.5670597310384706,-0.45000000372529025
45.25000163540244,-37.99999960511923,1.5888544086558394,-0.4692582443689856
45.20000163465738,-38.049999605864286,1.5670597310384706,-0.45000000372529025
45.20000163465738,-38.099999606609344,1.5888544086558394,-0.4692582443689856
45.150001633912325,-38.1499996073544,1.5677669793081492,-0.45000000372529025
45.150001633912325,-38.19999960809946,1.5923448596015113,-0.4828427166893039
45.10000163316727,-38.24999960884452,1.5755281169139006,-0.4692582443689856
45.10000163316727,-38.29999960958958,1.602775664595445,-0.4915475990866628
45.05000163242221,-38.349999610334635,1.5888544086558394,-0.4692582443689856
45.05000163242221,-38.39999961107969,1.6117671201967774,-0.4915475990866628
45.00000163167715,-38.44999961182475,1.5888544086558394,-0.4692582443689856
45.00000163167715,-38.49999961256981,1.6117671201967774,-0.4915475990866628
44.95000163093209,-38.54999961331487,1.5888544086558394,-0.4692582443689856
44.95000163093209,-38.599999614059925,1.6117671201967774,-0.4915475990866628
44.85000162944198,-38.69999961555004,1.5670597310384706,-0.45000000372529025
44.85000162944198,-38.7499996162951,1.5888544086558394,-0.4692582443689856
44.80000162869692,-38.79999961704016,1.5670597310384706,-0.45000000372529025
44.80000162869692,-38.849999617785215,1.5888544086558394,-0.4692582443689856
44.75000162795186,-38.89999961853027,1.5670597310384706,-0.45000000372529025
44.75000162795186,-38.94999961927533,1.5888544086558394,-0.4692582443689856
44.7000016272068,-38.99999962002039,1.5677669793081492,-0.45000000372529025
44.7000016272068,-39.04999962076545,1.5923448596015113,-0.4692582443689856
44.650001626461744,-39.099999621510506,1.5755281169139006,-0.45000000372529025
44.650001626461744,-39.149999622255564,1.602775664595445,-0.4828427166893039
44.600001625716686,-39.19999962300062,1.5888544086558394,-0.4692582443689856
44.600001625716686,-39.24999962374568,1.6117671201967774,-0.4915475990866628
44.55000162497163,-39.29999962449074,1.5888544086558394,-0.4828427166893039
44.55000162497163,-39.349999625235796,1.6117671201967774,-0.5162277707289988
44.50000162422657,-39.399999625980854,1.5923448596015113,-0.4915475990866628
44.50000162422657,-39.44999962672591,1.617965923359587,-0.5201562166423417
44.400001622736454,-39.54999962821603,1.5888544086558394,-0.4915475990866628
44.400001622736454,-39.599999628961086,1.6117671201967774,-0.5162277707289988
44.350001621991396,-39.649999629706144,1.5923448596015113,-0.4915475990866628
44.350001621991396,-39.6999996304512,1.617965923359587,-0.5201562166423417
44.30000162124634,-39.74999963119626,1.602775664595445,-0.5162277707289988
44.30000162124634,-39.79999963194132,1.6309833696438334,-0.5354102016229698
44.20000161975622,-39.899999633431435,1.602775664595445,-0.5162277707289988
44.20000161975622,-39.94999963417649,1.6309833696438334,-0.5354102016229698
44.150001619011164,-39.99999963492155,1.6117671201967774,-0.5162277707289988
44.150001619011164,-40.04999963566661,1.6357560024234776,-0.5354102016229698
44.05000161752105,-40.149999637156725,1.602775664595445,-0.5162277707289988
44.05000161752105,-40.19999963790178,1.6309833696438334,-0.5354102016229698
43.95000161603093,-40.2999996393919,1.602775664595445,-0.5162277707289988
43.95000161603093,-40.34999964013696,1.6309833696438334,-0.5354102016229698
43.90000161528587,-40.399999640882015,1.6117671201967774,-0.5162277707289988
43.90000161528587,-40.44999964162707,1.6357560024234776,-0.5354102016229698
43.80000161379576,-40.54999964311719,1.602775664595445,-0.5162277707289988
43.80000161379576,-40.59999964386225,1.6309833696438334,-0.5354102016229698
43.70000161230564,-40.699999645352364,1.602775664595445,-0.5162277707289988
43.70000161230564,-40.74999964609742,1.6309833696438334,-0.5354102016229698
43.65000161156058,-40.79999964684248,1.6117671201967774,-0.5162277707289988
43.65000161156058,-40.84999964758754,1.6357560024234776,-0.5354102016229698
43.55000161007047,-40.949999649077654,1.602775664595445,-0.5162277707289988
43.55000161007047,-40.99999964982271,1.6309833696438334,-0.5354102016229698
43.45000160858035,-41.09999965131283,1.602775664595445,-0.5162277707289988
43.45000160858035,-41.149999652057886,1.6309833696438334,-0.5354102016229698
43.40000160783529,-41.199999652802944,1.6117671201967774,-0.5162277707289988
43.40000160783529,-41.249999653548,1.6357560024234776,-0.5354102016229698
43.30000160634518,-41.34999965503812,1.602775664595445,-0.5162277707289988
43.30000160634518,-41.399999655783176,1.6309833696438334,-0.5354102016229698
43.20000160485506,-41.49999965727329,1.602775664595445,-0.5162277707289988
43.20000160485506,-41.54999965801835,1.6309833696438334,-0.5354102016229698
43.15000160411,-41.59999965876341,1.617965923359587,-0.5162277707289988
43.15000160411,-41.64999965950847,1.6445867020561549,-0.5354102016229698
43.050001602619886,-41.74999966099858,1.6117671201967774,-0.5162277707289988
43.050001602619886,-41.79999966174364,1.6357560024234776,-0.5354102016229698
42.95000160112977,-41.89999966323376,1.602775664595445,-0.5181980562754669
42.95000160112977,-41.949999663978815,1.6309833696438334,-0.5535533958616298
42.850001599639654,-42.04999966546893,1.6117671201967774,-0.5201562166423417
42.850001599639654,-42.09999966621399,1.6439089189349612,-0.5535533958616298
42.800001598894596,-42.14999966695905,1.6309833696438334,-0.5535533958616298
42.800001598894596,-42.199999667704105,1.6601075514915895,-0.5889087354477928
42.600001595914364,-42.39999967068434,1.6309833696438334,-0.5535533958616298
42.600001595914364,-42.449999671429396,1.6601075514915895,-0.5807886609673886
42.45000159367919,-42.59999967366457,1.6309833696438334,-0.5535533958616298
42.45000159367919,-42.64999967440963,1.6601075514915895,-0.5889087354477928
42.25000159069896,-42.84999967738986,1.6309833696438334,-0.5535533958616298
42.25000159069896,-42.89999967813492,1.6601075514915895,-0.5807886609673886
42.10000158846378,-43.04999968037009,1.6309833696438334,-0.5535533958616298
42.10000158846378,-43.09999968111515,1.6601075514915895,-0.5889087354477928
41.90000158548355,-43.29999968409538,1.6309833696438334,-0.5535533958616298
41.90000158548355,-43.34999968484044,1.6601075514915895,-0.5889087354477928
41.70000158250332,-43.54999968782067,1.6200274994406525,-0.5535533958616298
41.70000158250332,-43.59999968856573,1.6506755799093895,-0.5807886609673886
41.550001580268145,-43.749999690800905,1.6309833696438334,-0.5535533958616298
41.550001580268145,-43.79999969154596,1.6601075514915895,-0.5889087354477928
41.35000157728791,-43.999999694526196,1.6309833696438334,-0.5535533958616298
41.35000157728791,-44.049999695271254,1.6601075514915895,-0.5807886609673886
41.20000157505274,-44.19999969750643,1.6309833696438334,-0.5535533958616298
41.20000157505274,-44.249999698251486,1.6601075514915895,-0.5889087354477928
41.000001572072506,-44.44999970123172,1.6309833696438334,-0.5535533958616298
41.000001572072506,-44.499999701976776,1.6601075514915895,-0.5807886609673886
40.85000156983733,-44.64999970421195,1.6398369767131167,-0.5535533958616298
40.85000156983733,-44.69999970495701,1.6741665093263882,-0.5889087354477928
40.55000156536698,-44.99999970942736,1.6398369767131167,-0.5535533958616298
40.55000156536698,-45.049999710172415,1.6741665093263882,-0.5889087354477928
40.250001560896635,-45.34999971464276,1.6398369767131167,-0.5535533958616298
40.250001560896635,-45.39999971538782,1.6741665093263882,-0.5889087354477928
39.90000155568123,-45.74999972060323,1.638477658480475,-0.5535533958616298
39.90000155568123,-45.799999721348286,1.673832998066638,-0.5889087354477928
39.55000155046582,-46.14999972656369,1.638477658480475,-0.5535533958616298
39.55000155046582,-46.19999972730875,1.673832998066638,-0.5889087354477928
39.250001545995474,-46.4999997317791,1.638477658480475,-0.5535533958616298
39.250001545995474,-46.54999973252416,1.673832998066638,-0.5889087354477928
38.90000154078007,-46.89999973773956,1.638477658480475,-0.5535533958616298
38.90000154078007,-46.94999973848462,1.673832998066638,-0.5889087354477928
38.60000153630972,-47.24999974295497,1.638477658480475,-0.560555132919089
38.60000153630972,-47.29999974370003,1.673832998066638,-0.5905124896144222
38.25000153109431,-47.649999748915434,1.638477658480475,-0.560555132919089
38.25000153109431,-47.69999974966049,1.673832998066638,-0.5905124896144222
37.950001526623964,-47.99999975413084,1.638477658480475,-0.5807886609673886
37.950001526623964,-48.0499997548759,1.673832998066638,-0.6031128934217775
37.650001522153616,-48.34999975934625,1.638477658480475,-0.5889087354477928
37.650001522153616,-48.399999760091305,1.673832998066638,-0.6242640750339558
35.30000148713589,-50.749999795109034,1.6768324658793288,-0.5535533958616298
35.25000148639083,-50.749999795109034,1.6439089189349612,-0.5181980562754669
35.0500014834106,-50.949999798089266,1.6768324658793288,-0.5201562166423417
35.00000148266554,-50.949999798089266,1.6439089189349612,-0.4915475990866628
34.90000148117542,-51.04999979957938,1.6601075514915895,-0.5181980562754669
34.850001480430365,-51.04999979957938,1.6309833696438334,-0.4828427166893039
34.65000147745013,-51.249999802559614,1.672164550582331,-0.5354102016229698
34.600001476705074,-51.249999802559614,1.6398369767131167,-0.5162277707289988
34.4500014744699,-51.39999980479479,1.6601075514915895,-0.5354102016229698
34.40000147372484,-51.39999980479479,1.6309833696438334,-0.5162277707289988
34.20000147074461,-51.59999980777502,1.672164550582331,-0.5535533958616298
34.15000146999955,-51.59999980777502,1.6398369767131167,-0.5181980562754669
34.00000146776438,-51.749999810010195,1.6601075514915895,-0.5535533958616298
33.95000146701932,-51.749999810010195,1.6309833696438334,-0.5181980562754669
33.800001464784145,-51.89999981224537,1.6601075514915895,-0.5535533958616298
33.75000146403909,-51.89999981224537,1.6309833696438334,-0.5181980562754669
33.65000146254897,-51.999999813735485,1.6506755799093895,-0.5354102016229698
33.60000146180391,-51.999999813735485,1.6200274994406525,-0.5162277707289988
33.550001461058855,-52.04999981448054,1.6309833696438334,-0.5181980562754669
33.5000014603138,-52.04999981448054,1.602775664595445,-0.4828427166893039
33.45000145956874,-52.0999998152256,1.617965923359587,-0.4915475990866628
33.40000145882368,-52.0999998152256,1.59025140567364,-0.4692582443689856
33.300001457333565,-52.19999981671572,1.617965923359587,-0.5162277707289988
33.25000145658851,-52.19999981671572,1.5923448596015113,-0.4915475990866628
33.20000145584345,-52.249999817460775,1.6117671201967774,-0.5162277707289988
33.15000145509839,-52.249999817460775,1.5888544086558394,-0.4828427166893039
33.10000145435333,-52.29999981820583,1.6117671201967774,-0.4915475990866628
33.050001453608274,-52.29999981820583,1.5888544086558394,-0.4692582443689856
33.000001452863216,-52.34999981895089,1.602775664595445,-0.4915475990866628
32.95000145211816,-52.34999981895089,1.5755281169139006,-0.4692582443689856
32.9000014513731,-52.39999981969595,1.5923448596015113,-0.4915475990866628
32.85000145062804,-52.39999981969595,1.5677669793081492,-0.4692582443689856
32.750001449137926,-52.499999821186066,1.6117671201967774,-0.5162277707289988
32.70000144839287,-52.499999821186066,1.5888544086558394,-0.4915475990866628
32.65000144764781,-52.549999821931124,1.6117671201967774,-0.5162277707289988
32.550001446157694,-52.549999821931124,1.5670597310384706,-0.4692582443689856
32.500001445412636,-52.59999982267618,1.5888544086558394,-0.4915475990866628
32.45000144466758,-52.59999982267618,1.5613915216276322,-0.4692582443689856
32.40000144392252,-52.64999982342124,1.5755281169139006,-0.4915475990866628
32.300001442432404,-52.64999982342124,1.5240939906476687,-0.45000000372529025
32.250001441687346,-52.6999998241663,1.5442763802429842,-0.4692582443689856
32.15000144019723,-52.6999998241663,1.500000025331974,-0.4236068010819799
32.10000143945217,-52.749999824911356,1.5219175614308271,-0.45000000372529025
32.000001437962055,-52.749999824911356,1.4770510081148494,-0.4061552843528361
31.950001437216997,-52.799999825656414,1.5007351605124235,-0.4236068010819799
31.85000143572688,-52.799999825656414,1.4620770386263438,-0.40000000298023225
31.800001434981823,-52.84999982640147,1.491892456780025,-0.4236068010819799
31.700001433491707,-52.84999982640147,1.4620770386263438,-0.40000000298023225
31.65000143274665,-52.89999982714653,1.491892456780025,-0.4236068010819799
31.550001431256533,-52.89999982714653,1.4552945603904957,-0.40000000298023225
31.500001430511475,-52.94999982789159,1.48077365644264,-0.4236068010819799
31.40000142902136,-52.94999982789159,1.4446884448476198,-0.40000000298023225
31.3500014282763,-52.999999828636646,1.476305486402919,-0.45000000372529025
31.250001426786184,-52.999999828636646,1.4446884448476198,-0.4061552843528361
31.200001426041126,-53.049999829381704,1.476305486402919,-0.45000000372529025
31.10000142455101,-53.049999829381704,1.4446884448476198,-0.4061552843528361
31.050001423805952,-53.09999983012676,1.476305486402919,-0.45000000372529025
30.900001421570778,-53.09999983012676,1.4286497717590054,-0.40000000298023225
30.85000142082572,-53.14999983087182,1.4620770386263438,-0.4236068010819799
30.750001419335604,-53.14999983087182,1.4286497717590054,-0.40000000298023225
30.700001418590546,-53.19999983161688,1.4620770386263438,-0.4236068010819799
30.60000141710043,-53.19999983161688,1.4286497717590054,-0.40000000298023225
30.55000141635537,-53.24999983236194,1.4620770386263438,-0.45000000372529025
30.450001414865255,-53.24999983236194,1.4286497717590054,-0.4061552843528361
30.400001414120197,-53.299999833106995,1.4620770386263438,-0.45000000372529025
30.30000141263008,-53.299999833106995,1.4378339598215473,-0.4061552843528361
30.250001411885023,-53.34999983385205,1.476305486402919,-0.45000000372529025
30.10000140964985,-53.34999983385205,1.4286497717590054,-0.40000000298023225
30.05000140890479,-53.39999983459711,1.4620770386263438,-0.4236068010819799
29.950001407414675,-53.39999983459711,1.4286497717590054,-0.40000000298023225
29.900001406669617,-53.44999983534217,1.4620770386263438,-0.4236068010819799
29.8000014051795,-53.44999983534217,1.4286497717590054,-0.40000000298023225
29.750001404434443,-53.49999983608723,1.4620770386263438,-0.45000000372529025
29.650001402944326,-53.49999983608723,1.4286497717590054,-0.4061552843528361
29.60000140219927,-53.549999836832285,1.4620770386263438,-0.45000000372529025
29.500001400709152,-53.549999836832285,1.4378339598215473,-0.4061552843528361
29.450001399964094,-53.59999983757734,1.476305486402919,-0.45000000372529025
29.30000139772892,-53.59999983757734,1.4286497717590054,-0.40000000298023225
29.250001396983862,-53.6499998383224,1.4620770386263438,-0.4236068010819799
29.150001395493746,-53.6499998383224,1.4286497717590054,-0.40000000298023225
29.100001394748688,-53.69999983906746,1.4620770386263438,-0.4236068010819799
29.00000139325857,-53.69999983906746,1.4286497717590054,-0.40000000298023225
28.950001392513514,-53.74999983981252,1.4620770386263438,-0.45000000372529025
28.850001391023397,-53.74999983981252,1.4286497717590054,-0.4061552843528361
28.80000139027834,-53.799999840557575,1.4620770386263438,-0.45000000372529025
28.650001388043165,-53.799999840557575,1.4278820838673036,-0.40000000298023225
28.600001387298107,-53.84999984130263,1.4620770386263438,-0.4236068010819799
28.50000138580799,-53.84999984130263,1.4286497717590054,-0.40000000298023225
28.450001385062933,-53.89999984204769,1.4620770386263438,-0.4236068010819799
28.350001383572817,-53.89999984204769,1.4286497717590054,-0.40000000298023225
28.30000138282776,-53.94999984279275,1.4620770386263438,-0.4236068010819799
28.200001381337643,-53.94999984279275,1.4286497717590054,-0.40000000298023225
28.150001380592585,-53.99999984353781,1.4620770386263438,-0.45000000372529025
28.05000137910247,-53.99999984353781,1.4378339598215473,-0.4061552843528361
28.00000137835741,-54.049999844282866,1.476305486402919,-0.45000000372529025
27.850001376122236,-54.049999844282866,1.4286497717590054,-0.40000000298023225
27.800001375377178,-54.099999845027924,1.4620770386263438,-0.4236068010819799
27.700001373887062,-54.099999845027924,1.4286497717590054,-0.40000000298023225
27.650001373142004,-54.14999984577298,1.4620770386263438,-0.4236068010819799
27.550001371651888,-54.14999984577298,1.4286497717590054,-0.40000000298023225
27.50000137090683,-54.19999984651804,1.4620770386263438,-0.4236068010819799
27.400001369416714,-54.19999984651804,1.4286497717590054,-0.40000000298023225
27.350001368671656,-54.2499998472631,1.4620770386263438,-0.45000000372529025
27.20000136643648,-54.2499998472631,1.4278820838673036,-0.40000000298023225
27.150001365691423,-54.299999848008156,1.4620770386263438,-0.4236068010819799
27.050001364201307,-54.299999848008156,1.4286497717590054,-0.40000000298023225
27.00000136345625,-54.349999848753214,1.4620770386263438,-0.4236068010819799
26.900001361966133,-54.349999848753214,1.4286497717590054,-0.40000000298023225
26.850001361221075,-54.39999984949827,1.4620770386263438,-0.4236068010819799
26.75000135973096,-54.39999984949827,1.4286497717590054,-0.40000000298023225
26.7000013589859,-54.44999985024333,1.4620770386263438,-0.4236068010819799
26.600001357495785,-54.44999985024333,1.4378339598215473,-0.40000000298023225
26.550001356750727,-54.49999985098839,1.476305486402919,-0.45000000372529025
26.400001354515553,-54.49999985098839,1.4286497717590054,-0.40000000298023225
26.350001353770494,-54.549999851733446,1.4620770386263438,-0.4236068010819799
26.25000135228038,-54.549999851733446,1.4286497717590054,-0.40000000298023225
26.20000135153532,-54.599999852478504,1.4620770386263438,-0.4236068010819799
26.100001350045204,-54.599999852478504,1.4286497717590054,-0.40000000298023225
26.050001349300146,-54.64999985322356,1.4620770386263438,-0.4236068010819799
25.95000134781003,-54.64999985322356,1.4286497717590054,-0.40000000298023225
25.900001347064972,-54.69999985396862,1.4620770386263438,-0.4236068010819799
25.800001345574856,-54.69999985396862,1.4378339598215473,-0.40000000298023225
25.750001344829798,-54.74999985471368,1.476305486402919,-0.45000000372529025
25.600001342594624,-54.74999985471368,1.4286497717590054,-0.40000000298023225
25.550001341849566,-54.799999855458736,1.4620770386263438,-0.4236068010819799
25.45000134035945,-54.799999855458736,1.4286497717590054,-0.40000000298023225
25.40000133961439,-54.849999856203794,1.4620770386263438,-0.4236068010819799
25.300001338124275,-54.849999856203794,1.4286497717590054,-0.40000000298023225
25.250001337379217,-54.89999985694885,1.4620770386263438,-0.4236068010819799
25.1500013358891,-54.89999985694885,1.4286497717590054,-0.40000000298023225
25.100001335144043,-54.94999985769391,1.4620770386263438,-0.4236068010819799
25.000001333653927,-54.94999985769391,1.4378339598215473,-0.40000000298023225
24.95000133290887,-54.99999985843897,1.476305486402919,-0.45000000372529025
24.800001330673695,-54.99999985843897,1.4286497717590054,-0.40000000298023225
24.750001329928637,-55.04999985918403,1.4620770386263438,-0.4236068010819799
24.65000132843852,-55.04999985918403,1.4286497717590054,-0.40000000298023225
24.600001327693462,-55.099999859929085,1.4620770386263438,-0.4236068010819799
24.500001326203346,-55.099999859929085,1.4286497717590054,-0.40000000298023225
24.450001325458288,-55.14999986067414,1.4620770386263438,-0.4236068010819799
24.350001323968172,-55.14999986067414,1.4378339598215473,-0.40000000298023225
24.300001323223114,-55.1999998614192,1.476305486402919,-0.4236068010819799
24.200001321732998,-55.1999998614192,1.4446884448476198,-0.40000000298023225
24.15000132098794,-55.24999986216426,1.476305486402919,-0.45000000372529025
24.000001318752766,-55.24999986216426,1.4286497717590054,-0.40000000298023225
23.950001318007708,-55.29999986290932,1.4620770386263438,-0.4236068010819799
23.85000131651759,-55.29999986290932,1.4286497717590054,-0.40000000298023225
23.800001315772533,-55.349999863654375,1.4620770386263438,-0.4236068010819799
23.700001314282417,-55.349999863654375,1.4286497717590054,-0.40000000298023225
23.65000131353736,-55.39999986439943,1.4620770386263438,-0.4236068010819799
23.550001312047243,-55.39999986439943,1.4378339598215473,-0.40000000298023225
23.500001311302185,-55.44999986514449,1.476305486402919,-0.4236068010819799
23.35000130906701,-55.44999986514449,1.4286497717590054,-0.40000000298023225
23.300001308321953,-55.49999986588955,1.4620770386263438,-0.4236068010819799
23.200001306831837,-55.49999986588955,1.4286497717590054,-0.40000000298023225
23.15000130608678,-55.54999986663461,1.4620770386263438,-0.4236068010819799
22.750001300126314,-55.54999986663461,1.3402922030270783,-0.30000000149011613
22.700001299381256,-55.599999867379665,1.3787653639101314,-0.3500000022351742
22.500001296401024,-55.599999867379665,1.3297058768722292,-0.30000000149011613
22.450001295655966,-55.64999986812472,1.366045999672486,-0.31180340054099
21.60000128298998,-55.64999986812472,1.2534442070328695,-0.14999999925494195
21.55000128224492,-55.69999986886978,1.3008331243445195,-0.2
20.400001265108585,-55.69999986886978,1.2000000208616257,-0.04999999776482582
20.350001264363527,-55.64999986812472,1.1500000201165677,2.9802322387695306e-09
20.00000125914812,-55.64999986812472,1.1500000201165677,0.0500000037252903
19.950001258403063,-55.599999867379665,1.1000000193715096,0.10000000447034836
19.850001256912947,-55.599999867379665,1.1000000193715096,0.09154759908666274
19.80000125616789,-55.54999986663461,1.0500000186264515,0.11622777072899887
19.700001254677773,-55.54999986663461,1.0500000186264515,0.10000000447034836
19.5500012524426,-55.39999986439943,0.9000000163912774,0.2500000067055225
19.50000125169754,-55.39999986439943,0.9000000163912774,0.2500000067055225
19.400001250207424,-55.29999986290932,0.8000000149011612,0.32201533322416204
19.400001250207424,-55.24999986216426,0.7500000141561032,0.37008772104453785
19.300001248717308,-55.14999986067414,0.6500000126659871,0.45192025023463345
19.300001248717308,-55.099999859929085,0.600000011920929,0.5017834528382981
19.200001247227192,-54.99999985843897,0.5000000104308129,0.590569426822497
19.200001247227192,-54.94999985769391,0.4500000096857548,0.6381527432014595
19.150001246482134,-54.89999985694885,0.4020797379113019,0.6732124728405287
19.150001246482134,-54.849999856203794,0.3522680590887983,0.7192388292402375
19.100001245737076,-54.799999855458736,0.30990195895740963,0.7486833121869966
19.100001245737076,-54.74999985471368,0.26097722973374027,0.7962429571037405
19.050001244992018,-54.69999985396862,0.22720019363165536,0.8307764217641807
19.050001244992018,-54.599999852478504,0.13541020162296988,0.9280514340771239
19.00000124424696,-54.549999851733446,0.10413813104692221,0.9672617703864308
19.00000124424696,-54.49999985098839,0.05495097947870481,1.016552524187689
18.9500012435019,-54.44999985024333,0.023606801081979916,1.0500000186264515
18.9500012435019,-54.39999984949827,-0.019722433540455508,1.0971121964357624
18.900001242756844,-54.349999848753214,-0.04999999776482582,1.1200378979145058
18.900001242756844,-54.2499998472631,-0.14999999925494195,1.2089003013547874
18.850001242011786,-54.19999984651804,-0.16464466041383702,1.2300349859166906
18.850001242011786,-54.099999845027924,-0.16464466041383702,1.3116216683080153
18.800001241266727,-54.049999844282866,-0.14999999925494195,1.3202796022050083
18.800001241266727,-53.89999984204769,-0.041886114635500564,1.4224980981359006
18.75000124052167,-53.84999984130263,-0.05857864165534806,1.4101242428031824
18.75000124052167,-53.6499998383224,0.06925824436898563,1.5066048420179947
18.70000123977661,-53.59999983757734,0.0500000037252903,1.491892456780025
18.70000123977661,-53.39999983459711,0.13541020162296988,1.5670597310384706
18.650001239031553,-53.34999983385205,0.10413813104692221,1.5392527390094939
18.650001239031553,-53.14999983087182,0.18078866096738858,1.6124569230468984
18.600001238286495,-53.09999983012676,0.160555132919089,1.5867568651453154
18.600001238286495,-52.89999982714653,0.22720019363165536,1.6439089189349612
18.550001237541437,-52.84999982640147,0.20311289342177757,1.606931126884637
18.550001237541437,-52.64999982342124,0.25276926365365854,1.655397559175525
18.50000123679638,-52.59999982267618,0.21231056870567222,1.6200274994406525
18.50000123679638,-52.39999981969595,0.25276926365365854,1.6741665093263882
18.45000123605132,-52.34999981895089,0.21231056870567222,1.6337121094136642
18.45000123605132,-52.04999981448054,0.27434165609349825,1.692749351278933
18.400001235306263,-51.999999813735485,0.24721360216395982,1.655397559175525
18.400001235306263,-51.59999980777502,0.30990195895740963,1.7235384348300902
18.350001234561205,-51.54999980702996,0.27434165609349825,1.6828170664324333
18.350001234561205,-51.199999801814556,0.35000000819563865,1.7416488128275815
18.300001233816147,-51.1499998010695,0.30249378854378534,1.7039433048369428
18.300001233816147,-50.79999979585409,0.3522680590887983,1.7729419950940122
18.25000123307109,-50.749999795109034,0.30990195895740963,1.731967937424731
18.25000123307109,-50.39999978989363,0.35000000819563865,1.7906029534017331
18.20000123232603,-50.34999978914857,0.30249378854378534,1.752562448072111
18.20000123232603,-49.99999978393316,0.35000000819563865,1.8099751541751414
18.150001231580973,-49.949999783188105,0.30249378854378534,1.7659603544288418
18.150001231580973,-49.5999997779727,0.35000000819563865,1.815564467108888
18.100001230835915,-49.54999977722764,0.30249378854378534,1.7729419950940122
18.100001230835915,-49.149999771267176,0.35000000819563865,1.8303940806799244
18.050001230090857,-49.09999977052212,0.30249378854378534,1.7906029534017331
18.050001230090857,-48.74999976530671,0.35000000819563865,1.8396078358296386
18.0000012293458,-48.69999976456165,0.30249378854378534,1.8000000298023224
18.0000012293458,-48.29999975860119,0.3522680590887983,1.8396078358296386
17.95000122860074,-48.24999975785613,0.30990195895740963,1.8000000298023224
17.95000122860074,-47.849999751895666,0.3522680590887983,1.8396078358296386
17.900001227855682,-47.79999975115061,0.30990195895740963,1.8000000298023224
17.900001227855682,-47.4499997459352,0.3522680590887983,1.8303940806799244
17.850001227110624,-47.399999745190144,0.30990195895740963,1.7906029534017331
17.850001227110624,-47.04999973997474,0.3522680590887983,1.8223748717514021
17.800001226365566,-46.99999973922968,0.30990195895740963,1.7811613051374986
17.800001226365566,-46.599999733269215,0.3522680590887983,1.8223748717514021
17.750001225620508,-46.54999973252416,0.30990195895740963,1.7811613051374986
17.750001225620508,-46.19999972730875,0.3522680590887983,1.8099751541751414
17.70000122487545,-46.14999972656369,0.30990195895740963,1.7659603544288418
17.70000122487545,-45.799999721348286,0.3522680590887983,1.805617141899182
17.650001224130392,-45.74999972060323,0.30990195895740963,1.760229607600963
17.650001224130392,-45.34999971464276,0.3522680590887983,1.805617141899182
17.600001223385334,-45.299999713897705,0.30990195895740963,1.760229607600963
17.600001223385334,-44.9499997086823,0.3522680590887983,1.8024984692896309
17.550001222640276,-44.89999970793724,0.30990195895740963,1.7557607507039004
17.550001222640276,-44.549999702721834,0.3522680590887983,1.8006249321858896
17.500001221895218,-44.499999701976776,0.30990195895740963,1.752562448072111
17.500001221895218,-44.09999969601631,0.3522680590887983,1.8006249321858896
17.45000122115016,-44.049999695271254,0.30990195895740963,1.752562448072111
17.45000122115016,-43.69999969005585,0.3522680590887983,1.8000000298023224
17.4000012204051,-43.64999968931079,0.30990195895740963,1.7500000290572644
17.4000012204051,-43.29999968409538,0.3522680590887983,1.7811613051374986
17.350001219660044,-43.249999683350325,0.30990195895740963,1.7416488128275815
17.350001219660044,-42.7999996766448,0.3590170027049498,1.7906029534017331
17.300001218914986,-42.749999675899744,0.32201533322416204,1.7500000290572644
17.300001218914986,-42.24999966844916,0.40000000894069676,1.8006249321858896
17.250001218169928,-42.199999667704105,0.35000000819563865,1.752562448072111
17.250001218169928,-41.449999656528234,0.4184658530585083,1.8396078358296386
17.20000121742487,-41.399999655783176,0.3852350042566623,1.8000000298023224
17.20000121742487,-40.699999645352364,0.4500000096857548,1.8597330230970113
17.15000121667981,-40.649999644607306,0.40000000894069676,1.815564467108888
17.15000121667981,-40.19999963790178,0.4020797379113019,1.8651876735800321
17.100001215934753,-40.149999637156725,0.3590170027049498,1.8223748717514021
17.100001215934753,-39.399999625980854,0.40000000894069676,1.9053503585148945
17.050001215189695,-39.349999625235796,0.35000000819563865,1.8597330230970113
17.050001215189695,-38.44999961182475,0.40000000894069676,1.9523243570752202
17.000001214444637,-38.39999961107969,0.35000000819563865,1.9053503585148945
17.000001214444637,-37.299999594688416,0.40000000894069676,1.978302123538427
16.95000121369958,-37.24999959394336,0.3522680590887983,1.9377558644982391
16.95000121369958,-36.34999958053231,0.40000000894069676,1.9500000320374966
16.90000121295452,-36.299999579787254,0.35000000819563865,1.9000000312924386
16.90000121295452,-35.19999956339598,0.4184658530585083,1.9500000320374966
16.850001212209463,-35.14999956265092,0.3852350042566623,1.9000000312924386
16.850001212209463,-33.499999538064,0.4500000096857548,1.9500000320374966
16.800001211464405,-33.449999537318945,0.40000000894069676,1.9000000312924386
16.800001211464405,-32.19999951869249,0.4800735355706574,1.9000000312924386
16.850001212209463,-32.149999517947435,0.5433034484420096,1.9500000320374966
16.850001212209463,-31.649999510496855,0.5500000111758709,1.9500000320374966
16.90000121295452,-31.599999509751797,0.600000011920929,2.0000000327825544
16.90000121295452,-31.349999506026506,0.590569426822497,2.0000000327825544
16.95000121369958,-31.29999950528145,0.6246211374113445,2.045551190749882
16.95000121369958,-31.149999503046274,0.6015609890382593,2.020360364203399
17.000001214444637,-31.099999502301216,0.6500000126659871,2.063846318268293
17.000001214444637,-30.899999499320984,0.6381527432014595,2.0276669741893705
17.050001215189695,-30.849999498575926,0.6732124728405287,2.0699119263875563
17.050001215189695,-30.69999949634075,0.6514693309842018,2.054994490357972
17.100001215934753,-30.649999495595694,0.68600227053593,2.094558815308343
17.100001215934753,-30.49999949336052,0.6544003872633107,2.0699119263875563
17.15000121667981,-30.44999949261546,0.68600227053593,2.1135470947263926
17.15000121667981,-30.299999490380287,0.6558621511845243,2.0852790104585983
17.20000121742487,-30.24999948963523,0.7013878322977225,2.1264780594935924
17.20000121742487,-30.099999487400055,0.6631338379432997,2.1048861486687014
17.250001218169928,-30.049999486654997,0.7013878322977225,2.143608363974079
17.250001218169928,-29.94999948516488,0.6732124728405287,2.1264780594935924
17.300001218914986,-29.899999484419823,0.7124143931407667,2.169071583398344
17.300001218914986,-29.799999482929707,0.68600227053593,2.153720494261132
17.350001219660044,-29.74999948218465,0.7192388292402375,2.1926972584550466
17.350001219660044,-29.649999480694532,0.68600227053593,2.175920909507324
17.4000012204051,-29.599999479949474,0.7219544594674806,2.2186773605306653
17.4000012204051,-29.4499994777143,0.68600227053593,2.171708280467491
17.45000122115016,-29.399999476969242,0.7192388292402375,2.204163091859083
17.45000122115016,-29.299999475479126,0.68600227053593,2.171708280467491
17.500001221895218,-29.249999474734068,0.7219544594674806,2.204163091859083
17.500001221895218,-29.099999472498894,0.68600227053593,2.1563743687023496
17.550001222640276,-29.049999471753836,0.7192388292402375,2.1879908228357463
17.550001222640276,-28.999999471008778,0.7013878322977225,2.171708280467491
17.600001223385334,-28.94999947026372,0.7340770985323035,2.204163091859083
17.600001223385334,-28.849999468773603,0.7124143931407667,2.171708280467491
17.650001224130392,-28.799999468028545,0.7486833121869966,2.204163091859083
17.650001224130392,-28.69999946653843,0.7192388292402375,2.171708280467491
17.70000122487545,-28.64999946579337,0.7486833121869966,2.204163091859083
17.70000122487545,-28.549999464303255,0.7219544594674806,2.171708280467491
17.750001225620508,-28.499999463558197,0.7617692174150451,2.204163091859083
17.750001225620508,-28.44999946281314,0.7394147254011668,2.1879908228357463
17.800001226365566,-28.39999946206808,0.7656604101808596,2.21919411672939
17.800001226365566,-28.299999460577965,0.7340770985323035,2.1879908228357463
17.850001227110624,-28.249999459832907,0.7656604101808596,2.21919411672939
17.850001227110624,-28.19999945908785,0.7486833121869966,2.204163091859083
17.900001227855682,-28.14999945834279,0.7823441498574933,2.235159168663883
17.900001227855682,-28.099999457597733,0.7656604101808596,2.215056971133817
18.0000012293458,-27.999999456107616,0.8295630294403845,2.259674811901779
18.0000012293458,-27.94999945536256,0.8062306048689096,2.2377243849747046
18.050001230090857,-27.8999994546175,0.8307764217641807,2.259674811901779
18.050001230090857,-27.849999453872442,0.8124228516521053,2.2377243849747046
18.100001230835915,-27.799999453127384,0.8440306664483241,2.259674811901779
18.100001230835915,-27.749999452382326,0.8295630294403845,2.2377243849747046
18.150001231580973,-27.699999451637268,0.8404326178378946,2.259674811901779
18.150001231580973,-27.64999945089221,0.8124228516521053,2.2377243849747046
18.25000123307109,-27.549999449402094,0.8511898177453807,2.2824383544524953
18.25000123307109,-27.499999448657036,0.8295630294403845,2.259674811901779
18.350001234561205,-27.39999944716692,0.8735455436762694,2.304495994593537
18.350001234561205,-27.34999944642186,0.8511898177453807,2.2824383544524953
18.400001235306263,-27.299999445676804,0.8700467438965735,2.296497583764698
18.400001235306263,-27.249999444931746,0.8404326178378946,2.269817843848847
18.600001238286495,-27.049999441951513,0.8816653987572671,2.3495097947870485
18.600001238286495,-26.999999441206455,0.8547511712034664,2.3268557913517407
18.75000124052167,-26.84999943897128,0.8700467438965735,2.3806976185681785
18.75000124052167,-26.799999438226223,0.8404326178378946,2.351960069062137
18.900001242756844,-26.64999943599105,0.8700467438965735,2.3927784711282443
18.900001242756844,-26.59999943524599,0.8404326178378946,2.361249733138734
19.050001244992018,-26.449999433010817,0.8700467438965735,2.3927784711282443
19.050001244992018,-26.39999943226576,0.8404326178378946,2.361249733138734
19.200001247227192,-26.249999430030584,0.8700467438965735,2.393260534620581
19.200001247227192,-26.199999429285526,0.8404326178378946,2.36563836036449
19.50000125169754,-25.899999424815178,0.8960155271710525,2.416295129376061
19.50000125169754,-25.84999942407012,0.8606601875848896,2.3809397897898976
20.30000126361847,-25.04999941214919,0.8404326178378946,2.3806976185681785
20.350001264363527,-25.04999941214919,0.8700467438965735,2.407681000938534
20.5000012665987,-24.899999409914017,0.8547511712034664,2.370019493475554
20.55000126734376,-24.899999409914017,0.8816653987572671,2.4004807635393512
20.75000127032399,-24.699999406933784,0.8124228516521053,2.361249733138734
20.80000127106905,-24.699999406933784,0.8404326178378946,2.3927784711282443
20.900001272559166,-24.59999940544367,0.8062306048689096,2.370019493475554
20.950001273304224,-24.59999940544367,0.8295630294403845,2.4004807635393512
21.05000127479434,-24.499999403953552,0.8000000149011612,2.3806976185681785
21.100001275539398,-24.499999403953552,0.8295630294403845,2.41007666612081
21.150001276284456,-24.449999403208494,0.8062306048689096,2.3942243928715246
21.200001277029514,-24.449999403208494,0.8295630294403845,2.416295129376061
21.30000127851963,-24.349999401718378,0.7848857948555522,2.371478212442769
21.35000127926469,-24.349999401718378,0.8062306048689096,2.3942243928715246
21.450001280754805,-24.249999400228262,0.7617692174150451,2.3495097947870485
21.500001281499863,-24.249999400228262,0.7848857948555522,2.371478212442769
21.55000128224492,-24.199999399483204,0.7617692174150451,2.3495097947870485
21.60000128298998,-24.199999399483204,0.7848857948555522,2.371478212442769
21.650001283735037,-24.149999398738146,0.7617692174150451,2.3495097947870485
21.700001284480095,-24.149999398738146,0.7848857948555522,2.371478212442769
21.750001285225153,-24.099999397993088,0.7617692174150451,2.3495097947870485
21.80000128597021,-24.099999397993088,0.7848857948555522,2.371478212442769
21.85000128671527,-24.04999939724803,0.7617692174150451,2.350000037997961
21.900001287460327,-24.04999939724803,0.7848857948555522,2.3739075736009614
21.950001288205385,-23.99999939650297,0.7617692174150451,2.3553865059143533
22.000001288950443,-23.99999939650297,0.7848857948555522,2.381181938290669
22.0500012896955,-23.949999395757914,0.7617692174150451,2.36563836036449
22.10000129044056,-23.949999395757914,0.7861541608606429,2.393260534620581
22.150001291185617,-23.899999395012856,0.7708244064137908,2.371478212442769
22.200001291930676,-23.899999395012856,0.8000000149011612,2.3942243928715246
22.250001292675734,-23.849999394267797,0.7848857948555522,2.371478212442769
22.30000129342079,-23.849999394267797,0.8062306048689096,2.3942243928715246
22.35000129416585,-23.79999939352274,0.7848857948555522,2.371478212442769
22.400001294910908,-23.79999939352274,0.8062306048689096,2.393260534620581
22.500001296401024,-23.699999392032623,0.7617692174150451,2.3347584088981583
22.550001297146082,-23.699999392032623,0.7848857948555522,2.353918595880779
22.60000129789114,-23.649999391287565,0.7617692174150451,2.328339413629299
22.650001298636198,-23.649999391287565,0.7848857948555522,2.3460754492342835
22.700001299381256,-23.599999390542507,0.7617692174150451,2.3164459439302902
22.750001300126314,-23.599999390542507,0.7823441498574933,2.3347584088981583
22.800001300871372,-23.54999938979745,0.7486833121869966,2.3079872781688127
22.85000130161643,-23.54999938979745,0.7656604101808596,2.328339413629299
22.90000130236149,-23.49999938905239,0.7340770985323035,2.2989998371579587
23.000001303851604,-23.49999938905239,0.7656604101808596,2.3347584088981583
23.050001304596663,-23.449999388307333,0.7340770985323035,2.3079872781688127
23.10000130534172,-23.449999388307333,0.7486833121869966,2.328339413629299
23.15000130608678,-23.399999387562275,0.7192388292402375,2.2989998371579587
23.200001306831837,-23.399999387562275,0.7340770985323035,2.3144582296043787
23.250001307576895,-23.349999386817217,0.7013878322977225,2.2824383544524953
23.300001308321953,-23.349999386817217,0.7192388292402375,2.2989998371579587
23.35000130906701,-23.29999938607216,0.68600227053593,2.2622144871388805
23.450001310557127,-23.29999938607216,0.7192388292402375,2.2864633888824626
23.500001311302185,-23.2499993853271,0.68600227053593,2.252040003586089
23.6000013127923,-23.2499993853271,0.7192388292402375,2.2824383544524953
23.65000131353736,-23.199999384582043,0.68600227053593,2.252040003586089
23.750001315027475,-23.199999384582043,0.7192388292402375,2.2824383544524953
23.800001315772533,-23.149999383836985,0.68600227053593,2.2515301709568982
23.90000131726265,-23.149999383836985,0.7192388292402375,2.273863412234033
23.950001318007708,-23.099999383091927,0.68600227053593,2.2382371043798854
24.050001319497824,-23.099999383091927,0.7055385273073171,2.25458757830292
24.10000132024288,-23.04999938234687,0.6631338379432997,2.2083189516452078
24.200001321732998,-23.04999938234687,0.68600227053593,2.2186773605306653
24.250001322478056,-22.99999938160181,0.6500000126659871,2.175920909507324
24.350001323968172,-22.99999938160181,0.6558621511845243,2.1926972584550466
24.40000132471323,-22.949999380856752,0.6139410419336518,2.1500000350177286
24.550001326948404,-22.949999380856752,0.6500000126659871,2.154782402952315
24.600001327693462,-22.899999380111694,0.6015609890382593,2.108679310525041
24.70000132918358,-22.899999380111694,0.6139410419336518,2.119482735511626
24.750001329928637,-22.849999379366636,0.5762087463794127,2.077059541277971
25.000001333653927,-22.849999379366636,0.6139410419336518,2.1000000342726706
25.050001334398985,-22.799999378621578,0.5762087463794127,2.0500000335276125
25.350001338869333,-22.799999378621578,0.6139410419336518,2.0500000335276125
25.40000133961439,-22.74999937787652,0.5762087463794127,2.000568141257559
25.70000134408474,-22.74999937787652,0.600000011920929,2.0276669741893705
25.750001344829798,-22.699999377131462,0.5500000111758709,1.9868928054501456
26.20000135153532,-22.699999377131462,0.5500000111758709,2.0000000327825544
26.25000135228038,-22.649999376386404,0.5000000104308129,1.9500000320374966
28.05000137910247,-22.649999376386404,0.32201533322416204,1.8223748717514021
28.100001379847527,-22.699999377131462,0.3590170027049498,1.8615528435283613
28.700001388788223,-22.699999377131462,0.3000000074505806,1.731967937424731
28.75000138953328,-22.74999937787652,0.35000000819563865,1.7729419950940122
29.05000139400363,-22.74999937787652,0.29244289742777607,1.7163768182299195
29.100001394748688,-22.799999378621578,0.32201533322416204,1.752562448072111
29.400001399219036,-22.799999378621578,0.26097722973374027,1.6828170664324333
29.450001399964094,-22.849999379366636,0.30249378854378534,1.7235384348300902
29.750001404434443,-22.849999379366636,0.2500000067055225,1.6668154980771654
29.8000014051795,-22.899999380111694,0.29244289742777607,1.7039433048369428
30.150001410394907,-22.899999380111694,0.20311289342177757,1.6337121094136642
30.200001411139965,-22.949999380856752,0.2500000067055225,1.668154197064607
30.400001414120197,-22.949999380856752,0.20311289342177757,1.6248287862815334
30.450001414865255,-22.99999938160181,0.2500000067055225,1.6668154980771654
30.650001417845488,-22.99999938160181,0.20311289342177757,1.6248287862815334
30.700001418590546,-23.04999938234687,0.2500000067055225,1.6668154980771654
30.900001421570778,-23.04999938234687,0.20311289342177757,1.6200274994406525
30.950001422315836,-23.099999383091927,0.2500000067055225,1.655397559175525
31.150001425296068,-23.099999383091927,0.20311289342177757,1.6172782116181799
31.200001426041126,-23.149999383836985,0.24721360216395982,1.655397559175525
31.3500014282763,-23.149999383836985,0.20311289342177757,1.6248287862815334
31.40000142902136,-23.199999384582043,0.2500000067055225,1.6668154980771654
31.60000143200159,-23.199999384582043,0.20311289342177757,1.6200274994406525
31.65000143274665,-23.2499993853271,0.2500000067055225,1.655397559175525
31.85000143572688,-23.2499993853271,0.20311289342177757,1.6172782116181799
31.90000143647194,-23.29999938607216,0.2500000067055225,1.655397559175525
32.10000143945217,-23.29999938607216,0.20311289342177757,1.6172782116181799
32.15000144019723,-23.349999386817217,0.24721360216395982,1.655397559175525
32.35000144317746,-23.349999386817217,0.20000000596046447,1.606931126884637
32.40000144392252,-23.399999387562275,0.24721360216395982,1.6439089189349612
32.550001446157694,-23.399999387562275,0.20311289342177757,1.6172782116181799
32.60000144690275,-23.449999388307333,0.2500000067055225,1.655397559175525
32.800001449882984,-23.449999388307333,0.20311289342177757,1.6172782116181799
32.85000145062804,-23.49999938905239,0.2500000067055225,1.655397559175525
33.050001453608274,-23.49999938905239,0.20311289342177757,1.606931126884637
33.10000145435333,-23.54999938979745,0.2500000067055225,1.6439089189349612
33.300001457333565,-23.54999938979745,0.20311289342177757,1.606931126884637
33.35000145807862,-23.599999390542507,0.24721360216395982,1.6439089189349612
33.5000014603138,-23.599999390542507,0.20311289342177757,1.6172782116181799
33.550001461058855,-23.649999391287565,0.2500000067055225,1.655397559175525
33.75000146403909,-23.649999391287565,0.20311289342177757,1.606931126884637
33.800001464784145,-23.699999392032623,0.2500000067055225,1.6439089189349612
34.00000146776438,-23.699999392032623,0.20311289342177757,1.606931126884637
34.050001468509436,-23.74999939277768,0.2500000067055225,1.6439089189349612
34.25000147148967,-23.74999939277768,0.20311289342177757,1.606931126884637
34.300001472234726,-23.79999939352274,0.24721360216395982,1.6439089189349612
34.50000147521496,-23.79999939352274,0.20000000596046447,1.59513233385118
34.550001475960016,-23.849999394267797,0.24721360216395982,1.6337121094136642
34.70000147819519,-23.849999394267797,0.20311289342177757,1.606931126884637
34.75000147894025,-23.899999395012856,0.2500000067055225,1.6439089189349612
34.95000148192048,-23.899999395012856,0.20311289342177757,1.606931126884637
35.00000148266554,-23.949999395757914,0.2500000067055225,1.6439089189349612
35.20000148564577,-23.949999395757914,0.20311289342177757,1.59513233385118
35.25000148639083,-23.99999939650297,0.2500000067055225,1.6337121094136642
35.45000148937106,-23.99999939650297,0.20311289342177757,1.59513233385118
35.50000149011612,-24.04999939724803,0.24721360216395982,1.6337121094136642
35.650001492351294,-24.04999939724803,0.20311289342177757,1.606931126884637
35.70000149309635,-24.099999397993088,0.2500000067055225,1.6439089189349612
35.900001496076584,-24.099999397993088,0.20311289342177757,1.59513233385118
35.95000149682164,-24.149999398738146,0.2500000067055225,1.6337121094136642
36.150001499801874,-24.149999398738146,0.20311289342177757,1.59513233385118
36.20000150054693,-24.199999399483204,0.2500000067055225,1.6337121094136642
36.350001502782106,-24.199999399483204,0.21231056870567222,1.606931126884637
36.400001503527164,-24.249999400228262,0.25276926365365854,1.6439089189349612
36.6000015065074,-24.249999400228262,0.20311289342177757,1.59513233385118
36.650001507252455,-24.29999940097332,0.2500000067055225,1.6337121094136642
36.85000151023269,-24.29999940097332,0.20311289342177757,1.59513233385118
36.900001510977745,-24.349999401718378,0.2500000067055225,1.6337121094136642
37.05000151321292,-24.349999401718378,0.21231056870567222,1.606931126884637
37.10000151395798,-24.399999402463436,0.25276926365365854,1.6439089189349612
37.30000151693821,-24.399999402463436,0.21231056870567222,1.59513233385118
37.35000151768327,-24.449999403208494,0.25276926365365854,1.6337121094136642
37.5500015206635,-24.449999403208494,0.21231056870567222,1.59513233385118
37.60000152140856,-24.499999403953552,0.25276926365365854,1.6337121094136642
37.75000152364373,-24.499999403953552,0.21231056870567222,1.59513233385118
37.80000152438879,-24.54999940469861,0.25276926365365854,1.6337121094136642
38.00000152736902,-24.54999940469861,0.2500000067055225,1.584656856350934
38.05000152811408,-24.59999940544367,0.29244289742777607,1.6200274994406525
38.25000153109431,-24.59999940544367,0.2500000067055225,1.5755281169139006
38.30000153183937,-24.649999406188726,0.3000000074505806,1.6172782116181799
38.5000015348196,-24.649999406188726,0.27434165609349825,1.5755281169139006
38.55000153556466,-24.699999406933784,0.30990195895740963,1.6172782116181799
38.75000153854489,-24.699999406933784,0.3000000074505806,1.59513233385118
38.80000153928995,-24.749999407678843,0.35000000819563865,1.6337121094136642
38.950001541525126,-24.749999407678843,0.32201533322416204,1.6110770546146342
39.000001542270184,-24.7999994084239,0.3590170027049498,1.655397559175525
39.30000154674053,-24.7999994084239,0.35000000819563865,1.6062392137339054
39.35000154748559,-24.84999940916896,0.40000000894069676,1.6527007589722829
39.55000155046582,-24.84999940916896,0.3522680590887983,1.6500000275671483
39.60000155121088,-24.899999409914017,0.40000000894069676,1.7000000283122063
39.90000155568123,-24.899999409914017,0.3852350042566623,1.7000000283122063
39.95000155642629,-24.949999410659075,0.4184658530585083,1.7506409493799309
41.250001575797796,-24.949999410659075,0.5071067917232597,2.013594395102992
41.300001576542854,-24.999999411404133,0.5648529384361146,2.077059541277971
41.40000157803297,-24.999999411404133,0.590569426822497,2.1119256387897543
41.45000157877803,-24.949999410659075,0.5615773219347772,2.0847319658043313
42.00000158697367,-24.949999410659075,0.7848857948555522,2.3387004927868054
42.050001587718725,-24.899999409914017,0.7617692174150451,2.3238859304336232
42.15000158920884,-24.899999409914017,0.8124228516521053,2.3806976185681785
42.2000015899539,-24.84999940916896,0.8000000149011612,2.36563836036449
42.25000159069896,-24.84999940916896,0.8295630294403845,2.393260534620581
42.300001591444016,-24.7999994084239,0.8124228516521053,2.3806976185681785
42.350001592189074,-24.7999994084239,0.8404326178378946,2.41007666612081
42.45000159367919,-24.699999406933784,0.825914241721473,2.3927784711282443
42.50000159442425,-24.699999406933784,0.8547511712034664,2.424880988795112
42.600001595914364,-24.59999940544367,0.8307764217641807,2.4172505046605512
42.65000159665942,-24.59999940544367,0.8630145971136167,2.4518861607514064
43.050001602619886,-24.199999399483204,0.8700467438965735,2.4575364927840413
43.050001602619886,-24.149999398738146,0.8404326178378946,2.424880988795112
43.15000160411,-24.04999939724803,0.8606601875848896,2.4400757958290114
43.15000160411,-23.99999939650297,0.825914241721473,2.41007666612081
43.20000160485506,-23.949999395757914,0.8307764217641807,2.421545384847736
43.20000160485506,-23.899999395012856,0.8000000149011612,2.393260534620581
43.30000160634518,-23.79999939352274,0.8295630294403845,2.421545384847736
43.30000160634518,-23.74999939277768,0.8000000149011612,2.393260534620581
43.350001607090235,-23.699999392032623,0.8124228516521053,2.407681000938534
43.350001607090235,-23.599999390542507,0.7617692174150451,2.351960069062137
43.40000160783529,-23.54999938979745,0.7848857948555522,2.36563836036449
43.40000160783529,-23.49999938905239,0.7617692174150451,2.3387004927868054
43.45000160858035,-23.449999388307333,0.7848857948555522,2.3553865059143533
43.45000160858035,-23.349999386817217,0.7394147254011668,2.3059928545705364
43.50000160932541,-23.29999938607216,0.7617692174150451,2.3268557913517407
43.50000160932541,-23.199999384582043,0.7178780012117388,2.2824383544524953
43.55000161007047,-23.149999383836985,0.7394147254011668,2.304495994593537
43.55000161007047,-22.699999377131462,0.5762087463794127,2.1243278944690758
43.600001610815525,-22.649999376386404,0.6139410419336518,2.1505318897342858
43.600001610815525,-21.49999935925007,0.4082762620938444,1.9000000312924386
43.55000161007047,-21.44999935850501,0.3522680590887983,1.8500000305473805
43.55000161007047,-21.099999353289604,0.35000000819563865,1.8500000305473805
43.50000160932541,-21.049999352544546,0.3000000074505806,1.8000000298023224
43.50000160932541,-20.94999935105443,0.3000000074505806,1.8000000298023224
43.45000160858035,-20.899999350309372,0.2500000067055225,1.7500000290572644
43.45000160858035,-20.799999348819256,0.2500000067055225,1.7500000290572644
43.40000160783529,-20.749999348074198,0.20000000596046447,1.7000000283122063
43.40000160783529,-20.69999934732914,0.20000000596046447,1.7000000283122063
43.350001607090235,-20.64999934658408,0.1500000052154064,1.6500000275671483
43.350001607090235,-20.599999345839024,0.1500000052154064,1.6500000275671483
43.30000160634518,-20.549999345093966,0.10413813104692221,1.600694337369347
43.30000160634518,-20.499999344348907,0.11622777072899887,1.602775664595445
43.25000160560012,-20.44999934360385,0.09154759908666274,1.5564168331976798
43.25000160560012,-20.349999342113733,0.10000000447034836,1.5677669793081492
43.15000160411,-20.249999340623617,2.9802322387695306e-09,1.486712804477279
43.15000160411,-20.19999933987856,2.9802322387695306e-09,1.4977927099340471
43.050001602619886,-20.099999338388443,-0.05857864165534806,1.4278820838673036
43.050001602619886,-20.049999337643385,-0.04999999776482582,1.4378339598215473
42.95000160112977,-19.94999933615327,-0.09999999850988388,1.366045999672486
42.95000160112977,-19.89999933540821,-0.09999999850988388,1.3811388536449942
42.850001599639654,-19.799999333918095,-0.16464466041383702,1.318222667692178
42.850001599639654,-19.749999333173037,-0.14999999925494195,1.3337861878729915
42.600001595914364,-19.499999329447746,-0.09999999850988388,1.1928388484733279
42.600001595914364,-19.449999328702688,-0.12928932082767405,1.2115594423831848
42.10000158846378,-18.949999321252108,0.06925824436898563,1.0206555797625556
42.050001587718725,-18.949999321252108,0.11622777072899887,0.9800423897045963
41.75000158324838,-18.64999931678176,0.1889087354477928,0.8965856263134644
41.70000158250332,-18.64999931678176,0.22426407503395576,0.8606601875848896
41.50000157952309,-18.449999313801527,0.24721360216395982,0.8307764217641807
41.45000157877803,-18.449999313801527,0.29244289742777607,0.7924716768529406
41.10000157356262,-18.09999930858612,0.2949747542062818,0.7899495084125635
41.050001572817564,-18.09999930858612,0.33033009379244477,0.7545941688264006
40.750001568347216,-17.799999304115772,0.29244289742777607,0.7899495084125635
40.70000156760216,-17.799999304115772,0.3147815147201923,0.7545941688264006
40.500001564621925,-17.59999930113554,0.29244289742777607,0.7604686499270252
40.45000156387687,-17.59999930113554,0.3147815147201923,0.7300537757457948
40.20000156015158,-17.34999929741025,0.29244289742777607,0.7545941688264006
40.15000155940652,-17.34999929741025,0.3147815147201923,0.7192388292402375
39.95000155642629,-17.149999294430017,0.29244289742777607,0.7433981272633877
39.90000155568123,-17.149999294430017,0.3147815147201923,0.7178780012117388
39.700001552700996,-16.949999291449785,0.2949747542062818,0.7192388292402375
39.65000155195594,-16.949999291449785,0.33033009379244477,0.6845903138291293
39.40000154823065,-16.699999287724495,0.29244289742777607,0.7219544594674806
39.35000154748559,-16.699999287724495,0.3147815147201923,0.6902247040036246
39.15000154450536,-16.499999284744263,0.2949747542062818,0.7192388292402375
39.1000015437603,-16.499999284744263,0.33033009379244477,0.6845903138291293
38.85000154003501,-16.249999281018972,0.29244289742777607,0.7219544594674806
38.80000153928995,-16.249999281018972,0.3147815147201923,0.6902247040036246
38.60000153630972,-16.04999927803874,0.2949747542062818,0.7219544594674806
38.55000153556466,-16.04999927803874,0.33033009379244477,0.6902247040036246
38.40000153332949,-15.899999275803566,0.2949747542062818,0.7192388292402375
38.35000153258443,-15.899999275803566,0.33033009379244477,0.6845903138291293
38.1500015296042,-15.699999272823334,0.3000000074505806,0.7192388292402375
38.10000152885914,-15.699999272823334,0.3315072985568083,0.6845903138291293
37.950001526623964,-15.54999927058816,0.3147815147201923,0.7178780012117388
37.900001525878906,-15.54999927058816,0.34083269937863353,0.6838834896540746
37.650001522153616,-15.29999926686287,0.3147815147201923,0.7192388292402375
37.60000152140856,-15.29999926686287,0.34083269937863353,0.6845903138291293
37.400001518428326,-15.099999263882637,0.3147815147201923,0.7219544594674806
37.35000151768327,-15.099999263882637,0.34083269937863353,0.6902247040036246
37.150001514703035,-14.899999260902405,0.33033009379244477,0.7300537757457948
37.10000151395798,-14.899999260902405,0.3590170027049498,0.7013878322977225
36.85000151023269,-14.649999257177114,0.3147815147201923,0.7552486729614543
36.80000150948763,-14.649999257177114,0.34083269937863353,0.7219544594674806
36.650001507252455,-14.49999925494194,0.33033009379244477,0.7604686499270252
36.6000015065074,-14.49999925494194,0.36568543337860776,0.7300537757457948
36.45000150427222,-14.349999252706766,0.3315072985568083,0.7604686499270252
36.400001503527164,-14.349999252706766,0.36568543337860776,0.7300537757457948
36.25000150129199,-14.199999250471592,0.34083269937863353,0.7604686499270252
36.20000150054693,-14.199999250471592,0.37008772104453785,0.7300537757457948
36.100001499056816,-14.099999248981476,0.36568543337860776,0.7604686499270252
36.05000149831176,-14.099999248981476,0.40104077296477064,0.7300537757457948
36.0000014975667,-14.049999248236418,0.40104077296477064,0.7433981272633877
35.95000149682164,-14.049999248236418,0.4264982136426342,0.7178780012117388
35.900001496076584,-13.99999924749136,0.41032778988127777,0.7219544594674806
35.850001495331526,-13.99999924749136,0.44031243328468356,0.6902247040036246
35.80000149458647,-13.949999246746302,0.43639611255093375,0.7013878322977225
35.75000149384141,-13.949999246746302,0.4717514521370966,0.6746427972599882
35.650001492351294,-13.849999245256186,0.4708204032459398,0.6902247040036246
35.600001491606236,-13.849999245256186,0.4946222098231675,0.6602325395227262
35.55000149086118,-13.799999244511127,0.4800735355706574,0.6746427972599882
35.50000149011612,-13.799999244511127,0.5106335307668594,0.6500000126659871
35.45000148937106,-13.74999924376607,0.5071067917232597,0.6602325395227262
35.400001488626,-13.74999924376607,0.5424621313094227,0.6321658612548995
35.350001487880945,-13.699999243021011,0.5382411640123205,0.6485281500679115
35.30000148713589,-13.699999243021011,0.563216887496505,0.6139410419336518
35.25000148639083,-13.649999242275953,0.5500000111758709,0.6200609855626972
35.20000148564577,-13.649999242275953,0.5810249792288443,0.590569426822497
35.15000148490071,-13.599999241530895,0.5778174708955855,0.6062257868435552
35.100001484155655,-13.599999241530895,0.6131728104817487,0.5826238037869298
35.0500014834106,-13.549999240785837,0.6062257868435552,0.6062257868435552
35.00000148266554,-13.549999240785837,0.6321658612548995,0.5826238037869298
34.95000148192048,-13.49999924004078,0.6200609855626972,0.6062257868435552
34.90000148117542,-13.49999924004078,0.6500000126659871,0.5826238037869298
34.850001480430365,-13.449999239295721,0.6276472801952478,0.6062257868435552
34.80000147968531,-13.449999239295721,0.6500000126659871,0.5826238037869298
34.75000147894025,-13.399999238550663,0.6321658612548995,0.6062257868435552
34.70000147819519,-13.399999238550663,0.6602325395227262,0.5826238037869298
34.65000147745013,-13.349999237805605,0.6500000126659871,0.6062257868435552
34.600001476705074,-13.349999237805605,0.6732124728405287,0.5826238037869298
34.550001475960016,-13.299999237060547,0.6500000126659871,0.6062257868435552
34.50000147521496,-13.299999237060547,0.6732124728405287,0.5810249792288443
34.4500014744699,-13.249999236315489,0.6500000126659871,0.590569426822497
34.40000147372484,-13.249999236315489,0.6732124728405287,0.563216887496505
34.350001472979784,-13.19999923557043,0.6500000126659871,0.5826238037869298
34.300001472234726,-13.19999923557043,0.6732124728405287,0.5615773219347772
34.25000147148967,-13.149999234825373,0.6500000126659871,0.5826238037869298
34.20000147074461,-13.149999234825373,0.6732124728405287,0.5615773219347772
34.15000146999955,-13.099999234080315,0.6500000126659871,0.5826238037869298
34.050001468509436,-13.099999234080315,0.6944272043279197,0.5382411640123205
34.00000146776438,-13.049999233335257,0.6732124728405287,0.5615773219347772
33.90000146627426,-13.049999233335257,0.7178780012117388,0.5158910638314256
33.8500014655292,-12.999999232590199,0.6944272043279197,0.5382411640123205
33.75000146403909,-12.999999232590199,0.7394147254011668,0.4946222098231675
33.70000146329403,-12.94999923184514,0.7178780012117388,0.5106335307668594
33.60000146180391,-12.94999923184514,0.7617692174150451,0.45192025023463345
33.550001461058855,-12.899999231100082,0.7394147254011668,0.4708204032459398
33.45000145956874,-12.899999231100082,0.7848857948555522,0.4264982136426342
33.40000145882368,-12.849999230355024,0.7617692174150451,0.4500000096857548
33.35000145807862,-12.849999230355024,0.7848857948555522,0.4264982136426342
33.300001457333565,-12.799999229609966,0.7617692174150451,0.4500000096857548
33.20000145584345,-12.799999229609966,0.8062306048689096,0.4041523076822994
33.15000145509839,-12.749999228864908,0.7848857948555522,0.4264982136426342
33.050001453608274,-12.749999228864908,0.8295630294403845,0.3830951981733255
33.000001452863216,-12.69999922811985,0.8062306048689096,0.4041523076822994
32.9000014513731,-12.69999922811985,0.8511898177453807,0.3590170027049498
32.85000145062804,-12.649999227374792,0.8295630294403845,0.3852350042566623
32.750001449137926,-12.649999227374792,0.8594810208083519,0.3590170027049498
32.70000144839287,-12.599999226629734,0.8307764217641807,0.3830951981733255
32.60000144690275,-12.599999226629734,0.8594810208083519,0.33851648873797124
32.550001446157694,-12.549999225884676,0.8307764217641807,0.37008772104453785
32.45000144466758,-12.549999225884676,0.8594810208083519,0.33851648873797124
32.40000144392252,-12.499999225139618,0.8307764217641807,0.37008772104453785
32.300001442432404,-12.499999225139618,0.8594810208083519,0.33851648873797124
32.250001441687346,-12.44999922439456,0.8307764217641807,0.37008772104453785
32.15000144019723,-12.44999922439456,0.8594810208083519,0.33851648873797124
32.10000143945217,-12.399999223649502,0.8307764217641807,0.37008772104453785
31.950001437216997,-12.399999223649502,0.8770329774759426,0.3147815147201923
31.90000143647194,-12.349999222904444,0.8440306664483241,0.33851648873797124
31.750001434236765,-12.349999222904444,0.8920164996643914,0.29244289742777607
31.700001433491707,-12.299999222159386,0.8594810208083519,0.32201533322416204
31.500001430511475,-12.299999222159386,0.9236102694553091,0.26097722973374027
31.450001429766417,-12.249999221414328,0.8920164996643914,0.29244289742777607
31.250001426786184,-12.249999221414328,0.9543396552625206,0.22720019363165536
31.200001426041126,-12.19999922066927,0.9236102694553091,0.24721360216395982
31.000001423060894,-12.19999922066927,0.9884864501102992,0.18078866096738858
30.950001422315836,-12.149999219924212,0.9543396552625206,0.21231056870567222
30.700001418590546,-12.149999219924212,1.016552524187689,0.13541020162296988
30.650001417845488,-12.099999219179153,0.976860247130566,0.16400549988813046
30.450001414865255,-12.099999219179153,1.016552524187689,0.09154759908666274
30.400001414120197,-12.049999218434095,0.976860247130566,0.11622777072899887
30.200001411139965,-12.049999218434095,1.016552524187689,0.06925824436898563
30.150001410394907,-11.999999217689037,0.976860247130566,0.10413813104692221
29.950001407414675,-11.999999217689037,1.0093386802653328,0.06925824436898563
29.900001406669617,-11.94999921694398,0.9672617703864308,0.10413813104692221
29.700001403689384,-11.94999921694398,1.0093386802653328,0.06925824436898563
29.650001402944326,-11.899999216198921,0.9672617703864308,0.10413813104692221
29.400001399219036,-11.899999216198921,1.016552524187689,0.06925824436898563
29.350001398473978,-11.849999215453863,0.976860247130566,0.10413813104692221
28.900001391768456,-11.849999215453863,1.0589678499614998,0.023606801081979916
28.850001391023397,-11.799999214708805,1.016552524187689,0.05495097947870481
28.400001384317875,-11.799999214708805,1.1009612025116011,-0.019722433540455508
28.350001383572817,-11.749999213963747,1.0539936390844065,0.006155284352836106
27.900001376867294,-11.749999213963747,1.1009612025116011,-0.04999999776482582
27.850001376122236,-11.699999213218689,1.0539936390844065,-0.019722433540455508
27.400001369416714,-11.699999213218689,1.1009612025116011,-0.09999999850988388
27.350001368671656,-11.649999212473631,1.0539936390844065,-0.04999999776482582
26.850001361221075,-11.649999212473631,1.103840500469267,-0.09999999850988388
26.800001360476017,-11.599999211728573,1.0589678499614998,-0.04999999776482582
26.350001353770494,-11.599999211728573,1.103840500469267,-0.09999999850988388
26.300001353025436,-11.549999210983515,1.0589678499614998,-0.04999999776482582
25.850001346319914,-11.549999210983515,1.1009612025116011,-0.09999999850988388
25.800001345574856,-11.499999210238457,1.0539936390844065,-0.04999999776482582
25.350001338869333,-11.499999210238457,1.1009612025116011,-0.09999999850988388
25.300001338124275,-11.449999209493399,1.0539936390844065,-0.04999999776482582
24.90000133216381,-11.449999209493399,1.1000000193715096,-0.09999999850988388
24.850001331418753,-11.39999920874834,1.0509996189610271,-0.04999999776482582
24.550001326948404,-11.39999920874834,1.0980755179175492,-0.04999999776482582
24.500001326203346,-11.349999208003283,1.0500000186264515,2.9802322387695306e-09
24.250001322478056,-11.349999208003283,1.0589678499614998,-0.04999999776482582
24.200001321732998,-11.299999207258224,1.016552524187689,2.9802322387695306e-09
23.950001318007708,-11.299999207258224,1.0500000186264515,-0.019722433540455508
23.90000131726265,-11.249999206513166,1.0000000178813935,0.006155284352836106
23.6000013127923,-11.249999206513166,1.0369317061170167,-0.019722433540455508
23.550001312047243,-11.199999205768108,1.0000000178813935,0.006155284352836106
23.300001308321953,-11.199999205768108,1.0257650854784492,-0.019722433540455508
23.250001307576895,-11.14999920502305,0.9884864501102992,0.006155284352836106
23.000001303851604,-11.14999920502305,1.0257650854784492,-0.019722433540455508
22.950001303106546,-11.099999204277992,0.9884864501102992,0.006155284352836106
22.700001299381256,-11.099999204277992,1.0257650854784492,-0.041886114635500564
22.650001298636198,-11.049999203532934,0.9884864501102992,2.9802322387695306e-09
22.400001294910908,-11.049999203532934,1.016552524187689,-0.041886114635500564
22.35000129416585,-10.999999202787876,0.976860247130566,2.9802322387695306e-09
22.10000129044056,-10.999999202787876,1.016552524187689,-0.041886114635500564
22.0500012896955,-10.949999202042818,0.976860247130566,2.9802322387695306e-09
21.900001287460327,-10.949999202042818,1.0041594758226038,2.9802322387695306e-09
21.85000128671527,-10.89999920129776,0.959741367755813,0.023606801081979916
21.700001284480095,-10.89999920129776,0.9884864501102992,2.9802322387695306e-09
21.650001283735037,-10.849999200552702,0.9510864604746585,0.0500000037252903
21.55000128224492,-10.849999200552702,0.959741367755813,0.006155284352836106
21.500001281499863,-10.799999199807644,0.9180340054098997,0.0500000037252903
21.400001280009747,-10.799999199807644,0.9401754420890758,0.0500000037252903
21.35000127926469,-10.749999199062586,0.9011357936854637,0.09154759908666274
21.30000127851963,-10.749999199062586,0.9045361181775966,0.06925824436898563
21.250001277774572,-10.699999198317528,0.8606601875848896,0.10413813104692221
21.200001277029514,-10.699999198317528,0.8688779322491196,0.10000000447034836
21.150001276284456,-10.64999919757247,0.8307764217641807,0.1500000052154064
21.100001275539398,-10.64999919757247,0.8440306664483241,0.1500000052154064
21.05000127479434,-10.599999196827412,0.8012492346448155,0.18078866096738858
20.950001273304224,-10.599999196827412,0.8111874358757011,0.15355339586162983
20.850001271814108,-10.499999195337296,0.7340770985323035,0.2500000067055225
20.80000127106905,-10.499999195337296,0.7486833121869966,0.24721360216395982
20.650001268833876,-10.349999193102121,0.6381527432014595,0.33851648873797124
20.600001268088818,-10.349999193102121,0.6544003872633107,0.32201533322416204
20.05000125989318,-9.799999184906483,0.3147815147201923,0.6500000126659871
20.05000125989318,-9.749999184161425,0.2716990636316938,0.6944272043279197
19.80000125616789,-9.499999180436134,0.18078866096738858,0.8124228516521053
19.80000125616789,-9.449999179691076,0.13541020162296988,0.8547511712034664
19.700001254677773,-9.34999917820096,0.11819805627546684,0.8816653987572671
19.700001254677773,-9.299999177455902,0.08284271668930387,0.9236102694553091
19.600001253187656,-9.199999175965786,0.0500000037252903,0.9510864604746585
19.600001253187656,-9.149999175220728,0.012132037516977877,0.9926860619600634
19.5500012524426,-9.09999917447567,0.012132037516977877,1.0020815459295414
19.5500012524426,-9.049999173730612,-0.02322330206918508,1.0374368855157046
19.50000125169754,-8.999999172985554,-0.02322330206918508,1.0374368855157046
19.50000125169754,-8.949999172240496,-0.05857864165534806,1.0727922251018673
19.400001250207424,-8.84999917075038,-0.05857864165534806,1.0727922251018673
19.400001250207424,-8.749999169260263,-0.12928932082767405,1.1435029042741933
19.350001249462366,-8.699999168515205,-0.12928932082767405,1.1435029042741933
19.350001249462366,-8.649999167770147,-0.14999999925494195,1.1729530422331924
19.300001248717308,-8.59999916702509,-0.12928932082767405,1.1601470711413149
19.300001248717308,-8.499999165534973,-0.2,1.221267061533719
19.25000124797225,-8.449999164789915,-0.2,1.2150971908950816
19.25000124797225,-8.299999162554741,-0.09393398124151106,1.2983324287040625
19.200001247227192,-8.249999161809683,-0.09393398124151106,1.276482328024641
19.200001247227192,-8.149999160319567,-0.041886114635500564,1.3264337749930102
19.150001246482134,-8.099999159574509,-0.05857864165534806,1.3116216683080153
19.150001246482134,-7.9499991573393345,0.023606801081979916,1.3882380410934498
19.100001245737076,-7.899999156594276,0.012132037516977877,1.3652476075738595
19.100001245737076,-7.499999150633812,0.22426407503395576,1.5392527390094939
19.050001244992018,-7.449999149888754,0.20311289342177757,1.5088007745266214
19.050001244992018,-5.949999127537012,0.5071067917232597,1.8796634652979423
19.100001245737076,-5.899999126791954,0.5648529384361146,1.9377558644982391
19.100001245737076,-5.349999118596315,0.5500000111758709,1.9476731914942769
19.150001246482134,-5.299999117851257,0.600000011920929,1.9868928054501456
19.150001246482134,-5.099999114871025,0.600000011920929,1.9587033466594763
19.200001247227192,-5.049999114125967,0.6500000126659871,1.9965882963805954
19.200001247227192,-4.949999112635851,0.6246211374113445,1.978302123538427
19.25000124797225,-4.899999111890793,0.6631338379432997,2.020360364203399
19.25000124797225,-4.749999109655619,0.6500000126659871,1.9965882963805954
19.300001248717308,-4.699999108910561,0.7000000134110451,2.036068010819799
19.300001248717308,-4.5999991074204445,0.7000000134110451,2.020360364203399
19.350001249462366,-4.549999106675386,0.7340770985323035,2.063846318268293
19.350001249462366,-4.499999105930328,0.7219544594674806,2.0588714332751104
19.400001250207424,-4.44999910518527,0.7617692174150451,2.1048861486687014
19.400001250207424,-4.399999104440212,0.7552486729614543,2.094013983574364
19.450001250952482,-4.349999103695154,0.7962429571037405,2.1243278944690758
19.450001250952482,-4.299999102950096,0.7823441498574933,2.108679310525041
19.50000125169754,-4.249999102205038,0.8198039179148193,2.140940017026649
19.50000125169754,-4.19999910145998,0.8111874358757011,2.1243278944690758
19.5500012524426,-4.149999100714922,0.8440306664483241,2.1563743687023496
19.5500012524426,-4.099999099969864,0.8295630294403845,2.140940017026649
19.650001253932714,-3.9999990984797478,0.8770329774759426,2.204163091859083
19.650001253932714,-3.9499990977346897,0.8547511712034664,2.1879908228357463
19.80000125616789,-3.7999990954995155,0.9101801821016996,2.259674811901779
19.80000125616789,-3.7499990947544575,0.8816653987572671,2.2377243849747046
20.00000125914812,-3.5499990917742252,0.9236102694553091,2.2824383544524953
20.00000125914812,-3.499999091029167,0.8960155271710525,2.252040003586089
20.30000126361847,-3.199999086558819,0.9313708667572156,2.3102291106175716
20.30000126361847,-3.1499990858137608,0.8960155271710525,2.274873771031409
21.250001277774572,-2.1999990716576576,0.8511898177453807,2.270323902217819
21.30000127851963,-2.1999990716576576,0.8735455436762694,2.300000037252903
21.450001280754805,-2.0499990694224834,0.8124228516521053,2.21298573835902
21.500001281499863,-2.0499990694224834,0.8307764217641807,2.2186773605306653
21.55000128224492,-1.9999990686774254,0.7962429571037405,2.175920909507324
21.60000128298998,-1.9999990686774254,0.8124228516521053,2.183799523733424
21.650001283735037,-1.9499990679323673,0.7823441498574933,2.143608363974079
21.700001284480095,-1.9499990679323673,0.7962429571037405,2.153720494261132
21.80000128597021,-1.8499990664422512,0.7219544594674806,2.063846318268293
21.85000128671527,-1.8499990664422512,0.7340770985323035,2.0699119263875563
21.900001287460327,-1.7999990656971931,0.7000000134110451,2.0276669741893705
22.000001288950443,-1.7999990656971931,0.7055385273073171,2.045551190749882
22.0500012896955,-1.749999064952135,0.6631338379432997,2.0022715873709274
22.200001291930676,-1.749999064952135,0.7000000134110451,2.014159015541993
22.250001292675734,-1.699999064207077,0.6500000126659871,1.970829366957119
22.35000129416585,-1.699999064207077,0.6500000126659871,1.9868928054501456
22.400001294910908,-1.649999063462019,0.600000011920929,1.9476731914942769
22.60000129789114,-1.649999063462019,0.600000011920929,1.970829366957119
22.650001298636198,-1.599999062716961,0.5500000111758709,1.9289669173284556
22.90000130236149,-1.599999062716961,0.5500000111758709,1.9500000320374966
22.950001303106546,-1.5499990619719028,0.5000000104308129,1.9000000312924386
28.400001384317875,-1.5499990619719028,0.7617692174150451,2.1243278944690758
28.450001385062933,-1.4999990612268448,0.7394147254011668,2.094013983574364
28.600001387298107,-1.4999990612268448,0.8062306048689096,2.1505318897342858
28.650001388043165,-1.4499990604817867,0.7848857948555522,2.1259407045818186
28.75000138953328,-1.4499990604817867,0.8295630294403845,2.1706539535514358
28.80000139027834,-1.3999990597367287,0.8062306048689096,2.147871411360789
28.900001391768456,-1.3999990597367287,0.8547511712034664,2.1926972584550466
28.950001392513514,-1.3499990589916706,0.8404326178378946,2.1706539535514358
29.00000139325857,-1.3499990589916706,0.8700467438965735,2.1942640144398893
29.05000139400363,-1.2999990582466125,0.8547511712034664,2.17539473944008
29.100001394748688,-1.2999990582466125,0.8816653987572671,2.2010414764868993
29.150001395493746,-1.2499990575015545,0.8700467438965735,2.1853721239201267
29.200001396238804,-1.2499990575015545,0.8977249363623835,2.21298573835902
29.250001396983862,-1.1999990567564964,0.8816653987572671,2.200520812602108
29.30000139772892,-1.1999990567564964,0.9101801821016996,2.2274472549594533
29.400001399219036,-1.0999990552663803,0.8965856263134644,2.200520812602108
29.450001399964094,-1.0999990552663803,0.9236102694553091,2.2300206122547017
29.55000140145421,-0.9999990537762642,0.9011357936854637,2.2135037131934414
29.60000140219927,-0.9999990537762642,0.933578421767098,2.245914998173975
29.750001404434443,-0.84999905154109,0.9313708667572156,2.239518431445246
29.8000014051795,-0.84999905154109,0.9667262063433785,2.274873771031409
30.150001410394907,-0.4999990463256836,0.9667262063433785,2.2758837175215314
30.150001410394907,-0.44999904558062553,0.9313708667572156,2.2418231258009556
30.250001411885023,-0.3499990440905094,0.9313708667572156,2.252040003586089
30.250001411885023,-0.29999904334545135,0.8965856263134644,2.220743723453933
30.35000141337514,-0.19999904185533524,0.9101801821016996,2.241311159525111
30.35000141337514,-0.14999904111027718,0.8816653987572671,2.21298573835902
30.500001415610313,9.611248970031738e-07,0.9101801821016996,2.25458757830292
30.500001415610313,0.05000096186995506,0.8816653987572671,2.2274472549594533
30.55000141635537,0.10000096261501312,0.8965856263134644,2.2438699183864865
30.55000141635537,0.15000096336007118,0.8630145971136167,2.2186773605306653
30.60000141710043,0.20000096410512924,0.8700467438965735,2.2382371043798854
30.60000141710043,0.2500009648501873,0.8404326178378946,2.215056971133817
30.650001417845488,0.30000096559524536,0.8547511712034664,2.2377243849747046
30.650001417845488,0.3500009663403034,0.8295630294403845,2.215056971133817
30.700001418590546,0.4000009670853615,0.8404326178378946,2.2377243849747046
30.700001418590546,0.45000096783041954,0.8124228516521053,2.215056971133817
30.750001419335604,0.5000009685754776,0.8295630294403845,2.2377243849747046
30.750001419335604,0.5500009693205357,0.8062306048689096,2.215056971133817
30.80000142008066,0.6000009700655937,0.8295630294403845,2.2377243849747046
30.80000142008066,0.9500009752810001,0.6500000126659871,2.094013983574364
30.85000142082572,1.0000009760260582,0.6732124728405287,2.1243278944690758
30.85000142082572,2.5000009983778,0.40000000894069676,1.8500000305473805
30.80000142008066,2.550000999122858,0.35000000819563865,1.8000000298023224
30.80000142008066,2.8500010035932064,0.35000000819563865,1.8000000298023224
30.750001419335604,2.9000010043382645,0.3000000074505806,1.7500000290572644
30.750001419335604,3.0000010058283806,0.3000000074505806,1.7500000290572644
30.700001418590546,3.0500010065734386,0.2500000067055225,1.7000000283122063
30.700001418590546,3.1000010073184967,0.2500000067055225,1.7000000283122063
30.650001417845488,3.1500010080635548,0.20000000596046447,1.6500000275671483
30.650001417845488,3.200001008808613,0.20000000596046447,1.6500000275671483
30.60000141710043,3.250001009553671,0.1500000052154064,1.6000000268220902
30.60000141710043,3.300001010298729,0.1500000052154064,1.6000000268220902
30.55000141635537,3.350001011043787,0.10000000447034836,1.5500000260770321
30.55000141635537,3.400001011788845,0.10000000447034836,1.5507141660888335
30.500001415610313,3.450001012533903,0.0500000037252903,1.5029386619684035
30.500001415610313,3.500001013278961,0.05495097947870481,1.5066048420179947
30.35000141337514,3.6500010155141354,-0.04999999776482582,1.3787653639101314
30.35000141337514,3.7000010162591934,-0.04999999776482582,1.389024881885386
30.250001411885023,3.8000010177493095,-0.12928932082767405,1.318222667692178
30.250001411885023,3.8500010184943676,-0.09999999850988388,1.3297058768722292
30.150001410394907,3.9500010199844837,-0.16464466041383702,1.256021999552522
30.150001410394907,4.000001020729542,-0.14999999925494195,1.2705441388980891
30.000001408159733,4.150001022964716,-0.14999999925494195,1.1756816697190144
30.000001408159733,4.200001023709774,-0.16464466041383702,1.1928388484733279
29.85000140592456,4.350001025944948,-0.09999999850988388,1.1200378979145058
29.85000140592456,4.400001026690006,-0.12928932082767405,1.1416408064918795
29.700001403689384,4.55000102892518,-0.05857864165534806,1.0747548973935241
29.700001403689384,4.6000010296702385,-0.08819659945901004,1.0971121964357624
29.400001399219036,4.900001034140587,-0.019722433540455508,0.9926860619600634
29.400001399219036,4.950001034885645,-0.041886114635500564,1.0206555797625556
29.250001396983862,5.100001037120819,0.006155284352836106,0.9926860619600634
29.250001396983862,5.150001037865877,-0.02322330206918508,1.0206555797625556
28.50000138580799,5.900001049041748,0.11819805627546684,0.9313708667572156
28.50000138580799,5.950001049786806,0.08284271668930387,0.9667262063433785
28.2500013820827,6.200001053512096,0.12015621664234175,0.9313708667572156
28.200001381337643,6.200001053512096,0.160555132919089,0.8960155271710525
26.350001353770494,8.050001081079245,0.15355339586162983,0.8307764217641807
26.300001353025436,8.050001081079245,0.1889087354477928,0.8000000149011612
25.45000134035945,8.900001093745232,0.1889087354477928,0.8253048479987265
25.40000133961439,8.900001093745232,0.22426407503395576,0.7899495084125635
24.40000132471323,9.900001108646393,0.1889087354477928,0.8547511712034664
24.350001323968172,9.900001108646393,0.22426407503395576,0.8253048479987265
23.750001315027475,10.50000111758709,0.22426407503395576,0.8547511712034664
23.700001314282417,10.50000111758709,0.2596194146201188,0.8253048479987265
23.35000130906701,10.850001122802496,0.2301162697613631,0.8253048479987265
23.300001308321953,10.850001122802496,0.26097722973374027,0.7899495084125635
22.950001303106546,11.200001128017902,0.2596194146201188,0.8253048479987265
22.90000130236149,11.200001128017902,0.2949747542062818,0.7899495084125635
22.500001296401024,11.600001133978367,0.2596194146201188,0.8124228516521053
22.450001295655966,11.600001133978367,0.2949747542062818,0.7861541608606429
22.150001291185617,11.900001138448715,0.2596194146201188,0.7899495084125635
22.10000129044056,11.900001138448715,0.2949747542062818,0.7545941688264006
21.85000128671527,12.150001142174006,0.2596194146201188,0.7861541608606429
21.80000128597021,12.150001142174006,0.2949747542062818,0.7545941688264006
21.55000128224492,12.400001145899296,0.2596194146201188,0.7545941688264006
21.500001281499863,12.400001145899296,0.2949747542062818,0.7192388292402375
21.150001276284456,12.750001151114702,0.2596194146201188,0.7545941688264006
21.100001275539398,12.750001151114702,0.2949747542062818,0.7192388292402375
20.850001271814108,13.000001154839993,0.2596194146201188,0.7192388292402375
20.80000127106905,13.000001154839993,0.2949747542062818,0.6838834896540746
20.55000126734376,13.250001158565283,0.2596194146201188,0.7178780012117388
20.5000012665987,13.250001158565283,0.2949747542062818,0.6838834896540746
20.25000126287341,13.500001162290573,0.2596194146201188,0.6838834896540746
20.200001262128353,13.500001162290573,0.2949747542062818,0.6485281500679115
19.950001258403063,13.750001166015863,0.2596194146201188,0.6746427972599882
19.900001257658005,13.750001166015863,0.2949747542062818,0.6485281500679115
19.650001253932714,14.000001169741154,0.2596194146201188,0.6845903138291293
19.600001253187656,14.000001169741154,0.2949747542062818,0.6514693309842018
19.400001250207424,14.200001172721386,0.2716990636316938,0.6902247040036246
19.350001249462366,14.200001172721386,0.3000000074505806,0.6602325395227262
19.25000124797225,14.300001174211502,0.2949747542062818,0.6838834896540746
19.200001247227192,14.300001174211502,0.33033009379244477,0.6485281500679115
19.150001246482134,14.35000117495656,0.33033009379244477,0.6514693309842018
19.100001245737076,14.35000117495656,0.3590170027049498,0.6200609855626972
19.00000124424696,14.450001176446676,0.3315072985568083,0.6485281500679115
18.9500012435019,14.450001176446676,0.36568543337860776,0.6139410419336518
18.900001242756844,14.500001177191734,0.36568543337860776,0.6200609855626972
18.850001242011786,14.500001177191734,0.40104077296477064,0.590569426822497
18.75000124052167,14.60000117868185,0.3830951981733255,0.6131728104817487
18.70000123977661,14.60000117868185,0.41032778988127777,0.5778174708955855
18.650001239031553,14.650001179426908,0.4020797379113019,0.5810249792288443
18.600001238286495,14.650001179426908,0.43639611255093375,0.5500000111758709
18.550001237541437,14.700001180171967,0.43639611255093375,0.563216887496505
18.45000123605132,14.700001180171967,0.5071067917232597,0.5071067917232597
18.400001235306263,14.750001180917025,0.5071067917232597,0.5106335307668594
18.350001234561205,14.750001180917025,0.5382411640123205,0.4800735355706574
18.300001233816147,14.800001181662083,0.5211102658381779,0.4946222098231675
18.25000123307109,14.800001181662083,0.5500000111758709,0.4708204032459398
18.20000123232603,14.85000118240714,0.5433034484420096,0.4800735355706574
18.150001231580973,14.85000118240714,0.5778174708955855,0.45192025023463345
18.100001230835915,14.900001183152199,0.5778174708955855,0.4708204032459398
18.050001230090857,14.900001183152199,0.6062257868435552,0.44031243328468356
18.0000012293458,14.950001183897257,0.590569426822497,0.45192025023463345
17.95000122860074,14.950001183897257,0.6200609855626972,0.4264982136426342
17.900001227855682,15.000001184642315,0.6062257868435552,0.4500000096857548
17.800001226365566,15.000001184642315,0.6602325395227262,0.4041523076822994
17.750001225620508,15.050001185387373,0.6500000126659871,0.4264982136426342
17.650001224130392,15.050001185387373,0.6944272043279197,0.3830951981733255
17.600001223385334,15.100001186132431,0.6746427972599882,0.4041523076822994
17.500001221895218,15.100001186132431,0.7300537757457948,0.3590170027049498
17.45000122115016,15.150001186877489,0.7178780012117388,0.3830951981733255
17.350001219660044,15.150001186877489,0.7486833121869966,0.33851648873797124
17.300001218914986,15.200001187622547,0.7192388292402375,0.3590170027049498
17.20000121742487,15.200001187622547,0.7617692174150451,0.3147815147201923
17.15000121667981,15.250001188367605,0.7394147254011668,0.33851648873797124
17.000001214444637,15.250001188367605,0.8062306048689096,0.2716990636316938
16.95000121369958,15.300001189112663,0.7848857948555522,0.29244289742777607
16.70000120997429,15.300001189112663,0.8965856263134644,0.20311289342177757
16.65000120922923,15.350001189857721,0.8735455436762694,0.22720019363165536
16.40000120550394,15.350001189857721,0.9543396552625206,0.15355339586162983
16.350001204758883,15.40000119060278,0.9236102694553091,0.18078866096738858
14.35000117495656,15.40000119060278,1.2500000216066838,-0.2
14.300001174211502,15.350001189857721,1.3000000223517418,-0.25000000074505807
13.900001168251038,15.350001189857721,1.3000000223517418,-0.25000000074505807
13.85000116750598,15.300001189112663,1.3500000230968,-0.30000000149011613
13.650001164525747,15.300001189112663,1.3297058768722292,-0.30000000149011613
13.60000116378069,15.250001188367605,1.3700318702060559,-0.3500000022351742
13.350001160055399,15.250001188367605,1.3297058768722292,-0.31180340054099
13.30000115931034,15.200001187622547,1.3700318702060559,-0.3500000022351742
13.05000115558505,15.200001187622547,1.3297058768722292,-0.31180340054099
13.000001154839993,15.150001186877489,1.3700318702060559,-0.3500000022351742
12.80000115185976,15.150001186877489,1.3297058768722292,-0.341421358344652
12.750001151114702,15.100001186132431,1.3700318702060559,-0.3581138853644994
12.55000114813447,15.100001186132431,1.3402922030270783,-0.3500000022351742
12.500001147389412,15.050001185387373,1.3787653639101314,-0.38027756645954447
12.250001143664122,15.050001185387373,1.3402922030270783,-0.3500000022351742
12.200001142919064,15.000001184642315,1.3787653639101314,-0.38027756645954447
12.05000114068389,15.000001184642315,1.3524174927588255,-0.3500000022351742
12.000001139938831,14.950001183897257,1.389024881885386,-0.38027756645954447
11.900001138448715,14.950001183897257,1.3700318702060559,-0.3500000022351742
11.850001137703657,14.900001183152199,1.4124515736871104,-0.38027756645954447
11.700001135468483,14.900001183152199,1.389024881885386,-0.3500000022351742
11.650001134723425,14.85000118240714,1.4278820838673036,-0.38027756645954447
11.550001133233309,14.85000118240714,1.4124515736871104,-0.3500000022351742
11.50000113248825,14.800001181662083,1.4568041772663949,-0.40000000298023225
11.400001130998135,14.800001181662083,1.4378339598215473,-0.3581138853644994
11.350001130253077,14.750001180917025,1.476305486402919,-0.40000000298023225
11.200001128017902,14.750001180917025,1.4286497717590054,-0.3500000022351742
11.150001127272844,14.700001180171967,1.4620770386263438,-0.40000000298023225
11.050001125782728,14.700001180171967,1.4378339598215473,-0.3581138853644994
11.00000112503767,14.650001179426908,1.476305486402919,-0.40000000298023225
10.900001123547554,14.650001179426908,1.4446884448476198,-0.3581138853644994
10.850001122802496,14.60000117868185,1.476305486402919,-0.40000000298023225
10.700001120567322,14.60000117868185,1.4286497717590054,-0.3581138853644994
10.650001119822264,14.550001177936792,1.4620770386263438,-0.40000000298023225
10.550001118332148,14.550001177936792,1.4378339598215473,-0.38027756645954447
10.50000111758709,14.500001177191734,1.476305486402919,-0.4061552843528361
10.350001115351915,14.500001177191734,1.4286497717590054,-0.3581138853644994
10.300001114606857,14.450001176446676,1.4620770386263438,-0.40000000298023225
10.200001113116741,14.450001176446676,1.4286497717590054,-0.38027756645954447
10.150001112371683,14.400001175701618,1.4620770386263438,-0.4061552843528361
10.050001110881567,14.400001175701618,1.4378339598215473,-0.38027756645954447
10.000001110136509,14.35000117495656,1.476305486402919,-0.4061552843528361
9.95000110939145,14.35000117495656,1.4620770386263438,-0.40000000298023225
9.900001108646393,14.300001174211502,1.491892456780025,-0.45000000372529025
9.800001107156277,14.300001174211502,1.4620770386263438,-0.4061552843528361
9.750001106411219,14.250001173466444,1.4977927099340471,-0.45000000372529025
9.70000110566616,14.250001173466444,1.486712804477279,-0.4236068010819799
9.650001104921103,14.200001172721386,1.5240939906476687,-0.45000000372529025
9.550001103430986,14.200001172721386,1.491892456780025,-0.4061552843528361
9.500001102685928,14.150001171976328,1.5240939906476687,-0.45000000372529025
9.45000110194087,14.150001171976328,1.5088007745266214,-0.4236068010819799
9.400001101195812,14.10000117123127,1.5392527390094939,-0.45495097947870483
9.350001100450754,14.10000117123127,1.5219175614308271,-0.45000000372529025
9.300001099705696,14.050001170486212,1.5442763802429842,-0.4692582443689856
9.250001098960638,14.050001170486212,1.5219175614308271,-0.45000000372529025
9.20000109821558,14.000001169741154,1.5464249456810573,-0.4692582443689856
9.150001097470522,14.000001169741154,1.5269916296512345,-0.45495097947870483
9.100001096725464,13.950001168996096,1.555705012769987,-0.4915475990866628
9.050001095980406,13.950001168996096,1.5392527390094939,-0.4692582443689856
9.000001095235348,13.900001168251038,1.5670597310384706,-0.4915475990866628
8.900001093745232,13.900001168251038,1.5219175614308271,-0.45495097947870483
8.850001093000174,13.85000116750598,1.5442763802429842,-0.4915475990866628
8.800001092255116,13.85000116750598,1.5219175614308271,-0.4692582443689856
8.750001091510057,13.800001166760921,1.5442763802429842,-0.4915475990866628
8.700001090765,13.800001166760921,1.5219175614308271,-0.4692582443689856
8.600001089274883,13.700001165270805,1.5670597310384706,-0.5354102016229698
8.550001088529825,13.700001165270805,1.5442763802429842,-0.5162277707289988
8.450001087039709,13.60000116378069,1.5923448596015113,-0.560555132919089
8.400001086294651,13.60000116378069,1.5734148115227595,-0.5354102016229698
8.300001084804535,13.500001162290573,1.6309833696438334,-0.5807886609673886
8.250001084059477,13.500001162290573,1.602775664595445,-0.5535533958616298
8.200001083314419,13.450001161545515,1.617965923359587,-0.560555132919089
8.15000108256936,13.450001161545515,1.59025140567364,-0.5354102016229698
8.050001081079245,13.350001160055399,1.617965923359587,-0.5807886609673886
8.000001080334187,13.350001160055399,1.59025140567364,-0.5535533958616298
7.90000107884407,13.250001158565283,1.617965923359587,-0.5807886609673886
7.850001078099012,13.250001158565283,1.59025140567364,-0.560555132919089
7.700001075863838,13.100001156330109,1.6309833696438334,-0.6031128934217775
7.65000107511878,13.100001156330109,1.602775664595445,-0.5807886609673886
7.550001073628664,13.000001154839993,1.6200274994406525,-0.6242640750339558
7.500001072883606,13.000001154839993,1.59025140567364,-0.5905124896144222
7.40000107139349,12.900001153349876,1.617965923359587,-0.6242640750339558
7.350001070648432,12.900001153349876,1.59025140567364,-0.5905124896144222
7.200001068413258,12.750001151114702,1.6309833696438334,-0.6242640750339558
7.1500010676681995,12.750001151114702,1.602775664595445,-0.5889087354477928
6.800001062452793,12.400001145899296,1.6398369767131167,-0.630116269761363
6.750001061707735,12.400001145899296,1.6062392137339054,-0.6031128934217775
6.400001056492329,12.05000114068389,1.6398369767131167,-0.6596194146201187
6.350001055747271,12.05000114068389,1.6062392137339054,-0.6242640750339558
6.050001051276922,11.750001136213541,1.638477658480475,-0.6609772297337402
6.000001050531864,11.750001136213541,1.6034689065609238,-0.630116269761363
5.550001043826342,11.300001129508018,1.6398369767131167,-0.6949747542062819
5.500001043081284,11.300001129508018,1.6062392137339054,-0.6596194146201187
5.4000010415911674,11.200001128017902,1.6062392137339054,-0.6596194146201187
5.4000010415911674,11.150001127272844,1.6398369767131167,-0.6949747542062819
4.6500010304152966,10.400001116096973,1.6031223188943122,-0.6596194146201187
4.6500010304152966,10.350001115351915,1.638477658480475,-0.6949747542062819
4.250001024454832,9.95000110939145,1.5755281169139006,-0.630116269761363
4.250001024454832,9.900001108646393,1.602775664595445,-0.6609772297337402
4.150001022964716,9.800001107156277,1.5755281169139006,-0.6472136021639598
4.150001022964716,9.750001106411219,1.602775664595445,-0.6716990636316938
4.000001020729542,9.600001104176044,1.5613915216276322,-0.630116269761363
4.000001020729542,9.550001103430986,1.5888544086558394,-0.6609772297337402
3.9000010192394257,9.45000110194087,1.5492855945199764,-0.6472136021639598
3.9000010192394257,9.400001101195812,1.5755281169139006,-0.6716990636316938
3.8000010177493095,9.300001099705696,1.5492855945199764,-0.6272001936316555
3.8000010177493095,9.250001098960638,1.5755281169139006,-0.6472136021639598
3.7500010170042515,9.20000109821558,1.555705012769987,-0.6272001936316555
3.7500010170042515,9.150001097470522,1.5734148115227595,-0.6472136021639598
3.6500010155141354,9.050001095980406,1.5219175614308271,-0.6031128934217775
3.6500010155141354,9.000001095235348,1.5442763802429842,-0.6272001936316555
3.5500010140240192,8.900001093745232,1.491892456780025,-0.5807886609673886
3.5500010140240192,8.850001093000174,1.5088007745266214,-0.6031128934217775
3.500001013278961,8.800001092255116,1.48077365644264,-0.5807886609673886
3.500001013278961,8.750001091510057,1.5007351605124235,-0.6031128934217775
3.450001012533903,8.700001090765,1.4770510081148494,-0.5640054998881304
3.450001012533903,8.650001090019941,1.500000025331974,-0.5807886609673886
3.400001011788845,8.600001089274883,1.476305486402919,-0.5535533958616298
3.400001011788845,8.500001087784767,1.4977927099340471,-0.5807886609673886
3.350001011043787,8.450001087039709,1.4620770386263438,-0.5535533958616298
3.350001011043787,8.400001086294651,1.476305486402919,-0.5640054998881304
3.300001010298729,8.350001085549593,1.4378339598215473,-0.5354102016229698
3.300001010298729,8.300001084804535,1.449242274822689,-0.5535533958616298
3.250001009553671,8.250001084059477,1.41400126320739,-0.5162277707289988
3.250001009553671,8.15000108256936,1.4446884448476198,-0.5500000052154064
3.200001008808613,8.100001081824303,1.400000023841858,-0.5041381310469222
3.200001008808613,8.050001081079245,1.4007810832117087,-0.5162277707289988
3.1500010080635548,8.000001080334187,1.3532224798457249,-0.4915475990866628
3.1500010080635548,7.9500010795891285,1.3572411734444452,-0.5000000044703483
3.1000010073184967,7.90000107884407,1.3132746175917043,-0.45000000372529025
3.1000010073184967,7.750001076608896,1.3402922030270783,-0.45495097947870483
3.0500010065734386,7.700001075863838,1.3000000223517418,-0.4236068010819799
3.0500010065734386,7.550001073628664,1.3000000223517418,-0.45000000372529025
3.0000010058283806,7.500001072883606,1.2500000216066838,-0.40000000298023225
3.0000010058283806,7.40000107139349,1.2430869904698527,-0.40000000298023225
2.9500010050833225,7.350001070648432,1.1829316892012207,-0.3500000022351742
2.9500010050833225,6.850001063197851,1.1500000201165677,-0.3500000022351742
2.9000010043382645,6.800001062452793,1.1000000193715096,-0.30000000149011613
2.9000010043382645,6.2500010542571545,1.1000000193715096,-0.30000000149011613
2.9500010050833225,6.200001053512096,1.1500000201165677,-0.3500000022351742
2.9500010050833225,2.9500010050833225,1.1000000193715096,-0.30000000149011613
3.0000010058283806,2.9000010043382645,1.1500000201165677,-0.3500000022351742
3.0000010058283806,-0.19999904185533524,1.1000000193715096,-0.25000000074505807
3.0500010065734386,-0.2499990426003933,1.1500000201165677,-0.30000000149011613
3.0500010065734386,-3.349999088793993,1.1000000193715096,-0.25000000074505807
3.1000010073184967,-3.399999089539051,1.1500000201165677,-0.30000000149011613
3.1000010073184967,-6.449999134987593,1.1000000193715096,-0.25000000074505807
3.1500010080635548,-6.499999135732651,1.1500000201165677,-0.30000000149011613
3.1500010080635548,-9.59999918192625,1.1000000193715096,-0.235355339586163
3.200001008808613,-9.649999182671309,1.1500000201165677,-0.25000000074505807
3.200001008808613,-12.749999228864908,1.1000000193715096,-0.2
3.250001009553671,-12.799999229609966,1.1500000201165677,-0.25000000074505807
3.250001009553671,-13.349999237805605,1.1500000201165677,-0.25000000074505807
3.300001010298729,-13.399999238550663,1.2000000208616257,-0.30000000149011613
3.300001010298729,-17.999999307096004,1.1152946633960081,-0.2
3.350001011043787,-18.049999307841063,1.1583077909609756,-0.25000000074505807
3.350001011043787,-20.44999934360385,1.1500000201165677,-0.2
3.400001011788845,-20.499999344348907,1.2000000208616257,-0.25000000074505807
3.400001011788845,-22.849999379366636,1.1500000201165677,-0.2
3.450001012533903,-22.899999380111694,1.2000000208616257,-0.25000000074505807
3.450001012533903,-25.499999418854713,1.1500000201165677,-0.2
3.500001013278961,-25.54999941959977,1.2000000208616257,-0.25000000074505807
3.500001013278961,-28.599999465048313,1.1500000201165677,-0.2
3.5500010140240192,-28.64999946579337,1.2000000208616257,-0.25000000074505807
3.5500010140240192,-32.399999521672726,1.389024881885386,-0.3500000022351742
3.500001013278961,-32.449999522417784,1.3524174927588255,-0.31180340054099
3.500001013278961,-32.649999525398016,1.389024881885386,-0.3500000022351742
3.450001012533903,-32.699999526143074,1.3524174927588255,-0.31180340054099
3.450001012533903,-32.899999529123306,1.41400126320739,-0.3500000022351742
3.400001011788845,-32.949999529868364,1.3811388536449942,-0.31180340054099
3.400001011788845,-33.1499995328486,1.4446884448476198,-0.3500000022351742
3.350001011043787,-33.199999533593655,1.41400126320739,-0.31180340054099
3.350001011043787,-33.39999953657389,1.476305486402919,-0.38027756645954447
3.300001010298729,-33.449999537318945,1.4446884448476198,-0.3500000022351742
3.300001010298729,-33.59999953955412,1.491892456780025,-0.40000000298023225
3.250001009553671,-33.64999954029918,1.4620770386263438,-0.3581138853644994
3.250001009553671,-33.74999954178929,1.491892456780025,-0.40000000298023225
3.200001008808613,-33.79999954253435,1.4620770386263438,-0.3500000022351742
3.200001008808613,-33.89999954402447,1.491892456780025,-0.38027756645954447
3.1500010080635548,-33.949999544769526,1.4620770386263438,-0.3500000022351742
3.1500010080635548,-34.04999954625964,1.491892456780025,-0.38027756645954447
3.1000010073184967,-34.0999995470047,1.4620770386263438,-0.3500000022351742
3.1000010073184967,-34.199999548494816,1.5007351605124235,-0.38027756645954447
3.0500010065734386,-34.249999549239874,1.476305486402919,-0.3500000022351742
3.0500010065734386,-34.34999955072999,1.5088007745266214,-0.38027756645954447
3.0000010058283806,-34.39999955147505,1.48077365644264,-0.3500000022351742
3.0000010058283806,-34.499999552965164,1.5219175614308271,-0.38027756645954447
2.9500010050833225,-34.54999955371022,1.491892456780025,-0.3500000022351742
2.9500010050833225,-34.64999955520034,1.5269916296512345,-0.38027756645954447
2.9000010043382645,-34.699999555945396,1.5007351605124235,-0.3500000022351742
2.9000010043382645,-34.79999955743551,1.5442763802429842,-0.38027756645954447
2.8500010035932064,-34.84999955818057,1.5219175614308271,-0.3500000022351742
2.8500010035932064,-34.94999955967069,1.555705012769987,-0.38027756645954447
2.8000010028481483,-34.999999560415745,1.5269916296512345,-0.3500000022351742
2.8000010028481483,-35.0499995611608,1.5464249456810573,-0.3500000022351742
2.7500010021030903,-35.09999956190586,1.5219175614308271,-0.31180340054099
2.7500010021030903,-35.19999956339598,1.555705012769987,-0.3500000022351742
2.7000010013580322,-35.249999564141035,1.5269916296512345,-0.31180340054099
2.7000010013580322,-35.29999956488609,1.5464249456810573,-0.341421358344652
2.650001000612974,-35.34999956563115,1.5219175614308271,-0.30000000149011613
2.650001000612974,-35.44999956712127,1.555705012769987,-0.341421358344652
2.600000999867916,-35.499999567866325,1.5269916296512345,-0.30000000149011613
2.600000999867916,-35.54999956861138,1.5464249456810573,-0.31180340054099
2.550000999122858,-35.59999956935644,1.5219175614308271,-0.30000000149011613
2.550000999122858,-35.69999957084656,1.555705012769987,-0.31180340054099
2.5000009983778,-35.749999571591616,1.5269916296512345,-0.30000000149011613
2.5000009983778,-35.84999957308173,1.5670597310384706,-0.31180340054099
2.450000997632742,-35.89999957382679,1.5442763802429842,-0.30000000149011613
2.450000997632742,-35.999999575316906,1.5867568651453154,-0.341421358344652
2.400000996887684,-36.049999576061964,1.555705012769987,-0.31180340054099
2.400000996887684,-36.09999957680702,1.5734148115227595,-0.341421358344652
2.350000996142626,-36.14999957755208,1.5464249456810573,-0.31180340054099
2.350000996142626,-36.249999579042196,1.5867568651453154,-0.3581138853644994
2.3000009953975677,-36.299999579787254,1.555705012769987,-0.341421358344652
2.3000009953975677,-36.34999958053231,1.5734148115227595,-0.3581138853644994
2.2500009946525097,-36.39999958127737,1.5464249456810573,-0.341421358344652
2.2500009946525097,-36.44999958202243,1.5670597310384706,-0.3581138853644994
2.2000009939074516,-36.49999958276749,1.5392527390094939,-0.341421358344652
2.2000009939074516,-36.5999995842576,1.5734148115227595,-0.38027756645954447
2.1500009931623936,-36.64999958500266,1.5464249456810573,-0.3581138853644994
2.1500009931623936,-36.69999958574772,1.5670597310384706,-0.38027756645954447
2.1000009924173355,-36.74999958649278,1.5442763802429842,-0.3581138853644994
2.1000009924173355,-36.799999587237835,1.5670597310384706,-0.38027756645954447
2.0500009916722775,-36.84999958798289,1.5442763802429842,-0.3581138853644994
2.0500009916722775,-36.94999958947301,1.5888544086558394,-0.4061552843528361
2.0000009909272194,-36.99999959021807,1.5670597310384706,-0.38027756645954447
2.0000009909272194,-37.049999590963125,1.5888544086558394,-0.4061552843528361
1.9500009901821613,-37.09999959170818,1.5670597310384706,-0.38027756645954447
1.9500009901821613,-37.14999959245324,1.5888544086558394,-0.4061552843528361
1.9000009894371033,-37.1999995931983,1.5670597310384706,-0.38027756645954447
1.9000009894371033,-37.299999594688416,1.602775664595445,-0.4236068010819799
1.8500009886920452,-37.349999595433474,1.5734148115227595,-0.4061552843528361
1.8500009886920452,-37.39999959617853,1.5923448596015113,-0.4236068010819799
1.8000009879469872,-37.44999959692359,1.5670597310384706,-0.4061552843528361
1.8000009879469872,-37.49999959766865,1.5888544086558394,-0.4236068010819799
1.750000987201929,-37.549999598413706,1.5670597310384706,-0.4061552843528361
1.750000987201929,-37.599999599158764,1.5888544086558394,-0.4236068010819799
1.700000986456871,-37.64999959990382,1.5670597310384706,-0.41213203751697786
1.700000986456871,-37.69999960064888,1.5888544086558394,-0.4474873771031409
1.650000985711813,-37.74999960139394,1.5670597310384706,-0.4236068010819799
1.650000985711813,-37.799999602138996,1.5888544086558394,-0.45000000372529025
1.600000984966755,-37.849999602884054,1.5670597310384706,-0.4474873771031409
1.600000984966755,-37.89999960362911,1.5888544086558394,-0.4692582443689856
1.5500009842216969,-37.94999960437417,1.5670597310384706,-0.45000000372529025
1.5500009842216969,-37.99999960511923,1.5888544086558394,-0.4828427166893039
1.5000009834766388,-38.049999605864286,1.5670597310384706,-0.4692582443689856
1.5000009834766388,-38.099999606609344,1.5888544086558394,-0.4915475990866628
1.4500009827315807,-38.1499996073544,1.5670597310384706,-0.4692582443689856
1.4500009827315807,-38.19999960809946,1.5888544086558394,-0.4915475990866628
1.4000009819865227,-38.24999960884452,1.5670597310384706,-0.4828427166893039
1.4000009819865227,-38.29999960958958,1.5888544086558394,-0.5162277707289988
1.3500009812414646,-38.349999610334635,1.5670597310384706,-0.4915475990866628
1.3500009812414646,-38.39999961107969,1.5888544086558394,-0.5201562166423417
1.3000009804964066,-38.44999961182475,1.5677669793081492,-0.5162277707289988
1.3000009804964066,-38.49999961256981,1.5923448596015113,-0.5354102016229698
1.2500009797513485,-38.54999961331487,1.5755281169139006,-0.5201562166423417
1.2500009797513485,-38.599999614059925,1.602775664595445,-0.5535533958616298
1.2000009790062904,-38.64999961480498,1.59025140567364,-0.5354102016229698
1.2000009790062904,-38.69999961555004,1.6200274994406525,-0.560555132919089
1.1000009775161743,-38.79999961704016,1.602775664595445,-0.5201562166423417
1.1000009775161743,-38.849999617785215,1.6309833696438334,-0.5535533958616298
1.0000009760260582,-38.94999961927533,1.602775664595445,-0.5201562166423417
1.0000009760260582,-38.99999962002039,1.6309833696438334,-0.5535533958616298
0.9500009752810001,-39.04999962076545,1.6200274994406525,-0.5354102016229698
0.9500009752810001,-39.099999621510506,1.6506755799093895,-0.560555132919089
0.850000973790884,-39.19999962300062,1.6309833696438334,-0.5201562166423417
0.850000973790884,-39.24999962374568,1.6601075514915895,-0.5535533958616298
0.7000009715557098,-39.399999625980854,1.617965923359587,-0.5162277707289988
0.7000009715557098,-39.44999962672591,1.6445867020561549,-0.5354102016229698
0.6000009700655937,-39.54999962821603,1.6200274994406525,-0.5162277707289988
0.6000009700655937,-39.599999628961086,1.6506755799093895,-0.5354102016229698
0.5000009685754776,-39.6999996304512,1.6309833696438334,-0.4915475990866628
0.5000009685754776,-39.74999963119626,1.6601075514915895,-0.5201562166423417
0.3500009663403034,-39.899999633431435,1.6200274994406525,-0.4828427166893039
0.3500009663403034,-39.94999963417649,1.6506755799093895,-0.5181980562754669
0.2500009648501873,-40.04999963566661,1.6398369767131167,-0.5162277707289988
0.2500009648501873,-40.09999963641167,1.6741665093263882,-0.5354102016229698
-0.19999904185533524,-40.54999964311719,1.673832998066638,-0.4692582443689856
-0.19999904185533524,-40.59999964386225,1.7091883376528012,-0.4915475990866628
-1.0499990545213223,-41.449999656528234,1.7091883376528012,-0.5181980562754669
-1.0999990552663803,-41.449999656528234,1.673832998066638,-0.4828427166893039
-1.3499990589916706,-41.699999660253525,1.6901058453083515,-0.5162277707289988
-1.3999990597367287,-41.699999660253525,1.6601075514915895,-0.4828427166893039
-1.5499990619719028,-41.8499996624887,1.6901058453083515,-0.4828427166893039
-1.599999062716961,-41.8499996624887,1.6601075514915895,-0.4474873771031409
-1.749999064952135,-41.99999966472387,1.6901058453083515,-0.4828427166893039
-1.7999990656971931,-41.99999966472387,1.6601075514915895,-0.4474873771031409
-1.8999990671873093,-42.09999966621399,1.6821530505181366,-0.4692582443689856
-1.9499990679323673,-42.09999966621399,1.6506755799093895,-0.4474873771031409
-2.0499990694224834,-42.199999667704105,1.672164550582331,-0.4692582443689856
-2.0999990701675415,-42.199999667704105,1.6439089189349612,-0.4474873771031409
-2.2499990724027157,-42.34999966993928,1.672164550582331,-0.4828427166893039
-2.2999990731477737,-42.34999966993928,1.6439089189349612,-0.45000000372529025
-2.449999075382948,-42.499999672174454,1.672164550582331,-0.4915475990866628
-2.499999076128006,-42.499999672174454,1.6439089189349612,-0.4692582443689856
-2.64999907836318,-42.64999967440963,1.672164550582331,-0.5162277707289988
-2.699999079108238,-42.64999967440963,1.6439089189349612,-0.4828427166893039
-2.7999990805983543,-42.749999675899744,1.6601075514915895,-0.5162277707289988
-2.8499990813434124,-42.749999675899744,1.6309833696438334,-0.4828427166893039
-2.9499990828335285,-42.84999967738986,1.6506755799093895,-0.5162277707289988
-2.9999990835785866,-42.84999967738986,1.6200274994406525,-0.4828427166893039
-3.0499990843236446,-42.89999967813492,1.6309833696438334,-0.4915475990866628
-3.0999990850687027,-42.89999967813492,1.602775664595445,-0.4692582443689856
-3.199999086558819,-42.999999679625034,1.6309833696438334,-0.4915475990866628
-3.249999087303877,-42.999999679625034,1.602775664595445,-0.4692582443689856
-3.299999088048935,-43.04999968037009,1.617965923359587,-0.4828427166893039
-3.349999088793993,-43.04999968037009,1.5923448596015113,-0.45000000372529025
-3.399999089539051,-43.09999968111515,1.6117671201967774,-0.4692582443689856
-3.449999090284109,-43.09999968111515,1.5888544086558394,-0.4474873771031409
-3.499999091029167,-43.14999968186021,1.6117671201967774,-0.45000000372529025
-3.5499990917742252,-43.14999968186021,1.5888544086558394,-0.4236068010819799
-3.5999990925192833,-43.19999968260527,1.602775664595445,-0.4474873771031409
-3.6499990932643414,-43.19999968260527,1.5755281169139006,-0.41213203751697786
-3.7499990947544575,-43.29999968409538,1.6117671201967774,-0.45000000372529025
-3.7999990954995155,-43.29999968409538,1.5888544086558394,-0.4236068010819799
-3.8499990962445736,-43.34999968484044,1.6117671201967774,-0.45000000372529025
-3.8999990969896317,-43.34999968484044,1.5888544086558394,-0.4236068010819799
-3.9499990977346897,-43.3999996855855,1.6117671201967774,-0.45000000372529025
-3.9999990984797478,-43.3999996855855,1.5888544086558394,-0.4236068010819799
-4.049999099224806,-43.44999968633056,1.602775664595445,-0.45000000372529025
-4.099999099969864,-43.44999968633056,1.5755281169139006,-0.4236068010819799
-4.19999910145998,-43.54999968782067,1.6117671201967774,-0.4692582443689856
-4.249999102205038,-43.54999968782067,1.5888544086558394,-0.45495097947870483
-4.299999102950096,-43.59999968856573,1.6117671201967774,-0.4915475990866628
-4.349999103695154,-43.59999968856573,1.5888544086558394,-0.4692582443689856
-4.399999104440212,-43.64999968931079,1.6117671201967774,-0.4915475990866628
-4.44999910518527,-43.64999968931079,1.5888544086558394,-0.4692582443689856
-4.499999105930328,-43.69999969005585,1.602775664595445,-0.4915475990866628
-4.549999106675386,-43.69999969005585,1.5755281169139006,-0.4692582443689856
-4.5999991074204445,-43.749999690800905,1.5923448596015113,-0.4915475990866628
-4.6499991081655025,-43.749999690800905,1.5677669793081492,-0.4692582443689856
-4.699999108910561,-43.79999969154596,1.5888544086558394,-0.5041381310469222
-4.749999109655619,-43.79999969154596,1.5670597310384706,-0.4915475990866628
-4.799999110400677,-43.84999969229102,1.5888544086558394,-0.5162277707289988
-4.849999111145735,-43.84999969229102,1.5670597310384706,-0.4915475990866628
-4.899999111890793,-43.89999969303608,1.5888544086558394,-0.5162277707289988
-4.949999112635851,-43.89999969303608,1.5613915216276322,-0.4915475990866628
-4.999999113380909,-43.94999969378114,1.5755281169139006,-0.5162277707289988
-5.049999114125967,-43.94999969378114,1.5492855945199764,-0.4915475990866628
-5.099999114871025,-43.999999694526196,1.5677669793081492,-0.5162277707289988
-5.149999115616083,-43.999999694526196,1.5442763802429842,-0.4915475990866628
-5.199999116361141,-44.049999695271254,1.5670597310384706,-0.5162277707289988
-5.299999117851257,-44.049999695271254,1.5219175614308271,-0.4915475990866628
-5.349999118596315,-44.09999969601631,1.5442763802429842,-0.5162277707289988
-5.399999119341373,-44.09999969601631,1.5219175614308271,-0.4915475990866628
-5.4499991200864315,-44.14999969676137,1.5442763802429842,-0.5162277707289988
-5.49999912083149,-44.14999969676137,1.5219175614308271,-0.4915475990866628
-5.549999121576548,-44.19999969750643,1.5442763802429842,-0.5162277707289988
-5.599999122321606,-44.19999969750643,1.5219175614308271,-0.4915475990866628
-5.649999123066664,-44.249999698251486,1.5442763802429842,-0.5162277707289988
-5.74999912455678,-44.249999698251486,1.5007351605124235,-0.4915475990866628
-5.799999125301838,-44.299999698996544,1.5269916296512345,-0.5162277707289988
-5.849999126046896,-44.299999698996544,1.5088007745266214,-0.4915475990866628
-5.899999126791954,-44.3499996997416,1.5392527390094939,-0.5162277707289988
-5.949999127537012,-44.3499996997416,1.5219175614308271,-0.4915475990866628
-5.99999912828207,-44.39999970048666,1.5442763802429842,-0.5162277707289988
-6.049999129027128,-44.39999970048666,1.5219175614308271,-0.4915475990866628
-6.099999129772186,-44.44999970123172,1.5442763802429842,-0.5162277707289988
-6.199999131262302,-44.44999970123172,1.5007351605124235,-0.4915475990866628
-6.2499991320073605,-44.499999701976776,1.5269916296512345,-0.5162277707289988
-6.2999991327524185,-44.499999701976776,1.5088007745266214,-0.4915475990866628
-6.349999133497477,-44.549999702721834,1.5392527390094939,-0.5162277707289988
-6.399999134242535,-44.549999702721834,1.5219175614308271,-0.4915475990866628
-6.449999134987593,-44.59999970346689,1.5442763802429842,-0.5162277707289988
-6.549999136477709,-44.59999970346689,1.500000025331974,-0.4692582443689856
-6.599999137222767,-44.64999970421195,1.5219175614308271,-0.5041381310469222
-6.649999137967825,-44.64999970421195,1.5007351605124235,-0.4915475990866628
-6.699999138712883,-44.69999970495701,1.5269916296512345,-0.5162277707289988
-6.749999139457941,-44.69999970495701,1.5088007745266214,-0.4915475990866628
-6.799999140202999,-44.749999705702066,1.5392527390094939,-0.5162277707289988
-6.849999140948057,-44.749999705702066,1.5219175614308271,-0.4915475990866628
-6.899999141693115,-44.799999706447124,1.5442763802429842,-0.5162277707289988
-6.999999143183231,-44.799999706447124,1.5007351605124235,-0.4692582443689856
-7.049999143928289,-44.84999970719218,1.5269916296512345,-0.4915475990866628
-7.0999991446733475,-44.84999970719218,1.5088007745266214,-0.4692582443689856
-7.1499991454184055,-44.89999970793724,1.5392527390094939,-0.5041381310469222
-7.199999146163464,-44.89999970793724,1.5219175614308271,-0.4915475990866628
-7.249999146908522,-44.9499997086823,1.5442763802429842,-0.5162277707289988
-7.349999148398638,-44.9499997086823,1.500000025331974,-0.4692582443689856
-7.399999149143696,-44.99999970942736,1.5219175614308271,-0.4915475990866628
-7.449999149888754,-44.99999970942736,1.5007351605124235,-0.4692582443689856
-7.499999150633812,-45.049999710172415,1.5269916296512345,-0.4915475990866628
-7.54999915137887,-45.049999710172415,1.5088007745266214,-0.4692582443689856
-7.599999152123928,-45.09999971091747,1.5392527390094939,-0.5041381310469222
-7.649999152868986,-45.09999971091747,1.5219175614308271,-0.4915475990866628
-7.699999153614044,-45.14999971166253,1.5442763802429842,-0.5162277707289988
-7.79999915510416,-45.14999971166253,1.5007351605124235,-0.4692582443689856
-7.849999155849218,-45.19999971240759,1.5269916296512345,-0.4915475990866628
-7.899999156594276,-45.19999971240759,1.5088007745266214,-0.4692582443689856
-7.9499991573393345,-45.24999971315265,1.5392527390094939,-0.4915475990866628
-7.9999991580843925,-45.24999971315265,1.5219175614308271,-0.4692582443689856
-8.04999915882945,-45.299999713897705,1.5442763802429842,-0.5041381310469222
-8.099999159574509,-45.299999713897705,1.5219175614308271,-0.4915475990866628
-8.149999160319567,-45.34999971464276,1.5442763802429842,-0.5162277707289988
-8.249999161809683,-45.34999971464276,1.5007351605124235,-0.4692582443689856
-8.299999162554741,-45.39999971538782,1.5269916296512345,-0.4915475990866628
-8.349999163299799,-45.39999971538782,1.5088007745266214,-0.4692582443689856
-8.399999164044857,-45.44999971613288,1.5392527390094939,-0.4915475990866628
-8.449999164789915,-45.44999971613288,1.5219175614308271,-0.4692582443689856
-8.499999165534973,-45.49999971687794,1.5442763802429842,-0.4915475990866628
-8.59999916702509,-45.49999971687794,1.500000025331974,-0.45495097947870483
-8.649999167770147,-45.549999717622995,1.5219175614308271,-0.4915475990866628
-8.699999168515205,-45.549999717622995,1.5007351605124235,-0.4692582443689856
-8.749999169260263,-45.59999971836805,1.5269916296512345,-0.4915475990866628
-8.799999170005322,-45.59999971836805,1.5088007745266214,-0.4692582443689856
-8.84999917075038,-45.64999971911311,1.5392527390094939,-0.4915475990866628
-8.899999171495438,-45.64999971911311,1.5219175614308271,-0.4692582443689856
-8.949999172240496,-45.69999971985817,1.5442763802429842,-0.4915475990866628
-9.049999173730612,-45.69999971985817,1.5007351605124235,-0.45495097947870483
-9.09999917447567,-45.74999972060323,1.5269916296512345,-0.4915475990866628
-9.149999175220728,-45.74999972060323,1.5088007745266214,-0.4692582443689856
-9.199999175965786,-45.799999721348286,1.5392527390094939,-0.4915475990866628
-9.249999176710844,-45.799999721348286,1.5219175614308271,-0.4692582443689856
-9.299999177455902,-45.849999722093344,1.5442763802429842,-0.4915475990866628
-9.34999917820096,-45.849999722093344,1.5219175614308271,-0.4692582443689856
-9.399999178946018,-45.8999997228384,1.5464249456810573,-0.4915475990866628
-9.499999180436134,-45.8999997228384,1.5088007745266214,-0.45495097947870483
-9.549999181181192,-45.94999972358346,1.5392527390094939,-0.4915475990866628
-9.59999918192625,-45.94999972358346,1.5219175614308271,-0.4692582443689856
-9.649999182671309,-45.99999972432852,1.5442763802429842,-0.4915475990866628
-9.699999183416367,-45.99999972432852,1.5219175614308271,-0.4692582443689856
-9.749999184161425,-46.049999725073576,1.5442763802429842,-0.4915475990866628
-9.84999918565154,-46.049999725073576,1.5007351605124235,-0.45000000372529025
-9.899999186396599,-46.099999725818634,1.5269916296512345,-0.4692582443689856
-9.949999187141657,-46.099999725818634,1.5088007745266214,-0.45495097947870483
-9.999999187886715,-46.14999972656369,1.5392527390094939,-0.4915475990866628
-10.049999188631773,-46.14999972656369,1.5219175614308271,-0.4692582443689856
-10.099999189376831,-46.19999972730875,1.5442763802429842,-0.4915475990866628
-10.14999919012189,-46.19999972730875,1.5219175614308271,-0.4692582443689856
-10.199999190866947,-46.24999972805381,1.5464249456810573,-0.4915475990866628
-10.299999192357063,-46.24999972805381,1.5088007745266214,-0.45000000372529025
-10.349999193102121,-46.299999728798866,1.5392527390094939,-0.4692582443689856
-10.39999919384718,-46.299999728798866,1.5219175614308271,-0.45000000372529025
-10.449999194592237,-46.349999729543924,1.5442763802429842,-0.4692582443689856
-10.499999195337296,-46.349999729543924,1.5219175614308271,-0.45495097947870483
-10.549999196082354,-46.39999973028898,1.5442763802429842,-0.4915475990866628
-10.599999196827412,-46.39999973028898,1.5219175614308271,-0.4692582443689856
-10.64999919757247,-46.44999973103404,1.5464249456810573,-0.4915475990866628
-10.749999199062586,-46.44999973103404,1.5088007745266214,-0.45000000372529025
-10.799999199807644,-46.4999997317791,1.5392527390094939,-0.4692582443689856
-10.849999200552702,-46.4999997317791,1.5219175614308271,-0.45000000372529025
-10.89999920129776,-46.54999973252416,1.5442763802429842,-0.4692582443689856
-10.949999202042818,-46.54999973252416,1.5219175614308271,-0.45495097947870483
-10.999999202787876,-46.599999733269215,1.5464249456810573,-0.4915475990866628
-11.049999203532934,-46.599999733269215,1.5269916296512345,-0.4692582443689856
-11.099999204277992,-46.64999973401427,1.555705012769987,-0.4915475990866628
-11.199999205768108,-46.64999973401427,1.5219175614308271,-0.45000000372529025
-11.249999206513166,-46.69999973475933,1.5442763802429842,-0.4692582443689856
-11.299999207258224,-46.69999973475933,1.5219175614308271,-0.45000000372529025
-11.349999208003283,-46.74999973550439,1.5464249456810573,-0.4692582443689856
-11.39999920874834,-46.74999973550439,1.5269916296512345,-0.45495097947870483
-11.449999209493399,-46.79999973624945,1.555705012769987,-0.4915475990866628
-11.499999210238457,-46.79999973624945,1.5392527390094939,-0.4692582443689856
-11.549999210983515,-46.849999736994505,1.5670597310384706,-0.4915475990866628
-11.599999211728573,-46.849999736994505,1.5442763802429842,-0.4692582443689856
-11.649999212473631,-46.89999973773956,1.5670597310384706,-0.4915475990866628
-11.749999213963747,-46.89999973773956,1.5219175614308271,-0.45000000372529025
-11.799999214708805,-46.94999973848462,1.5464249456810573,-0.4692582443689856
-11.849999215453863,-46.94999973848462,1.5269916296512345,-0.45495097947870483
-11.899999216198921,-46.99999973922968,1.555705012769987,-0.4915475990866628
-11.999999217689037,-46.99999973922968,1.5219175614308271,-0.45000000372529025
-12.049999218434095,-47.04999973997474,1.5442763802429842,-0.4692582443689856
-12.099999219179153,-47.04999973997474,1.5219175614308271,-0.45000000372529025
-12.149999219924212,-47.099999740719795,1.5442763802429842,-0.4692582443689856
-12.249999221414328,-47.099999740719795,1.500000025331974,-0.4236068010819799
-12.299999222159386,-47.14999974146485,1.5219175614308271,-0.45000000372529025
-12.399999223649502,-47.14999974146485,1.48077365644264,-0.4061552843528361
-12.44999922439456,-47.19999974220991,1.5088007745266214,-0.45000000372529025
-12.549999225884676,-47.19999974220991,1.476305486402919,-0.4061552843528361
-12.599999226629734,-47.24999974295497,1.5088007745266214,-0.4236068010819799
-12.69999922811985,-47.24999974295497,1.476305486402919,-0.38027756645954447
-12.749999228864908,-47.29999974370003,1.5007351605124235,-0.4061552843528361
-12.899999231100082,-47.29999974370003,1.4446884448476198,-0.3581138853644994
-12.94999923184514,-47.349999744445086,1.476305486402919,-0.38027756645954447
-13.49999924004078,-47.349999744445086,1.318222667692178,-0.2
-13.549999240785837,-47.399999745190144,1.3524174927588255,-0.25000000074505807
-14.549999255686998,-47.399999745190144,1.2000000208616257,-0.09999999850988388
-14.599999256432056,-47.349999744445086,1.1500000201165677,-0.04999999776482582
-15.099999263882637,-47.349999744445086,1.1500000201165677,-0.04999999776482582
-15.149999264627695,-47.29999974370003,1.1000000193715096,2.9802322387695306e-09
-15.29999926686287,-47.29999974370003,1.1000000193715096,2.9802322387695306e-09
-15.349999267607927,-47.24999974295497,1.0500000186264515,0.0500000037252903
-15.499999269843102,-47.24999974295497,1.0500000186264515,0.0500000037252903
-15.54999927058816,-47.19999974220991,1.0000000178813935,0.10000000447034836
-15.649999272078276,-47.19999974220991,1.0000000178813935,0.10000000447034836
-15.699999272823334,-47.14999974146485,0.9510864604746585,0.1500000052154064
-15.749999273568392,-47.14999974146485,0.9543396552625206,0.1500000052154064
-15.79999927431345,-47.099999740719795,0.9101801821016996,0.20000000596046447
-15.899999275803566,-47.099999740719795,0.9280514340771239,0.20000000596046447
-15.949999276548624,-47.04999973997474,0.8920164996643914,0.24721360216395982
-15.999999277293682,-47.04999973997474,0.9000000163912774,0.22720019363165536
-16.04999927803874,-46.99999973922968,0.8511898177453807,0.26097722973374027
-16.099999278783798,-46.99999973922968,0.8547511712034664,0.25276926365365854
-16.149999279528856,-46.94999973848462,0.8111874358757011,0.3000000074505806
-16.199999280273914,-46.94999973848462,0.8198039179148193,0.29244289742777607
-16.29999928176403,-46.849999736994505,0.7486833121869966,0.3590170027049498
-16.34999928250909,-46.849999736994505,0.7656604101808596,0.3522680590887983
-16.399999283254147,-46.79999973624945,0.7340770985323035,0.40000000894069676
-16.449999283999205,-46.79999973624945,0.7486833121869966,0.3852350042566623
-16.499999284744263,-46.74999973550439,0.7192388292402375,0.4184658530585083
-16.54999928548932,-46.74999973550439,0.7340770985323035,0.4082762620938444
-16.649999286979437,-46.64999973401427,0.6631338379432997,0.49641942423666396
-16.699999287724495,-46.64999973401427,0.6732124728405287,0.4800735355706574
-16.84999928995967,-46.4999997317791,0.5762087463794127,0.6015609890382593
-16.899999290704727,-46.4999997317791,0.590569426822497,0.5826238037869298
-17.399999298155308,-45.99999972432852,0.3830951981733255,0.8511898177453807
-17.399999298155308,-45.94999972358346,0.33851648873797124,0.8965856263134644
-17.699999302625656,-45.64999971911311,0.2301162697613631,0.9800423897045963
-17.699999302625656,-45.59999971836805,0.19051248961442216,1.0206555797625556
-17.799999304115772,-45.49999971687794,0.18078866096738858,1.0379418587607656
-17.799999304115772,-45.44999971613288,0.13541020162296988,1.0747548973935241
-17.949999306350946,-45.299999713897705,0.11622777072899887,1.0903488092840894
-17.949999306350946,-45.24999971315265,0.06925824436898563,1.1200378979145058
-18.049999307841063,-45.14999971166253,0.047487377103140875,1.1086252523302755
-18.049999307841063,-45.09999971091747,0.012132037516977877,1.1435029042741933
-18.14999930933118,-44.99999970942736,0.023606801081979916,1.1435029042741933
-18.14999930933118,-44.9499997086823,0.006155284352836106,1.1788582438603563
-18.199999310076237,-44.89999970793724,0.012132037516977877,1.1788582438603563
-18.199999310076237,-44.84999970719218,-0.02322330206918508,1.2142135834465193
-18.249999310821295,-44.799999706447124,-0.02322330206918508,1.2008925934871162
-18.249999310821295,-44.749999705702066,-0.05857864165534806,1.2300349859166906
-18.299999311566353,-44.69999970495701,-0.05857864165534806,1.2150971908950816
-18.299999311566353,-44.64999970421195,-0.09393398124151106,1.242220531676356
-18.39999931305647,-44.549999702721834,-0.09393398124151106,1.2150971908950816
-18.39999931305647,-44.499999701976776,-0.12928932082767405,1.242220531676356
-18.449999313801527,-44.44999970123172,-0.12928932082767405,1.2300349859166906
-18.449999313801527,-44.39999970048666,-0.14999999925494195,1.260308208411311
-18.499999314546585,-44.3499996997416,-0.12928932082767405,1.2534442070328695
-18.499999314546585,-44.299999698996544,-0.16464466041383702,1.2840822300801311
-18.549999315291643,-44.249999698251486,-0.14999999925494195,1.2705441388980891
-18.549999315291643,-44.19999969750643,-0.16464466041383702,1.3000000223517418
-18.5999993160367,-44.14999969676137,-0.16464466041383702,1.2840822300801311
-18.5999993160367,-44.09999969601631,-0.2,1.3116216683080153
-18.64999931678176,-44.049999695271254,-0.2,1.3000000223517418
-18.64999931678176,-43.999999694526196,-0.2,1.3264337749930102
-18.699999317526817,-43.94999969378114,-0.2,1.3116216683080153
-18.699999317526817,-43.89999969303608,-0.16464466041383702,1.3402922030270783
-18.749999318271875,-43.84999969229102,-0.2,1.3206906552346112
-18.749999318271875,-43.79999969154596,-0.16464466041383702,1.3435349270437755
-18.799999319016933,-43.749999690800905,-0.16464466041383702,1.3206906552346112
-18.799999319016933,-43.64999968931079,-0.12928932082767405,1.3652476075738595
-18.84999931976199,-43.59999968856573,-0.14999999925494195,1.3435349270437755
-18.84999931976199,-43.54999968782067,-0.12928932082767405,1.3652476075738595
-18.89999932050705,-43.499999687075615,-0.14999999925494195,1.3435349270437755
-18.89999932050705,-43.44999968633056,-0.12928932082767405,1.3652476075738595
-18.949999321252108,-43.3999996855855,-0.14999999925494195,1.3435349270437755
-18.949999321252108,-43.34999968484044,-0.12928932082767405,1.3652476075738595
-18.999999321997166,-43.29999968409538,-0.12928932082767405,1.3435349270437755
-18.999999321997166,-43.249999683350325,-0.09999999850988388,1.3652476075738595
-19.049999322742224,-43.19999968260527,-0.12928932082767405,1.3435349270437755
-19.049999322742224,-43.09999968111515,-0.08819659945901004,1.3882380410934498
-19.099999323487282,-43.04999968037009,-0.09999999850988388,1.3652476075738595
-19.099999323487282,-42.999999679625034,-0.08819659945901004,1.3882380410934498
-19.14999932423234,-42.949999678879976,-0.09999999850988388,1.3652476075738595
-19.14999932423234,-42.84999967738986,-0.05857864165534806,1.4101242428031824
-19.199999324977398,-42.7999996766448,-0.08819659945901004,1.3882380410934498
-19.199999324977398,-42.749999675899744,-0.05857864165534806,1.4101242428031824
-19.249999325722456,-42.699999675154686,-0.08819659945901004,1.3882380410934498
-19.249999325722456,-42.64999967440963,-0.05857864165534806,1.4124515736871104
-19.299999326467514,-42.59999967366457,-0.08819659945901004,1.3953056371262877
-19.299999326467514,-42.499999672174454,-0.041886114635500564,1.45075742652012
-19.349999327212572,-42.449999671429396,-0.05857864165534806,1.4324827960573399
-19.349999327212572,-42.39999967068434,-0.04999999776482582,1.4552945603904957
-19.39999932795763,-42.34999966993928,-0.08819659945901004,1.4286497717590054
-19.39999932795763,-42.24999966844916,-0.041886114635500564,1.4620770386263438
-19.449999328702688,-42.199999667704105,-0.05857864165534806,1.4347782967872762
-19.449999328702688,-42.14999966695905,-0.041886114635500564,1.4552945603904957
-19.499999329447746,-42.09999966621399,-0.05857864165534806,1.4286497717590054
-19.499999329447746,-42.04999966546893,-0.041886114635500564,1.4446884448476198
-19.549999330192804,-41.99999966472387,-0.05857864165534806,1.4155494662139136
-19.549999330192804,-41.89999966323376,-0.019722433540455508,1.4552945603904957
-19.599999330937862,-41.8499996624887,-0.04999999776482582,1.4286497717590054
-19.599999330937862,-41.79999966174364,-0.041886114635500564,1.4446884448476198
-19.64999933168292,-41.74999966099858,-0.05857864165534806,1.4155494662139136
-19.64999933168292,-41.64999965950847,-0.019722433540455508,1.4552945603904957
-19.69999933242798,-41.59999965876341,-0.041886114635500564,1.4286497717590054
-19.69999933242798,-41.54999965801835,-0.019722433540455508,1.4446884448476198
-19.749999333173037,-41.49999965727329,-0.041886114635500564,1.4155494662139136
-19.749999333173037,-41.399999655783176,0.006155284352836106,1.4552945603904957
-19.799999333918095,-41.34999965503812,-0.019722433540455508,1.4324827960573399
-19.799999333918095,-41.29999965429306,2.9802322387695306e-09,1.4552945603904957
-19.849999334663153,-41.249999653548,-0.041886114635500564,1.4286497717590054
-19.849999334663153,-41.149999652057886,0.006155284352836106,1.4620770386263438
-19.89999933540821,-41.09999965131283,-0.019722433540455508,1.4347782967872762
-19.89999933540821,-41.04999965056777,2.9802322387695306e-09,1.4552945603904957
-19.94999933615327,-40.99999964982271,-0.041886114635500564,1.4286497717590054
-19.94999933615327,-40.899999648332596,0.006155284352836106,1.4620770386263438
-19.999999336898327,-40.84999964758754,-0.019722433540455508,1.4347782967872762
-19.999999336898327,-40.79999964684248,0.006155284352836106,1.4552945603904957
-20.049999337643385,-40.74999964609742,-0.019722433540455508,1.4286497717590054
-20.049999337643385,-40.649999644607306,0.006155284352836106,1.4620770386263438
-20.099999338388443,-40.59999964386225,-0.019722433540455508,1.4347782967872762
-20.099999338388443,-40.54999964311719,0.006155284352836106,1.4552945603904957
-20.1499993391335,-40.49999964237213,-0.019722433540455508,1.4286497717590054
-20.1499993391335,-40.399999640882015,0.006155284352836106,1.4620770386263438
-20.19999933987856,-40.34999964013696,-0.019722433540455508,1.4347782967872762
-20.19999933987856,-40.2999996393919,0.006155284352836106,1.4552945603904957
-20.249999340623617,-40.24999963864684,-0.019722433540455508,1.4286497717590054
-20.249999340623617,-40.149999637156725,0.006155284352836106,1.4620770386263438
-20.299999341368675,-40.09999963641167,-0.019722433540455508,1.4347782967872762
-20.299999341368675,-40.04999963566661,0.006155284352836106,1.4552945603904957
-20.349999342113733,-39.99999963492155,-0.019722433540455508,1.4324827960573399
-20.349999342113733,-39.899999633431435,0.006155284352836106,1.476305486402919
-20.39999934285879,-39.84999963268638,-0.019722433540455508,1.4446884448476198
-20.39999934285879,-39.79999963194132,0.006155284352836106,1.4620770386263438
-20.44999934360385,-39.74999963119626,-0.019722433540455508,1.4347782967872762
-20.44999934360385,-39.6999996304512,2.9802322387695306e-09,1.4552945603904957
-20.499999344348907,-39.649999629706144,-0.041886114635500564,1.4286497717590054
-20.499999344348907,-39.54999962821603,0.006155284352836106,1.4620770386263438
-20.549999345093966,-39.49999962747097,-0.019722433540455508,1.4347782967872762
-20.549999345093966,-39.44999962672591,2.9802322387695306e-09,1.4552945603904957
-20.599999345839024,-39.399999625980854,-0.041886114635500564,1.4286497717590054
-20.599999345839024,-39.29999962449074,0.006155284352836106,1.4620770386263438
-20.64999934658408,-39.24999962374568,-0.019722433540455508,1.4347782967872762
-20.64999934658408,-39.19999962300062,2.9802322387695306e-09,1.4552945603904957
-20.69999934732914,-39.149999622255564,-0.041886114635500564,1.4286497717590054
-20.69999934732914,-39.04999962076545,0.006155284352836106,1.4620770386263438
-20.749999348074198,-38.99999962002039,-0.019722433540455508,1.4347782967872762
-20.749999348074198,-38.94999961927533,2.9802322387695306e-09,1.4552945603904957
-20.799999348819256,-38.89999961853027,-0.041886114635500564,1.4286497717590054
-20.799999348819256,-38.79999961704016,0.006155284352836106,1.4620770386263438
-20.849999349564314,-38.7499996162951,-0.019722433540455508,1.4347782967872762
-20.849999349564314,-38.69999961555004,2.9802322387695306e-09,1.4552945603904957
-20.899999350309372,-38.64999961480498,-0.041886114635500564,1.4286497717590054
-20.899999350309372,-38.54999961331487,0.006155284352836106,1.4620770386263438
-20.94999935105443,-38.49999961256981,-0.019722433540455508,1.4347782967872762
-20.94999935105443,-38.44999961182475,2.9802322387695306e-09,1.4552945603904957
-20.999999351799488,-38.39999961107969,-0.041886114635500564,1.4324827960573399
-20.999999351799488,-38.349999610334635,-0.019722433540455508,1.4552945603904957
-21.049999352544546,-38.29999960958958,-0.041886114635500564,1.4286497717590054
-21.049999352544546,-38.19999960809946,2.9802322387695306e-09,1.4620770386263438
-21.099999353289604,-38.1499996073544,-0.041886114635500564,1.4347782967872762
-21.099999353289604,-38.099999606609344,-0.019722433540455508,1.4552945603904957
-21.149999354034662,-38.049999605864286,-0.041886114635500564,1.4286497717590054
-21.149999354034662,-37.94999960437417,2.9802322387695306e-09,1.4620770386263438
-21.19999935477972,-37.89999960362911,-0.041886114635500564,1.4347782967872762
-21.19999935477972,-37.849999602884054,-0.019722433540455508,1.4552945603904957
-21.24999935552478,-37.799999602138996,-0.041886114635500564,1.4286497717590054
-21.24999935552478,-37.69999960064888,2.9802322387695306e-09,1.4620770386263438
-21.299999356269836,-37.64999959990382,-0.041886114635500564,1.4347782967872762
-21.299999356269836,-37.599999599158764,-0.019722433540455508,1.4552945603904957
-21.349999357014894,-37.549999598413706,-0.041886114635500564,1.4286497717590054
-21.349999357014894,-37.44999959692359,2.9802322387695306e-09,1.4620770386263438
-21.399999357759953,-37.39999959617853,-0.041886114635500564,1.4347782967872762
-21.399999357759953,-37.349999595433474,-0.019722433540455508,1.4552945603904957
-21.44999935850501,-37.299999594688416,-0.041886114635500564,1.4286497717590054
-21.44999935850501,-37.1999995931983,2.9802322387695306e-09,1.4620770386263438
-21.49999935925007,-37.14999959245324,-0.041886114635500564,1.4347782967872762
-21.49999935925007,-37.09999959170818,-0.019722433540455508,1.4552945603904957
-21.549999359995127,-37.049999590963125,-0.041886114635500564,1.4324827960573399
-21.549999359995127,-36.94999958947301,2.9802322387695306e-09,1.476305486402919
-21.599999360740185,-36.89999958872795,-0.041886114635500564,1.4446884448476198
-21.599999360740185,-36.84999958798289,-0.019722433540455508,1.4620770386263438
-21.649999361485243,-36.799999587237835,-0.041886114635500564,1.4347782967872762
-21.649999361485243,-36.69999958574772,2.9802322387695306e-09,1.476305486402919
-21.6999993622303,-36.64999958500266,-0.041886114635500564,1.4446884448476198
-21.6999993622303,-36.5999995842576,-0.019722433540455508,1.4620770386263438
-21.74999936297536,-36.549999583512545,-0.041886114635500564,1.4347782967872762
-21.74999936297536,-36.44999958202243,2.9802322387695306e-09,1.476305486402919
-21.799999363720417,-36.39999958127737,-0.041886114635500564,1.4446884448476198
-21.799999363720417,-36.34999958053231,-0.019722433540455508,1.4620770386263438
-21.849999364465475,-36.299999579787254,-0.041886114635500564,1.4347782967872762
-21.849999364465475,-36.19999957829714,2.9802322387695306e-09,1.476305486402919
-21.899999365210533,-36.14999957755208,-0.041886114635500564,1.4446884448476198
-21.899999365210533,-36.09999957680702,-0.019722433540455508,1.4620770386263438
-21.94999936595559,-36.049999576061964,-0.041886114635500564,1.4347782967872762
-21.94999936595559,-35.94999957457185,2.9802322387695306e-09,1.476305486402919
-21.99999936670065,-35.89999957382679,-0.041886114635500564,1.4446884448476198
-21.99999936670065,-35.84999957308173,-0.019722433540455508,1.4620770386263438
-22.049999367445707,-35.799999572336674,-0.041886114635500564,1.4347782967872762
-22.049999367445707,-35.749999571591616,-0.019722433540455508,1.4552945603904957
-22.099999368190765,-35.69999957084656,-0.04999999776482582,1.4324827960573399
-22.099999368190765,-35.59999956935644,-0.019722433540455508,1.476305486402919
-22.149999368935823,-35.54999956861138,-0.041886114635500564,1.4446884448476198
-22.149999368935823,-35.499999567866325,-0.019722433540455508,1.4620770386263438
-22.19999936968088,-35.44999956712127,-0.04999999776482582,1.4347782967872762
-22.19999936968088,-35.34999956563115,-0.019722433540455508,1.476305486402919
-22.24999937042594,-35.29999956488609,-0.041886114635500564,1.4446884448476198
-22.24999937042594,-35.249999564141035,-0.019722433540455508,1.4620770386263438
-22.299999371170998,-35.19999956339598,-0.04999999776482582,1.4347782967872762
-22.299999371170998,-35.09999956190586,-0.019722433540455508,1.476305486402919
-22.349999371916056,-35.0499995611608,-0.041886114635500564,1.4446884448476198
-22.349999371916056,-34.999999560415745,-0.019722433540455508,1.4620770386263438
-22.399999372661114,-34.94999955967069,-0.04999999776482582,1.4347782967872762
-22.399999372661114,-34.84999955818057,-0.019722433540455508,1.476305486402919
-22.449999373406172,-34.79999955743551,-0.041886114635500564,1.4446884448476198
-22.449999373406172,-34.749999556690454,-0.019722433540455508,1.4620770386263438
-22.49999937415123,-34.699999555945396,-0.04999999776482582,1.4347782967872762
-22.49999937415123,-34.59999955445528,-0.019722433540455508,1.476305486402919
-22.549999374896288,-34.54999955371022,-0.041886114635500564,1.4446884448476198
-22.549999374896288,-34.499999552965164,-0.019722433540455508,1.4620770386263438
-22.599999375641346,-34.449999552220106,-0.041886114635500564,1.4347782967872762
-22.599999375641346,-34.34999955072999,2.9802322387695306e-09,1.4770510081148494
-22.649999376386404,-34.29999954998493,-0.041886114635500564,1.4552945603904957
-22.649999376386404,-34.249999549239874,-0.019722433540455508,1.476305486402919
-22.699999377131462,-34.199999548494816,-0.041886114635500564,1.4446884448476198
-22.699999377131462,-34.0999995470047,2.9802322387695306e-09,1.48077365644264
-22.74999937787652,-34.04999954625964,-0.041886114635500564,1.4552945603904957
-22.74999937787652,-33.999999545514584,-0.019722433540455508,1.476305486402919
-22.799999378621578,-33.949999544769526,-0.041886114635500564,1.4446884448476198
-22.799999378621578,-33.84999954327941,2.9802322387695306e-09,1.48077365644264
-22.849999379366636,-33.79999954253435,-0.041886114635500564,1.4552945603904957
-22.849999379366636,-33.74999954178929,-0.019722433540455508,1.476305486402919
-22.899999380111694,-33.699999541044235,-0.041886114635500564,1.4446884448476198
-22.899999380111694,-33.59999953955412,2.9802322387695306e-09,1.48077365644264
-22.949999380856752,-33.54999953880906,-0.041886114635500564,1.4552945603904957
-22.949999380856752,-33.499999538064,-0.019722433540455508,1.476305486402919
-22.99999938160181,-33.449999537318945,-0.041886114635500564,1.4446884448476198
-22.99999938160181,-33.34999953582883,2.9802322387695306e-09,1.48077365644264
-23.04999938234687,-33.29999953508377,-0.041886114635500564,1.4552945603904957
-23.04999938234687,-33.24999953433871,-0.019722433540455508,1.476305486402919
-23.099999383091927,-33.199999533593655,-0.041886114635500564,1.4446884448476198
-23.099999383091927,-33.09999953210354,2.9802322387695306e-09,1.48077365644264
-23.149999383836985,-33.04999953135848,-0.041886114635500564,1.4552945603904957
-23.149999383836985,-32.99999953061342,-0.019722433540455508,1.476305486402919
-23.199999384582043,-32.949999529868364,-0.041886114635500564,1.4446884448476198
-23.199999384582043,-32.84999952837825,2.9802322387695306e-09,1.48077365644264
-23.2499993853271,-32.79999952763319,-0.041886114635500564,1.4552945603904957
-23.2499993853271,-32.74999952688813,-0.019722433540455508,1.4770510081148494
-23.29999938607216,-32.699999526143074,-0.041886114635500564,1.4552945603904957
-23.29999938607216,-32.59999952465296,2.9802322387695306e-09,1.491892456780025
-23.349999386817217,-32.5499995239079,-0.041886114635500564,1.4620770386263438
-23.349999386817217,-32.49999952316284,-0.019722433540455508,1.48077365644264
-23.399999387562275,-32.449999522417784,-0.041886114635500564,1.4552945603904957
-23.399999387562275,-32.34999952092767,2.9802322387695306e-09,1.491892456780025
-23.449999388307333,-32.29999952018261,-0.041886114635500564,1.4620770386263438
-23.449999388307333,-32.24999951943755,-0.019722433540455508,1.48077365644264
-23.49999938905239,-32.19999951869249,-0.041886114635500564,1.4552945603904957
-23.49999938905239,-32.09999951720238,2.9802322387695306e-09,1.491892456780025
-23.54999938979745,-32.04999951645732,-0.041886114635500564,1.4620770386263438
-23.54999938979745,-31.99999951571226,-0.019722433540455508,1.48077365644264
-23.599999390542507,-31.949999514967203,-0.041886114635500564,1.4552945603904957
-23.599999390542507,-31.849999513477087,2.9802322387695306e-09,1.491892456780025
-23.649999391287565,-31.79999951273203,-0.041886114635500564,1.4620770386263438
-23.649999391287565,-31.74999951198697,-0.019722433540455508,1.48077365644264
-23.699999392032623,-31.699999511241913,-0.041886114635500564,1.4552945603904957
-23.699999392032623,-31.599999509751797,2.9802322387695306e-09,1.491892456780025
-23.74999939277768,-31.54999950900674,-0.041886114635500564,1.4620770386263438
-23.74999939277768,-31.49999950826168,-0.019722433540455508,1.48077365644264
-23.79999939352274,-31.449999507516623,-0.041886114635500564,1.4552945603904957
-23.79999939352274,-31.349999506026506,2.9802322387695306e-09,1.500000025331974
-23.849999394267797,-31.29999950528145,-0.041886114635500564,1.476305486402919
-23.849999394267797,-31.24999950453639,-0.019722433540455508,1.491892456780025
-23.899999395012856,-31.199999503791332,-0.041886114635500564,1.4620770386263438
-23.899999395012856,-31.099999502301216,2.9802322387695306e-09,1.5007351605124235
-23.949999395757914,-31.049999501556158,-0.041886114635500564,1.476305486402919
-23.949999395757914,-30.9999995008111,-0.019722433540455508,1.491892456780025
-23.99999939650297,-30.949999500066042,-0.041886114635500564,1.4620770386263438
-23.99999939650297,-30.849999498575926,2.9802322387695306e-09,1.5007351605124235
-24.04999939724803,-30.799999497830868,-0.041886114635500564,1.476305486402919
-24.04999939724803,-30.74999949708581,-0.019722433540455508,1.491892456780025
-24.099999397993088,-30.69999949634075,-0.041886114635500564,1.4620770386263438
-24.099999397993088,-30.599999494850636,2.9802322387695306e-09,1.5007351605124235
-24.149999398738146,-30.549999494105577,-0.041886114635500564,1.476305486402919
-24.149999398738146,-30.49999949336052,-0.019722433540455508,1.491892456780025
-24.199999399483204,-30.44999949261546,-0.041886114635500564,1.4620770386263438
-24.199999399483204,-30.349999491125345,2.9802322387695306e-09,1.5007351605124235
-24.249999400228262,-30.299999490380287,-0.041886114635500564,1.476305486402919
-24.249999400228262,-30.24999948963523,-0.019722433540455508,1.491892456780025
-24.29999940097332,-30.19999948889017,-0.041886114635500564,1.4620770386263438
-24.29999940097332,-30.099999487400055,2.9802322387695306e-09,1.5007351605124235
-24.349999401718378,-30.049999486654997,-0.041886114635500564,1.4770510081148494
-24.349999401718378,-29.99999948590994,-0.019722433540455508,1.500000025331974
-24.399999402463436,-29.94999948516488,-0.041886114635500564,1.476305486402919
-24.399999402463436,-29.849999483674765,2.9802322387695306e-09,1.5088007745266214
-24.449999403208494,-29.799999482929707,-0.041886114635500564,1.48077365644264
-24.449999403208494,-29.74999948218465,-0.019722433540455508,1.5007351605124235
-24.499999403953552,-29.69999948143959,-0.041886114635500564,1.476305486402919
-24.499999403953552,-29.599999479949474,2.9802322387695306e-09,1.5088007745266214
-24.54999940469861,-29.549999479204416,-0.041886114635500564,1.48077365644264
-24.54999940469861,-29.499999478459358,-0.019722433540455508,1.5007351605124235
-24.59999940544367,-29.4499994777143,-0.041886114635500564,1.476305486402919
-24.59999940544367,-29.399999476969242,-0.019722433540455508,1.491892456780025
-24.649999406188726,-29.349999476224184,-0.04999999776482582,1.4620770386263438
-24.649999406188726,-29.249999474734068,-0.019722433540455508,1.5007351605124235
-24.699999406933784,-29.19999947398901,-0.041886114635500564,1.476305486402919
-24.699999406933784,-29.149999473243952,-0.019722433540455508,1.491892456780025
-24.749999407678843,-29.099999472498894,-0.04999999776482582,1.4620770386263438
-24.749999407678843,-28.999999471008778,-0.019722433540455508,1.5007351605124235
-24.7999994084239,-28.94999947026372,-0.041886114635500564,1.476305486402919
-24.7999994084239,-28.89999946951866,-0.019722433540455508,1.491892456780025
-24.84999940916896,-28.849999468773603,-0.04999999776482582,1.4620770386263438
-24.84999940916896,-28.749999467283487,-0.019722433540455508,1.5007351605124235
-24.899999409914017,-28.69999946653843,-0.041886114635500564,1.476305486402919
-24.899999409914017,-28.64999946579337,-0.019722433540455508,1.491892456780025
-24.949999410659075,-28.599999465048313,-0.04999999776482582,1.4620770386263438
-24.949999410659075,-28.499999463558197,-0.019722433540455508,1.5007351605124235
-24.999999411404133,-28.44999946281314,-0.041886114635500564,1.4770510081148494
-24.999999411404133,-28.39999946206808,-0.019722433540455508,1.500000025331974
-25.04999941214919,-28.349999461323023,-0.04999999776482582,1.476305486402919
-25.04999941214919,-28.249999459832907,-0.019722433540455508,1.5088007745266214
-25.09999941289425,-28.19999945908785,-0.041886114635500564,1.48077365644264
-25.09999941289425,-28.14999945834279,-0.019722433540455508,1.5007351605124235
-25.149999413639307,-28.099999457597733,-0.041886114635500564,1.476305486402919
-25.149999413639307,-27.999999456107616,2.9802322387695306e-09,1.5088007745266214
-25.199999414384365,-27.94999945536256,-0.041886114635500564,1.48077365644264
-25.199999414384365,-27.8999994546175,-0.019722433540455508,1.5007351605124235
-25.249999415129423,-27.849999453872442,-0.041886114635500564,1.476305486402919
-25.249999415129423,-27.749999452382326,2.9802322387695306e-09,1.5088007745266214
-25.29999941587448,-27.699999451637268,-0.041886114635500564,1.48077365644264
-25.29999941587448,-27.64999945089221,-0.019722433540455508,1.5007351605124235
-25.34999941661954,-27.599999450147152,-0.041886114635500564,1.476305486402919
-25.34999941661954,-27.499999448657036,2.9802322387695306e-09,1.5088007745266214
-25.399999417364597,-27.449999447911978,-0.041886114635500564,1.48077365644264
-25.399999417364597,-27.39999944716692,-0.019722433540455508,1.5007351605124235
-25.449999418109655,-27.34999944642186,-0.041886114635500564,1.476305486402919
-25.449999418109655,-27.249999444931746,2.9802322387695306e-09,1.5088007745266214
-25.499999418854713,-27.199999444186687,-0.041886114635500564,1.48077365644264
-25.499999418854713,-27.14999944344163,-0.019722433540455508,1.5007351605124235
-25.54999941959977,-27.09999944269657,-0.041886114635500564,1.4770510081148494
-25.54999941959977,-26.999999441206455,2.9802322387695306e-09,1.5219175614308271
-25.59999942034483,-26.949999440461397,-0.041886114635500564,1.491892456780025
-25.59999942034483,-26.89999943971634,-0.019722433540455508,1.5088007745266214
-25.649999421089888,-26.84999943897128,-0.041886114635500564,1.48077365644264
-25.649999421089888,-26.749999437481165,2.9802322387695306e-09,1.5219175614308271
-25.699999421834946,-26.699999436736107,-0.041886114635500564,1.491892456780025
-25.699999421834946,-26.64999943599105,-0.019722433540455508,1.5088007745266214
-25.749999422580004,-26.59999943524599,-0.041886114635500564,1.48077365644264
-25.749999422580004,-26.499999433755875,2.9802322387695306e-09,1.5219175614308271
-25.799999423325062,-26.449999433010817,-0.041886114635500564,1.491892456780025
-25.799999423325062,-26.39999943226576,-0.019722433540455508,1.5088007745266214
-25.84999942407012,-26.3499994315207,-0.041886114635500564,1.48077365644264
-25.84999942407012,-26.249999430030584,2.9802322387695306e-09,1.5219175614308271
-25.899999424815178,-26.199999429285526,-0.041886114635500564,1.491892456780025
-25.899999424815178,-26.149999428540468,-0.019722433540455508,1.5088007745266214
-25.949999425560236,-26.09999942779541,-0.041886114635500564,1.48077365644264
-25.949999425560236,-25.999999426305294,2.9802322387695306e-09,1.5219175614308271
-25.999999426305294,-25.949999425560236,-0.041886114635500564,1.491892456780025
-25.999999426305294,-25.899999424815178,-0.019722433540455508,1.5088007745266214
-26.049999427050352,-25.84999942407012,-0.041886114635500564,1.48077365644264
-26.049999427050352,-25.749999422580004,2.9802322387695306e-09,1.5219175614308271
-26.09999942779541,-25.699999421834946,-0.041886114635500564,1.500000025331974
-26.09999942779541,-25.649999421089888,-0.019722433540455508,1.5219175614308271
-26.149999428540468,-25.59999942034483,-0.041886114635500564,1.491892456780025
-26.149999428540468,-25.499999418854713,2.9802322387695306e-09,1.5269916296512345
-26.199999429285526,-25.449999418109655,-0.041886114635500564,1.5007351605124235
-26.199999429285526,-25.399999417364597,-0.019722433540455508,1.5219175614308271
-26.249999430030584,-25.34999941661954,-0.041886114635500564,1.491892456780025
-26.249999430030584,-25.249999415129423,2.9802322387695306e-09,1.5269916296512345
-26.299999430775642,-25.199999414384365,-0.041886114635500564,1.5007351605124235
-26.299999430775642,-25.149999413639307,-0.019722433540455508,1.5219175614308271
-26.3499994315207,-25.09999941289425,-0.041886114635500564,1.491892456780025
-26.3499994315207,-24.999999411404133,2.9802322387695306e-09,1.5269916296512345
-26.39999943226576,-24.949999410659075,-0.041886114635500564,1.5007351605124235
-26.39999943226576,-24.899999409914017,-0.019722433540455508,1.5219175614308271
-26.449999433010817,-24.84999940916896,-0.041886114635500564,1.491892456780025
-26.449999433010817,-24.749999407678843,2.9802322387695306e-09,1.5269916296512345
-26.499999433755875,-24.699999406933784,-0.041886114635500564,1.5007351605124235
-26.499999433755875,-24.649999406188726,-0.019722433540455508,1.5219175614308271
-26.549999434500933,-24.59999940544367,-0.041886114635500564,1.491892456780025
-26.549999434500933,-24.499999403953552,2.9802322387695306e-09,1.5269916296512345
-26.59999943524599,-24.449999403208494,-0.041886114635500564,1.5007351605124235
-26.59999943524599,-24.399999402463436,-0.019722433540455508,1.5219175614308271
-26.64999943599105,-24.349999401718378,-0.041886114635500564,1.500000025331974
-26.64999943599105,-24.249999400228262,2.9802322387695306e-09,1.5392527390094939
-26.699999436736107,-24.199999399483204,-0.041886114635500564,1.5088007745266214
-26.699999436736107,-24.149999398738146,-0.019722433540455508,1.5269916296512345
-26.749999437481165,-24.099999397993088,-0.041886114635500564,1.5007351605124235
-26.749999437481165,-24.04999939724803,-0.019722433540455508,1.5219175614308271
-26.799999438226223,-23.99999939650297,-0.04999999776482582,1.491892456780025
-26.799999438226223,-23.899999395012856,-0.019722433540455508,1.5269916296512345
-26.84999943897128,-23.849999394267797,-0.041886114635500564,1.5007351605124235
-26.84999943897128,-23.79999939352274,-0.019722433540455508,1.5219175614308271
-26.89999943971634,-23.74999939277768,-0.04999999776482582,1.491892456780025
-26.89999943971634,-23.649999391287565,-0.019722433540455508,1.5269916296512345
-26.949999440461397,-23.599999390542507,-0.041886114635500564,1.5007351605124235
-26.949999440461397,-23.54999938979745,-0.019722433540455508,1.5219175614308271
-26.999999441206455,-23.49999938905239,-0.04999999776482582,1.491892456780025
-26.999999441206455,-23.399999387562275,-0.019722433540455508,1.5269916296512345
-27.049999441951513,-23.349999386817217,-0.041886114635500564,1.5007351605124235
-27.049999441951513,-23.29999938607216,-0.019722433540455508,1.5219175614308271
-27.09999944269657,-23.2499993853271,-0.04999999776482582,1.491892456780025
-27.09999944269657,-23.149999383836985,-0.019722433540455508,1.5269916296512345
-27.14999944344163,-23.099999383091927,-0.041886114635500564,1.5007351605124235
-27.14999944344163,-23.04999938234687,-0.019722433540455508,1.5219175614308271
-27.199999444186687,-22.99999938160181,-0.04999999776482582,1.491892456780025
-27.199999444186687,-22.899999380111694,-0.019722433540455508,1.5269916296512345
-27.249999444931746,-22.849999379366636,-0.041886114635500564,1.5007351605124235
-27.249999444931746,-22.799999378621578,-0.019722433540455508,1.5219175614308271
-27.299999445676804,-22.74999937787652,-0.04999999776482582,1.500000025331974
-27.299999445676804,-22.699999377131462,-0.041886114635500564,1.5219175614308271
-27.34999944642186,-22.649999376386404,-0.05857864165534806,1.491892456780025
-27.34999944642186,-22.549999374896288,-0.019722433540455508,1.5269916296512345
-27.39999944716692,-22.49999937415123,-0.04999999776482582,1.5007351605124235
-27.39999944716692,-22.449999373406172,-0.041886114635500564,1.5219175614308271
-27.449999447911978,-22.399999372661114,-0.05857864165534806,1.491892456780025
-27.449999447911978,-22.299999371170998,-0.019722433540455508,1.5269916296512345
-27.499999448657036,-22.24999937042594,-0.04999999776482582,1.5007351605124235
-27.499999448657036,-22.19999936968088,-0.041886114635500564,1.5219175614308271
-27.549999449402094,-22.149999368935823,-0.05857864165534806,1.491892456780025
-27.549999449402094,-22.049999367445707,-0.019722433540455508,1.5269916296512345
-27.599999450147152,-21.99999936670065,-0.04999999776482582,1.5007351605124235
-27.599999450147152,-21.94999936595559,-0.041886114635500564,1.5219175614308271
-27.64999945089221,-21.899999365210533,-0.05857864165534806,1.491892456780025
-27.64999945089221,-21.799999363720417,-0.019722433540455508,1.5269916296512345
-27.699999451637268,-21.74999936297536,-0.04999999776482582,1.5007351605124235
-27.699999451637268,-21.6999993622303,-0.041886114635500564,1.5219175614308271
-27.749999452382326,-21.649999361485243,-0.05857864165534806,1.491892456780025
-27.749999452382326,-21.549999359995127,-0.019722433540455508,1.5269916296512345
-27.799999453127384,-21.49999935925007,-0.041886114635500564,1.5007351605124235
-27.799999453127384,-21.44999935850501,-0.019722433540455508,1.5219175614308271
-27.849999453872442,-21.399999357759953,-0.04999999776482582,1.500000025331974
-27.849999453872442,-21.299999356269836,-0.019722433540455508,1.5392527390094939
-27.8999994546175,-21.24999935552478,-0.041886114635500564,1.5088007745266214
-27.8999994546175,-21.19999935477972,-0.019722433540455508,1.5269916296512345
-27.94999945536256,-21.149999354034662,-0.04999999776482582,1.5007351605124235
-27.94999945536256,-21.049999352544546,-0.019722433540455508,1.5392527390094939
-27.999999456107616,-20.999999351799488,-0.041886114635500564,1.5088007745266214
-27.999999456107616,-20.94999935105443,-0.019722433540455508,1.5269916296512345
-28.049999456852674,-20.899999350309372,-0.04999999776482582,1.5007351605124235
-28.049999456852674,-20.799999348819256,-0.019722433540455508,1.5392527390094939
-28.099999457597733,-20.749999348074198,-0.041886114635500564,1.5088007745266214
-28.099999457597733,-20.69999934732914,-0.019722433540455508,1.5269916296512345
-28.14999945834279,-20.64999934658408,-0.04999999776482582,1.5007351605124235
-28.14999945834279,-20.549999345093966,-0.019722433540455508,1.5392527390094939
-28.19999945908785,-20.499999344348907,-0.041886114635500564,1.5088007745266214
-28.19999945908785,-20.44999934360385,-0.019722433540455508,1.5269916296512345
-28.249999459832907,-20.39999934285879,-0.04999999776482582,1.5007351605124235
-28.249999459832907,-20.299999341368675,-0.019722433540455508,1.5392527390094939
-28.299999460577965,-20.249999340623617,-0.041886114635500564,1.5088007745266214
-28.299999460577965,-20.19999933987856,-0.019722433540455508,1.5269916296512345
-28.349999461323023,-20.1499993391335,-0.04999999776482582,1.5007351605124235
-28.349999461323023,-20.049999337643385,-0.019722433540455508,1.5442763802429842
-28.39999946206808,-19.999999336898327,-0.041886114635500564,1.5219175614308271
-28.39999946206808,-19.94999933615327,-0.019722433540455508,1.5392527390094939
-28.44999946281314,-19.89999933540821,-0.04999999776482582,1.5088007745266214
-28.44999946281314,-19.799999333918095,-0.019722433540455508,1.5464249456810573
-28.499999463558197,-19.749999333173037,-0.041886114635500564,1.5219175614308271
-28.499999463558197,-19.69999933242798,-0.019722433540455508,1.5392527390094939
-28.549999464303255,-19.64999933168292,-0.04999999776482582,1.5088007745266214
-28.549999464303255,-19.549999330192804,-0.019722433540455508,1.5464249456810573
-28.599999465048313,-19.499999329447746,-0.041886114635500564,1.5219175614308271
-28.599999465048313,-19.449999328702688,-0.019722433540455508,1.5392527390094939
-28.64999946579337,-19.39999932795763,-0.04999999776482582,1.5088007745266214
-28.64999946579337,-19.299999326467514,-0.019722433540455508,1.5464249456810573
-28.69999946653843,-19.249999325722456,-0.041886114635500564,1.5219175614308271
-28.69999946653843,-19.199999324977398,-0.019722433540455508,1.5392527390094939
-28.749999467283487,-19.14999932423234,-0.04999999776482582,1.5088007745266214
-28.749999467283487,-19.049999322742224,-0.019722433540455508,1.5464249456810573
-28.799999468028545,-18.999999321997166,-0.041886114635500564,1.5219175614308271
-28.799999468028545,-18.949999321252108,-0.019722433540455508,1.5392527390094939
-28.849999468773603,-18.89999932050705,-0.04999999776482582,1.5088007745266214
-28.849999468773603,-18.799999319016933,-0.019722433540455508,1.5464249456810573
-28.89999946951866,-18.749999318271875,-0.041886114635500564,1.5219175614308271
-28.89999946951866,-18.699999317526817,-0.019722433540455508,1.5392527390094939
-28.94999947026372,-18.64999931678176,-0.04999999776482582,1.5088007745266214
-28.94999947026372,-18.549999315291643,-0.019722433540455508,1.5464249456810573
-28.999999471008778,-18.499999314546585,-0.041886114635500564,1.5219175614308271
-28.999999471008778,-18.449999313801527,-0.019722433540455508,1.5442763802429842
-29.049999471753836,-18.39999931305647,-0.04999999776482582,1.5219175614308271
-29.049999471753836,-18.34999931231141,-0.041886114635500564,1.5392527390094939
-29.099999472498894,-18.299999311566353,-0.05857864165534806,1.5088007745266214
-29.099999472498894,-18.199999310076237,-0.019722433540455508,1.5464249456810573
-29.149999473243952,-18.14999930933118,-0.04999999776482582,1.5219175614308271
-29.149999473243952,-18.09999930858612,-0.041886114635500564,1.5392527390094939
-29.19999947398901,-18.049999307841063,-0.05857864165534806,1.5088007745266214
-29.19999947398901,-17.949999306350946,-0.019722433540455508,1.5464249456810573
-29.249999474734068,-17.89999930560589,-0.04999999776482582,1.5219175614308271
-29.249999474734068,-17.84999930486083,-0.041886114635500564,1.5392527390094939
-29.299999475479126,-17.799999304115772,-0.05857864165534806,1.5088007745266214
-29.299999475479126,-17.699999302625656,-0.019722433540455508,1.5464249456810573
-29.349999476224184,-17.649999301880598,-0.04999999776482582,1.5219175614308271
-29.349999476224184,-17.59999930113554,-0.041886114635500564,1.5392527390094939
-29.399999476969242,-17.549999300390482,-0.05857864165534806,1.5088007745266214
-29.399999476969242,-17.449999298900366,-0.019722433540455508,1.5464249456810573
-29.4499994777143,-17.399999298155308,-0.04999999776482582,1.5219175614308271
-29.4499994777143,-17.34999929741025,-0.041886114635500564,1.5392527390094939
-29.499999478459358,-17.29999929666519,-0.05857864165534806,1.5088007745266214
-29.499999478459358,-17.199999295175076,-0.019722433540455508,1.5464249456810573
-29.549999479204416,-17.149999294430017,-0.04999999776482582,1.5219175614308271
-29.549999479204416,-17.09999929368496,-0.041886114635500564,1.5442763802429842
-29.599999479949474,-17.0499992929399,-0.05857864165534806,1.5219175614308271
-29.599999479949474,-16.949999291449785,-0.019722433540455508,1.555705012769987
-29.649999480694532,-16.899999290704727,-0.04999999776482582,1.5269916296512345
-29.649999480694532,-16.84999928995967,-0.041886114635500564,1.5464249456810573
-29.69999948143959,-16.79999928921461,-0.05857864165534806,1.5219175614308271
-29.69999948143959,-16.699999287724495,-0.019722433540455508,1.555705012769987
-29.74999948218465,-16.649999286979437,-0.04999999776482582,1.5269916296512345
-29.74999948218465,-16.59999928623438,-0.041886114635500564,1.5464249456810573
-29.799999482929707,-16.54999928548932,-0.05857864165534806,1.5219175614308271
-29.799999482929707,-16.499999284744263,-0.041886114635500564,1.5392527390094939
-29.849999483674765,-16.449999283999205,-0.05857864165534806,1.5088007745266214
-29.849999483674765,-16.34999928250909,-0.041886114635500564,1.5464249456810573
-29.899999484419823,-16.29999928176403,-0.05857864165534806,1.5219175614308271
-29.899999484419823,-16.249999281018972,-0.041886114635500564,1.5392527390094939
-29.94999948516488,-16.199999280273914,-0.05857864165534806,1.5088007745266214
-29.94999948516488,-16.099999278783798,-0.041886114635500564,1.5464249456810573
-29.99999948590994,-16.04999927803874,-0.05857864165534806,1.5219175614308271
-29.99999948590994,-15.999999277293682,-0.041886114635500564,1.5392527390094939
-30.049999486654997,-15.949999276548624,-0.05857864165534806,1.5088007745266214
-30.049999486654997,-15.849999275058508,-0.041886114635500564,1.5464249456810573
-30.099999487400055,-15.79999927431345,-0.05857864165534806,1.5219175614308271
-30.099999487400055,-15.749999273568392,-0.041886114635500564,1.5442763802429842
-30.149999488145113,-15.699999272823334,-0.05857864165534806,1.5219175614308271
-30.149999488145113,-15.599999271333218,-0.041886114635500564,1.555705012769987
-30.19999948889017,-15.54999927058816,-0.05857864165534806,1.5269916296512345
-30.19999948889017,-15.499999269843102,-0.041886114635500564,1.5464249456810573
-30.24999948963523,-15.449999269098043,-0.05857864165534806,1.5219175614308271
-30.24999948963523,-15.349999267607927,-0.041886114635500564,1.555705012769987
-30.299999490380287,-15.29999926686287,-0.05857864165534806,1.5269916296512345
-30.299999490380287,-15.249999266117811,-0.041886114635500564,1.5464249456810573
-30.349999491125345,-15.199999265372753,-0.05857864165534806,1.5219175614308271
-30.349999491125345,-15.099999263882637,-0.019722433540455508,1.555705012769987
-30.399999491870403,-15.049999263137579,-0.04999999776482582,1.5269916296512345
-30.399999491870403,-14.999999262392521,-0.041886114635500564,1.5464249456810573
-30.44999949261546,-14.949999261647463,-0.05857864165534806,1.5219175614308271
-30.44999949261546,-14.849999260157347,-0.019722433540455508,1.555705012769987
-30.49999949336052,-14.799999259412289,-0.04999999776482582,1.5269916296512345
-30.49999949336052,-14.74999925866723,-0.041886114635500564,1.5464249456810573
-30.549999494105577,-14.699999257922173,-0.05857864165534806,1.5219175614308271
-30.549999494105577,-14.599999256432056,-0.019722433540455508,1.555705012769987
-30.599999494850636,-14.549999255686998,-0.04999999776482582,1.5269916296512345
-30.599999494850636,-14.49999925494194,-0.041886114635500564,1.5464249456810573
-30.649999495595694,-14.449999254196882,-0.05857864165534806,1.5219175614308271
-30.649999495595694,-14.349999252706766,-0.019722433540455508,1.5670597310384706
-30.69999949634075,-14.299999251961708,-0.04999999776482582,1.5392527390094939
-30.69999949634075,-14.24999925121665,-0.041886114635500564,1.555705012769987
-30.74999949708581,-14.199999250471592,-0.05857864165534806,1.5269916296512345
-30.74999949708581,-14.099999248981476,-0.019722433540455508,1.5670597310384706
-30.799999497830868,-14.049999248236418,-0.04999999776482582,1.5392527390094939
-30.799999497830868,-13.99999924749136,-0.041886114635500564,1.555705012769987
-30.849999498575926,-13.949999246746302,-0.05857864165534806,1.5269916296512345
-30.849999498575926,-13.849999245256186,-0.019722433540455508,1.5670597310384706
-30.899999499320984,-13.799999244511127,-0.04999999776482582,1.5392527390094939
-30.899999499320984,-13.74999924376607,-0.041886114635500564,1.555705012769987
-30.949999500066042,-13.699999243021011,-0.05857864165534806,1.5269916296512345
-30.949999500066042,-13.599999241530895,-0.019722433540455508,1.5670597310384706
-30.9999995008111,-13.549999240785837,-0.04999999776482582,1.5392527390094939
-30.9999995008111,-13.49999924004078,-0.041886114635500564,1.555705012769987
-31.049999501556158,-13.449999239295721,-0.05857864165534806,1.5269916296512345
-31.049999501556158,-13.349999237805605,-0.019722433540455508,1.5670597310384706
-31.099999502301216,-13.299999237060547,-0.04999999776482582,1.5392527390094939
-31.099999502301216,-13.249999236315489,-0.041886114635500564,1.555705012769987
-31.149999503046274,-13.19999923557043,-0.05857864165534806,1.5269916296512345
-31.149999503046274,-13.099999234080315,-0.019722433540455508,1.5670597310384706
-31.199999503791332,-13.049999233335257,-0.04999999776482582,1.5392527390094939
-31.199999503791332,-12.999999232590199,-0.041886114635500564,1.555705012769987
-31.24999950453639,-12.94999923184514,-0.05857864165534806,1.5269916296512345
-31.24999950453639,-12.849999230355024,-0.019722433540455508,1.5670597310384706
-31.29999950528145,-12.799999229609966,-0.04999999776482582,1.5442763802429842
-31.29999950528145,-12.749999228864908,-0.041886114635500564,1.5670597310384706
-31.349999506026506,-12.69999922811985,-0.05857864165534806,1.5392527390094939
-31.349999506026506,-12.649999227374792,-0.041886114635500564,1.555705012769987
-31.399999506771564,-12.599999226629734,-0.05857864165534806,1.5269916296512345
-31.399999506771564,-12.499999225139618,-0.041886114635500564,1.5670597310384706
-31.449999507516623,-12.44999922439456,-0.05857864165534806,1.5392527390094939
-31.449999507516623,-12.399999223649502,-0.041886114635500564,1.555705012769987
-31.49999950826168,-12.349999222904444,-0.05857864165534806,1.5269916296512345
-31.49999950826168,-12.249999221414328,-0.041886114635500564,1.5670597310384706
-31.54999950900674,-12.19999922066927,-0.05857864165534806,1.5392527390094939
-31.54999950900674,-12.149999219924212,-0.041886114635500564,1.555705012769987
-31.599999509751797,-12.099999219179153,-0.05857864165534806,1.5269916296512345
-31.599999509751797,-11.999999217689037,-0.041886114635500564,1.5670597310384706
-31.649999510496855,-11.94999921694398,-0.05857864165534806,1.5392527390094939
-31.649999510496855,-11.899999216198921,-0.041886114635500564,1.555705012769987
-31.699999511241913,-11.849999215453863,-0.05857864165534806,1.5269916296512345
-31.699999511241913,-11.749999213963747,-0.041886114635500564,1.5670597310384706
-31.74999951198697,-11.699999213218689,-0.05857864165534806,1.5392527390094939
-31.74999951198697,-11.649999212473631,-0.041886114635500564,1.555705012769987
-31.79999951273203,-11.599999211728573,-0.05857864165534806,1.5269916296512345
-31.79999951273203,-11.499999210238457,-0.041886114635500564,1.5670597310384706
-31.849999513477087,-11.449999209493399,-0.05857864165534806,1.5442763802429842
-31.849999513477087,-11.39999920874834,-0.041886114635500564,1.5670597310384706
-31.899999514222145,-11.349999208003283,-0.05857864165534806,1.5392527390094939
-31.899999514222145,-11.249999206513166,-0.041886114635500564,1.5734148115227595
-31.949999514967203,-11.199999205768108,-0.05857864165534806,1.5464249456810573
-31.949999514967203,-11.14999920502305,-0.041886114635500564,1.5670597310384706
-31.99999951571226,-11.099999204277992,-0.05857864165534806,1.5392527390094939
-31.99999951571226,-10.999999202787876,-0.041886114635500564,1.5734148115227595
-32.04999951645732,-10.949999202042818,-0.05857864165534806,1.5464249456810573
-32.04999951645732,-10.89999920129776,-0.041886114635500564,1.5670597310384706
-32.09999951720238,-10.849999200552702,-0.05857864165534806,1.5392527390094939
-32.09999951720238,-10.749999199062586,-0.041886114635500564,1.5734148115227595
-32.149999517947435,-10.699999198317528,-0.05857864165534806,1.5464249456810573
-32.149999517947435,-10.64999919757247,-0.041886114635500564,1.5670597310384706
-32.19999951869249,-10.599999196827412,-0.05857864165534806,1.5392527390094939
-32.19999951869249,-10.499999195337296,-0.041886114635500564,1.5734148115227595
-32.24999951943755,-10.449999194592237,-0.05857864165534806,1.5464249456810573
-32.24999951943755,-10.39999919384718,-0.041886114635500564,1.5670597310384706
-32.29999952018261,-10.349999193102121,-0.05857864165534806,1.5392527390094939
-32.29999952018261,-10.299999192357063,-0.04999999776482582,1.555705012769987
-32.34999952092767,-10.249999191612005,-0.08819659945901004,1.5269916296512345
-32.34999952092767,-10.14999919012189,-0.041886114635500564,1.5670597310384706
-32.399999521672726,-10.099999189376831,-0.05857864165534806,1.5442763802429842
-32.399999521672726,-10.049999188631773,-0.04999999776482582,1.5670597310384706
-32.449999522417784,-9.999999187886715,-0.08819659945901004,1.5392527390094939
-32.449999522417784,-9.899999186396599,-0.041886114635500564,1.5734148115227595
-32.49999952316284,-9.84999918565154,-0.05857864165534806,1.5464249456810573
-32.49999952316284,-9.799999184906483,-0.04999999776482582,1.5670597310384706
-32.5499995239079,-9.749999184161425,-0.08819659945901004,1.5392527390094939
-32.5499995239079,-9.649999182671309,-0.041886114635500564,1.5734148115227595
-32.59999952465296,-9.59999918192625,-0.05857864165534806,1.5464249456810573
-32.59999952465296,-9.549999181181192,-0.04999999776482582,1.5670597310384706
-32.649999525398016,-9.499999180436134,-0.08819659945901004,1.5392527390094939
-32.649999525398016,-9.399999178946018,-0.041886114635500564,1.5734148115227595
-32.699999526143074,-9.34999917820096,-0.05857864165534806,1.5464249456810573
-32.699999526143074,-9.299999177455902,-0.04999999776482582,1.5670597310384706
-32.74999952688813,-9.249999176710844,-0.08819659945901004,1.5392527390094939
-32.74999952688813,-9.149999175220728,-0.041886114635500564,1.5734148115227595
-32.79999952763319,-9.09999917447567,-0.05857864165534806,1.5464249456810573
-32.79999952763319,-9.049999173730612,-0.041886114635500564,1.5670597310384706
-32.84999952837825,-8.999999172985554,-0.05857864165534806,1.5392527390094939
-32.84999952837825,-8.899999171495438,-0.041886114635500564,1.5734148115227595
-32.899999529123306,-8.84999917075038,-0.05857864165534806,1.5464249456810573
-32.899999529123306,-8.799999170005322,-0.041886114635500564,1.5670597310384706
-32.949999529868364,-8.749999169260263,-0.05857864165534806,1.5392527390094939
-32.949999529868364,-8.649999167770147,-0.041886114635500564,1.5734148115227595
-32.99999953061342,-8.59999916702509,-0.05857864165534806,1.5464249456810573
-32.99999953061342,-8.549999166280031,-0.041886114635500564,1.5670597310384706
-33.04999953135848,-8.499999165534973,-0.05857864165534806,1.5442763802429842
-33.04999953135848,-8.399999164044857,-0.041886114635500564,1.5867568651453154
-33.09999953210354,-8.349999163299799,-0.05857864165534806,1.555705012769987
-33.09999953210354,-8.299999162554741,-0.041886114635500564,1.5734148115227595
-33.1499995328486,-8.249999161809683,-0.05857864165534806,1.5464249456810573
-33.1499995328486,-8.149999160319567,-0.041886114635500564,1.5867568651453154
-33.199999533593655,-8.099999159574509,-0.05857864165534806,1.555705012769987
-33.199999533593655,-8.04999915882945,-0.041886114635500564,1.5734148115227595
-33.24999953433871,-7.9999991580843925,-0.05857864165534806,1.5464249456810573
-33.24999953433871,-7.899999156594276,-0.041886114635500564,1.5867568651453154
-33.29999953508377,-7.849999155849218,-0.05857864165534806,1.555705012769987
-33.29999953508377,-7.79999915510416,-0.041886114635500564,1.5734148115227595
-33.34999953582883,-7.749999154359102,-0.05857864165534806,1.5464249456810573
-33.34999953582883,-7.649999152868986,-0.041886114635500564,1.5867568651453154
-33.39999953657389,-7.599999152123928,-0.05857864165534806,1.555705012769987
-33.39999953657389,-7.54999915137887,-0.041886114635500564,1.5734148115227595
-33.449999537318945,-7.499999150633812,-0.05857864165534806,1.5464249456810573
-33.449999537318945,-7.399999149143696,-0.041886114635500564,1.5867568651453154
-33.499999538064,-7.349999148398638,-0.05857864165534806,1.555705012769987
-33.499999538064,-7.29999914765358,-0.041886114635500564,1.5734148115227595
-33.54999953880906,-7.249999146908522,-0.05857864165534806,1.5464249456810573
-33.54999953880906,-7.1499991454184055,-0.041886114635500564,1.5888544086558394
-33.59999953955412,-7.0999991446733475,-0.05857864165534806,1.5670597310384706
-33.59999953955412,-7.049999143928289,-0.041886114635500564,1.5867568651453154
-33.64999954029918,-6.999999143183231,-0.05857864165534806,1.555705012769987
-33.64999954029918,-6.899999141693115,-0.041886114635500564,1.5923448596015113
-33.699999541044235,-6.849999140948057,-0.05857864165534806,1.5670597310384706
-33.699999541044235,-6.799999140202999,-0.041886114635500564,1.5867568651453154
-33.74999954178929,-6.749999139457941,-0.05857864165534806,1.555705012769987
-33.74999954178929,-6.649999137967825,-0.041886114635500564,1.5923448596015113
-33.79999954253435,-6.599999137222767,-0.05857864165534806,1.5670597310384706
-33.79999954253435,-6.549999136477709,-0.041886114635500564,1.5867568651453154
-33.84999954327941,-6.499999135732651,-0.05857864165534806,1.555705012769987
-33.84999954327941,-6.399999134242535,-0.041886114635500564,1.5923448596015113
-33.89999954402447,-6.349999133497477,-0.05857864165534806,1.5670597310384706
-33.89999954402447,-6.2999991327524185,-0.041886114635500564,1.5867568651453154
-33.949999544769526,-6.2499991320073605,-0.05857864165534806,1.555705012769987
-33.949999544769526,-6.149999130517244,-0.041886114635500564,1.5923448596015113
-33.999999545514584,-6.099999129772186,-0.05857864165534806,1.5670597310384706
-33.999999545514584,-6.049999129027128,-0.041886114635500564,1.5867568651453154
-34.04999954625964,-5.99999912828207,-0.05857864165534806,1.555705012769987
-34.04999954625964,-5.899999126791954,-0.041886114635500564,1.5923448596015113
-34.0999995470047,-5.849999126046896,-0.05857864165534806,1.5670597310384706
-34.0999995470047,-5.799999125301838,-0.041886114635500564,1.5888544086558394
-34.14999954774976,-5.74999912455678,-0.05857864165534806,1.5670597310384706
-34.14999954774976,-5.649999123066664,-0.041886114635500564,1.602775664595445
-34.199999548494816,-5.599999122321606,-0.05857864165534806,1.5734148115227595
-34.199999548494816,-5.549999121576548,-0.041886114635500564,1.5923448596015113
-34.249999549239874,-5.49999912083149,-0.05857864165534806,1.5670597310384706
-34.249999549239874,-5.399999119341373,-0.041886114635500564,1.602775664595445
-34.29999954998493,-5.349999118596315,-0.05857864165534806,1.5734148115227595
-34.29999954998493,-5.299999117851257,-0.041886114635500564,1.5923448596015113
-34.34999955072999,-5.249999117106199,-0.05857864165534806,1.5670597310384706
-34.34999955072999,-5.149999115616083,-0.041886114635500564,1.602775664595445
-34.39999955147505,-5.099999114871025,-0.05857864165534806,1.5734148115227595
-34.39999955147505,-5.049999114125967,-0.041886114635500564,1.5923448596015113
-34.449999552220106,-4.999999113380909,-0.05857864165534806,1.5670597310384706
-34.449999552220106,-4.899999111890793,-0.041886114635500564,1.602775664595445
-34.499999552965164,-4.849999111145735,-0.05857864165534806,1.5734148115227595
-34.499999552965164,-4.799999110400677,-0.041886114635500564,1.5923448596015113
-34.54999955371022,-4.749999109655619,-0.05857864165534806,1.5670597310384706
-34.54999955371022,-4.6499991081655025,-0.041886114635500564,1.602775664595445
-34.59999955445528,-4.5999991074204445,-0.05857864165534806,1.5734148115227595
-34.59999955445528,-4.549999106675386,-0.041886114635500564,1.5923448596015113
-34.64999955520034,-4.499999105930328,-0.05857864165534806,1.5670597310384706
-34.64999955520034,-4.399999104440212,-0.041886114635500564,1.6117671201967774
-34.699999555945396,-4.349999103695154,-0.05857864165534806,1.5867568651453154
-34.699999555945396,-4.299999102950096,-0.041886114635500564,1.602775664595445
-34.749999556690454,-4.249999102205038,-0.05857864165534806,1.5734148115227595
-34.749999556690454,-4.149999100714922,-0.041886114635500564,1.6124569230468984
-34.79999955743551,-4.099999099969864,-0.05857864165534806,1.5867568651453154
-34.79999955743551,-4.049999099224806,-0.041886114635500564,1.602775664595445
-34.84999955818057,-3.9999990984797478,-0.05857864165534806,1.5734148115227595
-34.84999955818057,-3.9499990977346897,-0.04999999776482582,1.5923448596015113
-34.89999955892563,-3.8999990969896317,-0.08819659945901004,1.5670597310384706
-34.89999955892563,-3.7999990954995155,-0.041886114635500564,1.602775664595445
-34.94999955967069,-3.7499990947544575,-0.05857864165534806,1.5734148115227595
-34.94999955967069,-3.6999990940093994,-0.04999999776482582,1.5923448596015113
-34.999999560415745,-3.6499990932643414,-0.08819659945901004,1.5670597310384706
-34.999999560415745,-3.5499990917742252,-0.041886114635500564,1.602775664595445
-35.0499995611608,-3.499999091029167,-0.05857864165534806,1.5734148115227595
-35.0499995611608,-3.449999090284109,-0.04999999776482582,1.5923448596015113
-35.09999956190586,-3.399999089539051,-0.08819659945901004,1.5670597310384706
-35.09999956190586,-3.299999088048935,-0.041886114635500564,1.602775664595445
-35.14999956265092,-3.249999087303877,-0.05857864165534806,1.5734148115227595
-35.14999956265092,-3.199999086558819,-0.04999999776482582,1.5923448596015113
-35.19999956339598,-3.1499990858137608,-0.08819659945901004,1.5670597310384706
-35.19999956339598,-3.0499990843236446,-0.041886114635500564,1.602775664595445
-35.249999564141035,-2.9999990835785866,-0.05857864165534806,1.5734148115227595
-35.249999564141035,-2.9499990828335285,-0.04999999776482582,1.5923448596015113
-35.29999956488609,-2.8999990820884705,-0.08819659945901004,1.5670597310384706
-35.29999956488609,-2.7999990805983543,-0.041886114635500564,1.6117671201967774
-35.34999956563115,-2.7499990798532963,-0.05857864165534806,1.5867568651453154
-35.34999956563115,-2.699999079108238,-0.041886114635500564,1.602775664595445
-35.39999956637621,-2.64999907836318,-0.05857864165534806,1.5734148115227595
-35.39999956637621,-2.549999076873064,-0.041886114635500564,1.6124569230468984
-35.44999956712127,-2.499999076128006,-0.05857864165534806,1.5867568651453154
-35.44999956712127,-2.449999075382948,-0.041886114635500564,1.602775664595445
-35.499999567866325,-2.39999907463789,-0.05857864165534806,1.5734148115227595
-35.499999567866325,-2.2999990731477737,-0.041886114635500564,1.6124569230468984
-35.54999956861138,-2.2499990724027157,-0.05857864165534806,1.5867568651453154
-35.54999956861138,-2.1999990716576576,-0.041886114635500564,1.602775664595445
-35.59999956935644,-2.1499990709125996,-0.05857864165534806,1.5734148115227595
-35.59999956935644,-2.0499990694224834,-0.041886114635500564,1.6124569230468984
-35.6499995701015,-1.9999990686774254,-0.05857864165534806,1.5867568651453154
-35.6499995701015,-1.9499990679323673,-0.041886114635500564,1.602775664595445
-35.69999957084656,-1.8999990671873093,-0.05857864165534806,1.5734148115227595
-35.69999957084656,-1.7999990656971931,-0.041886114635500564,1.6124569230468984
-35.749999571591616,-1.749999064952135,-0.05857864165534806,1.5867568651453154
-35.749999571591616,-1.699999064207077,-0.041886114635500564,1.602775664595445
-35.799999572336674,-1.649999063462019,-0.05857864165534806,1.5734148115227595
-35.799999572336674,-1.5499990619719028,-0.041886114635500564,1.6124569230468984
-35.84999957308173,-1.4999990612268448,-0.05857864165534806,1.5888544086558394
-35.84999957308173,-1.4499990604817867,-0.041886114635500564,1.6117671201967774
-35.89999957382679,-1.3999990597367287,-0.05857864165534806,1.5867568651453154
-35.89999957382679,-1.2999990582466125,-0.041886114635500564,1.6200274994406525
-35.94999957457185,-1.2499990575015545,-0.05857864165534806,1.5923448596015113
-35.94999957457185,-1.1999990567564964,-0.041886114635500564,1.6124569230468984
-35.999999575316906,-1.1499990560114384,-0.05857864165534806,1.5867568651453154
-35.999999575316906,-1.0499990545213223,-0.041886114635500564,1.6200274994406525
-36.049999576061964,-0.9999990537762642,-0.05857864165534806,1.5923448596015113
-36.049999576061964,-0.9499990530312061,-0.041886114635500564,1.6124569230468984
-36.09999957680702,-0.8999990522861481,-0.05857864165534806,1.5867568651453154
-36.09999957680702,-0.799999050796032,-0.041886114635500564,1.6200274994406525
-36.14999957755208,-0.7499990500509739,-0.05857864165534806,1.5923448596015113
-36.14999957755208,-0.6999990493059158,-0.041886114635500564,1.6124569230468984
-36.19999957829714,-0.6499990485608578,-0.05857864165534806,1.5867568651453154
-36.19999957829714,-0.5499990470707417,-0.041886114635500564,1.6200274994406525
-36.249999579042196,-0.4999990463256836,-0.05857864165534806,1.5923448596015113
-36.249999579042196,-0.44999904558062553,-0.041886114635500564,1.6124569230468984
-36.299999579787254,-0.3999990448355675,-0.05857864165534806,1.5867568651453154
-36.299999579787254,-0.29999904334545135,-0.041886114635500564,1.6200274994406525
-36.34999958053231,-0.2499990426003933,-0.05857864165534806,1.5923448596015113
-36.34999958053231,-0.19999904185533524,-0.041886114635500564,1.6124569230468984
-36.39999958127737,-0.14999904111027718,-0.05857864165534806,1.5888544086558394
-36.39999958127737,-0.049999039620161057,-0.041886114635500564,1.6337121094136642
-36.44999958202243,9.611248970031738e-07,-0.05857864165534806,1.602775664595445
-36.44999958202243,0.05000096186995506,-0.041886114635500564,1.6200274994406525
-36.49999958276749,0.10000096261501312,-0.05857864165534806,1.5923448596015113
-36.49999958276749,0.15000096336007118,-0.04999999776482582,1.6124569230468984
-36.549999583512545,0.20000096410512924,-0.08819659945901004,1.5867568651453154
-36.549999583512545,0.30000096559524536,-0.041886114635500564,1.6200274994406525
-36.5999995842576,0.3500009663403034,-0.05857864165534806,1.5923448596015113
-36.5999995842576,0.4000009670853615,-0.04999999776482582,1.6124569230468984
-36.64999958500266,0.45000096783041954,-0.08819659945901004,1.5867568651453154
-36.64999958500266,0.5500009693205357,-0.041886114635500564,1.6200274994406525
-36.69999958574772,0.6000009700655937,-0.05857864165534806,1.5923448596015113
-36.69999958574772,0.6500009708106518,-0.04999999776482582,1.6124569230468984
-36.74999958649278,0.7000009715557098,-0.08819659945901004,1.5867568651453154
-36.74999958649278,0.800000973045826,-0.041886114635500564,1.6200274994406525
-36.799999587237835,0.850000973790884,-0.05857864165534806,1.5923448596015113
-36.799999587237835,0.9000009745359421,-0.04999999776482582,1.6124569230468984
-36.84999958798289,0.9500009752810001,-0.08819659945901004,1.5867568651453154
-36.84999958798289,1.0500009767711163,-0.041886114635500564,1.6200274994406525
-36.89999958872795,1.1000009775161743,-0.05857864165534806,1.5923448596015113
-36.89999958872795,1.1500009782612324,-0.04999999776482582,1.6124569230468984
-36.94999958947301,1.2000009790062904,-0.08819659945901004,1.5867568651453154
-36.94999958947301,1.3000009804964066,-0.041886114635500564,1.6200274994406525
-36.99999959021807,1.3500009812414646,-0.05857864165534806,1.5923448596015113
-36.99999959021807,1.4000009819865227,-0.04999999776482582,1.6124569230468984
-37.049999590963125,1.4500009827315807,-0.08819659945901004,1.5888544086558394
-37.049999590963125,1.5000009834766388,-0.05857864165534806,1.6117671201967774
-37.09999959170818,1.5500009842216969,-0.08819659945901004,1.5867568651453154
-37.09999959170818,1.650000985711813,-0.04999999776482582,1.6200274994406525
-37.14999959245324,1.700000986456871,-0.08819659945901004,1.5923448596015113
-37.14999959245324,1.750000987201929,-0.05857864165534806,1.6124569230468984
-37.1999995931983,1.8000009879469872,-0.08819659945901004,1.5867568651453154
-37.1999995931983,1.9000009894371033,-0.04999999776482582,1.6200274994406525
-37.24999959394336,1.9500009901821613,-0.08819659945901004,1.5923448596015113
-37.24999959394336,2.0000009909272194,-0.05857864165534806,1.6124569230468984
-37.299999594688416,2.0500009916722775,-0.08819659945901004,1.5867568651453154
-37.299999594688416,2.1500009931623936,-0.04999999776482582,1.6200274994406525
-37.349999595433474,2.2000009939074516,-0.08819659945901004,1.5923448596015113
-37.349999595433474,2.2500009946525097,-0.05857864165534806,1.6124569230468984
-37.39999959617853,2.3000009953975677,-0.08819659945901004,1.5867568651453154
-37.39999959617853,2.400000996887684,-0.04999999776482582,1.6200274994406525
-37.44999959692359,2.450000997632742,-0.08819659945901004,1.5923448596015113
-37.44999959692359,2.5000009983778,-0.05857864165534806,1.6124569230468984
-37.49999959766865,2.550000999122858,-0.08819659945901004,1.5867568651453154
-37.49999959766865,2.650001000612974,-0.04999999776482582,1.6200274994406525
-37.549999598413706,2.7000010013580322,-0.08819659945901004,1.5923448596015113
-37.549999598413706,2.7500010021030903,-0.05857864165534806,1.6124569230468984
-37.599999599158764,2.8000010028481483,-0.08819659945901004,1.5888544086558394
-37.599999599158764,2.8500010035932064,-0.05857864165534806,1.6117671201967774
-37.64999959990382,2.9000010043382645,-0.09999999850988388,1.5867568651453154
-37.64999959990382,3.0000010058283806,-0.05857864165534806,1.6200274994406525
-37.69999960064888,3.0500010065734386,-0.08819659945901004,1.5923448596015113
-37.69999960064888,3.1000010073184967,-0.05857864165534806,1.6124569230468984
-37.74999960139394,3.1500010080635548,-0.09999999850988388,1.5867568651453154
-37.74999960139394,3.250001009553671,-0.05857864165534806,1.6200274994406525
-37.799999602138996,3.300001010298729,-0.08819659945901004,1.5923448596015113
-37.799999602138996,3.350001011043787,-0.05857864165534806,1.6124569230468984
-37.849999602884054,3.400001011788845,-0.09999999850988388,1.5867568651453154
-37.849999602884054,3.450001012533903,-0.08819659945901004,1.602775664595445
-37.89999960362911,3.500001013278961,-0.09999999850988388,1.5734148115227595
-37.89999960362911,3.6000010147690773,-0.05857864165534806,1.6124569230468984
-37.94999960437417,3.6500010155141354,-0.09999999850988388,1.5867568651453154
-37.94999960437417,3.7000010162591934,-0.08819659945901004,1.602775664595445
-37.99999960511923,3.7500010170042515,-0.09999999850988388,1.5734148115227595
-37.99999960511923,3.8000010177493095,-0.08819659945901004,1.5923448596015113
-38.049999605864286,3.8500010184943676,-0.09999999850988388,1.5670597310384706
-38.049999605864286,3.9000010192394257,-0.08819659945901004,1.5867568651453154
-38.099999606609344,3.9500010199844837,-0.09999999850988388,1.555705012769987
-38.099999606609344,4.0500010214746,-0.08819659945901004,1.5923448596015113
-38.1499996073544,4.100001022219658,-0.09999999850988388,1.5670597310384706
-38.1499996073544,4.150001022964716,-0.08819659945901004,1.5888544086558394
-38.19999960809946,4.200001023709774,-0.09999999850988388,1.5670597310384706
-38.19999960809946,4.250001024454832,-0.08819659945901004,1.5867568651453154
-38.24999960884452,4.30000102519989,-0.09999999850988388,1.555705012769987
-38.24999960884452,4.350001025944948,-0.08819659945901004,1.5734148115227595
-38.29999960958958,4.400001026690006,-0.09999999850988388,1.5464249456810573
-38.29999960958958,4.500001028180122,-0.08819659945901004,1.5867568651453154
-38.349999610334635,4.55000102892518,-0.09999999850988388,1.555705012769987
-38.349999610334635,4.6000010296702385,-0.08819659945901004,1.5734148115227595
-38.39999961107969,4.6500010304152966,-0.09999999850988388,1.5464249456810573
-38.39999961107969,4.700001031160355,-0.08819659945901004,1.5670597310384706
-38.44999961182475,4.750001031905413,-0.09999999850988388,1.5392527390094939
-38.44999961182475,4.850001033395529,-0.08819659945901004,1.5734148115227595
-38.49999961256981,4.900001034140587,-0.09999999850988388,1.5464249456810573
-38.49999961256981,4.950001034885645,-0.08819659945901004,1.5670597310384706
-38.54999961331487,5.000001035630703,-0.09999999850988388,1.5392527390094939
-38.54999961331487,5.050001036375761,-0.08819659945901004,1.555705012769987
-38.599999614059925,5.100001037120819,-0.09999999850988388,1.5269916296512345
-38.599999614059925,5.200001038610935,-0.05857864165534806,1.5670597310384706
-38.64999961480498,5.250001039355993,-0.09999999850988388,1.5392527390094939
-38.64999961480498,5.300001040101051,-0.08819659945901004,1.555705012769987
-38.69999961555004,5.350001040846109,-0.09999999850988388,1.5269916296512345
-38.69999961555004,5.4000010415911674,-0.08819659945901004,1.5464249456810573
-38.7499996162951,5.4500010423362255,-0.09999999850988388,1.5219175614308271
-38.7499996162951,5.550001043826342,-0.05857864165534806,1.5670597310384706
-38.79999961704016,5.6000010445714,-0.08819659945901004,1.5392527390094939
-38.79999961704016,5.650001045316458,-0.05857864165534806,1.555705012769987
-38.849999617785215,5.700001046061516,-0.09999999850988388,1.5269916296512345
-38.849999617785215,5.750001046806574,-0.08819659945901004,1.5464249456810573
-38.89999961853027,5.800001047551632,-0.09999999850988388,1.5219175614308271
-38.89999961853027,5.85000104829669,-0.08819659945901004,1.5392527390094939
-38.94999961927533,5.900001049041748,-0.09999999850988388,1.5088007745266214
-38.94999961927533,6.000001050531864,-0.05857864165534806,1.5464249456810573
-38.99999962002039,6.050001051276922,-0.09999999850988388,1.5219175614308271
-38.99999962002039,6.10000105202198,-0.08819659945901004,1.5392527390094939
-39.04999962076545,6.150001052767038,-0.09999999850988388,1.5088007745266214
-39.04999962076545,6.2500010542571545,-0.05857864165534806,1.5464249456810573
-39.099999621510506,6.3000010550022125,-0.08819659945901004,1.5219175614308271
-39.099999621510506,6.350001055747271,-0.05857864165534806,1.5392527390094939
-39.149999622255564,6.400001056492329,-0.08819659945901004,1.5088007745266214
-39.149999622255564,6.450001057237387,-0.05857864165534806,1.5269916296512345
-39.19999962300062,6.500001057982445,-0.09999999850988388,1.5007351605124235
-39.19999962300062,6.600001059472561,-0.05857864165534806,1.5392527390094939
-39.24999962374568,6.650001060217619,-0.08819659945901004,1.5088007745266214
-39.24999962374568,6.700001060962677,-0.05857864165534806,1.5269916296512345
-39.29999962449074,6.750001061707735,-0.08819659945901004,1.5007351605124235
-39.29999962449074,6.800001062452793,-0.05857864165534806,1.5219175614308271
-39.349999625235796,6.850001063197851,-0.09999999850988388,1.491892456780025
-39.349999625235796,6.950001064687967,-0.05857864165534806,1.5269916296512345
-39.399999625980854,7.000001065433025,-0.08819659945901004,1.5007351605124235
-39.399999625980854,7.050001066178083,-0.05857864165534806,1.5219175614308271
-39.44999962672591,7.1000010669231415,-0.08819659945901004,1.500000025331974
-39.44999962672591,7.1500010676681995,-0.05857864165534806,1.5219175614308271
-39.49999962747097,7.200001068413258,-0.08819659945901004,1.491892456780025
-39.49999962747097,7.300001069903374,-0.04999999776482582,1.5269916296512345
-39.54999962821603,7.350001070648432,-0.08819659945901004,1.5007351605124235
-39.54999962821603,7.40000107139349,-0.05857864165534806,1.5219175614308271
-39.599999628961086,7.450001072138548,-0.08819659945901004,1.491892456780025
-39.599999628961086,7.500001072883606,-0.05857864165534806,1.5088007745266214
-39.649999629706144,7.550001073628664,-0.08819659945901004,1.48077365644264
-39.649999629706144,7.65000107511878,-0.041886114635500564,1.5219175614308271
-39.6999996304512,7.700001075863838,-0.05857864165534806,1.491892456780025
-39.6999996304512,7.750001076608896,-0.04999999776482582,1.5088007745266214
-39.74999963119626,7.800001077353954,-0.08819659945901004,1.48077365644264
-39.74999963119626,7.850001078099012,-0.05857864165534806,1.5007351605124235
-39.79999963194132,7.90000107884407,-0.08819659945901004,1.476305486402919
-39.79999963194132,7.9500010795891285,-0.05857864165534806,1.491892456780025
-39.84999963268638,8.000001080334187,-0.08819659945901004,1.4620770386263438
-39.84999963268638,8.100001081824303,-0.04999999776482582,1.5007351605124235
-39.899999633431435,8.15000108256936,-0.08819659945901004,1.476305486402919
-39.899999633431435,8.200001083314419,-0.05857864165534806,1.491892456780025
-39.94999963417649,8.250001084059477,-0.08819659945901004,1.4620770386263438
-39.94999963417649,8.300001084804535,-0.05857864165534806,1.48077365644264
-39.99999963492155,8.350001085549593,-0.08819659945901004,1.4552945603904957
-39.99999963492155,8.450001087039709,-0.041886114635500564,1.500000025331974
-40.04999963566661,8.500001087784767,-0.05857864165534806,1.476305486402919
-40.04999963566661,8.550001088529825,-0.04999999776482582,1.491892456780025
-40.09999963641167,8.600001089274883,-0.08819659945901004,1.4620770386263438
-40.09999963641167,8.650001090019941,-0.05857864165534806,1.48077365644264
-40.149999637156725,8.700001090765,-0.08819659945901004,1.4552945603904957
-40.149999637156725,8.750001091510057,-0.05857864165534806,1.476305486402919
-40.19999963790178,8.800001092255116,-0.08819659945901004,1.4446884448476198
-40.19999963790178,8.900001093745232,-0.04999999776482582,1.48077365644264
-40.24999963864684,8.95000109449029,-0.08819659945901004,1.4552945603904957
-40.24999963864684,9.000001095235348,-0.05857864165534806,1.476305486402919
-40.2999996393919,9.050001095980406,-0.08819659945901004,1.4446884448476198
-40.2999996393919,9.100001096725464,-0.05857864165534806,1.4620770386263438
-40.34999964013696,9.150001097470522,-0.08819659945901004,1.4347782967872762
-40.34999964013696,9.20000109821558,-0.05857864165534806,1.4552945603904957
-40.399999640882015,9.250001098960638,-0.08819659945901004,1.4286497717590054
-40.399999640882015,9.350001100450754,-0.04999999776482582,1.4620770386263438
-40.44999964162707,9.400001101195812,-0.08819659945901004,1.4347782967872762
-40.44999964162707,9.45000110194087,-0.05857864165534806,1.4552945603904957
-40.49999964237213,9.500001102685928,-0.08819659945901004,1.4286497717590054
-40.49999964237213,9.600001104176044,-0.041886114635500564,1.4620770386263438
-40.54999964311719,9.650001104921103,-0.05857864165534806,1.4347782967872762
-40.54999964311719,9.70000110566616,-0.04999999776482582,1.4552945603904957
-40.59999964386225,9.750001106411219,-0.08819659945901004,1.4324827960573399
-40.59999964386225,9.850001107901335,-0.041886114635500564,1.476305486402919
-40.649999644607306,9.900001108646393,-0.05857864165534806,1.4446884448476198
-40.649999644607306,9.95000110939145,-0.041886114635500564,1.4620770386263438
-40.699999645352364,10.000001110136509,-0.05857864165534806,1.4347782967872762
-40.699999645352364,10.050001110881567,-0.041886114635500564,1.4552945603904957
-40.74999964609742,10.100001111626625,-0.05857864165534806,1.4286497717590054
-40.74999964609742,10.200001113116741,-0.041886114635500564,1.4620770386263438
-40.79999964684248,10.2500011138618,-0.05857864165534806,1.4347782967872762
-40.79999964684248,10.300001114606857,-0.041886114635500564,1.4552945603904957
-40.84999964758754,10.350001115351915,-0.05857864165534806,1.4286497717590054
-40.84999964758754,10.400001116096973,-0.041886114635500564,1.4446884448476198
-40.899999648332596,10.450001116842031,-0.05857864165534806,1.4155494662139136
-40.899999648332596,10.550001118332148,-0.019722433540455508,1.4552945603904957
-40.949999649077654,10.600001119077206,-0.04999999776482582,1.4286497717590054
-40.949999649077654,10.650001119822264,-0.041886114635500564,1.4446884448476198
-40.99999964982271,10.700001120567322,-0.05857864165534806,1.4155494662139136
-40.99999964982271,10.75000112131238,-0.041886114635500564,1.4347782967872762
-41.04999965056777,10.800001122057438,-0.05857864165534806,1.4101242428031824
-41.04999965056777,10.850001122802496,-0.041886114635500564,1.4286497717590054
-41.09999965131283,10.900001123547554,-0.05857864165534806,1.3976545546739536
-41.09999965131283,11.00000112503767,-0.041886114635500564,1.4347782967872762
-41.149999652057886,11.050001125782728,-0.05857864165534806,1.4101242428031824
-41.149999652057886,11.100001126527786,-0.041886114635500564,1.4286497717590054
-41.199999652802944,11.150001127272844,-0.05857864165534806,1.3976545546739536
-41.199999652802944,11.200001128017902,-0.041886114635500564,1.4155494662139136
-41.249999653548,11.25000112876296,-0.05857864165534806,1.389024881885386
-41.249999653548,11.350001130253077,-0.019722433540455508,1.4324827960573399
-41.29999965429306,11.400001130998135,-0.04999999776482582,1.4101242428031824
-41.29999965429306,11.450001131743193,-0.041886114635500564,1.4286497717590054
-41.34999965503812,11.50000113248825,-0.05857864165534806,1.3976545546739536
-41.34999965503812,11.550001133233309,-0.041886114635500564,1.4155494662139136
-41.399999655783176,11.600001133978367,-0.05857864165534806,1.389024881885386
-41.399999655783176,11.650001134723425,-0.041886114635500564,1.4101242428031824
-41.449999656528234,11.700001135468483,-0.05857864165534806,1.3811388536449942
-41.449999656528234,11.800001136958599,-0.041886114635500564,1.4155494662139136
-41.49999965727329,11.850001137703657,-0.05857864165534806,1.389024881885386
-41.49999965727329,11.900001138448715,-0.041886114635500564,1.4101242428031824
-41.54999965801835,11.950001139193773,-0.05857864165534806,1.3811388536449942
-41.54999965801835,12.000001139938831,-0.041886114635500564,1.3976545546739536
-41.59999965876341,12.05000114068389,-0.05857864165534806,1.3692355060309525
-41.59999965876341,12.150001142174006,-0.019722433540455508,1.4101242428031824
-41.64999965950847,12.200001142919064,-0.04999999776482582,1.3811388536449942
-41.64999965950847,12.250001143664122,-0.041886114635500564,1.3976545546739536
-41.699999660253525,12.30000114440918,-0.05857864165534806,1.3692355060309525
-41.699999660253525,12.400001145899296,-0.019722433540455508,1.4101242428031824
-41.74999966099858,12.450001146644354,-0.041886114635500564,1.3811388536449942
-41.74999966099858,12.500001147389412,-0.019722433540455508,1.3976545546739536
-41.79999966174364,12.55000114813447,-0.04999999776482582,1.3692355060309525
-41.79999966174364,12.650001149624586,-0.019722433540455508,1.4101242428031824
-41.8499996624887,12.700001150369644,-0.041886114635500564,1.3882380410934498
-41.8499996624887,12.750001151114702,-0.019722433540455508,1.4101242428031824
-41.89999966323376,12.80000115185976,-0.041886114635500564,1.3811388536449942
-41.89999966323376,12.850001152604818,-0.019722433540455508,1.3976545546739536
-41.949999663978815,12.900001153349876,-0.041886114635500564,1.3692355060309525
-41.949999663978815,12.950001154094934,-0.019722433540455508,1.389024881885386
-41.99999966472387,13.000001154839993,-0.04999999776482582,1.3652476075738595
-41.99999966472387,13.100001156330109,-0.019722433540455508,1.3976545546739536
-42.04999966546893,13.150001157075167,-0.041886114635500564,1.3692355060309525
-42.04999966546893,13.200001157820225,-0.019722433540455508,1.389024881885386
-42.09999966621399,13.250001158565283,-0.041886114635500564,1.3652476075738595
-42.09999966621399,13.30000115931034,-0.019722433540455508,1.3811388536449942
-42.14999966695905,13.350001160055399,-0.041886114635500564,1.350806265035896
-42.14999966695905,13.450001161545515,2.9802322387695306e-09,1.389024881885386
-42.199999667704105,13.500001162290573,-0.041886114635500564,1.3652476075738595
-42.199999667704105,13.550001163035631,-0.019722433540455508,1.3811388536449942
-42.24999966844916,13.60000116378069,-0.041886114635500564,1.350806265035896
-42.24999966844916,13.650001164525747,-0.019722433540455508,1.3692355060309525
-42.29999966919422,13.700001165270805,-0.041886114635500564,1.3435349270437755
-42.29999966919422,13.750001166015863,-0.019722433540455508,1.3652476075738595
-42.34999966993928,13.800001166760921,-0.04999999776482582,1.3337861878729915
-42.34999966993928,13.900001168251038,-0.019722433540455508,1.3692355060309525
-42.39999967068434,13.950001168996096,-0.041886114635500564,1.3435349270437755
-42.39999967068434,14.000001169741154,-0.019722433540455508,1.3652476075738595
-42.449999671429396,14.050001170486212,-0.041886114635500564,1.3435349270437755
-42.449999671429396,14.10000117123127,-0.019722433540455508,1.3652476075738595
-42.499999672174454,14.150001171976328,-0.041886114635500564,1.3337861878729915
-42.499999672174454,14.250001173466444,2.9802322387695306e-09,1.3692355060309525
-42.54999967291951,14.300001174211502,-0.041886114635500564,1.3435349270437755
-42.54999967291951,14.35000117495656,-0.019722433540455508,1.3652476075738595
-42.59999967366457,14.400001175701618,-0.041886114635500564,1.3337861878729915
-42.59999967366457,14.450001176446676,-0.019722433540455508,1.350806265035896
-42.64999967440963,14.500001177191734,-0.041886114635500564,1.3231546438695543
-42.64999967440963,14.60000117868185,2.9802322387695306e-09,1.3652476075738595
-42.699999675154686,14.650001179426908,-0.041886114635500564,1.3337861878729915
-42.699999675154686,14.700001180171967,-0.019722433540455508,1.350806265035896
-42.749999675899744,14.750001180917025,-0.041886114635500564,1.3231546438695543
-42.749999675899744,14.800001181662083,-0.019722433540455508,1.3435349270437755
-42.7999996766448,14.85000118240714,-0.041886114635500564,1.318222667692178
-42.7999996766448,14.900001183152199,-0.019722433540455508,1.3337861878729915
-42.84999967738986,14.950001183897257,-0.041886114635500564,1.3041609180628764
-42.84999967738986,15.050001185387373,2.9802322387695306e-09,1.3435349270437755
-42.89999967813492,15.100001186132431,-0.041886114635500564,1.318222667692178
-42.89999967813492,15.150001186877489,-0.019722433540455508,1.3337861878729915
-42.949999678879976,15.200001187622547,-0.041886114635500564,1.3041609180628764
-42.949999678879976,15.300001189112663,0.006155284352836106,1.3435349270437755
-42.999999679625034,15.350001189857721,-0.019722433540455508,1.3206906552346112
-42.999999679625034,15.40000119060278,0.006155284352836106,1.3435349270437755
-43.04999968037009,15.450001191347837,-0.019722433540455508,1.318222667692178
-43.04999968037009,15.550001192837954,0.006155284352836106,1.350806265035896
-43.09999968111515,15.600001193583012,-0.019722433540455508,1.3231546438695543
-43.09999968111515,15.65000119432807,0.006155284352836106,1.3435349270437755
-43.14999968186021,15.700001195073128,-0.019722433540455508,1.318222667692178
-43.14999968186021,15.800001196563244,0.023606801081979916,1.350806265035896
-43.19999968260527,15.850001197308302,2.9802322387695306e-09,1.3231546438695543
-43.19999968260527,15.950001198798418,0.023606801081979916,1.3652476075738595
-43.249999683350325,16.000001199543476,0.006155284352836106,1.3337861878729915
-43.249999683350325,16.050001200288534,0.023606801081979916,1.350806265035896
-43.29999968409538,16.100001201033592,0.006155284352836106,1.3231546438695543
-43.29999968409538,16.20000120252371,0.0500000037252903,1.3652476075738595
-43.34999968484044,16.250001203268766,0.023606801081979916,1.3337861878729915
-43.34999968484044,16.300001204013824,0.0500000037252903,1.350806265035896
-43.3999996855855,16.350001204758883,0.006155284352836106,1.3231546438695543
-43.3999996855855,16.450001206249,0.0500000037252903,1.3652476075738595
-43.44999968633056,16.500001206994057,0.023606801081979916,1.3337861878729915
-43.44999968633056,16.550001207739115,0.0500000037252903,1.350806265035896
-43.499999687075615,16.600001208484173,0.006155284352836106,1.3231546438695543
-43.499999687075615,16.70000120997429,0.0500000037252903,1.3652476075738595
-43.54999968782067,16.750001210719347,0.023606801081979916,1.3337861878729915
-43.54999968782067,16.800001211464405,0.0500000037252903,1.350806265035896
-43.59999968856573,16.850001212209463,0.006155284352836106,1.3231546438695543
-43.59999968856573,16.95000121369958,0.0500000037252903,1.3652476075738595
-43.64999968931079,17.000001214444637,0.023606801081979916,1.3435349270437755
-43.64999968931079,17.050001215189695,0.0500000037252903,1.3652476075738595
-43.69999969005585,17.100001215934753,0.006155284352836106,1.3337861878729915
-43.69999969005585,17.20000121742487,0.0500000037252903,1.3692355060309525
-43.749999690800905,17.250001218169928,0.006155284352836106,1.3435349270437755
-43.749999690800905,17.300001218914986,0.023606801081979916,1.3652476075738595
-43.79999969154596,17.350001219660044,0.006155284352836106,1.3337861878729915
-43.79999969154596,17.45000122115016,0.0500000037252903,1.3692355060309525
-43.84999969229102,17.500001221895218,0.006155284352836106,1.3435349270437755
-43.84999969229102,17.550001222640276,0.023606801081979916,1.3652476075738595
-43.89999969303608,17.600001223385334,0.006155284352836106,1.3337861878729915
-43.89999969303608,17.70000122487545,0.0500000037252903,1.3692355060309525
-43.94999969378114,17.750001225620508,0.006155284352836106,1.3435349270437755
-43.94999969378114,17.800001226365566,0.023606801081979916,1.3652476075738595
-43.999999694526196,17.850001227110624,0.006155284352836106,1.3337861878729915
-43.999999694526196,17.95000122860074,0.0500000037252903,1.3692355060309525
-44.049999695271254,18.0000012293458,0.006155284352836106,1.3435349270437755
-44.049999695271254,18.050001230090857,0.023606801081979916,1.3652476075738595
-44.09999969601631,18.100001230835915,0.006155284352836106,1.3337861878729915
-44.09999969601631,18.20000123232603,0.0500000037252903,1.3692355060309525
-44.14999969676137,18.25000123307109,0.006155284352836106,1.3435349270437755
-44.14999969676137,18.300001233816147,0.023606801081979916,1.3652476075738595
-44.19999969750643,18.350001234561205,0.006155284352836106,1.3435349270437755
-44.19999969750643,18.45000123605132,0.0500000037252903,1.3811388536449942
-44.249999698251486,18.50000123679638,0.006155284352836106,1.350806265035896
-44.249999698251486,18.550001237541437,0.023606801081979916,1.3692355060309525
-44.299999698996544,18.600001238286495,0.006155284352836106,1.3435349270437755
-44.299999698996544,18.75000124052167,0.05495097947870481,1.3976545546739536
-44.3499996997416,18.800001241266727,0.023606801081979916,1.3692355060309525
-44.3499996997416,18.900001242756844,0.05495097947870481,1.4101242428031824
-44.39999970048666,18.9500012435019,0.023606801081979916,1.3811388536449942
-44.39999970048666,19.00000124424696,0.0500000037252903,1.3976545546739536
-44.44999970123172,19.050001244992018,0.023606801081979916,1.3692355060309525
-44.44999970123172,19.200001247227192,0.06925824436898563,1.4286497717590054
-44.499999701976776,19.25000124797225,0.0500000037252903,1.3976545546739536
-44.499999701976776,19.350001249462366,0.09154759908666274,1.4347782967872762
-44.549999702721834,19.400001250207424,0.05495097947870481,1.4101242428031824
-44.549999702721834,19.50000125169754,0.09154759908666274,1.4446884448476198
-44.59999970346689,19.5500012524426,0.06925824436898563,1.4155494662139136
-44.59999970346689,19.700001254677773,0.11622777072899887,1.4770510081148494
-44.64999970421195,19.75000125542283,0.09154759908666274,1.4552945603904957
-44.64999970421195,19.850001256912947,0.13541020162296988,1.491892456780025
-44.69999970495701,19.900001257658005,0.10000000447034836,1.4620770386263438
-44.69999970495701,20.05000125989318,0.13541020162296988,1.5219175614308271
-44.749999705702066,20.100001260638237,0.10413813104692221,1.491892456780025
-44.749999705702066,20.200001262128353,0.13541020162296988,1.5269916296512345
-44.799999706447124,20.25000126287341,0.10413813104692221,1.5007351605124235
-44.799999706447124,20.350001264363527,0.13541020162296988,1.5392527390094939
-44.84999970719218,20.400001265108585,0.10000000447034836,1.5088007745266214
-44.84999970719218,20.600001268088818,0.15355339586162983,1.5867568651453154
-44.89999970793724,20.650001268833876,0.11622777072899887,1.555705012769987
-44.89999970793724,20.850001271814108,0.18078866096738858,1.6337121094136642
-44.9499997086823,20.900001272559166,0.1500000052154064,1.602775664595445
-44.9499997086823,21.100001275539398,0.20311289342177757,1.655397559175525
-44.99999970942736,21.150001276284456,0.16400549988813046,1.6200274994406525
-44.99999970942736,21.35000127926469,0.21231056870567222,1.668154197064607
-45.049999710172415,21.400001280009747,0.18078866096738858,1.6337121094136642
-45.049999710172415,21.60000128298998,0.24721360216395982,1.6741665093263882
-45.09999971091747,21.650001283735037,0.21231056870567222,1.6337121094136642
-45.09999971091747,21.85000128671527,0.25276926365365854,1.6741665093263882
-45.14999971166253,21.900001287460327,0.21231056870567222,1.6337121094136642
-45.14999971166253,22.10000129044056,0.25276926365365854,1.6741665093263882
-45.19999971240759,22.150001291185617,0.21231056870567222,1.6337121094136642
-45.19999971240759,22.400001294910908,0.26097722973374027,1.692749351278933
-45.24999971315265,22.450001295655966,0.22720019363165536,1.655397559175525
-45.24999971315265,22.650001298636198,0.26097722973374027,1.692749351278933
-45.299999713897705,22.700001299381256,0.22720019363165536,1.655397559175525
-45.299999713897705,22.90000130236149,0.26097722973374027,1.692749351278933
-45.34999971464276,22.950001303106546,0.22720019363165536,1.655397559175525
-45.34999971464276,23.35000130906701,0.30249378854378534,1.7416488128275815
-45.39999971538782,23.40000130981207,0.26097722973374027,1.7039433048369428
-45.39999971538782,24.000001318752766,0.37008772104453785,1.805617141899182
-45.44999971613288,24.050001319497824,0.33851648873797124,1.760229607600963
-45.44999971613288,24.90000133216381,0.4500000096857548,1.8500000305473805
-45.49999971687794,24.95000133290887,0.40000000894069676,1.8000000298023224
-45.49999971687794,26.7000013589859,0.5000000104308129,1.9005951850613074
-45.44999971613288,26.75000135973096,0.5500000111758709,1.9500000320374966
-45.44999971613288,27.600001372396946,0.5280109997762609,1.9213203751697792
-45.39999971538782,27.650001373142004,0.5648529384361146,1.9644861144446923
-45.39999971538782,28.30000138282776,0.5433034484420096,1.9500000320374966
-45.34999971464276,28.350001383572817,0.5762087463794127,2.0000000327825544
-45.34999971464276,28.600001387298107,0.5500000111758709,1.9868928054501456
-45.299999713897705,28.650001388043165,0.600000011920929,2.0276669741893705
-45.299999713897705,28.850001391023397,0.600000011920929,2.00510773997866
-45.24999971315265,28.900001391768456,0.6500000126659871,2.0522211594717517
-45.24999971315265,29.100001394748688,0.6139410419336518,2.020360364203399
-45.19999971240759,29.150001395493746,0.6558621511845243,2.063846318268293
-45.19999971240759,29.350001398473978,0.6381527432014595,2.0276669741893705
-45.14999971166253,29.400001399219036,0.6732124728405287,2.0677081278811973
-45.14999971166253,29.60000140219927,0.6381527432014595,2.0276669741893705
-45.09999971091747,29.650001402944326,0.6732124728405287,2.0699119263875563
-45.09999971091747,29.8000014051795,0.6381527432014595,2.045551190749882
-45.049999710172415,29.85000140592456,0.6732124728405287,2.0852790104585983
-45.049999710172415,30.05000140890479,0.6381527432014595,2.0561028681542477
-44.99999970942736,30.10000140964985,0.6732124728405287,2.094558815308343
-44.99999970942736,30.250001411885023,0.6514693309842018,2.0677081278811973
-44.9499997086823,30.30000141263008,0.68600227053593,2.1048861486687014
-44.9499997086823,30.500001415610313,0.6381527432014595,2.0699119263875563
-44.89999970793724,30.55000141635537,0.6732124728405287,2.1135470947263926
-44.89999970793724,30.750001419335604,0.6381527432014595,2.077059541277971
-44.84999970719218,30.80000142008066,0.6732124728405287,2.1162469988948636
-44.84999970719218,30.900001421570778,0.6544003872633107,2.094558815308343
-44.799999706447124,30.950001422315836,0.68600227053593,2.1345235407728618
-44.799999706447124,31.050001423805952,0.6631338379432997,2.119482735511626
-44.749999705702066,31.10000142455101,0.7055385273073171,2.1632604948346197
-44.749999705702066,31.200001426041126,0.68600227053593,2.140940017026649
-44.69999970495701,31.250001426786184,0.7219544594674806,2.171708280467491
-44.69999970495701,31.300001427531242,0.7124143931407667,2.1563743687023496
-44.64999970421195,31.3500014282763,0.7552486729614543,2.1879908228357463
-44.64999970421195,31.450001429766417,0.7340770985323035,2.1563743687023496
-44.59999970346689,31.500001430511475,0.7656604101808596,2.1879908228357463
-44.59999970346689,31.60000143200159,0.7340770985323035,2.1563743687023496
-44.549999702721834,31.65000143274665,0.7656604101808596,2.1879908228357463
-44.549999702721834,31.700001433491707,0.7486833121869966,2.171708280467491
-44.499999701976776,31.750001434236765,0.7823441498574933,2.204163091859083
-44.499999701976776,31.85000143572688,0.7394147254011668,2.171708280467491
-44.44999970123172,31.90000143647194,0.7656604101808596,2.204163091859083
-44.44999970123172,32.000001437962055,0.7340770985323035,2.171708280467491
-44.39999970048666,32.05000143870711,0.7656604101808596,2.204163091859083
-44.39999970048666,32.10000143945217,0.7486833121869966,2.1879908228357463
-44.3499996997416,32.15000144019723,0.7823441498574933,2.21919411672939
-44.3499996997416,32.250001441687346,0.7394147254011668,2.1879908228357463
-44.299999698996544,32.300001442432404,0.7656604101808596,2.21919411672939
-44.299999698996544,32.40000144392252,0.7340770985323035,2.1879908228357463
-44.249999698251486,32.45000144466758,0.7656604101808596,2.21919411672939
-44.249999698251486,32.550001446157694,0.7340770985323035,2.1879908228357463
-44.19999969750643,32.60000144690275,0.7617692174150451,2.21919411672939
-44.19999969750643,32.70000144839287,0.7192388292402375,2.1879908228357463
-44.14999969676137,32.750001449137926,0.7486833121869966,2.21919411672939
-44.14999969676137,32.800001449882984,0.7340770985323035,2.204163091859083
-44.09999969601631,32.85000145062804,0.7656604101808596,2.235159168663883
-44.09999969601631,32.95000145211816,0.7340770985323035,2.204163091859083
-44.049999695271254,33.000001452863216,0.7617692174150451,2.235159168663883
-44.049999695271254,33.050001453608274,0.7394147254011668,2.21919411672939
-43.999999694526196,33.10000145435333,0.7656604101808596,2.252040003586089
-43.999999694526196,33.15000145509839,0.7486833121869966,2.235159168663883
-43.94999969378114,33.20000145584345,0.7823441498574933,2.2667793134666776
-43.94999969378114,33.300001457333565,0.7394147254011668,2.235159168663883
-43.89999969303608,33.35000145807862,0.7656604101808596,2.259674811901779
-43.89999969303608,33.40000145882368,0.7486833121869966,2.2377243849747046
-43.79999969154596,33.5000014603138,0.8124228516521053,2.2824383544524953
-43.79999969154596,33.550001461058855,0.7962429571037405,2.259674811901779
-43.749999690800905,33.60000146180391,0.8295630294403845,2.2824383544524953
-43.749999690800905,33.65000146254897,0.8062306048689096,2.259674811901779
-43.69999969005585,33.70000146329403,0.8307764217641807,2.2824383544524953
-43.69999969005585,33.75000146403909,0.8124228516521053,2.259674811901779
-43.64999968931079,33.800001464784145,0.8295630294403845,2.2824383544524953
-43.64999968931079,33.8500014655292,0.8062306048689096,2.259674811901779
-43.54999968782067,33.95000146701932,0.8511898177453807,2.304495994593537
-43.54999968782067,34.00000146776438,0.8295630294403845,2.2824383544524953
-43.499999687075615,34.050001468509436,0.8404326178378946,2.304495994593537
-43.499999687075615,34.100001469254494,0.8124228516521053,2.2824383544524953
-43.44999968633056,34.15000146999955,0.8295630294403845,2.304495994593537
-43.44999968633056,34.20000147074461,0.8062306048689096,2.2824383544524953
-43.3999996855855,34.25000147148967,0.8295630294403845,2.296497583764698
-43.3999996855855,34.300001472234726,0.8062306048689096,2.269817843848847
-43.34999968484044,34.350001472979784,0.8295630294403845,2.286966060147859
-43.34999968484044,34.40000147372484,0.8062306048689096,2.2622144871388805
-43.29999968409538,34.4500014744699,0.8295630294403845,2.2824383544524953
-43.29999968409538,34.50000147521496,0.8000000149011612,2.259674811901779
-43.19999968260527,34.600001476705074,0.8295630294403845,2.304495994593537
-43.19999968260527,34.65000147745013,0.8062306048689096,2.2824383544524953
-43.14999968186021,34.70000147819519,0.8295630294403845,2.304495994593537
-43.14999968186021,34.75000147894025,0.8062306048689096,2.2824383544524953
-43.09999968111515,34.80000147968531,0.8295630294403845,2.304495994593537
-43.09999968111515,34.850001480430365,0.8000000149011612,2.2824383544524953
-43.04999968037009,34.90000148117542,0.8124228516521053,2.304495994593537
-43.04999968037009,34.95000148192048,0.7861541608606429,2.2824383544524953
-42.949999678879976,35.0500014834106,0.8295630294403845,2.3268557913517407
-42.949999678879976,35.100001484155655,0.8062306048689096,2.304495994593537
-42.89999967813492,35.15000148490071,0.8295630294403845,2.3268557913517407
-42.89999967813492,35.20000148564577,0.8062306048689096,2.304495994593537
-42.7999996766448,35.30000148713589,0.8404326178378946,2.340177197027697
-42.7999996766448,35.350001487880945,0.8124228516521053,2.310975943314401
-42.699999675154686,35.45000148937106,0.8511898177453807,2.3387004927868054
-42.699999675154686,35.50000149011612,0.8295630294403845,2.310975943314401
-42.59999967366457,35.600001491606236,0.8700467438965735,2.3387004927868054
-42.59999967366457,35.650001492351294,0.8404326178378946,2.310975943314401
-42.449999671429396,35.80000149458647,0.8965856263134644,2.340177197027697
-42.449999671429396,35.850001495331526,0.8630145971136167,2.310975943314401
-42.29999966919422,36.0000014975667,0.8960155271710525,2.351960069062137
-42.29999966919422,36.05000149831176,0.8606601875848896,2.3223996887125717
-42.14999966695905,36.20000150054693,0.8816653987572671,2.351960069062137
-42.14999966695905,36.25000150129199,0.8547511712034664,2.3238859304336232
-42.04999966546893,36.350001502782106,0.8700467438965735,2.351960069062137
-42.04999966546893,36.400001503527164,0.8404326178378946,2.3223996887125717
-41.89999966323376,36.55000150576234,0.8700467438965735,2.351960069062137
-41.89999966323376,36.6000015065074,0.8404326178378946,2.3238859304336232
-41.74999966099858,36.75000150874257,0.8700467438965735,2.36563836036449
-41.74999966099858,36.80000150948763,0.8404326178378946,2.3387004927868054
-41.54999965801835,37.00000151246786,0.8816653987572671,2.3806976185681785
-41.54999965801835,37.05000151321292,0.8547511712034664,2.3495097947870485
-41.34999965503812,37.25000151619315,0.8816653987572671,2.3806976185681785
-41.34999965503812,37.30000151693821,0.8547511712034664,2.345584450203735
-39.899999633431435,38.75000153854489,0.8960155271710525,2.3223996887125717
-39.84999963268638,38.75000153854489,0.9313708667572156,2.354407992952605
-39.54999962821603,39.05000154301524,0.8700467438965735,2.310975943314401
-39.49999962747097,39.05000154301524,0.8977249363623835,2.340177197027697
-39.29999962449074,39.250001545995474,0.8547511712034664,2.300000037252903
-39.24999962374568,39.250001545995474,0.8816653987572671,2.330316223480648
-39.149999622255564,39.35000154748559,0.8547511712034664,2.3164459439302902
-39.099999621510506,39.35000154748559,0.8816653987572671,2.3495097947870485
-38.94999961927533,39.500001549720764,0.8547511712034664,2.3223996887125717
-38.89999961853027,39.500001549720764,0.8816653987572671,2.354407992952605
-38.7499996162951,39.65000155195594,0.8547511712034664,2.3059928545705364
-38.69999961555004,39.65000155195594,0.8816653987572671,2.330316223480648
-38.54999961331487,39.80000155419111,0.8404326178378946,2.2824383544524953
-38.49999961256981,39.80000155419111,0.8700467438965735,2.304495994593537
-38.39999961107969,39.90000155568123,0.8511898177453807,2.259674811901779
-38.349999610334635,39.90000155568123,0.8735455436762694,2.2824383544524953
-38.24999960884452,40.000001557171345,0.8295630294403845,2.2438699183864865
-38.19999960809946,40.000001557171345,0.8511898177453807,2.269817843848847
-38.099999606609344,40.10000155866146,0.8124228516521053,2.2377243849747046
-38.049999605864286,40.10000155866146,0.8404326178378946,2.259674811901779
-37.99999960511923,40.15000155940652,0.8295630294403845,2.2377243849747046
-37.94999960437417,40.15000155940652,0.8511898177453807,2.259674811901779
-37.89999960362911,40.20000156015158,0.8295630294403845,2.2382371043798854
-37.849999602884054,40.20000156015158,0.8511898177453807,2.2622144871388805
-37.799999602138996,40.250001560896635,0.8295630294403845,2.2438699183864865
-37.74999960139394,40.250001560896635,0.8511898177453807,2.269817843848847
-37.64999959990382,40.35000156238675,0.8062306048689096,2.235159168663883
-37.599999599158764,40.35000156238675,0.8295630294403845,2.252040003586089
-37.549999598413706,40.40000156313181,0.7962429571037405,2.21919411672939
-37.49999959766865,40.40000156313181,0.8124228516521053,2.235159168663883
-37.44999959692359,40.45000156387687,0.7823441498574933,2.204163091859083
-37.39999959617853,40.45000156387687,0.7962429571037405,2.21919411672939
-37.349999595433474,40.500001564621925,0.7656604101808596,2.1879908228357463
-37.299999594688416,40.500001564621925,0.7823441498574933,2.205202730001452
-37.24999959394336,40.55000156536698,0.7486833121869966,2.1769729002205986
-37.1999995931983,40.55000156536698,0.7656604101808596,2.19635142897277
-37.14999959245324,40.60000156611204,0.7340770985323035,2.1711811756092274
-37.09999959170818,40.60000156611204,0.7486833121869966,2.1879908228357463
-37.049999590963125,40.6500015668571,0.7192388292402375,2.1563743687023496
-36.94999958947301,40.6500015668571,0.7486833121869966,2.1879908228357463
-36.89999958872795,40.70000156760216,0.7192388292402375,2.1563743687023496
-36.799999587237835,40.70000156760216,0.7486833121869966,2.1879908228357463
-36.74999958649278,40.750001568347216,0.7192388292402375,2.1584953181584696
-36.64999958500266,40.750001568347216,0.7486833121869966,2.19635142897277
-36.5999995842576,40.800001569092274,0.7124143931407667,2.1711811756092274
-36.49999958276749,40.800001569092274,0.7340770985323035,2.204163091859083
-36.44999958202243,40.85000156983733,0.7000000134110451,2.171708280467491
-36.34999958053231,40.85000156983733,0.7055385273073171,2.1926972584550466
-36.299999579787254,40.90000157058239,0.6631338379432997,2.153720494261132
-36.19999957829714,40.90000157058239,0.68600227053593,2.175920909507324
-36.14999957755208,40.95000157132745,0.6500000126659871,2.1345235407728618
-36.049999576061964,40.95000157132745,0.6558621511845243,2.153720494261132
-35.999999575316906,41.000001572072506,0.6139410419336518,2.1162469988948636
-35.84999957308173,41.000001572072506,0.6500000126659871,2.143608363974079
-35.799999572336674,41.050001572817564,0.6015609890382593,2.1048861486687014
-35.59999956935644,41.050001572817564,0.6381527432014595,2.1345235407728618
-35.54999956861138,41.10000157356262,0.600000011920929,2.094558815308343
-35.29999956488609,41.10000157356262,0.6381527432014595,2.143608363974079
-35.249999564141035,41.15000157430768,0.600000011920929,2.1048861486687014
-34.999999560415745,41.15000157430768,0.6381527432014595,2.153720494261132
-34.94999955967069,41.20000157505274,0.600000011920929,2.1135470947263926
-34.699999555945396,41.20000157505274,0.6246211374113445,2.1500000350177286
-34.64999955520034,41.250001575797796,0.590569426822497,2.1000000342726706
-34.39999955147505,41.250001575797796,0.6062257868435552,2.1135470947263926
-34.34999955072999,41.300001576542854,0.5648529384361146,2.0699119263875563
-34.0999995470047,41.300001576542854,0.6015609890382593,2.1005434483462366
-34.04999954625964,41.35000157728791,0.5566373087958522,2.0522211594717517
-33.74999954178929,41.35000157728791,0.6015609890382593,2.0852790104585983
-33.699999541044235,41.40000157803297,0.5566373087958522,2.045551190749882
-33.29999953508377,41.40000157803297,0.6139410419336518,2.0699119263875563
-33.24999953433871,41.45000157877803,0.5762087463794127,2.0276669741893705
-32.949999529868364,41.45000157877803,0.6139410419336518,2.0522211594717517
-32.899999529123306,41.50000157952309,0.5762087463794127,2.00510773997866
-32.5499995239079,41.50000157952309,0.6246211374113445,2.0500000335276125
-32.49999952316284,41.550001580268145,0.590569426822497,2.000568141257559
-32.19999951869249,41.550001580268145,0.6139410419336518,2.0276669741893705
-32.149999517947435,41.6000015810132,0.5762087463794127,1.9868928054501456
-31.849999513477087,41.6000015810132,0.6381527432014595,2.045551190749882
-31.79999951273203,41.65000158175826,0.6015609890382593,2.0073740383568475
-31.449999507516623,41.65000158175826,0.6631338379432997,2.077059541277971
-31.399999506771564,41.70000158250332,0.6246211374113445,2.036068010819799
-31.199999503791332,41.70000158250332,0.6631338379432997,2.0699119263875563
-31.149999503046274,41.75000158324838,0.6246211374113445,2.0276669741893705
-30.949999500066042,41.75000158324838,0.6631338379432997,2.0677081278811973
-30.899999499320984,41.800001583993435,0.6246211374113445,2.0276669741893705
-30.69999949634075,41.800001583993435,0.6558621511845243,2.0677081278811973
-30.649999495595694,41.85000158473849,0.6139410419336518,2.0276669741893705
-30.44999949261546,41.85000158473849,0.6558621511845243,2.0677081278811973
-30.399999491870403,41.90000158548355,0.6139410419336518,2.0276669741893705
-30.19999948889017,41.90000158548355,0.6558621511845243,2.0677081278811973
-30.149999488145113,41.95000158622861,0.6139410419336518,2.0276669741893705
-29.899999484419823,41.95000158622861,0.6631338379432997,2.0699119263875563
-29.849999483674765,42.00000158697367,0.6246211374113445,2.0276669741893705
-29.649999480694532,42.00000158697367,0.6631338379432997,2.0677081278811973
-29.599999479949474,42.050001587718725,0.6246211374113445,2.0276669741893705
-29.399999476969242,42.050001587718725,0.6631338379432997,2.0677081278811973
-29.349999476224184,42.10000158846378,0.6246211374113445,2.0276669741893705
-29.149999473243952,42.10000158846378,0.6631338379432997,2.0677081278811973
-29.099999472498894,42.15000158920884,0.6246211374113445,2.03215146181662
-28.89999946951866,42.15000158920884,0.6732124728405287,2.0803508841781513
-28.849999468773603,42.2000015899539,0.6381527432014595,2.045551190749882
-28.64999946579337,42.2000015899539,0.7013878322977225,2.0852790104585983
-28.599999465048313,42.25000159069896,0.6732124728405287,2.045551190749882
-28.39999946206808,42.25000159069896,0.7340770985323035,2.094013983574364
-28.349999461323023,42.300001591444016,0.7013878322977225,2.0561028681542477
-28.19999945908785,42.300001591444016,0.7486833121869966,2.094013983574364
-28.14999945834279,42.350001592189074,0.7192388292402375,2.061083844611777
-27.999999456107616,42.350001592189074,0.7656604101808596,2.1119256387897543
-27.94999945536256,42.40000159293413,0.7340770985323035,2.0847319658043313
-27.849999453872442,42.40000159293413,0.7656604101808596,2.1243278944690758
-27.799999453127384,42.45000159367919,0.7340770985323035,2.094013983574364
-27.699999451637268,42.45000159367919,0.7656604101808596,2.1307724388925484
-27.64999945089221,42.50000159442425,0.7394147254011668,2.1048861486687014
-27.499999448657036,42.50000159442425,0.8062306048689096,2.1584953181584696
-27.449999447911978,42.550001595169306,0.7848857948555522,2.1307724388925484
-27.39999944716692,42.550001595169306,0.8062306048689096,2.1505318897342858
-27.34999944642186,42.600001595914364,0.7861541608606429,2.1259407045818186
-27.249999444931746,42.600001595914364,0.8404326178378946,2.1706539535514358
-27.199999444186687,42.65000159665942,0.8295630294403845,2.1505318897342858
-27.09999944269657,42.65000159665942,0.8735455436762694,2.2010414764868993
-27.049999441951513,42.70000159740448,0.8511898177453807,2.1853721239201267
-26.999999441206455,42.70000159740448,0.8735455436762694,2.21298573835902
-26.89999943971634,42.800001598894596,0.8295630294403845,2.1853721239201267
-26.84999943897128,42.800001598894596,0.8511898177453807,2.21298573835902
-26.799999438226223,42.850001599639654,0.8295630294403845,2.200520812602108
-26.749999437481165,42.850001599639654,0.8547511712034664,2.2274472549594533
-26.699999436736107,42.90000160038471,0.8404326178378946,2.21298573835902
-26.64999943599105,42.90000160038471,0.8700467438965735,2.241311159525111
-26.59999943524599,42.95000160112977,0.8630145971136167,2.2274472549594533
-26.549999434500933,42.95000160112977,0.8965856263134644,2.25458757830292
-26.499999433755875,43.00000160187483,0.8816653987572671,2.241311159525111
-26.449999433010817,43.00000160187483,0.9101801821016996,2.270323902217819
-26.299999430775642,43.15000160411,0.8700467438965735,2.245914998173975
-26.249999430030584,43.15000160411,0.9011357936854637,2.2789110881867614
-26.09999942779541,43.30000160634518,0.8960155271710525,2.274873771031409
-26.049999427050352,43.30000160634518,0.9313708667572156,2.3102291106175716
-25.649999421089888,43.70000161230564,0.9313708667572156,2.330316223480648
-25.649999421089888,43.7500016130507,0.8960155271710525,2.300000037252903
-25.59999942034483,43.80000161379576,0.8960155271710525,2.310975943314401
-25.59999942034483,43.850001614540815,0.8606601875848896,2.2824383544524953
-25.499999418854713,43.95000161603093,0.8700467438965735,2.300000037252903
-25.499999418854713,44.00000161677599,0.8404326178378946,2.270323902217819
-25.449999418109655,44.05000161752105,0.8547511712034664,2.2824383544524953
-25.449999418109655,44.100001618266106,0.8295630294403845,2.25458757830292
-25.399999417364597,44.150001619011164,0.8511898177453807,2.269817843848847
-25.399999417364597,44.20000161975622,0.8295630294403845,2.2438699183864865
-25.34999941661954,44.25000162050128,0.8404326178378946,2.2622144871388805
-25.34999941661954,44.30000162124634,0.8124228516521053,2.2382371043798854
-25.29999941587448,44.350001621991396,0.8295630294403845,2.259674811901779
-25.29999941587448,44.400001622736454,0.8000000149011612,2.2377243849747046
-25.249999415129423,44.45000162348151,0.8124228516521053,2.259674811901779
-25.249999415129423,44.50000162422657,0.7861541608606429,2.2377243849747046
-25.199999414384365,44.55000162497163,0.8062306048689096,2.259674811901779
-25.199999414384365,44.7000016272068,0.7486833121869966,2.19635142897277
-25.149999413639307,44.75000162795186,0.7823441498574933,2.2233241993208708
-25.149999413639307,44.900001630187035,0.7178780012117388,2.1711811756092274
-25.09999941289425,44.95000163093209,0.7394147254011668,2.19635142897277
-25.09999941289425,45.05000163242221,0.6944272043279197,2.1584953181584696
-25.04999941214919,45.10000163316727,0.7192388292402375,2.1879908228357463
-25.04999941214919,45.3000016361475,0.6631338379432997,2.1286262391382382
-24.999999411404133,45.35000163689256,0.7013878322977225,2.1648467533160556
-24.999999411404133,45.60000164061785,0.6246211374113445,2.1162469988948636
-24.949999410659075,45.650001641362906,0.6544003872633107,2.153720494261132
-24.949999410659075,46.150001648813486,0.551664830119324,2.0588714332751104
-24.899999409914017,46.200001649558544,0.590569426822497,2.1048861486687014
-24.899999409914017,46.700001657009125,0.5017834528382981,2.05055552052127
-24.84999940916896,46.75000165775418,0.5500000111758709,2.094558815308343
-24.84999940916896,47.25000166520476,0.5017834528382981,2.045551190749882
-24.7999994084239,47.30000166594982,0.5500000111758709,2.0852790104585983
-24.7999994084239,47.8000016734004,0.5017834528382981,2.045551190749882
-24.749999407678843,47.85000167414546,0.5500000111758709,2.0852790104585983
-24.749999407678843,48.30000168085098,0.5071067917232597,2.045551190749882
-24.699999406933784,48.35000168159604,0.551664830119324,2.0852790104585983
-24.699999406933784,48.90000168979168,0.5017834528382981,2.036068010819799
-24.649999406188726,48.95000169053674,0.5500000111758709,2.077059541277971
-24.649999406188726,49.3500016964972,0.5158910638314256,2.045551190749882
-24.59999940544367,49.40000169724226,0.5566373087958522,2.0852790104585983
-24.59999940544367,49.800001703202724,0.5500000111758709,2.0500000335276125
-24.54999940469861,49.85000170394778,0.590569426822497,2.1000000342726706
-24.54999940469861,50.300001710653305,0.5280109997762609,2.0522211594717517
-24.499999403953552,50.35000171139836,0.5648529384361146,2.1005434483462366
-24.499999403953552,50.70000171661377,0.5280109997762609,2.0699119263875563
-24.449999403208494,50.75000171735883,0.5648529384361146,2.1135470947263926
-24.449999403208494,51.00000172108412,0.5500000111758709,2.1000000342726706
-24.399999402463436,51.050001721829176,0.590569426822497,2.1500000350177286
-24.399999402463436,51.15000172331929,0.5648529384361146,2.143608363974079
-24.349999401718378,51.20000172406435,0.6062257868435552,2.183799523733424
-24.349999401718378,51.350001726299524,0.600000011920929,2.1632604948346197
-24.29999940097332,51.40000172704458,0.6500000126659871,2.2083189516452078
-24.29999940097332,51.55000172927976,0.6139410419336518,2.200520812602108
-24.249999400228262,51.600001730024815,0.6558621511845243,2.2500000365078447
-24.249999400228262,51.70000173151493,0.6500000126659871,2.2382371043798854
-24.199999399483204,51.75000173225999,0.68600227053593,2.273863412234033
-24.199999399483204,51.80000173300505,0.6732124728405287,2.2622144871388805
-24.149999398738146,51.850001733750105,0.7013878322977225,2.300000037252903
-24.149999398738146,51.90000173449516,0.68600227053593,2.2864633888824626
-24.099999397993088,51.95000173524022,0.7219544594674806,2.3223996887125717
-24.099999397993088,52.00000173598528,0.7124143931407667,2.310975943314401
-24.04999939724803,52.05000173673034,0.7486833121869966,2.3480384992169134
-24.04999939724803,52.100001737475395,0.7340770985323035,2.3347584088981583
-23.99999939650297,52.15000173822045,0.7708244064137908,2.370992064747255
-23.99999939650297,52.20000173896551,0.7617692174150451,2.3597851853778122
-23.899999395012856,52.30000174045563,0.8062306048689096,2.417728061548872
-23.899999395012856,52.350001741200686,0.7848857948555522,2.3942243928715246
-23.79999939352274,52.4500017426908,0.8295630294403845,2.424880988795112
-23.79999939352274,52.50000174343586,0.8062306048689096,2.3927784711282443
-23.199999384582043,53.100001752376556,0.8124228516521053,2.3059928545705364
-23.149999383836985,53.100001752376556,0.8307764217641807,2.330316223480648
-23.04999938234687,53.20000175386667,0.7823441498574933,2.2884734647070046
-22.99999938160181,53.20000175386667,0.7962429571037405,2.3079872781688127
-22.899999380111694,53.30000175535679,0.7124143931407667,2.259674811901779
-22.849999379366636,53.30000175535679,0.7219544594674806,2.273863412234033
-22.799999378621578,53.35000175610185,0.68600227053593,2.2382371043798854
-22.699999377131462,53.35000175610185,0.7013878322977225,2.25458757830292
-22.649999376386404,53.400001756846905,0.6558621511845243,2.2083189516452078
-22.599999375641346,53.400001756846905,0.6631338379432997,2.21298573835902
-22.549999374896288,53.45000175759196,0.6246211374113445,2.169071583398344
-22.449999373406172,53.45000175759196,0.6500000126659871,2.183799523733424
-22.399999372661114,53.50000175833702,0.600000011920929,2.143608363974079
-22.299999371170998,53.50000175833702,0.600000011920929,2.1264780594935924
-22.24999937042594,53.55000175908208,0.5500000111758709,2.0699119263875563
-21.94999936595559,53.55000175908208,0.5433034484420096,2.045551190749882
-21.899999365210533,53.60000175982714,0.4800735355706574,1.9868928054501456
