# s_m;x_m;y_m;psi_rad;kappa_radpm;vx_mps;ax_mps2
0.000000;-21.899999;53.600002;-2.927831;0.298720;2.850000;0.000000
0.199993;-22.096693;53.557304;-2.897831;0.297421;2.850000;0.000000
0.399986;-22.290738;53.502822;-2.837726;0.298880;2.850000;0.000000
0.599980;-22.481140;53.436750;-2.777056;0.303044;2.850000;0.000000
0.799973;-22.666907;53.359279;-2.715359;0.309846;2.850000;-0.033913
0.999966;-22.847046;53.270603;-2.652189;0.319193;2.847619;-0.385204
1.199959;-23.020564;53.170914;-2.587113;0.330935;2.820436;-0.318294
1.399952;-23.186467;53.060404;-2.519727;0.344829;2.797775;-0.228374
1.599946;-23.343763;52.939267;-2.449669;0.360498;2.781402;-0.115057
1.799939;-23.491459;52.807696;-2.376654;0.377377;2.773117;-0.017140
1.999932;-23.628503;52.665947;-2.301521;0.390456;2.771881;-0.017140
2.199925;-23.753827;52.514947;-2.227774;0.363790;2.770644;0.190254
2.399918;-23.868319;52.355012;-2.158976;0.335152;2.784343;0.384415
2.599912;-23.972480;52.187094;-2.095573;0.306227;2.811819;0.540452
2.799905;-24.066814;52.012141;-2.037473;0.278227;2.850000;0.000000
2.999898;-24.151824;51.831106;-1.984454;0.251924;2.850000;0.000000
3.199891;-24.228012;51.644937;-1.936214;0.227735;2.850000;0.000000
3.399884;-24.295881;51.454586;-1.892414;0.205812;2.850000;0.000000
3.599878;-24.355934;51.261002;-1.852703;0.186134;2.850000;0.000000
3.799871;-24.408673;51.065137;-1.816748;0.168567;2.850000;0.000000
3.999864;-24.454576;50.868058;-1.784265;0.152911;2.850000;0.000000
4.199857;-24.494110;50.671002;-1.755024;0.137430;2.850000;0.000000
4.399850;-24.528101;50.473484;-1.729097;0.121212;2.850000;0.000000
4.599844;-24.557237;50.275558;-1.706513;0.104496;2.850000;0.000000
4.799837;-24.582206;50.077279;-1.687328;0.087468;2.850000;0.000000
4.999830;-24.603694;49.878702;-1.671574;0.070268;2.850000;0.000000
5.199823;-24.622390;49.679883;-1.659266;0.052986;2.850000;0.000000
5.399816;-24.638982;49.480876;-1.650413;0.035679;2.850000;0.000000
5.599810;-24.654157;49.281736;-1.645016;0.018375;2.850000;0.000000
5.799803;-24.668602;49.082518;-1.643071;0.001081;2.850000;0.000000
5.999796;-24.683007;48.883255;-1.644066;-0.012839;2.850000;0.000000
6.199789;-24.697861;48.683908;-1.646268;-0.010979;2.850000;0.000000
6.399782;-24.713153;48.484575;-1.648277;-0.009119;2.850000;0.000000
6.599776;-24.728811;48.285250;-1.649914;-0.007259;2.850000;0.000000
6.799769;-24.744759;48.085927;-1.651180;-0.005401;2.850000;0.000000
6.999762;-24.760925;47.886598;-1.652074;-0.003544;2.850000;0.000000
7.199755;-24.777234;47.687258;-1.652597;-0.001687;2.850000;0.000000
7.399748;-24.793612;47.487900;-1.652749;0.000168;2.850000;0.000000
7.599742;-24.809985;47.288517;-1.652530;0.002022;2.850000;0.000000
7.799735;-24.826280;47.089102;-1.651943;0.003875;2.850000;0.000000
7.999728;-24.842427;46.889595;-1.651626;0.001233;2.850000;0.000000
8.199721;-24.858620;46.689867;-1.653629;-0.019316;2.850000;0.000000
8.399714;-24.875581;46.490267;-1.659561;-0.039924;2.850000;0.000000
8.599708;-24.894125;46.290935;-1.669626;-0.060645;2.850000;0.000000
8.799701;-24.915068;46.092015;-1.683841;-0.081499;2.850000;0.000000
8.999694;-24.939228;45.893649;-1.702222;-0.102464;2.850000;0.000000
9.199687;-24.967420;45.695978;-1.724778;-0.123449;2.850000;0.000000
9.399680;-25.000459;45.499144;-1.751501;-0.144286;2.850000;0.000000
9.599674;-25.039163;45.303291;-1.782356;-0.164712;2.850000;0.000000
9.799667;-25.084347;45.108559;-1.817291;-0.184356;2.850000;0.000000
9.999660;-25.136914;44.914788;-1.856001;-0.200918;2.850000;0.000000
10.199653;-25.197762;44.721737;-1.897680;-0.212541;2.850000;0.000000
10.399646;-25.266928;44.531320;-1.942156;-0.226597;2.850000;0.000000
10.599640;-25.344652;44.344544;-1.989666;-0.243129;2.850000;0.000000
10.799633;-25.431172;44.162412;-2.040605;-0.262130;2.850000;0.000000
10.999626;-25.526729;43.985929;-2.095361;-0.283496;2.850000;-0.225846
11.199619;-25.631562;43.816100;-2.154296;-0.306955;2.834107;-0.404714
11.399612;-25.745909;43.653930;-2.217717;-0.331988;2.805403;-0.235445
11.599606;-25.870010;43.500424;-2.285840;-0.357750;2.788568;-0.046113
11.799599;-26.004104;43.356586;-2.358587;-0.383001;2.785259;-0.017290
11.999592;-26.147937;43.223823;-2.433648;-0.387059;2.784017;-0.017290
12.199585;-26.300686;43.102723;-2.505696;-0.351546;2.782774;0.260415
12.399578;-26.462254;42.991799;-2.571041;-0.314894;2.801427;0.511206
12.599572;-26.631615;42.890350;-2.629674;-0.278958;2.837688;0.175078
12.799565;-26.807745;42.797674;-2.681799;-0.244888;2.850000;0.000000
12.999558;-26.989620;42.713069;-2.727736;-0.213252;2.850000;0.000000
13.199551;-27.176215;42.635834;-2.767852;-0.184195;2.850000;0.000000
13.399544;-27.366505;42.565265;-2.802519;-0.157575;2.850000;0.000000
13.599538;-27.559467;42.500662;-2.832078;-0.133071;2.850000;0.000000
13.799531;-27.754075;42.441323;-2.856834;-0.110244;2.850000;0.000000
13.999524;-27.949389;42.386527;-2.877465;-0.092550;2.850000;0.000000
14.199517;-28.144851;42.335639;-2.895147;-0.082025;2.850000;0.000000
14.399510;-28.340288;42.288193;-2.910538;-0.070979;2.850000;0.000000
14.599504;-28.535712;42.243687;-2.923620;-0.059516;2.850000;0.000000
14.799497;-28.731134;42.201624;-2.934342;-0.047730;2.850000;0.000000
14.999490;-28.926566;42.161502;-2.942668;-0.035705;2.850000;0.000000
15.199483;-29.122021;42.122824;-2.948569;-0.023514;2.850000;0.000000
15.399476;-29.317511;42.085089;-2.952028;-0.011226;2.850000;0.000000
15.599470;-29.513046;42.047799;-2.953036;0.001099;2.850000;0.000000
15.799463;-29.708640;42.010453;-2.951608;0.013400;2.850000;0.000000
15.999456;-29.904331;41.972553;-2.948534;0.018398;2.850000;0.000000
16.199449;-30.100153;41.933914;-2.945659;0.011225;2.850000;0.000000
16.399442;-30.296076;41.894799;-2.944129;0.004094;2.850000;0.000000
16.599436;-30.492118;41.855494;-2.944021;-0.003006;2.850000;0.000000
16.799429;-30.688295;41.816284;-2.945330;-0.010088;2.850000;0.000000
16.999422;-30.884624;41.777455;-2.948058;-0.017164;2.850000;0.000000
17.199415;-31.081124;41.739294;-2.952202;-0.024246;2.850000;0.000000
17.399408;-31.277810;41.702086;-2.957766;-0.031344;2.850000;0.000000
17.599402;-31.474700;41.666118;-2.964751;-0.038464;2.850000;0.000000
17.799395;-31.671811;41.631675;-2.973150;-0.045612;2.850000;0.000000
17.999388;-31.869166;41.599037;-2.982415;-0.047635;2.850000;0.000000
18.199381;-32.066768;41.568270;-2.991309;-0.041791;2.850000;0.000000
18.399374;-32.264585;41.539161;-2.999079;-0.035925;2.850000;0.000000
18.599368;-32.462592;41.511475;-3.005674;-0.030044;2.850000;0.000000
18.799361;-32.660763;41.484979;-3.011092;-0.024155;2.850000;0.000000
18.999354;-32.859076;41.459438;-3.015333;-0.018264;2.850000;0.000000
19.199347;-33.057505;41.434618;-3.018397;-0.012375;2.850000;0.000000
19.399340;-33.256025;41.410286;-3.020283;-0.006488;2.850000;0.000000
19.599334;-33.454613;41.386207;-3.020992;-0.000606;2.850000;0.000000
19.799327;-33.653244;41.362148;-3.020521;0.005270;2.850000;0.000000
19.999320;-33.851897;41.337871;-3.018713;0.012639;2.850000;0.000000
20.199313;-34.050523;41.313083;-3.015227;0.022073;2.850000;0.000000
20.399306;-34.249033;41.287418;-3.009864;0.031523;2.850000;0.000000
20.599300;-34.447342;41.260506;-3.002607;0.040999;2.850000;0.000000
20.799293;-34.645365;41.231976;-2.993453;0.050508;2.850000;0.000000
20.999286;-34.843018;41.201458;-2.982398;0.060047;2.850000;0.000000
21.199279;-35.040215;41.168582;-2.969438;0.069608;2.850000;0.000000
21.399272;-35.236872;41.132977;-2.954570;0.079171;2.850000;0.000000
21.599266;-35.432904;41.094272;-2.937797;0.088706;2.850000;0.000000
21.799259;-35.628228;41.052097;-2.919133;0.098169;2.850000;0.000000
21.999252;-35.822774;41.006082;-2.898903;0.104488;2.850000;0.000000
22.199245;-36.016429;40.955990;-2.877759;0.107122;2.850000;0.000000
22.399238;-36.209016;40.901746;-2.856049;0.109888;2.850000;0.000000
22.599232;-36.400377;40.843276;-2.833771;0.112780;2.850000;0.000000
22.799225;-36.590356;40.780507;-2.810904;0.115789;2.850000;0.000000
22.999218;-36.778796;40.713367;-2.787428;0.118902;2.850000;0.000000
23.199211;-36.965538;40.641782;-2.763326;0.122107;2.850000;0.000000
23.399204;-37.150428;40.565679;-2.738582;0.125389;2.850000;0.000000
23.599198;-37.333307;40.484985;-2.713182;0.128729;2.850000;0.000000
23.799191;-37.514018;40.399628;-2.687140;0.132106;2.850000;0.000000
23.999184;-37.692291;40.309601;-2.660908;0.130967;2.850000;0.000000
24.199177;-37.868057;40.215003;-2.635396;0.124765;2.850000;0.000000
24.399170;-38.041486;40.116015;-2.611099;0.118555;2.850000;0.000000
24.599164;-38.212621;40.012888;-2.588027;0.112377;2.850000;0.000000
24.799157;-38.381506;39.905875;-2.566169;0.106264;2.850000;0.000000
24.999150;-38.548182;39.795227;-2.545511;0.100240;2.850000;0.000000
25.199143;-38.712694;39.681197;-2.526038;0.094323;2.850000;0.000000
25.399136;-38.875084;39.564037;-2.507732;0.088524;2.850000;0.000000
25.599130;-39.035395;39.443997;-2.490571;0.082847;2.850000;0.000000
25.799123;-39.193671;39.321331;-2.474527;0.077294;2.850000;0.000000
25.999116;-39.350022;39.196232;-2.459395;0.073687;2.850000;0.000000
26.199109;-39.504486;39.068856;-2.444804;0.072012;2.850000;0.000000
26.399102;-39.657024;38.939329;-2.430563;0.070313;2.850000;0.000000
26.599096;-39.807668;38.807719;-2.416669;0.068597;2.850000;0.000000
26.799089;-39.956449;38.674093;-2.403123;0.066868;2.850000;0.000000
26.999082;-40.103401;38.538517;-2.389927;0.065129;2.850000;0.000000
27.199075;-40.248554;38.401059;-2.377081;0.063385;2.850000;0.000000
27.399068;-40.391941;38.261785;-2.364585;0.061639;2.850000;0.000000
27.599062;-40.533594;38.120762;-2.352439;0.059894;2.850000;0.000000
27.799055;-40.673546;37.978058;-2.340634;0.058153;2.850000;0.000000
27.999048;-40.811892;37.833666;-2.329063;0.057485;2.850000;0.000000
28.199041;-40.948629;37.687627;-2.317524;0.057854;2.850000;0.000000
28.399034;-41.083660;37.540023;-2.305912;0.058236;2.850000;0.000000
28.599028;-41.216953;37.390865;-2.294223;0.058630;2.850000;0.000000
28.799021;-41.348478;37.240166;-2.282455;0.059036;2.850000;0.000000
28.999014;-41.478200;37.087940;-2.270605;0.059454;2.850000;0.000000
29.199007;-41.606090;36.934200;-2.258673;0.059883;2.850000;0.000000
29.399000;-41.732114;36.778957;-2.246654;0.060323;2.850000;0.000000
29.598994;-41.856241;36.622225;-2.234549;0.060773;2.850000;0.000000
29.798987;-41.978440;36.464017;-2.222357;0.061232;2.850000;0.000000
29.998980;-42.098702;36.304316;-2.210174;0.060729;2.850000;0.000000
30.198973;-42.217025;36.143155;-2.198168;0.059398;2.850000;0.000000
30.398966;-42.333424;35.980604;-2.186426;0.058062;2.850000;0.000000
30.598960;-42.447931;35.816709;-2.174951;0.056723;2.850000;0.000000
30.798953;-42.560581;35.651512;-2.163743;0.055382;2.850000;0.000000
30.998946;-42.671407;35.485061;-2.152802;0.054042;2.850000;0.000000
31.198939;-42.780442;35.317398;-2.142128;0.052704;2.850000;0.000000
31.398932;-42.887720;35.148568;-2.131719;0.051369;2.850000;0.000000
31.598926;-42.993276;34.978617;-2.121574;0.050040;2.850000;0.000000
31.798919;-43.097142;34.807589;-2.111689;0.048718;2.850000;0.000000
31.998912;-43.199275;34.635652;-2.101919;0.048865;2.850000;0.000000
32.198905;-43.299684;34.462792;-2.092022;0.050091;2.850000;0.000000
32.398898;-43.398369;34.288915;-2.081884;0.051326;2.850000;0.000000
32.598892;-43.495274;34.114016;-2.071497;0.052568;2.850000;0.000000
32.798885;-43.590344;33.938092;-2.060860;0.053816;2.850000;0.000000
32.998878;-43.683524;33.761138;-2.049973;0.055068;2.850000;0.000000
33.198871;-43.774759;33.583150;-2.038833;0.056324;2.850000;0.000000
33.398864;-43.863993;33.404124;-2.027440;0.057582;2.850000;0.000000
33.598858;-43.951173;33.224057;-2.015794;0.058840;2.850000;0.000000
33.798851;-44.036241;33.042943;-2.003894;0.060095;2.850000;0.000000
33.998844;-44.119106;32.860860;-1.991683;0.061926;2.850000;0.000000
34.198837;-44.199698;32.677787;-1.979069;0.064168;2.850000;0.000000
34.398830;-44.277940;32.493680;-1.966005;0.066442;2.850000;0.000000
34.598824;-44.353728;32.308549;-1.952483;0.068747;2.850000;0.000000
34.798817;-44.426958;32.122406;-1.938498;0.071080;2.850000;0.000000
34.998810;-44.497527;31.935260;-1.924045;0.073438;2.850000;0.000000
35.198803;-44.565331;31.747121;-1.909120;0.075817;2.850000;0.000000
35.398796;-44.630267;31.558001;-1.893720;0.078211;2.850000;0.000000
35.598790;-44.692230;31.367909;-1.877842;0.080617;2.850000;0.000000
35.798783;-44.751118;31.176855;-1.861512;0.083026;2.850000;0.000000
35.998776;-44.806845;30.984826;-1.845176;0.080740;2.850000;0.000000
36.198769;-44.859477;30.791889;-1.829558;0.075521;2.850000;0.000000
36.398762;-44.909196;30.598151;-1.814973;0.070314;2.850000;0.000000
36.598756;-44.956193;30.403704;-1.801425;0.065128;2.850000;0.000000
36.798749;-45.000657;30.208638;-1.788911;0.059970;2.850000;0.000000
36.998742;-45.042779;30.013045;-1.777425;0.054844;2.850000;0.000000
37.198735;-45.082749;29.817014;-1.766962;0.049752;2.850000;0.000000
37.398728;-45.120759;29.620638;-1.757517;0.044691;2.850000;0.000000
37.598722;-45.156997;29.424007;-1.749085;0.039657;2.850000;0.000000
37.798715;-45.191655;29.227212;-1.741618;0.034645;2.850000;0.000000
37.998708;-45.224994;29.029828;-1.734634;0.034761;2.850000;0.000000
38.198701;-45.256976;28.832091;-1.727362;0.037838;2.850000;0.000000
38.398694;-45.287436;28.634266;-1.719481;0.040912;2.850000;0.000000
38.598688;-45.316258;28.436326;-1.710990;0.043979;2.850000;0.000000
38.798681;-45.343323;28.238242;-1.701892;0.047032;2.850000;0.000000
38.998674;-45.368516;28.039985;-1.692189;0.050067;2.850000;0.000000
39.198667;-45.391720;27.841525;-1.681884;0.053074;2.850000;0.000000
39.398660;-45.412817;27.642836;-1.670982;0.056048;2.850000;0.000000
39.598654;-45.431691;27.443887;-1.659488;0.058979;2.850000;0.000000
39.798647;-45.448226;27.244651;-1.647450;0.061858;2.850000;0.000000
39.998640;-45.462289;27.045500;-1.635215;0.060962;2.850000;0.000000
40.198633;-45.473927;26.846231;-1.623297;0.058422;2.850000;0.000000
40.398626;-45.483246;26.646704;-1.611879;0.055907;2.850000;0.000000
40.598620;-45.490339;26.446960;-1.600954;0.053419;2.850000;0.000000
40.798613;-45.495302;26.247037;-1.590517;0.050958;2.850000;0.000000
40.998606;-45.498228;26.046976;-1.580564;0.048526;2.850000;0.000000
41.198599;-45.499212;25.846815;-1.571092;0.046122;2.850000;0.000000
41.398592;-45.498347;25.646593;-1.562095;0.043745;2.850000;0.000000
41.598586;-45.495727;25.446351;-1.553570;0.041396;2.850000;0.000000
41.798579;-45.491447;25.246126;-1.545485;0.039073;2.850000;0.000000
41.998572;-45.485592;25.046023;-1.537534;0.040059;2.850000;0.000000
42.198565;-45.478134;24.846030;-1.529288;0.042321;2.850000;0.000000
42.398558;-45.468985;24.646144;-1.520593;0.044592;2.850000;0.000000
42.598552;-45.458054;24.446390;-1.511444;0.046871;2.850000;0.000000
42.798545;-45.445254;24.246789;-1.501841;0.049157;2.850000;0.000000
42.998538;-45.430495;24.047365;-1.491782;0.051448;2.850000;0.000000
43.198531;-45.413689;23.848141;-1.481266;0.053740;2.850000;0.000000
43.398524;-45.394747;23.649140;-1.470294;0.056032;2.850000;0.000000
43.598518;-45.373579;23.450384;-1.458865;0.058320;2.850000;0.000000
43.798511;-45.350096;23.251897;-1.447023;0.060599;2.850000;0.000000
43.998504;-45.324233;23.053742;-1.435169;0.058452;2.850000;0.000000
44.198497;-45.296056;22.855893;-1.423853;0.054805;2.850000;0.000000
44.398490;-45.265708;22.658328;-1.413263;0.051158;2.850000;0.000000
44.598484;-45.233334;22.461041;-1.403399;0.047514;2.850000;0.000000
44.798477;-45.199079;22.264024;-1.394261;0.043878;2.850000;0.000000
44.998470;-45.163088;22.067270;-1.385848;0.040252;2.850000;0.000000
45.198463;-45.125506;21.870771;-1.378156;0.036638;2.850000;0.000000
45.398456;-45.086479;21.674521;-1.371186;0.033035;2.850000;0.000000
45.598450;-45.046151;21.478512;-1.364934;0.029445;2.850000;0.000000
45.798443;-45.004667;21.282738;-1.359340;0.025866;2.850000;0.000000
45.998436;-44.962128;21.087100;-1.353864;0.028240;2.850000;0.000000
46.198429;-44.918483;20.891704;-1.347792;0.032405;2.850000;0.000000
46.398422;-44.873581;20.696639;-1.340888;0.036585;2.850000;0.000000
46.598416;-44.827264;20.501961;-1.333147;0.040780;2.850000;0.000000
46.798409;-44.779377;20.307731;-1.324568;0.044990;2.850000;0.000000
46.998402;-44.729761;20.114006;-1.315149;0.049214;2.850000;0.000000
47.198395;-44.678258;19.920847;-1.304887;0.053447;2.850000;0.000000
47.398388;-44.624713;19.728311;-1.293783;0.057685;2.850000;0.000000
47.598382;-44.568967;19.536458;-1.281834;0.061922;2.850000;0.000000
47.798375;-44.510864;19.345346;-1.269134;0.066149;2.850000;0.000000
47.998368;-44.450266;19.154974;-1.256470;0.061584;2.850000;0.000000
48.198361;-44.387321;18.965336;-1.244846;0.054786;2.850000;0.000000
48.398354;-44.322292;18.776363;-1.234577;0.047980;2.850000;0.000000
48.598348;-44.255437;18.587972;-1.225665;0.041176;2.850000;0.000000
48.798341;-44.187012;18.400083;-1.218111;0.034382;2.850000;0.000000
48.998334;-44.117276;18.212612;-1.211912;0.027602;2.850000;0.000000
49.198327;-44.046487;18.025478;-1.207067;0.020835;2.850000;0.000000
49.398320;-43.974902;17.838599;-1.203573;0.014082;2.850000;0.000000
49.598314;-43.902779;17.651892;-1.201430;0.007338;2.850000;0.000000
49.798307;-43.830375;17.465276;-1.200546;0.000599;2.850000;0.000000
49.998300;-43.757961;17.278795;-1.200234;0.001621;2.850000;0.000000
50.198293;-43.685496;17.092366;-1.199648;0.004227;2.850000;0.000000
50.398286;-43.612876;16.906003;-1.198542;0.006832;2.850000;0.000000
50.598280;-43.540003;16.719746;-1.196915;0.009439;2.850000;0.000000
50.798273;-43.466783;16.533634;-1.194767;0.012046;2.850000;0.000000
50.998266;-43.393116;16.347707;-1.192097;0.014653;2.850000;0.000000
51.198259;-43.318909;16.162003;-1.188906;0.017261;2.850000;0.000000
51.398252;-43.244063;15.976563;-1.185193;0.019869;2.850000;0.000000
51.598246;-43.168482;15.791426;-1.180959;0.022477;2.850000;0.000000
51.798239;-43.092071;15.606631;-1.176280;0.025083;2.850000;0.000000
51.998232;-43.014758;15.422201;-1.171704;0.021443;2.850000;0.000000
52.198225;-42.936652;15.238097;-1.167886;0.016747;2.850000;0.000000
52.398218;-42.857926;15.054249;-1.165006;0.012051;2.850000;0.000000
52.598212;-42.778755;14.870584;-1.163065;0.007357;2.850000;0.000000
52.798205;-42.699312;14.687033;-1.162063;0.002664;2.850000;0.000000
52.998198;-42.619772;14.503523;-1.162000;-0.002028;2.850000;0.000000
53.198191;-42.540307;14.319985;-1.162875;-0.006722;2.850000;0.000000
53.398184;-42.461091;14.136346;-1.164688;-0.011416;2.850000;0.000000
53.598178;-42.382300;13.952537;-1.167441;-0.016112;2.850000;0.000000
53.798171;-42.304105;13.768485;-1.171023;-0.020811;2.850000;0.000000
53.998164;-42.226629;13.584108;-1.174689;-0.016961;2.850000;0.000000
54.198157;-42.149780;13.399472;-1.177579;-0.011944;2.850000;0.000000
54.398150;-42.073373;13.214657;-1.179466;-0.006926;2.850000;0.000000
54.598144;-41.997223;13.029737;-1.180349;-0.001908;2.850000;0.000000
54.798137;-41.921143;12.844788;-1.180229;0.003111;2.850000;0.000000
54.998130;-41.844948;12.659885;-1.179105;0.008129;2.850000;0.000000
55.198123;-41.768452;12.475105;-1.176978;0.013147;2.850000;0.000000
55.398116;-41.691469;12.290523;-1.173847;0.018163;2.850000;0.000000
55.598110;-41.613812;12.106214;-1.169713;0.023177;2.850000;0.000000
55.798103;-41.535296;11.922254;-1.164700;0.028186;2.850000;0.000000
55.998096;-41.455813;11.738771;-1.159582;0.024223;2.850000;0.000000
56.198089;-41.375435;11.555662;-1.155227;0.019338;2.850000;0.000000
56.398082;-41.294341;11.372845;-1.151847;0.014457;2.850000;0.000000
56.598076;-41.212712;11.190248;-1.149443;0.009581;2.850000;0.000000
56.798069;-41.130729;11.007800;-1.148014;0.004707;2.850000;0.000000
56.998062;-41.048573;10.825427;-1.147560;-0.000167;2.850000;0.000000
57.198055;-40.966427;10.643057;-1.148081;-0.005041;2.850000;0.000000
57.398048;-40.884470;10.460617;-1.149577;-0.009917;2.850000;0.000000
57.598042;-40.802884;10.278035;-1.152048;-0.014798;2.850000;0.000000
57.798035;-40.721850;10.095239;-1.155391;-0.019684;2.850000;0.000000
57.998028;-40.641451;9.912035;-1.158976;-0.017221;2.850000;0.000000
58.198021;-40.561690;9.728570;-1.162118;-0.014189;2.850000;0.000000
58.398014;-40.482460;9.544901;-1.164653;-0.011155;2.850000;0.000000
58.598008;-40.403647;9.361074;-1.166580;-0.008118;2.850000;0.000000
58.798001;-40.325140;9.177135;-1.167900;-0.005080;2.850000;0.000000
58.997994;-40.246825;8.993130;-1.168612;-0.002041;2.850000;0.000000
59.197987;-40.168591;8.809105;-1.168716;0.001000;2.850000;0.000000
59.397980;-40.090324;8.625106;-1.168212;0.004041;2.850000;0.000000
59.597974;-40.011912;8.441179;-1.167100;0.007083;2.850000;0.000000
59.797967;-39.933243;8.257370;-1.165464;0.010126;2.850000;0.000000
59.997960;-39.854225;8.073690;-1.163775;0.007622;2.850000;0.000000
60.197953;-39.774928;7.890131;-1.162525;0.004879;2.850000;0.000000
60.397946;-39.695451;7.706647;-1.161824;0.002137;2.850000;0.000000
60.597940;-39.615893;7.523191;-1.161671;-0.000605;2.850000;0.000000
60.797933;-39.536353;7.339717;-1.162066;-0.003347;2.850000;0.000000
60.997926;-39.456931;7.156179;-1.163009;-0.006087;2.850000;0.000000
61.197919;-39.377727;6.972530;-1.164500;-0.008826;2.850000;0.000000
61.397912;-39.298839;6.788723;-1.166540;-0.011563;2.850000;0.000000
61.597906;-39.220367;6.604712;-1.169126;-0.014297;2.850000;0.000000
61.797899;-39.142411;6.420451;-1.172139;-0.017028;2.850000;0.000000
61.997892;-39.065095;6.236081;-1.174966;-0.012436;2.850000;0.000000
62.197885;-38.988228;6.051492;-1.176987;-0.007777;2.850000;0.000000
62.397878;-38.911637;5.866760;-1.178076;-0.003121;2.850000;0.000000
62.597872;-38.835154;5.681963;-1.178235;0.001531;2.850000;0.000000
62.797865;-38.758610;5.497177;-1.177464;0.006182;2.850000;0.000000
62.997858;-38.681835;5.312480;-1.175762;0.010834;2.850000;0.000000
63.197851;-38.604660;5.127949;-1.173130;0.015486;2.850000;0.000000
63.397844;-38.526915;4.943662;-1.169567;0.020140;2.850000;0.000000
63.597838;-38.448431;4.759696;-1.165073;0.024796;2.850000;0.000000
63.797831;-38.369039;4.576128;-1.159842;0.029313;2.850000;0.000000
63.997824;-38.288640;4.393005;-1.154813;0.022776;2.850000;0.000000
64.197817;-38.207407;4.210251;-1.150911;0.016237;2.850000;0.000000
64.397810;-38.125581;4.027758;-1.148318;0.009700;2.850000;0.000000
64.597804;-38.043400;3.845424;-1.147031;0.003162;2.850000;0.000000
64.797797;-37.961103;3.663141;-1.147053;-0.003375;2.850000;0.000000
64.997790;-37.878931;3.480805;-1.148381;-0.009913;2.850000;0.000000
65.197783;-37.797122;3.298311;-1.151018;-0.016451;2.850000;0.000000
65.397776;-37.715917;3.115553;-1.154962;-0.022991;2.850000;0.000000
65.597770;-37.635553;2.932427;-1.160213;-0.029530;2.850000;0.000000
65.797763;-37.556271;2.748827;-1.166554;-0.035654;2.850000;0.000000
65.997756;-37.478231;2.564682;-1.172977;-0.030355;2.850000;0.000000
66.197749;-37.401304;2.380054;-1.178519;-0.025059;2.850000;0.000000
66.397742;-37.325299;2.195031;-1.183002;-0.019767;2.850000;0.000000
66.597736;-37.250023;2.009702;-1.186428;-0.014479;2.850000;0.000000
66.797729;-37.175284;1.824155;-1.188795;-0.009194;2.850000;0.000000
66.997722;-37.100890;1.638480;-1.190106;-0.003909;2.850000;0.000000
67.197715;-37.026649;1.452764;-1.190359;0.001377;2.850000;0.000000
67.397708;-36.952367;1.267098;-1.189555;0.006668;2.850000;0.000000
67.597702;-36.877854;1.081569;-1.187692;0.011966;2.850000;0.000000
67.797695;-36.802911;0.896254;-1.184942;0.016768;2.850000;0.000000
67.997688;-36.727334;0.711027;-1.182071;0.013197;2.850000;0.000000
68.197681;-36.651285;0.526042;-1.179789;0.009618;2.850000;0.000000
68.397674;-36.574893;0.341233;-1.178224;0.006034;2.850000;0.000000
68.597668;-36.498285;0.156535;-1.177376;0.002447;2.850000;0.000000
68.797661;-36.421591;-0.028117;-1.177246;-0.001141;2.850000;0.000000
68.997654;-36.344937;-0.212789;-1.177832;-0.004729;2.850000;0.000000
69.197647;-36.268453;-0.397546;-1.179137;-0.008314;2.850000;0.000000
69.397640;-36.192267;-0.582453;-1.181157;-0.011896;2.850000;0.000000
69.597634;-36.116507;-0.767576;-1.183894;-0.015471;2.850000;0.000000
69.797627;-36.041308;-0.952963;-1.187191;-0.018395;2.850000;0.000000
69.997620;-35.966806;-1.138490;-1.190427;-0.014855;2.850000;0.000000
70.197613;-35.892837;-1.324287;-1.193045;-0.011325;2.850000;0.000000
70.397606;-35.819275;-1.510286;-1.194958;-0.007801;2.850000;0.000000
70.597600;-35.745994;-1.696423;-1.196166;-0.004281;2.850000;0.000000
70.797593;-35.672869;-1.882632;-1.196671;-0.000763;2.850000;0.000000
70.997586;-35.599773;-2.068849;-1.196471;0.002755;2.850000;0.000000
71.197579;-35.526582;-2.255007;-1.195568;0.006275;2.850000;0.000000
71.397572;-35.453170;-2.441041;-1.193961;0.009800;2.850000;0.000000
71.597566;-35.379412;-2.626886;-1.191648;0.013332;2.850000;0.000000
71.797559;-35.305170;-2.812503;-1.188775;0.016142;2.850000;0.000000
71.997552;-35.230297;-2.998041;-1.185913;0.013238;2.850000;0.000000
72.197545;-35.154954;-3.183329;-1.183556;0.010325;2.850000;0.000000
72.397538;-35.079244;-3.368423;-1.181783;0.007406;2.850000;0.000000
72.597532;-35.003269;-3.553381;-1.180595;0.004484;2.850000;0.000000
72.797525;-34.927134;-3.738257;-1.179990;0.001559;2.850000;0.000000
72.997518;-34.850941;-3.923111;-1.179971;-0.001366;2.850000;0.000000
73.197511;-34.774794;-4.107997;-1.180537;-0.004290;2.850000;0.000000
73.397504;-34.698796;-4.292973;-1.181687;-0.007211;2.850000;0.000000
73.597498;-34.623049;-4.478094;-1.183420;-0.010126;2.850000;0.000000
73.797491;-34.547670;-4.663386;-1.185634;-0.012431;2.850000;0.000000
73.997484;-34.472790;-4.848728;-1.187964;-0.011292;2.850000;0.000000
74.197477;-34.398308;-5.034289;-1.190108;-0.010156;2.850000;0.000000
74.397470;-34.324187;-5.220038;-1.192026;-0.009025;2.850000;0.000000
74.597464;-34.250391;-5.405949;-1.193719;-0.007896;2.850000;0.000000
74.797457;-34.176883;-5.591994;-1.195186;-0.006770;2.850000;0.000000
74.997450;-34.103624;-5.778143;-1.196427;-0.005646;2.850000;0.000000
75.197443;-34.030578;-5.964368;-1.197444;-0.004522;2.850000;0.000000
75.397436;-33.957707;-6.150642;-1.198237;-0.003400;2.850000;0.000000
75.597430;-33.884974;-6.336936;-1.198805;-0.002277;2.850000;0.000000
75.797423;-33.812333;-6.523246;-1.199167;-0.001279;2.850000;0.000000
75.997416;-33.739714;-6.709647;-1.199389;-0.000877;2.850000;0.000000
76.197409;-33.667143;-6.896021;-1.199525;-0.000474;2.850000;0.000000
76.397402;-33.594601;-7.082374;-1.199579;-0.000071;2.850000;0.000000
76.597396;-33.522069;-7.268710;-1.199553;0.000333;2.850000;0.000000
76.797389;-33.449527;-7.455034;-1.199446;0.000736;2.850000;0.000000
76.997382;-33.376957;-7.641350;-1.199258;0.001140;2.850000;0.000000
77.197375;-33.304338;-7.827663;-1.198990;0.001542;2.850000;0.000000
77.397368;-33.231653;-8.013978;-1.198642;0.001945;2.850000;0.000000
77.597362;-33.158882;-8.200299;-1.198212;0.002346;2.850000;0.000000
77.797355;-33.086018;-8.386600;-1.197703;0.002750;2.850000;0.000000
77.997348;-33.013081;-8.572786;-1.197111;0.003163;2.850000;0.000000
78.197341;-32.940011;-8.758964;-1.196437;0.003578;2.850000;0.000000
78.397334;-32.866797;-8.945117;-1.195680;0.003993;2.850000;0.000000
78.597328;-32.793429;-9.131224;-1.194840;0.004408;2.850000;0.000000
78.797321;-32.719897;-9.317269;-1.193916;0.004825;2.850000;0.000000
78.997314;-32.646189;-9.503232;-1.192909;0.005244;2.850000;0.000000
79.197307;-32.572295;-9.689094;-1.191818;0.005664;2.850000;0.000000
79.397300;-32.498204;-9.874838;-1.190643;0.006086;2.850000;0.000000
79.597294;-32.423907;-10.060445;-1.189384;0.006510;2.850000;0.000000
79.797287;-32.349369;-10.245952;-1.188060;0.006785;2.850000;0.000000
79.997280;-32.274531;-10.431484;-1.186732;0.006550;2.850000;0.000000
80.197273;-32.199470;-10.616867;-1.185445;0.006313;2.850000;0.000000
80.397266;-32.124190;-10.802118;-1.184207;0.006073;2.850000;0.000000
80.597260;-32.048694;-10.987256;-1.183017;0.005832;2.850000;0.000000
80.797253;-31.972986;-11.172298;-1.181875;0.005589;2.850000;0.000000
80.997246;-31.897068;-11.357261;-1.180782;0.005344;2.850000;0.000000
81.197239;-31.820945;-11.542163;-1.179738;0.005098;2.850000;0.000000
81.397232;-31.744619;-11.727022;-1.178743;0.004850;2.850000;0.000000
81.597226;-31.668094;-11.911854;-1.177799;0.004601;2.850000;0.000000
81.797219;-31.591404;-12.096604;-1.176959;0.003915;2.850000;0.000000
81.997212;-31.514631;-12.281155;-1.176376;0.002021;2.850000;0.000000
82.197205;-31.437761;-12.465731;-1.176161;0.000131;2.850000;0.000000
82.397198;-31.360868;-12.650349;-1.176324;-0.001757;2.850000;0.000000
82.597192;-31.284026;-12.835026;-1.176864;-0.003644;2.850000;0.000000
82.797185;-31.207312;-13.019777;-1.177781;-0.005530;2.850000;0.000000
82.997178;-31.130799;-13.204619;-1.179076;-0.007418;2.850000;0.000000
83.197171;-31.054563;-13.389568;-1.180749;-0.009308;2.850000;0.000000
83.397164;-30.978679;-13.574641;-1.182801;-0.011202;2.850000;0.000000
83.597158;-30.903222;-13.759855;-1.185229;-0.013100;2.850000;0.000000
83.797151;-30.828250;-13.945264;-1.187887;-0.013756;2.850000;0.000000
83.997144;-30.753757;-14.130930;-1.190368;-0.011310;2.850000;0.000000
84.197137;-30.679698;-14.316728;-1.192385;-0.008859;2.850000;0.000000
84.397130;-30.605979;-14.502631;-1.193911;-0.006404;2.850000;0.000000
84.597124;-30.532504;-14.688611;-1.194946;-0.003948;2.850000;0.000000
84.797117;-30.459181;-14.874640;-1.195490;-0.001490;2.850000;0.000000
84.997110;-30.385913;-15.060689;-1.195542;0.000969;2.850000;0.000000
85.197103;-30.312606;-15.246732;-1.195102;0.003427;2.850000;0.000000
85.397096;-30.239166;-15.432739;-1.194171;0.005883;2.850000;0.000000
85.597090;-30.165497;-15.618683;-1.192752;0.008336;2.850000;0.000000
85.797083;-30.091523;-15.804499;-1.190985;0.009558;2.850000;0.000000
85.997076;-30.017220;-15.990126;-1.189239;0.008116;2.850000;0.000000
86.197069;-29.942604;-16.175663;-1.187760;0.006676;2.850000;0.000000
86.397062;-29.867732;-16.361121;-1.186568;0.005237;2.850000;0.000000
86.597056;-29.792659;-16.546516;-1.185665;0.003800;2.850000;0.000000
86.797049;-29.717443;-16.731862;-1.185048;0.002364;2.850000;0.000000
86.997042;-29.642139;-16.917172;-1.184719;0.000928;2.850000;0.000000
87.197035;-29.566803;-17.102459;-1.184677;-0.000507;2.850000;0.000000
87.397028;-29.491493;-17.287739;-1.184922;-0.001944;2.850000;0.000000
87.597022;-29.416264;-17.473025;-1.185453;-0.003382;2.850000;0.000000
87.797015;-29.341156;-17.658373;-1.186203;-0.004211;2.850000;0.000000
87.997008;-29.266182;-17.843829;-1.187000;-0.003844;2.850000;0.000000
88.197001;-29.191361;-18.029317;-1.187732;-0.003477;2.850000;0.000000
88.396994;-29.116677;-18.214836;-1.188390;-0.003108;2.850000;0.000000
88.596988;-29.042114;-18.400388;-1.188975;-0.002739;2.850000;0.000000
88.796981;-28.967656;-18.585973;-1.189486;-0.002369;2.850000;0.000000
88.996974;-28.893286;-18.771593;-1.189922;-0.001999;2.850000;0.000000
89.196967;-28.818988;-18.957248;-1.190285;-0.001629;2.850000;0.000000
89.396960;-28.744745;-19.142940;-1.190574;-0.001259;2.850000;0.000000
89.596954;-28.670541;-19.328670;-1.190789;-0.000889;2.850000;0.000000
89.796947;-28.596373;-19.514406;-1.190921;-0.000442;2.850000;0.000000
89.996940;-28.522233;-19.700120;-1.190950;0.000136;2.850000;0.000000
90.196933;-28.448079;-19.885853;-1.190865;0.000714;2.850000;0.000000
90.396926;-28.373893;-20.071591;-1.190665;0.001292;2.850000;0.000000
90.596920;-28.299654;-20.257319;-1.190348;0.001870;2.850000;0.000000
90.796913;-28.225345;-20.443022;-1.189917;0.002449;2.850000;0.000000
90.996906;-28.150946;-20.628687;-1.189369;0.003027;2.850000;0.000000
91.196899;-28.076438;-20.814298;-1.188706;0.003606;2.850000;0.000000
91.396892;-28.001802;-20.999842;-1.187926;0.004186;2.850000;0.000000
91.596886;-27.927018;-21.185303;-1.187032;0.004767;2.850000;0.000000
91.796879;-27.852056;-21.370698;-1.186064;0.004963;2.850000;0.000000
91.996872;-27.776901;-21.556043;-1.185116;0.004557;2.850000;0.000000
92.196865;-27.701586;-21.741300;-1.184245;0.004150;2.850000;0.000000
92.396858;-27.626122;-21.926481;-1.183456;0.003742;2.850000;0.000000
92.596852;-27.550522;-22.111601;-1.182749;0.003334;2.850000;0.000000
92.796845;-27.474798;-22.296671;-1.182123;0.002925;2.850000;0.000000
92.996838;-27.398963;-22.481704;-1.181579;0.002516;2.850000;0.000000
93.196831;-27.323029;-22.666714;-1.181117;0.002107;2.850000;0.000000
93.396824;-27.247007;-22.851714;-1.180736;0.001697;2.850000;0.000000
93.596818;-27.170912;-23.036716;-1.180439;0.001288;2.850000;0.000000
93.796811;-27.094775;-23.221682;-1.180247;0.000647;2.850000;0.000000
93.996804;-27.018631;-23.406602;-1.180216;-0.000315;2.850000;0.000000
94.196797;-26.942487;-23.591553;-1.180375;-0.001277;2.850000;0.000000
94.396790;-26.866384;-23.776540;-1.180727;-0.002239;2.850000;0.000000
94.596784;-26.790361;-23.961567;-1.181271;-0.003201;2.850000;0.000000
94.796777;-26.714457;-24.146641;-1.182008;-0.004163;2.850000;0.000000
94.996770;-26.638713;-24.331766;-1.182937;-0.005127;2.850000;0.000000
95.196763;-26.563166;-24.516949;-1.184058;-0.006092;2.850000;0.000000
95.396756;-26.487857;-24.702194;-1.185373;-0.007059;2.850000;0.000000
95.596750;-26.412825;-24.887507;-1.186878;-0.008028;2.850000;0.000000
95.796743;-26.338076;-25.072973;-1.188467;-0.007961;2.850000;0.000000
95.996736;-26.263598;-25.258611;-1.189913;-0.006571;2.850000;0.000000
96.196729;-26.189378;-25.444311;-1.191088;-0.005178;2.850000;0.000000
96.396722;-26.115360;-25.630065;-1.191984;-0.003783;2.850000;0.000000
96.596716;-26.041487;-25.815863;-1.192600;-0.002387;2.850000;0.000000
96.796709;-25.967704;-26.001694;-1.192938;-0.000990;2.850000;0.000000
96.996702;-25.893953;-26.187551;-1.192996;0.000407;2.850000;0.000000
97.196695;-25.820178;-26.373422;-1.192775;0.001803;2.850000;0.000000
97.396688;-25.746324;-26.559300;-1.192275;0.003198;2.850000;0.000000
97.596682;-25.672333;-26.745173;-1.191499;0.004590;2.850000;0.000000
97.796675;-25.598186;-26.930946;-1.190535;0.005126;2.850000;0.000000
97.996668;-25.523868;-27.116600;-1.189556;0.004711;2.850000;0.000000
98.196661;-25.449359;-27.302224;-1.188655;0.004297;2.850000;0.000000
98.396654;-25.374680;-27.487809;-1.187836;0.003886;2.850000;0.000000
98.596648;-25.299852;-27.673347;-1.187100;0.003475;2.850000;0.000000
98.796641;-25.224897;-27.858831;-1.186446;0.003065;2.850000;0.000000
98.996634;-25.149834;-28.044252;-1.185874;0.002657;2.850000;0.000000
99.196627;-25.074686;-28.229601;-1.185383;0.002248;2.850000;0.000000
99.396620;-24.999472;-28.414872;-1.184974;0.001840;2.850000;0.000000
99.596614;-24.924215;-28.600055;-1.184647;0.001432;2.850000;0.000000
99.796607;-24.848873;-28.785296;-1.184396;0.001079;2.850000;0.000000
99.996600;-24.773456;-28.970603;-1.184209;0.000784;2.850000;0.000000
100.196593;-24.698034;-29.155842;-1.184082;0.000487;2.850000;0.000000
100.396586;-24.622611;-29.341032;-1.184014;0.000190;2.850000;0.000000
100.596580;-24.547191;-29.526193;-1.184006;-0.000107;2.850000;0.000000
100.796573;-24.471778;-29.711347;-1.184057;-0.000405;2.850000;0.000000
100.996566;-24.396378;-29.896513;-1.184168;-0.000702;2.850000;0.000000
101.196559;-24.320995;-30.081713;-1.184338;-0.000998;2.850000;0.000000
101.396552;-24.245633;-30.266967;-1.184567;-0.001294;2.850000;0.000000
101.596546;-24.170297;-30.452295;-1.184857;-0.001590;2.850000;0.000000
101.796539;-24.095054;-30.637562;-1.185237;-0.002193;2.850000;0.000000
101.996532;-24.019920;-30.822797;-1.185764;-0.003068;2.850000;0.000000
102.196525;-23.944876;-31.008135;-1.186465;-0.003943;2.850000;0.000000
102.396518;-23.869961;-31.193576;-1.187341;-0.004817;2.850000;0.000000
102.596512;-23.795212;-31.379119;-1.188392;-0.005692;2.850000;0.000000
102.796505;-23.720668;-31.564764;-1.189619;-0.006569;2.850000;0.000000
102.996498;-23.646366;-31.750511;-1.191021;-0.007447;2.850000;0.000000
103.196491;-23.572345;-31.936359;-1.192599;-0.008328;2.850000;0.000000
103.396484;-23.498643;-32.122307;-1.194353;-0.009211;2.850000;0.000000
103.596478;-23.425297;-32.308354;-1.196272;-0.010098;2.850000;0.000000
103.796471;-23.352306;-32.494592;-1.198127;-0.008631;2.850000;0.000000
103.996464;-23.279624;-32.680978;-1.199510;-0.005265;2.850000;0.000000
104.196457;-23.207154;-32.867403;-1.200226;-0.001894;2.850000;0.000000
104.396450;-23.134766;-33.053825;-1.200268;0.001479;2.850000;0.000000
104.596444;-23.062331;-33.240205;-1.199635;0.004854;2.850000;0.000000
104.796437;-22.989720;-33.426504;-1.198326;0.008230;2.850000;0.000000
104.996430;-22.916802;-33.612682;-1.196344;0.011603;2.850000;0.000000
105.196423;-22.843449;-33.798698;-1.193686;0.014974;2.850000;0.000000
105.396416;-22.769532;-33.984514;-1.190356;0.018338;2.850000;0.000000
105.596410;-22.694921;-34.170089;-1.186381;0.021695;2.850000;0.000000
105.796403;-22.619538;-34.355289;-1.182242;0.020090;2.850000;0.000000
105.996396;-22.543425;-34.540164;-1.178744;0.014990;2.850000;0.000000
106.196389;-22.466741;-34.724849;-1.176256;0.009897;2.850000;0.000000
106.396382;-22.389680;-34.909414;-1.174785;0.004811;2.850000;0.000000
106.596376;-22.312431;-35.093924;-1.174331;-0.000271;2.850000;0.000000
106.796369;-22.235189;-35.278449;-1.174893;-0.005352;2.850000;0.000000
106.996362;-22.158145;-35.463055;-1.176472;-0.010434;2.850000;0.000000
107.196355;-22.081491;-35.647810;-1.179068;-0.015520;2.850000;0.000000
107.396348;-22.005420;-35.832781;-1.182681;-0.020612;2.850000;0.000000
107.596342;-21.930123;-36.018037;-1.187273;-0.025710;2.850000;0.000000
107.796335;-21.855751;-36.203705;-1.192218;-0.024252;2.850000;0.000000
107.996328;-21.782271;-36.389744;-1.196488;-0.018558;2.850000;0.000000
108.196321;-21.709489;-36.576036;-1.199630;-0.012859;2.850000;0.000000
108.396314;-21.637192;-36.762500;-1.201631;-0.007156;2.850000;0.000000
108.596308;-21.565165;-36.949059;-1.202492;-0.001451;2.850000;0.000000
108.796301;-21.493195;-37.135633;-1.202211;0.004255;2.850000;0.000000
108.996294;-21.421066;-37.322144;-1.200790;0.009961;2.850000;0.000000
109.196287;-21.348566;-37.508513;-1.198228;0.015666;2.850000;0.000000
109.396280;-21.275479;-37.694661;-1.194524;0.021368;2.850000;0.000000
109.596274;-21.201592;-37.880508;-1.189731;0.027064;2.850000;0.000000
109.796267;-21.126732;-38.065924;-1.184525;0.025578;2.850000;0.000000
109.996260;-21.050932;-38.250950;-1.179977;0.019993;2.850000;0.000000
110.196253;-20.974381;-38.435697;-1.176537;0.014414;2.850000;0.000000
110.396246;-20.897289;-38.620244;-1.174211;0.008840;2.850000;0.000000
110.596240;-20.819865;-38.804669;-1.173001;0.003269;2.850000;0.000000
110.796233;-20.742318;-38.989051;-1.172904;-0.002300;2.850000;0.000000
110.996226;-20.664855;-39.173468;-1.173921;-0.007870;2.850000;0.000000
111.196219;-20.587687;-39.357997;-1.176052;-0.013442;2.850000;0.000000
111.396212;-20.511021;-39.542719;-1.179298;-0.019018;2.850000;0.000000
111.596206;-20.435066;-39.727711;-1.183610;-0.024599;2.850000;0.000000
111.796199;-20.359992;-39.913097;-1.188342;-0.023289;2.850000;0.000000
111.996192;-20.285776;-40.098840;-1.192505;-0.018410;2.850000;0.000000
112.196185;-20.212249;-40.284842;-1.195699;-0.013528;2.850000;0.000000
112.396178;-20.139229;-40.471033;-1.197917;-0.008644;2.850000;0.000000
112.596172;-20.066533;-40.657344;-1.199157;-0.003759;2.850000;0.000000
112.796165;-19.993980;-40.843704;-1.199420;0.001127;2.850000;0.000000
112.996158;-19.921386;-41.030044;-1.198706;0.006014;2.850000;0.000000
113.196151;-19.848570;-41.216293;-1.197015;0.010901;2.850000;0.000000
113.396144;-19.775348;-41.402382;-1.194346;0.015787;2.850000;0.000000
113.596138;-19.701538;-41.588239;-1.190727;0.020673;2.850000;0.000000
113.796131;-19.626971;-41.773796;-1.186472;0.022175;2.850000;0.000000
113.996124;-19.551579;-41.959025;-1.182044;0.022134;2.850000;0.000000
114.196117;-19.475367;-42.143925;-1.177621;0.022095;2.850000;0.000000
114.396110;-19.398336;-42.328490;-1.173206;0.022056;2.850000;0.000000
114.596104;-19.320491;-42.512716;-1.168799;0.022019;2.850000;0.000000
114.796097;-19.241834;-42.696599;-1.164399;0.021982;2.850000;0.000000
114.996090;-19.162370;-42.880135;-1.160006;0.021947;2.850000;0.000000
115.196083;-19.082102;-43.063318;-1.155620;0.021913;2.850000;0.000000
115.396076;-19.001033;-43.246146;-1.151241;0.021880;2.850000;0.000000
115.596070;-18.919167;-43.428612;-1.146799;0.021848;2.850000;0.000000
115.796063;-18.836474;-43.610717;-1.141544;0.029968;2.850000;0.000000
115.996056;-18.752698;-43.792305;-1.134406;0.041380;2.850000;0.000000
116.196049;-18.667442;-43.973152;-1.124989;0.052819;2.850000;0.000000
116.396042;-18.580304;-44.153042;-1.113286;0.064280;2.850000;0.000000
116.596036;-18.490883;-44.331755;-1.099294;0.075746;2.850000;0.000000
116.796029;-18.398778;-44.509074;-1.083015;0.087184;2.850000;0.000000
116.996022;-18.303589;-44.684781;-1.064456;0.098543;2.850000;0.000000
117.196015;-18.204913;-44.858657;-1.043631;0.109754;2.850000;0.000000
117.396008;-18.102349;-45.030484;-1.020566;0.120724;2.850000;0.000000
117.596002;-17.995498;-45.200045;-0.995293;0.131339;2.850000;0.000000
117.795995;-17.883911;-45.367186;-0.967849;0.141841;2.850000;0.000000
117.995988;-17.767412;-45.531337;-0.938163;0.153169;2.850000;0.000000
118.195981;-17.645901;-45.691823;-0.906101;0.165416;2.850000;0.000000
118.395974;-17.519256;-45.848001;-0.871516;0.178600;2.850000;0.000000
118.595968;-17.387355;-45.999228;-0.834262;0.192699;2.850000;0.000000
118.795961;-17.250078;-46.144861;-0.794198;0.207638;2.850000;0.000000
118.995954;-17.107301;-46.284256;-0.751199;0.223275;2.850000;0.000000
119.195947;-16.958904;-46.416770;-0.705164;0.239377;2.850000;0.000000
119.395940;-16.804765;-46.541761;-0.656030;0.255613;2.850000;0.000000
119.595934;-16.644762;-46.658585;-0.603996;0.271533;2.850000;0.000000
119.795927;-16.478855;-46.766644;-0.550942;0.266149;2.850000;0.000000
119.995920;-16.307336;-46.865900;-0.499339;0.254442;2.850000;0.000000
120.195913;-16.130691;-46.956548;-0.449971;0.242664;2.850000;0.000000
120.395906;-15.949418;-47.038782;-0.402804;0.231111;2.850000;0.000000
120.595900;-15.764013;-47.112791;-0.357765;0.220012;2.850000;0.000000
120.795893;-15.574973;-47.178769;-0.314756;0.209541;2.850000;0.000000
120.995886;-15.382795;-47.236908;-0.273656;0.199820;2.850000;0.000000
121.195879;-15.187976;-47.287398;-0.234333;0.190933;2.850000;0.000000
121.395872;-14.991014;-47.330433;-0.196645;0.182934;2.850000;0.000000
121.595866;-14.792406;-47.366204;-0.160390;0.175854;2.850000;0.000000
121.795859;-14.593030;-47.394819;-0.124691;0.177465;2.850000;0.000000
121.995852;-14.392973;-47.416269;-0.088564;0.181519;2.850000;0.000000
122.195845;-14.192484;-47.430386;-0.051612;0.186159;2.850000;0.000000
122.395838;-13.991906;-47.436987;-0.013727;0.191352;2.850000;0.000000
122.595832;-13.791579;-47.435890;0.025184;0.197061;2.850000;0.000000
122.795825;-13.591847;-47.426910;0.065207;0.203233;2.850000;0.000000
122.995818;-13.393050;-47.409866;0.106421;0.209802;2.850000;0.000000
123.195811;-13.195530;-47.384574;0.148894;0.216681;2.850000;0.000000
123.395804;-12.999630;-47.350851;0.192683;0.223765;2.850000;0.000000
123.595798;-12.805691;-47.308515;0.237517;0.230923;2.850000;0.000000
123.795791;-12.614033;-47.257503;0.280961;0.210018;2.850000;0.000000
123.995784;-12.424530;-47.198514;0.319896;0.182224;2.850000;0.000000
124.195777;-12.236913;-47.132573;0.353357;0.154252;2.850000;0.000000
124.395770;-12.050921;-47.060712;0.381349;0.126540;2.850000;0.000000
124.595764;-11.866290;-46.983962;0.403923;0.099311;2.850000;0.000000
124.795757;-11.682759;-46.903351;0.421151;0.072622;2.850000;0.000000
124.995750;-11.500065;-46.819910;0.433099;0.046403;2.850000;0.000000
125.195743;-11.317947;-46.734670;0.439824;0.020500;2.850000;0.000000
125.395736;-11.136141;-46.648660;0.441353;-0.005294;2.850000;0.000000
125.595730;-10.954387;-46.562911;0.437975;-0.031211;2.850000;0.000000
125.795723;-10.772210;-46.478228;0.431939;-0.031829;2.850000;0.000000
125.995716;-10.589757;-46.394828;0.426036;-0.027046;2.850000;0.000000
126.195709;-10.407118;-46.312537;0.421103;-0.022201;2.850000;0.000000
126.395702;-10.224331;-46.231155;0.417150;-0.017305;2.850000;0.000000
126.595696;-10.041434;-46.150481;0.414184;-0.012369;2.850000;0.000000
126.795689;-9.858466;-46.070316;0.412209;-0.007405;2.850000;0.000000
126.995682;-9.675467;-45.990458;0.411227;-0.002422;2.850000;0.000000
127.195675;-9.492474;-45.910709;0.411242;0.002569;2.850000;0.000000
127.395668;-9.309526;-45.830869;0.412253;0.007558;2.850000;0.000000
127.595662;-9.126662;-45.750736;0.414181;0.012536;2.850000;0.000000
127.795655;-8.943900;-45.670136;0.416454;0.011008;2.850000;0.000000
127.995648;-8.761237;-45.589099;0.418386;0.008338;2.850000;0.000000
128.195641;-8.578642;-45.507728;0.419787;0.005675;2.850000;0.000000
128.395634;-8.396083;-45.426125;0.420656;0.003017;2.850000;0.000000
128.595628;-8.213529;-45.344391;0.420994;0.000363;2.850000;0.000000
128.795621;-8.030946;-45.262629;0.420801;-0.002288;2.850000;0.000000
128.995614;-7.848302;-45.180940;0.420078;-0.004938;2.850000;0.000000
129.195607;-7.665565;-45.099426;0.418825;-0.007588;2.850000;0.000000
129.395600;-7.482702;-45.018188;0.417041;-0.010240;2.850000;0.000000
129.595594;-7.299682;-44.937329;0.414802;-0.012894;2.850000;0.000000
129.795587;-7.116497;-44.856928;0.412625;-0.009631;2.850000;0.000000
129.995580;-6.933176;-44.776889;0.411111;-0.005507;2.850000;0.000000
130.195573;-6.749782;-44.697058;0.410422;-0.001380;2.850000;0.000000
130.395566;-6.566379;-44.617284;0.410559;0.002748;2.850000;0.000000
130.595560;-6.383031;-44.537413;0.411521;0.006877;2.850000;0.000000
130.795553;-6.199803;-44.457295;0.413309;0.011007;2.850000;0.000000
130.995546;-6.016760;-44.376777;0.415923;0.015138;2.850000;0.000000
131.195539;-5.833965;-44.295707;0.419363;0.019267;2.850000;0.000000
131.395532;-5.651484;-44.213934;0.423629;0.023395;2.850000;0.000000
131.595526;-5.469381;-44.131304;0.428715;0.027519;2.850000;0.000000
131.795519;-5.287578;-44.047604;0.434574;0.031121;2.850000;0.000000
131.995512;-5.106284;-43.962766;0.441159;0.034677;2.850000;0.000000
132.195505;-4.925603;-43.876681;0.448457;0.038249;2.850000;0.000000
132.395498;-4.745619;-43.789231;0.456469;0.041837;2.850000;0.000000
132.595492;-4.566419;-43.700300;0.465200;0.045442;2.850000;0.000000
132.795485;-4.388087;-43.609771;0.474650;0.049063;2.850000;0.000000
132.995478;-4.210708;-43.517526;0.484823;0.052698;2.850000;0.000000
133.195471;-4.034370;-43.423448;0.495719;0.056343;2.850000;0.000000
133.395464;-3.859156;-43.327421;0.507342;0.059994;2.850000;0.000000
133.595458;-3.685153;-43.229328;0.519616;0.063646;2.850000;0.000000
133.795451;-3.512272;-43.128985;0.532058;0.061688;2.850000;0.000000
133.995444;-3.340645;-43.026521;0.544147;0.059273;2.850000;0.000000
134.195437;-3.170243;-42.922030;0.555753;0.056846;2.850000;0.000000
134.395430;-3.001023;-42.815600;0.566873;0.054410;2.850000;0.000000
134.595424;-2.832946;-42.707318;0.577508;0.051970;2.850000;0.000000
134.795417;-2.665969;-42.597274;0.587657;0.049529;2.850000;0.000000
134.995410;-2.500051;-42.485554;0.597320;0.047091;2.850000;0.000000
135.195403;-2.335150;-42.372247;0.606499;0.044657;2.850000;0.000000
135.395396;-2.171225;-42.257441;0.615193;0.042230;2.850000;0.000000
135.595390;-2.008234;-42.141223;0.623565;0.039812;2.850000;0.000000
135.795383;-1.846139;-42.023605;0.632474;0.047584;2.850000;0.000000
135.995376;-1.685175;-41.904450;0.642820;0.055735;2.850000;0.000000
136.195369;-1.525589;-41.783534;0.654801;0.063947;2.850000;0.000000
136.395362;-1.367629;-41.660635;0.668427;0.072221;2.850000;0.000000
136.595356;-1.211541;-41.535531;0.683707;0.080551;2.850000;0.000000
136.795349;-1.057574;-41.408000;0.700648;0.088923;2.850000;0.000000
136.995342;-0.905974;-41.277817;0.719257;0.097312;2.850000;0.000000
137.195335;-0.756989;-41.144761;0.739532;0.105682;2.850000;0.000000
137.395328;-0.610865;-41.008609;0.761471;0.113985;2.850000;0.000000
137.595322;-0.467854;-40.869142;0.784810;0.121996;2.850000;0.000000
137.795315;-0.328477;-40.726553;0.808491;0.117281;2.850000;0.000000
137.995308;-0.192371;-40.580632;0.831429;0.112603;2.850000;0.000000
138.195301;-0.059469;-40.431566;0.853456;0.107985;2.850000;0.000000
138.395294;0.070293;-40.279541;0.874587;0.103446;2.850000;0.000000
138.595288;0.196981;-40.124745;0.894835;0.099002;2.850000;0.000000
138.795281;0.320659;-39.967364;0.914217;0.094663;2.850000;0.000000
138.995274;0.441395;-39.807586;0.932752;0.090437;2.850000;0.000000
139.195267;0.559252;-39.645597;0.950457;0.086330;2.850000;0.000000
139.395260;0.674297;-39.481585;0.967353;0.082342;2.850000;0.000000
139.595254;0.786597;-39.315732;0.983530;0.078592;2.850000;0.000000
139.795247;0.896276;-39.148085;0.999307;0.078407;2.850000;0.000000
139.995240;1.003255;-38.978821;1.014989;0.078225;2.850000;0.000000
140.195233;1.107523;-38.807979;1.030628;0.078048;2.850000;0.000000
140.395226;1.209069;-38.635601;1.046226;0.077876;2.850000;0.000000
140.595220;1.307881;-38.461727;1.061785;0.077710;2.850000;0.000000
140.795213;1.403948;-38.286395;1.077306;0.077550;2.850000;0.000000
140.995206;1.497258;-38.109646;1.092791;0.077397;2.850000;0.000000
141.195199;1.587801;-37.931521;1.108242;0.077251;2.850000;0.000000
141.395192;1.675564;-37.752058;1.123661;0.077113;2.850000;0.000000
141.595186;1.760536;-37.571300;1.138853;0.076394;2.850000;0.000000
141.795179;1.842778;-37.389319;1.152957;0.066233;2.850000;0.000000
141.995172;1.922614;-37.206246;1.165167;0.056033;2.850000;0.000000
142.195165;2.000419;-37.022238;1.175342;0.045823;2.850000;0.000000
142.395158;2.076565;-36.837453;1.183481;0.035623;2.850000;0.000000
142.595152;2.151427;-36.652048;1.189585;0.025442;2.850000;0.000000
142.795145;2.225378;-36.466180;1.193659;0.015286;2.850000;0.000000
142.995138;2.298791;-36.280007;1.195704;0.005154;2.850000;0.000000
143.195131;2.372041;-36.093687;1.195723;-0.004958;2.850000;0.000000
143.395124;2.445500;-35.907377;1.193719;-0.015053;2.850000;0.000000
143.595118;2.519542;-35.721235;1.190211;-0.023071;2.850000;0.000000
143.795111;2.594340;-35.535361;1.187318;-0.008901;2.850000;0.000000
143.995104;2.669473;-35.349614;1.186954;0.005259;2.850000;0.000000
144.195097;2.744394;-35.163827;1.189427;0.019438;2.850000;0.000000
144.395090;2.818559;-34.977829;1.194743;0.033664;2.850000;0.000000
144.595084;2.891424;-34.791451;1.202909;0.047958;2.850000;0.000000
144.795077;2.962444;-34.604525;1.213935;0.062329;2.850000;0.000000
144.995070;3.031073;-34.416880;1.227830;0.076767;2.850000;0.000000
145.195063;3.096767;-34.228349;1.244602;0.091242;2.850000;0.000000
145.395056;3.158982;-34.038762;1.264252;0.105691;2.850000;0.000000
145.595050;3.217180;-33.847925;1.286419;0.118256;2.850000;0.000000
145.795043;3.270990;-33.655566;1.309672;0.116545;2.850000;0.000000
145.995036;3.320322;-33.461952;1.332793;0.114878;2.850000;0.000000
146.195029;3.365210;-33.267195;1.355593;0.113262;2.850000;0.000000
146.395022;3.405690;-33.071407;1.378083;0.111705;2.850000;0.000000
146.595016;3.441799;-32.874700;1.400275;0.110213;2.850000;0.000000
146.795009;3.473572;-32.677186;1.422183;0.108792;2.850000;0.000000
146.995002;3.501046;-32.478976;1.443819;0.107446;2.850000;0.000000
147.194995;3.524256;-32.280184;1.465198;0.106182;2.850000;0.000000
147.394988;3.543237;-32.080920;1.486331;0.105003;2.850000;0.000000
147.594982;3.558022;-31.881364;1.506984;0.102546;2.850000;0.000000
147.794975;3.568731;-31.681944;1.526354;0.092167;2.850000;0.000000
147.994968;3.575769;-31.482307;1.543725;0.081748;2.850000;0.000000
148.194961;3.579548;-31.282495;1.559022;0.071335;2.850000;0.000000
148.394954;3.580476;-31.082548;1.572247;0.060954;2.850000;0.000000
148.594948;3.578967;-30.882507;1.583407;0.050622;2.850000;0.000000
148.794941;3.575430;-30.682413;1.592509;0.040340;2.850000;0.000000
148.994934;3.570276;-30.482307;1.599559;0.030102;2.850000;0.000000
149.194927;3.563917;-30.282228;1.604563;0.019894;2.850000;0.000000
149.394920;3.556762;-30.082219;1.607525;0.009696;2.850000;0.000000
149.594914;3.549220;-29.882263;1.608617;0.000558;2.850000;0.000000
149.794907;3.541623;-29.682144;1.608442;-0.002968;2.850000;0.000000
149.994900;3.534150;-29.482140;1.607494;-0.006503;2.850000;0.000000
150.194893;3.526941;-29.282225;1.605839;-0.010044;2.850000;0.000000
150.394886;3.520135;-29.082375;1.603477;-0.013587;2.850000;0.000000
150.594880;3.513875;-28.882564;1.600406;-0.017130;2.850000;0.000000
150.794873;3.508299;-28.682766;1.596629;-0.020668;2.850000;0.000000
150.994866;3.503550;-28.482955;1.592145;-0.024197;2.850000;0.000000
151.194859;3.499766;-28.283108;1.586957;-0.027711;2.850000;0.000000
151.394852;3.497089;-28.083197;1.581069;-0.031206;2.850000;0.000000
151.594846;3.495658;-27.883248;1.574785;-0.032631;2.850000;0.000000
151.794839;3.495494;-27.683404;1.569078;-0.025399;2.850000;0.000000
151.994832;3.496345;-27.483475;1.564720;-0.018191;2.850000;0.000000
152.194825;3.497924;-27.283481;1.561801;-0.011003;2.850000;0.000000
152.394818;3.499944;-27.083442;1.560318;-0.003828;2.850000;0.000000
152.594812;3.502117;-26.883377;1.560269;0.003340;2.850000;0.000000
152.794805;3.504156;-26.683305;1.561655;0.010509;2.850000;0.000000
152.994798;3.505775;-26.483248;1.564475;0.017685;2.850000;0.000000
153.194791;3.506685;-26.283224;1.568731;0.024876;2.850000;0.000000
153.394784;3.506601;-26.083253;1.574425;0.032084;2.850000;0.000000
153.594778;3.505234;-25.883300;1.581198;0.036684;2.850000;0.000000
153.794771;3.502440;-25.683218;1.587896;0.031333;2.850000;0.000000
153.994764;3.498392;-25.483210;1.593627;0.025966;2.850000;0.000000
154.194757;3.493307;-25.283264;1.598283;0.020588;2.850000;0.000000
154.394750;3.487399;-25.083366;1.601862;0.015202;2.850000;0.000000
154.594744;3.480884;-24.883505;1.604363;0.009812;2.850000;0.000000
154.794737;3.473977;-24.683668;1.605785;0.004419;2.850000;0.000000
154.994730;3.466895;-24.483842;1.606130;-0.000975;2.850000;0.000000
155.194723;3.459851;-24.284015;1.605395;-0.006369;2.850000;0.000000
155.394716;3.453061;-24.084174;1.603584;-0.011762;2.850000;0.000000
155.594710;3.446740;-23.884312;1.600944;-0.015244;2.850000;0.000000
155.794703;3.441006;-23.684435;1.598208;-0.012699;2.850000;0.000000
155.994696;3.435779;-23.484529;1.595923;-0.010155;2.850000;0.000000
156.194689;3.430957;-23.284599;1.594146;-0.007613;2.850000;0.000000
156.394682;3.426440;-23.084653;1.592878;-0.005071;2.850000;0.000000
156.594676;3.422125;-22.884694;1.592118;-0.002531;2.850000;0.000000
156.794669;3.417912;-22.684730;1.591866;0.000009;2.850000;0.000000
156.994662;3.413698;-22.484765;1.592121;0.002549;2.850000;0.000000
157.194655;3.409382;-22.284805;1.592885;0.005090;2.850000;0.000000
157.394648;3.404863;-22.084855;1.594156;0.007631;2.850000;0.000000
157.594642;3.400039;-21.884916;1.595784;0.008956;2.850000;0.000000
157.794635;3.394869;-21.684980;1.597351;0.007000;2.850000;0.000000
157.994628;3.389419;-21.485060;1.598555;0.005042;2.850000;0.000000
158.194621;3.383767;-21.285150;1.599367;0.003085;2.850000;0.000000
158.394614;3.377993;-21.085247;1.599789;0.001127;2.850000;0.000000
158.594608;3.372173;-20.885346;1.599818;-0.000831;2.850000;0.000000
158.794601;3.366386;-20.685444;1.599456;-0.002789;2.850000;0.000000
158.994594;3.360711;-20.485537;1.598703;-0.004747;2.850000;0.000000
159.194587;3.355226;-20.285620;1.597557;-0.006704;2.850000;0.000000
159.394580;3.350008;-20.085688;1.596022;-0.008661;2.850000;0.000000
159.594574;3.345137;-19.885757;1.594202;-0.009726;2.850000;0.000000
159.794567;3.340648;-19.685849;1.592373;-0.008734;2.850000;0.000000
159.994560;3.336508;-19.485923;1.590726;-0.007742;2.850000;0.000000
160.194553;3.332678;-19.285980;1.589277;-0.006750;2.850000;0.000000
160.394546;3.329117;-19.086023;1.588026;-0.005759;2.850000;0.000000
160.594540;3.325787;-18.886054;1.586973;-0.004768;2.850000;0.000000
160.794533;3.322647;-18.686075;1.586119;-0.003777;2.850000;0.000000
160.994526;3.319658;-18.486088;1.585462;-0.002786;2.850000;0.000000
161.194519;3.316780;-18.286095;1.585004;-0.001796;2.850000;0.000000
161.394512;3.313974;-18.086099;1.584742;-0.000806;2.850000;0.000000
161.594506;3.311202;-17.886132;1.584552;-0.000908;2.850000;0.000000
161.794499;3.308473;-17.686226;1.584123;-0.003224;2.850000;0.000000
161.994492;3.305874;-17.486314;1.583246;-0.005541;2.850000;0.000000
162.194485;3.303495;-17.286390;1.581907;-0.007856;2.850000;0.000000
162.394478;3.301431;-17.086450;1.580105;-0.010170;2.850000;0.000000
162.594472;3.299773;-16.886489;1.577840;-0.012482;2.850000;0.000000
162.794465;3.298614;-16.686502;1.575113;-0.014791;2.850000;0.000000
162.994458;3.298046;-16.486484;1.571924;-0.017097;2.850000;0.000000
163.194451;3.298163;-16.286430;1.568273;-0.019399;2.850000;0.000000
163.394444;3.299056;-16.086337;1.564170;-0.021696;2.850000;0.000000
163.594438;3.300814;-15.886234;1.560057;-0.020001;2.850000;0.000000
163.794431;3.303353;-15.686159;1.557003;-0.011035;2.850000;0.000000
163.994424;3.306335;-15.486061;1.555691;-0.002080;2.850000;0.000000
164.194417;3.309399;-15.285958;1.556170;0.006873;2.850000;0.000000
164.394410;3.312188;-15.085870;1.558442;0.015832;2.850000;0.000000
164.594404;3.314343;-14.885814;1.562507;0.024808;2.850000;0.000000
164.794397;3.315505;-14.685810;1.568368;0.033806;2.850000;0.000000
164.994390;3.315314;-14.485877;1.576029;0.042829;2.850000;0.000000
165.194383;3.313413;-14.286033;1.585492;0.051874;2.850000;0.000000
165.394376;3.309441;-14.086296;1.596745;0.060934;2.850000;0.000000
165.594370;3.303045;-13.886570;1.608867;0.061500;2.850000;0.000000
165.794363;3.294224;-13.686776;1.619686;0.047701;2.850000;0.000000
165.994356;3.283498;-13.487082;1.627844;0.033885;2.850000;0.000000
166.194349;3.271419;-13.287457;1.633239;0.020067;2.850000;0.000000
166.394342;3.258538;-13.087875;1.635871;0.006254;2.850000;0.000000
166.594336;3.245408;-12.888305;1.635741;-0.007558;2.850000;0.000000
166.794329;3.232579;-12.688720;1.632848;-0.021372;2.850000;0.000000
166.994322;3.220604;-12.489090;1.627192;-0.035189;2.850000;0.000000
167.194315;3.210034;-12.289387;1.618773;-0.049005;2.850000;0.000000
167.394308;3.201422;-12.089583;1.607625;-0.062801;2.850000;0.000000
167.594302;3.195310;-11.889775;1.594836;-0.066332;2.850000;0.000000
167.794295;3.191815;-11.690017;1.582807;-0.054897;2.850000;0.000000
167.994288;3.190510;-11.490145;1.572975;-0.043486;2.850000;0.000000
168.194281;3.190943;-11.290182;1.565417;-0.032109;2.850000;0.000000
168.394274;3.192662;-11.090153;1.560129;-0.020766;2.850000;0.000000
168.594268;3.195212;-10.890080;1.557107;-0.009448;2.850000;0.000000
168.794261;3.198140;-10.689988;1.556347;0.001858;2.850000;0.000000
168.994254;3.200994;-10.489900;1.557850;0.013166;2.850000;0.000000
169.194247;3.203321;-10.289839;1.561617;0.024491;2.850000;0.000000
169.394240;3.204666;-10.089829;1.567633;0.035845;2.850000;0.000000
169.594234;3.204586;-9.889787;1.575187;0.040388;2.850000;0.000000
169.794227;3.202910;-9.689683;1.582738;0.035624;2.850000;0.000000
169.994220;3.199808;-9.489654;1.589387;0.030843;2.850000;0.000000
170.194213;3.195473;-9.289688;1.595076;0.026049;2.850000;0.000000
170.394206;3.190097;-9.089777;1.599806;0.021246;2.850000;0.000000
170.594200;3.183872;-8.889911;1.603573;0.016438;2.850000;0.000000
170.794193;3.176991;-8.690078;1.606379;0.011627;2.850000;0.000000
170.994186;3.169646;-8.490269;1.608223;0.006814;2.850000;0.000000
171.194179;3.162028;-8.290475;1.609104;0.002000;2.850000;0.000000
171.394172;3.154331;-8.090685;1.609027;-0.002814;2.850000;0.000000
171.594166;3.146744;-7.890890;1.608126;-0.006325;2.850000;0.000000
171.794159;3.139407;-7.691083;1.606674;-0.008272;2.850000;0.000000
171.994152;3.132400;-7.491259;1.604826;-0.010218;2.850000;0.000000
172.194145;3.125801;-7.291414;1.602588;-0.012164;2.850000;0.000000
172.394138;3.119688;-7.091543;1.599961;-0.014108;2.850000;0.000000
172.594132;3.114139;-6.891643;1.596946;-0.016052;2.850000;0.000000
172.794125;3.109231;-6.691710;1.593541;-0.017993;2.850000;0.000000
172.994118;3.105041;-6.491739;1.589749;-0.019931;2.850000;0.000000
173.194111;3.101649;-6.291727;1.585568;-0.021867;2.850000;0.000000
173.394104;3.099131;-6.091669;1.581014;-0.023798;2.850000;0.000000
173.594098;3.097561;-5.891659;1.576428;-0.022352;2.850000;0.000000
173.794091;3.096879;-5.691706;1.572475;-0.017334;2.850000;0.000000
173.994084;3.096890;-5.491716;1.569509;-0.012323;2.850000;0.000000
174.194077;3.097394;-5.291701;1.567545;-0.007318;2.850000;0.000000
174.394070;3.098191;-5.091671;1.566581;-0.002316;2.850000;0.000000
174.594064;3.099080;-4.891636;1.566618;0.002684;2.850000;0.000000
174.794057;3.099862;-4.691607;1.567655;0.007686;2.850000;0.000000
174.994050;3.100337;-4.491594;1.569693;0.012691;2.850000;0.000000
175.194043;3.100304;-4.291608;1.572732;0.017703;2.850000;0.000000
175.394036;3.099563;-4.091659;1.576758;0.022722;2.850000;0.000000
175.594030;3.097919;-3.891659;1.581382;0.023841;2.850000;0.000000
175.794023;3.095328;-3.691613;1.585865;0.021141;2.850000;0.000000
175.994016;3.091890;-3.491612;1.589824;0.018435;2.850000;0.000000
176.194009;3.087716;-3.291648;1.593240;0.015725;2.850000;0.000000
176.394002;3.082914;-3.091717;1.596114;0.013013;2.850000;0.000000
176.593996;3.077592;-2.891812;1.598444;0.010299;2.850000;0.000000
176.793989;3.071858;-2.691928;1.600232;0.007583;2.850000;0.000000
176.993982;3.065821;-2.492059;1.601477;0.004867;2.850000;0.000000
177.193975;3.059590;-2.292199;1.602179;0.002150;2.850000;0.000000
177.393968;3.053273;-2.092343;1.602339;-0.000567;2.850000;0.000000
177.593962;3.046978;-1.892488;1.601993;-0.002920;2.850000;0.000000
177.793955;3.040799;-1.692630;1.601207;-0.004957;2.850000;0.000000
177.993948;3.034818;-1.492761;1.600012;-0.006993;2.850000;0.000000
178.193941;3.029117;-1.292877;1.598410;-0.009029;2.850000;0.000000
178.393934;3.023776;-1.092976;1.596401;-0.011065;2.850000;0.000000
178.593928;3.018877;-0.893054;1.593985;-0.013099;2.850000;0.000000
178.793921;3.014502;-0.693107;1.591162;-0.015132;2.850000;0.000000
178.993914;3.010732;-0.493132;1.587932;-0.017163;2.850000;0.000000
179.193907;3.007647;-0.293124;1.584296;-0.019192;2.850000;0.000000
179.393900;3.005331;-0.093082;1.580276;-0.021218;2.850000;0.000000
179.593894;3.003855;0.106912;1.576269;-0.019170;2.850000;0.000000
179.793887;3.003142;0.306873;1.572961;-0.014005;2.850000;0.000000
179.993880;3.002989;0.506862;1.570676;-0.008845;2.850000;0.000000
180.193873;3.003190;0.706871;1.569423;-0.003688;2.850000;0.000000
180.393866;3.003539;0.906892;1.569201;0.001466;2.850000;0.000000
180.593860;3.003828;1.106915;1.570009;0.006620;2.850000;0.000000
180.793853;3.003853;1.306935;1.571849;0.011775;2.850000;0.000000
180.993846;3.003407;1.506941;1.574720;0.016934;2.850000;0.000000
181.193839;3.002284;1.706927;1.578623;0.022097;2.850000;0.000000
181.393832;3.000277;1.906883;1.583522;0.027264;2.850000;0.000000
181.593826;2.997194;2.106901;1.588788;0.025898;2.850000;0.000000
181.793819;2.993079;2.306950;1.593361;0.019949;2.850000;0.000000
181.993812;2.988165;2.506962;1.596757;0.013997;2.850000;0.000000
182.193805;2.982692;2.706940;1.598961;0.008043;2.850000;0.000000
182.393798;2.976898;2.906887;1.599975;0.002087;2.850000;0.000000
182.593792;2.971022;3.106805;1.599796;-0.003873;2.850000;0.000000
182.793785;2.965301;3.306697;1.598425;-0.009838;2.850000;0.000000
182.993778;2.959974;3.506565;1.595861;-0.015809;2.850000;0.000000
183.193771;2.955280;3.706411;1.592103;-0.021786;2.850000;0.000000
183.393764;2.951457;3.906239;1.587193;-0.027769;2.850000;0.000000
183.593758;2.948729;4.105924;1.581728;-0.027455;2.850000;0.000000
183.793751;2.947092;4.305533;1.576676;-0.023242;2.850000;0.000000
183.993744;2.946381;4.505171;1.572458;-0.019016;2.850000;0.000000
184.193737;2.946428;4.704866;1.569083;-0.014784;2.850000;0.000000
184.393730;2.947066;4.904646;1.566552;-0.010553;2.850000;0.000000
184.593724;2.948125;5.104538;1.564865;-0.006328;2.850000;0.000000
184.793717;2.949438;5.304570;1.564021;-0.002115;2.850000;0.000000
184.993710;2.950837;5.504769;1.564017;0.002082;2.850000;0.000000
185.193703;2.952153;5.705163;1.564853;0.006257;2.850000;0.000000
185.393696;2.953220;5.905780;1.566383;0.010406;2.850000;0.000000
185.593690;2.953928;6.107337;1.566584;-0.006635;2.850000;0.000000
185.793683;2.954920;6.309370;1.562285;-0.035671;2.850000;0.000000
185.993676;2.957366;6.511197;1.552127;-0.065034;2.850000;0.000000
186.193669;2.962448;6.712532;1.536017;-0.095024;2.850000;0.000000
186.393662;2.971349;6.913090;1.513855;-0.125849;2.850000;0.000000
186.593656;2.985252;7.112584;1.485523;-0.157573;2.850000;0.000000
186.793649;3.005340;7.310727;1.450908;-0.190047;2.850000;0.000000
186.993642;3.032794;7.507236;1.409938;-0.222837;2.850000;0.000000
187.193635;3.068799;7.701822;1.362619;-0.255152;2.850000;0.000000
187.393628;3.114536;7.894200;1.309591;-0.285802;2.850000;0.000000
187.593622;3.170639;8.082799;1.254313;-0.277787;2.850000;0.000000
187.793615;3.237044;8.268283;1.201763;-0.254901;2.850000;0.000000
187.993608;3.313078;8.451095;1.153498;-0.232551;2.850000;0.000000
188.193601;3.397916;8.631149;1.109335;-0.211190;2.850000;0.000000
188.393594;3.490736;8.808361;1.069102;-0.191077;2.850000;0.000000
188.593588;3.590713;8.982645;1.032599;-0.172324;2.850000;0.000000
188.793581;3.697026;9.153916;0.999621;-0.154931;2.850000;0.000000
188.993574;3.808850;9.322090;0.969964;-0.138822;2.850000;0.000000
189.193567;3.925363;9.487080;0.943441;-0.123866;2.850000;0.000000
189.393560;4.045740;9.648802;0.919797;-0.109896;2.850000;0.000000
189.593554;4.169747;9.807886;0.898514;-0.100993;2.850000;0.000000
189.793547;4.296684;9.964068;0.878933;-0.093704;2.850000;0.000000
189.993540;4.426106;10.117321;0.860905;-0.086005;2.850000;0.000000
190.193533;4.557813;10.267939;0.844497;-0.077970;2.850000;0.000000
190.393526;4.691604;10.416213;0.829752;-0.069668;2.850000;0.000000
190.593520;4.827280;10.562436;0.816701;-0.061162;2.850000;0.000000
190.793513;4.964640;10.706901;0.805370;-0.052508;2.850000;0.000000
190.993506;5.103484;10.849900;0.795776;-0.043753;2.850000;0.000000
191.193499;5.243613;10.991725;0.787931;-0.034941;2.850000;0.000000
191.393492;5.384825;11.132670;0.781760;-0.026108;2.850000;0.000000
191.593486;5.526745;11.272805;0.776402;-0.026710;2.850000;0.000000
191.793479;5.669487;11.412255;0.770664;-0.030747;2.850000;0.000000
191.993472;5.813207;11.550947;0.764120;-0.034786;2.850000;0.000000
192.193465;5.957992;11.688736;0.756763;-0.038831;2.850000;0.000000
192.393458;6.103929;11.825479;0.748591;-0.042885;2.850000;0.000000
192.593452;6.251107;11.961031;0.739604;-0.046949;2.850000;0.000000
192.793445;6.399611;12.095248;0.729798;-0.051022;2.850000;0.000000
192.993438;6.549529;12.227986;0.719173;-0.055105;2.850000;0.000000
193.193431;6.700948;12.359101;0.707726;-0.059193;2.850000;0.000000
193.393424;6.853956;12.488448;0.695454;-0.063283;2.850000;0.000000
193.593418;7.008578;12.615832;0.682312;-0.067858;2.850000;0.000000
193.793411;7.164915;12.741100;0.668236;-0.072662;2.850000;0.000000
193.993404;7.323036;12.864062;0.653192;-0.077551;2.850000;0.000000
194.193397;7.482994;12.984511;0.637166;-0.082523;2.850000;0.000000
194.393390;7.644838;13.102243;0.620145;-0.087574;2.850000;0.000000
194.593384;7.808620;13.217050;0.602116;-0.092696;2.850000;0.000000
194.793377;7.974390;13.328727;0.583070;-0.097878;2.850000;0.000000
194.993370;8.142201;13.437068;0.562996;-0.103104;2.850000;0.000000
195.193363;8.312103;13.541868;0.541889;-0.108351;2.850000;0.000000
195.393356;8.484146;13.642919;0.519816;-0.113595;2.850000;0.000000
195.593350;8.658566;13.740155;0.497543;-0.110399;2.850000;0.000000
195.793343;8.835139;13.833549;0.476065;-0.104693;2.850000;0.000000
195.993336;9.013660;13.923248;0.455720;-0.098959;2.850000;0.000000
196.193329;9.193981;14.009428;0.436514;-0.093228;2.850000;0.000000
196.393322;9.375954;14.092268;0.418443;-0.087521;2.850000;0.000000
196.593316;9.559431;14.171946;0.401503;-0.081856;2.850000;0.000000
196.793309;9.744263;14.248640;0.385683;-0.076246;2.850000;0.000000
196.993302;9.930304;14.322527;0.370976;-0.070699;2.850000;0.000000
197.193295;10.117403;14.393786;0.357370;-0.065217;2.850000;0.000000
197.393288;10.305414;14.462595;0.344823;-0.059801;2.850000;0.000000
197.593282;10.494064;14.529072;0.333016;-0.057841;2.850000;0.000000
197.793275;10.683397;14.593339;0.321565;-0.056683;2.850000;0.000000
197.993268;10.873424;14.655448;0.310350;-0.055512;2.850000;0.000000
198.193261;11.064122;14.715442;0.299370;-0.054328;2.850000;0.000000
198.393254;11.255470;14.773365;0.288628;-0.053135;2.850000;0.000000
198.593248;11.447446;14.829258;0.278124;-0.051934;2.850000;0.000000
198.793241;11.640027;14.883165;0.267858;-0.050727;2.850000;0.000000
198.993234;11.833193;14.935128;0.257832;-0.049516;2.850000;0.000000
199.193227;12.026920;14.985189;0.248046;-0.048302;2.850000;0.000000
199.393220;12.221187;15.033392;0.238445;-0.047087;2.850000;0.000000
199.593214;12.415816;15.079718;0.228585;-0.050879;2.850000;0.000000
199.793207;12.610918;15.124063;0.217919;-0.055724;2.850000;0.000000
199.993200;12.806514;15.166232;0.206281;-0.060606;2.850000;0.000000
200.193193;13.002592;15.206024;0.193663;-0.065527;2.850000;0.000000
200.393186;13.199142;15.243235;0.180059;-0.070482;2.850000;0.000000
200.593180;13.396153;15.277664;0.165464;-0.075467;2.850000;0.000000
200.793173;13.593615;15.309108;0.149873;-0.080472;2.850000;0.000000
200.993166;13.791516;15.337366;0.133285;-0.085486;2.850000;0.000000
201.193159;13.989846;15.362235;0.115696;-0.090491;2.850000;0.000000
201.393152;14.188594;15.383512;0.097145;-0.095470;2.850000;0.000000
201.593146;14.387709;15.401007;0.077885;-0.097574;2.850000;0.000000
201.793139;14.587153;15.414617;0.058214;-0.099211;2.850000;0.000000
201.993132;14.786850;15.424269;0.038209;-0.100903;2.850000;0.000000
202.193125;14.986716;15.429891;0.017859;-0.102644;2.850000;0.000000
202.393118;15.186669;15.431410;-0.002845;-0.104427;2.850000;0.000000
202.593112;15.386627;15.428753;-0.023911;-0.106245;2.850000;0.000000
202.793105;15.586505;15.421848;-0.045346;-0.108091;2.850000;0.000000
202.993098;15.786222;15.410621;-0.067156;-0.109954;2.850000;0.000000
203.193091;15.985695;15.394999;-0.089345;-0.111827;2.850000;0.000000
203.393084;16.184840;15.374911;-0.111991;-0.113699;2.850000;0.000000
203.593078;16.384074;15.350197;-0.135397;-0.119282;2.850000;0.000000
203.793071;16.582742;15.320705;-0.160004;-0.125805;2.850000;0.000000
203.993064;16.780493;15.286222;-0.185947;-0.132672;2.850000;0.000000
204.193057;16.977063;15.246525;-0.213275;-0.139870;2.850000;0.000000
204.393050;17.172187;15.201393;-0.242040;-0.147377;2.850000;0.000000
204.593044;17.365600;15.150603;-0.272291;-0.155155;2.850000;0.000000
204.793037;17.557037;15.093933;-0.304069;-0.163155;2.850000;0.000000
204.993030;17.746232;15.031161;-0.337410;-0.171306;2.850000;0.000000
205.193023;17.932922;14.962063;-0.372335;-0.179519;2.850000;0.000000
205.393016;18.116841;14.886418;-0.408613;-0.187682;2.850000;0.000000
205.593010;18.297879;14.804043;-0.444593;-0.176647;2.850000;0.000000
205.793003;18.475999;14.715314;-0.478411;-0.163173;2.850000;0.000000
205.992996;18.651336;14.620742;-0.509569;-0.149579;2.850000;0.000000
206.192989;18.824042;14.520830;-0.538064;-0.136031;2.850000;0.000000
206.392982;18.994265;14.416082;-0.563916;-0.122649;2.850000;0.000000
206.592976;19.162156;14.307001;-0.587156;-0.109507;2.850000;0.000000
206.792969;19.327865;14.194090;-0.607822;-0.096640;2.850000;0.000000
206.992962;19.491541;14.077854;-0.625958;-0.084052;2.850000;0.000000
207.192955;19.653333;13.958795;-0.641602;-0.071722;2.850000;0.000000
207.392948;19.813392;13.837419;-0.654860;-0.059605;2.850000;0.000000
207.592942;19.971472;13.714496;-0.666247;-0.053122;2.850000;0.000000
207.792935;20.128123;13.589989;-0.676254;-0.046885;2.850000;0.000000
207.992928;20.283536;13.464069;-0.685005;-0.040609;2.850000;0.000000
208.192921;20.437881;13.336925;-0.692496;-0.034307;2.850000;0.000000
208.392914;20.591326;13.208746;-0.698723;-0.027988;2.850000;0.000000
208.592908;20.744040;13.079718;-0.703686;-0.021659;2.850000;0.000000
208.792901;20.896193;12.950032;-0.707383;-0.015326;2.850000;0.000000
208.992894;21.047955;12.819875;-0.709814;-0.008992;2.850000;0.000000
209.192887;21.199493;12.689435;-0.710979;-0.002659;2.850000;0.000000
209.392880;21.350978;12.558901;-0.710999;0.003671;2.850000;0.000000
209.592874;21.502520;12.428447;-0.710525;0.002288;2.850000;0.000000
209.792867;21.654138;12.298050;-0.710228;0.000681;2.850000;0.000000
209.992860;21.805785;12.167662;-0.710253;-0.000926;2.850000;0.000000
210.192853;21.957417;12.037239;-0.710598;-0.002533;2.850000;0.000000
210.392846;22.108987;11.906736;-0.711266;-0.004139;2.850000;0.000000
210.592840;22.260450;11.776106;-0.712254;-0.005746;2.850000;0.000000
210.792833;22.411760;11.645305;-0.713565;-0.007354;2.850000;0.000000
210.992826;22.562871;11.514286;-0.715196;-0.008963;2.850000;0.000000
211.192819;22.713737;11.383006;-0.717150;-0.010573;2.850000;0.000000
211.392812;22.864313;11.251417;-0.719401;-0.012184;2.850000;0.000000
211.592806;23.014634;11.119418;-0.721822;-0.012280;2.850000;0.000000
211.792799;23.164617;10.987061;-0.724287;-0.012363;2.850000;0.000000
211.992792;23.314261;10.854344;-0.726768;-0.012446;2.850000;0.000000
212.192785;23.463562;10.721265;-0.729265;-0.012529;2.850000;0.000000
212.392778;23.612521;10.587820;-0.731779;-0.012611;2.850000;0.000000
212.592772;23.761134;10.454007;-0.734309;-0.012692;2.850000;0.000000
212.792765;23.909402;10.319823;-0.736856;-0.012774;2.850000;0.000000
212.992758;24.057322;10.185265;-0.739418;-0.012855;2.850000;0.000000
213.192751;24.204892;10.050330;-0.741996;-0.012935;2.850000;0.000000
213.392744;24.352111;9.915014;-0.744580;-0.013004;2.850000;0.000000
213.592738;24.499000;9.779301;-0.747114;-0.012441;2.850000;0.000000
213.792731;24.645552;9.643223;-0.749546;-0.011878;2.850000;0.000000
213.992724;24.791781;9.506796;-0.751865;-0.011315;2.850000;0.000000
214.192717;24.937703;9.370038;-0.754072;-0.010753;2.850000;0.000000
214.392710;25.083331;9.232964;-0.756166;-0.010190;2.850000;0.000000
214.592704;25.228681;9.095592;-0.758147;-0.009627;2.850000;0.000000
214.792697;25.373768;8.957940;-0.760016;-0.009064;2.850000;0.000000
214.992690;25.518607;8.820023;-0.761773;-0.008502;2.850000;0.000000
215.192683;25.663212;8.681859;-0.763417;-0.007939;2.850000;0.000000
215.392676;25.807598;8.543466;-0.764934;-0.007343;2.850000;0.000000
215.592670;25.951765;8.404881;-0.766261;-0.006031;2.850000;0.000000
215.792663;26.095766;8.266120;-0.767336;-0.004718;2.850000;0.000000
215.992656;26.239639;8.127222;-0.768148;-0.003405;2.850000;0.000000
216.192649;26.383420;7.988224;-0.768697;-0.002092;2.850000;0.000000
216.392642;26.527146;7.849162;-0.768985;-0.000779;2.850000;0.000000
216.592636;26.670854;7.710074;-0.769009;0.000533;2.850000;0.000000
216.792629;26.814580;7.570998;-0.768771;0.001845;2.850000;0.000000
216.992622;26.958363;7.431970;-0.768271;0.003158;2.850000;0.000000
217.192615;27.102239;7.293028;-0.767508;0.004469;2.850000;0.000000
217.392608;27.246245;7.154209;-0.766614;0.005328;2.850000;0.000000
217.592602;27.390390;7.015504;-0.766143;0.000235;2.850000;0.000000
217.792595;27.534542;6.876806;-0.766606;-0.004859;2.850000;0.000000
217.992588;27.678555;6.737971;-0.768087;-0.009954;2.850000;0.000000
218.192581;27.822283;6.598858;-0.770588;-0.015051;2.850000;0.000000
218.392574;27.965579;6.459325;-0.774109;-0.020152;2.850000;0.000000
218.592568;28.108297;6.319230;-0.778649;-0.025257;2.850000;0.000000
218.792561;28.250290;6.178431;-0.784210;-0.030365;2.850000;0.000000
218.992554;28.391413;6.036786;-0.790793;-0.035474;2.850000;0.000000
219.192547;28.531518;5.894153;-0.798396;-0.040580;2.850000;0.000000
219.392540;28.670463;5.750386;-0.807004;-0.045607;2.850000;0.000000
219.592534;28.808131;5.605321;-0.816551;-0.049969;2.850000;0.000000
219.792527;28.944338;5.458892;-0.826982;-0.054347;2.850000;0.000000
219.992520;29.078938;5.311001;-0.838289;-0.058739;2.850000;0.000000
220.192513;29.211779;5.161551;-0.850474;-0.063141;2.850000;0.000000
220.392506;29.342715;5.010447;-0.863540;-0.067547;2.850000;0.000000
220.592500;29.471596;4.857591;-0.877485;-0.071947;2.850000;0.000000
220.792493;29.598273;4.702886;-0.892310;-0.076331;2.850000;0.000000
220.992486;29.722598;4.546236;-0.908012;-0.080684;2.850000;0.000000
221.192479;29.844421;4.387544;-0.924593;-0.084992;2.850000;0.000000
221.392472;29.963688;4.226586;-0.942477;-0.091272;2.850000;0.000000
221.592466;30.080606;4.062465;-0.963082;-0.111969;2.850000;0.000000
221.792459;30.193704;3.895876;-0.987776;-0.133355;2.850000;0.000000
221.992452;30.302089;3.726627;-1.016801;-0.155527;2.850000;0.000000
222.192445;30.404868;3.554527;-1.050276;-0.178477;2.850000;0.000000
222.392438;30.501149;3.379382;-1.088307;-0.202062;2.850000;0.000000
222.592432;30.590038;3.201000;-1.130971;-0.225969;2.850000;0.000000
222.792425;30.670643;3.019190;-1.178290;-0.249680;2.850000;0.000000
222.992418;30.742071;2.833758;-1.230202;-0.272455;2.850000;0.000000
223.192411;30.803430;2.644513;-1.286406;-0.293339;2.850000;0.000000
223.392404;30.853645;2.452066;-1.345482;-0.305624;2.850000;0.000000
223.592398;30.891859;2.258709;-1.405184;-0.297560;2.850000;0.000000
223.792391;30.918782;2.062361;-1.463575;-0.291552;2.850000;0.000000
223.992384;30.934359;1.863853;-1.521247;-0.287581;2.850000;0.000000
224.192377;30.938536;1.664013;-1.578547;-0.285605;2.850000;0.000000
224.392370;30.931257;1.463673;-1.635814;-0.285564;2.850000;0.000000
224.592364;30.912469;1.263661;-1.693381;-0.287385;2.850000;0.000000
224.792357;30.882116;1.064807;-1.751570;-0.290975;2.850000;0.000000
224.992350;30.840144;0.867942;-1.810689;-0.296218;2.850000;0.000000
225.192343;30.786497;0.673894;-1.871066;-0.302956;2.850000;0.000000
225.392336;30.721035;0.483264;-1.932915;-0.309478;2.850000;0.000000
225.592330;30.643132;0.295444;-1.995131;-0.306547;2.850000;0.000000
225.792323;30.553786;0.113064;-2.057359;-0.306082;2.850000;0.000000
225.992316;30.453516;-0.063011;-2.119607;-0.308161;2.850000;0.000000
226.192309;30.342842;-0.231914;-2.182326;-0.312841;2.850000;0.000000
226.392302;30.222283;-0.392780;-2.245970;-0.320157;2.850000;-0.296189
226.592296;30.092358;-0.544742;-2.310996;-0.330106;2.829139;-0.318879
226.792289;29.953586;-0.686934;-2.377853;-0.342627;2.806507;-0.234579
226.992282;29.806487;-0.818489;-2.446975;-0.357562;2.789741;-0.119701
227.192275;29.651581;-0.938543;-2.518838;-0.374614;2.781146;-0.017239
227.392268;29.489045;-1.046437;-2.593319;-0.388205;2.779906;-0.017239
227.592262;29.317208;-1.142755;-2.666358;-0.362519;2.778666;0.183775
227.792255;29.139097;-1.226510;-2.734857;-0.332753;2.791861;0.388973
227.992248;28.955416;-1.298599;-2.797432;-0.301028;2.819588;0.431079
228.192241;28.766871;-1.359925;-2.853964;-0.269012;2.850000;0.000000
228.392234;28.574166;-1.411385;-2.904519;-0.237855;2.850000;0.000000
228.592228;28.378006;-1.453881;-2.949281;-0.208238;2.850000;0.000000
228.792221;28.179096;-1.488313;-2.988505;-0.180463;2.850000;0.000000
228.992214;27.978140;-1.515579;-3.022464;-0.154557;2.850000;0.000000
229.192207;27.775843;-1.536580;-3.051374;-0.130349;2.850000;0.000000
229.392200;27.573813;-1.552156;-3.075762;-0.110345;2.850000;0.000000
229.592194;27.373823;-1.563084;-3.096761;-0.097464;2.850000;0.000000
229.792187;27.173752;-1.570104;-3.114974;-0.084472;2.850000;0.000000
229.992180;26.973639;-1.573739;-3.130577;-0.071434;2.850000;0.000000
230.192173;26.773523;-1.574513;3.139618;-0.058390;2.850000;0.000000
230.392166;26.573444;-1.572949;3.129239;-0.045358;2.850000;0.000000
230.592160;26.373442;-1.569570;3.121468;-0.032338;2.850000;0.000000
230.792153;26.173557;-1.564900;3.116304;-0.019316;2.850000;0.000000
230.992146;25.973827;-1.559462;3.113747;-0.006269;2.850000;0.000000
231.192139;25.774293;-1.553780;3.113798;0.006833;2.850000;0.000000
231.392132;25.574977;-1.548373;3.116102;0.016893;2.850000;0.000000
231.592126;25.375840;-1.543621;3.119716;0.019950;2.850000;0.000000
231.792119;25.176812;-1.539661;3.123988;0.022970;2.850000;0.000000
231.992112;24.977772;-1.536612;3.128856;0.025935;2.850000;0.000000
232.192105;24.778603;-1.534589;3.134311;0.028828;2.850000;0.000000
232.392098;24.579186;-1.533709;3.140340;0.031632;2.850000;0.000000
232.592092;24.379403;-1.534089;-3.136255;0.034333;2.850000;0.000000
232.792085;24.179134;-1.535845;-3.129119;0.036914;2.850000;0.000000
232.992078;23.978262;-1.539093;-3.121456;0.039360;2.850000;0.000000
233.192071;23.776668;-1.543950;-3.113265;0.041659;2.850000;0.000000
233.392064;23.574075;-1.550546;-3.103512;0.052904;2.850000;0.000000
233.592058;23.370516;-1.559424;-3.089533;0.083019;2.850000;0.000000
233.792051;23.167041;-1.571755;-3.069451;0.114121;2.850000;0.000000
233.992044;22.964413;-1.588772;-3.042927;0.146926;2.850000;0.000000
234.192037;22.763390;-1.611711;-3.009672;0.182007;2.850000;0.000000
234.392030;22.564735;-1.641806;-2.969335;0.219711;2.850000;-0.246695
234.592024;22.369207;-1.680292;-2.921546;0.260031;2.832636;-0.672002
234.792017;22.177567;-1.728404;-2.865973;0.302423;2.784786;-0.390977
234.992010;21.990576;-1.787375;-2.802410;0.345584;2.756565;-0.087670
235.192003;21.808994;-1.858442;-2.731056;0.387277;2.750197;-0.016858
235.391996;21.634091;-1.942542;-2.655269;0.396991;2.748970;-0.016858
235.591990;21.466445;-2.039539;-2.582366;0.355989;2.747744;0.295405
235.791983;21.304803;-2.148634;-2.517020;0.313821;2.769161;0.576432
235.991976;21.148772;-2.268530;-2.459310;0.272678;2.810484;0.559222
236.191969;20.997960;-2.397927;-2.408996;0.233840;2.850000;0.000000
236.391962;20.851975;-2.535529;-2.365714;0.197862;2.850000;0.000000
236.591956;20.710426;-2.680038;-2.329058;0.164784;2.850000;0.000000
236.791949;20.572921;-2.830155;-2.298633;0.134319;2.850000;0.000000
236.991942;20.439067;-2.984584;-2.274094;0.105973;2.850000;0.000000
237.191935;20.308473;-3.142026;-2.255111;0.079129;2.850000;0.000000
237.391928;20.180256;-3.301823;-2.239627;0.069162;2.850000;0.000000
237.591922;20.054052;-3.463934;-2.222896;0.091990;2.850000;0.000000
237.791915;19.931689;-3.627376;-2.201687;0.115898;2.850000;0.000000
237.991908;19.814046;-3.792493;-2.175657;0.141000;2.850000;0.000000
238.191901;19.702003;-3.959630;-2.144650;0.167301;2.850000;0.000000
238.391894;19.596438;-4.129129;-2.108518;0.194651;2.850000;0.000000
238.591888;19.498230;-4.301337;-2.067147;0.222692;2.850000;0.000000
238.791881;19.408259;-4.476596;-2.020492;0.250801;2.850000;0.000000
238.991874;19.327403;-4.655251;-1.968605;0.278060;2.850000;0.000000
239.191867;19.256541;-4.837646;-1.911827;0.303249;2.850000;0.000000
239.391860;19.196694;-5.023553;-1.852697;0.304304;2.850000;0.000000
239.591854;19.147930;-5.212666;-1.796203;0.274316;2.850000;0.000000
239.791847;19.109160;-5.405293;-1.745223;0.244471;2.850000;0.000000
239.991840;19.079512;-5.600928;-1.699707;0.215606;2.850000;0.000000
240.191833;19.058115;-5.799068;-1.659477;0.188200;2.850000;0.000000
240.391826;19.044099;-5.999209;-1.624313;0.162446;2.850000;0.000000
240.591820;19.036592;-6.200848;-1.593980;0.138332;2.850000;0.000000
240.791813;19.034725;-6.403482;-1.568252;0.115702;2.850000;0.000000
240.991806;19.037625;-6.606605;-1.546930;0.094302;2.850000;0.000000
241.191799;19.044422;-6.809715;-1.529792;0.073810;2.850000;0.000000
241.391792;19.054279;-7.012539;-1.514849;0.071494;2.850000;0.000000
241.591786;19.067108;-7.214780;-1.497968;0.093936;2.850000;0.000000
241.791779;19.083708;-7.415899;-1.476688;0.117029;2.850000;0.000000
241.991772;19.104948;-7.615676;-1.450798;0.140751;2.850000;0.000000
242.191765;19.131697;-7.813896;-1.420225;0.164969;2.850000;0.000000
242.391758;19.164825;-8.010338;-1.384922;0.189403;2.850000;0.000000
242.591752;19.205202;-8.204785;-1.344891;0.213600;2.850000;0.000000
242.791745;19.253696;-8.397020;-1.300207;0.236915;2.850000;0.000000
242.991738;19.311176;-8.586824;-1.251043;0.258517;2.850000;0.000000
243.191731;19.378513;-8.773979;-1.197856;0.277426;2.850000;0.000000
243.391724;19.456177;-8.957432;-1.142176;0.282522;2.850000;0.000000
243.591718;19.544180;-9.136528;-1.086282;0.276777;2.850000;0.000000
243.791711;19.642486;-9.311387;-1.031020;0.274176;2.850000;0.000000
243.991704;19.750628;-9.481109;-0.975797;0.274605;2.850000;0.000000
244.191697;19.868142;-9.644793;-0.920119;0.277987;2.850000;0.000000
244.391690;19.994563;-9.801540;-0.863500;0.284274;2.850000;0.000000
244.591684;20.129428;-9.950448;-0.805461;0.293429;2.850000;0.000000
244.791677;20.272270;-10.090619;-0.745529;0.305406;2.850000;0.000000
244.991670;20.422625;-10.221151;-0.683240;0.320110;2.850000;0.000000
245.191663;20.580028;-10.341145;-0.618038;0.337358;2.850000;0.000000
245.391656;20.744794;-10.450198;-0.551304;0.338867;2.850000;0.000000
245.591650;20.916923;-10.548302;-0.487405;0.309578;2.850000;0.000000
245.791643;21.094580;-10.635605;-0.429279;0.277212;2.850000;0.000000
245.991636;21.277098;-10.713171;-0.377617;0.243530;2.850000;0.000000
246.191629;21.463814;-10.782063;-0.332497;0.209813;2.850000;0.000000
246.391622;21.654062;-10.843343;-0.293857;0.176860;2.850000;0.000000
246.591616;21.847176;-10.898075;-0.261557;0.145062;2.850000;0.000000
246.791609;22.042491;-10.947322;-0.235426;0.114487;2.850000;0.000000
246.991602;22.239342;-10.992146;-0.215300;0.084968;2.850000;0.000000
247.191595;22.437064;-11.033611;-0.201011;0.056176;2.850000;0.000000
247.391588;22.634817;-11.072729;-0.191222;0.039746;2.850000;0.000000
247.591582;22.832212;-11.110106;-0.183283;0.038440;2.850000;0.000000
247.791575;23.029506;-11.145890;-0.175712;0.037071;2.850000;0.000000
247.991568;23.226743;-11.180152;-0.168433;0.035644;2.850000;0.000000
248.191561;23.423965;-11.212965;-0.161454;0.034162;2.850000;0.000000
248.391554;23.621216;-11.244401;-0.154783;0.032631;2.850000;0.000000
248.591548;23.818540;-11.274532;-0.148427;0.031055;2.850000;0.000000
248.791541;24.015980;-11.303429;-0.142391;0.029439;2.850000;0.000000
248.991534;24.213580;-11.331165;-0.136681;0.027789;2.850000;0.000000
249.191527;24.411384;-11.357812;-0.131304;0.026109;2.850000;0.000000
249.391520;24.609353;-11.383432;-0.126297;0.024084;2.850000;0.000000
249.591514;24.807490;-11.408107;-0.121726;0.021712;2.850000;0.000000
249.791507;25.005853;-11.431936;-0.117624;0.019354;2.850000;0.000000
249.991500;25.204413;-11.455011;-0.113989;0.017008;2.850000;0.000000
250.191493;25.403142;-11.477420;-0.110822;0.014673;2.850000;0.000000
250.391486;25.602010;-11.499254;-0.108119;0.012347;2.850000;0.000000
250.591480;25.800989;-11.520603;-0.105880;0.010030;2.850000;0.000000
250.791473;26.000050;-11.541557;-0.104104;0.007718;2.850000;0.000000
250.991466;26.199164;-11.562205;-0.102790;0.005410;2.850000;0.000000
251.191459;26.398302;-11.582638;-0.101935;0.003105;2.850000;0.000000
251.391452;26.597401;-11.602941;-0.101490;0.001302;2.850000;0.000000
251.591446;26.796445;-11.623185;-0.101358;-0.000000;2.850000;0.000000
251.791439;26.995464;-11.643426;-0.101488;-0.001303;2.850000;0.000000
251.991432;27.194456;-11.663717;-0.101879;-0.002607;2.850000;0.000000
252.191425;27.393416;-11.684110;-0.102531;-0.003912;2.850000;0.000000
252.391418;27.592342;-11.704657;-0.103444;-0.005217;2.850000;0.000000
252.591412;27.791229;-11.725409;-0.104618;-0.006522;2.850000;0.000000
252.791405;27.990076;-11.746419;-0.106052;-0.007827;2.850000;0.000000
252.991398;28.188877;-11.767739;-0.107748;-0.009132;2.850000;0.000000
253.191391;28.387630;-11.789421;-0.109710;-0.010438;2.850000;0.000000
253.391384;28.586378;-11.811525;-0.112066;-0.013021;2.850000;0.000000
253.591378;28.785103;-11.834152;-0.115050;-0.016780;2.850000;0.000000
253.791371;28.983742;-11.857444;-0.118782;-0.020541;2.850000;0.000000
253.991364;29.182273;-11.881552;-0.123266;-0.024303;2.850000;0.000000
254.191357;29.380674;-11.906622;-0.128503;-0.028067;2.850000;0.000000
254.391350;29.578923;-11.932805;-0.134492;-0.031830;2.850000;0.000000
254.591344;29.776999;-11.960248;-0.141233;-0.035590;2.850000;0.000000
254.791337;29.974880;-11.989101;-0.148725;-0.039345;2.850000;0.000000
254.991330;30.172543;-12.019513;-0.156969;-0.043090;2.850000;0.000000
255.191323;30.369968;-12.051632;-0.165954;-0.046822;2.850000;0.000000
255.391316;30.567078;-12.085596;-0.175574;-0.049450;2.850000;0.000000
255.591310;30.763845;-12.121506;-0.185637;-0.051191;2.850000;0.000000
255.791303;30.960261;-12.159435;-0.196054;-0.052955;2.850000;0.000000
255.991296;31.156275;-12.199445;-0.206827;-0.054742;2.850000;0.000000
256.191289;31.351834;-12.241598;-0.217959;-0.056551;2.850000;0.000000
256.391282;31.546888;-12.285957;-0.229454;-0.058381;2.850000;0.000000
256.591276;31.741383;-12.332584;-0.241315;-0.060230;2.850000;0.000000
256.791269;31.935269;-12.381542;-0.253547;-0.062098;2.850000;0.000000
256.991262;32.128492;-12.432893;-0.266151;-0.063982;2.850000;0.000000
257.191255;32.321002;-12.486700;-0.279117;-0.065879;2.850000;0.000000
257.391248;32.512720;-12.543012;-0.292246;-0.065678;2.850000;0.000000
257.591242;32.703638;-12.601819;-0.305179;-0.063843;2.850000;0.000000
257.791235;32.893794;-12.663058;-0.317748;-0.061985;2.850000;0.000000
257.991228;33.083205;-12.726656;-0.329946;-0.060107;2.850000;0.000000
258.191221;33.271888;-12.792542;-0.341770;-0.058216;2.850000;0.000000
258.391214;33.459858;-12.860643;-0.353219;-0.056313;2.850000;0.000000
258.591208;33.647133;-12.930887;-0.364292;-0.054405;2.850000;0.000000
258.791201;33.833729;-13.003203;-0.374988;-0.052492;2.850000;0.000000
258.991194;34.019662;-13.077519;-0.385307;-0.050580;2.850000;0.000000
259.191187;34.204950;-13.153763;-0.395282;-0.048669;2.850000;0.000000
259.391180;34.389543;-13.231849;-0.405479;-0.052626;2.850000;0.000000
259.591174;34.573333;-13.311898;-0.416863;-0.060825;2.850000;0.000000
259.791167;34.756132;-13.394181;-0.429888;-0.069129;2.850000;0.000000
259.991160;34.937705;-13.478957;-0.444584;-0.077553;2.850000;0.000000
260.191153;35.117818;-13.566485;-0.460970;-0.086103;2.850000;0.000000
260.391146;35.296238;-13.657025;-0.479065;-0.094775;2.850000;0.000000
260.591140;35.472731;-13.750835;-0.498885;-0.103555;2.850000;0.000000
260.791133;35.647063;-13.848174;-0.520448;-0.112417;2.850000;0.000000
260.991126;35.819001;-13.949302;-0.543761;-0.121317;2.850000;0.000000
261.191119;35.988310;-14.054476;-0.568751;-0.130198;2.850000;0.000000
261.391112;36.154897;-14.164009;-0.593988;-0.124110;2.850000;0.000000
261.591106;36.318821;-14.277686;-0.617088;-0.107787;2.850000;0.000000
261.791099;36.480352;-14.394927;-0.636967;-0.091398;2.850000;0.000000
261.991092;36.639848;-14.515195;-0.653591;-0.075042;2.850000;0.000000
262.191085;36.797666;-14.637953;-0.666967;-0.058771;2.850000;0.000000
262.391078;36.954163;-14.762664;-0.677109;-0.042604;2.850000;0.000000
262.591072;37.109698;-14.888792;-0.684031;-0.026531;2.850000;0.000000
262.791065;37.264626;-15.015800;-0.687742;-0.010523;2.850000;0.000000
262.991058;37.419307;-15.143151;-0.688249;0.005461;2.850000;0.000000
263.191051;37.574096;-15.270307;-0.685634;0.021469;2.850000;0.000000
263.391044;37.729337;-15.396762;-0.681100;0.024817;2.850000;0.000000
263.591038;37.885119;-15.522385;-0.676595;0.020395;2.850000;0.000000
263.791031;38.041346;-15.647319;-0.672959;0.015956;2.850000;0.000000
263.991024;38.197923;-15.771716;-0.670213;0.011503;2.850000;0.000000
264.191017;38.354753;-15.895726;-0.668359;0.007040;2.850000;0.000000
264.391010;38.511740;-16.019502;-0.667398;0.002573;2.850000;0.000000
264.591004;38.668788;-16.143194;-0.667331;-0.001896;2.850000;0.000000
264.790997;38.825800;-16.266955;-0.668156;-0.006362;2.850000;0.000000
264.990990;38.982680;-16.390936;-0.669874;-0.010823;2.850000;0.000000
265.190983;39.139331;-16.515288;-0.672453;-0.015273;2.850000;0.000000
265.390976;39.295661;-16.640149;-0.675468;-0.015224;2.850000;0.000000
265.590970;39.451657;-16.765521;-0.678259;-0.012720;2.850000;0.000000
265.790963;39.607361;-16.891312;-0.680555;-0.010226;2.850000;0.000000
265.990956;39.762812;-17.017426;-0.682353;-0.007737;2.850000;0.000000
266.190949;39.918051;-17.143767;-0.683653;-0.005252;2.850000;0.000000
266.390942;40.073119;-17.270239;-0.684455;-0.002766;2.850000;0.000000
266.590936;40.228054;-17.396746;-0.684759;-0.000278;2.850000;0.000000
266.790929;40.382898;-17.523193;-0.684566;0.002218;2.850000;0.000000
266.990922;40.537691;-17.649484;-0.683873;0.004723;2.850000;0.000000
267.190915;40.692472;-17.775523;-0.682746;0.007241;2.850000;0.000000
267.390908;40.847177;-17.901163;-0.682024;0.000748;2.850000;0.000000
267.590902;41.001744;-18.026656;-0.682974;-0.010216;2.850000;0.000000
267.790895;41.156020;-18.152436;-0.686099;-0.021172;2.850000;0.000000
267.990888;41.309807;-18.278898;-0.691400;-0.032070;2.850000;0.000000
268.190881;41.462905;-18.406442;-0.698866;-0.042856;2.850000;0.000000
268.390874;41.615116;-18.535465;-0.708479;-0.053471;2.850000;0.000000
268.590868;41.766239;-18.666364;-0.720210;-0.063847;2.850000;0.000000
268.790861;41.916075;-18.799539;-0.734022;-0.073910;2.850000;0.000000
268.990854;42.064426;-18.935385;-0.749867;-0.083578;2.850000;0.000000
269.190847;42.211093;-19.074303;-0.767729;-0.092761;2.850000;0.000000
269.390840;42.355639;-19.216485;-0.788247;-0.108982;2.850000;0.000000
269.590834;42.497376;-19.362222;-0.812499;-0.129562;2.850000;0.000000
269.790827;42.635261;-19.511689;-0.841082;-0.151665;2.850000;0.000000
269.990820;42.768158;-19.664973;-0.874271;-0.175665;2.850000;0.000000
270.190813;42.894932;-19.822164;-0.912375;-0.201849;2.850000;0.000000
270.390806;43.014447;-19.983349;-0.955728;-0.230372;2.850000;0.000000
270.590800;43.125569;-20.148619;-1.004669;-0.261176;2.850000;0.000000
270.790793;43.227163;-20.318061;-1.059506;-0.293889;2.850000;0.000000
270.990786;43.318092;-20.491765;-1.120468;-0.327699;2.850000;0.000000
271.190779;43.397223;-20.669818;-1.187394;-0.361241;2.850000;0.000000
271.390772;43.463521;-20.852306;-1.257103;-0.358754;2.850000;0.000000
271.590766;43.516986;-21.038996;-1.324694;-0.336861;2.850000;0.000000
271.790759;43.558266;-21.229482;-1.388039;-0.312605;2.850000;0.000000
271.990752;43.588025;-21.423364;-1.446909;-0.287331;2.850000;0.000000
272.190745;43.606925;-21.620241;-1.501260;-0.262108;2.850000;0.000000
272.390738;43.615630;-21.819714;-1.551160;-0.237705;2.850000;0.000000
272.590732;43.614803;-22.021383;-1.596766;-0.214618;2.850000;0.000000
272.790725;43.605107;-22.224848;-1.638284;-0.193120;2.850000;0.000000
272.990718;43.587204;-22.429708;-1.675950;-0.173314;2.850000;0.000000
273.190711;43.561759;-22.635565;-1.710329;-0.155184;2.850000;-0.838394
273.390704;43.529117;-22.843297;-1.744276;-0.166117;2.790547;-1.629980
273.590698;43.488989;-23.050818;-1.782293;-0.194240;2.671177;-1.523954
273.790691;43.440602;-23.255558;-1.826699;-0.228423;2.554530;-1.401327
273.990684;43.383088;-23.455578;-1.878522;-0.270235;2.442358;-1.257108
274.190677;43.315577;-23.648940;-1.939018;-0.321308;2.337153;-1.085348
274.390670;43.237200;-23.833704;-2.009616;-0.383017;2.242356;-0.879075
274.590664;43.147088;-24.007931;-2.091825;-0.455755;2.162532;-0.631168
274.790657;43.044372;-24.169683;-2.187024;-0.537671;2.103351;-0.338032
274.990650;42.928182;-24.317021;-2.296083;-0.622899;2.070960;-0.009559
275.190643;42.797649;-24.448005;-2.418305;-0.700108;2.070037;-0.009559
275.390636;42.651179;-24.561586;-2.543490;-0.657880;2.069113;0.173913
275.590630;42.490230;-24.657467;-2.658754;-0.571065;2.085855;0.505707
275.790623;42.316862;-24.736844;-2.759304;-0.482795;2.133792;0.791643
275.990616;42.132898;-24.801138;-2.845471;-0.401891;2.206743;1.032044
276.190609;41.940159;-24.851772;-2.918505;-0.331901;2.298373;1.234942
276.390602;41.740468;-24.890167;-2.979931;-0.273108;2.403431;1.409514
276.590596;41.535645;-24.917743;-3.031245;-0.224207;2.517988;1.564322
276.790589;41.327513;-24.935921;-3.073759;-0.183329;2.639313;1.707393
276.990582;41.117894;-24.946124;-3.108542;-0.148516;2.765666;1.184024
277.190575;40.908610;-24.949771;-3.136661;-0.117877;2.850000;0.000000
277.390568;40.703611;-24.948167;3.122185;-0.114190;2.850000;0.000000
277.590562;40.500733;-24.941854;3.099299;-0.111138;2.850000;0.000000
277.790555;40.299604;-24.931070;3.077294;-0.107281;2.850000;0.000000
277.990548;40.099994;-24.916051;3.056272;-0.102671;2.850000;0.000000
278.190541;39.901672;-24.897036;3.036337;-0.097376;2.850000;0.000000
278.390534;39.704405;-24.874259;3.017580;-0.091476;2.850000;0.000000
278.590528;39.507963;-24.847959;3.000082;-0.085056;2.850000;0.000000
278.790521;39.312115;-24.818372;2.983909;-0.078208;2.850000;0.000000
278.990514;39.116630;-24.785736;2.969118;-0.071023;2.850000;0.000000
279.190507;38.921277;-24.750286;2.955828;-0.063592;2.850000;0.000000
279.390500;38.726371;-24.712394;2.944343;-0.052550;2.850000;0.000000
279.590494;38.531364;-24.672363;2.934964;-0.041693;2.850000;0.000000
279.790487;38.336247;-24.630616;2.927712;-0.031020;2.850000;0.000000
279.990480;38.141016;-24.587578;2.922564;-0.020498;2.850000;0.000000
280.190473;37.945666;-24.543673;2.919503;-0.010090;2.850000;0.000000
280.390466;37.750193;-24.499324;2.918516;0.000244;2.850000;0.000000
280.590460;37.554591;-24.454956;2.919599;0.010544;2.850000;0.000000
280.790453;37.358856;-24.410994;2.922748;0.020853;2.850000;0.000000
280.990446;37.162984;-24.367860;2.927968;0.031209;2.850000;0.000000
281.190439;36.966968;-24.325980;2.934965;0.041374;2.850000;0.000000
281.390432;36.770682;-24.285626;2.942271;0.034339;2.850000;0.000000
281.590426;36.574282;-24.246655;2.948437;0.027252;2.850000;0.000000
281.790419;36.377797;-24.208781;2.953178;0.020127;2.850000;0.000000
281.990412;36.181260;-24.171716;2.956488;0.012973;2.850000;0.000000
282.190405;35.984702;-24.135174;2.958365;0.005800;2.850000;0.000000
282.390398;35.788154;-24.098871;2.958807;-0.001385;2.850000;0.000000
282.590392;35.591647;-24.062519;2.957811;-0.008575;2.850000;0.000000
282.790385;35.395213;-24.025831;2.955380;-0.015764;2.850000;0.000000
282.990378;35.198883;-23.988523;2.951512;-0.022942;2.850000;0.000000
283.190371;35.002694;-23.950309;2.946406;-0.029653;2.850000;0.000000
283.390364;34.806804;-23.911008;2.940932;-0.026605;2.850000;0.000000
283.590358;34.611063;-23.870652;2.935919;-0.023566;2.850000;0.000000
283.790351;34.415456;-23.829363;2.931511;-0.020534;2.850000;0.000000
283.990344;34.219969;-23.787260;2.927707;-0.017509;2.850000;0.000000
284.190337;34.024587;-23.744463;2.924507;-0.014491;2.850000;0.000000
284.390330;33.829294;-23.701093;2.921909;-0.011478;2.850000;0.000000
284.590324;33.634077;-23.657268;2.919914;-0.008470;2.850000;0.000000
284.790317;33.438920;-23.613109;2.918520;-0.005465;2.850000;0.000000
284.990310;33.243809;-23.568736;2.917727;-0.002461;2.850000;0.000000
285.190303;33.048729;-23.524269;2.917528;0.000519;2.850000;0.000000
285.390296;32.853670;-23.479827;2.917892;0.003169;2.850000;0.000000
285.590290;32.658601;-23.435512;2.918791;0.005820;2.850000;0.000000
285.790283;32.463500;-23.391429;2.920220;0.008472;2.850000;0.000000
285.990276;32.268341;-23.347680;2.922180;0.011124;2.850000;0.000000
286.190269;32.073101;-23.304368;2.924670;0.013778;2.850000;0.000000
286.390262;31.877755;-23.261598;2.927690;0.016432;2.850000;0.000000
286.590256;31.682279;-23.219472;2.931241;0.019085;2.850000;0.000000
286.790249;31.486649;-23.178093;2.935323;0.021737;2.850000;0.000000
286.990242;31.290841;-23.137565;2.939934;0.024386;2.850000;0.000000
287.190235;31.094817;-23.097988;2.945075;0.027021;2.850000;0.000000
287.390228;30.898435;-23.059442;2.950731;0.029543;2.850000;0.000000
287.590222;30.701830;-23.022058;2.956897;0.032076;2.850000;0.000000
287.790215;30.505007;-22.985940;2.963570;0.034620;2.850000;0.000000
287.990208;30.307967;-22.951191;2.970752;0.037175;2.850000;0.000000
288.190201;30.110714;-22.917916;2.978446;0.039742;2.850000;0.000000
288.390194;29.913251;-22.886217;2.986651;0.042320;2.850000;0.000000
288.590188;29.715579;-22.856198;2.995371;0.044908;2.850000;0.000000
288.790181;29.517702;-22.827963;3.004607;0.047505;2.850000;0.000000
288.990174;29.319623;-22.801616;3.014360;0.050108;2.850000;0.000000
289.190167;29.121325;-22.777257;3.024587;0.052477;2.850000;0.000000
289.390160;28.922672;-22.754958;3.035099;0.052974;2.850000;0.000000
289.590154;28.723825;-22.734766;3.045736;0.053457;2.850000;0.000000
289.790147;28.524784;-22.716700;3.056467;0.053927;2.850000;0.000000
289.990140;28.325553;-22.700780;3.067291;0.054382;2.850000;0.000000
290.190133;28.126134;-22.687025;3.078206;0.054821;2.850000;0.000000
290.390126;27.926528;-22.675453;3.089209;0.055243;2.850000;0.000000
290.590120;27.726738;-22.666084;3.100299;0.055648;2.850000;0.000000
290.790113;27.526766;-22.658936;3.111474;0.056035;2.850000;0.000000
290.990106;27.326614;-22.654029;3.122728;0.056402;2.850000;0.000000
291.190099;27.126341;-22.651382;3.134212;0.057698;2.850000;0.000000
291.390092;26.926234;-22.651074;-3.136687;0.064369;2.850000;0.000000
291.590086;26.726067;-22.653345;-3.123126;0.071121;2.850000;0.000000
291.790079;26.525941;-22.658467;-3.108203;0.077964;2.850000;0.000000
291.990072;26.325955;-22.666710;-3.091904;0.084897;2.850000;0.000000
292.190065;26.126210;-22.678345;-3.074216;0.091916;2.850000;0.000000
292.390058;25.926806;-22.693644;-3.055123;0.099008;2.850000;0.000000
292.590052;25.727843;-22.712878;-3.034618;0.106153;2.850000;0.000000
292.790045;25.529421;-22.736317;-3.012691;0.113319;2.850000;0.000000
292.990038;25.331641;-22.764234;-2.989341;0.120468;2.850000;0.000000
293.190031;25.134615;-22.796896;-2.964869;0.125669;2.850000;0.000000
293.390024;24.938479;-22.834447;-2.940278;0.121613;2.850000;0.000000
293.590018;24.743241;-22.876767;-2.916384;0.117583;2.850000;0.000000
293.790011;24.548966;-22.923683;-2.893280;0.113603;2.850000;0.000000
293.990004;24.355715;-22.975022;-2.870955;0.109692;2.850000;0.000000
294.189997;24.163554;-23.030613;-2.849394;0.105866;2.850000;0.000000
294.389990;23.972544;-23.090284;-2.828581;0.102137;2.850000;0.000000
294.589984;23.782750;-23.153861;-2.808499;0.098516;2.850000;0.000000
294.789977;23.594235;-23.221173;-2.789130;0.095010;2.850000;0.000000
294.989970;23.407062;-23.292047;-2.770452;0.091624;2.850000;0.000000
295.189963;23.221277;-23.366319;-2.752394;0.088689;2.850000;0.000000
295.389956;23.036863;-23.443873;-2.734784;0.087229;2.850000;0.000000
295.589950;22.853908;-23.524598;-2.717488;0.085735;2.850000;0.000000
295.789943;22.672411;-23.608425;-2.700500;0.084211;2.850000;0.000000
295.989936;22.492373;-23.695284;-2.683820;0.082664;2.850000;0.000000
296.189929;22.313793;-23.785108;-2.667451;0.081100;2.850000;0.000000
296.389922;22.136671;-23.877826;-2.651394;0.079524;2.850000;0.000000
296.589916;21.961007;-23.973369;-2.635650;0.077941;2.850000;0.000000
296.789909;21.786802;-24.071669;-2.620217;0.076355;2.850000;0.000000
296.989902;21.614054;-24.172656;-2.605094;0.074772;2.850000;0.000000
297.189895;21.442728;-24.276283;-2.590022;0.074979;2.850000;0.000000
297.389888;21.272800;-24.382618;-2.574201;0.082212;2.850000;0.000000
297.589882;21.104655;-24.491735;-2.556982;0.089593;2.850000;0.000000
297.789875;20.938561;-24.603811;-2.538276;0.097127;2.850000;0.000000
297.989868;20.774784;-24.719022;-2.518058;0.104806;2.850000;0.000000
298.189861;20.613594;-24.837546;-2.496307;0.112617;2.850000;0.000000
298.389854;20.455257;-24.959560;-2.473003;0.120532;2.850000;0.000000
298.589848;20.300041;-25.085241;-2.448132;0.128514;2.850000;0.000000
298.789841;20.148213;-25.214765;-2.421683;0.136509;2.850000;0.000000
298.989834;20.000042;-25.348311;-2.393666;0.144450;2.850000;0.000000
299.189827;19.855848;-25.486001;-2.364650;0.148063;2.850000;0.000000
299.389820;19.715860;-25.627728;-2.336278;0.137886;2.850000;0.000000
299.589814;19.579708;-25.773367;-2.309804;0.127659;2.850000;0.000000
299.789807;19.447163;-25.922588;-2.285340;0.117471;2.850000;0.000000
299.989800;19.317999;-26.075062;-2.262873;0.107385;2.850000;0.000000
300.189793;19.191989;-26.230459;-2.242384;0.097443;2.850000;0.000000
300.389786;19.068906;-26.388449;-2.223848;0.087667;2.850000;0.000000
300.589780;18.948523;-26.548702;-2.207240;0.078065;2.850000;0.000000
300.789773;18.830613;-26.710889;-2.192533;0.068628;2.850000;0.000000
300.989766;18.714949;-26.874679;-2.179695;0.059336;2.850000;0.000000
301.189759;18.601196;-27.039905;-2.168115;0.054691;2.850000;0.000000
301.389752;18.489095;-27.206716;-2.156097;0.063786;2.850000;0.000000
301.589746;18.379277;-27.374740;-2.142371;0.072988;2.850000;0.000000
301.789739;18.272077;-27.544124;-2.126808;0.082293;2.850000;0.000000
301.989732;18.167830;-27.715010;-2.109395;0.091685;2.850000;0.000000
302.189725;18.066874;-27.887544;-2.090122;0.101136;2.850000;0.000000
302.389718;17.969543;-28.061870;-2.068983;0.110605;2.850000;0.000000
302.589712;17.876172;-28.238131;-2.045979;0.120030;2.850000;0.000000
302.789705;17.787099;-28.416472;-2.021120;0.129336;2.850000;0.000000
302.989698;17.702657;-28.597037;-1.994452;0.138430;2.850000;0.000000
303.189691;17.623274;-28.779747;-1.966689;0.141606;2.850000;0.000000
303.389684;17.549152;-28.964311;-1.939567;0.131740;2.850000;0.000000
303.589678;17.479789;-29.151036;-1.914302;0.121928;2.850000;0.000000
303.789671;17.414880;-29.339700;-1.890941;0.112236;2.850000;0.000000
303.989664;17.354117;-29.530082;-1.869464;0.102706;2.850000;0.000000
304.189657;17.297192;-29.721958;-1.849844;0.093366;2.850000;0.000000
304.389650;17.243798;-29.915108;-1.832051;0.084224;2.850000;0.000000
304.589644;17.193628;-30.109311;-1.816055;0.075277;2.850000;0.000000
304.789637;17.146373;-30.304343;-1.801830;0.066510;2.850000;0.000000
304.989630;17.101728;-30.499984;-1.789336;0.057900;2.850000;0.000000
305.189623;17.059357;-30.696156;-1.778024;0.053945;2.850000;0.000000
305.389616;17.019121;-30.892892;-1.766526;0.059898;2.850000;0.000000
305.589610;16.981295;-31.089874;-1.753910;0.065904;2.850000;0.000000
305.789603;16.946116;-31.287109;-1.740100;0.071956;2.850000;0.000000
305.989596;16.913820;-31.484607;-1.725091;0.078043;2.850000;0.000000
306.189589;16.884641;-31.682373;-1.708878;0.084151;2.850000;0.000000
306.389582;16.858815;-31.880417;-1.691461;0.090256;2.850000;0.000000
306.589576;16.836579;-32.078745;-1.672841;0.096334;2.850000;0.000000
306.789569;16.818168;-32.277366;-1.653023;0.102350;2.850000;0.000000
306.989562;16.803817;-32.476287;-1.632036;0.108268;2.850000;0.000000
307.189555;16.793760;-32.675423;-1.610609;0.107630;2.850000;0.000000
307.389548;16.787947;-32.874684;-1.590475;0.095093;2.850000;0.000000
307.589542;16.785912;-33.074198;-1.572750;0.082573;2.850000;0.000000
307.789535;16.787167;-33.273922;-1.557502;0.070119;2.850000;0.000000
307.989528;16.791225;-33.473813;-1.544720;0.057755;2.850000;0.000000
308.189521;16.797598;-33.673826;-1.534391;0.045489;2.850000;0.000000
308.389514;16.805797;-33.873919;-1.526501;0.033310;2.850000;0.000000
308.589508;16.815337;-34.074048;-1.521041;0.021199;2.850000;0.000000
308.789501;16.825728;-34.274169;-1.518003;0.009126;2.850000;0.000000
308.989494;16.836484;-34.474240;-1.517372;-0.002944;2.850000;0.000000
309.189487;16.847124;-34.674266;-1.518623;-0.010191;2.850000;0.000000
309.389480;16.857374;-34.874263;-1.520527;-0.009352;2.850000;0.000000
309.589474;16.867243;-35.074162;-1.522314;-0.008506;2.850000;0.000000
309.789467;16.876768;-35.273983;-1.523931;-0.007655;2.850000;0.000000
309.989460;16.885983;-35.473742;-1.525376;-0.006799;2.850000;0.000000
310.189453;16.894925;-35.673459;-1.526650;-0.005940;2.850000;0.000000
310.389446;16.903628;-35.873150;-1.527751;-0.005077;2.850000;0.000000
310.589440;16.912127;-36.072835;-1.528679;-0.004212;2.850000;0.000000
310.789433;16.920458;-36.272530;-1.529434;-0.003345;2.850000;0.000000
310.989426;16.928657;-36.472254;-1.530013;-0.002477;2.850000;0.000000
311.189419;16.936759;-36.672004;-1.530299;-0.000511;2.850000;0.000000
311.389412;16.944846;-36.871772;-1.530033;0.003070;2.850000;0.000000
311.589406;16.953056;-37.071574;-1.529062;0.006649;2.850000;0.000000
311.789399;16.961533;-37.271393;-1.527374;0.010226;2.850000;0.000000
311.989392;16.970420;-37.471212;-1.524971;0.013803;2.850000;0.000000
312.189385;16.979859;-37.671014;-1.521852;0.017382;2.850000;0.000000
312.389378;16.989992;-37.870782;-1.518017;0.020964;2.850000;0.000000
312.589372;17.000963;-38.070499;-1.513465;0.024550;2.850000;0.000000
312.789365;17.012913;-38.270148;-1.508196;0.028139;2.850000;0.000000
312.989358;17.025986;-38.469712;-1.502225;0.031731;2.850000;0.000000
313.189351;17.040320;-38.669201;-1.496094;0.030107;2.850000;0.000000
313.389344;17.055841;-38.868623;-1.490959;0.021614;2.850000;0.000000
313.589338;17.072224;-39.067970;-1.487486;0.013118;2.850000;0.000000
313.789331;17.089130;-39.267268;-1.485711;0.004622;2.850000;0.000000
313.989324;17.106219;-39.466543;-1.485637;-0.003875;2.850000;0.000000
314.189317;17.123153;-39.665821;-1.487262;-0.012375;2.850000;0.000000
314.389310;17.139592;-39.865126;-1.490587;-0.020879;2.850000;0.000000
314.589304;17.155198;-40.064485;-1.495612;-0.029384;2.850000;0.000000
314.789297;17.169632;-40.263923;-1.502338;-0.037888;2.850000;0.000000
314.989290;17.182554;-40.463466;-1.510728;-0.046384;2.850000;0.000000
315.189283;17.193642;-40.663157;-1.519730;-0.044575;2.850000;0.000000
315.389276;17.202974;-40.862992;-1.527209;-0.030785;2.850000;0.000000
315.589270;17.211077;-41.062908;-1.531991;-0.017013;2.850000;0.000000
315.789263;17.218500;-41.262862;-1.534018;-0.003251;2.850000;0.000000
315.989256;17.225792;-41.462812;-1.533292;0.010512;2.850000;0.000000
316.189249;17.233503;-41.662714;-1.529811;0.024291;2.850000;0.000000
316.389242;17.242183;-41.862525;-1.523572;0.038095;2.850000;0.000000
316.589236;17.252382;-42.062201;-1.514573;0.051927;2.850000;0.000000
316.789229;17.264650;-42.261700;-1.502810;0.065775;2.850000;0.000000
316.989222;17.279535;-42.460979;-1.488342;0.079609;2.850000;0.000000
317.189215;17.297558;-42.659906;-1.472546;0.079701;2.850000;0.000000
317.389208;17.318716;-42.858482;-1.458080;0.065726;2.850000;0.000000
317.589202;17.342491;-43.056852;-1.446344;0.051761;2.850000;0.000000
317.789195;17.368328;-43.255065;-1.437390;0.037831;2.850000;0.000000
317.989188;17.395678;-43.453175;-1.431214;0.023945;2.850000;0.000000
318.189181;17.423988;-43.651232;-1.427809;0.010097;2.850000;0.000000
318.389174;17.452707;-43.849290;-1.427171;-0.003725;2.850000;0.000000
318.589168;17.481282;-44.047399;-1.429300;-0.017539;2.850000;0.000000
318.789161;17.509162;-44.245611;-1.434193;-0.031360;2.850000;0.000000
318.989154;17.535796;-44.443978;-1.441801;-0.045197;2.850000;0.000000
319.189147;17.560649;-44.642527;-1.450928;-0.047003;2.850000;0.000000
319.389140;17.583647;-44.841260;-1.459340;-0.037531;2.850000;0.000000
319.589134;17.605151;-45.040154;-1.465901;-0.028054;2.850000;0.000000
319.789127;17.625538;-45.239161;-1.470565;-0.018577;2.850000;0.000000
319.989120;17.645185;-45.438234;-1.473333;-0.009101;2.850000;0.000000
320.189113;17.664468;-45.637327;-1.474206;0.000377;2.850000;0.000000
320.389106;17.683764;-45.836392;-1.473182;0.009862;2.850000;0.000000
320.589100;17.703448;-46.035382;-1.470261;0.019357;2.850000;0.000000
320.789093;17.723898;-46.234250;-1.465441;0.028865;2.850000;0.000000
320.989086;17.745490;-46.432949;-1.458766;0.038385;2.850000;0.000000
321.189079;17.768587;-46.631483;-1.451191;0.038183;2.850000;0.000000
321.389072;17.793189;-46.829850;-1.444449;0.029581;2.850000;0.000000
321.589066;17.818963;-47.028065;-1.439397;0.020968;2.850000;0.000000
321.789059;17.845568;-47.226181;-1.436067;0.012351;2.850000;0.000000
321.989052;17.872666;-47.424255;-1.434458;0.003738;2.850000;0.000000
322.189045;17.899917;-47.622341;-1.434572;-0.004869;2.850000;0.000000
322.389038;17.926980;-47.820494;-1.436405;-0.013466;2.850000;0.000000
322.589032;17.953517;-48.018771;-1.439958;-0.022050;2.850000;0.000000
322.789025;17.979186;-48.217225;-1.445227;-0.030614;2.850000;0.000000
322.989018;18.003649;-48.415913;-1.452156;-0.039149;2.850000;0.000000
323.189011;18.026580;-48.614826;-1.459762;-0.037599;2.850000;0.000000
323.389004;18.048028;-48.813953;-1.466332;-0.028255;2.850000;0.000000
323.588998;18.068354;-49.013252;-1.471060;-0.018950;2.850000;0.000000
323.788991;18.087923;-49.212634;-1.473927;-0.009666;2.850000;0.000000
323.988984;18.107102;-49.412008;-1.474933;-0.000381;2.850000;0.000000
324.188977;18.126257;-49.611286;-1.474078;0.008926;2.850000;0.000000
324.388970;18.145752;-49.810378;-1.471358;0.018278;2.850000;0.000000
324.588964;18.165955;-50.009193;-1.466765;0.027696;2.850000;0.000000
324.788957;18.187230;-50.207643;-1.460290;0.037200;2.850000;0.000000
324.988950;18.209943;-50.405637;-1.451978;0.046804;2.850000;0.000000
325.188943;18.234455;-50.603223;-1.442853;0.045685;2.850000;0.000000
325.388936;18.260732;-50.800432;-1.434685;0.036659;2.850000;0.000000
325.588930;18.288434;-50.997356;-1.428305;0.027503;2.850000;0.000000
325.788923;18.317221;-51.194184;-1.423751;0.018280;2.850000;0.000000
325.988916;18.346754;-51.391105;-1.421030;0.009053;2.850000;0.000000
326.188909;18.376693;-51.588309;-1.420140;-0.000120;2.850000;0.000000
326.388902;18.406700;-51.785985;-1.421072;-0.009185;2.850000;0.000000
326.588896;18.436433;-51.984321;-1.423809;-0.018087;2.850000;0.000000
326.788889;18.465555;-52.183507;-1.428327;-0.026773;2.850000;0.000000
326.988882;18.493725;-52.383732;-1.434413;-0.035192;2.850000;0.000000
327.188875;18.520626;-52.584798;-1.439364;-0.015836;2.850000;0.000000
327.388868;18.546963;-52.786457;-1.438859;0.020348;2.850000;0.000000
327.588862;18.574157;-52.988167;-1.431031;0.056616;2.850000;0.000000
327.788855;18.603616;-53.189158;-1.415764;0.093844;2.850000;0.000000
327.988848;18.636748;-53.388659;-1.392866;0.132813;2.850000;0.000000
328.188841;18.674962;-53.585900;-1.362058;0.174123;2.850000;-0.346065
328.388834;18.719667;-53.780110;-1.323001;0.218072;2.825611;-1.012528
328.588828;18.772269;-53.970519;-1.275351;0.264462;2.753013;-0.741542
328.788821;18.834178;-54.156357;-1.218845;0.312353;2.698606;-0.462089
328.988814;18.906802;-54.336853;-1.152516;0.359802;2.664141;-0.390863
329.188807;18.994182;-54.516312;-1.079356;0.378116;2.634636;-0.385791
329.388800;19.096503;-54.691274;-1.002955;0.382439;2.605186;-0.417698
329.588794;19.211656;-54.857218;-0.924848;0.390495;2.572921;-0.419600
329.788787;19.338969;-55.012920;-0.845082;0.402163;2.540096;-0.387161
329.988780;19.477771;-55.157158;-0.763016;0.417150;2.509428;-0.332979
330.188773;19.627388;-55.288708;-0.678061;0.434905;2.482749;-0.258812
330.388766;19.787148;-55.406349;-0.589727;0.454533;2.461812;-0.168388
330.588760;19.956379;-55.508856;-0.497668;0.474704;2.448094;-0.068573
330.788753;20.134408;-55.595008;-0.401948;0.493608;2.442486;-0.013297
330.988746;20.319795;-55.663341;-0.306299;0.503320;2.441397;-0.013297
331.188739;20.503252;-55.711655;-0.215064;0.442024;2.440308;0.354416
331.388732;20.692466;-55.744748;-0.136051;0.380254;2.469183;0.668041
331.588726;20.886507;-55.764121;-0.067584;0.322106;2.522711;0.935899
331.788719;21.084445;-55.771280;-0.009035;0.269501;2.595846;1.168955
331.988712;21.285352;-55.767725;0.040384;0.222860;2.684396;1.377999
332.188705;21.488296;-55.754962;0.081474;0.181716;2.785168;0.913372
332.388698;21.692348;-55.734492;0.114956;0.145149;2.850000;0.000000
332.588692;21.896580;-55.707819;0.141417;0.112031;2.850000;0.000000
332.788685;22.100060;-55.676447;0.161295;0.081134;2.850000;0.000000
332.988678;22.301932;-55.641865;0.175490;0.052092;2.850000;0.000000
333.188671;22.503714;-55.604873;0.186730;0.053363;2.850000;0.000000
333.388664;22.703143;-55.566064;0.197675;0.054357;2.850000;0.000000
333.588658;22.900502;-55.525400;0.208700;0.055050;2.850000;0.000000
333.788651;23.096075;-55.482847;0.219759;0.055422;2.850000;0.000000
333.988644;23.290144;-55.438368;0.230800;0.055459;2.850000;0.000000
334.188637;23.482992;-55.391926;0.241774;0.055155;2.850000;0.000000
334.388630;23.674902;-55.343487;0.252630;0.054511;2.850000;0.000000
334.588624;23.866158;-55.293014;0.263318;0.053533;2.850000;0.000000
334.788617;24.057042;-55.240471;0.273789;0.052237;2.850000;0.000000
334.988610;24.247748;-55.185848;0.283821;0.049933;2.850000;0.000000
335.188603;24.437779;-55.129411;0.292793;0.041255;2.850000;0.000000
335.388596;24.627970;-55.071227;0.300154;0.032792;2.850000;0.000000
335.588590;24.818320;-55.011632;0.305867;0.024510;2.850000;0.000000
335.788583;25.008826;-54.950962;0.309952;0.016375;2.850000;0.000000
335.988576;25.199484;-54.889555;0.312427;0.008348;2.850000;0.000000
336.188569;25.390292;-54.827746;0.313303;0.000392;2.850000;0.000000
336.388562;25.581247;-54.765874;0.312586;-0.007532;2.850000;0.000000
336.588556;25.772345;-54.704274;0.310278;-0.015461;2.850000;0.000000
336.788549;25.963584;-54.643283;0.306376;-0.023433;2.850000;0.000000
336.988542;26.154975;-54.583234;0.301179;-0.029856;2.850000;0.000000
337.188535;26.346594;-54.524309;0.295857;-0.024733;2.850000;0.000000
337.388528;26.538315;-54.466391;0.291420;-0.019567;2.850000;0.000000
337.588522;26.730107;-54.409271;0.288024;-0.014367;2.850000;0.000000
337.788515;26.921940;-54.352737;0.285673;-0.009142;2.850000;0.000000
337.988508;27.113784;-54.296582;0.284370;-0.003898;2.850000;0.000000
338.188501;27.305609;-54.240594;0.284116;0.001357;2.850000;0.000000
338.388494;27.497384;-54.184565;0.284912;0.006616;2.850000;0.000000
338.588488;27.689079;-54.128283;0.286759;0.011872;2.850000;0.000000
338.788481;27.880665;-54.071540;0.289655;0.017117;2.850000;0.000000
338.988474;28.072092;-54.014131;0.293390;0.021103;2.850000;0.000000
339.188467;28.263259;-53.955955;0.297235;0.018191;2.850000;0.000000
339.388460;28.454284;-53.897062;0.300581;0.015289;2.850000;0.000000
339.588454;28.645188;-53.837568;0.303349;0.012396;2.850000;0.000000
339.788447;28.835990;-53.777585;0.305539;0.009509;2.850000;0.000000
339.988440;29.026712;-53.717229;0.307153;0.006628;2.850000;0.000000
340.188433;29.217373;-53.656613;0.308191;0.003750;2.850000;0.000000
340.388426;29.407994;-53.595853;0.308654;0.000873;2.850000;0.000000
340.588420;29.598596;-53.535063;0.308541;-0.002004;2.850000;0.000000
340.788413;29.789198;-53.474356;0.307853;-0.004883;2.850000;0.000000
340.988406;29.979830;-53.413845;0.306802;-0.006374;2.850000;0.000000
341.188399;30.170526;-53.353550;0.306109;-0.001304;2.850000;0.000000
341.388392;30.361201;-53.293316;0.306355;0.003770;2.850000;0.000000
341.588386;30.551806;-53.232946;0.307617;0.008848;2.850000;0.000000
341.788379;30.742291;-53.172243;0.309893;0.013924;2.850000;0.000000
341.988372;30.932605;-53.111010;0.313184;0.018997;2.850000;0.000000
342.188365;31.122700;-53.049051;0.317488;0.024062;2.850000;0.000000
342.388358;31.312525;-52.986167;0.322805;0.029114;2.850000;0.000000
342.588352;31.502030;-52.922163;0.329133;0.034148;2.850000;0.000000
342.788345;31.691166;-52.856840;0.336468;0.039156;2.850000;0.000000
342.988338;31.879916;-52.789990;0.344977;0.045290;2.850000;0.000000
343.188331;32.068271;-52.721329;0.355184;0.056085;2.850000;0.000000
343.388324;32.255852;-52.650550;0.367521;0.066986;2.850000;0.000000
343.588318;32.442398;-52.577285;0.382050;0.078019;2.850000;0.000000
343.788311;32.627647;-52.501166;0.398795;0.089196;2.850000;0.000000
343.988304;32.811337;-52.421824;0.417774;0.100514;2.850000;0.000000
344.188297;32.993208;-52.338891;0.439009;0.111947;2.850000;0.000000
344.388290;33.172997;-52.251999;0.462513;0.123448;2.850000;0.000000
344.588284;33.350443;-52.160780;0.488293;0.134943;2.850000;0.000000
344.788277;33.525284;-52.064865;0.516330;0.146328;2.850000;0.000000
344.988270;33.697152;-51.963954;0.545887;0.152168;2.850000;0.000000
345.188263;33.865682;-51.858087;0.574881;0.140518;2.850000;0.000000
345.388256;34.031372;-51.747420;0.601718;0.128842;2.850000;0.000000
345.588250;34.194393;-51.632373;0.626269;0.117241;2.850000;0.000000
345.788243;34.354914;-51.513365;0.648553;0.105785;2.850000;0.000000
345.988236;34.513105;-51.390814;0.668592;0.094513;2.850000;0.000000
346.188229;34.669137;-51.265140;0.686418;0.083445;2.850000;0.000000
346.388222;34.823179;-51.136761;0.702060;0.072577;2.850000;0.000000
346.588216;34.975401;-51.006096;0.715547;0.061889;2.850000;0.000000
346.788209;35.125974;-50.873565;0.726907;0.051347;2.850000;0.000000
346.988202;35.275120;-50.739538;0.736434;0.043001;2.850000;0.000000
347.188195;35.423090;-50.604208;0.744937;0.041228;2.850000;0.000000
347.388188;35.569789;-50.467799;0.753016;0.039420;2.850000;0.000000
347.588182;35.715283;-50.330352;0.760722;0.037582;2.850000;0.000000
347.788175;35.859639;-50.191912;0.768053;0.035717;2.850000;0.000000
347.988168;36.002925;-50.052520;0.775004;0.033828;2.850000;0.000000
348.188161;36.145207;-49.912219;0.781573;0.031919;2.850000;0.000000
348.388154;36.286553;-49.771053;0.787757;0.029992;2.850000;0.000000
348.588148;36.427030;-49.629063;0.793554;0.028049;2.850000;0.000000
348.788141;36.566704;-49.486294;0.798962;0.026095;2.850000;0.000000
348.988134;36.705665;-49.342765;0.804022;0.024467;2.850000;0.000000
349.188127;36.844001;-49.198472;0.808851;0.023774;2.850000;0.000000
349.388120;36.981670;-49.053501;0.813534;0.023082;2.850000;0.000000
349.588114;37.118687;-48.907877;0.818081;0.022393;2.850000;0.000000
349.788107;37.255069;-48.761621;0.822490;0.021705;2.850000;0.000000
349.988100;37.390830;-48.614758;0.826762;0.021019;2.850000;0.000000
350.188093;37.525986;-48.467310;0.830898;0.020335;2.850000;0.000000
350.388086;37.660554;-48.319300;0.834898;0.019654;2.850000;0.000000
350.588080;37.794548;-48.170752;0.838762;0.018974;2.850000;0.000000
350.788073;37.927984;-48.021689;0.842488;0.018296;2.850000;0.000000
350.988066;38.060858;-47.872156;0.845967;0.016688;2.850000;0.000000
351.188059;38.193195;-47.722235;0.848899;0.012820;2.850000;0.000000
351.388052;38.325151;-47.571971;0.851076;0.008953;2.850000;0.000000
351.588046;38.456841;-47.421466;0.852480;0.005086;2.850000;0.000000
351.788039;38.588381;-47.270824;0.853110;0.001220;2.850000;0.000000
351.988032;38.719888;-47.120146;0.852968;-0.002646;2.850000;0.000000
352.188025;38.851477;-46.969535;0.852052;-0.006512;2.850000;0.000000
352.388018;38.983264;-46.819093;0.850363;-0.010377;2.850000;0.000000
352.588012;39.115364;-46.668923;0.847901;-0.014242;2.850000;0.000000
352.788005;39.247894;-46.519128;0.844672;-0.018106;2.850000;0.000000
352.987998;39.380982;-46.369792;0.841103;-0.018267;2.850000;0.000000
353.187991;39.514629;-46.220889;0.838301;-0.010372;2.850000;0.000000
353.387984;39.648584;-46.072264;0.837016;-0.002478;2.850000;0.000000
353.587978;39.782604;-45.923716;0.837310;0.005417;2.850000;0.000000
353.787971;39.916449;-45.775038;0.839184;0.013318;2.850000;0.000000
353.987964;40.049877;-45.626028;0.842639;0.021228;2.850000;0.000000
354.187957;40.182645;-45.476480;0.847675;0.029147;2.850000;0.000000
354.387950;40.314512;-45.326192;0.854295;0.037075;2.850000;0.000000
354.587944;40.445238;-45.174960;0.862500;0.045008;2.850000;0.000000
354.787937;40.574579;-45.022579;0.872278;0.052938;2.850000;0.000000
354.987930;40.702288;-44.868860;0.883036;0.055565;2.850000;0.000000
355.187923;40.828296;-44.713763;0.893307;0.047965;2.850000;0.000000
355.387916;40.952833;-44.557437;0.902134;0.040361;2.850000;0.000000
355.587910;41.076133;-44.400076;0.909443;0.032762;2.850000;0.000000
355.787903;41.198431;-44.241870;0.915236;0.025175;2.850000;0.000000
355.987896;41.319959;-44.083014;0.919513;0.017599;2.850000;0.000000
356.187889;41.440951;-43.923698;0.922277;0.010034;2.850000;0.000000
356.387882;41.561642;-43.764116;0.923528;0.002477;2.850000;0.000000
356.587876;41.682264;-43.604460;0.923268;-0.005077;2.850000;0.000000
356.787869;41.803052;-43.444922;0.921509;-0.012630;2.850000;0.000000
356.987862;41.924235;-43.285691;0.918852;-0.014692;2.850000;0.000000
357.187855;42.045858;-43.126813;0.916726;-0.007198;2.850000;0.000000
357.387848;42.167699;-42.968122;0.916036;0.000298;2.850000;0.000000
357.587842;42.289517;-42.809442;0.916846;0.007798;2.850000;0.000000
357.787835;42.411071;-42.650593;0.919156;0.015304;2.850000;0.000000
357.987828;42.532121;-42.491396;0.922968;0.022816;2.850000;0.000000
358.187821;42.652424;-42.331673;0.928282;0.030334;2.850000;0.000000
358.387814;42.771741;-42.171245;0.935098;0.037854;2.850000;0.000000
358.587808;42.889829;-42.009934;0.943417;0.045371;2.850000;0.000000
358.787801;43.006448;-41.847559;0.953227;0.052873;2.850000;0.000000
358.987794;43.121337;-41.683979;0.964095;0.056363;2.850000;0.000000
359.187787;43.234377;-41.519141;0.975046;0.053586;2.850000;0.000000
359.387780;43.345669;-41.353065;0.985482;0.050817;2.850000;0.000000
359.587774;43.455292;-41.185830;0.995368;0.048059;2.850000;0.000000
359.787767;43.563324;-41.017517;1.004705;0.045314;2.850000;0.000000
359.987760;43.669843;-40.848204;1.013496;0.042583;2.850000;0.000000
360.187753;43.774927;-40.677971;1.021743;0.039866;2.850000;0.000000
360.387746;43.878655;-40.506898;1.029449;0.037164;2.850000;0.000000
360.587740;43.981104;-40.335065;1.036615;0.034476;2.850000;0.000000
360.787733;44.082352;-40.162551;1.043247;0.031801;2.850000;0.000000
360.987726;44.182509;-39.989381;1.049436;0.029982;2.850000;0.000000
361.187719;44.281642;-39.815580;1.055381;0.029386;2.850000;0.000000
361.387712;44.379729;-39.641238;1.061200;0.028785;2.850000;0.000000
361.587706;44.476794;-39.466365;1.066896;0.028179;2.850000;0.000000
361.787699;44.572858;-39.290971;1.072471;0.027568;2.850000;0.000000
361.987692;44.667946;-39.115065;1.077922;0.026954;2.850000;0.000000
362.187685;44.762080;-38.938659;1.083250;0.026336;2.850000;0.000000
362.387678;44.855283;-38.761761;1.088453;0.025715;2.850000;0.000000
362.587672;44.947577;-38.584382;1.093533;0.025090;2.850000;0.000000
362.787665;45.038986;-38.406530;1.098484;0.024464;2.850000;0.000000
362.987658;45.129516;-38.228252;1.103225;0.023040;2.850000;0.000000
363.187651;45.219214;-38.049582;1.107581;0.020581;2.850000;0.000000
363.387644;45.308186;-37.870525;1.111450;0.018124;2.850000;0.000000
363.587638;45.396519;-37.691125;1.114829;0.015669;2.850000;0.000000
363.787631;45.484299;-37.511431;1.117717;0.013216;2.850000;0.000000
363.987624;45.571611;-37.331489;1.120115;0.010766;2.850000;0.000000
364.187617;45.658542;-37.151347;1.122024;0.008317;2.850000;0.000000
364.387610;45.745177;-36.971051;1.123443;0.005869;2.850000;0.000000
364.587604;45.831604;-36.790647;1.124372;0.003423;2.850000;0.000000
364.787597;45.917907;-36.610184;1.124819;0.000977;2.850000;0.000000
364.987590;46.004177;-36.429693;1.124996;0.000598;2.850000;0.000000
365.187583;46.090425;-36.249182;1.125336;0.002683;2.850000;0.000000
365.387576;46.176571;-36.068634;1.126082;0.004769;2.850000;0.000000
365.587570;46.262540;-35.888016;1.127244;0.006855;2.850000;0.000000
365.787563;46.348253;-35.707295;1.128824;0.008943;2.850000;0.000000
365.987556;46.433636;-35.526437;1.130822;0.011032;2.850000;0.000000
366.187549;46.518611;-35.345408;1.133237;0.013122;2.850000;0.000000
366.387542;46.603102;-35.164176;1.136070;0.015214;2.850000;0.000000
366.587536;46.687033;-34.982707;1.139321;0.017307;2.850000;0.000000
366.787529;46.770327;-34.800966;1.142989;0.019400;2.850000;0.000000
366.987522;46.852938;-34.618855;1.147018;0.020944;2.850000;0.000000
367.187515;46.934812;-34.436345;1.151299;0.021893;2.850000;0.000000
367.387508;47.015879;-34.253492;1.155773;0.022841;2.850000;0.000000
367.587502;47.096104;-34.070285;1.160436;0.023790;2.850000;0.000000
367.787495;47.175451;-33.886710;1.165289;0.024738;2.850000;0.000000
367.987488;47.253886;-33.702754;1.170331;0.025686;2.850000;0.000000
368.187481;47.331371;-33.518403;1.175562;0.026633;2.850000;0.000000
368.387474;47.407873;-33.333645;1.180982;0.027578;2.850000;0.000000
368.587468;47.483355;-33.148467;1.186591;0.028521;2.850000;0.000000
368.787461;47.557783;-32.962854;1.192396;0.029462;2.850000;0.000000
368.987454;47.631127;-32.776769;1.198560;0.032034;2.850000;0.000000
369.187447;47.703287;-32.590185;1.205388;0.036173;2.850000;0.000000
369.387440;47.774092;-32.403091;1.213040;0.040324;2.850000;0.000000
369.587434;47.843380;-32.215448;1.221522;0.044485;2.850000;0.000000
369.787427;47.910988;-32.027217;1.230836;0.048657;2.850000;0.000000
369.987420;47.976753;-31.838362;1.240984;0.052834;2.850000;0.000000
370.187413;48.040511;-31.648843;1.251967;0.057014;2.850000;0.000000
370.387406;48.102101;-31.458623;1.263784;0.061191;2.850000;0.000000
370.587400;48.161358;-31.267664;1.276436;0.065355;2.850000;0.000000
370.787393;48.218121;-31.075928;1.289910;0.069499;2.850000;0.000000
370.987386;48.272222;-30.883408;1.304033;0.071883;2.850000;0.000000
371.187379;48.323557;-30.690109;1.318503;0.072853;2.850000;0.000000
371.387372;48.372077;-30.496051;1.333177;0.073863;2.850000;0.000000
371.587366;48.417729;-30.301283;1.348058;0.074912;2.850000;0.000000
371.787359;48.460456;-30.105851;1.363153;0.075998;2.850000;0.000000
371.987352;48.500205;-29.909805;1.378468;0.077120;2.850000;0.000000
372.187345;48.536921;-29.713192;1.394008;0.078275;2.850000;0.000000
372.387338;48.570549;-29.516058;1.409781;0.079463;2.850000;0.000000
372.587332;48.601035;-29.318453;1.425791;0.080681;2.850000;0.000000
372.787325;48.628323;-29.120424;1.442024;0.081926;2.850000;0.000000
372.987318;48.652365;-28.922046;1.458152;0.079741;2.850000;0.000000
373.187311;48.673242;-28.723349;1.473603;0.074993;2.850000;0.000000
373.387304;48.691141;-28.524347;1.488111;0.070217;2.850000;0.000000
373.587298;48.706249;-28.325073;1.501665;0.065429;2.850000;0.000000
373.787291;48.718753;-28.125559;1.514266;0.060639;2.850000;0.000000
373.987284;48.728842;-27.925837;1.525915;0.055857;2.850000;0.000000
374.187277;48.736701;-27.725939;1.536612;0.051090;2.850000;0.000000
374.387270;48.742519;-27.525899;1.546361;0.046342;2.850000;0.000000
374.587264;48.746482;-27.325747;1.555165;0.041615;2.850000;0.000000
374.787257;48.748778;-27.125518;1.563060;0.036910;2.850000;0.000000
374.987250;48.749579;-26.925343;1.570594;0.037911;2.850000;0.000000
375.187243;48.748859;-26.725223;1.578664;0.042633;2.850000;0.000000
375.387236;48.746431;-26.525128;1.587670;0.047376;2.850000;0.000000
375.587230;48.742106;-26.325095;1.597625;0.052142;2.850000;0.000000
375.787223;48.735697;-26.125161;1.608534;0.056928;2.850000;0.000000
375.987216;48.727014;-25.925362;1.620400;0.061732;2.850000;0.000000
376.187209;48.715868;-25.725734;1.633224;0.066546;2.850000;0.000000
376.387202;48.702070;-25.526315;1.647008;0.071363;2.850000;0.000000
376.587196;48.685432;-25.327140;1.661752;0.076171;2.850000;0.000000
376.787189;48.665763;-25.128247;1.677423;0.080956;2.850000;0.000000
376.987182;48.642895;-24.929720;1.693576;0.081060;2.850000;0.000000
377.187175;48.616814;-24.731574;1.709506;0.078397;2.850000;0.000000
377.387168;48.587623;-24.533810;1.724914;0.075752;2.850000;0.000000
377.587162;48.555433;-24.336458;1.739800;0.073131;2.850000;0.000000
377.787155;48.520351;-24.139552;1.754167;0.070537;2.850000;0.000000
377.987148;48.482486;-23.943121;1.768022;0.067976;2.850000;0.000000
378.187141;48.441949;-23.747197;1.781369;0.065448;2.850000;0.000000
378.387134;48.398847;-23.551812;1.794215;0.062958;2.850000;0.000000
378.587128;48.353290;-23.356996;1.806566;0.060506;2.850000;0.000000
378.787121;48.305387;-23.162780;1.818438;0.058092;2.850000;0.000000
378.987114;48.255212;-22.969077;1.829923;0.056642;2.850000;0.000000
379.187107;48.202844;-22.775953;1.841163;0.055703;2.850000;0.000000
379.387100;48.148342;-22.583474;1.852211;0.054756;2.850000;0.000000
379.587094;48.091746;-22.391644;1.863068;0.053801;2.850000;0.000000
379.787087;48.033098;-22.200462;1.873731;0.052842;2.850000;0.000000
379.987080;47.972439;-22.009929;1.884201;0.051878;2.850000;0.000000
380.187073;47.909811;-21.820048;1.894477;0.050912;2.850000;0.000000
380.387066;47.845255;-21.630818;1.904560;0.049944;2.850000;0.000000
380.587060;47.778813;-21.442242;1.914449;0.048976;2.850000;0.000000
380.787053;47.710524;-21.254319;1.924127;0.048008;2.850000;0.000000
380.987046;47.640444;-21.067065;1.933388;0.044807;2.850000;0.000000
381.187039;47.568687;-20.880437;1.941915;0.040501;2.850000;0.000000
381.387032;47.495413;-20.694377;1.949583;0.036198;2.850000;0.000000
381.587026;47.420785;-20.508831;1.956393;0.031899;2.850000;0.000000
381.787019;47.344967;-20.323745;1.962344;0.027606;2.850000;0.000000
381.987012;47.268123;-20.139068;1.967437;0.023319;2.850000;0.000000
382.187005;47.190416;-19.954746;1.971673;0.019039;2.850000;0.000000
382.386998;47.112010;-19.770726;1.975054;0.014762;2.850000;0.000000
382.586992;47.033067;-19.586955;1.977579;0.010488;2.850000;0.000000
382.786985;46.953753;-19.403381;1.979265;0.006214;2.850000;0.000000
382.986978;46.874185;-19.219861;1.980291;0.003880;2.850000;0.000000
383.186971;46.794475;-19.036406;1.980921;0.002401;2.850000;0.000000
383.386964;46.714691;-18.853022;1.981253;0.000920;2.850000;0.000000
383.586958;46.634882;-18.669674;1.981288;-0.000563;2.850000;0.000000
383.786951;46.555100;-18.486329;1.981028;-0.002045;2.850000;0.000000
383.986944;46.475394;-18.302954;1.980471;-0.003528;2.850000;0.000000
384.186937;46.395813;-18.119515;1.979617;-0.005009;2.850000;0.000000
384.386930;46.316409;-17.935979;1.978467;-0.006488;2.850000;0.000000
384.586924;46.237231;-17.752311;1.977022;-0.007965;2.850000;0.000000
384.786917;46.158328;-17.568479;1.975296;-0.009439;2.850000;0.000000
384.986910;46.079808;-17.384592;1.973436;-0.009306;2.850000;0.000000
385.186903;46.001632;-17.200567;1.971650;-0.008571;2.850000;0.000000
385.386896;45.923756;-17.016372;1.970009;-0.007838;2.850000;0.000000
385.586890;45.846158;-16.832028;1.968514;-0.007108;2.850000;0.000000
385.786883;45.768815;-16.647557;1.967165;-0.006379;2.850000;0.000000
385.986876;45.691704;-16.462979;1.965962;-0.005652;2.850000;0.000000
386.186869;45.614802;-16.278316;1.964904;-0.004926;2.850000;0.000000
386.386862;45.538088;-16.093590;1.963991;-0.004201;2.850000;0.000000
386.586856;45.461537;-15.908821;1.963224;-0.003476;2.850000;0.000000
386.786849;45.385129;-15.724031;1.962611;-0.002751;2.850000;0.000000
386.986842;45.308787;-15.539123;1.962254;-0.000928;2.850000;0.000000
387.186835;45.232478;-15.354201;1.962288;0.001269;2.850000;0.000000
387.386828;45.156136;-15.169331;1.962762;0.003467;2.850000;0.000000
387.586822;45.079677;-14.984539;1.963675;0.005667;2.850000;0.000000
387.786815;45.003015;-14.799851;1.965028;0.007866;2.850000;0.000000
387.986808;44.926067;-14.615294;1.966821;0.010065;2.850000;0.000000
388.186801;44.848749;-14.430895;1.969053;0.012262;2.850000;0.000000
388.386794;44.770976;-14.246679;1.971725;0.014457;2.850000;0.000000
388.586788;44.692664;-14.062673;1.974835;0.016648;2.850000;0.000000
388.786781;44.613729;-13.878904;1.978330;0.018834;2.850000;0.000000
388.986774;44.534138;-13.695461;1.981742;0.015824;2.850000;0.000000
389.186767;44.453961;-13.512257;1.984456;0.011333;2.850000;0.000000
389.386760;44.373357;-13.329210;1.986275;0.006848;2.850000;0.000000
389.586754;44.292496;-13.146257;1.987196;0.002366;2.850000;0.000000
389.786747;44.211545;-12.963335;1.987221;-0.002114;2.850000;0.000000
389.986740;44.130672;-12.780380;1.986350;-0.006595;2.850000;0.000000
390.186733;44.050046;-12.597331;1.984583;-0.011079;2.850000;0.000000
390.386726;43.969834;-12.414124;1.981918;-0.015567;2.850000;0.000000
390.586720;43.890205;-12.230696;1.978356;-0.020061;2.850000;0.000000
390.786713;43.811327;-12.046985;1.973969;-0.024562;2.850000;0.000000
390.986706;43.733296;-11.862830;1.969380;-0.022093;2.850000;0.000000
391.186699;43.656080;-11.678336;1.965382;-0.017901;2.850000;0.000000
391.386692;43.579533;-11.493586;1.962222;-0.013704;2.850000;0.000000
391.586686;43.503498;-11.308638;1.959902;-0.009503;2.850000;0.000000
391.786679;43.427815;-11.123550;1.958421;-0.005301;2.850000;0.000000
391.986672;43.352328;-10.938380;1.957782;-0.001098;2.850000;0.000000
392.186665;43.276878;-10.753184;1.957982;0.003104;2.850000;0.000000
392.386658;43.201307;-10.568021;1.959023;0.007305;2.850000;0.000000
392.586652;43.125458;-10.382948;1.960904;0.011502;2.850000;0.000000
392.786645;43.049171;-10.198024;1.963569;0.015694;2.850000;0.000000
392.986638;42.972373;-10.013447;1.966611;0.015267;2.850000;0.000000
393.186631;42.895010;-9.829102;1.969529;0.013929;2.850000;0.000000
393.386624;42.817122;-9.644943;1.972181;0.012593;2.850000;0.000000
393.586618;42.738760;-9.460955;1.974566;0.011260;2.850000;0.000000
393.786611;42.659974;-9.277124;1.976685;0.009929;2.850000;0.000000
393.986604;42.580816;-9.093433;1.978538;0.008599;2.850000;0.000000
394.186597;42.501338;-8.909868;1.980125;0.007271;2.850000;0.000000
394.386590;42.421590;-8.726412;1.981447;0.005943;2.850000;0.000000
394.586584;42.341624;-8.543051;1.982503;0.004617;2.850000;0.000000
394.786577;42.261492;-8.359769;1.983292;0.003291;2.850000;0.000000
394.986570;42.181227;-8.176514;1.983799;0.001801;2.850000;0.000000
395.186563;42.100900;-7.993294;1.984007;0.000284;2.850000;0.000000
395.386556;42.020568;-7.810092;1.983912;-0.001234;2.850000;0.000000
395.586550;41.940288;-7.626885;1.983514;-0.002753;2.850000;0.000000
395.786543;41.860115;-7.443650;1.982811;-0.004272;2.850000;0.000000
395.986536;41.780107;-7.260362;1.981805;-0.005792;2.850000;0.000000
396.186529;41.700318;-7.076999;1.980495;-0.007312;2.850000;0.000000
396.386522;41.620804;-6.893536;1.978881;-0.008834;2.850000;0.000000
396.586516;41.541623;-6.709952;1.976962;-0.010356;2.850000;0.000000
396.786509;41.462829;-6.526221;1.974766;-0.011879;2.850000;0.000000
396.986502;41.384441;-6.342259;1.972472;-0.011340;2.850000;0.000000
397.186495;41.306472;-6.158122;1.970286;-0.010524;2.850000;0.000000
397.386488;41.228893;-5.973828;1.968263;-0.009707;2.850000;0.000000
397.586482;41.151672;-5.789383;1.966404;-0.008889;2.850000;0.000000
397.786475;41.074776;-5.604796;1.964708;-0.008070;2.850000;0.000000
397.986468;40.998174;-5.420075;1.963176;-0.007250;2.850000;0.000000
398.186461;40.921834;-5.235226;1.961808;-0.006430;2.850000;0.000000
398.386454;40.845722;-5.050258;1.960604;-0.005609;2.850000;0.000000
398.586448;40.769807;-4.865179;1.959564;-0.004789;2.850000;0.000000
398.786441;40.694057;-4.679995;1.958710;-0.003969;2.850000;0.000000
398.986434;40.618481;-4.494842;1.958176;-0.001590;2.850000;0.000000
399.186427;40.542957;-4.309649;1.958110;0.000938;2.850000;0.000000
399.386420;40.467391;-4.124451;1.958551;0.003465;2.850000;0.000000
399.586414;40.391693;-3.939295;1.959496;0.005991;2.850000;0.000000
399.786407;40.315772;-3.754229;1.960948;0.008519;2.850000;0.000000
399.986400;40.239539;-3.569301;1.962905;0.011049;2.850000;0.000000
400.186393;40.162904;-3.384557;1.965368;0.013582;2.850000;0.000000
400.386386;40.085778;-3.200045;1.968337;0.016118;2.850000;0.000000
400.586380;40.008070;-3.015813;1.971814;0.018659;2.850000;0.000000
400.786373;39.929690;-2.831908;1.975708;0.021205;2.850000;0.000000
400.986366;39.850514;-2.648203;1.979473;0.017376;2.850000;0.000000
401.186359;39.770708;-2.464794;1.982519;0.013085;2.850000;0.000000
401.386352;39.690433;-2.281618;1.984707;0.008789;2.850000;0.000000
401.586346;39.609843;-2.098598;1.986035;0.004490;2.850000;0.000000
401.786339;39.529092;-1.915661;1.986502;0.000189;2.850000;0.000000
401.986332;39.448336;-1.732729;1.986110;-0.004112;2.850000;0.000000
402.186325;39.367730;-1.549729;1.984858;-0.008413;2.850000;0.000000
402.386318;39.287427;-1.366583;1.982746;-0.012711;2.850000;0.000000
402.586312;39.207583;-1.183218;1.979774;-0.017005;2.850000;0.000000
402.786305;39.128352;-0.999557;1.976065;-0.021293;2.850000;0.000000
402.986298;39.049905;-0.815686;1.972267;-0.017880;2.850000;0.000000
403.186291;38.972105;-0.631508;1.969062;-0.014188;2.850000;0.000000
403.386284;38.894815;-0.447082;1.966593;-0.010500;2.850000;0.000000
403.586278;38.817902;-0.262469;1.964862;-0.006817;2.850000;0.000000
403.786271;38.741234;-0.077733;1.963866;-0.003135;2.850000;0.000000
403.986264;38.664677;0.107063;1.963607;0.000544;2.850000;0.000000
404.186257;38.588097;0.291855;1.964084;0.004223;2.850000;0.000000
404.386250;38.511362;0.476582;1.965297;0.007903;2.850000;0.000000
404.586244;38.434338;0.661179;1.967246;0.011584;2.850000;0.000000
404.786237;38.356893;0.845583;1.969822;0.015269;2.850000;0.000000
404.986230;38.278921;1.029778;1.972461;0.012216;2.850000;0.000000
405.186223;38.200504;1.213767;1.974590;0.009077;2.850000;0.000000
405.386216;38.121758;1.397605;1.976091;0.005936;2.850000;0.000000
405.586210;38.042797;1.581342;1.976964;0.002794;2.850000;0.000000
405.786203;37.963735;1.765032;1.977208;-0.000348;2.850000;0.000000
405.986196;37.884686;1.948725;1.976825;-0.003491;2.850000;0.000000
406.186189;37.805764;2.132475;1.975812;-0.006633;2.850000;0.000000
406.386182;37.727085;2.316334;1.974172;-0.009774;2.850000;0.000000
406.586176;37.648762;2.500354;1.971903;-0.012914;2.850000;0.000000
406.786169;37.570909;2.684587;1.969139;-0.015958;2.850000;0.000000
406.986162;37.493608;2.869031;1.966521;-0.011449;2.850000;0.000000
407.186155;37.416723;3.053664;1.964682;-0.006943;2.850000;0.000000
407.386148;37.340091;3.238412;1.963743;-0.002439;2.850000;0.000000
407.586142;37.263548;3.423202;1.963706;0.002064;2.850000;0.000000
407.786135;37.186928;3.607960;1.964569;0.006568;2.850000;0.000000
407.986128;37.110069;3.792610;1.966333;0.011073;2.850000;0.000000
408.186121;37.032805;3.977079;1.968999;0.015581;2.850000;0.000000
408.386114;36.954973;4.161293;1.972566;0.020091;2.850000;0.000000
408.586108;36.876408;4.345178;1.977034;0.024603;2.850000;0.000000
408.786101;36.796944;4.528660;1.982274;0.028867;2.850000;0.000000
408.986094;36.716449;4.711727;1.987680;0.026265;2.850000;0.000000
409.186087;36.634997;4.894362;1.992672;0.023661;2.850000;0.000000
409.386080;36.552681;5.076610;1.997143;0.021054;2.850000;0.000000
409.586074;36.469598;5.258512;2.001092;0.018446;2.850000;0.000000
409.786067;36.385841;5.440113;2.004520;0.015839;2.850000;0.000000
409.986060;36.301506;5.621454;2.007427;0.013231;2.850000;0.000000
410.186053;36.216689;5.802579;2.009813;0.010625;2.850000;0.000000
410.386046;36.131483;5.983530;2.011677;0.008019;2.850000;0.000000
410.586040;36.045984;6.164350;2.013021;0.005413;2.850000;0.000000
410.786033;35.960286;6.345086;2.014013;0.003323;2.850000;0.000000
410.986026;35.874407;6.525781;2.015389;0.009259;2.850000;0.000000
411.186019;35.788196;6.706312;2.017836;0.015198;2.850000;0.000000
411.386012;35.701444;6.886564;2.021470;0.021141;2.850000;0.000000
411.586006;35.613941;7.066428;2.026294;0.027091;2.850000;0.000000
411.785999;35.525476;7.245791;2.032308;0.033047;2.850000;0.000000
411.985992;35.435840;7.424541;2.039512;0.039006;2.850000;0.000000
412.185985;35.344822;7.602568;2.047907;0.044966;2.850000;0.000000
412.385978;35.252213;7.779758;2.057492;0.050918;2.850000;0.000000
412.585972;35.157802;7.956001;2.068266;0.056854;2.850000;0.000000
412.785965;35.061389;8.131170;2.080028;0.061979;2.850000;0.000000
412.985958;34.962918;8.305037;2.092000;0.058931;2.850000;0.000000
413.185951;34.862375;8.477785;2.103476;0.055894;2.850000;0.000000
413.385944;34.759879;8.649450;2.114349;0.052872;2.850000;0.000000
413.585938;34.655545;8.820067;2.124622;0.049868;2.850000;0.000000
413.785931;34.549490;8.989674;2.134299;0.046882;2.850000;0.000000
413.985924;34.441833;9.158305;2.143382;0.043917;2.850000;0.000000
414.185917;34.332688;9.325998;2.151874;0.040972;2.850000;0.000000
414.385910;34.222175;9.492788;2.159779;0.038047;2.850000;0.000000
414.585904;34.110408;9.658711;2.167100;0.035139;2.850000;0.000000
414.785897;33.997493;9.823823;2.173885;0.032446;2.850000;0.000000
414.985890;33.883426;9.988300;2.180300;0.031457;2.850000;0.000000
415.185883;33.768362;10.152005;2.186496;0.030462;2.850000;0.000000
415.385876;33.652332;10.314965;2.192489;0.029460;2.850000;0.000000
415.585870;33.535368;10.477204;2.198281;0.028453;2.850000;0.000000
415.785863;33.417503;10.638747;2.203870;0.027441;2.850000;0.000000
415.985856;33.298767;10.799621;2.209255;0.026426;2.850000;0.000000
416.185849;33.179195;10.959852;2.214436;0.025406;2.850000;0.000000
416.385842;33.058816;11.119464;2.219413;0.024384;2.850000;0.000000
416.585836;32.937664;11.278483;2.224186;0.023360;2.850000;0.000000
416.785829;32.815771;11.436934;2.228752;0.022327;2.850000;0.000000
416.985822;32.693174;11.594839;2.233107;0.021248;2.850000;0.000000
417.185815;32.569901;11.752229;2.237246;0.020167;2.850000;0.000000
417.385808;32.445985;11.909132;2.241171;0.019086;2.850000;0.000000
417.585802;32.321459;12.065576;2.244879;0.018004;2.850000;0.000000
417.785795;32.196359;12.221586;2.248371;0.016922;2.850000;0.000000
417.985788;32.070715;12.377192;2.251647;0.015840;2.850000;0.000000
418.185781;31.944563;12.532419;2.254707;0.014758;2.850000;0.000000
418.385774;31.817934;12.687295;2.257552;0.013677;2.850000;0.000000
418.585768;31.690864;12.841847;2.260180;0.012596;2.850000;0.000000
418.785761;31.563399;12.996084;2.262713;0.012262;2.850000;0.000000
418.985754;31.435602;13.149924;2.265570;0.015844;2.850000;0.000000
419.185747;31.307307;13.303372;2.269098;0.019429;2.850000;0.000000
419.385740;31.178412;13.456326;2.273343;0.023017;2.850000;0.000000
419.585734;31.048815;13.608684;2.278306;0.026609;2.850000;0.000000
419.785727;30.918414;13.760343;2.283988;0.030206;2.850000;0.000000
419.985720;30.787109;13.911201;2.290389;0.033808;2.850000;0.000000
420.185713;30.654797;14.061156;2.297511;0.037413;2.850000;0.000000
420.385706;30.521377;14.210106;2.305353;0.041019;2.850000;0.000000
420.585700;30.386747;14.357949;2.313915;0.044624;2.850000;0.000000
420.785693;30.250808;14.504579;2.323024;0.047084;2.850000;0.000000
420.985686;30.113520;14.649931;2.332108;0.044355;2.850000;0.000000
421.185679;29.974939;14.794069;2.340704;0.041626;2.850000;0.000000
421.385672;29.835150;14.937061;2.348755;0.038899;2.850000;0.000000
421.585666;29.694240;15.078975;2.356262;0.036176;2.850000;0.000000
421.785659;29.552295;15.219878;2.363226;0.033458;2.850000;0.000000
421.985652;29.409399;15.359838;2.369647;0.030745;2.850000;0.000000
422.185645;29.265641;15.498922;2.375526;0.028038;2.850000;0.000000
422.385638;29.121104;15.637197;2.380864;0.025338;2.850000;0.000000
422.585632;28.975876;15.774731;2.385663;0.022642;2.850000;0.000000
422.785625;28.830026;15.911606;2.390026;0.020665;2.850000;0.000000
422.985618;28.683563;16.047905;2.394279;0.021550;2.850000;0.000000
423.185611;28.536535;16.183552;2.398678;0.022435;2.850000;0.000000
423.385604;28.388919;16.318521;2.403254;0.023320;2.850000;0.000000
423.585598;28.240690;16.452785;2.408006;0.024204;2.850000;0.000000
423.785591;28.091827;16.586318;2.412935;0.025086;2.850000;0.000000
423.985584;27.942306;16.719094;2.418040;0.025968;2.850000;0.000000
424.185577;27.792104;16.851086;2.423320;0.026847;2.850000;0.000000
424.385570;27.641197;16.982268;2.428776;0.027725;2.850000;0.000000
424.585564;27.489563;17.112614;2.434406;0.028599;2.850000;0.000000
424.785557;27.337184;17.242092;2.440092;0.028586;2.850000;0.000000
424.985550;27.184083;17.370701;2.445469;0.025506;2.850000;0.000000
425.185543;27.030314;17.498539;2.450262;0.022429;2.850000;0.000000
425.385536;26.875960;17.625696;2.454440;0.019354;2.850000;0.000000
425.585530;26.721104;17.752264;2.458004;0.016281;2.850000;0.000000
425.785523;26.565828;17.878334;2.460953;0.013211;2.850000;0.000000
425.985516;26.410214;18.003997;2.463288;0.010142;2.850000;0.000000
426.185509;26.254346;18.129345;2.465010;0.007076;2.850000;0.000000
426.385502;26.098305;18.254468;2.466119;0.004009;2.850000;0.000000
426.585496;25.942174;18.379458;2.466615;0.000942;2.850000;0.000000
426.785489;25.786020;18.504418;2.466570;-0.001556;2.850000;0.000000
426.985482;25.629873;18.629443;2.466199;-0.002318;2.850000;0.000000
427.185475;25.473800;18.754528;2.465659;-0.003081;2.850000;0.000000
427.385468;25.317817;18.879699;2.464967;-0.003843;2.850000;0.000000
427.585462;25.161940;19.004982;2.464122;-0.004605;2.850000;0.000000
427.785455;25.006184;19.130403;2.463125;-0.005367;2.850000;0.000000
427.985448;24.850566;19.255990;2.461976;-0.006128;2.850000;0.000000
428.185441;24.695100;19.381767;2.460674;-0.006889;2.850000;0.000000
428.385434;24.539804;19.507763;2.459221;-0.007649;2.850000;0.000000
428.585428;24.384692;19.634003;2.457616;-0.008408;2.850000;0.000000
428.785421;24.229791;19.760504;2.455958;-0.008373;2.850000;0.000000
428.985414;24.075112;19.887247;2.454516;-0.006231;2.850000;0.000000
429.185407;23.920580;20.014191;2.453484;-0.004090;2.850000;0.000000
429.385400;23.766143;20.141270;2.452880;-0.001951;2.850000;0.000000
429.585394;23.611750;20.268413;2.452703;0.000188;2.850000;0.000000
429.785387;23.457349;20.395552;2.452955;0.002327;2.850000;0.000000
429.985380;23.302891;20.522618;2.453634;0.004466;2.850000;0.000000
430.185373;23.148323;20.649543;2.454741;0.006606;2.850000;0.000000
430.385366;22.993595;20.776259;2.456276;0.008746;2.850000;0.000000
430.585360;22.838654;20.902695;2.458238;0.010888;2.850000;0.000000
430.785353;22.683433;21.028800;2.460494;0.011907;2.850000;0.000000
430.985346;22.527888;21.154565;2.462691;0.010277;2.850000;0.000000
431.185339;22.372095;21.280002;2.464583;0.008646;2.850000;0.000000
431.385332;22.216093;21.405163;2.466150;0.007014;2.850000;0.000000
431.585326;22.059924;21.530099;2.467389;0.005382;2.850000;0.000000
431.785319;21.903625;21.654862;2.468302;0.003749;2.850000;0.000000
431.985312;21.747238;21.779505;2.468889;0.002116;2.850000;0.000000
432.185305;21.590800;21.904078;2.469148;0.000482;2.850000;0.000000
432.385298;21.434354;22.028636;2.469081;-0.001152;2.850000;0.000000
432.585292;21.277936;22.153228;2.468689;-0.002785;2.850000;0.000000
432.785285;21.121589;22.277906;2.468052;-0.003709;2.850000;0.000000
432.985278;20.965330;22.402698;2.467376;-0.003167;2.850000;0.000000
433.185271;20.809148;22.527590;2.466797;-0.002624;2.850000;0.000000
433.385264;20.653030;22.652566;2.466326;-0.002082;2.850000;0.000000
433.585258;20.496960;22.777610;2.465964;-0.001539;2.850000;0.000000
433.785251;20.340926;22.902705;2.465710;-0.000997;2.850000;0.000000
433.985244;20.184911;23.027834;2.465565;-0.000454;2.850000;0.000000
434.185237;20.028903;23.152981;2.465529;0.000088;2.850000;0.000000
434.385230;19.872887;23.278131;2.465600;0.000630;2.850000;0.000000
434.585224;19.716849;23.403266;2.465780;0.001172;2.850000;0.000000
434.785217;19.560789;23.528359;2.466028;0.001362;2.850000;0.000000
434.985210;19.404717;23.653394;2.466251;0.000911;2.850000;0.000000
435.185203;19.248616;23.778405;2.466388;0.000459;2.850000;0.000000
435.385196;19.092499;23.903405;2.466434;0.000008;2.850000;0.000000
435.585190;18.936379;24.028408;2.466391;-0.000444;2.850000;0.000000
435.785183;18.780268;24.153426;2.466257;-0.000895;2.850000;0.000000
435.985176;18.624180;24.278472;2.466033;-0.001347;2.850000;0.000000
436.185169;18.468126;24.403560;2.465718;-0.001798;2.850000;0.000000
436.385162;18.312119;24.528702;2.465314;-0.002250;2.850000;0.000000
436.585156;18.156172;24.653911;2.464819;-0.002701;2.850000;0.000000
436.785149;18.000294;24.779202;2.464248;-0.003023;2.850000;0.000000
436.985142;17.844492;24.904588;2.463634;-0.003133;2.850000;0.000000
437.185135;17.688771;25.030069;2.462996;-0.003243;2.850000;0.000000
437.385128;17.533134;25.155649;2.462337;-0.003353;2.850000;0.000000
437.585122;17.377582;25.281333;2.461655;-0.003463;2.850000;0.000000
437.785115;17.222115;25.407126;2.460952;-0.003572;2.850000;0.000000
437.985108;17.066735;25.533033;2.460226;-0.003682;2.850000;0.000000
438.185101;16.911444;25.659057;2.459479;-0.003791;2.850000;0.000000
438.385094;16.756242;25.785204;2.458710;-0.003900;2.850000;0.000000
438.585088;16.601131;25.911478;2.457921;-0.004009;2.850000;0.000000
438.785081;16.446124;26.037873;2.457185;-0.003431;2.850000;0.000000
438.985074;16.291214;26.164363;2.456663;-0.001847;2.850000;0.000000
439.185067;16.136344;26.290916;2.456452;-0.000265;2.850000;0.000000
439.385060;15.981476;26.417481;2.456557;0.001318;2.850000;0.000000
439.585054;15.826574;26.544006;2.456979;0.002901;2.850000;0.000000
439.785047;15.671599;26.670440;2.457717;0.004484;2.850000;0.000000
439.985040;15.516515;26.796732;2.458773;0.006067;2.850000;0.000000
440.185033;15.361284;26.922830;2.460144;0.007652;2.850000;0.000000
440.385026;15.205869;27.048684;2.461833;0.009237;2.850000;0.000000
440.585020;15.050232;27.174243;2.463833;0.010823;2.850000;0.000000
440.785013;14.894309;27.299479;2.465949;0.010532;2.850000;0.000000
440.985006;14.738100;27.424411;2.467763;0.007743;2.850000;0.000000
441.184999;14.581707;27.549093;2.469033;0.004954;2.850000;0.000000
441.384992;14.425199;27.673614;2.469745;0.002164;2.850000;0.000000
441.584986;14.268644;27.798062;2.469898;-0.000628;2.850000;0.000000
441.784979;14.112110;27.922525;2.469494;-0.003419;2.850000;0.000000
441.984972;13.955665;28.047092;2.468531;-0.006211;2.850000;0.000000
442.184965;13.799377;28.171851;2.467010;-0.009002;2.850000;0.000000
442.384958;13.643314;28.296892;2.464930;-0.011794;2.850000;0.000000
442.584952;13.487544;28.422302;2.462302;-0.014584;2.850000;0.000000
442.784945;13.332138;28.548162;2.459392;-0.014759;2.850000;0.000000
442.984938;13.177101;28.674477;2.456749;-0.011832;2.850000;0.000000
443.184931;13.022356;28.801163;2.454675;-0.008906;2.850000;0.000000
443.384924;12.867832;28.928129;2.453186;-0.005982;2.850000;0.000000
443.584918;12.713456;29.055283;2.452282;-0.003057;2.850000;0.000000
443.784911;12.559156;29.182533;2.451963;-0.000134;2.850000;0.000000
443.984904;12.404859;29.309788;2.452229;0.002790;2.850000;0.000000
444.184897;12.250493;29.436954;2.453079;0.005714;2.850000;0.000000
444.384890;12.095985;29.563941;2.454515;0.008639;2.850000;0.000000
444.584884;11.941264;29.690656;2.456526;0.011565;2.850000;0.000000
444.784877;11.786254;29.817015;2.458895;0.012309;2.850000;0.000000
444.984870;11.630934;29.942996;2.461189;0.010733;2.850000;0.000000
445.184863;11.475348;30.068640;2.463177;0.009156;2.850000;0.000000
445.384856;11.319534;30.193998;2.464851;0.007579;2.850000;0.000000
445.584850;11.163529;30.319120;2.466208;0.006001;2.850000;0.000000
445.784843;11.007372;30.444057;2.467251;0.004423;2.850000;0.000000
445.984836;10.851101;30.568858;2.467978;0.002845;2.850000;0.000000
446.184829;10.694754;30.693574;2.468389;0.001267;2.850000;0.000000
446.384822;10.538370;30.818256;2.468484;-0.000310;2.850000;0.000000
446.584816;10.381986;30.942953;2.468269;-0.001887;2.850000;0.000000
446.784809;10.225667;31.067692;2.467832;-0.002551;2.850000;0.000000
446.984802;10.069429;31.192496;2.467346;-0.002348;2.850000;0.000000
447.184795;9.913242;31.317379;2.466897;-0.002145;2.850000;0.000000
447.384788;9.757102;31.442334;2.466488;-0.001941;2.850000;0.000000
447.584782;9.601005;31.567355;2.466120;-0.001738;2.850000;0.000000
447.784775;9.444945;31.692435;2.465793;-0.001535;2.850000;0.000000
447.984768;9.288921;31.817565;2.465506;-0.001332;2.850000;0.000000
448.184761;9.132926;31.942739;2.465260;-0.001129;2.850000;0.000000
448.384754;8.976957;32.067951;2.465055;-0.000926;2.850000;0.000000
448.584748;8.821011;32.193192;2.464891;-0.000723;2.850000;0.000000
448.784741;8.665081;32.318456;2.464788;-0.000317;2.850000;0.000000
448.984734;8.509160;32.443730;2.464783;0.000263;2.850000;0.000000
449.184727;8.353233;32.568994;2.464894;0.000843;2.850000;0.000000
449.384720;8.197288;32.694230;2.465121;0.001423;2.850000;0.000000
449.584714;8.041311;32.819419;2.465463;0.002004;2.850000;0.000000
449.784707;7.885288;32.944542;2.465922;0.002584;2.850000;0.000000
449.984700;7.729205;33.069580;2.466497;0.003165;2.850000;0.000000
450.184693;7.573049;33.194515;2.467188;0.003745;2.850000;0.000000
450.384686;7.416806;33.319327;2.467995;0.004326;2.850000;0.000000
450.584680;7.260463;33.443997;2.468910;0.004908;2.850000;0.000000
450.784673;7.103978;33.568535;2.469778;0.003898;2.850000;0.000000
450.984666;6.947382;33.692964;2.470329;0.001647;2.850000;0.000000
451.184659;6.790751;33.817336;2.470433;-0.000604;2.850000;0.000000
451.384652;6.634141;33.941722;2.470087;-0.002855;2.850000;0.000000
451.584646;6.477607;34.066193;2.469291;-0.005107;2.850000;0.000000
451.784639;6.321205;34.190822;2.468044;-0.007359;2.850000;0.000000
451.984632;6.164988;34.315678;2.466347;-0.009611;2.850000;0.000000
452.184625;6.009012;34.440834;2.464200;-0.011863;2.850000;0.000000
452.384618;5.853332;34.566361;2.461603;-0.014114;2.850000;0.000000
452.584612;5.698003;34.692330;2.458575;-0.016363;2.850000;0.000000
452.784605;5.543085;34.818798;2.455455;-0.015116;2.850000;0.000000
452.984598;5.388546;34.945733;2.452806;-0.011440;2.850000;0.000000
453.184591;5.234292;35.073027;2.450886;-0.007765;2.850000;0.000000
453.384584;5.080230;35.200564;2.449700;-0.004091;2.850000;0.000000
453.584578;4.926270;35.328230;2.449249;-0.000418;2.850000;0.000000
453.784571;4.772320;35.455909;2.449533;0.003255;2.850000;0.000000
453.984564;4.618290;35.583485;2.450552;0.006929;2.850000;0.000000
454.184557;4.464088;35.710844;2.452305;0.010604;2.850000;0.000000
454.384550;4.309623;35.837869;2.454793;0.014280;2.850000;0.000000
454.584544;4.154805;35.964446;2.457990;0.017958;2.850000;0.000000
454.784537;3.999539;36.090476;2.461495;0.017431;2.850000;0.000000
454.984530;3.843835;36.215966;2.464661;0.014292;2.850000;0.000000
455.184523;3.687776;36.341008;2.467205;0.011152;2.850000;0.000000
455.384516;3.531437;36.465703;2.469121;0.008010;2.850000;0.000000
455.584510;3.374897;36.590149;2.470409;0.004869;2.850000;0.000000
455.784503;3.218231;36.714446;2.471068;0.001728;2.850000;0.000000
455.984496;3.061516;36.838694;2.471100;-0.001412;2.850000;0.000000
456.184489;2.904829;36.962992;2.470504;-0.004552;2.850000;0.000000
456.384482;2.748246;37.087439;2.469279;-0.007691;2.850000;0.000000
456.584476;2.591844;37.212136;2.467448;-0.010828;2.850000;0.000000
456.784469;2.435742;37.337137;2.465287;-0.011022;2.850000;0.000000
456.984462;2.279928;37.462471;2.463228;-0.009597;2.850000;0.000000
457.184455;2.124344;37.588112;2.461452;-0.008172;2.850000;0.000000
457.384448;1.968956;37.714014;2.459960;-0.006749;2.850000;0.000000
457.584442;1.813732;37.840132;2.458752;-0.005326;2.850000;0.000000
457.784435;1.658637;37.966418;2.457829;-0.003904;2.850000;0.000000
457.984428;1.503639;38.092827;2.457191;-0.002482;2.850000;0.000000
458.184421;1.348705;38.219313;2.456836;-0.001060;2.850000;0.000000
458.384414;1.193800;38.345829;2.456766;0.000361;2.850000;0.000000
458.584408;1.038892;38.472330;2.456975;0.001784;2.850000;0.000000
458.784401;0.883925;38.598789;2.457388;0.002408;2.850000;0.000000
458.984394;0.728894;38.725176;2.457891;0.002636;2.850000;0.000000
459.184387;0.573804;38.851476;2.458441;0.002864;2.850000;0.000000
459.384380;0.418649;38.977681;2.459037;0.003092;2.850000;0.000000
459.584374;0.263422;39.103785;2.459678;0.003320;2.850000;0.000000
459.784367;0.108116;39.229781;2.460364;0.003548;2.850000;0.000000
459.984360;-0.047274;39.355664;2.461097;0.003775;2.850000;0.000000
460.184353;-0.202756;39.481427;2.461875;0.004003;2.850000;0.000000
460.384346;-0.358337;39.607063;2.462698;0.004231;2.850000;0.000000
460.584340;-0.514021;39.732567;2.463562;0.004459;2.850000;0.000000
460.784333;-0.669831;39.857944;2.464407;0.004055;2.850000;0.000000
460.984326;-0.825748;39.983200;2.465150;0.003372;2.850000;0.000000
461.184319;-0.981748;40.108350;2.465756;0.002689;2.850000;0.000000
461.384312;-1.137816;40.233416;2.466225;0.002007;2.850000;0.000000
461.584306;-1.293933;40.358418;2.466558;0.001324;2.850000;0.000000
461.784299;-1.450082;40.483379;2.466755;0.000641;2.850000;0.000000
461.984292;-1.606245;40.608318;2.466815;-0.000041;2.850000;0.000000
462.184285;-1.762407;40.733257;2.466738;-0.000724;2.850000;0.000000
462.384278;-1.918548;40.858218;2.466525;-0.001407;2.850000;0.000000
462.584272;-2.074653;40.983222;2.466185;-0.002090;2.850000;0.000000
462.784265;-2.230718;41.108295;2.465809;-0.001756;2.850000;0.000000
462.984258;-2.386741;41.233426;2.465531;-0.001029;2.850000;0.000000
463.184251;-2.542737;41.358587;2.465398;-0.000301;2.850000;0.000000
463.384244;-2.698723;41.483756;2.465411;0.000426;2.850000;0.000000
463.584238;-2.854718;41.608910;2.465569;0.001153;2.850000;0.000000
463.784231;-3.010740;41.734027;2.465872;0.001881;2.850000;0.000000
463.984224;-3.166807;41.859083;2.466321;0.002608;2.850000;0.000000
464.184217;-3.322937;41.984056;2.466915;0.003336;2.850000;0.000000
464.384210;-3.479149;42.108924;2.467655;0.004063;2.850000;0.000000
464.584204;-3.635461;42.233664;2.468521;0.004791;2.850000;0.000000
464.784197;-3.791885;42.358259;2.469317;0.003380;2.850000;0.000000
464.984190;-3.948393;42.482747;2.469779;0.001253;2.850000;0.000000
465.184183;-4.104933;42.607197;2.469817;-0.000874;2.850000;0.000000
465.384176;-4.261451;42.731675;2.469430;-0.003001;2.850000;0.000000
465.584170;-4.417897;42.856248;2.468617;-0.005128;2.850000;0.000000
465.784163;-4.574218;42.980984;2.467379;-0.007254;2.850000;0.000000
465.984156;-4.730361;43.105949;2.465715;-0.009380;2.850000;0.000000
466.184149;-4.886276;43.231212;2.463627;-0.011505;2.850000;0.000000
466.384142;-5.041909;43.356839;2.461113;-0.013629;2.850000;0.000000
466.584136;-5.197208;43.482897;2.458219;-0.015752;2.850000;0.000000
466.784129;-5.352092;43.609408;2.455330;-0.013572;2.850000;0.000000
466.984122;-5.506633;43.736338;2.452958;-0.010160;2.850000;0.000000
467.184115;-5.660924;43.863590;2.451267;-0.006750;2.850000;0.000000
467.384108;-5.815051;43.991056;2.450258;-0.003342;2.850000;0.000000
467.584102;-5.969095;44.118627;2.449930;0.000066;2.850000;0.000000
467.784095;-6.123141;44.246196;2.450284;0.003474;2.850000;0.000000
467.984088;-6.277272;44.373655;2.451320;0.006882;2.850000;0.000000
468.184081;-6.431571;44.500896;2.453038;0.010292;2.850000;0.000000
468.384074;-6.586122;44.627811;2.455437;0.013704;2.850000;0.000000
468.584068;-6.741008;44.754292;2.458461;0.017118;2.850000;0.000000
468.784061;-6.896332;44.880277;2.461621;0.015085;2.850000;0.000000
468.984054;-7.052033;45.005791;2.464299;0.011705;2.850000;0.000000
469.184047;-7.208022;45.130936;2.466302;0.008323;2.850000;0.000000
469.384040;-7.364215;45.255818;2.467628;0.004940;2.850000;0.000000
469.584034;-7.520531;45.380546;2.468278;0.001557;2.850000;0.000000
469.784027;-7.676888;45.505226;2.468251;-0.001826;2.850000;0.000000
469.984020;-7.833203;45.629967;2.467547;-0.005208;2.850000;0.000000
470.184013;-7.989394;45.754875;2.466168;-0.008590;2.850000;0.000000
470.384006;-8.145380;45.880058;2.464112;-0.011970;2.850000;0.000000
470.584000;-8.301077;46.005624;2.461442;-0.015347;2.850000;0.000000
470.783993;-8.456366;46.131619;2.458632;-0.013364;2.850000;0.000000
470.983986;-8.611323;46.258031;2.456269;-0.010280;2.850000;0.000000
471.183979;-8.766031;46.384771;2.454521;-0.007198;2.850000;0.000000
471.383972;-8.920565;46.511741;2.453389;-0.004118;2.850000;0.000000
471.583966;-9.075000;46.638842;2.452874;-0.001039;2.850000;0.000000
471.783959;-9.229409;46.765977;2.452974;0.002040;2.850000;0.000000
471.983952;-9.383867;46.893045;2.453690;0.005120;2.850000;0.000000
472.183945;-9.538448;47.019950;2.455022;0.008200;2.850000;0.000000
472.383938;-9.693227;47.146593;2.456970;0.011283;2.850000;0.000000
472.583932;-9.848277;47.272875;2.459479;0.014368;2.850000;0.000000
472.783925;-10.003722;47.398766;2.462138;0.012799;2.850000;0.000000
472.983918;-10.159486;47.524257;2.464461;0.010426;2.850000;0.000000
473.183911;-10.315500;47.649414;2.466309;0.008051;2.850000;0.000000
473.383904;-10.471707;47.774311;2.467681;0.005675;2.850000;0.000000
473.583898;-10.628047;47.899026;2.468579;0.003299;2.850000;0.000000
473.783891;-10.784464;48.023633;2.469001;0.000921;2.850000;0.000000
473.983884;-10.940899;48.148207;2.468947;-0.001456;2.850000;0.000000
474.183877;-11.097295;48.272824;2.468418;-0.003834;2.850000;0.000000
474.383870;-11.253593;48.397560;2.467414;-0.006212;2.850000;0.000000
474.583864;-11.409736;48.522489;2.465993;-0.008589;2.850000;0.000000
474.783857;-11.565677;48.647667;2.464550;-0.006429;2.850000;0.000000
474.983850;-11.721460;48.773047;2.463542;-0.003656;2.850000;0.000000
475.183843;-11.877154;48.898544;2.463088;-0.000882;2.850000;0.000000
475.383836;-12.032830;49.024071;2.463189;0.001890;2.850000;0.000000
475.583830;-12.188557;49.149543;2.463844;0.004663;2.850000;0.000000
475.783823;-12.344406;49.274873;2.465054;0.007434;2.850000;0.000000
475.983816;-12.500447;49.399975;2.466818;0.010206;2.850000;0.000000
476.183809;-12.656749;49.524765;2.469136;0.012976;2.850000;0.000000
476.383802;-12.813383;49.649155;2.472008;0.015745;2.850000;0.000000
476.583796;-12.970419;49.773059;2.475367;0.018512;2.850000;0.000000
476.783789;-13.127834;49.896353;2.478798;0.016464;2.850000;0.000000
476.983782;-13.285661;50.019134;2.481838;0.013934;2.850000;0.000000
477.183775;-13.443842;50.141484;2.484371;0.011407;2.850000;0.000000
477.383768;-13.602312;50.263482;2.486400;0.008881;2.850000;0.000000
477.583762;-13.761009;50.385205;2.487924;0.006356;2.850000;0.000000
477.783755;-13.919866;50.506731;2.488943;0.003832;2.850000;0.000000
477.983748;-14.078819;50.628138;2.489457;0.001309;2.850000;0.000000
478.183741;-14.237804;50.749503;2.489466;-0.001214;2.850000;0.000000
478.383734;-14.396757;50.870904;2.488971;-0.003737;2.850000;0.000000
478.583728;-14.555612;50.992419;2.488161;-0.006262;2.850000;0.000000
478.783721;-14.714599;51.114254;2.488162;0.004365;2.850000;0.000000
478.983714;-14.873679;51.235940;2.490199;0.015972;2.850000;0.000000
479.183707;-15.033095;51.357077;2.494561;0.027607;2.850000;0.000000
479.383700;-15.193106;51.477277;2.501254;0.039278;2.850000;0.000000
479.583694;-15.353973;51.596154;2.510281;0.050991;2.850000;0.000000
479.783687;-15.515955;51.713321;2.521649;0.062738;2.850000;0.000000
479.983680;-15.679313;51.828390;2.535361;0.074499;2.850000;0.000000
480.183673;-15.844306;51.940975;2.551415;0.086242;2.850000;0.000000
480.383666;-16.011195;52.050689;2.569807;0.097912;2.850000;0.000000
480.583660;-16.180240;52.157145;2.590313;0.109436;2.850000;0.000000
480.783653;-16.351533;52.259951;2.611842;0.108043;2.850000;0.000000
480.983646;-16.525116;52.359099;2.633274;0.106370;2.850000;0.000000
481.183639;-16.700862;52.454582;2.654393;0.104805;2.850000;0.000000
481.383632;-16.878641;52.546395;2.675218;0.103354;2.850000;0.000000
481.583626;-17.058321;52.634531;2.695769;0.102018;2.850000;0.000000
481.783619;-17.239772;52.718985;2.716066;0.100800;2.850000;0.000000
481.983612;-17.422865;52.799749;2.736128;0.099703;2.850000;0.000000
482.183605;-17.607467;52.876817;2.755976;0.098730;2.850000;0.000000
482.383598;-17.793449;52.950184;2.775630;0.097881;2.850000;0.000000
482.583592;-17.980680;53.019842;2.795077;0.097155;2.850000;0.000000
482.783585;-18.168835;53.085730;2.814218;0.094967;2.850000;0.000000
482.983578;-18.358106;53.148014;2.832908;0.092610;2.850000;0.000000
483.183571;-18.548493;53.206795;2.851113;0.090102;2.850000;0.000000
483.383564;-18.739995;53.262174;2.868813;0.087461;2.850000;0.000000
483.583558;-18.932612;53.314253;2.885992;0.084706;2.850000;0.000000
483.783551;-19.126343;53.363133;2.902633;0.081854;2.850000;0.000000
483.983544;-19.321188;53.408916;2.918723;0.078922;2.850000;0.000000
484.183537;-19.517146;53.451702;2.934253;0.075926;2.850000;0.000000
484.383530;-19.714217;53.491594;2.949214;0.072882;2.850000;0.000000
484.583524;-19.912376;53.528689;2.963983;0.070396;2.850000;0.000000
484.783517;-20.110684;53.562760;2.980576;0.090647;2.850000;0.000000
484.983510;-20.309815;53.593242;3.000926;0.111424;2.850000;0.000000
485.183503;-20.509498;53.619233;3.025525;0.132944;2.850000;0.000000
485.383496;-20.709463;53.639838;3.054496;0.155346;2.850000;0.000000
485.583490;-20.909439;53.654155;3.087976;0.178668;2.850000;0.000000
485.783483;-21.109155;53.661288;3.126095;0.202809;2.850000;0.000000
485.983476;-21.308340;53.660338;-3.114227;0.227497;2.850000;0.000000
486.183469;-21.506723;53.650406;-3.066563;0.252241;2.850000;0.000000
486.383462;-21.704033;53.630593;-3.041515;0.276309;2.850000;0.000000
