# s_m;x_m;y_m;psi_rad;kappa_radpm;vx_mps;ax_mps2
0.000000;-22.699999;55.450002;-3.014249;0.298070;2.850000;0.000000
0.199960;-22.896154;55.424887;-2.985805;0.286895;2.850000;0.000000
0.399920;-23.091043;55.388584;-2.929979;0.276079;2.850000;0.000000
0.599880;-23.284207;55.341521;-2.876083;0.265910;2.850000;0.000000
0.799839;-23.475188;55.284124;-2.823968;0.256604;2.850000;0.000000
0.999799;-23.663525;55.216818;-2.773463;0.248321;2.850000;0.000000
1.199759;-23.848762;55.140032;-2.724377;0.241172;2.850000;0.000000
1.399719;-24.030437;55.054190;-2.676506;0.235237;2.850000;0.000000
1.599679;-24.208092;54.959719;-2.629637;0.230571;2.850000;0.000000
1.799639;-24.381269;54.857047;-2.583549;0.227216;2.850000;0.000000
1.999599;-24.549507;54.746599;-2.537802;0.225207;2.850000;0.000000
2.199558;-24.713366;54.627994;-2.491946;0.228814;2.850000;0.000000
2.399518;-24.871269;54.502174;-2.445269;0.233497;2.850000;0.000000
2.599478;-25.022701;54.369383;-2.397661;0.239168;2.850000;0.000000
2.799438;-25.167162;54.229856;-2.348952;0.245772;2.850000;0.000000
2.999398;-25.304148;54.083829;-2.298982;0.253234;2.850000;0.000000
3.199358;-25.433159;53.931538;-2.247604;0.261445;2.850000;0.000000
3.399318;-25.553692;53.773218;-2.194685;0.270259;2.850000;0.000000
3.599278;-25.665246;53.609104;-2.140116;0.279484;2.850000;0.000000
3.799237;-25.767318;53.439432;-2.083823;0.288874;2.850000;0.000000
3.999197;-25.859391;53.264471;-2.026496;0.296787;2.850000;0.000000
4.199157;-25.940889;53.085279;-1.970848;0.271740;2.850000;0.000000
4.399117;-26.012838;52.901586;-1.919792;0.245603;2.850000;0.000000
4.599077;-26.076024;52.713918;-1.873749;0.219320;2.850000;0.000000
4.799037;-26.131236;52.522804;-1.832682;0.193547;2.850000;0.000000
4.998997;-26.179260;52.328769;-1.796483;0.168679;2.850000;0.000000
5.198956;-26.220885;52.132343;-1.765008;0.144897;2.850000;0.000000
5.398916;-26.256898;51.934050;-1.738099;0.122218;2.850000;0.000000
5.598876;-26.288087;51.734420;-1.715603;0.100534;2.850000;0.000000
5.798836;-26.315239;51.533979;-1.697385;0.079649;2.850000;0.000000
5.998796;-26.339143;51.333255;-1.683131;0.059819;2.850000;0.000000
6.198756;-26.360507;51.132700;-1.671841;0.050524;2.850000;0.000000
6.398716;-26.379787;50.932384;-1.662621;0.041088;2.850000;0.000000
6.598675;-26.397375;50.732328;-1.655328;0.031531;2.850000;0.000000
6.798635;-26.413666;50.532553;-1.649975;0.021870;2.850000;0.000000
6.998595;-26.429053;50.333079;-1.646574;0.012111;2.850000;0.000000
7.198555;-26.443931;50.133927;-1.645138;0.002262;2.850000;0.000000
7.398515;-26.458693;49.935116;-1.645676;-0.007674;2.850000;0.000000
7.598475;-26.473733;49.736666;-1.648199;-0.017694;2.850000;0.000000
7.798435;-26.489446;49.538600;-1.652717;-0.027792;2.850000;0.000000
7.998394;-26.506225;49.340937;-1.658887;-0.037001;2.850000;0.000000
8.198354;-26.524324;49.143689;-1.665165;-0.028934;2.850000;0.000000
8.398314;-26.543545;48.946631;-1.670082;-0.020735;2.850000;0.000000
8.598274;-26.563587;48.749542;-1.673372;-0.012479;2.850000;0.000000
8.798234;-26.584147;48.552203;-1.675030;-0.004238;2.850000;0.000000
8.998194;-26.604924;48.354392;-1.675060;0.003918;2.850000;0.000000
9.198154;-26.625618;48.155890;-1.673477;0.011921;2.850000;0.000000
9.398114;-26.645927;47.956476;-1.670304;0.019708;2.850000;0.000000
9.598073;-26.665549;47.755930;-1.665573;0.027216;2.850000;0.000000
9.798033;-26.684184;47.554032;-1.659324;0.034388;2.850000;0.000000
9.997993;-26.701526;47.350598;-1.652694;0.038143;2.850000;0.000000
10.197953;-26.717656;47.146232;-1.650369;-0.007879;2.850000;0.000000
10.397913;-26.734169;46.941239;-1.656659;-0.053311;2.850000;0.000000
10.597873;-26.752907;46.736699;-1.672378;-0.099963;2.850000;-1.038600
10.797833;-26.775711;46.533693;-1.697821;-0.149507;2.776174;-1.576501
10.997792;-26.804426;46.333301;-1.733491;-0.203385;2.660201;-1.292235
11.197752;-26.840891;46.136605;-1.780045;-0.262566;2.561226;-0.998560
11.397712;-26.886951;45.944686;-1.838203;-0.327112;2.482043;-0.685044
11.597672;-26.944446;45.758623;-1.908577;-0.395491;2.426226;-0.347212
11.797632;-27.015220;45.579498;-1.991434;-0.463769;2.397439;-0.012811
11.997592;-27.101133;45.408359;-2.085034;-0.522412;2.396371;-0.012811
12.197552;-27.204116;45.245132;-2.180484;-0.482216;2.395302;0.220499
12.397511;-27.322668;45.091180;-2.270195;-0.440056;2.413639;0.423393
12.597471;-27.455268;44.946589;-2.352594;-0.399373;2.448464;0.592397
12.797431;-27.600395;44.811446;-2.428141;-0.362317;2.496375;0.728179
12.997391;-27.756528;44.685834;-2.497511;-0.330006;2.554036;0.832786
13.197351;-27.922147;44.569839;-2.561486;-0.302864;2.618425;0.908223
13.397311;-28.095731;44.463548;-2.620886;-0.280925;2.686887;0.955798
13.597271;-28.275758;44.367044;-2.676531;-0.264051;2.757101;0.975832
13.797230;-28.460708;44.280413;-2.729217;-0.252093;2.826988;0.326665
13.997190;-28.649028;44.203753;-2.779277;-0.243657;2.850000;0.000000
14.197150;-28.839047;44.137004;-2.825508;-0.217070;2.850000;0.000000
14.397110;-29.030787;44.078899;-2.866095;-0.187766;2.850000;0.000000
14.597070;-29.224013;44.028180;-2.900529;-0.156781;2.850000;0.000000
14.797030;-29.418487;43.983585;-2.928639;-0.124902;2.850000;0.000000
14.996990;-29.613973;43.943857;-2.950341;-0.092659;2.850000;0.000000
15.196950;-29.810236;43.907736;-2.965609;-0.060361;2.850000;0.000000
15.396909;-30.007039;43.873961;-2.974444;-0.028143;2.850000;0.000000
15.596869;-30.204145;43.841274;-2.976858;0.003972;2.850000;0.000000
15.796829;-30.401319;43.808415;-2.972861;0.036013;2.850000;0.000000
15.996789;-30.598312;43.774128;-2.963472;0.064138;2.850000;0.000000
16.196749;-30.794834;43.737572;-2.952861;0.048200;2.850000;0.000000
16.396709;-30.991072;43.699109;-2.944812;0.032303;2.850000;0.000000
16.596669;-31.187119;43.659366;-2.939937;0.016447;2.850000;0.000000
16.796628;-31.383070;43.618971;-2.938230;0.000615;2.850000;0.000000
16.996588;-31.579018;43.578551;-2.939691;-0.015216;2.850000;0.000000
17.196548;-31.775058;43.538734;-2.944320;-0.031068;2.850000;0.000000
17.396508;-31.971282;43.500148;-2.952121;-0.046959;2.850000;0.000000
17.596468;-32.167785;43.463420;-2.963101;-0.062892;2.850000;0.000000
17.796428;-32.364660;43.429178;-2.977263;-0.078847;2.850000;0.000000
17.996388;-32.561996;43.398050;-2.993955;-0.092145;2.850000;0.000000
18.196347;-32.759784;43.370416;-3.010525;-0.077610;2.850000;0.000000
18.396307;-32.958034;43.345843;-3.024575;-0.063051;2.850000;0.000000
18.596267;-33.156662;43.323761;-3.035723;-0.048511;2.850000;0.000000
18.796227;-33.355583;43.303597;-3.043972;-0.034012;2.850000;0.000000
18.996187;-33.554715;43.284779;-3.049329;-0.019553;2.850000;0.000000
19.196147;-33.753974;43.266735;-3.051797;-0.005126;2.850000;0.000000
19.396107;-33.953277;43.248893;-3.051381;0.009289;2.850000;0.000000
19.596066;-34.152540;43.230682;-3.048079;0.023712;2.850000;0.000000
19.796026;-34.351680;43.211528;-3.041890;0.038160;2.850000;0.000000
19.995986;-34.550633;43.190859;-3.033075;0.051523;2.850000;0.000000
20.195946;-34.749507;43.168187;-3.022733;0.053446;2.850000;0.000000
20.395906;-34.948063;43.143397;-3.011845;0.055377;2.850000;0.000000
20.595866;-35.146272;43.116417;-3.000574;0.057315;2.850000;0.000000
20.795826;-35.344103;43.087175;-2.988918;0.059256;2.850000;0.000000
20.995786;-35.541524;43.055598;-2.976876;0.061198;2.850000;0.000000
21.195745;-35.738506;43.021616;-2.964449;0.063136;2.850000;0.000000
21.395705;-35.935016;42.985156;-2.951637;0.065068;2.850000;0.000000
21.595665;-36.131025;42.946145;-2.938440;0.066990;2.850000;0.000000
21.795625;-36.326501;42.904512;-2.924861;0.068896;2.850000;0.000000
21.995585;-36.521418;42.860184;-2.910870;0.070914;2.850000;0.000000
22.195545;-36.715762;42.813072;-2.896354;0.074114;2.850000;0.000000
22.395505;-36.909407;42.763080;-2.881207;0.077364;2.850000;0.000000
22.595464;-37.102256;42.710097;-2.865404;0.080660;2.850000;0.000000
22.795424;-37.294214;42.654013;-2.848940;0.083997;2.850000;0.000000
22.995384;-37.485182;42.594720;-2.831806;0.087367;2.850000;0.000000
23.195344;-37.675063;42.532106;-2.813998;0.090762;2.850000;0.000000
23.395304;-37.863761;42.466064;-2.795511;0.094171;2.850000;0.000000
23.595264;-38.051177;42.396482;-2.776342;0.097583;2.850000;0.000000
23.795224;-38.237216;42.323251;-2.756493;0.100982;2.850000;0.000000
23.995183;-38.421749;42.246275;-2.736090;0.103772;2.850000;0.000000
24.195143;-38.604484;42.165585;-2.715561;0.102198;2.850000;0.000000
24.395103;-38.785600;42.081149;-2.695290;0.100676;2.850000;0.000000
24.595063;-38.965044;41.993056;-2.675310;0.099212;2.850000;0.000000
24.795023;-39.142758;41.901392;-2.655611;0.097810;2.850000;0.000000
24.994983;-39.318688;41.806247;-2.636180;0.096474;2.850000;0.000000
25.194943;-39.492779;41.707708;-2.617008;0.095207;2.850000;0.000000
25.394902;-39.664974;41.605864;-2.598080;0.094012;2.850000;0.000000
25.594862;-39.835218;41.500801;-2.579384;0.092891;2.850000;0.000000
25.794822;-40.003456;41.392609;-2.560907;0.091848;2.850000;0.000000
25.994782;-40.169636;41.281373;-2.542692;0.090594;2.850000;0.000000
26.194742;-40.333750;41.167176;-2.524949;0.087178;2.850000;0.000000
26.394702;-40.495816;41.050159;-2.507866;0.083729;2.850000;0.000000
26.594662;-40.655892;40.930453;-2.491476;0.080260;2.850000;0.000000
26.794622;-40.814035;40.808189;-2.475779;0.076783;2.850000;0.000000
26.994581;-40.970303;40.683495;-2.460775;0.073309;2.850000;0.000000
27.194541;-41.124752;40.556504;-2.446463;0.069846;2.850000;0.000000
27.394501;-41.277440;40.427344;-2.432839;0.066400;2.850000;0.000000
27.594461;-41.428424;40.296146;-2.419900;0.062976;2.850000;0.000000
27.794421;-41.577761;40.163041;-2.407641;0.059579;2.850000;0.000000
27.994381;-41.725506;40.028161;-2.395941;0.056818;2.850000;0.000000
28.194341;-41.871672;39.891612;-2.384346;0.058533;2.850000;0.000000
28.394300;-42.016219;39.753372;-2.372466;0.060263;2.850000;0.000000
28.594260;-42.159076;39.613412;-2.360239;0.062008;2.850000;0.000000
28.794220;-42.300172;39.471707;-2.347664;0.063764;2.850000;0.000000
28.994180;-42.439434;39.328229;-2.334737;0.065529;2.850000;0.000000
29.194140;-42.576793;39.182953;-2.321458;0.067301;2.850000;0.000000
29.394100;-42.712176;39.035850;-2.307826;0.069076;2.850000;0.000000
29.594060;-42.845512;38.886895;-2.293838;0.070851;2.850000;0.000000
29.794019;-42.976730;38.736060;-2.279496;0.072621;2.850000;0.000000
29.993979;-43.105754;38.583325;-2.264895;0.073902;2.850000;0.000000
30.193939;-43.232509;38.428725;-2.250383;0.071704;2.850000;0.000000
30.393899;-43.357058;38.272296;-2.236262;0.069527;2.850000;0.000000
30.593859;-43.479439;38.114125;-2.222573;0.067374;2.850000;0.000000
30.793819;-43.599692;37.954300;-2.209310;0.065247;2.850000;0.000000
30.993779;-43.717856;37.792910;-2.196468;0.063149;2.850000;0.000000
31.193738;-43.833971;37.630042;-2.184044;0.061083;2.850000;0.000000
31.393698;-43.948075;37.465785;-2.172031;0.059047;2.850000;0.000000
31.593658;-44.060208;37.300226;-2.160424;0.057045;2.850000;0.000000
31.793618;-44.170410;37.133454;-2.149216;0.055076;2.850000;0.000000
31.993578;-44.278748;36.965511;-2.138376;0.053231;2.850000;0.000000
32.193538;-44.385444;36.796176;-2.127840;0.052062;2.850000;0.000000
32.393498;-44.490322;36.625818;-2.117544;0.050874;2.850000;0.000000
32.593458;-44.593425;36.454462;-2.107490;0.049667;2.850000;0.000000
32.793417;-44.694795;36.282134;-2.097682;0.048445;2.850000;0.000000
32.993377;-44.794475;36.108862;-2.088121;0.047209;2.850000;0.000000
33.193337;-44.892508;35.934669;-2.078809;0.045961;2.850000;0.000000
33.393297;-44.988936;35.759583;-2.069748;0.044704;2.850000;0.000000
33.593257;-45.083803;35.583630;-2.060938;0.043438;2.850000;0.000000
33.793217;-45.177152;35.406835;-2.052381;0.042165;2.850000;0.000000
33.993177;-45.269014;35.229246;-2.043996;0.041365;2.850000;0.000000
34.193136;-45.359343;35.050992;-2.035476;0.043511;2.850000;0.000000
34.393096;-45.448135;34.871926;-2.026564;0.045665;2.850000;0.000000
34.593056;-45.535302;34.692030;-2.017219;0.047828;2.850000;0.000000
34.793016;-45.620756;34.511287;-2.007441;0.049997;2.850000;0.000000
34.992976;-45.704407;34.329679;-1.997226;0.052171;2.850000;0.000000
35.192936;-45.786168;34.147188;-1.986576;0.054349;2.850000;0.000000
35.392896;-45.865951;33.963797;-1.975488;0.056527;2.850000;0.000000
35.592855;-45.943667;33.779489;-1.963963;0.058703;2.850000;0.000000
35.792815;-46.019227;33.594245;-1.952003;0.060873;2.850000;0.000000
35.992775;-46.092530;33.408084;-1.939656;0.062775;2.850000;0.000000
36.192735;-46.163441;33.221168;-1.927070;0.063245;2.850000;0.000000
36.392695;-46.231997;33.033329;-1.914374;0.063743;2.850000;0.000000
36.592655;-46.298164;32.844603;-1.901573;0.064269;2.850000;0.000000
36.792615;-46.361904;32.655026;-1.888664;0.064823;2.850000;0.000000
36.992574;-46.423182;32.464636;-1.875641;0.065403;2.850000;0.000000
37.192534;-46.481962;32.273468;-1.862499;0.066010;2.850000;0.000000
37.392494;-46.538208;32.081560;-1.849235;0.066642;2.850000;0.000000
37.592454;-46.591883;31.888948;-1.835844;0.067300;2.850000;0.000000
37.792414;-46.642951;31.695669;-1.822321;0.067982;2.850000;0.000000
37.992374;-46.691384;31.501733;-1.808756;0.068096;2.850000;0.000000
38.192334;-46.737211;31.307059;-1.795504;0.064873;2.850000;0.000000
38.392294;-46.780502;31.111836;-1.782855;0.061636;2.850000;0.000000
38.592253;-46.821381;30.916107;-1.770855;0.058390;2.850000;0.000000
38.792213;-46.859972;30.719916;-1.759505;0.055142;2.850000;0.000000
38.992173;-46.896398;30.523308;-1.748803;0.051897;2.850000;0.000000
39.192133;-46.930783;30.326327;-1.738749;0.048658;2.850000;0.000000
39.392093;-46.963250;30.129017;-1.729343;0.045427;2.850000;0.000000
39.592053;-46.993924;29.931422;-1.720581;0.042207;2.850000;0.000000
39.792013;-47.022927;29.733587;-1.712461;0.038998;2.850000;0.000000
39.991972;-47.050388;29.535516;-1.704846;0.036619;2.850000;0.000000
40.191932;-47.076400;29.337074;-1.697274;0.038584;2.850000;0.000000
40.391892;-47.100874;29.138480;-1.689356;0.040557;2.850000;0.000000
40.591852;-47.123730;28.939739;-1.681044;0.042536;2.850000;0.000000
40.791812;-47.144889;28.740857;-1.672338;0.044521;2.850000;0.000000
40.991772;-47.164272;28.541840;-1.663237;0.046510;2.850000;0.000000
41.191732;-47.181801;28.342694;-1.653739;0.048502;2.850000;0.000000
41.391691;-47.197394;28.143426;-1.643846;0.050493;2.850000;0.000000
41.591651;-47.210974;27.944040;-1.633556;0.052483;2.850000;0.000000
41.791611;-47.222461;27.744543;-1.622870;0.054468;2.850000;0.000000
41.991571;-47.231775;27.544951;-1.611887;0.055810;2.850000;0.000000
42.191531;-47.238874;27.345311;-1.600926;0.054237;2.850000;0.000000
42.391491;-47.243811;27.145585;-1.590248;0.052657;2.850000;0.000000
42.591451;-47.246647;26.945785;-1.579884;0.051072;2.850000;0.000000
42.791410;-47.247443;26.745922;-1.569835;0.049484;2.850000;0.000000
42.991370;-47.246262;26.546009;-1.560101;0.047896;2.850000;0.000000
43.191330;-47.243166;26.346057;-1.550681;0.046309;2.850000;0.000000
43.391290;-47.238217;26.146080;-1.541576;0.044725;2.850000;0.000000
43.591250;-47.231476;25.946087;-1.532784;0.043145;2.850000;0.000000
43.791210;-47.223005;25.746093;-1.524306;0.041570;2.850000;0.000000
43.991170;-47.212871;25.546182;-1.516027;0.040829;2.850000;0.000000
44.191130;-47.201103;25.346604;-1.507557;0.043478;2.850000;0.000000
44.391089;-47.187599;25.147094;-1.498597;0.046145;2.850000;0.000000
44.591049;-47.172252;24.947695;-1.489100;0.048830;2.850000;0.000000
44.791009;-47.154958;24.748447;-1.479064;0.051532;2.850000;0.000000
44.990969;-47.135612;24.549392;-1.468486;0.054250;2.850000;0.000000
45.190929;-47.114109;24.350571;-1.457363;0.056984;2.850000;0.000000
45.390889;-47.090343;24.152026;-1.445694;0.059729;2.850000;0.000000
45.590849;-47.064211;23.953798;-1.433476;0.062484;2.850000;0.000000
45.790808;-47.035606;23.755928;-1.420708;0.065244;2.850000;0.000000
45.990768;-47.004424;23.558447;-1.407606;0.066493;2.850000;0.000000
46.190728;-46.970637;23.361348;-1.394876;0.061505;2.850000;0.000000
46.390688;-46.934426;23.164667;-1.383075;0.056518;2.850000;0.000000
46.590648;-46.895992;22.968392;-1.372269;0.051539;2.850000;0.000000
46.790608;-46.855533;22.772510;-1.362456;0.046574;2.850000;0.000000
46.990568;-46.813250;22.577007;-1.353636;0.041624;2.850000;0.000000
47.190527;-46.769343;22.381872;-1.345804;0.036690;2.850000;0.000000
47.390487;-46.724011;22.187091;-1.338958;0.031769;2.850000;0.000000
47.590447;-46.677455;21.992653;-1.333097;0.026860;2.850000;0.000000
47.790407;-46.629874;21.798543;-1.328216;0.021958;2.850000;0.000000
47.990367;-46.581435;21.604620;-1.324027;0.019036;2.850000;0.000000
48.190327;-46.532122;21.410489;-1.319614;0.024213;2.850000;0.000000
48.390287;-46.481900;21.216722;-1.314248;0.029402;2.850000;0.000000
48.590246;-46.430568;21.023366;-1.307846;0.034600;2.850000;0.000000
48.790206;-46.377926;20.830467;-1.300408;0.039800;2.850000;0.000000
48.990166;-46.323773;20.638071;-1.291934;0.044997;2.850000;0.000000
49.190126;-46.267909;20.446226;-1.282425;0.050180;2.850000;0.000000
49.390086;-46.210132;20.254977;-1.271884;0.055340;2.850000;0.000000
49.590046;-46.150243;20.064372;-1.260315;0.060462;2.850000;0.000000
49.790006;-46.088039;19.874457;-1.247732;0.065530;2.850000;0.000000
49.989966;-46.023369;19.685411;-1.234546;0.067559;2.850000;0.000000
50.189925;-45.956300;19.497548;-1.221929;0.059747;2.850000;0.000000
50.389885;-45.886943;19.310353;-1.210778;0.051969;2.850000;0.000000
50.589845;-45.815592;19.123746;-1.201169;0.044234;2.850000;0.000000
50.789805;-45.742544;18.937647;-1.193094;0.036544;2.850000;0.000000
50.989765;-45.668093;18.751976;-1.186549;0.028895;2.850000;0.000000
51.189725;-45.592534;18.566652;-1.181529;0.021282;2.850000;0.000000
51.389685;-45.516163;18.381596;-1.178028;0.013695;2.850000;0.000000
51.589644;-45.439275;18.196726;-1.176044;0.006123;2.850000;0.000000
51.789604;-45.362166;18.011963;-1.175574;-0.001446;2.850000;0.000000
51.989564;-45.285119;17.827199;-1.176348;-0.006956;2.850000;0.000000
52.189524;-45.208298;17.642323;-1.177560;-0.005800;2.850000;0.000000
52.389484;-45.131721;17.457426;-1.178605;-0.004641;2.850000;0.000000
52.589444;-45.055340;17.272520;-1.179417;-0.003480;2.850000;0.000000
52.789404;-44.979112;17.087617;-1.179997;-0.002317;2.850000;0.000000
52.989363;-44.902990;16.902728;-1.180344;-0.001152;2.850000;0.000000
53.189323;-44.826929;16.717866;-1.180457;0.000015;2.850000;0.000000
53.389283;-44.750882;16.533043;-1.180338;0.001183;2.850000;0.000000
53.589243;-44.674805;16.348268;-1.179984;0.002352;2.850000;0.000000
53.789203;-44.598652;16.163556;-1.179398;0.003521;2.850000;0.000000
53.989163;-44.522362;15.978878;-1.178642;0.004190;2.850000;0.000000
54.189123;-44.445879;15.794160;-1.177904;0.003340;2.850000;0.000000
54.389082;-44.369277;15.609501;-1.177321;0.002490;2.850000;0.000000
54.589042;-44.292583;15.424881;-1.176909;0.001640;2.850000;0.000000
54.789002;-44.215828;15.240283;-1.176666;0.000789;2.850000;0.000000
54.988962;-44.139039;15.055687;-1.176593;-0.000061;2.850000;0.000000
55.188922;-44.062245;14.871074;-1.176690;-0.000911;2.850000;0.000000
55.388882;-43.985477;14.686427;-1.176957;-0.001761;2.850000;0.000000
55.588842;-43.908762;14.501725;-1.177394;-0.002609;2.850000;0.000000
55.788802;-43.832130;14.316949;-1.178000;-0.003457;2.850000;0.000000
55.988761;-43.755632;14.132137;-1.178712;-0.003794;2.850000;0.000000
56.188721;-43.679313;13.947375;-1.179353;-0.002737;2.850000;0.000000
56.388681;-43.603083;13.762539;-1.179794;-0.001682;2.850000;0.000000
56.588641;-43.526904;13.577652;-1.180026;-0.000628;2.850000;0.000000
56.788601;-43.450741;13.392738;-1.180046;0.000425;2.850000;0.000000
56.988561;-43.374559;13.207822;-1.179855;0.001478;2.850000;0.000000
57.188521;-43.298321;13.022927;-1.179455;0.002532;2.850000;0.000000
57.388480;-43.221993;12.838078;-1.178843;0.003586;2.850000;0.000000
57.588440;-43.145539;12.653298;-1.178020;0.004641;2.850000;0.000000
57.788400;-43.068922;12.468612;-1.176988;0.005697;2.850000;0.000000
57.988360;-42.992093;12.284006;-1.175851;0.005879;2.850000;0.000000
58.188320;-42.915025;12.099420;-1.174907;0.003762;2.850000;0.000000
58.388280;-42.837832;11.914921;-1.174367;0.001643;2.850000;0.000000
58.588240;-42.760587;11.730471;-1.174250;-0.000478;2.850000;0.000000
58.788199;-42.683367;11.546032;-1.174558;-0.002600;2.850000;0.000000
58.988159;-42.606249;11.361566;-1.175290;-0.004722;2.850000;0.000000
59.188119;-42.529309;11.177034;-1.176446;-0.006844;2.850000;0.000000
59.388079;-42.452621;10.992400;-1.178026;-0.008965;2.850000;0.000000
59.588039;-42.376264;10.807625;-1.180031;-0.011085;2.850000;0.000000
59.787999;-42.300311;10.622670;-1.182457;-0.013203;2.850000;0.000000
59.987959;-42.224847;10.437518;-1.185110;-0.013694;2.850000;0.000000
60.187918;-42.149889;10.252192;-1.187471;-0.010254;2.850000;0.000000
60.387878;-42.075303;10.066692;-1.189178;-0.006816;2.850000;0.000000
60.587838;-42.000963;9.881075;-1.190197;-0.003381;2.850000;0.000000
60.787798;-41.926744;9.695394;-1.190530;0.000053;2.850000;0.000000
60.987758;-41.852519;9.509706;-1.190176;0.003487;2.850000;0.000000
61.187718;-41.778163;9.324064;-1.189135;0.006920;2.850000;0.000000
61.387678;-41.703549;9.138523;-1.187408;0.010354;2.850000;0.000000
61.587638;-41.628551;8.953139;-1.184994;0.013788;2.850000;0.000000
61.787597;-41.553045;8.767966;-1.181897;0.017223;2.850000;0.000000
61.987557;-41.476904;8.583058;-1.178345;0.018690;2.850000;0.000000
62.187517;-41.400086;8.398432;-1.174946;0.015664;2.850000;0.000000
62.387477;-41.322691;8.214049;-1.172117;0.012637;2.850000;0.000000
62.587437;-41.244831;8.029864;-1.169892;0.009610;2.850000;0.000000
62.787397;-41.166618;7.845830;-1.168273;0.006583;2.850000;0.000000
62.987357;-41.088163;7.661900;-1.167260;0.003555;2.850000;0.000000
63.187316;-41.009578;7.478029;-1.166851;0.000528;2.850000;0.000000
63.387276;-40.930976;7.294169;-1.167049;-0.002500;2.850000;0.000000
63.587236;-40.852467;7.110274;-1.167851;-0.005528;2.850000;0.000000
63.787196;-40.774164;6.926298;-1.169257;-0.008556;2.850000;0.000000
63.987156;-40.696174;6.742187;-1.171105;-0.010186;2.850000;0.000000
64.187116;-40.618546;6.557909;-1.172980;-0.008806;2.850000;0.000000
64.387076;-40.541243;6.373499;-1.174603;-0.007426;2.850000;0.000000
64.587035;-40.464216;6.188977;-1.175950;-0.006046;2.850000;0.000000
64.786995;-40.387412;6.004362;-1.177021;-0.004665;2.850000;0.000000
64.986955;-40.310780;5.819674;-1.177815;-0.003284;2.850000;0.000000
65.186915;-40.234268;5.634935;-1.178334;-0.001903;2.850000;0.000000
65.386875;-40.157826;5.450164;-1.178577;-0.000523;2.850000;0.000000
65.586835;-40.081402;5.265381;-1.178543;0.000858;2.850000;0.000000
65.786795;-40.004944;5.080607;-1.178235;0.002238;2.850000;0.000000
65.986754;-39.928409;4.895879;-1.177765;0.002630;2.850000;0.000000
66.186714;-39.851794;4.711218;-1.177414;0.001029;2.850000;0.000000
66.386674;-39.775139;4.526566;-1.177369;-0.000573;2.850000;0.000000
66.586634;-39.698502;4.341899;-1.177643;-0.002174;2.850000;0.000000
66.786594;-39.621942;4.157191;-1.178238;-0.003774;2.850000;0.000000
66.986554;-39.545518;3.972416;-1.179153;-0.005374;2.850000;0.000000
67.186514;-39.469290;3.787552;-1.180387;-0.006974;2.850000;0.000000
67.386474;-39.393315;3.602571;-1.181942;-0.008573;2.850000;0.000000
67.586433;-39.317653;3.417450;-1.183816;-0.010172;2.850000;0.000000
67.786393;-39.242363;3.232164;-1.186008;-0.011770;2.850000;0.000000
67.986353;-39.167515;3.046717;-1.188372;-0.012079;2.850000;0.000000
68.186313;-39.093125;2.861134;-1.190554;-0.009919;2.850000;0.000000
68.386273;-39.019099;2.675392;-1.192321;-0.007760;2.850000;0.000000
68.586233;-38.945356;2.489526;-1.193657;-0.005602;2.850000;0.000000
68.786193;-38.871820;2.303569;-1.194561;-0.003444;2.850000;0.000000
68.986152;-38.798409;2.117558;-1.195034;-0.001288;2.850000;0.000000
69.186112;-38.725046;1.931526;-1.195076;0.000869;2.850000;0.000000
69.386072;-38.651652;1.745510;-1.194687;0.003026;2.850000;0.000000
69.586032;-38.578147;1.559544;-1.193866;0.005183;2.850000;0.000000
69.785992;-38.504453;1.373662;-1.192616;0.007341;2.850000;0.000000
69.985952;-38.430484;1.187880;-1.191059;0.008395;2.850000;0.000000
70.185912;-38.356198;1.002196;-1.189496;0.007386;2.850000;0.000000
70.385871;-38.281642;0.816632;-1.188120;0.006377;2.850000;0.000000
70.585831;-38.206854;0.631172;-1.186945;0.005368;2.850000;0.000000
70.785791;-38.131869;0.445802;-1.185973;0.004358;2.850000;0.000000
70.985751;-38.056726;0.260503;-1.185202;0.003348;2.850000;0.000000
71.185711;-37.981461;0.075260;-1.184634;0.002338;2.850000;0.000000
71.385671;-37.906112;-0.109944;-1.184267;0.001328;2.850000;0.000000
71.585631;-37.830714;-0.295124;-1.184103;0.000317;2.850000;0.000000
71.785590;-37.755306;-0.480298;-1.184139;-0.000693;2.850000;0.000000
71.985550;-37.679920;-0.665486;-1.184315;-0.001141;2.850000;0.000000
72.185510;-37.604571;-0.850701;-1.184480;-0.000582;2.850000;0.000000
72.385470;-37.529243;-1.035924;-1.184540;-0.000022;2.850000;0.000000
72.585430;-37.453915;-1.221148;-1.184489;0.000537;2.850000;0.000000
72.785390;-37.378568;-1.406365;-1.184326;0.001096;2.850000;0.000000
72.985350;-37.303179;-1.591567;-1.184050;0.001656;2.850000;0.000000
73.185310;-37.227728;-1.776745;-1.183663;0.002215;2.850000;0.000000
73.385269;-37.152195;-1.961892;-1.183165;0.002774;2.850000;0.000000
73.585229;-37.076558;-2.146999;-1.182554;0.003333;2.850000;0.000000
73.785189;-37.000796;-2.332060;-1.181834;0.003892;2.850000;0.000000
73.985149;-36.924896;-2.517047;-1.181096;0.003598;2.850000;0.000000
74.185109;-36.848878;-2.701954;-1.180562;0.001847;2.850000;0.000000
74.385069;-36.772790;-2.886839;-1.180367;0.000096;2.850000;0.000000
74.585029;-36.696695;-3.071728;-1.180523;-0.001655;2.850000;0.000000
74.784988;-36.620659;-3.256650;-1.181029;-0.003406;2.850000;0.000000
74.984948;-36.544745;-3.441632;-1.181885;-0.005156;2.850000;0.000000
75.184908;-36.469018;-3.626702;-1.183091;-0.006905;2.850000;0.000000
75.384868;-36.393543;-3.811886;-1.184647;-0.008654;2.850000;0.000000
75.584828;-36.318382;-3.997214;-1.186552;-0.010402;2.850000;0.000000
75.784788;-36.243602;-4.182712;-1.188803;-0.012149;2.850000;0.000000
75.984748;-36.169271;-4.368392;-1.191208;-0.012128;2.850000;0.000000
76.184707;-36.095386;-4.554241;-1.193321;-0.009190;2.850000;0.000000
76.384667;-36.021839;-4.740235;-1.194865;-0.006254;2.850000;0.000000
76.584627;-35.948524;-4.926324;-1.195822;-0.003320;2.850000;0.000000
76.784587;-35.875334;-5.112457;-1.196193;-0.000385;2.850000;0.000000
76.984547;-35.802162;-5.298585;-1.195976;0.002550;2.850000;0.000000
77.184507;-35.728903;-5.484657;-1.195173;0.005487;2.850000;0.000000
77.384467;-35.655451;-5.670621;-1.193782;0.008427;2.850000;0.000000
77.584426;-35.581698;-5.856429;-1.191803;0.011371;2.850000;0.000000
77.784386;-35.507540;-6.042029;-1.189240;0.014319;2.850000;0.000000
77.984346;-35.432828;-6.227475;-1.186320;0.015152;2.850000;0.000000
78.184306;-35.357512;-6.412822;-1.183571;0.012562;2.850000;0.000000
78.384266;-35.281747;-6.597940;-1.181318;0.009967;2.850000;0.000000
78.584226;-35.205626;-6.782875;-1.179585;0.007368;2.850000;0.000000
78.784186;-35.129243;-6.967672;-1.178371;0.004767;2.850000;0.000000
78.984146;-35.052692;-7.152375;-1.177678;0.002164;2.850000;0.000000
79.184105;-34.976068;-7.337030;-1.177506;-0.000440;2.850000;0.000000
79.384065;-34.899465;-7.521681;-1.177854;-0.003045;2.850000;0.000000
79.584025;-34.822976;-7.706374;-1.178723;-0.005650;2.850000;0.000000
79.783985;-34.746695;-7.891153;-1.180108;-0.008255;2.850000;0.000000
79.983945;-34.670725;-8.076041;-1.181799;-0.008895;2.850000;0.000000
80.183905;-34.595085;-8.261039;-1.183334;-0.006629;2.850000;0.000000
80.383865;-34.519685;-8.446152;-1.184432;-0.004364;2.850000;0.000000
80.583824;-34.444440;-8.631347;-1.185078;-0.002099;2.850000;0.000000
80.783784;-34.369264;-8.816594;-1.185272;0.000164;2.850000;0.000000
80.983744;-34.294073;-9.001862;-1.185013;0.002426;2.850000;0.000000
81.183704;-34.218782;-9.187118;-1.184302;0.004686;2.850000;0.000000
81.383664;-34.143305;-9.372333;-1.183138;0.006945;2.850000;0.000000
81.583624;-34.067558;-9.557475;-1.181524;0.009201;2.850000;0.000000
81.783584;-33.991456;-9.742512;-1.179465;0.011454;2.850000;0.000000
81.983543;-33.914957;-9.927315;-1.177218;0.011279;2.850000;0.000000
82.183503;-33.838090;-10.111851;-1.175332;0.007768;2.850000;0.000000
82.383463;-33.760923;-10.296298;-1.174129;0.004262;2.850000;0.000000
82.583423;-33.683588;-10.480704;-1.173627;0.000758;2.850000;0.000000
82.783383;-33.606219;-10.665115;-1.173826;-0.002743;2.850000;0.000000
82.983343;-33.528947;-10.849577;-1.174725;-0.006244;2.850000;0.000000
83.183303;-33.451905;-11.034136;-1.176324;-0.009747;2.850000;0.000000
83.383262;-33.375226;-11.218838;-1.178623;-0.013251;2.850000;0.000000
83.583222;-33.299042;-11.403729;-1.181624;-0.016758;2.850000;0.000000
83.783182;-33.223486;-11.588857;-1.185316;-0.020269;2.850000;0.000000
83.983142;-33.148674;-11.774293;-1.189358;-0.020504;2.850000;0.000000
84.183102;-33.074607;-11.960050;-1.193014;-0.016307;2.850000;0.000000
84.383062;-33.001152;-12.146033;-1.195855;-0.012107;2.850000;0.000000
84.583022;-32.928151;-12.332184;-1.197856;-0.007904;2.850000;0.000000
84.782982;-32.855446;-12.518444;-1.199016;-0.003700;2.850000;0.000000
84.982941;-32.782880;-12.704756;-1.199335;0.000504;2.850000;0.000000
85.182901;-32.710295;-12.891061;-1.198814;0.004708;2.850000;0.000000
85.382861;-32.637533;-13.077302;-1.197453;0.008912;2.850000;0.000000
85.582821;-32.564437;-13.263420;-1.195250;0.013114;2.850000;0.000000
85.782781;-32.490848;-13.449358;-1.192217;0.017313;2.850000;0.000000
85.982741;-32.416622;-13.635033;-1.188642;0.018725;2.850000;0.000000
86.182701;-32.341713;-13.820420;-1.185139;0.016507;2.850000;0.000000
86.382660;-32.266187;-14.005574;-1.182060;0.014291;2.850000;0.000000
86.582620;-32.190127;-14.190523;-1.179423;0.012078;2.850000;0.000000
86.782580;-32.113617;-14.375295;-1.177229;0.009866;2.850000;0.000000
86.982540;-32.036743;-14.559916;-1.175477;0.007656;2.850000;0.000000
87.182500;-31.959588;-14.744415;-1.174167;0.005446;2.850000;0.000000
87.382460;-31.882238;-14.928818;-1.173299;0.003237;2.850000;0.000000
87.582420;-31.804775;-15.113152;-1.172873;0.001027;2.850000;0.000000
87.782379;-31.727286;-15.297445;-1.172887;-0.001185;2.850000;0.000000
87.982339;-31.649824;-15.481795;-1.173309;-0.003068;2.850000;0.000000
88.182299;-31.572450;-15.666248;-1.174067;-0.004531;2.850000;0.000000
88.382259;-31.495256;-15.850742;-1.175119;-0.005994;2.850000;0.000000
88.582219;-31.418292;-16.035305;-1.176464;-0.007458;2.850000;0.000000
88.782179;-31.341612;-16.219964;-1.178102;-0.008922;2.850000;0.000000
88.982139;-31.265266;-16.404748;-1.180032;-0.010385;2.850000;0.000000
89.182098;-31.189307;-16.589682;-1.182254;-0.011847;2.850000;0.000000
89.382058;-31.113786;-16.774796;-1.184769;-0.013307;2.850000;0.000000
89.582018;-31.038756;-16.960116;-1.187575;-0.014766;2.850000;0.000000
89.781978;-30.964268;-17.145670;-1.190665;-0.016221;2.850000;0.000000
89.981938;-30.890392;-17.331428;-1.193789;-0.015265;2.850000;0.000000
90.181898;-30.817096;-17.517366;-1.196440;-0.011406;2.850000;0.000000
90.381858;-30.744213;-17.703497;-1.198335;-0.007550;2.850000;0.000000
90.581818;-30.671602;-17.889762;-1.199459;-0.003697;2.850000;0.000000
90.781777;-30.599119;-18.076104;-1.199813;0.000154;2.850000;0.000000
90.981737;-30.526622;-18.262465;-1.199397;0.004003;2.850000;0.000000
91.181697;-30.453969;-18.448787;-1.198212;0.007849;2.850000;0.000000
91.381657;-30.381016;-18.635013;-1.196258;0.011694;2.850000;0.000000
91.581617;-30.307621;-18.821085;-1.193534;0.015538;2.850000;0.000000
91.781577;-30.233641;-19.006945;-1.190054;0.019379;2.850000;0.000000
91.981537;-30.158953;-19.192500;-1.186151;0.019944;2.850000;0.000000
92.181496;-30.083543;-19.377732;-1.182507;0.016681;2.850000;0.000000
92.381456;-30.007510;-19.562724;-1.179497;0.013421;2.850000;0.000000
92.581416;-29.930979;-19.747516;-1.177138;0.010164;2.850000;0.000000
92.781376;-29.854074;-19.932151;-1.175431;0.006908;2.850000;0.000000
92.981336;-29.776917;-20.116668;-1.174375;0.003653;2.850000;0.000000
93.181296;-29.699635;-20.301109;-1.173970;0.000397;2.850000;0.000000
93.381256;-29.622349;-20.485515;-1.174216;-0.002861;2.850000;0.000000
93.581215;-29.545185;-20.669928;-1.175114;-0.006123;2.850000;0.000000
93.781175;-29.468266;-20.854387;-1.176658;-0.009391;2.850000;0.000000
93.981135;-29.391659;-21.039070;-1.178659;-0.010792;2.850000;0.000000
94.181095;-29.315404;-21.224017;-1.180730;-0.010029;2.850000;0.000000
94.381055;-29.239539;-21.409071;-1.182660;-0.009262;2.850000;0.000000
94.581015;-29.164032;-21.594229;-1.184435;-0.008493;2.850000;0.000000
94.780975;-29.088850;-21.779490;-1.186056;-0.007722;2.850000;0.000000
94.980934;-29.013960;-21.964851;-1.187522;-0.006948;2.850000;0.000000
95.180894;-28.939330;-22.150309;-1.188834;-0.006174;2.850000;0.000000
95.380854;-28.864928;-22.335863;-1.189991;-0.005397;2.850000;0.000000
95.580814;-28.790722;-22.521508;-1.190992;-0.004621;2.850000;0.000000
95.780774;-28.716678;-22.707244;-1.191837;-0.003843;2.850000;0.000000
95.980734;-28.642791;-22.893000;-1.192487;-0.002692;2.850000;0.000000
96.180694;-28.569019;-23.078757;-1.192868;-0.001141;2.850000;0.000000
96.380654;-28.495277;-23.264560;-1.192941;0.000408;2.850000;0.000000
96.580613;-28.421509;-23.450384;-1.192705;0.001956;2.850000;0.000000
96.780573;-28.347660;-23.636202;-1.192159;0.003504;2.850000;0.000000
96.980533;-28.273674;-23.821987;-1.191304;0.005050;2.850000;0.000000
97.180493;-28.199493;-24.007712;-1.190139;0.006597;2.850000;0.000000
97.380453;-28.125063;-24.193351;-1.188665;0.008144;2.850000;0.000000
97.580413;-28.050327;-24.378878;-1.186881;0.009690;2.850000;0.000000
97.780373;-27.975229;-24.564265;-1.184797;0.011238;2.850000;0.000000
97.980332;-27.899727;-24.749460;-1.182609;0.010805;2.850000;0.000000
98.180292;-27.823839;-24.934467;-1.180703;0.008345;2.850000;0.000000
98.380252;-27.747642;-25.119349;-1.179280;0.005885;2.850000;0.000000
98.580212;-27.671227;-25.304141;-1.178349;0.003425;2.850000;0.000000
98.780172;-27.594686;-25.488881;-1.177910;0.000966;2.850000;0.000000
98.980132;-27.518110;-25.673604;-1.177963;-0.001494;2.850000;0.000000
99.180092;-27.441591;-25.858346;-1.178508;-0.003954;2.850000;0.000000
99.380051;-27.365219;-26.043143;-1.179544;-0.006414;2.850000;0.000000
99.580011;-27.289088;-26.228032;-1.181073;-0.008875;2.850000;0.000000
99.779971;-27.213287;-26.413049;-1.183084;-0.011337;2.850000;0.000000
99.979931;-27.137905;-26.598232;-1.185348;-0.011500;2.850000;0.000000
100.179891;-27.062945;-26.783584;-1.187427;-0.009387;2.850000;0.000000
100.379851;-26.988334;-26.969075;-1.189092;-0.007274;2.850000;0.000000
100.579811;-26.913992;-27.154676;-1.190335;-0.005159;2.850000;0.000000
100.779771;-26.839840;-27.340358;-1.191155;-0.003045;2.850000;0.000000
100.979730;-26.765799;-27.526092;-1.191553;-0.000931;2.850000;0.000000
101.179690;-26.691788;-27.711849;-1.191528;0.001182;2.850000;0.000000
101.379650;-26.617728;-27.897601;-1.191080;0.003295;2.850000;0.000000
101.579610;-26.543540;-28.083318;-1.190210;0.005407;2.850000;0.000000
101.779570;-26.469145;-28.268973;-1.188925;0.007517;2.850000;0.000000
101.979530;-26.394480;-28.454499;-1.187385;0.008013;2.850000;0.000000
102.179490;-26.319528;-28.639887;-1.185893;0.006968;2.850000;0.000000
102.379449;-26.244312;-28.825183;-1.184604;0.005924;2.850000;0.000000
102.579409;-26.168874;-29.010399;-1.183524;0.004881;2.850000;0.000000
102.779369;-26.093254;-29.195543;-1.182652;0.003838;2.850000;0.000000
102.979329;-26.017493;-29.380624;-1.181988;0.002796;2.850000;0.000000
103.179289;-25.941634;-29.565652;-1.181533;0.001755;2.850000;0.000000
103.379249;-25.865716;-29.750638;-1.181287;0.000712;2.850000;0.000000
103.579209;-25.789781;-29.935590;-1.181248;-0.000330;2.850000;0.000000
103.779168;-25.713870;-30.120518;-1.181417;-0.001374;2.850000;0.000000
103.979128;-25.637990;-30.305516;-1.181764;-0.002114;2.850000;0.000000
104.179088;-25.562169;-30.490590;-1.182231;-0.002568;2.850000;0.000000
104.379048;-25.486455;-30.675674;-1.182789;-0.003022;2.850000;0.000000
104.579008;-25.410860;-30.860784;-1.183439;-0.003476;2.850000;0.000000
104.778968;-25.335401;-31.045933;-1.184179;-0.003929;2.850000;0.000000
104.978928;-25.260089;-31.231134;-1.185010;-0.004382;2.850000;0.000000
105.178887;-25.184939;-31.416402;-1.185931;-0.004834;2.850000;0.000000
105.378847;-25.109966;-31.601749;-1.186943;-0.005286;2.850000;0.000000
105.578807;-25.035182;-31.787191;-1.188045;-0.005736;2.850000;0.000000
105.778767;-24.960602;-31.972740;-1.189232;-0.006185;2.850000;0.000000
105.978727;-24.886273;-32.158325;-1.190410;-0.005676;2.850000;0.000000
106.178687;-24.812170;-32.343951;-1.191406;-0.004315;2.850000;0.000000
106.378647;-24.738216;-32.529669;-1.192133;-0.002956;2.850000;0.000000
106.578607;-24.664361;-32.715457;-1.192588;-0.001598;2.850000;0.000000
106.778566;-24.590557;-32.901290;-1.192772;-0.000241;2.850000;0.000000
106.978526;-24.516754;-33.087147;-1.192684;0.001116;2.850000;0.000000
107.178486;-24.442903;-33.273003;-1.192326;0.002471;2.850000;0.000000
107.378446;-24.368955;-33.458837;-1.191696;0.003827;2.850000;0.000000
107.578406;-24.294861;-33.644624;-1.190795;0.005182;2.850000;0.000000
107.778366;-24.220570;-33.830342;-1.189628;0.006538;2.850000;0.000000
107.978326;-24.146038;-34.015966;-1.188300;0.006820;2.850000;0.000000
108.178285;-24.071255;-34.201488;-1.187005;0.006167;2.850000;0.000000
108.378245;-23.996244;-34.386913;-1.185836;0.005515;2.850000;0.000000
108.578205;-23.921032;-34.572248;-1.184798;0.004863;2.850000;0.000000
108.778165;-23.845645;-34.757497;-1.183891;0.004211;2.850000;0.000000
108.978125;-23.770109;-34.942664;-1.183114;0.003559;2.850000;0.000000
109.178085;-23.694451;-35.127754;-1.182467;0.002908;2.850000;0.000000
109.378045;-23.618696;-35.312772;-1.181951;0.002256;2.850000;0.000000
109.578004;-23.542872;-35.497723;-1.181566;0.001604;2.850000;0.000000
109.777964;-23.467004;-35.682612;-1.181311;0.000951;2.850000;0.000000
109.977924;-23.391070;-35.867564;-1.181204;0.000137;2.850000;0.000000
110.177884;-23.315105;-36.052575;-1.181272;-0.000816;2.850000;0.000000
110.377844;-23.239184;-36.237567;-1.181530;-0.001769;2.850000;0.000000
110.577804;-23.163337;-36.422563;-1.181979;-0.002722;2.850000;0.000000
110.777764;-23.087597;-36.607586;-1.182619;-0.003676;2.850000;0.000000
110.977723;-23.011995;-36.792659;-1.183449;-0.004628;2.850000;0.000000
111.177683;-22.936563;-36.977806;-1.184469;-0.005580;2.850000;0.000000
111.377643;-22.861332;-37.163050;-1.185680;-0.006530;2.850000;0.000000
111.577603;-22.786334;-37.348415;-1.187081;-0.007479;2.850000;0.000000
111.777563;-22.711600;-37.533923;-1.188662;-0.008425;2.850000;0.000000
111.977523;-22.637197;-37.719504;-1.190271;-0.007787;2.850000;0.000000
112.177483;-22.563095;-37.905167;-1.191634;-0.005885;2.850000;0.000000
112.377443;-22.489198;-38.090950;-1.192620;-0.003986;2.850000;0.000000
112.577402;-22.415438;-38.276817;-1.193228;-0.002089;2.850000;0.000000
112.777362;-22.341750;-38.462733;-1.193456;-0.000193;2.850000;0.000000
112.977322;-22.268065;-38.648661;-1.193305;0.001702;2.850000;0.000000
113.177282;-22.194316;-38.834565;-1.192775;0.003598;2.850000;0.000000
113.377242;-22.120437;-39.020408;-1.191866;0.005494;2.850000;0.000000
113.577202;-22.046359;-39.206154;-1.190578;0.007392;2.850000;0.000000
113.777162;-21.972017;-39.391768;-1.188920;0.009293;2.850000;0.000000
113.977121;-21.897324;-39.577267;-1.187093;0.009136;2.850000;0.000000
114.177081;-21.822289;-39.762644;-1.185447;0.007378;2.850000;0.000000
114.377041;-21.746991;-39.947886;-1.184148;0.005618;2.850000;0.000000
114.577001;-21.671490;-40.133028;-1.183201;0.003856;2.850000;0.000000
114.776961;-21.595851;-40.318102;-1.182606;0.002094;2.850000;0.000000
114.976921;-21.520136;-40.503141;-1.182364;0.000331;2.850000;0.000000
115.176881;-21.444407;-40.688179;-1.182474;-0.001432;2.850000;0.000000
115.376840;-21.368726;-40.873249;-1.182936;-0.003195;2.850000;0.000000
115.576800;-21.293158;-41.058383;-1.183751;-0.004956;2.850000;0.000000
115.776760;-21.217763;-41.243615;-1.184891;-0.006715;2.850000;0.000000
115.976720;-21.142558;-41.429065;-1.185874;-0.003495;2.850000;0.000000
116.176680;-21.067444;-41.614652;-1.185873;0.003389;2.850000;0.000000
116.376640;-20.992207;-41.800181;-1.184505;0.010276;2.850000;0.000000
116.576600;-20.916602;-41.985521;-1.181758;0.017175;2.850000;0.000000
116.776559;-20.840384;-42.170545;-1.177629;0.024093;2.850000;0.000000
116.976519;-20.763306;-42.355122;-1.172116;0.031035;2.850000;0.000000
117.176479;-20.685124;-42.539123;-1.165215;0.038007;2.850000;0.000000
117.376439;-20.605593;-42.722420;-1.156922;0.045008;2.850000;0.000000
117.576399;-20.524466;-42.904882;-1.147233;0.052038;2.850000;0.000000
117.776359;-20.441500;-43.086381;-1.136166;0.059089;2.850000;0.000000
117.976319;-20.356537;-43.266614;-1.123964;0.063560;2.850000;0.000000
118.176279;-20.269387;-43.445583;-1.111047;0.066220;2.850000;0.000000
118.376238;-20.179879;-43.623399;-1.097608;0.068786;2.850000;0.000000
118.576198;-20.087902;-43.800056;-1.083661;0.071245;2.850000;0.000000
118.776158;-19.993343;-43.975544;-1.069224;0.073585;2.850000;0.000000
118.976118;-19.896090;-44.149858;-1.054314;0.075792;2.850000;0.000000
119.176078;-19.796029;-44.322990;-1.038950;0.077851;2.850000;0.000000
119.376038;-19.693048;-44.494933;-1.023155;0.079752;2.850000;0.000000
119.575998;-19.587035;-44.665678;-1.006950;0.081481;2.850000;0.000000
119.775957;-19.477878;-44.835220;-0.990321;0.083027;2.850000;0.000000
119.975917;-19.365731;-45.003111;-0.972296;0.094697;2.850000;0.000000
120.175877;-19.250273;-45.168982;-0.951210;0.113700;2.850000;0.000000
120.375837;-19.130978;-45.332226;-0.926211;0.133646;2.850000;0.000000
120.575797;-19.007496;-45.491954;-0.897105;0.154766;2.850000;0.000000
120.775757;-18.879477;-45.647279;-0.863702;0.177214;2.850000;0.000000
120.975717;-18.746570;-45.797313;-0.825799;0.201038;2.850000;0.000000
121.175676;-18.608425;-45.941167;-0.783201;0.226140;2.850000;0.000000
121.375636;-18.464693;-46.077954;-0.735736;0.252217;2.850000;0.000000
121.575596;-18.315022;-46.206785;-0.683291;0.278714;2.850000;0.000000
121.775556;-18.159063;-46.326773;-0.625932;0.304766;2.850000;0.000000
121.975516;-17.996256;-46.437222;-0.566126;0.304678;2.850000;0.000000
122.175476;-17.826817;-46.537921;-0.508135;0.284264;2.850000;0.000000
122.375436;-17.651533;-46.629203;-0.454009;0.263232;2.850000;0.000000
122.575395;-17.471030;-46.711548;-0.403844;0.242312;2.850000;0.000000
122.775355;-17.285933;-46.785436;-0.357566;0.222032;2.850000;0.000000
122.975315;-17.096867;-46.851345;-0.315040;0.202736;2.850000;0.000000
123.175275;-16.904458;-46.909756;-0.276098;0.184618;2.850000;0.000000
123.375235;-16.709331;-46.961147;-0.240552;0.167754;2.850000;0.000000
123.575195;-16.512112;-47.005999;-0.208208;0.152135;2.850000;0.000000
123.775155;-16.313427;-47.044790;-0.178817;0.137691;2.850000;0.000000
123.975115;-16.113819;-47.077990;-0.151176;0.134722;2.850000;0.000000
124.175074;-15.913699;-47.105684;-0.123345;0.140567;2.850000;0.000000
124.375034;-15.713334;-47.127639;-0.094384;0.146786;2.850000;0.000000
124.574994;-15.512929;-47.143623;-0.064212;0.153359;2.850000;0.000000
124.774954;-15.312689;-47.153401;-0.032773;0.160258;2.850000;0.000000
124.974914;-15.112819;-47.156740;-0.000017;0.167440;2.850000;0.000000
125.174874;-14.913524;-47.153408;0.034101;0.174850;2.850000;0.000000
125.374834;-14.715009;-47.143170;0.069615;0.182414;2.850000;0.000000
125.574793;-14.517479;-47.125793;0.106550;0.190041;2.850000;0.000000
125.774753;-14.321141;-47.101043;0.144919;0.197622;2.850000;0.000000
125.974713;-14.125532;-47.068591;0.183436;0.191897;2.850000;0.000000
126.174673;-13.930838;-47.028634;0.219817;0.174959;2.850000;0.000000
126.374633;-13.737507;-46.981896;0.252901;0.157637;2.850000;0.000000
126.574593;-13.545449;-46.929036;0.282570;0.140217;2.850000;0.000000
126.774553;-13.354572;-46.870715;0.308829;0.122903;2.850000;0.000000
126.974512;-13.164784;-46.807590;0.331701;0.105822;2.850000;0.000000
127.174472;-12.975994;-46.740323;0.351225;0.089037;2.850000;0.000000
127.374432;-12.788111;-46.669571;0.367444;0.072558;2.850000;0.000000
127.574392;-12.601042;-46.595994;0.380399;0.056354;2.850000;0.000000
127.774352;-12.414698;-46.520252;0.390159;0.040359;2.850000;0.000000
127.974312;-12.229569;-46.443229;0.397478;0.031978;2.850000;0.000000
128.174272;-12.045367;-46.365198;0.403536;0.028397;2.850000;0.000000
128.374231;-11.861653;-46.286141;0.408857;0.024806;2.850000;0.000000
128.574191;-11.678365;-46.206187;0.413457;0.021206;2.850000;0.000000
128.774151;-11.495440;-46.125466;0.417337;0.017601;2.850000;0.000000
128.974111;-11.312814;-46.044108;0.420495;0.013991;2.850000;0.000000
129.174071;-11.130425;-45.962243;0.422931;0.010380;2.850000;0.000000
129.374031;-10.948208;-45.880001;0.424645;0.006767;2.850000;0.000000
129.573991;-10.766102;-45.797512;0.425637;0.003153;2.850000;0.000000
129.773951;-10.584043;-45.714907;0.425920;-0.000460;2.850000;0.000000
129.973910;-10.401962;-45.632305;0.425705;-0.001863;2.850000;0.000000
130.173870;-10.219839;-45.549764;0.425334;-0.001884;2.850000;0.000000
130.373830;-10.037677;-45.467289;0.424955;-0.001906;2.850000;0.000000
130.573790;-9.855480;-45.384882;0.424572;-0.001927;2.850000;0.000000
130.773750;-9.673250;-45.302543;0.424184;-0.001949;2.850000;0.000000
130.973710;-9.490986;-45.220276;0.423792;-0.001971;2.850000;0.000000
131.173670;-9.308693;-45.138081;0.423396;-0.001993;2.850000;0.000000
131.373629;-9.126371;-45.055961;0.422995;-0.002015;2.850000;0.000000
131.573589;-8.944022;-44.973918;0.422590;-0.002037;2.850000;0.000000
131.773549;-8.761649;-44.891952;0.422178;-0.002059;2.850000;0.000000
131.973509;-8.579255;-44.810069;0.421722;-0.002471;2.850000;0.000000
132.173469;-8.396831;-44.728280;0.421163;-0.003120;2.850000;0.000000
132.373429;-8.214359;-44.646607;0.420474;-0.003769;2.850000;0.000000
132.573389;-8.031824;-44.565071;0.419656;-0.004418;2.850000;0.000000
132.773348;-7.849211;-44.483693;0.418708;-0.005066;2.850000;0.000000
132.973308;-7.666503;-44.402494;0.417630;-0.005713;2.850000;0.000000
133.173268;-7.483685;-44.321497;0.416423;-0.006359;2.850000;0.000000
133.373228;-7.300743;-44.240722;0.415087;-0.007004;2.850000;0.000000
133.573188;-7.117659;-44.160192;0.413622;-0.007648;2.850000;0.000000
133.773148;-6.934419;-44.079926;0.412055;-0.008290;2.850000;0.000000
133.973108;-6.751021;-43.999943;0.410772;-0.004857;2.850000;0.000000
134.173067;-6.567522;-43.920125;0.410391;0.000992;2.850000;0.000000
134.373027;-6.384031;-43.840267;0.411174;0.006840;2.850000;0.000000
134.572987;-6.200661;-43.760163;0.413128;0.012693;2.850000;0.000000
134.772947;-6.017525;-43.679607;0.416254;0.018556;2.850000;0.000000
134.972907;-5.834738;-43.598393;0.420553;0.024433;2.850000;0.000000
135.172867;-5.652412;-43.516315;0.426028;0.030328;2.850000;0.000000
135.372827;-5.470662;-43.433167;0.432680;0.036243;2.850000;0.000000
135.572787;-5.289601;-43.348744;0.440514;0.042178;2.850000;0.000000
135.772746;-5.109342;-43.262838;0.449515;0.048131;2.850000;0.000000
135.972706;-4.929722;-43.175118;0.459366;0.050721;2.850000;0.000000
136.172666;-4.750911;-43.085537;0.469563;0.051340;2.850000;0.000000
136.372626;-4.573083;-42.994153;0.479889;0.051946;2.850000;0.000000
136.572586;-4.396250;-42.900947;0.490332;0.052538;2.850000;0.000000
136.772546;-4.220423;-42.805898;0.500891;0.053114;2.850000;0.000000
136.972506;-4.045616;-42.708989;0.511563;0.053674;2.850000;0.000000
137.172465;-3.871839;-42.610199;0.522347;0.054217;2.850000;0.000000
137.372425;-3.699105;-42.509509;0.533239;0.054740;2.850000;0.000000
137.572385;-3.527427;-42.406900;0.544239;0.055244;2.850000;0.000000
137.772345;-3.356816;-42.302354;0.555345;0.055727;2.850000;0.000000
137.972305;-3.187555;-42.196015;0.566720;0.057904;2.850000;0.000000
138.172265;-3.019585;-42.087756;0.578605;0.060985;2.850000;0.000000
138.372225;-2.852888;-41.977418;0.591108;0.064102;2.850000;0.000000
138.572184;-2.687578;-41.864926;0.604241;0.067254;2.850000;0.000000
138.772144;-2.523772;-41.750203;0.618009;0.070438;2.850000;0.000000
138.972104;-2.361586;-41.633175;0.632419;0.073651;2.850000;0.000000
139.172064;-2.201137;-41.513768;0.647473;0.076888;2.850000;0.000000
139.372024;-2.042540;-41.391905;0.663178;0.080143;2.850000;0.000000
139.571984;-1.885912;-41.267512;0.679535;0.083408;2.850000;0.000000
139.771944;-1.731370;-41.140513;0.696541;0.086674;2.850000;0.000000
139.971903;-1.578995;-41.010808;0.714106;0.088970;2.850000;0.000000
140.171863;-1.428923;-40.878385;0.732099;0.090849;2.850000;0.000000
140.371823;-1.281292;-40.743261;0.750477;0.092804;2.850000;0.000000
140.571783;-1.136218;-40.605440;0.769250;0.094831;2.850000;0.000000
140.771743;-0.993822;-40.464928;0.788432;0.096925;2.850000;0.000000
140.971703;-0.854222;-40.321728;0.808032;0.099081;2.850000;0.000000
141.171663;-0.717536;-40.175844;0.828061;0.101294;2.850000;0.000000
141.371623;-0.583884;-40.027280;0.848530;0.103555;2.850000;0.000000
141.571582;-0.453385;-39.876042;0.869447;0.105857;2.850000;0.000000
141.771542;-0.326157;-39.722132;0.890768;0.108191;2.850000;0.000000
141.971502;-0.202325;-39.565597;0.911881;0.103895;2.850000;0.000000
142.171462;-0.081778;-39.406547;0.931859;0.096337;2.850000;0.000000
142.371422;0.035721;-39.245165;0.950332;0.088728;2.850000;0.000000
142.571382;0.150399;-39.081648;0.967292;0.081106;2.850000;0.000000
142.771342;0.262480;-38.916193;0.982741;0.073499;2.850000;0.000000
142.971301;0.372191;-38.748998;0.996682;0.065926;2.850000;0.000000
143.171261;0.479757;-38.580261;1.009121;0.058400;2.850000;0.000000
143.371221;0.585405;-38.410178;1.020065;0.050927;2.850000;0.000000
143.571181;0.689361;-38.238949;1.029523;0.043505;2.850000;0.000000
143.771141;0.791850;-38.066770;1.037565;0.036130;2.850000;0.000000
143.971101;0.893055;-37.893860;1.044972;0.037103;2.850000;0.000000
144.171061;0.992950;-37.720236;1.052900;0.041984;2.850000;0.000000
144.371020;1.091357;-37.545823;1.061800;0.046899;2.850000;0.000000
144.570980;1.188084;-37.370561;1.071683;0.051848;2.850000;0.000000
144.770940;1.282940;-37.194391;1.082556;0.056834;2.850000;0.000000
144.970900;1.375736;-37.017254;1.094423;0.061853;2.850000;0.000000
145.170860;1.466279;-36.839090;1.107289;0.066901;2.850000;0.000000
145.370820;1.554381;-36.659839;1.121157;0.071971;2.850000;0.000000
145.570780;1.639849;-36.479442;1.136032;0.077053;2.850000;0.000000
145.770739;1.722493;-36.297839;1.151848;0.082133;2.850000;0.000000
145.970699;1.802200;-36.114862;1.167767;0.078176;2.850000;0.000000
146.170659;1.879062;-35.930626;1.182549;0.070001;2.850000;0.000000
146.370619;1.953353;-35.745302;1.195706;0.061785;2.850000;0.000000
146.570579;2.025379;-35.559009;1.207224;0.053553;2.850000;0.000000
146.770539;2.095441;-35.371865;1.217104;0.045325;2.850000;0.000000
146.970499;2.163843;-35.183988;1.225345;0.037114;2.850000;0.000000
147.170459;2.230889;-34.995497;1.231951;0.028928;2.850000;0.000000
147.370418;2.296881;-34.806509;1.236925;0.020769;2.850000;0.000000
147.570378;2.362124;-34.617143;1.240270;0.012636;2.850000;0.000000
147.770338;2.426919;-34.427516;1.242104;0.004527;2.850000;0.000000
147.970298;2.491526;-34.237735;1.243739;0.010544;2.850000;0.000000
148.170258;2.555739;-34.047785;1.247081;0.022701;2.850000;0.000000
148.370218;2.619074;-33.857583;1.252854;0.034901;2.850000;0.000000
148.570178;2.681045;-33.667041;1.261076;0.047176;2.850000;0.000000
148.770137;2.741165;-33.476073;1.271758;0.059549;2.850000;0.000000
148.970097;2.798947;-33.284593;1.284916;0.072030;2.850000;0.000000
149.170057;2.853905;-33.092513;1.300563;0.084612;2.850000;0.000000
149.370017;2.905552;-32.899749;1.318712;0.097270;2.850000;0.000000
149.569977;2.953402;-32.706213;1.339369;0.109953;2.850000;0.000000
149.769937;2.996968;-32.511818;1.362442;0.122583;2.850000;0.000000
149.969897;3.035858;-32.316210;1.386693;0.121863;2.850000;0.000000
150.169856;3.070007;-32.119585;1.410380;0.115650;2.850000;0.000000
150.369816;3.099618;-31.922155;1.432847;0.109403;2.850000;0.000000
150.569776;3.124923;-31.724021;1.454077;0.103162;2.850000;0.000000
150.769736;3.146152;-31.525281;1.474077;0.096957;2.850000;0.000000
150.969696;3.163537;-31.326033;1.492855;0.090811;2.850000;0.000000
151.169656;3.177307;-31.126378;1.510421;0.084740;2.850000;0.000000
151.369616;3.187693;-30.926414;1.526790;0.078755;2.850000;0.000000
151.569575;3.194927;-30.726241;1.541974;0.072862;2.850000;0.000000
151.769535;3.199238;-30.525958;1.555962;0.067060;2.850000;0.000000
151.969495;3.200865;-30.325952;1.568595;0.059371;2.850000;0.000000
152.169455;3.200118;-30.126062;1.579627;0.050981;2.850000;0.000000
152.369415;3.197335;-29.926183;1.588978;0.042577;2.850000;0.000000
152.569375;3.192849;-29.726313;1.596650;0.034172;2.850000;0.000000
152.769335;3.186998;-29.526449;1.602643;0.025772;2.850000;0.000000
152.969295;3.180115;-29.326591;1.606957;0.017380;2.850000;0.000000
153.169254;3.172537;-29.126735;1.609595;0.008996;2.850000;0.000000
153.369214;3.164599;-28.926880;1.610556;0.000616;2.850000;0.000000
153.569174;3.156637;-28.727024;1.609841;-0.007763;2.850000;0.000000
153.769134;3.148984;-28.527165;1.607513;-0.016146;2.850000;0.000000
153.969094;3.141954;-28.327324;1.604171;-0.017934;2.850000;0.000000
154.169054;3.135640;-28.127484;1.600623;-0.017576;2.850000;0.000000
154.369014;3.130029;-27.927632;1.597145;-0.017216;2.850000;0.000000
154.568973;3.125106;-27.727765;1.593739;-0.016854;2.850000;0.000000
154.768933;3.120856;-27.527880;1.590406;-0.016490;2.850000;0.000000
154.968893;3.117265;-27.327973;1.587145;-0.016125;2.850000;0.000000
155.168853;3.114318;-27.128041;1.583958;-0.015758;2.850000;0.000000
155.368813;3.112002;-26.928082;1.580843;-0.015390;2.850000;0.000000
155.568773;3.110300;-26.728091;1.577802;-0.015020;2.850000;0.000000
155.768733;3.109199;-26.528065;1.574863;-0.014650;2.850000;0.000000
155.968692;3.108673;-26.328103;1.572278;-0.011483;2.850000;0.000000
156.168652;3.108606;-26.128142;1.570384;-0.007465;2.850000;0.000000
156.368612;3.108838;-25.928158;1.569293;-0.003451;2.850000;0.000000
156.568572;3.109208;-25.728161;1.569003;0.000560;2.850000;0.000000
156.768532;3.109555;-25.528161;1.569517;0.004572;2.850000;0.000000
156.968492;3.109720;-25.328167;1.570832;0.008585;2.850000;0.000000
157.168452;3.109541;-25.128189;1.572951;0.012602;2.850000;0.000000
157.368411;3.108858;-24.928236;1.575872;0.016622;2.850000;0.000000
157.568371;3.107511;-24.728317;1.579598;0.020648;2.850000;0.000000
157.768331;3.105339;-24.528442;1.584072;0.024681;2.850000;0.000000
157.968291;3.102202;-24.328472;1.588766;0.022859;2.850000;0.000000
158.168251;3.098152;-24.128509;1.592978;0.019285;2.850000;0.000000
158.368211;3.093331;-23.928587;1.596477;0.015706;2.850000;0.000000
158.568171;3.087882;-23.728700;1.599259;0.012123;2.850000;0.000000
158.768131;3.081950;-23.528839;1.601325;0.008538;2.850000;0.000000
158.968090;3.075676;-23.328997;1.602674;0.004952;2.850000;0.000000
159.168050;3.069205;-23.129165;1.603305;0.001365;2.850000;0.000000
159.368010;3.062679;-22.929337;1.603219;-0.002222;2.850000;0.000000
159.567970;3.056242;-22.729504;1.602416;-0.005809;2.850000;0.000000
159.767930;3.050037;-22.529659;1.600936;-0.009395;2.850000;0.000000
159.967890;3.044192;-22.329808;1.599125;-0.009122;2.850000;0.000000
160.167850;3.038711;-22.129943;1.597435;-0.007788;2.850000;0.000000
160.367809;3.033540;-21.930061;1.596012;-0.006453;2.850000;0.000000
160.567769;3.028628;-21.730165;1.594855;-0.005119;2.850000;0.000000
160.767729;3.023920;-21.530257;1.593964;-0.003786;2.850000;0.000000
160.967689;3.019363;-21.330342;1.593341;-0.002452;2.850000;0.000000
161.167649;3.014905;-21.130422;1.592983;-0.001119;2.850000;0.000000
161.367609;3.010490;-20.930499;1.592893;0.000214;2.850000;0.000000
161.567569;3.006068;-20.730577;1.593069;0.001547;2.850000;0.000000
161.767528;3.001583;-20.530657;1.593500;0.002880;2.850000;0.000000
161.967488;2.996988;-20.330736;1.594092;0.003154;2.850000;0.000000
162.167448;2.992267;-20.130819;1.594723;0.003157;2.850000;0.000000
162.367408;2.987420;-19.930909;1.595355;0.003161;2.850000;0.000000
162.567368;2.982446;-19.731005;1.595987;0.003165;2.850000;0.000000
162.767328;2.977347;-19.531108;1.596620;0.003168;2.850000;0.000000
162.967288;2.972120;-19.331218;1.597254;0.003172;2.850000;0.000000
163.167247;2.966767;-19.131335;1.597889;0.003176;2.850000;0.000000
163.367207;2.961287;-18.931458;1.598524;0.003180;2.850000;0.000000
163.567167;2.955680;-18.731588;1.599161;0.003183;2.850000;0.000000
163.767127;2.949946;-18.531724;1.599773;0.003187;2.850000;0.000000
163.967087;2.944094;-18.331883;1.600161;0.000942;2.850000;0.000000
164.167047;2.938206;-18.132047;1.600072;-0.001829;2.850000;0.000000
164.367007;2.932390;-17.932207;1.599429;-0.004599;2.850000;0.000000
164.566967;2.926759;-17.732358;1.598233;-0.007369;2.850000;0.000000
164.766926;2.921421;-17.532493;1.596482;-0.010139;2.850000;0.000000
164.966886;2.916488;-17.332607;1.594178;-0.012906;2.850000;0.000000
165.166846;2.912071;-17.132694;1.591321;-0.015672;2.850000;0.000000
165.366806;2.908280;-16.932749;1.587911;-0.018434;2.850000;0.000000
165.566766;2.905226;-16.732765;1.583948;-0.021193;2.850000;0.000000
165.766726;2.903019;-16.532736;1.579508;-0.023946;2.850000;0.000000
165.966686;2.901742;-16.332808;1.575159;-0.020269;2.850000;0.000000
166.166645;2.901274;-16.132870;1.571612;-0.015217;2.850000;0.000000
166.366605;2.901415;-15.932901;1.569074;-0.010172;2.850000;0.000000
166.566565;2.901963;-15.732910;1.567544;-0.005132;2.850000;0.000000
166.766525;2.902716;-15.532909;1.567021;-0.000095;2.850000;0.000000
166.966485;2.903473;-15.332908;1.567506;0.004943;2.850000;0.000000
167.166445;2.904033;-15.132917;1.568998;0.009983;2.850000;0.000000
167.366405;2.904193;-14.932949;1.571499;0.015028;2.850000;0.000000
167.566364;2.903752;-14.733012;1.575008;0.020079;2.850000;0.000000
167.766324;2.902509;-14.533118;1.579456;0.025138;2.850000;0.000000
167.966284;2.900289;-14.333112;1.584271;0.023759;2.850000;0.000000
168.166244;2.897119;-14.133122;1.588748;0.021022;2.850000;0.000000
168.366204;2.893108;-13.933176;1.592678;0.018279;2.850000;0.000000
168.566164;2.888368;-13.733267;1.596059;0.015533;2.850000;0.000000
168.766124;2.883007;-13.533390;1.598890;0.012785;2.850000;0.000000
168.966083;2.877135;-13.333538;1.601171;0.010034;2.850000;0.000000
169.166043;2.870863;-13.133705;1.602902;0.007283;2.850000;0.000000
169.366003;2.864299;-12.933885;1.604083;0.004531;2.850000;0.000000
169.565963;2.857555;-12.734072;1.604714;0.001778;2.850000;0.000000
169.765923;2.850740;-12.534258;1.604798;-0.000974;2.850000;0.000000
169.965883;2.843962;-12.334461;1.604367;-0.003382;2.850000;0.000000
170.165843;2.837320;-12.134658;1.603457;-0.005724;2.850000;0.000000
170.365803;2.830906;-11.934841;1.602078;-0.008065;2.850000;0.000000
170.565762;2.824814;-11.735005;1.600232;-0.010406;2.850000;0.000000
170.765722;2.819137;-11.535146;1.597917;-0.012745;2.850000;0.000000
170.965682;2.813970;-11.335261;1.595135;-0.015083;2.850000;0.000000
171.165642;2.809405;-11.135346;1.591885;-0.017420;2.850000;0.000000
171.365602;2.805536;-10.935395;1.588168;-0.019753;2.850000;0.000000
171.565562;2.802456;-10.735406;1.583984;-0.022084;2.850000;0.000000
171.765522;2.800260;-10.535374;1.579411;-0.024410;2.850000;0.000000
171.965481;2.799010;-10.335446;1.575000;-0.020469;2.850000;0.000000
172.165441;2.798579;-10.135504;1.571410;-0.015445;2.850000;0.000000
172.365401;2.798765;-9.935534;1.568823;-0.010428;2.850000;0.000000
172.565361;2.799368;-9.735544;1.567238;-0.005415;2.850000;0.000000
172.765321;2.800188;-9.535546;1.566656;-0.000405;2.850000;0.000000
172.965281;2.801024;-9.335548;1.567077;0.004606;2.850000;0.000000
173.165241;2.801676;-9.135560;1.568499;0.009619;2.850000;0.000000
173.365200;2.801943;-8.935593;1.570924;0.014636;2.850000;0.000000
173.565160;2.801625;-8.735657;1.574352;0.019660;2.850000;0.000000
173.765120;2.800521;-8.535761;1.578708;0.024691;2.850000;0.000000
173.965080;2.798461;-8.335746;1.583414;0.023183;2.850000;0.000000
174.165040;2.795474;-8.135750;1.587788;0.020562;2.850000;0.000000
174.365000;2.791665;-7.935796;1.591638;0.017936;2.850000;0.000000
174.564960;2.787139;-7.735879;1.594962;0.015307;2.850000;0.000000
174.764919;2.782001;-7.535993;1.597759;0.012675;2.850000;0.000000
174.964879;2.776358;-7.336133;1.600030;0.010042;2.850000;0.000000
175.164839;2.770313;-7.136293;1.601774;0.007407;2.850000;0.000000
175.364799;2.763973;-6.936469;1.602992;0.004772;2.850000;0.000000
175.564759;2.757442;-6.736654;1.603682;0.002136;2.850000;0.000000
175.764719;2.750826;-6.536844;1.603850;-0.000500;2.850000;0.000000
175.964679;2.744229;-6.337035;1.603524;-0.002804;2.850000;0.000000
176.164639;2.737743;-6.137220;1.602738;-0.005059;2.850000;0.000000
176.364598;2.731459;-5.937395;1.601501;-0.007313;2.850000;0.000000
176.564558;2.725467;-5.737556;1.599814;-0.009566;2.850000;0.000000
176.764518;2.719857;-5.537696;1.597676;-0.011818;2.850000;0.000000
176.964478;2.714720;-5.337813;1.595088;-0.014069;2.850000;0.000000
177.164438;2.710144;-5.137900;1.592050;-0.016318;2.850000;0.000000
177.364398;2.706220;-4.937953;1.588562;-0.018564;2.850000;0.000000
177.564358;2.703038;-4.737968;1.584625;-0.020808;2.850000;0.000000
177.764317;2.700688;-4.537941;1.580319;-0.023046;2.850000;0.000000
177.964277;2.699229;-4.338024;1.576176;-0.019173;2.850000;0.000000
178.164237;2.698537;-4.138090;1.572812;-0.014482;2.850000;0.000000
178.364197;2.698423;-3.938125;1.570385;-0.009797;2.850000;0.000000
178.564157;2.698701;-3.738140;1.568893;-0.005115;2.850000;0.000000
178.764117;2.699184;-3.538144;1.568338;-0.000436;2.850000;0.000000
178.964077;2.699685;-3.338146;1.568719;0.004242;2.850000;0.000000
179.164036;2.700015;-3.138157;1.570035;0.008923;2.850000;0.000000
179.363996;2.699989;-2.938186;1.572288;0.013607;2.850000;0.000000
179.563956;2.699419;-2.738242;1.575478;0.018297;2.850000;0.000000
179.763916;2.698117;-2.538335;1.579520;0.022993;2.850000;0.000000
179.963876;2.695930;-2.338320;1.583842;0.021095;2.850000;0.000000
180.163836;2.692898;-2.138328;1.587785;0.018335;2.850000;0.000000
180.363796;2.689134;-1.938374;1.591176;0.015572;2.850000;0.000000
180.563755;2.684748;-1.738452;1.594013;0.012806;2.850000;0.000000
180.763715;2.679850;-1.538558;1.596297;0.010037;2.850000;0.000000
180.963675;2.674552;-1.338687;1.598027;0.007268;2.850000;0.000000
181.163635;2.668963;-1.138833;1.599203;0.004497;2.850000;0.000000
181.363595;2.663195;-0.938990;1.599825;0.001726;2.850000;0.000000
181.563555;2.657358;-0.739154;1.599893;-0.001046;2.850000;0.000000
181.763515;2.651562;-0.539320;1.599445;-0.003818;2.850000;0.000000
181.963475;2.645904;-0.339468;1.598726;-0.003751;2.850000;0.000000
182.163434;2.640396;-0.139609;1.598016;-0.003360;2.850000;0.000000
182.363394;2.635021;0.060257;1.597383;-0.002969;2.850000;0.000000
182.563354;2.629765;0.260131;1.596828;-0.002578;2.850000;0.000000
182.763314;2.624612;0.460013;1.596352;-0.002187;2.850000;0.000000
182.963274;2.619547;0.659906;1.595954;-0.001796;2.850000;0.000000
183.163234;2.614553;0.859809;1.595633;-0.001406;2.850000;0.000000
183.363194;2.609614;1.059725;1.595391;-0.001015;2.850000;0.000000
183.563153;2.604716;1.259655;1.595228;-0.000624;2.850000;0.000000
183.763113;2.599843;1.459599;1.595137;-0.000234;2.850000;0.000000
183.963073;2.594981;1.659550;1.595089;-0.000192;2.850000;0.000000
184.163033;2.590126;1.859510;1.595052;-0.000185;2.850000;0.000000
184.362993;2.585279;2.059471;1.595015;-0.000178;2.850000;0.000000
184.562953;2.580438;2.259427;1.594980;-0.000171;2.850000;0.000000
184.762913;2.575605;2.459369;1.594947;-0.000164;2.850000;0.000000
184.962872;2.570780;2.659292;1.594915;-0.000157;2.850000;0.000000
185.162832;2.565961;2.859187;1.594884;-0.000150;2.850000;0.000000
185.362792;2.561148;3.059047;1.594855;-0.000143;2.850000;0.000000
185.562752;2.556343;3.258864;1.594827;-0.000136;2.850000;0.000000
185.762712;2.551544;3.458631;1.594816;-0.000129;2.850000;0.000000
185.962672;2.546745;3.658363;1.594917;0.000979;2.850000;0.000000
186.162632;2.541908;3.858061;1.595232;0.002178;2.850000;0.000000
186.362591;2.536984;4.057750;1.595787;0.003376;2.850000;0.000000
186.562551;2.531925;4.257454;1.596581;0.004572;2.850000;0.000000
186.762511;2.526682;4.457198;1.597614;0.005764;2.850000;0.000000
186.962471;2.521207;4.657007;1.598885;0.006951;2.850000;0.000000
187.162431;2.515452;4.856907;1.600393;0.008131;2.850000;0.000000
187.362391;2.509368;5.056922;1.602137;0.009303;2.850000;0.000000
187.562351;2.502906;5.257078;1.604117;0.010466;2.850000;0.000000
187.762311;2.496019;5.457399;1.606093;0.011618;2.850000;0.000000
187.962270;2.488765;5.657561;1.606696;-0.003251;2.850000;0.000000
188.162230;2.481637;5.857824;1.604452;-0.019137;2.850000;0.000000
188.362190;2.475278;6.058134;1.599023;-0.035050;2.850000;0.000000
188.562150;2.470327;6.258417;1.590399;-0.051048;2.850000;0.000000
188.762110;2.467426;6.458599;1.578566;-0.067174;2.850000;0.000000
188.962070;2.467217;6.658607;1.563505;-0.083447;2.850000;0.000000
189.162030;2.470341;6.858366;1.545195;-0.099856;2.850000;0.000000
189.361989;2.477440;7.057801;1.523621;-0.116350;2.850000;0.000000
189.561949;2.489154;7.256839;1.498777;-0.132829;2.850000;0.000000
189.761909;2.506125;7.455406;1.470754;-0.149137;2.850000;0.000000
189.961869;2.529072;7.654521;1.440601;-0.154140;2.850000;0.000000
190.161829;2.558169;7.852885;1.409241;-0.158740;2.850000;0.000000
190.361789;2.593546;8.050128;1.376930;-0.163711;2.850000;0.000000
190.561749;2.635342;8.245959;1.343613;-0.169020;2.850000;0.000000
190.761708;2.683694;8.440085;1.309234;-0.174627;2.850000;0.000000
190.961668;2.738741;8.632216;1.273743;-0.180481;2.850000;0.000000
191.161628;2.800620;8.822059;1.237096;-0.186520;2.850000;0.000000
191.361588;2.869471;9.009323;1.199260;-0.192666;2.850000;0.000000
191.561548;2.945430;9.193716;1.160213;-0.198827;2.850000;0.000000
191.761508;3.028636;9.374947;1.120362;-0.204898;2.850000;0.000000
191.961468;3.118635;9.551880;1.081206;-0.191573;2.850000;0.000000
192.161427;3.215425;9.725486;1.044476;-0.177914;2.850000;0.000000
192.361387;3.318493;9.895879;1.010396;-0.164321;2.850000;0.000000
192.561347;3.427320;10.063163;0.978934;-0.150955;2.850000;0.000000
192.761307;3.541387;10.227441;0.950046;-0.137929;2.850000;0.000000
192.961267;3.660177;10.388818;0.923673;-0.125305;2.850000;0.000000
193.161227;3.783171;10.547398;0.899752;-0.113109;2.850000;0.000000
193.361187;3.909849;10.703284;0.878216;-0.101334;2.850000;0.000000
193.561147;4.039695;10.856581;0.859004;-0.089946;2.850000;0.000000
193.761106;4.172189;11.007393;0.841937;-0.078892;2.850000;0.000000
193.961066;4.306913;11.155862;0.826373;-0.075174;2.850000;0.000000
194.161026;4.443667;11.302082;0.811702;-0.071365;2.850000;0.000000
194.360986;4.582351;11.446185;0.797819;-0.067453;2.850000;0.000000
194.560946;4.722866;11.588305;0.784737;-0.063454;2.850000;0.000000
194.760906;4.865113;11.728573;0.772466;-0.059387;2.850000;0.000000
194.960866;5.008992;11.867124;0.761014;-0.055266;2.850000;0.000000
195.160825;5.154405;12.004090;0.750390;-0.051104;2.850000;0.000000
195.360785;5.301251;12.139605;0.740596;-0.046914;2.850000;0.000000
195.560745;5.449432;12.273800;0.731638;-0.042706;2.850000;0.000000
195.760705;5.598848;12.406808;0.723351;-0.038511;2.850000;0.000000
195.960665;5.749296;12.538584;0.714889;-0.044401;2.850000;0.000000
196.160625;5.900981;12.669080;0.705412;-0.050331;2.850000;0.000000
196.360585;6.054004;12.798068;0.694741;-0.056309;2.850000;0.000000
196.560544;6.208467;12.925320;0.682868;-0.062343;2.850000;0.000000
196.760504;6.364472;13.050608;0.669785;-0.068435;2.850000;0.000000
196.960464;6.522122;13.173704;0.655482;-0.074583;2.850000;0.000000
197.160424;6.681517;13.294381;0.639952;-0.080782;2.850000;0.000000
197.360384;6.842760;13.412410;0.623186;-0.087021;2.850000;0.000000
197.560344;7.005953;13.527563;0.605179;-0.093283;2.850000;0.000000
197.760304;7.171198;13.639612;0.586007;-0.099545;2.850000;0.000000
197.960263;7.339006;13.748639;0.566216;-0.099540;2.850000;0.000000
198.160223;7.508915;13.854279;0.546297;-0.099567;2.850000;0.000000
198.360183;7.680858;13.956493;0.526374;-0.099626;2.850000;0.000000
198.560143;7.854770;14.055241;0.506439;-0.099717;2.850000;0.000000
198.760103;8.030587;14.150485;0.486487;-0.099841;2.850000;0.000000
198.960063;8.208242;14.242186;0.466509;-0.099997;2.850000;0.000000
199.160023;8.387671;14.330306;0.446500;-0.100185;2.850000;0.000000
199.359983;8.568809;14.414806;0.426452;-0.100403;2.850000;0.000000
199.559942;8.751590;14.495647;0.406360;-0.100652;2.850000;0.000000
199.759902;8.935944;14.572788;0.386374;-0.100737;2.850000;0.000000
199.959862;9.121579;14.646167;0.367173;-0.092789;2.850000;0.000000
200.159822;9.308587;14.716112;0.349443;-0.084799;2.850000;0.000000
200.359782;9.496832;14.782908;0.333303;-0.076802;2.850000;0.000000
200.559742;9.686177;14.846841;0.318751;-0.068825;2.850000;0.000000
200.759702;9.876488;14.908196;0.305783;-0.060884;2.850000;0.000000
200.959661;10.067630;14.967260;0.294393;-0.052988;2.850000;0.000000
201.159621;10.259465;15.024316;0.284573;-0.045140;2.850000;0.000000
201.359581;10.451860;15.079652;0.276318;-0.037336;2.850000;0.000000
201.559541;10.644678;15.133552;0.269621;-0.029568;2.850000;0.000000
201.759501;10.837787;15.186303;0.264231;-0.022289;2.850000;0.000000
201.959461;11.031166;15.238119;0.259022;-0.027784;2.850000;0.000000
202.159421;11.224752;15.288838;0.252910;-0.033293;2.850000;0.000000
202.359380;11.418595;15.338248;0.245699;-0.038812;2.850000;0.000000
202.559340;11.612744;15.386133;0.237385;-0.044337;2.850000;0.000000
202.759300;11.807247;15.432281;0.227969;-0.049863;2.850000;0.000000
202.959260;12.002154;15.476477;0.217452;-0.055382;2.850000;0.000000
203.159220;12.197512;15.518508;0.205835;-0.060882;2.850000;0.000000
203.359180;12.393372;15.558161;0.193122;-0.066349;2.850000;0.000000
203.559140;12.589782;15.595220;0.179318;-0.071766;2.850000;0.000000
203.759099;12.786797;15.629475;0.164359;-0.077292;2.850000;0.000000
203.959059;12.984552;15.660695;0.147948;-0.086200;2.850000;0.000000
204.159019;13.182858;15.688503;0.129779;-0.095274;2.850000;0.000000
204.358979;13.381620;15.712517;0.109779;-0.104519;2.850000;0.000000
204.558939;13.580749;15.732359;0.087921;-0.113924;2.850000;0.000000
204.758899;13.780152;15.747647;0.064183;-0.123466;2.850000;0.000000
204.958859;13.979738;15.758002;0.038543;-0.133098;2.850000;0.000000
205.158819;14.179414;15.763044;0.010990;-0.142759;2.850000;0.000000
205.358778;14.379090;15.762391;-0.018480;-0.152359;2.850000;0.000000
205.558738;14.578672;15.755665;-0.049850;-0.161789;2.850000;0.000000
205.758698;14.778019;15.742488;-0.082792;-0.170019;2.850000;0.000000
205.958658;14.976423;15.722658;-0.116284;-0.166956;2.850000;0.000000
206.158618;15.174304;15.696198;-0.149343;-0.164191;2.850000;0.000000
206.358578;15.371424;15.663225;-0.181916;-0.161741;2.850000;0.000000
206.558538;15.567546;15.623861;-0.214061;-0.159619;2.850000;0.000000
206.758497;15.762433;15.578223;-0.245834;-0.157836;2.850000;0.000000
206.958457;15.955846;15.526433;-0.277295;-0.156401;2.850000;0.000000
207.158417;16.147548;15.468609;-0.308506;-0.155322;2.850000;0.000000
207.358377;16.337301;15.404870;-0.339528;-0.154607;2.850000;0.000000
207.558337;16.524868;15.335337;-0.370424;-0.154261;2.850000;0.000000
207.758297;16.710033;15.260119;-0.401130;-0.153812;2.850000;0.000000
207.958257;16.892922;15.179236;-0.430991;-0.146103;2.850000;0.000000
208.158216;17.073240;15.093109;-0.459399;-0.138167;2.850000;0.000000
208.358176;17.251069;15.002061;-0.486201;-0.130098;2.850000;0.000000
208.558136;17.426489;14.906411;-0.511386;-0.121973;2.850000;0.000000
208.758096;17.599582;14.806482;-0.534954;-0.113853;2.850000;0.000000
208.958056;17.770430;14.702595;-0.556914;-0.105787;2.850000;0.000000
209.158016;17.939112;14.595070;-0.577278;-0.097808;2.850000;0.000000
209.357976;18.105712;14.484230;-0.596063;-0.089939;2.850000;0.000000
209.557935;18.270309;14.370396;-0.613286;-0.082190;2.850000;0.000000
209.757895;18.432984;14.253889;-0.628994;-0.074652;2.850000;0.000000
209.957855;18.593807;14.135027;-0.643314;-0.068357;2.850000;0.000000
210.157815;18.752949;14.014009;-0.656347;-0.062015;2.850000;0.000000
210.357775;18.910562;13.891040;-0.668108;-0.055645;2.850000;0.000000
210.557735;19.066801;13.766324;-0.678594;-0.049261;2.850000;0.000000
210.757695;19.221817;13.640064;-0.687805;-0.042875;2.850000;0.000000
210.957655;19.375763;13.512464;-0.695739;-0.036492;2.850000;0.000000
211.157614;19.528794;13.383729;-0.702400;-0.030117;2.850000;0.000000
211.357574;19.681060;13.254061;-0.707786;-0.023751;2.850000;0.000000
211.557534;19.832716;13.123666;-0.711901;-0.017393;2.850000;0.000000
211.757494;19.983916;12.992745;-0.714891;-0.011563;2.850000;0.000000
211.957454;20.134804;12.861433;-0.717378;-0.012356;2.850000;0.000000
212.157414;20.285353;12.729760;-0.719929;-0.013149;2.850000;0.000000
212.357374;20.435542;12.597703;-0.722638;-0.013942;2.850000;0.000000
212.557333;20.585350;12.465239;-0.725505;-0.014735;2.850000;0.000000
212.757293;20.734755;12.332344;-0.728531;-0.015528;2.850000;0.000000
212.957253;20.883738;12.198994;-0.731715;-0.016321;2.850000;0.000000
213.157213;21.032277;12.065167;-0.735057;-0.017114;2.850000;0.000000
213.357173;21.180350;11.930838;-0.738558;-0.017906;2.850000;0.000000
213.557133;21.327936;11.795984;-0.742217;-0.018697;2.850000;0.000000
213.757093;21.475019;11.660578;-0.745945;-0.019146;2.850000;0.000000
213.957052;21.621635;11.524592;-0.749373;-0.015689;2.850000;0.000000
214.157012;21.767824;11.388145;-0.752164;-0.012232;2.850000;0.000000
214.356972;21.913680;11.251341;-0.754265;-0.008776;2.850000;0.000000
214.556932;22.059295;11.114281;-0.755674;-0.005319;2.850000;0.000000
214.756892;22.204762;10.977068;-0.756392;-0.001863;2.850000;0.000000
214.956852;22.350175;10.839804;-0.756419;0.001594;2.850000;0.000000
215.156812;22.495626;10.702592;-0.755755;0.005051;2.850000;0.000000
215.356771;22.641208;10.565533;-0.754399;0.008510;2.850000;0.000000
215.556731;22.787016;10.428730;-0.752352;0.011970;2.850000;0.000000
215.756691;22.933140;10.292285;-0.749730;0.014939;2.850000;0.000000
215.956651;23.079642;10.156267;-0.747010;0.012956;2.850000;0.000000
216.156611;23.226492;10.020633;-0.744619;0.010971;2.850000;0.000000
216.356571;23.373641;9.885320;-0.742624;0.008984;2.850000;0.000000
216.556531;23.521038;9.750265;-0.741027;0.006997;2.850000;0.000000
216.756491;23.668635;9.615407;-0.739826;0.005010;2.850000;0.000000
216.956450;23.816382;9.480684;-0.739023;0.003023;2.850000;0.000000
217.156410;23.964230;9.346032;-0.738617;0.001037;2.850000;0.000000
217.356370;24.112128;9.211390;-0.738608;-0.000947;2.850000;0.000000
217.556330;24.260027;9.076696;-0.738996;-0.002930;2.850000;0.000000
217.756290;24.407878;8.941888;-0.739799;-0.004993;2.850000;0.000000
217.956250;24.555614;8.806908;-0.741090;-0.007808;2.850000;0.000000
218.156210;24.703155;8.671683;-0.742934;-0.010625;2.850000;0.000000
218.356169;24.850406;8.536146;-0.745343;-0.013447;2.850000;0.000000
218.556129;24.997274;8.400230;-0.748317;-0.016276;2.850000;0.000000
218.756089;25.143666;8.263867;-0.751857;-0.019116;2.850000;0.000000
218.956049;25.289487;8.126991;-0.755965;-0.021968;2.850000;0.000000
219.156009;25.434644;7.989533;-0.760643;-0.024834;2.850000;0.000000
219.355969;25.579044;7.851426;-0.765893;-0.027716;2.850000;0.000000
219.555929;25.722592;7.712603;-0.771717;-0.030616;2.850000;0.000000
219.755888;25.865198;7.572996;-0.777972;-0.032831;2.850000;0.000000
219.955848;26.006831;7.432555;-0.784091;-0.029283;2.850000;0.000000
220.155808;26.147598;7.291333;-0.789572;-0.025688;2.850000;0.000000
220.355768;26.287647;7.149386;-0.794333;-0.022060;2.850000;0.000000
220.555728;26.427123;7.006769;-0.798369;-0.018409;2.850000;0.000000
220.755688;26.566173;6.863538;-0.801679;-0.014748;2.850000;0.000000
220.955648;26.704944;6.719751;-0.804260;-0.011087;2.850000;0.000000
221.155607;26.843582;6.575462;-0.806113;-0.007437;2.850000;0.000000
221.355567;26.982235;6.430727;-0.807240;-0.003807;2.850000;0.000000
221.555527;27.121048;6.285603;-0.807643;-0.000209;2.850000;0.000000
221.755487;27.260141;6.140173;-0.807862;0.000633;2.850000;0.000000
221.955447;27.399287;5.994574;-0.809927;-0.018529;2.850000;0.000000
222.155407;27.538032;5.848304;-0.815593;-0.037686;2.850000;0.000000
222.355367;27.675631;5.701016;-0.825138;-0.057050;2.850000;0.000000
222.555327;27.811339;5.552364;-0.838605;-0.076811;2.850000;0.000000
222.755286;27.944408;5.402000;-0.856062;-0.097127;2.850000;0.000000
222.955246;28.074094;5.249579;-0.877592;-0.118107;2.850000;0.000000
223.155206;28.199649;5.094754;-0.903292;-0.139799;2.850000;0.000000
223.355166;28.320329;4.937177;-0.933255;-0.162161;2.850000;0.000000
223.555126;28.435386;4.776504;-0.967604;-0.185037;2.850000;0.000000
223.755086;28.544305;4.612025;-1.006490;-0.207071;2.850000;0.000000
223.955046;28.647780;4.440951;-1.048856;-0.221115;2.850000;0.000000
224.155005;28.743310;4.266014;-1.094373;-0.235475;2.850000;0.000000
224.354965;28.830316;4.087249;-1.142637;-0.249844;2.850000;0.000000
224.554925;28.908219;3.904684;-1.193643;-0.263829;2.850000;0.000000
224.754885;28.976441;3.718353;-1.247331;-0.276953;2.850000;0.000000
224.954845;29.034402;3.528287;-1.303572;-0.288668;2.850000;0.000000
225.154805;29.081525;3.334516;-1.362160;-0.298387;2.850000;-0.439842
225.354765;29.117229;3.137073;-1.422808;-0.305531;2.818971;-0.584333
225.554724;29.140937;2.935989;-1.484974;-0.309587;2.777213;-0.616828
225.754684;29.152045;2.732388;-1.547659;-0.307741;2.732440;-0.703603
225.954644;29.150365;2.528560;-1.610345;-0.304318;2.680456;-0.820274
226.154604;29.135878;2.323812;-1.673257;-0.308925;2.618550;-0.893039
226.354564;29.108368;2.120106;-1.738013;-0.321357;2.549443;-0.917628
226.554524;29.067617;1.919404;-1.805896;-0.341784;2.476425;-0.868801
226.754484;29.013409;1.723668;-1.878221;-0.370617;2.405250;-0.776966
226.954443;28.945528;1.534859;-1.956348;-0.408301;2.339766;-0.636811
227.154403;28.863755;1.354938;-2.041655;-0.454964;2.284695;-0.439641
227.354363;28.767875;1.185869;-2.135462;-0.509835;2.245888;-0.173562
227.554323;28.657671;1.029611;-2.239254;-0.570405;2.230381;-0.011088
227.754283;28.531903;0.887074;-2.351184;-0.603602;2.229387;-0.011088
227.954243;28.389112;0.758348;-2.461716;-0.558574;2.228392;0.215192
228.154203;28.232932;0.645368;-2.564185;-0.502267;2.247619;0.451381
228.354163;28.064960;0.547172;-2.656218;-0.442637;2.287424;0.672314
228.554122;27.886795;0.462794;-2.737849;-0.385239;2.345459;0.868458
228.754082;27.700036;0.391272;-2.809669;-0.333144;2.418366;1.038564
228.954042;27.506282;0.331641;-2.872549;-0.287542;2.502765;1.184909
229.154002;27.307130;0.282936;-2.927457;-0.248462;2.595709;1.310906
229.353962;27.104181;0.244196;-2.975334;-0.215322;2.694802;1.420137
229.553922;26.899031;0.214454;-3.016780;-0.187290;2.798196;0.731645
229.753882;26.696207;0.193009;-3.052843;-0.165097;2.850000;0.000000
229.953841;26.495826;0.178576;-3.084136;-0.144206;2.850000;0.000000
230.153801;26.295566;0.169964;-3.110884;-0.122592;2.850000;0.000000
230.353761;26.095439;0.166277;-3.133222;-0.100560;2.850000;0.000000
230.553721;25.895458;0.166615;3.132075;-0.078313;2.850000;0.000000
230.753681;25.695637;0.170082;3.118656;-0.055966;2.850000;0.000000
230.953641;25.495987;0.175779;3.109714;-0.033565;2.850000;0.000000
231.153601;25.296522;0.182809;3.105255;-0.011105;2.850000;0.000000
231.353560;25.097255;0.190274;3.105288;0.011447;2.850000;0.000000
231.553520;24.898199;0.197277;3.109751;0.034138;2.850000;0.000000
231.753480;24.699329;0.202949;3.117248;0.042355;2.850000;0.000000
231.953440;24.500586;0.206958;3.125280;0.038834;2.850000;0.000000
232.153400;24.301870;0.209433;3.132637;0.035199;2.850000;0.000000
232.353360;24.103048;0.210519;3.139266;0.031473;2.850000;0.000000
232.553320;23.903992;0.210359;-3.138031;0.027683;2.850000;0.000000
232.753279;23.704570;0.209100;-3.132893;0.023852;2.850000;0.000000
232.953239;23.504651;0.206885;-3.128509;0.020007;2.850000;0.000000
233.153199;23.304106;0.203860;-3.124881;0.016169;2.850000;0.000000
233.353159;23.102803;0.200169;-3.122010;0.012363;2.850000;0.000000
233.553119;22.900612;0.195957;-3.119791;0.008608;2.850000;0.000000
233.753079;22.697759;0.191337;-3.116346;0.023855;2.850000;0.000000
233.953039;22.494469;0.185701;-3.108380;0.053975;2.850000;0.000000
234.152999;22.291114;0.177826;-3.094286;0.084608;2.850000;0.000000
234.352958;22.088336;0.166474;-3.073883;0.116451;2.850000;0.000000
234.552918;21.886781;0.150407;-3.046955;0.150096;2.850000;0.000000
234.752878;21.687092;0.128387;-3.013218;0.185975;2.850000;0.000000
234.952838;21.489914;0.099177;-2.972348;0.224266;2.850000;0.000000
235.152798;21.295890;0.061539;-2.924031;0.264750;2.850000;0.000000
235.352758;21.105665;0.014235;-2.868016;0.306631;2.850000;0.000000
235.552718;20.919884;-0.043973;-2.804235;0.348350;2.850000;0.000000
235.752677;20.738424;-0.114581;-2.736373;0.350810;2.850000;0.000000
235.952637;20.561539;-0.197688;-2.671292;0.316981;2.850000;0.000000
236.152597;20.389528;-0.291940;-2.612589;0.281229;2.850000;0.000000
236.352557;20.221999;-0.396176;-2.560630;0.245317;2.850000;0.000000
236.552517;20.058561;-0.509235;-2.515350;0.210412;2.850000;0.000000
236.752477;19.898820;-0.629956;-2.476563;0.177146;2.850000;0.000000
236.952437;19.742386;-0.757178;-2.444026;0.145738;2.850000;0.000000
237.152396;19.588867;-0.889740;-2.417485;0.116111;2.850000;0.000000
237.352356;19.437870;-1.026481;-2.396709;0.087986;2.850000;0.000000
237.552316;19.289003;-1.166240;-2.381377;0.060956;2.850000;0.000000
237.752276;19.142352;-1.307477;-2.368759;0.060915;2.850000;0.000000
237.952236;18.998020;-1.450000;-2.354370;0.080327;2.850000;0.000000
238.152196;18.856403;-1.594472;-2.336102;0.100331;2.850000;0.000000
238.352156;18.718231;-1.741266;-2.313795;0.121034;2.850000;0.000000
238.552115;18.584236;-1.890756;-2.287350;0.142479;2.850000;0.000000
238.752075;18.455149;-2.043315;-2.256668;0.164619;2.850000;0.000000
238.952035;18.331701;-2.199319;-2.221662;0.187294;2.850000;0.000000
239.151995;18.214625;-2.359141;-2.182280;0.210195;2.850000;0.000000
239.351955;18.104651;-2.523155;-2.138519;0.232845;2.850000;0.000000
239.551915;18.002510;-2.691735;-2.090568;0.254584;2.850000;0.000000
239.751875;17.908888;-2.865243;-2.040607;0.253562;2.850000;0.000000
239.951835;17.823874;-3.043568;-1.992227;0.236502;2.850000;0.000000
240.151794;17.747064;-3.226223;-1.947044;0.219427;2.850000;0.000000
240.351754;17.678033;-3.412721;-1.905065;0.202705;2.850000;0.000000
240.551714;17.616357;-3.602574;-1.866206;0.186595;2.850000;0.000000
240.751674;17.561610;-3.795296;-1.830360;0.171257;2.850000;0.000000
240.951634;17.513368;-3.990399;-1.797399;0.156773;2.850000;0.000000
241.151594;17.471206;-4.187397;-1.767190;0.143164;2.850000;0.000000
241.351554;17.434700;-4.385803;-1.739599;0.130408;2.850000;0.000000
241.551513;17.403423;-4.585129;-1.714422;0.118444;2.850000;0.000000
241.751473;17.376935;-4.785219;-1.690583;0.117079;2.850000;0.000000
241.951433;17.355210;-4.985698;-1.666347;0.123210;2.850000;0.000000
242.151393;17.338505;-5.186197;-1.640919;0.129559;2.850000;0.000000
242.351353;17.327052;-5.386584;-1.614257;0.136104;2.850000;0.000000
242.551313;17.321086;-5.586725;-1.586331;0.142809;2.850000;0.000000
242.751273;17.320839;-5.786488;-1.557119;0.149630;2.850000;0.000000
242.951232;17.326544;-5.985739;-1.526603;0.156511;2.850000;0.000000
243.151192;17.338434;-6.184347;-1.494774;0.163383;2.850000;0.000000
243.351152;17.356741;-6.382178;-1.461633;0.170162;2.850000;0.000000
243.551112;17.381698;-6.579100;-1.427237;0.176754;2.850000;0.000000
243.751072;17.413496;-6.774802;-1.392031;0.178584;2.850000;0.000000
243.951032;17.452191;-6.969221;-1.356744;0.177311;2.850000;0.000000
244.150992;17.497741;-7.162346;-1.321696;0.175875;2.850000;0.000000
244.350951;17.550085;-7.354051;-1.286895;0.174292;2.850000;0.000000
244.550911;17.609162;-7.544208;-1.252352;0.172580;2.850000;0.000000
244.750871;17.674910;-7.732693;-1.218076;0.170756;2.850000;0.000000
244.950831;17.747268;-7.919378;-1.184072;0.168836;2.850000;0.000000
245.150791;17.826174;-8.104138;-1.150347;0.166834;2.850000;0.000000
245.350751;17.911567;-8.286846;-1.116903;0.164764;2.850000;0.000000
245.550711;18.003385;-8.467376;-1.083731;0.162640;2.850000;0.000000
245.750671;18.101302;-8.645092;-1.049979;0.169284;2.850000;0.000000
245.950630;18.205406;-8.819545;-1.014168;0.182956;2.850000;0.000000
246.150590;18.315944;-8.990029;-0.975397;0.198778;2.850000;0.000000
246.350550;18.433006;-9.155533;-0.933274;0.216897;2.850000;0.000000
246.550510;18.556683;-9.315044;-0.887432;0.237416;2.850000;0.000000
246.750470;18.687066;-9.467553;-0.837498;0.260349;2.850000;0.000000
246.950430;18.824246;-9.612048;-0.783111;0.285555;2.850000;0.000000
247.150390;18.968314;-9.747518;-0.723947;0.312653;2.850000;0.000000
247.350349;19.119361;-9.872952;-0.659752;0.340937;2.850000;0.000000
247.550309;19.277478;-9.987339;-0.590450;0.369280;2.850000;0.000000
247.750269;19.443437;-10.090150;-0.519647;0.358408;2.850000;0.000000
247.950229;19.616689;-10.181399;-0.453598;0.317284;2.850000;0.000000
248.150189;19.795966;-10.262008;-0.395422;0.274313;2.850000;0.000000
248.350149;19.980464;-10.333242;-0.345391;0.231588;2.850000;0.000000
248.550109;20.169380;-10.396367;-0.303381;0.190346;2.850000;0.000000
248.750068;20.361911;-10.452652;-0.269153;0.151116;2.850000;0.000000
248.950028;20.557252;-10.503360;-0.242427;0.113914;2.850000;0.000000
249.149988;20.754601;-10.549760;-0.222947;0.078405;2.850000;0.000000
249.349948;20.953154;-10.593118;-0.210513;0.044037;2.850000;0.000000
249.549908;21.152107;-10.634699;-0.204838;0.010124;2.850000;0.000000
249.749868;21.350335;-10.675633;-0.203426;0.001736;2.850000;0.000000
249.949828;21.547735;-10.716309;-0.202357;0.008532;2.850000;0.000000
250.149787;21.744628;-10.756528;-0.199952;0.015417;2.850000;0.000000
250.349747;21.941133;-10.796035;-0.196166;0.022371;2.850000;0.000000
250.549707;22.137366;-10.834574;-0.190993;0.029374;2.850000;0.000000
250.749667;22.333444;-10.871888;-0.184429;0.036401;2.850000;0.000000
250.949627;22.529484;-10.907723;-0.176474;0.043427;2.850000;0.000000
251.149587;22.725605;-10.941822;-0.167133;0.050422;2.850000;0.000000
251.349547;22.921922;-10.973930;-0.156413;0.057350;2.850000;0.000000
251.549507;23.118552;-11.003790;-0.144384;0.064176;2.850000;0.000000
251.749466;23.315843;-11.031204;-0.131956;0.061402;2.850000;0.000000
251.949426;23.513708;-11.056238;-0.120533;0.053304;2.850000;0.000000
252.149386;23.711970;-11.079183;-0.110701;0.045226;2.850000;0.000000
252.349346;23.910580;-11.100353;-0.102471;0.037180;2.850000;0.000000
252.549306;24.109490;-11.120061;-0.095841;0.029168;2.850000;0.000000
252.749266;24.308652;-11.138622;-0.090805;0.021192;2.850000;0.000000
252.949226;24.508020;-11.156349;-0.087358;0.013249;2.850000;0.000000
253.149185;24.707543;-11.173557;-0.085498;0.005332;2.850000;0.000000
253.349145;24.907176;-11.190559;-0.085221;-0.002565;2.850000;0.000000
253.549105;25.106869;-11.207671;-0.086492;-0.010449;2.850000;0.000000
253.749065;25.306186;-11.225157;-0.088920;-0.014165;2.850000;0.000000
253.949025;25.505298;-11.243192;-0.091917;-0.015841;2.850000;0.000000
254.148985;25.704378;-11.261861;-0.095252;-0.017519;2.850000;0.000000
254.348945;25.903410;-11.281228;-0.098923;-0.019199;2.850000;0.000000
254.548904;26.102376;-11.301361;-0.102931;-0.020882;2.850000;0.000000
254.748864;26.301260;-11.322325;-0.107276;-0.022568;2.850000;0.000000
254.948824;26.500045;-11.344186;-0.111958;-0.024257;2.850000;0.000000
255.148784;26.698713;-11.367010;-0.116978;-0.025949;2.850000;0.000000
255.348744;26.897248;-11.390863;-0.122336;-0.027644;2.850000;0.000000
255.548704;27.095632;-11.415811;-0.128030;-0.029343;2.850000;0.000000
255.748664;27.293941;-11.441930;-0.133998;-0.030398;2.850000;0.000000
255.948623;27.492114;-11.469259;-0.140152;-0.031140;2.850000;0.000000
256.148583;27.690090;-11.497818;-0.146456;-0.031885;2.850000;0.000000
256.348543;27.887858;-11.527636;-0.152907;-0.032633;2.850000;0.000000
256.548503;28.085403;-11.558740;-0.159508;-0.033383;2.850000;0.000000
256.748463;28.282712;-11.591158;-0.166259;-0.034134;2.850000;0.000000
256.948423;28.479771;-11.624918;-0.173158;-0.034888;2.850000;0.000000
257.148383;28.676568;-11.660047;-0.180208;-0.035642;2.850000;0.000000
257.348343;28.873088;-11.696574;-0.187408;-0.036398;2.850000;0.000000
257.548302;29.069318;-11.734526;-0.194767;-0.037154;2.850000;0.000000
257.748262;29.265361;-11.773957;-0.202357;-0.038706;2.850000;0.000000
257.948222;29.461130;-11.814912;-0.210292;-0.040638;2.850000;0.000000
258.148182;29.656541;-11.857453;-0.218612;-0.042574;2.850000;0.000000
258.348142;29.851562;-11.901652;-0.227320;-0.044514;2.850000;0.000000
258.548102;30.046165;-11.947580;-0.236414;-0.046456;2.850000;0.000000
258.748062;30.240318;-11.995310;-0.245897;-0.048398;2.850000;0.000000
258.948021;30.433991;-12.044915;-0.255767;-0.050338;2.850000;0.000000
259.147981;30.627155;-12.096466;-0.266025;-0.052274;2.850000;0.000000
259.347941;30.819780;-12.150036;-0.276669;-0.054203;2.850000;0.000000
259.547901;31.011834;-12.205696;-0.287688;-0.056122;2.850000;0.000000
259.747861;31.203124;-12.263466;-0.299001;-0.057163;2.850000;0.000000
259.947821;31.393711;-12.323407;-0.310490;-0.057832;2.850000;0.000000
260.147781;31.583631;-12.385559;-0.322115;-0.058509;2.850000;0.000000
260.347740;31.772850;-12.449940;-0.333878;-0.059194;2.850000;0.000000
260.547700;31.961333;-12.516570;-0.345781;-0.059884;2.850000;0.000000
260.747660;32.149046;-12.585466;-0.357825;-0.060579;2.850000;0.000000
260.947620;32.335953;-12.656648;-0.370011;-0.061278;2.850000;0.000000
261.147580;32.522021;-12.730134;-0.382340;-0.061979;2.850000;0.000000
261.347540;32.707214;-12.805943;-0.394813;-0.062683;2.850000;0.000000
261.547500;32.891499;-12.884093;-0.407435;-0.063387;2.850000;0.000000
261.747459;33.074714;-12.964551;-0.420303;-0.065114;2.850000;0.000000
261.947419;33.256856;-13.047385;-0.433555;-0.067320;2.850000;0.000000
262.147379;33.437881;-13.132672;-0.447253;-0.069577;2.850000;0.000000
262.347339;33.617691;-13.220467;-0.461406;-0.071883;2.850000;0.000000
262.547299;33.796190;-13.310824;-0.476023;-0.074237;2.850000;0.000000
262.747259;33.973281;-13.403797;-0.491111;-0.076636;2.850000;0.000000
262.947219;34.148865;-13.499440;-0.506678;-0.079077;2.850000;0.000000
263.147179;34.322847;-13.597808;-0.522731;-0.081555;2.850000;0.000000
263.347138;34.495129;-13.698955;-0.539276;-0.084068;2.850000;0.000000
263.547098;34.665614;-13.802935;-0.556271;-0.086608;2.850000;0.000000
263.747058;34.834363;-13.909879;-0.573093;-0.082414;2.850000;0.000000
263.947018;35.001355;-14.019603;-0.588834;-0.075215;2.850000;0.000000
264.146978;35.166681;-14.131824;-0.603141;-0.067977;2.850000;0.000000
264.346938;35.330493;-14.246299;-0.616001;-0.060722;2.850000;0.000000
264.546898;35.492945;-14.362783;-0.627415;-0.053468;2.850000;0.000000
264.746857;35.654192;-14.481034;-0.637382;-0.046226;2.850000;0.000000
264.946817;35.814388;-14.600806;-0.645906;-0.039003;2.850000;0.000000
265.146777;35.973685;-14.721856;-0.652988;-0.031801;2.850000;0.000000
265.346737;36.132239;-14.843940;-0.658633;-0.024618;2.850000;0.000000
265.546697;36.290203;-14.966815;-0.662874;-0.017450;2.850000;0.000000
265.746657;36.447724;-15.090245;-0.666066;-0.014112;2.850000;0.000000
265.946617;36.604879;-15.214109;-0.668720;-0.012388;2.850000;0.000000
266.146576;36.761710;-15.338348;-0.671026;-0.010664;2.850000;0.000000
266.346536;36.918252;-15.462904;-0.672986;-0.008940;2.850000;0.000000
266.546496;37.074546;-15.587718;-0.674602;-0.007216;2.850000;0.000000
266.746456;37.230629;-15.712734;-0.675873;-0.005491;2.850000;0.000000
266.946416;37.386538;-15.837892;-0.676798;-0.003765;2.850000;0.000000
267.146376;37.542312;-15.963134;-0.677378;-0.002037;2.850000;0.000000
267.346336;37.697990;-16.088403;-0.677612;-0.000307;2.850000;0.000000
267.546295;37.853608;-16.213640;-0.677512;0.001426;2.850000;0.000000
267.746255;38.009211;-16.338797;-0.677203;0.001796;2.850000;0.000000
267.946215;38.164823;-16.463871;-0.676864;0.001607;2.850000;0.000000
268.146175;38.320468;-16.588888;-0.676562;0.001417;2.850000;0.000000
268.346135;38.476169;-16.713879;-0.676298;0.001226;2.850000;0.000000
268.546095;38.631952;-16.838872;-0.676072;0.001035;2.850000;0.000000
268.746055;38.787840;-16.963896;-0.675884;0.000843;2.850000;0.000000
268.946015;38.943858;-17.088982;-0.675735;0.000652;2.850000;0.000000
269.145974;39.100031;-17.214158;-0.675624;0.000460;2.850000;0.000000
269.345934;39.256382;-17.339454;-0.675551;0.000270;2.850000;0.000000
269.545894;39.412938;-17.464900;-0.675623;0.000080;2.850000;0.000000
269.745854;39.569545;-17.590438;-0.676994;-0.012590;2.850000;0.000000
269.945814;39.725919;-17.716443;-0.681291;-0.030140;2.850000;0.000000
270.145774;39.881545;-17.843407;-0.689114;-0.047772;2.850000;0.000000
270.345734;40.035850;-17.971779;-0.700489;-0.065593;2.850000;0.000000
270.545693;40.188263;-18.102009;-0.715450;-0.083682;2.850000;0.000000
270.745653;40.338211;-18.234546;-0.734036;-0.102085;2.850000;0.000000
270.945613;40.485123;-18.369839;-0.756291;-0.120797;2.850000;0.000000
271.145573;40.628426;-18.508339;-0.782254;-0.139755;2.850000;0.000000
271.345533;40.767548;-18.650494;-0.811951;-0.158817;2.850000;0.000000
271.545493;40.901918;-18.796755;-0.845442;-0.177753;2.850000;0.000000
271.745453;41.031487;-18.948196;-0.882498;-0.194639;2.850000;0.000000
271.945412;41.155182;-19.104682;-0.922976;-0.211511;2.850000;0.000000
272.145372;41.272018;-19.266036;-0.966868;-0.229054;2.850000;0.000000
272.345332;41.381234;-19.432333;-1.014238;-0.246980;2.850000;0.000000
272.545292;41.482069;-19.603648;-1.065137;-0.264868;2.850000;0.000000
272.745252;41.573760;-19.780057;-1.119549;-0.282150;2.850000;-0.296247
272.945212;41.655546;-19.961633;-1.177376;-0.298119;2.829139;-0.594561
273.145172;41.726666;-20.148454;-1.238414;-0.311961;2.786799;-0.585336
273.345131;41.786359;-20.340593;-1.302344;-0.322811;2.744478;-0.581923
273.545091;41.833862;-20.538125;-1.368260;-0.329853;2.701747;-0.590418
273.745051;41.868167;-20.738974;-1.434918;-0.323789;2.657690;-0.713943
273.945011;41.889220;-20.943021;-1.501277;-0.322552;2.603421;-0.820460
274.144971;41.896706;-21.148826;-1.568439;-0.329910;2.539622;-0.883747
274.344931;41.890190;-21.354359;-1.637896;-0.345829;2.469059;-0.884488
274.544891;41.869237;-21.557588;-1.711064;-0.370625;2.396357;-0.820383
274.744851;41.833412;-21.756482;-1.789401;-0.404787;2.326895;-0.709408
274.944810;41.782280;-21.949010;-1.874402;-0.448676;2.265113;-0.544681
275.144770;41.715407;-22.133142;-1.967549;-0.502000;2.216508;-0.315891
275.344730;41.632358;-22.306846;-2.070169;-0.562989;2.187824;-0.010668
275.544690;41.532697;-22.468091;-2.184132;-0.627312;2.186849;-0.010668
275.744650;41.413128;-22.618298;-2.303221;-0.622646;2.185873;0.014312
275.944610;41.275404;-22.754197;-2.418964;-0.577132;2.187182;0.228463
276.144570;41.122578;-22.874484;-2.526425;-0.525769;2.207970;0.425933
276.344529;40.956586;-22.979486;-2.624820;-0.474977;2.246213;0.592260
276.544489;40.779360;-23.069530;-2.714707;-0.428845;2.298332;0.722916
276.744449;40.592834;-23.144942;-2.797044;-0.389488;2.360389;0.817561
276.944409;40.398943;-23.206047;-2.872992;-0.357719;2.428661;0.876871
277.144369;40.199621;-23.253174;-2.943785;-0.333655;2.499815;0.901023
277.344329;39.996801;-23.286648;-3.010662;-0.317162;2.570877;0.889001
277.544289;39.792417;-23.306797;-3.073754;-0.308149;2.639117;0.838224
277.744248;39.593212;-23.314070;-3.132870;-0.279872;2.701881;0.940605
277.944208;39.394649;-23.310266;3.097876;-0.247438;2.770619;1.083459
278.144168;39.196475;-23.296715;3.052084;-0.213402;2.847740;0.032195
278.344128;38.998667;-23.274727;3.013033;-0.178935;2.850000;0.000000
278.544088;38.801205;-23.245617;2.980729;-0.144782;2.850000;0.000000
278.744048;38.604065;-23.210697;2.955099;-0.111309;2.850000;0.000000
278.944008;38.407227;-23.171279;2.936045;-0.078595;2.850000;0.000000
279.143967;38.210668;-23.128677;2.923470;-0.046503;2.850000;0.000000
279.343927;38.014367;-23.084202;2.917306;-0.014759;2.850000;0.000000
279.543887;37.818302;-23.039168;2.917027;0.016990;2.850000;0.000000
279.743847;37.622396;-22.994669;2.919861;0.016214;2.850000;0.000000
279.943807;37.426675;-22.950881;2.922885;0.013939;2.850000;0.000000
280.143767;37.231115;-22.907702;2.925446;0.011634;2.850000;0.000000
280.343727;37.035688;-22.865029;2.927541;0.009304;2.850000;0.000000
280.543687;36.840367;-22.822760;2.929165;0.006953;2.850000;0.000000
280.743646;36.645126;-22.780792;2.930318;0.004587;2.850000;0.000000
280.943606;36.449937;-22.739022;2.930996;0.002212;2.850000;0.000000
281.143566;36.254774;-22.697348;2.931200;-0.000169;2.850000;0.000000
281.343526;36.059609;-22.655667;2.930929;-0.002549;2.850000;0.000000
281.543486;35.864415;-22.613875;2.930226;-0.004924;2.850000;0.000000
281.743446;35.669175;-22.571891;2.929324;-0.004527;2.850000;0.000000
281.943406;35.473885;-22.529710;2.928471;-0.004020;2.850000;0.000000
282.143365;35.278555;-22.487357;2.927718;-0.003514;2.850000;0.000000
282.343325;35.083190;-22.444853;2.927065;-0.003011;2.850000;0.000000
282.543285;34.887800;-22.402219;2.926514;-0.002508;2.850000;0.000000
282.743245;34.692392;-22.359480;2.926062;-0.002007;2.850000;0.000000
282.943205;34.496974;-22.316655;2.925711;-0.001507;2.850000;0.000000
283.143165;34.301553;-22.273769;2.925459;-0.001007;2.850000;0.000000
283.343125;34.106137;-22.230842;2.925308;-0.000507;2.850000;0.000000
283.543084;33.910735;-22.187898;2.925260;-0.000008;2.850000;0.000000
283.743044;33.715351;-22.144959;2.925339;0.000758;2.850000;0.000000
283.943004;33.519982;-22.102054;2.925569;0.001533;2.850000;0.000000
284.142964;33.324619;-22.059213;2.925953;0.002309;2.850000;0.000000
284.342924;33.129256;-22.016467;2.926492;0.003086;2.850000;0.000000
284.542884;32.933885;-21.973845;2.927187;0.003862;2.850000;0.000000
284.742844;32.738499;-21.931379;2.928037;0.004639;2.850000;0.000000
284.942803;32.543091;-21.889097;2.929042;0.005416;2.850000;0.000000
285.142763;32.347652;-21.847030;2.930203;0.006194;2.850000;0.000000
285.342723;32.152177;-21.805208;2.931519;0.006971;2.850000;0.000000
285.542683;31.956657;-21.763662;2.932949;0.007749;2.850000;0.000000
285.742643;31.761036;-21.722394;2.934274;0.005914;2.850000;0.000000
285.942603;31.565372;-21.681358;2.935264;0.003990;2.850000;0.000000
286.142563;31.369677;-21.640480;2.935870;0.002066;2.850000;0.000000
286.342523;31.173961;-21.599681;2.936090;0.000141;2.850000;0.000000
286.542482;30.978236;-21.558886;2.935926;-0.001783;2.850000;0.000000
286.742442;30.782512;-21.518018;2.935377;-0.003706;2.850000;0.000000
286.942402;30.586799;-21.477001;2.934444;-0.005628;2.850000;0.000000
287.142362;30.391109;-21.435759;2.933126;-0.007548;2.850000;0.000000
287.342322;30.195452;-21.394216;2.931425;-0.009466;2.850000;0.000000
287.542282;29.999839;-21.352295;2.929517;-0.011381;2.850000;0.000000
287.742242;29.804278;-21.309991;2.928350;-0.002064;2.850000;0.000000
287.942201;29.608718;-21.267603;2.928899;0.007553;2.850000;0.000000
288.142161;29.413100;-21.225512;2.931373;0.017176;2.850000;0.000000
288.342121;29.217367;-21.184100;2.935773;0.026813;2.850000;0.000000
288.542081;29.021463;-21.143747;2.942101;0.036471;2.850000;0.000000
288.742041;28.825330;-21.104837;2.950362;0.046153;2.850000;0.000000
288.942001;28.628912;-21.067751;2.960557;0.055854;2.850000;0.000000
289.141961;28.432152;-21.032870;2.972688;0.065562;2.850000;0.000000
289.341920;28.234992;-21.000576;2.986756;0.075257;2.850000;0.000000
289.541880;28.037376;-20.971251;3.002561;0.084905;2.850000;0.000000
289.741840;27.839334;-20.945210;3.019091;0.082494;2.850000;0.000000
289.941800;27.640837;-20.922430;3.035309;0.079839;2.850000;0.000000
290.141760;27.441942;-20.902814;3.051003;0.077204;2.850000;0.000000
290.341720;27.242707;-20.886264;3.066177;0.074594;2.850000;0.000000
290.541680;27.043191;-20.872684;3.080836;0.072013;2.850000;0.000000
290.741639;26.843452;-20.861977;3.094986;0.069467;2.850000;0.000000
290.941599;26.643549;-20.854045;3.108632;0.066957;2.850000;0.000000
291.141559;26.443541;-20.848791;3.121782;0.064486;2.850000;0.000000
291.341519;26.243486;-20.846118;3.134441;0.062056;2.850000;0.000000
291.541479;26.043442;-20.845929;-3.136449;0.059667;2.850000;0.000000
291.741439;25.843166;-20.848177;-3.123938;0.064244;2.850000;0.000000
291.941399;25.643008;-20.853000;-3.110600;0.068995;2.850000;0.000000
292.141359;25.443027;-20.860583;-3.096313;0.073784;2.850000;0.000000
292.341318;25.243277;-20.871112;-3.081072;0.078602;2.850000;0.000000
292.541278;25.043812;-20.884773;-3.064873;0.083440;2.850000;0.000000
292.741238;24.844685;-20.901752;-3.047713;0.088283;2.850000;0.000000
292.941198;24.645950;-20.922234;-3.029591;0.093115;2.850000;0.000000
293.141158;24.447660;-20.946406;-3.010510;0.097914;2.850000;0.000000
293.341118;24.249869;-20.974453;-2.990474;0.102655;2.850000;0.000000
293.541078;24.052631;-21.006561;-2.969601;0.107311;2.850000;0.000000
293.741037;23.856204;-21.042836;-2.948382;0.106023;2.850000;0.000000
293.940997;23.660480;-21.083286;-2.927312;0.104817;2.850000;0.000000
294.140957;23.465557;-21.127849;-2.906464;0.103705;2.850000;0.000000
294.340917;23.271534;-21.176462;-2.885821;0.102690;2.850000;0.000000
294.540877;23.078508;-21.229062;-2.865368;0.101774;2.850000;0.000000
294.740837;22.886579;-21.285586;-2.845086;0.100958;2.850000;0.000000
294.940797;22.695843;-21.345971;-2.824959;0.100245;2.850000;0.000000
295.140756;22.506400;-21.410154;-2.804968;0.099637;2.850000;0.000000
295.340716;22.318348;-21.478073;-2.785096;0.099136;2.850000;0.000000
295.540676;22.131786;-21.549664;-2.765426;0.098708;2.850000;0.000000
295.740636;21.946850;-21.624805;-2.746428;0.092520;2.850000;0.000000
295.940596;21.763391;-21.703323;-2.728593;0.086205;2.850000;0.000000
296.140556;21.581301;-21.784989;-2.712027;0.079803;2.850000;0.000000
296.340516;21.400471;-21.869575;-2.696740;0.073346;2.850000;0.000000
296.540476;21.220793;-21.956852;-2.682736;0.066862;2.850000;0.000000
296.740435;21.042159;-22.046590;-2.670018;0.060372;2.850000;0.000000
296.940395;20.864462;-22.138562;-2.658586;0.053895;2.850000;0.000000
297.140355;20.687593;-22.232539;-2.648439;0.047441;2.850000;0.000000
297.340315;20.511443;-22.328291;-2.639571;0.041019;2.850000;0.000000
297.540275;20.335906;-22.425590;-2.631637;0.034817;2.850000;0.000000
297.740235;20.160984;-22.524303;-2.622953;0.048425;2.850000;0.000000
297.940195;19.986991;-22.624736;-2.611846;0.062163;2.850000;0.000000
298.140154;19.814344;-22.727287;-2.597965;0.076103;2.850000;0.000000
298.340114;19.643463;-22.832354;-2.581278;0.090294;2.850000;0.000000
298.540074;19.474768;-22.940333;-2.561745;0.104762;2.850000;0.000000
298.740034;19.308678;-23.051622;-2.539328;0.119502;2.850000;0.000000
298.939994;19.145611;-23.166618;-2.513990;0.134467;2.850000;0.000000
299.139954;18.985988;-23.285717;-2.485703;0.149568;2.850000;0.000000
299.339914;18.830228;-23.409317;-2.454457;0.164657;2.850000;0.000000
299.539873;18.678748;-23.537818;-2.420735;0.179214;2.850000;0.000000
299.739833;18.531713;-23.671589;-2.386969;0.165166;2.850000;0.000000
299.939793;18.389050;-23.810212;-2.355533;0.150843;2.850000;0.000000
300.139753;18.250431;-23.953244;-2.326918;0.136451;2.850000;0.000000
300.339713;18.115526;-24.100240;-2.301120;0.122139;2.850000;0.000000
300.539673;17.984007;-24.250757;-2.278119;0.108007;2.850000;0.000000
300.739633;17.855545;-24.404352;-2.257885;0.094111;2.850000;0.000000
300.939592;17.729811;-24.560580;-2.240382;0.080470;2.850000;0.000000
301.139552;17.606477;-24.718999;-2.225572;0.067072;2.850000;0.000000
301.339512;17.485213;-24.879164;-2.213424;0.053881;2.850000;0.000000
301.539472;17.365690;-25.040633;-2.203536;0.041300;2.850000;0.000000
301.739432;17.247684;-25.203074;-2.194110;0.049327;2.850000;0.000000
301.939392;17.131393;-25.366533;-2.183403;0.057425;2.850000;0.000000
302.139352;17.017106;-25.531155;-2.171077;0.065594;2.850000;0.000000
302.339312;16.905113;-25.697086;-2.157122;0.073830;2.850000;0.000000
302.539271;16.795703;-25.864470;-2.141529;0.082119;2.850000;0.000000
302.739231;16.689165;-26.033453;-2.124293;0.090440;2.850000;0.000000
302.939191;16.585787;-26.204181;-2.105411;0.098759;2.850000;0.000000
303.139151;16.485859;-26.376798;-2.084886;0.107034;2.850000;0.000000
303.339111;16.389670;-26.551450;-2.062727;0.115210;2.850000;0.000000
303.539071;16.297512;-26.728276;-2.039220;0.122750;2.850000;0.000000
303.739031;16.209674;-26.907184;-2.015557;0.116661;2.850000;0.000000
303.938990;16.125954;-27.088230;-1.992891;0.110593;2.850000;0.000000
304.138950;16.046179;-27.271244;-1.971411;0.104578;2.850000;0.000000
304.338910;15.970174;-27.456054;-1.951106;0.098642;2.850000;0.000000
304.538870;15.897766;-27.642488;-1.931962;0.092802;2.850000;0.000000
304.738830;15.828780;-27.830376;-1.913961;0.087071;2.850000;0.000000
304.938790;15.763043;-28.019545;-1.897086;0.081455;2.850000;0.000000
305.138750;15.700381;-28.209824;-1.881319;0.075957;2.850000;0.000000
305.338709;15.640619;-28.401043;-1.866641;0.070573;2.850000;0.000000
305.538669;15.583581;-28.593040;-1.852892;0.065544;2.850000;0.000000
305.738629;15.529054;-28.785984;-1.839461;0.067472;2.850000;0.000000
305.938589;15.477176;-28.979514;-1.825746;0.069421;2.850000;0.000000
306.138549;15.428029;-29.173613;-1.811649;0.071387;2.850000;0.000000
306.338509;15.381691;-29.368265;-1.797167;0.073367;2.850000;0.000000
306.538469;15.338242;-29.563452;-1.782297;0.075355;2.850000;0.000000
306.738428;15.297762;-29.759157;-1.767038;0.077349;2.850000;0.000000
306.938388;15.260330;-29.955364;-1.751388;0.079342;2.850000;0.000000
307.138348;15.226026;-30.152055;-1.735347;0.081329;2.850000;0.000000
307.338308;15.194930;-30.349213;-1.718916;0.083304;2.850000;0.000000
307.538268;15.167121;-30.546832;-1.702192;0.084976;2.850000;0.000000
307.738228;15.142612;-30.745090;-1.685649;0.081490;2.850000;0.000000
307.938188;15.121333;-30.943736;-1.669718;0.077988;2.850000;0.000000
308.138148;15.103149;-31.142726;-1.654485;0.074480;2.850000;0.000000
308.338107;15.087924;-31.342016;-1.639948;0.070976;2.850000;0.000000
308.538067;15.075525;-31.541562;-1.626106;0.067484;2.850000;0.000000
308.738027;15.065816;-31.741319;-1.612957;0.064010;2.850000;0.000000
308.937987;15.058664;-31.941243;-1.600497;0.060559;2.850000;0.000000
309.137947;15.053933;-32.141290;-1.588722;0.057134;2.850000;0.000000
309.337907;15.051490;-32.341415;-1.577627;0.053738;2.850000;0.000000
309.537867;15.051199;-32.541551;-1.567260;0.050200;2.850000;0.000000
309.737826;15.052904;-32.741415;-1.557792;0.044743;2.850000;0.000000
309.937786;15.056397;-32.941271;-1.549394;0.039282;2.850000;0.000000
310.137746;15.061460;-33.141119;-1.542087;0.033821;2.850000;0.000000
310.337706;15.067875;-33.340956;-1.535870;0.028364;2.850000;0.000000
310.537666;15.075425;-33.540782;-1.530743;0.022914;2.850000;0.000000
310.737626;15.083891;-33.740595;-1.526705;0.017470;2.850000;0.000000
310.937586;15.093056;-33.940394;-1.523755;0.012031;2.850000;0.000000
311.137545;15.102702;-34.140178;-1.521892;0.006596;2.850000;0.000000
311.337505;15.112611;-34.339946;-1.521116;0.001161;2.850000;0.000000
311.537465;15.122566;-34.539699;-1.521330;-0.003849;2.850000;0.000000
311.737425;15.132390;-34.739468;-1.522146;-0.004851;2.850000;0.000000
311.937385;15.142019;-34.939224;-1.523216;-0.005852;2.850000;0.000000
312.137345;15.151413;-35.138972;-1.524486;-0.006854;2.850000;0.000000
312.337305;15.160533;-35.338719;-1.525957;-0.007856;2.850000;0.000000
312.537264;15.169338;-35.538470;-1.527628;-0.008857;2.850000;0.000000
312.737224;15.177790;-35.738230;-1.529499;-0.009857;2.850000;0.000000
312.937184;15.185848;-35.938004;-1.531569;-0.010857;2.850000;0.000000
313.137144;15.193472;-36.137799;-1.533840;-0.011856;2.850000;0.000000
313.337104;15.200623;-36.337619;-1.536310;-0.012853;2.850000;0.000000
313.537064;15.207260;-36.537469;-1.538848;-0.013205;2.850000;0.000000
313.737024;15.213397;-36.737329;-1.540948;-0.008465;2.850000;0.000000
313.936984;15.219196;-36.937213;-1.542167;-0.003727;2.850000;0.000000
314.136943;15.224846;-37.137110;-1.542439;0.001009;2.850000;0.000000
314.336903;15.230536;-37.337009;-1.541763;0.005744;2.850000;0.000000
314.536863;15.236456;-37.536899;-1.540141;0.010481;2.850000;0.000000
314.736823;15.242795;-37.736769;-1.537571;0.015219;2.850000;0.000000
314.936783;15.249741;-37.936608;-1.534054;0.019960;2.850000;0.000000
315.136743;15.257485;-38.136405;-1.529589;0.024703;2.850000;0.000000
315.336703;15.266215;-38.336149;-1.524176;0.029447;2.850000;0.000000
315.536662;15.276119;-38.535823;-1.517979;0.033316;2.850000;0.000000
315.736622;15.287321;-38.735381;-1.511608;0.031192;2.850000;0.000000
315.936582;15.299766;-38.934872;-1.505586;0.029064;2.850000;0.000000
316.136542;15.313371;-39.134300;-1.499989;0.026934;2.850000;0.000000
316.336502;15.328052;-39.333673;-1.494817;0.024803;2.850000;0.000000
316.536462;15.343722;-39.532995;-1.490071;0.022672;2.850000;0.000000
316.736422;15.360299;-39.732272;-1.485751;0.020542;2.850000;0.000000
316.936381;15.377696;-39.931510;-1.481855;0.018412;2.850000;0.000000
317.136341;15.395830;-40.130713;-1.478385;0.016285;2.850000;0.000000
317.336301;15.414616;-40.329888;-1.475340;0.014159;2.850000;0.000000
317.536261;15.433966;-40.529012;-1.472667;0.012340;2.850000;0.000000
317.736221;15.453803;-40.727945;-1.470171;0.012390;2.850000;0.000000
317.936181;15.474135;-40.926852;-1.467688;0.012442;2.850000;0.000000
318.136141;15.494963;-41.125726;-1.465195;0.012495;2.850000;0.000000
318.336100;15.516290;-41.324560;-1.462691;0.012549;2.850000;0.000000
318.536060;15.538117;-41.523347;-1.460176;0.012606;2.850000;0.000000
318.736020;15.560444;-41.722079;-1.457649;0.012663;2.850000;0.000000
318.935980;15.583275;-41.920751;-1.455111;0.012722;2.850000;0.000000
319.135940;15.606609;-42.119354;-1.452561;0.012783;2.850000;0.000000
319.335900;15.630450;-42.317882;-1.449999;0.012845;2.850000;0.000000
319.535860;15.654799;-42.516341;-1.447504;0.012446;2.850000;0.000000
319.735820;15.679635;-42.714793;-1.445368;0.009259;2.850000;0.000000
319.935779;15.704836;-42.913179;-1.443836;0.006070;2.850000;0.000000
320.135739;15.730276;-43.111520;-1.442941;0.002879;2.850000;0.000000
320.335699;15.755829;-43.309834;-1.442684;-0.000312;2.850000;0.000000
320.535659;15.781368;-43.508142;-1.443066;-0.003505;2.850000;0.000000
320.735619;15.806768;-43.706464;-1.444086;-0.006697;2.850000;0.000000
320.935579;15.831902;-43.904818;-1.445744;-0.009889;2.850000;0.000000
321.135539;15.856644;-44.103226;-1.448040;-0.013080;2.850000;0.000000
321.335498;15.880869;-44.301706;-1.450974;-0.016268;2.850000;0.000000
321.535458;15.904448;-44.500268;-1.454419;-0.018713;2.850000;0.000000
321.735418;15.927299;-44.698870;-1.457933;-0.016937;2.850000;0.000000
321.935378;15.949480;-44.897566;-1.461141;-0.015163;2.850000;0.000000
322.135338;15.971060;-45.096346;-1.463996;-0.013391;2.850000;0.000000
322.335298;15.992109;-45.295198;-1.466497;-0.011620;2.850000;0.000000
322.535258;16.012698;-45.494108;-1.468643;-0.009850;2.850000;0.000000
322.735217;16.032895;-45.693066;-1.470436;-0.008082;2.850000;0.000000
322.935177;16.052770;-45.892059;-1.471876;-0.006315;2.850000;0.000000
323.135137;16.072395;-46.091075;-1.472962;-0.004548;2.850000;0.000000
323.335097;16.091837;-46.290101;-1.473695;-0.002781;2.850000;0.000000
323.535057;16.111168;-46.489127;-1.474051;-0.000877;2.850000;0.000000
323.735017;16.130467;-46.688145;-1.473952;0.001785;2.850000;0.000000
323.934977;16.149835;-46.887144;-1.473329;0.004448;2.850000;0.000000
324.134936;16.169379;-47.086118;-1.472173;0.007111;2.850000;0.000000
324.334896;16.189207;-47.285062;-1.470485;0.009773;2.850000;0.000000
324.534856;16.209423;-47.483970;-1.468265;0.012434;2.850000;0.000000
324.734816;16.230134;-47.682835;-1.465513;0.015094;2.850000;0.000000
324.934776;16.251447;-47.881651;-1.462230;0.017750;2.850000;0.000000
325.134736;16.273468;-48.080412;-1.458415;0.020402;2.850000;0.000000
325.334696;16.296304;-48.279113;-1.454069;0.023049;2.850000;0.000000
325.534656;16.320064;-48.477781;-1.449287;0.025108;2.850000;0.000000
325.734615;16.344835;-48.676555;-1.444405;0.024037;2.850000;0.000000
325.934575;16.370565;-48.875218;-1.439695;0.022982;2.850000;0.000000
326.134535;16.397207;-49.073737;-1.435196;0.021943;2.850000;0.000000
326.334495;16.424712;-49.272081;-1.430905;0.020919;2.850000;0.000000
326.534455;16.453035;-49.470214;-1.426820;0.019907;2.850000;0.000000
326.734415;16.482128;-49.668106;-1.422938;0.018907;2.850000;0.000000
326.934375;16.511944;-49.865722;-1.419258;0.017917;2.850000;0.000000
327.134334;16.542436;-50.063029;-1.415779;0.016935;2.850000;0.000000
327.334294;16.573558;-50.259995;-1.412499;0.015960;2.850000;0.000000
327.534254;16.605260;-50.456583;-1.409406;0.015068;2.850000;0.000000
327.734214;16.637507;-50.652789;-1.406460;0.014519;2.850000;0.000000
327.934174;16.670297;-50.848770;-1.403633;0.013925;2.850000;0.000000
328.134134;16.703633;-51.044677;-1.400929;0.013289;2.850000;0.000000
328.334094;16.737515;-51.240661;-1.398353;0.012616;2.850000;0.000000
328.534053;16.771943;-51.436871;-1.395909;0.011910;2.850000;0.000000
328.734013;16.806919;-51.633460;-1.393604;0.011177;2.850000;0.000000
328.933973;16.842444;-51.830578;-1.391441;0.010421;2.850000;0.000000
329.133933;16.878519;-52.028377;-1.389424;0.009649;2.850000;0.000000
329.333893;16.915144;-52.227006;-1.387551;0.008865;2.850000;0.000000
329.533853;16.952297;-52.426481;-1.384877;0.014372;2.850000;0.000000
329.733813;16.990228;-52.626192;-1.378246;0.047666;2.850000;0.000000
329.933772;17.030171;-52.825904;-1.365124;0.081255;2.850000;0.000000
330.133732;17.073363;-53.024689;-1.345073;0.116021;2.850000;0.000000
330.333692;17.121043;-53.221622;-1.317868;0.152713;2.850000;0.000000
330.533652;17.174445;-53.415776;-1.283195;0.191893;2.850000;-0.011474
330.733612;17.234809;-53.606225;-1.240690;0.233812;2.849195;-0.853695
330.933572;17.303370;-53.792042;-1.189990;0.278230;2.788638;-0.569701
331.133532;17.381366;-53.972300;-1.130812;0.324182;2.747484;-0.264771
331.333492;17.470035;-54.146074;-1.062935;0.369732;2.728146;-0.016589
331.533451;17.570996;-54.313022;-0.987301;0.403435;2.726930;-0.016589
331.733411;17.686901;-54.474572;-0.909486;0.391154;2.725713;0.077341
331.933371;17.815213;-54.626841;-0.832611;0.380381;2.731381;0.145546
332.133331;17.954955;-54.769212;-0.757549;0.371625;2.742015;0.189112
332.333291;18.105153;-54.901066;-0.683870;0.365222;2.755772;0.209462
332.533251;18.264829;-55.021785;-0.611105;0.361374;2.770929;0.208224
332.733211;18.433009;-55.130750;-0.538767;0.360177;2.785914;0.187241
332.933170;18.608715;-55.227344;-0.466362;0.361635;2.799321;0.148678
333.133130;18.790971;-55.310948;-0.393400;0.365669;2.809922;0.095187
333.333090;18.978802;-55.380943;-0.319745;0.372109;2.816687;0.030092
333.533050;19.169635;-55.436326;-0.246730;0.366435;2.818823;0.070672
333.733010;19.361262;-55.477270;-0.177674;0.333810;2.823832;0.320405
333.932970;19.555929;-55.505692;-0.115298;0.299936;2.846429;0.050859
334.132930;19.753081;-55.522647;-0.059246;0.266438;2.850000;0.000000
334.332889;19.952167;-55.529195;-0.009368;0.234356;2.850000;0.000000
334.532849;20.152632;-55.526391;0.034589;0.204238;2.850000;0.000000
334.732809;20.353924;-55.515293;0.072929;0.176252;2.850000;0.000000
334.932769;20.555488;-55.496958;0.105964;0.150307;2.850000;0.000000
335.132729;20.756772;-55.472445;0.133981;0.126133;2.850000;0.000000
335.332689;20.957222;-55.442809;0.157252;0.103343;2.850000;0.000000
335.532649;21.156681;-55.409035;0.176563;0.086547;2.850000;0.000000
335.732608;21.355282;-55.371787;0.193465;0.080249;2.850000;0.000000
335.932568;21.552354;-55.331516;0.208935;0.073519;2.850000;0.000000
336.132528;21.748090;-55.288500;0.222961;0.066421;2.850000;0.000000
336.332488;21.942682;-55.243017;0.235497;0.059016;2.850000;0.000000
336.532448;22.136321;-55.195344;0.246506;0.051362;2.850000;0.000000
336.732408;22.329201;-55.145760;0.255955;0.043517;2.850000;0.000000
336.932368;22.521511;-55.094542;0.263822;0.035535;2.850000;0.000000
337.132328;22.713446;-55.041968;0.270091;0.027464;2.850000;0.000000
337.332287;22.905196;-54.988316;0.274757;0.019352;2.850000;0.000000
337.532247;23.096846;-54.933893;0.278110;0.013912;2.850000;0.000000
337.732207;23.288410;-54.878905;0.280869;0.013417;2.850000;0.000000
337.932167;23.480066;-54.823336;0.283498;0.012934;2.850000;0.000000
338.132127;23.671783;-54.767212;0.286034;0.012463;2.850000;0.000000
338.332087;23.863532;-54.710559;0.288480;0.012003;2.850000;0.000000
338.532047;24.055282;-54.653405;0.290837;0.011553;2.850000;0.000000
338.732006;24.247005;-54.595776;0.293105;0.011112;2.850000;0.000000
338.931966;24.438669;-54.537700;0.295288;0.010680;2.850000;0.000000
339.131926;24.630245;-54.479202;0.297384;0.010256;2.850000;0.000000
339.331886;24.821703;-54.420310;0.299396;0.009840;2.850000;0.000000
339.531846;25.012974;-54.361063;0.301286;0.009087;2.850000;0.000000
339.731806;25.204019;-54.301507;0.302965;0.007732;2.850000;0.000000
339.931766;25.394925;-54.241670;0.304376;0.006374;2.850000;0.000000
340.131725;25.585713;-54.181602;0.305515;0.005015;2.850000;0.000000
340.331685;25.776404;-54.121356;0.306382;0.003654;2.850000;0.000000
340.531645;25.967017;-54.060980;0.306977;0.002291;2.850000;0.000000
340.731605;26.157573;-54.000526;0.307298;0.000928;2.850000;0.000000
340.931565;26.348093;-53.940045;0.307347;-0.000437;2.850000;0.000000
341.131525;26.538597;-53.879587;0.307123;-0.001803;2.850000;0.000000
341.331485;26.729106;-53.819203;0.306628;-0.003169;2.850000;0.000000
341.531444;26.919688;-53.758929;0.305916;-0.004017;2.850000;0.000000
341.731404;27.110392;-53.698781;0.305123;-0.003980;2.850000;0.000000
341.931364;27.301137;-53.638788;0.304331;-0.003943;2.850000;0.000000
342.131324;27.491924;-53.578947;0.303546;-0.003905;2.850000;0.000000
342.331284;27.682755;-53.519255;0.302769;-0.003867;2.850000;0.000000
342.531244;27.873633;-53.459711;0.302000;-0.003830;2.850000;0.000000
342.731204;28.064558;-53.400313;0.301238;-0.003791;2.850000;0.000000
342.931164;28.255534;-53.341057;0.300483;-0.003753;2.850000;0.000000
343.131123;28.446561;-53.281943;0.299737;-0.003715;2.850000;0.000000
343.331083;28.637641;-53.222968;0.299000;-0.003676;2.850000;0.000000
343.531043;28.828725;-53.164145;0.298364;-0.002797;2.850000;0.000000
343.731003;29.019770;-53.105446;0.298037;-0.000558;2.850000;0.000000
343.930963;29.210839;-53.046764;0.298149;0.001679;2.850000;0.000000
344.130923;29.401906;-52.988012;0.298708;0.003916;2.850000;0.000000
344.330883;29.592949;-52.929104;0.299714;0.006151;2.850000;0.000000
344.530842;29.783943;-52.869954;0.301167;0.008384;2.850000;0.000000
344.730802;29.974865;-52.810475;0.303067;0.010615;2.850000;0.000000
344.930762;30.165689;-52.750582;0.305413;0.012844;2.850000;0.000000
345.130722;30.356393;-52.690188;0.308205;0.015069;2.850000;0.000000
345.330682;30.546952;-52.629207;0.311453;0.017291;2.850000;0.000000
345.530642;30.737473;-52.567507;0.315567;0.023302;2.850000;0.000000
345.730602;30.927925;-52.504829;0.321479;0.035331;2.850000;0.000000
345.930561;31.117880;-52.440819;0.329773;0.047425;2.850000;0.000000
346.130521;31.307112;-52.375044;0.340493;0.059608;2.850000;0.000000
346.330481;31.495394;-52.307069;0.353654;0.071894;2.850000;0.000000
346.530441;31.682502;-52.236459;0.369270;0.084280;2.850000;0.000000
346.730401;31.868210;-52.162780;0.387354;0.096746;2.850000;0.000000
346.930361;32.052291;-52.085598;0.407914;0.109246;2.850000;0.000000
347.130321;32.234521;-52.004478;0.430951;0.121708;2.850000;0.000000
347.330280;32.414672;-51.918985;0.456419;0.134030;2.850000;0.000000
347.530240;32.592377;-51.828772;0.483415;0.137813;2.850000;0.000000
347.730200;32.767477;-51.733777;0.510006;0.129643;2.850000;0.000000
347.930160;32.940245;-51.634186;0.535050;0.121507;2.850000;0.000000
348.130120;33.110746;-51.530315;0.558506;0.113455;2.850000;0.000000
348.330080;33.279045;-51.422480;0.580392;0.105528;2.850000;0.000000
348.530040;33.445210;-51.310997;0.600729;0.097751;2.850000;0.000000
348.730000;33.609306;-51.196182;0.619543;0.090136;2.850000;0.000000
348.929959;33.771400;-51.078352;0.636859;0.082689;2.850000;0.000000
349.129919;33.931557;-50.957822;0.652703;0.075405;2.850000;0.000000
349.329879;34.089844;-50.834908;0.667107;0.068272;2.850000;0.000000
349.529839;34.246377;-50.709884;0.680289;0.063116;2.850000;0.000000
349.729799;34.401244;-50.582942;0.692685;0.060564;2.850000;0.000000
349.929759;34.554449;-50.454227;0.704544;0.057965;2.850000;0.000000
350.129719;34.706069;-50.323815;0.715873;0.055329;2.850000;0.000000
350.329678;34.856177;-50.191786;0.726668;0.052661;2.850000;0.000000
350.529638;35.004851;-50.058217;0.736924;0.049967;2.850000;0.000000
350.729598;35.152165;-49.923188;0.746638;0.047254;2.850000;0.000000
350.929558;35.298194;-49.786776;0.755809;0.044525;2.850000;0.000000
351.129518;35.443014;-49.649061;0.764433;0.041786;2.850000;0.000000
351.329478;35.586701;-49.510120;0.772513;0.039040;2.850000;0.000000
351.529438;35.729292;-49.370067;0.780126;0.037069;2.850000;0.000000
351.729397;35.870825;-49.228976;0.787450;0.036151;2.850000;0.000000
351.929357;36.011365;-49.086834;0.794585;0.035239;2.850000;0.000000
352.129317;36.150927;-48.943679;0.801540;0.034334;2.850000;0.000000
352.329277;36.289526;-48.799545;0.808315;0.033435;2.850000;0.000000
352.529237;36.427176;-48.654469;0.814913;0.032542;2.850000;0.000000
352.729197;36.563893;-48.508485;0.821333;0.031656;2.850000;0.000000
352.929157;36.699690;-48.361630;0.827577;0.030777;2.850000;0.000000
353.129116;36.834584;-48.213939;0.833645;0.029905;2.850000;0.000000
353.329076;36.968588;-48.065448;0.839536;0.029038;2.850000;0.000000
353.529036;37.101707;-47.916206;0.845114;0.026878;2.850000;0.000000
353.728996;37.234000;-47.766281;0.850091;0.022997;2.850000;0.000000
353.928956;37.365597;-47.615756;0.854301;0.019113;2.850000;0.000000
354.128916;37.496617;-47.464729;0.857734;0.015226;2.850000;0.000000
354.328876;37.627179;-47.313302;0.860390;0.011339;2.850000;0.000000
354.528836;37.757402;-47.161575;0.862268;0.007452;2.850000;0.000000
354.728795;37.887404;-47.009646;0.863370;0.003565;2.850000;0.000000
354.928755;38.017306;-46.857616;0.863694;-0.000320;2.850000;0.000000
355.128715;38.147224;-46.705586;0.863242;-0.004205;2.850000;0.000000
355.328675;38.277280;-46.553655;0.862021;-0.008088;2.850000;0.000000
355.528635;38.407589;-46.401920;0.860294;-0.009430;2.850000;0.000000
355.728595;38.538188;-46.250415;0.858623;-0.007461;2.850000;0.000000
355.928555;38.669017;-46.099101;0.857327;-0.005493;2.850000;0.000000
356.128514;38.800010;-45.947933;0.856425;-0.003526;2.850000;0.000000
356.328474;38.931102;-45.796866;0.855917;-0.001560;2.850000;0.000000
356.528434;39.062229;-45.645855;0.855801;0.000408;2.850000;0.000000
356.728394;39.193324;-45.494854;0.856080;0.002376;2.850000;0.000000
356.928354;39.324324;-45.343819;0.856752;0.004347;2.850000;0.000000
357.128314;39.455163;-45.192704;0.857818;0.006321;2.850000;0.000000
357.328274;39.585776;-45.041465;0.859278;0.008299;2.850000;0.000000
357.528233;39.716187;-44.889953;0.861097;0.009925;2.850000;0.000000
357.728193;39.846373;-44.738095;0.863196;0.011095;2.850000;0.000000
357.928153;39.976190;-44.585986;0.865531;0.012263;2.850000;0.000000
358.128113;40.105610;-44.433586;0.868100;0.013429;2.850000;0.000000
358.328073;40.234605;-44.280858;0.870900;0.014592;2.850000;0.000000
358.528033;40.363148;-44.127762;0.873934;0.015752;2.850000;0.000000
358.727993;40.491210;-43.974259;0.877198;0.016908;2.850000;0.000000
358.927952;40.618763;-43.820312;0.880694;0.018059;2.850000;0.000000
359.127912;40.745780;-43.665880;0.884419;0.019203;2.850000;0.000000
359.327872;40.872232;-43.510925;0.888373;0.020341;2.850000;0.000000
359.527832;40.998024;-43.355493;0.892571;0.021636;2.850000;0.000000
359.727792;41.123101;-43.199569;0.897048;0.023131;2.850000;0.000000
359.927752;41.247487;-43.043030;0.901822;0.024630;2.850000;0.000000
360.127712;41.371121;-42.885853;0.906898;0.026136;2.850000;0.000000
360.327672;41.493945;-42.728015;0.912276;0.027648;2.850000;0.000000
360.527631;41.615900;-42.569493;0.917958;0.029167;2.850000;0.000000
360.727591;41.736926;-42.410264;0.923944;0.030694;2.850000;0.000000
360.927551;41.856966;-42.250305;0.930236;0.032228;2.850000;0.000000
361.127511;41.975960;-42.089593;0.936835;0.033770;2.850000;0.000000
361.327471;42.093848;-41.928104;0.943739;0.035319;2.850000;0.000000
361.527431;42.210610;-41.765766;0.950837;0.035768;2.850000;0.000000
361.727391;42.326232;-41.602567;0.957900;0.034935;2.850000;0.000000
361.927350;42.440696;-41.438586;0.964802;0.034098;2.850000;0.000000
362.127310;42.554027;-41.273846;0.971536;0.033256;2.850000;0.000000
362.327270;42.666253;-41.108366;0.978102;0.032412;2.850000;0.000000
362.527230;42.777400;-40.942168;0.984498;0.031566;2.850000;0.000000
362.727190;42.887495;-40.775274;0.990724;0.030718;2.850000;0.000000
362.927150;42.996565;-40.607705;0.996781;0.029868;2.850000;0.000000
363.127110;43.104635;-40.439483;1.002668;0.029017;2.850000;0.000000
363.327069;43.211732;-40.270627;1.008387;0.028166;2.850000;0.000000
363.527029;43.317868;-40.101184;1.014003;0.027960;2.850000;0.000000
363.726989;43.423045;-39.931165;1.019647;0.028461;2.850000;0.000000
363.926949;43.527258;-39.760540;1.025387;0.028964;2.850000;0.000000
364.126909;43.630487;-39.589306;1.031229;0.029468;2.850000;0.000000
364.326869;43.732709;-39.417459;1.037172;0.029974;2.850000;0.000000
364.526829;43.833904;-39.244995;1.043216;0.030481;2.850000;0.000000
364.726788;43.934050;-39.071910;1.049362;0.030990;2.850000;0.000000
364.926748;44.033126;-38.898201;1.055611;0.031499;2.850000;0.000000
365.126708;44.131109;-38.723864;1.061961;0.032009;2.850000;0.000000
365.326668;44.227980;-38.548895;1.068405;0.032519;2.850000;0.000000
365.526628;44.323690;-38.373342;1.074764;0.031239;2.850000;0.000000
365.726588;44.418284;-38.197237;1.080687;0.028084;2.850000;0.000000
365.926548;44.511895;-38.020588;1.085986;0.024930;2.850000;0.000000
366.126508;44.604633;-37.843458;1.090655;0.021778;2.850000;0.000000
366.326467;44.696608;-37.665909;1.094695;0.018628;2.850000;0.000000
366.526427;44.787928;-37.488005;1.098105;0.015481;2.850000;0.000000
366.726387;44.878703;-37.309807;1.100887;0.012337;2.850000;0.000000
366.926347;44.969041;-37.131379;1.103040;0.009194;2.850000;0.000000
367.126307;45.059052;-36.952783;1.104565;0.006053;2.850000;0.000000
367.326267;45.148845;-36.774082;1.105471;0.002912;2.850000;0.000000
367.526227;45.238543;-36.595303;1.106011;0.002270;2.850000;0.000000
367.726186;45.328166;-36.416459;1.106668;0.004193;2.850000;0.000000
367.926146;45.417631;-36.237557;1.107699;0.006116;2.850000;0.000000
368.126106;45.506868;-36.058562;1.109115;0.008041;2.850000;0.000000
368.326066;45.595808;-35.879443;1.110915;0.009968;2.850000;0.000000
368.526026;45.684381;-35.700168;1.113101;0.011895;2.850000;0.000000
368.725986;45.772517;-35.520702;1.115672;0.013824;2.850000;0.000000
368.925946;45.860147;-35.341015;1.118629;0.015754;2.850000;0.000000
369.125905;45.947201;-35.161073;1.121971;0.017685;2.850000;0.000000
369.325865;46.033608;-34.980844;1.125691;0.019616;2.850000;0.000000
369.525825;46.119309;-34.800283;1.129594;0.019606;2.850000;0.000000
369.725785;46.204306;-34.619387;1.133311;0.017669;2.850000;0.000000
369.925745;46.288663;-34.438193;1.136649;0.015729;2.850000;0.000000
370.125705;46.372454;-34.256726;1.139599;0.013786;2.850000;0.000000
370.325665;46.455752;-34.075012;1.142160;0.011842;2.850000;0.000000
370.525624;46.538632;-33.893075;1.144333;0.009896;2.850000;0.000000
370.725584;46.621166;-33.710942;1.146117;0.007952;2.850000;0.000000
370.925544;46.703430;-33.528637;1.147513;0.006008;2.850000;0.000000
371.125504;46.785495;-33.346186;1.148521;0.004065;2.850000;0.000000
371.325464;46.867436;-33.163614;1.149165;0.002125;2.850000;0.000000
371.525424;46.949298;-32.980987;1.149999;0.005762;2.850000;0.000000
371.725384;47.030943;-32.798259;1.152067;0.014687;2.850000;0.000000
371.925344;47.112056;-32.615280;1.155900;0.023620;2.850000;0.000000
372.125303;47.192294;-32.431940;1.161523;0.032574;2.850000;0.000000
372.325263;47.271315;-32.248127;1.168939;0.041557;2.850000;0.000000
372.525223;47.348776;-32.063732;1.178152;0.050574;2.850000;0.000000
372.725183;47.424336;-31.878643;1.189167;0.059624;2.850000;0.000000
372.925143;47.497653;-31.692750;1.201988;0.068698;2.850000;0.000000
373.125103;47.568383;-31.505942;1.216618;0.077778;2.850000;0.000000
373.325063;47.636184;-31.318109;1.233025;0.086837;2.850000;0.000000
373.525022;47.700721;-31.129156;1.250555;0.089269;2.850000;0.000000
373.724982;47.761895;-30.939071;1.267991;0.085577;2.850000;0.000000
373.924942;47.819826;-30.747916;1.284715;0.081879;2.850000;0.000000
374.124902;47.874642;-30.555772;1.300707;0.078188;2.850000;0.000000
374.324862;47.926470;-30.362718;1.315969;0.074513;2.850000;0.000000
374.524822;47.975436;-30.168833;1.330505;0.070863;2.850000;0.000000
374.724782;48.021667;-29.974196;1.344319;0.067243;2.850000;0.000000
374.924741;48.065291;-29.778886;1.357418;0.063659;2.850000;0.000000
375.124701;48.106434;-29.582983;1.369806;0.060113;2.850000;0.000000
375.324661;48.145223;-29.386566;1.381505;0.056606;2.850000;0.000000
375.524621;48.181786;-29.189676;1.392830;0.056254;2.850000;0.000000
375.724581;48.216127;-28.992370;1.404359;0.058778;2.850000;0.000000
375.924541;48.248136;-28.794717;1.416384;0.061338;2.850000;0.000000
376.124501;48.277706;-28.596749;1.428922;0.063935;2.850000;0.000000
376.324460;48.304729;-28.398498;1.441977;0.066566;2.850000;0.000000
376.524420;48.329099;-28.199997;1.455556;0.069229;2.850000;0.000000
376.724380;48.350709;-28.001279;1.469664;0.071921;2.850000;0.000000
376.924340;48.369449;-27.802376;1.484304;0.074637;2.850000;0.000000
377.124300;48.385215;-27.603321;1.499481;0.077373;2.850000;0.000000
377.324260;48.397898;-27.404147;1.515183;0.080123;2.850000;0.000000
377.524220;48.407407;-27.204684;1.530936;0.078032;2.850000;0.000000
377.724180;48.413817;-27.004974;1.545865;0.071617;2.850000;0.000000
377.924139;48.417369;-26.805206;1.559530;0.065158;2.850000;0.000000
378.124099;48.418319;-26.605386;1.571902;0.058676;2.850000;0.000000
378.324059;48.416927;-26.405522;1.582982;0.052187;2.850000;0.000000
378.524019;48.413448;-26.205624;1.592767;0.045703;2.850000;0.000000
378.723979;48.408141;-26.005698;1.601260;0.039230;2.850000;0.000000
378.923939;48.401262;-25.805753;1.608463;0.032773;2.850000;0.000000
379.123899;48.393071;-25.605797;1.614377;0.026333;2.850000;0.000000
379.323858;48.383823;-25.405838;1.619040;0.019909;2.850000;0.000000
379.523818;48.373768;-25.206011;1.623133;0.020458;2.850000;0.000000
379.723778;48.362894;-25.006311;1.627849;0.026514;2.850000;0.000000
379.923738;48.350961;-24.806673;1.633758;0.032579;2.850000;0.000000
380.123698;48.337728;-24.607130;1.640880;0.038654;2.850000;0.000000
380.323658;48.322954;-24.407716;1.649218;0.044738;2.850000;0.000000
380.523618;48.306400;-24.208466;1.658771;0.050828;2.850000;0.000000
380.723577;48.287823;-24.009412;1.669542;0.056917;2.850000;0.000000
380.923537;48.266983;-23.810589;1.681528;0.062997;2.850000;0.000000
381.123497;48.243639;-23.612031;1.694729;0.069053;2.850000;0.000000
381.323457;48.217551;-23.413771;1.709104;0.075069;2.850000;0.000000
381.523417;48.188526;-23.216094;1.724173;0.076133;2.850000;0.000000
381.723377;48.156517;-23.018965;1.739120;0.073582;2.850000;0.000000
381.923337;48.121597;-22.822232;1.753570;0.071060;2.850000;0.000000
382.123296;48.083869;-22.625925;1.767526;0.068572;2.850000;0.000000
382.323256;48.043437;-22.430076;1.780994;0.066120;2.850000;0.000000
382.523216;48.000405;-22.234718;1.793980;0.063707;2.850000;0.000000
382.723176;47.954877;-22.039881;1.806489;0.061334;2.850000;0.000000
382.923136;47.906956;-21.845598;1.818529;0.059002;2.850000;0.000000
383.123096;47.856745;-21.651900;1.830106;0.056711;2.850000;0.000000
383.323056;47.804350;-21.458818;1.841233;0.054462;2.850000;0.000000
383.523016;47.749843;-21.266289;1.851983;0.052936;2.850000;0.000000
383.722975;47.693300;-21.074350;1.862474;0.051929;2.850000;0.000000
383.922935;47.634784;-20.883066;1.872760;0.050912;2.850000;0.000000
384.122895;47.574338;-20.692435;1.882840;0.049888;2.850000;0.000000
384.322855;47.512004;-20.502452;1.892712;0.048856;2.850000;0.000000
384.522815;47.447827;-20.313112;1.902376;0.047819;2.850000;0.000000
384.722775;47.381849;-20.124412;1.911831;0.046778;2.850000;0.000000
384.922735;47.314112;-19.936346;1.921077;0.045735;2.850000;0.000000
385.122694;47.244661;-19.748912;1.930115;0.044689;2.850000;0.000000
385.322654;47.173537;-19.562103;1.938929;0.043643;2.850000;0.000000
385.522614;47.100786;-19.375906;1.947269;0.039997;2.850000;0.000000
385.722574;47.026544;-19.190277;1.954700;0.034394;2.850000;0.000000
385.922534;46.951019;-19.005146;1.961017;0.028793;2.850000;0.000000
386.122494;46.874423;-18.820435;1.966215;0.023197;2.850000;0.000000
386.322454;46.796964;-18.636065;1.970294;0.017605;2.850000;0.000000
386.522413;46.718852;-18.451960;1.973256;0.012017;2.850000;0.000000
386.722373;46.640298;-18.268041;1.975101;0.006432;2.850000;0.000000
386.922333;46.561509;-18.084230;1.975829;0.000847;2.850000;0.000000
387.122293;46.482697;-17.900450;1.975440;-0.004740;2.850000;0.000000
387.322253;46.404070;-17.716621;1.973957;-0.010332;2.850000;0.000000
387.522213;46.325784;-17.532561;1.971807;-0.011510;2.850000;0.000000
387.722173;46.247900;-17.348280;1.969725;-0.009403;2.850000;0.000000
387.922132;46.170376;-17.163886;1.968055;-0.007294;2.850000;0.000000
388.122092;46.093134;-16.979409;1.966807;-0.005183;2.850000;0.000000
388.322052;46.016094;-16.794877;1.965982;-0.003070;2.850000;0.000000
388.522012;45.939176;-16.610320;1.965579;-0.000956;2.850000;0.000000
388.721972;45.862302;-16.425769;1.965600;0.001160;2.850000;0.000000
388.921932;45.785392;-16.241251;1.966043;0.003277;2.850000;0.000000
389.121892;45.708366;-16.056797;1.966910;0.005394;2.850000;0.000000
389.321852;45.631146;-15.872436;1.968190;0.007511;2.850000;0.000000
389.521811;45.553647;-15.688175;1.969719;0.007917;2.850000;0.000000
389.721771;45.475852;-15.504024;1.971218;0.007122;2.850000;0.000000
389.921731;45.397795;-15.319983;1.972563;0.006326;2.850000;0.000000
390.121691;45.319502;-15.136034;1.973748;0.005530;2.850000;0.000000
390.321651;45.241001;-14.952161;1.974774;0.004734;2.850000;0.000000
390.521611;45.162320;-14.768349;1.975641;0.003937;2.850000;0.000000
390.721571;45.083487;-14.584580;1.976348;0.003140;2.850000;0.000000
390.921530;45.004529;-14.400840;1.976897;0.002344;2.850000;0.000000
391.121490;44.925474;-14.217110;1.977286;0.001548;2.850000;0.000000
391.321450;44.846349;-14.033376;1.977516;0.000753;2.850000;0.000000
391.521410;44.767224;-13.849717;1.977591;-0.000004;2.850000;0.000000
391.721370;44.688113;-13.666091;1.977518;-0.000735;2.850000;0.000000
391.921330;44.609020;-13.482431;1.977298;-0.001465;2.850000;0.000000
392.121290;44.529974;-13.298733;1.976932;-0.002195;2.850000;0.000000
392.321249;44.451005;-13.114992;1.976420;-0.002926;2.850000;0.000000
392.521209;44.372143;-12.931205;1.975761;-0.003657;2.850000;0.000000
392.721169;44.293419;-12.747367;1.974957;-0.004389;2.850000;0.000000
392.921129;44.214863;-12.563475;1.974006;-0.005121;2.850000;0.000000
393.121089;44.136504;-12.379523;1.972909;-0.005855;2.850000;0.000000
393.321049;44.058372;-12.195508;1.971670;-0.006591;2.850000;0.000000
393.521009;43.980460;-12.011344;1.970375;-0.006430;2.850000;0.000000
393.720968;43.902777;-11.827060;1.969165;-0.005694;2.850000;0.000000
393.920928;43.825314;-11.642713;1.968100;-0.004956;2.850000;0.000000
394.120888;43.748042;-11.458308;1.967183;-0.004217;2.850000;0.000000
394.320848;43.670930;-11.273848;1.966414;-0.003478;2.850000;0.000000
394.520808;43.593946;-11.089337;1.965792;-0.002737;2.850000;0.000000
394.720768;43.517062;-10.904780;1.965319;-0.001997;2.850000;0.000000
394.920728;43.440247;-10.720179;1.964994;-0.001256;2.850000;0.000000
395.120688;43.363470;-10.535540;1.964817;-0.000515;2.850000;0.000000
395.320647;43.286701;-10.350867;1.964787;0.000225;2.850000;0.000000
395.520607;43.209951;-10.166262;1.964898;0.000891;2.850000;0.000000
395.720567;43.133179;-9.981698;1.965138;0.001513;2.850000;0.000000
395.920527;43.056339;-9.797128;1.965503;0.002134;2.850000;0.000000
396.120487;42.979412;-9.612568;1.965992;0.002755;2.850000;0.000000
396.320447;42.902374;-9.428033;1.966605;0.003377;2.850000;0.000000
396.520407;42.825207;-9.243536;1.967342;0.003998;2.850000;0.000000
396.720366;42.747890;-9.059094;1.968204;0.004620;2.850000;0.000000
396.920326;42.670400;-8.874720;1.969190;0.005242;2.850000;0.000000
397.120286;42.592719;-8.690431;1.970301;0.005865;2.850000;0.000000
397.320246;42.514824;-8.506239;1.971529;0.006489;2.850000;0.000000
397.520206;42.436684;-8.322126;1.972764;0.005953;2.850000;0.000000
397.720166;42.358323;-8.138099;1.973831;0.004733;2.850000;0.000000
397.920126;42.279793;-7.954160;1.974655;0.003514;2.850000;0.000000
398.120085;42.201140;-7.770290;1.975236;0.002293;2.850000;0.000000
398.320045;42.122407;-7.586468;1.975573;0.001073;2.850000;0.000000
398.520005;42.043642;-7.402677;1.975665;-0.000148;2.850000;0.000000
398.719965;41.964887;-7.218897;1.975513;-0.001370;2.850000;0.000000
398.919925;41.886188;-7.035109;1.975117;-0.002591;2.850000;0.000000
399.119885;41.807591;-6.851293;1.974477;-0.003814;2.850000;0.000000
399.319845;41.729139;-6.667431;1.973600;-0.005037;2.850000;0.000000
399.519804;41.650853;-6.483453;1.972589;-0.005165;2.850000;0.000000
399.719764;41.572749;-6.299375;1.971607;-0.004672;2.850000;0.000000
399.919724;41.494821;-6.115233;1.970722;-0.004178;2.850000;0.000000
400.119684;41.417048;-5.931031;1.969936;-0.003684;2.850000;0.000000
400.319644;41.339412;-5.746773;1.969249;-0.003189;2.850000;0.000000
400.519604;41.261893;-5.562465;1.968661;-0.002695;2.850000;0.000000
400.719564;41.184471;-5.378111;1.968171;-0.002200;2.850000;0.000000
400.919524;41.107128;-5.193716;1.967781;-0.001706;2.850000;0.000000
401.119483;41.029843;-5.009284;1.967489;-0.001211;2.850000;0.000000
401.319443;40.952597;-4.824821;1.967293;-0.000716;2.850000;0.000000
401.519403;40.875396;-4.640385;1.967151;-0.000671;2.850000;0.000000
401.719363;40.798226;-4.455954;1.966997;-0.000865;2.850000;0.000000
401.919323;40.721081;-4.271495;1.966804;-0.001060;2.850000;0.000000
402.119283;40.643971;-4.087009;1.966573;-0.001254;2.850000;0.000000
402.319243;40.566904;-3.902494;1.966303;-0.001449;2.850000;0.000000
402.519202;40.489887;-3.717950;1.965994;-0.001643;2.850000;0.000000
402.719162;40.412929;-3.533376;1.965646;-0.001838;2.850000;0.000000
402.919122;40.336037;-3.348771;1.965259;-0.002033;2.850000;0.000000
403.119082;40.259220;-3.164133;1.964833;-0.002228;2.850000;0.000000
403.319042;40.182486;-2.979463;1.964373;-0.002423;2.850000;0.000000
403.519002;40.105835;-2.794746;1.963943;-0.001927;2.850000;0.000000
403.718962;40.029255;-2.609998;1.963644;-0.001074;2.850000;0.000000
403.918921;39.952716;-2.425239;1.963514;-0.000221;2.850000;0.000000
404.118881;39.876188;-2.240483;1.963555;0.000632;2.850000;0.000000
404.318841;39.799640;-2.055744;1.963767;0.001485;2.850000;0.000000
404.518801;39.723040;-1.871035;1.964149;0.002338;2.850000;0.000000
404.718761;39.646358;-1.686371;1.964702;0.003192;2.850000;0.000000
404.918721;39.569561;-1.501766;1.965426;0.004046;2.850000;0.000000
405.118681;39.492620;-1.317233;1.966320;0.004900;2.850000;0.000000
405.318640;39.415503;-1.132786;1.967378;0.005754;2.850000;0.000000
405.518600;39.338163;-0.948397;1.968511;0.005655;2.850000;0.000000
405.718560;39.260610;-0.764084;1.969583;0.005083;2.850000;0.000000
405.918520;39.182874;-0.579858;1.970543;0.004510;2.850000;0.000000
406.118480;39.104973;-0.395706;1.971387;0.003938;2.850000;0.000000
406.318440;39.026928;-0.211618;1.972117;0.003364;2.850000;0.000000
406.518400;38.948759;-0.027582;1.972733;0.002791;2.850000;0.000000
406.718360;38.870486;0.156414;1.973233;0.002218;2.850000;0.000000
406.918319;38.792129;0.340379;1.973619;0.001644;2.850000;0.000000
407.118279;38.713709;0.524327;1.973891;0.001071;2.850000;0.000000
407.318239;38.635245;0.708268;1.974048;0.000498;2.850000;0.000000
407.518199;38.556780;0.892158;1.974097;-0.000018;2.850000;0.000000
407.718159;38.478322;1.076036;1.974044;-0.000506;2.850000;0.000000
407.918119;38.399878;1.259933;1.973895;-0.000994;2.850000;0.000000
408.118079;38.321465;1.443857;1.973647;-0.001481;2.850000;0.000000
408.318038;38.243102;1.627816;1.973302;-0.001969;2.850000;0.000000
408.517998;38.164807;1.811815;1.972860;-0.002457;2.850000;0.000000
408.717958;38.086598;1.995862;1.972320;-0.002944;2.850000;0.000000
408.917918;38.008494;2.179964;1.971682;-0.003431;2.850000;0.000000
409.117878;37.930513;2.364128;1.970947;-0.003919;2.850000;0.000000
409.317838;37.852673;2.548361;1.970122;-0.004406;2.850000;0.000000
409.517798;37.775006;2.732629;1.969298;-0.003924;2.850000;0.000000
409.717757;37.697488;2.916947;1.968606;-0.003005;2.850000;0.000000
409.917717;37.620078;3.101317;1.968097;-0.002087;2.850000;0.000000
410.117677;37.542745;3.285722;1.967771;-0.001169;2.850000;0.000000
410.317637;37.465453;3.470147;1.967629;-0.000252;2.850000;0.000000
410.517597;37.388171;3.654576;1.967670;0.000666;2.850000;0.000000
410.717557;37.310864;3.838994;1.967895;0.001584;2.850000;0.000000
410.917517;37.233501;4.023384;1.968304;0.002502;2.850000;0.000000
411.117476;37.156047;4.207731;1.968896;0.003420;2.850000;0.000000
411.317436;37.078469;4.392020;1.969666;0.004338;2.850000;0.000000
411.517396;37.000726;4.576260;1.970552;0.004578;2.850000;0.000000
411.717356;36.922813;4.760433;1.971461;0.004520;2.850000;0.000000
411.917316;36.844736;4.944529;1.972359;0.004462;2.850000;0.000000
412.117276;36.766497;5.128551;1.973245;0.004404;2.850000;0.000000
412.317236;36.688097;5.312499;1.974120;0.004345;2.850000;0.000000
412.517196;36.609539;5.496376;1.974983;0.004287;2.850000;0.000000
412.717155;36.530825;5.680183;1.975834;0.004228;2.850000;0.000000
412.917115;36.451956;5.863922;1.976674;0.004170;2.850000;0.000000
413.117075;36.372934;6.047595;1.977502;0.004111;2.850000;0.000000
413.317035;36.293761;6.231203;1.978353;0.004052;2.850000;0.000000
413.516995;36.214376;6.414858;1.979623;0.008265;2.850000;0.000000
413.716955;36.134669;6.598421;1.981883;0.014292;2.850000;0.000000
413.916915;36.054447;6.781732;1.985346;0.020326;2.850000;0.000000
414.116874;35.973496;6.964680;1.990017;0.026372;2.850000;0.000000
414.316834;35.891600;7.147155;1.995898;0.032429;2.850000;0.000000
414.516794;35.808546;7.329045;2.002989;0.038499;2.850000;0.000000
414.716754;35.724118;7.510239;2.011292;0.044579;2.850000;0.000000
414.916714;35.638101;7.690626;2.020809;0.050664;2.850000;0.000000
415.116674;35.550281;7.870096;2.031540;0.056747;2.850000;0.000000
415.316634;35.460443;8.048536;2.043403;0.062815;2.850000;0.000000
415.516593;35.368445;8.225767;2.055563;0.059786;2.850000;0.000000
415.716553;35.274341;8.401883;2.066839;0.053187;2.850000;0.000000
415.916513;35.178344;8.577041;2.076803;0.046582;2.850000;0.000000
416.116473;35.080685;8.751362;2.085452;0.039981;2.850000;0.000000
416.316433;34.981595;8.924968;2.092785;0.033391;2.850000;0.000000
416.516393;34.881306;9.097983;2.098805;0.026818;2.850000;0.000000
416.716353;34.780049;9.270529;2.103514;0.020260;2.850000;0.000000
416.916312;34.678054;9.442728;2.106914;0.013719;2.850000;0.000000
417.116272;34.575553;9.614702;2.109007;0.007192;2.850000;0.000000
417.316232;34.472777;9.786575;2.109889;0.000675;2.850000;0.000000
417.516192;34.369979;9.958360;2.110532;0.004760;2.850000;0.000000
417.716152;34.267026;10.130026;2.112293;0.012795;2.850000;0.000000
417.916112;34.163642;10.301416;2.115660;0.020840;2.850000;0.000000
418.116072;34.059564;10.472340;2.120637;0.028903;2.850000;0.000000
418.316032;33.954531;10.642607;2.127228;0.036991;2.850000;0.000000
418.515991;33.848283;10.812026;2.135436;0.045106;2.850000;0.000000
418.715951;33.740558;10.980406;2.145266;0.053246;2.850000;0.000000
418.915911;33.631095;11.147557;2.156720;0.061406;2.850000;0.000000
419.115871;33.519634;11.313289;2.169800;0.069571;2.850000;0.000000
419.315831;33.405914;11.477410;2.184374;0.077721;2.850000;0.000000
419.515791;33.289689;11.639797;2.199066;0.070829;2.850000;0.000000
419.715751;33.171155;11.800560;2.211964;0.058383;2.850000;0.000000
419.915710;33.050720;11.959976;2.222385;0.045936;2.850000;0.000000
420.115670;32.928781;12.118338;2.230324;0.033507;2.850000;0.000000
420.315630;32.805738;12.275940;2.235783;0.021105;2.850000;0.000000
420.515590;32.681988;12.433074;2.238766;0.008729;2.850000;0.000000
420.715550;32.557932;12.590033;2.239277;-0.003627;2.850000;0.000000
420.915510;32.433968;12.747110;2.237315;-0.015974;2.850000;0.000000
421.115470;32.310495;12.904597;2.232883;-0.028319;2.850000;0.000000
421.315429;32.187910;13.062789;2.226146;-0.040667;2.850000;0.000000
421.515389;32.066566;13.221932;2.218770;-0.034770;2.850000;0.000000
421.715349;31.946327;13.381916;2.213060;-0.022362;2.850000;0.000000
421.915309;31.826810;13.542431;2.209826;-0.009959;2.850000;0.000000
422.115269;31.707628;13.703165;2.209075;0.002448;2.850000;0.000000
422.315229;31.588392;13.863805;2.210807;0.014870;2.850000;0.000000
422.515189;31.468718;14.024039;2.215025;0.027316;2.850000;0.000000
422.715148;31.348216;14.183555;2.221733;0.039793;2.850000;0.000000
422.915108;31.226502;14.342040;2.230934;0.052300;2.850000;0.000000
423.115068;31.103187;14.499182;2.242632;0.064824;2.850000;0.000000
423.315028;30.977885;14.654669;2.256693;0.077337;2.850000;0.000000
423.514988;30.850240;14.808234;2.271778;0.075150;2.850000;0.000000
423.714948;30.720287;14.959891;2.286052;0.067837;2.850000;0.000000
423.914908;30.588256;15.109813;2.298872;0.060513;2.850000;0.000000
424.114868;30.454373;15.258182;2.310235;0.053196;2.850000;0.000000
424.314827;30.318865;15.405178;2.320140;0.045896;2.850000;0.000000
424.514787;30.181961;15.550981;2.328591;0.038619;2.850000;0.000000
424.714747;30.043886;15.695773;2.335592;0.031367;2.850000;0.000000
424.914707;29.904869;15.839732;2.341146;0.024137;2.850000;0.000000
425.114667;29.765136;15.983042;2.345255;0.016926;2.850000;0.000000
425.314627;29.624914;16.125881;2.347992;0.009724;2.850000;0.000000
425.514587;29.484437;16.268383;2.350030;0.009931;2.850000;0.000000
425.714546;29.343709;16.410574;2.352289;0.012626;2.850000;0.000000
425.914506;29.202644;16.552386;2.355084;0.015323;2.850000;0.000000
426.114466;29.061167;16.693744;2.358419;0.018022;2.850000;0.000000
426.314426;28.919202;16.834570;2.362293;0.020723;2.850000;0.000000
426.514386;28.776675;16.974787;2.366706;0.023424;2.850000;0.000000
426.714346;28.633509;17.114320;2.371659;0.026125;2.850000;0.000000
426.914306;28.489628;17.253090;2.377151;0.028825;2.850000;0.000000
427.114265;28.344958;17.391023;2.383182;0.031521;2.850000;0.000000
427.314225;28.199423;17.528040;2.389715;0.034213;2.850000;0.000000
427.514185;28.052954;17.664079;2.396390;0.032959;2.850000;0.000000
427.714145;27.905580;17.799161;2.402723;0.030410;2.850000;0.000000
427.914105;27.757375;17.933357;2.408548;0.027862;2.850000;0.000000
428.114065;27.608411;18.066737;2.413865;0.025317;2.850000;0.000000
428.314025;27.458762;18.199371;2.418673;0.022774;2.850000;0.000000
428.513984;27.308501;18.331331;2.422974;0.020235;2.850000;0.000000
428.713944;27.157702;18.462687;2.426767;0.017699;2.850000;0.000000
428.913904;27.006436;18.593510;2.430053;0.015165;2.850000;0.000000
429.113864;26.854779;18.723871;2.432832;0.012633;2.850000;0.000000
429.313824;26.702801;18.853839;2.435127;0.010102;2.850000;0.000000
429.513784;26.550523;18.983523;2.437136;0.009776;2.850000;0.000000
429.713744;26.397993;19.112907;2.439130;0.010157;2.850000;0.000000
429.913704;26.245215;19.241968;2.441200;0.010539;2.850000;0.000000
430.113663;26.092180;19.370695;2.443346;0.010920;2.850000;0.000000
430.313623;25.938875;19.499078;2.445567;0.011301;2.850000;0.000000
430.513583;25.785292;19.627105;2.447865;0.011681;2.850000;0.000000
430.713543;25.631418;19.754766;2.450238;0.012062;2.850000;0.000000
430.913503;25.477244;19.882050;2.452688;0.012442;2.850000;0.000000
431.113463;25.322759;20.008946;2.455213;0.012821;2.850000;0.000000
431.313423;25.167952;20.135443;2.457800;0.013200;2.850000;0.000000
431.513382;25.012790;20.261556;2.460323;0.012175;2.850000;0.000000
431.713342;24.857312;20.387299;2.462612;0.010719;2.850000;0.000000
431.913302;24.701564;20.512708;2.464610;0.009264;2.850000;0.000000
432.113262;24.545585;20.637829;2.466316;0.007808;2.850000;0.000000
432.313222;24.389409;20.762706;2.467732;0.006353;2.850000;0.000000
432.513182;24.233076;20.887385;2.468857;0.004898;2.850000;0.000000
432.713142;24.076621;21.011910;2.469691;0.003442;2.850000;0.000000
432.913101;23.920082;21.136326;2.470234;0.001987;2.850000;0.000000
433.113061;23.763496;21.260678;2.470486;0.000532;2.850000;0.000000
433.313021;23.606900;21.385010;2.470450;-0.000924;2.850000;0.000000
433.512981;23.450329;21.509369;2.470159;-0.002027;2.850000;0.000000
433.712941;23.293811;21.633788;2.469653;-0.003027;2.850000;0.000000
433.912901;23.137370;21.758301;2.468948;-0.004028;2.850000;0.000000
434.112861;22.981028;21.882941;2.468043;-0.005028;2.850000;0.000000
434.312820;22.824811;22.007739;2.466938;-0.006028;2.850000;0.000000
434.512780;22.668740;22.132728;2.465632;-0.007027;2.850000;0.000000
434.712740;22.512839;22.257941;2.464127;-0.008026;2.850000;0.000000
434.912700;22.357131;22.383410;2.462422;-0.009025;2.850000;0.000000
435.112660;22.201639;22.509169;2.460518;-0.010022;2.850000;0.000000
435.312620;22.046388;22.635249;2.458446;-0.011019;2.850000;0.000000
435.512580;21.891443;22.761631;2.456479;-0.008971;2.850000;0.000000
435.712540;21.736725;22.888291;2.454973;-0.006097;2.850000;0.000000
435.912499;21.582151;23.015148;2.454041;-0.003225;2.850000;0.000000
436.112459;21.427652;23.142111;2.453683;-0.000354;2.850000;0.000000
436.312419;21.273159;23.269087;2.453900;0.002517;2.850000;0.000000
436.512379;21.118602;23.395985;2.454690;0.005388;2.850000;0.000000
436.712339;20.963912;23.522713;2.456055;0.008260;2.850000;0.000000
436.912299;20.809020;23.649180;2.457993;0.011133;2.850000;0.000000
437.112259;20.653857;23.775293;2.460507;0.014008;2.850000;0.000000
437.312218;20.498354;23.900962;2.463538;0.016885;2.850000;0.000000
437.512178;20.342405;24.026152;2.466595;0.014275;2.850000;0.000000
437.712138;20.186097;24.150899;2.469044;0.010230;2.850000;0.000000
437.912098;20.029544;24.275318;2.470685;0.006183;2.850000;0.000000
438.112058;19.872844;24.399538;2.471517;0.002134;2.850000;0.000000
438.312018;19.716096;24.523687;2.471539;-0.001915;2.850000;0.000000
438.511978;19.559401;24.647892;2.470751;-0.005964;2.850000;0.000000
438.711937;19.402858;24.772280;2.469154;-0.010014;2.850000;0.000000
438.911897;19.246566;24.896981;2.466747;-0.014064;2.850000;0.000000
439.111857;19.090625;25.022121;2.463530;-0.018112;2.850000;0.000000
439.311817;18.935134;25.147827;2.459576;-0.022159;2.850000;0.000000
439.511777;18.780193;25.274192;2.455482;-0.019521;2.850000;0.000000
439.711737;18.625740;25.401165;2.452007;-0.015251;2.850000;0.000000
439.911697;18.471666;25.528616;2.449384;-0.010983;2.850000;0.000000
440.111656;18.317864;25.656412;2.447614;-0.006717;2.850000;0.000000
440.311616;18.164228;25.784418;2.446698;-0.002452;2.850000;0.000000
440.511576;18.010654;25.912502;2.446634;0.001813;2.850000;0.000000
440.711536;17.857034;26.040528;2.447423;0.006078;2.850000;0.000000
440.911496;17.703264;26.168364;2.449065;0.010344;2.850000;0.000000
441.111456;17.549238;26.295875;2.451560;0.014612;2.850000;0.000000
441.311416;17.394849;26.422927;2.454848;0.018882;2.850000;0.000000
441.511376;17.239989;26.549421;2.458442;0.017673;2.850000;0.000000
441.711335;17.084686;26.675365;2.461727;0.015199;2.850000;0.000000
441.911295;16.929005;26.800833;2.464519;0.012723;2.850000;0.000000
442.111255;16.773005;26.925904;2.466815;0.010247;2.850000;0.000000
442.311215;16.616748;27.050656;2.468617;0.007770;2.850000;0.000000
442.511175;16.460295;27.175168;2.469923;0.005293;2.850000;0.000000
442.711135;16.303704;27.299519;2.470733;0.002816;2.850000;0.000000
442.911095;16.147038;27.423786;2.471049;0.000340;2.850000;0.000000
443.111054;15.990356;27.548047;2.470869;-0.002136;2.850000;0.000000
443.311014;15.833720;27.672383;2.470222;-0.004611;2.850000;0.000000
443.510974;15.677228;27.796824;2.469320;-0.004686;2.850000;0.000000
443.710934;15.520855;27.921411;2.468427;-0.004247;2.850000;0.000000
443.910894;15.364580;28.046136;2.467622;-0.003807;2.850000;0.000000
444.110854;15.208393;28.170986;2.466905;-0.003368;2.850000;0.000000
444.310814;15.052284;28.295945;2.466275;-0.002929;2.850000;0.000000
444.510773;14.896245;28.420999;2.465733;-0.002490;2.850000;0.000000
444.710733;14.740264;28.546134;2.465279;-0.002052;2.850000;0.000000
444.910693;14.584333;28.671335;2.464913;-0.001613;2.850000;0.000000
445.110653;14.428440;28.796586;2.464634;-0.001174;2.850000;0.000000
445.310613;14.272578;28.921875;2.464442;-0.000736;2.850000;0.000000
445.510573;14.116729;29.047190;2.464327;-0.000403;2.850000;0.000000
445.710533;13.960892;29.172517;2.464277;-0.000092;2.850000;0.000000
445.910492;13.805060;29.297844;2.464290;0.000219;2.850000;0.000000
446.110452;13.649225;29.423162;2.464365;0.000530;2.850000;0.000000
446.310412;13.493381;29.548461;2.464502;0.000841;2.850000;0.000000
446.510372;13.337521;29.673729;2.464701;0.001153;2.850000;0.000000
446.710332;13.181638;29.798957;2.464963;0.001464;2.850000;0.000000
446.910292;13.025723;29.924135;2.465286;0.001775;2.850000;0.000000
447.110252;12.869772;30.049251;2.465673;0.002087;2.850000;0.000000
447.310212;12.713775;30.174297;2.466107;0.002398;2.850000;0.000000
447.510171;12.557687;30.299300;2.466486;0.001531;2.850000;0.000000
447.710131;12.401560;30.424257;2.466682;0.000434;2.850000;0.000000
447.910091;12.245428;30.549195;2.466660;-0.000663;2.850000;0.000000
448.110051;12.089317;30.674149;2.466417;-0.001760;2.850000;0.000000
448.310011;11.933254;30.799156;2.465956;-0.002858;2.850000;0.000000
448.509971;11.777265;30.924249;2.465274;-0.003955;2.850000;0.000000
448.709931;11.621377;31.049465;2.464374;-0.005052;2.850000;0.000000
448.909890;11.465615;31.174839;2.463254;-0.006149;2.850000;0.000000
449.109850;11.310006;31.300405;2.461915;-0.007246;2.850000;0.000000
449.309810;11.154576;31.426198;2.460389;-0.008342;2.850000;0.000000
449.509770;10.999348;31.552241;2.458911;-0.006763;2.850000;0.000000
449.709730;10.844288;31.678495;2.457764;-0.004705;2.850000;0.000000
449.909690;10.689343;31.804899;2.457029;-0.002648;2.850000;0.000000
450.109650;10.534464;31.931385;2.456705;-0.000591;2.850000;0.000000
450.309609;10.379599;32.057891;2.456793;0.001466;2.850000;0.000000
450.509569;10.224697;32.184350;2.457291;0.003523;2.850000;0.000000
450.709529;10.069709;32.310699;2.458202;0.005580;2.850000;0.000000
450.909489;9.914584;32.436871;2.459523;0.007638;2.850000;0.000000
451.109449;9.759270;32.562803;2.461256;0.009696;2.850000;0.000000
451.309409;9.603717;32.688430;2.463353;0.011754;2.850000;0.000000
451.509369;9.447882;32.813705;2.465473;0.009935;2.850000;0.000000
451.709328;9.291801;32.938669;2.467214;0.007476;2.850000;0.000000
451.909288;9.135534;33.063398;2.468463;0.005016;2.850000;0.000000
452.109248;8.979141;33.187972;2.469220;0.002557;2.850000;0.000000
452.309208;8.822681;33.312468;2.469485;0.000097;2.850000;0.000000
452.509168;8.666214;33.436965;2.469259;-0.002363;2.850000;0.000000
452.709128;8.509800;33.561540;2.468540;-0.004821;2.850000;0.000000
452.909088;8.353498;33.686273;2.467330;-0.007279;2.850000;0.000000
453.109048;8.197369;33.811240;2.465629;-0.009736;2.850000;0.000000
453.309007;8.041471;33.936521;2.463483;-0.012191;2.850000;0.000000
453.508967;7.885919;34.062125;2.461209;-0.011005;2.850000;0.000000
453.708927;7.730641;34.188074;2.459182;-0.009271;2.850000;0.000000
453.908887;7.575585;34.314320;2.457502;-0.007539;2.850000;0.000000
454.108847;7.420711;34.440807;2.456167;-0.005808;2.850000;0.000000
454.308807;7.265977;34.567479;2.455179;-0.004078;2.850000;0.000000
454.508767;7.111342;34.694280;2.454536;-0.002348;2.850000;0.000000
454.708726;6.956766;34.821155;2.454240;-0.000618;2.850000;0.000000
454.908686;6.802208;34.948047;2.454289;0.001112;2.850000;0.000000
455.108646;6.647627;35.074901;2.454685;0.002842;2.850000;0.000000
455.308606;6.492981;35.201660;2.455408;0.004573;2.850000;0.000000
455.508566;6.338195;35.328308;2.456330;0.004844;2.850000;0.000000
455.708526;6.183290;35.454802;2.457305;0.004906;2.850000;0.000000
455.908486;6.028271;35.581136;2.458293;0.004968;2.850000;0.000000
456.108445;5.873135;35.707310;2.459292;0.005030;2.850000;0.000000
456.308405;5.717878;35.833322;2.460304;0.005091;2.850000;0.000000
456.508365;5.562500;35.959171;2.461328;0.005153;2.850000;0.000000
456.708325;5.406996;36.084856;2.462365;0.005214;2.850000;0.000000
456.908285;5.251365;36.210376;2.463413;0.005276;2.850000;0.000000
457.108245;5.095605;36.335730;2.464474;0.005337;2.850000;0.000000
457.308205;4.939713;36.460916;2.465534;0.005398;2.850000;0.000000
457.508164;4.783672;36.585952;2.466500;0.004402;2.850000;0.000000
457.708124;4.627518;36.710852;2.467266;0.003267;2.850000;0.000000
457.908084;4.471284;36.835650;2.467806;0.002132;2.850000;0.000000
458.108044;4.314995;36.960381;2.468119;0.000997;2.850000;0.000000
458.308004;4.158682;37.085081;2.468205;-0.000139;2.850000;0.000000
458.507964;4.002373;37.209786;2.468064;-0.001274;2.850000;0.000000
458.707924;3.846095;37.334531;2.467695;-0.002409;2.850000;0.000000
458.907884;3.689877;37.459351;2.467100;-0.003544;2.850000;0.000000
459.107843;3.533748;37.584281;2.466278;-0.004679;2.850000;0.000000
459.307803;3.377736;37.709358;2.465257;-0.005814;2.850000;0.000000
459.507763;3.221856;37.834612;2.464223;-0.004816;2.850000;0.000000
459.707723;3.066096;37.960016;2.463385;-0.003563;2.850000;0.000000
459.907683;2.910425;38.085531;2.462798;-0.002310;2.850000;0.000000
460.107643;2.754814;38.211118;2.462461;-0.001057;2.850000;0.000000
460.307603;2.599231;38.336736;2.462375;0.000196;2.850000;0.000000
460.507562;2.443645;38.462346;2.462540;0.001449;2.850000;0.000000
460.707522;2.288026;38.587908;2.462955;0.002703;2.850000;0.000000
460.907482;2.132343;38.713383;2.463620;0.003956;2.850000;0.000000
461.107442;1.976564;38.838732;2.464537;0.005210;2.850000;0.000000
461.307402;1.820660;38.963915;2.465668;0.006464;2.850000;0.000000
461.507362;1.664601;39.088909;2.466789;0.005100;2.850000;0.000000
461.707322;1.508417;39.213742;2.467644;0.003456;2.850000;0.000000
461.907281;1.352148;39.338466;2.468170;0.001812;2.850000;0.000000
462.107241;1.195832;39.463134;2.468368;0.000168;2.850000;0.000000
462.307201;1.039510;39.587800;2.468237;-0.001476;2.850000;0.000000
462.507161;0.883219;39.712516;2.467778;-0.003120;2.850000;0.000000
462.707121;0.726998;39.837334;2.466990;-0.004763;2.850000;0.000000
462.907081;0.570888;39.962309;2.465873;-0.006405;2.850000;0.000000
463.107041;0.414927;40.087493;2.464428;-0.008046;2.850000;0.000000
463.307000;0.259154;40.212938;2.462700;-0.009686;2.850000;0.000000
463.506960;0.103665;40.338629;2.460966;-0.008105;2.850000;0.000000
463.706920;-0.051627;40.464577;2.459534;-0.006223;2.850000;0.000000
463.906880;-0.206774;40.590728;2.458477;-0.004342;2.850000;0.000000
464.106840;-0.361819;40.717019;2.457797;-0.002463;2.850000;0.000000
464.306800;-0.516806;40.843391;2.457493;-0.000583;2.850000;0.000000
464.506760;-0.671779;40.969781;2.457564;0.001296;2.850000;0.000000
464.706720;-0.826782;41.096129;2.458011;0.003175;2.850000;0.000000
464.906679;-0.981859;41.222373;2.458834;0.005055;2.850000;0.000000
465.106639;-1.137055;41.348454;2.460032;0.006936;2.850000;0.000000
465.306599;-1.292413;41.474309;2.461553;0.008818;2.850000;0.000000
465.506559;-1.448013;41.599934;2.463066;0.006853;2.850000;0.000000
465.706519;-1.603777;41.725339;2.464206;0.004553;2.850000;0.000000
465.906479;-1.759645;41.850594;2.464886;0.002252;2.850000;0.000000
466.106439;-1.915563;41.975774;2.465107;-0.000050;2.850000;0.000000
466.306398;-2.071476;42.100953;2.464866;-0.002352;2.850000;0.000000
466.506358;-2.227328;42.226203;2.464166;-0.004654;2.850000;0.000000
466.706318;-2.383066;42.351600;2.463005;-0.006956;2.850000;0.000000
466.906278;-2.538633;42.477217;2.461384;-0.009256;2.850000;0.000000
467.106238;-2.693976;42.603128;2.459304;-0.011555;2.850000;0.000000
467.306198;-2.849039;42.729407;2.456835;-0.013853;2.850000;0.000000
467.506158;-3.003739;42.856068;2.454403;-0.011189;2.850000;0.000000
467.706117;-3.158165;42.983083;2.452469;-0.008152;2.850000;0.000000
467.906077;-3.312395;43.110359;2.451142;-0.005117;2.850000;0.000000
468.106037;-3.466502;43.237798;2.450422;-0.002084;2.850000;0.000000
468.305997;-3.620559;43.365305;2.450309;0.000949;2.850000;0.000000
468.505957;-3.774640;43.492782;2.450802;0.003983;2.850000;0.000000
468.705917;-3.928819;43.620133;2.451902;0.007016;2.850000;0.000000
468.905877;-4.083169;43.747261;2.453608;0.010052;2.850000;0.000000
469.105836;-4.237763;43.874070;2.455922;0.013089;2.850000;0.000000
469.305796;-4.392674;44.000463;2.458768;0.016128;2.850000;0.000000
469.505756;-4.548024;44.126419;2.461706;0.014009;2.850000;0.000000
469.705716;-4.703719;44.251934;2.464260;0.011536;2.850000;0.000000
469.905676;-4.859692;44.377081;2.466319;0.009060;2.850000;0.000000
470.105636;-5.015884;44.501939;2.467883;0.006584;2.850000;0.000000
470.305596;-5.172235;44.626587;2.468952;0.004107;2.850000;0.000000
470.505556;-5.328682;44.751102;2.469526;0.001629;2.850000;0.000000
470.705515;-5.485167;44.875563;2.469604;-0.000849;2.850000;0.000000
470.905475;-5.641629;45.000050;2.469186;-0.003327;2.850000;0.000000
471.105435;-5.798006;45.124639;2.468273;-0.005805;2.850000;0.000000
471.305395;-5.954239;45.249410;2.466920;-0.008283;2.850000;0.000000
471.505355;-6.110279;45.374422;2.465443;-0.007050;2.850000;0.000000
471.705315;-6.266144;45.499655;2.464178;-0.005608;2.850000;0.000000
471.905275;-6.421872;45.625066;2.463201;-0.004165;2.850000;0.000000
472.105234;-6.577499;45.750609;2.462512;-0.002723;2.850000;0.000000
472.305194;-6.733061;45.876240;2.462111;-0.001281;2.850000;0.000000
472.505154;-6.888595;46.001913;2.461999;0.000160;2.850000;0.000000
472.705114;-7.044136;46.127585;2.462176;0.001602;2.850000;0.000000
472.905074;-7.199721;46.253209;2.462640;0.003043;2.850000;0.000000
473.105034;-7.355387;46.378743;2.463393;0.004485;2.850000;0.000000
473.304994;-7.511170;46.504140;2.464396;0.005925;2.850000;0.000000
473.504953;-7.667065;46.629343;2.465443;0.004915;2.850000;0.000000
473.704913;-7.823086;46.754395;2.466313;0.003795;2.850000;0.000000
473.904873;-7.979206;46.879331;2.466960;0.002676;2.850000;0.000000
474.104833;-8.135395;47.004186;2.467383;0.001556;2.850000;0.000000
474.304793;-8.291626;47.128995;2.467583;0.000437;2.850000;0.000000
474.504753;-8.447868;47.253791;2.467558;-0.000683;2.850000;0.000000
474.704713;-8.604095;47.378608;2.467310;-0.001802;2.850000;0.000000
474.904672;-8.760276;47.503482;2.466837;-0.002921;2.850000;0.000000
475.104632;-8.916384;47.628447;2.466141;-0.004041;2.850000;0.000000
475.304592;-9.072389;47.753536;2.465249;-0.005160;2.850000;0.000000
475.504552;-9.228266;47.878773;2.464312;-0.004495;2.850000;0.000000
475.704512;-9.384029;48.004149;2.463486;-0.003765;2.850000;0.000000
475.904472;-9.539698;48.129642;2.462806;-0.003035;2.850000;0.000000
476.104432;-9.695291;48.255230;2.462272;-0.002305;2.850000;0.000000
476.304392;-9.850827;48.380891;2.461884;-0.001575;2.850000;0.000000
476.504351;-10.006325;48.506602;2.461642;-0.000845;2.850000;0.000000
476.704311;-10.161804;48.632341;2.461546;-0.000115;2.850000;0.000000
476.904271;-10.317284;48.758086;2.461596;0.000614;2.850000;0.000000
477.104231;-10.472783;48.883816;2.461792;0.001344;2.850000;0.000000
477.304191;-10.628321;49.009507;2.462117;0.002073;2.850000;0.000000
477.504151;-10.783893;49.135129;2.462483;0.001751;2.850000;0.000000
477.704111;-10.939513;49.260699;2.462798;0.001400;2.850000;0.000000
477.904070;-11.095171;49.386227;2.463043;0.001050;2.850000;0.000000
478.104030;-11.250856;49.511724;2.463218;0.000699;2.850000;0.000000
478.303990;-11.406558;49.637199;2.463322;0.000349;2.850000;0.000000
478.503950;-11.562268;49.762661;2.463357;-0.000001;2.850000;0.000000
478.703910;-11.717975;49.888122;2.463322;-0.000352;2.850000;0.000000
478.903870;-11.873669;50.013589;2.463216;-0.000702;2.850000;0.000000
479.103830;-12.029339;50.139074;2.463041;-0.001053;2.850000;0.000000
479.303789;-12.184976;50.264586;2.462824;-0.001404;2.850000;0.000000
479.503749;-12.340631;50.390171;2.462719;0.000056;2.850000;0.000000
479.703709;-12.496281;50.515748;2.462879;0.001552;2.850000;0.000000
479.903669;-12.651962;50.641270;2.463339;0.003048;2.850000;0.000000
480.103629;-12.807712;50.766691;2.464099;0.004545;2.850000;0.000000
480.303589;-12.963568;50.891965;2.465157;0.006042;2.850000;0.000000
480.503549;-13.119568;51.017044;2.466515;0.007539;2.850000;0.000000
480.703508;-13.275750;51.141883;2.468172;0.009036;2.850000;0.000000
480.903468;-13.432152;51.266436;2.470128;0.010534;2.850000;0.000000
481.103428;-13.588812;51.390655;2.472384;0.012031;2.850000;0.000000
481.303388;-13.745767;51.514495;2.474909;0.013528;2.850000;0.000000
481.503348;-13.902981;51.637865;2.477556;0.013242;2.850000;0.000000
481.703308;-14.060525;51.760822;2.480172;0.012939;2.850000;0.000000
481.903268;-14.218397;51.883380;2.482727;0.012634;2.850000;0.000000
482.103228;-14.376596;52.005552;2.485222;0.012327;2.850000;0.000000
482.303187;-14.535119;52.127352;2.487655;0.012018;2.850000;0.000000
482.503147;-14.693962;52.248793;2.490027;0.011708;2.850000;0.000000
482.703107;-14.853125;52.369889;2.492338;0.011397;2.850000;0.000000
482.903067;-15.012605;52.490652;2.494587;0.011085;2.850000;0.000000
483.103027;-15.172399;52.611097;2.496773;0.010771;2.850000;0.000000
483.302987;-15.332505;52.731237;2.499063;0.010457;2.850000;0.000000
483.502947;-15.492913;52.850996;2.502284;0.020073;2.850000;0.000000
483.702906;-15.653819;52.970125;2.507268;0.029725;2.850000;0.000000
483.902866;-15.815416;53.088281;2.514188;0.039407;2.850000;0.000000
484.102826;-15.977892;53.205125;2.523047;0.049132;2.850000;0.000000
484.302786;-16.141438;53.320317;2.533852;0.058904;2.850000;0.000000
484.502746;-16.306245;53.433515;2.546611;0.068722;2.850000;0.000000
484.702706;-16.472503;53.544380;2.561328;0.078572;2.850000;0.000000
484.902666;-16.640402;53.652570;2.578007;0.088430;2.850000;0.000000
485.102625;-16.810133;53.757746;2.596647;0.098256;2.850000;0.000000
485.302585;-16.981885;53.859568;2.617027;0.107979;2.850000;0.000000
485.502545;-17.155894;53.957818;2.638042;0.104566;2.850000;0.000000
485.702505;-17.331978;54.052442;2.658609;0.101200;2.850000;0.000000
485.902465;-17.510001;54.143515;2.678515;0.097893;2.850000;0.000000
486.102425;-17.689824;54.231110;2.697773;0.094656;2.850000;0.000000
486.302385;-17.871309;54.315301;2.716394;0.091495;2.850000;0.000000
486.502344;-18.054318;54.396161;2.734393;0.088419;2.850000;0.000000
486.702304;-18.238713;54.473764;2.751783;0.085430;2.850000;0.000000
486.902264;-18.424357;54.548185;2.768580;0.082532;2.850000;0.000000
487.102224;-18.611110;54.619495;2.784798;0.079728;2.850000;0.000000
487.302184;-18.798833;54.687770;2.800430;0.077007;2.850000;0.000000
487.502144;-18.987238;54.753038;2.815410;0.073312;2.850000;0.000000
487.702104;-19.176481;54.815515;2.829640;0.069478;2.850000;0.000000
487.902064;-19.366567;54.875365;2.843093;0.065527;2.850000;0.000000
488.102023;-19.557500;54.932752;2.855755;0.061482;2.850000;0.000000
488.301983;-19.749283;54.987840;2.867613;0.057364;2.850000;0.000000
488.501943;-19.941922;55.040793;2.878657;0.053193;2.850000;0.000000
488.701903;-20.135420;55.091775;2.888881;0.048988;2.850000;0.000000
488.901863;-20.329782;55.140951;2.898278;0.044764;2.850000;0.000000
489.101823;-20.525012;55.188485;2.906848;0.040536;2.850000;0.000000
489.301783;-20.721112;55.234539;2.915064;0.036622;2.850000;0.000000
489.501742;-20.917845;55.279027;2.925276;0.060134;2.850000;0.000000
489.701702;-21.115282;55.321160;2.939818;0.083968;2.850000;0.000000
489.901662;-21.313257;55.359911;2.959219;0.108434;2.850000;0.000000
490.101622;-21.511600;55.394250;2.983588;0.133766;2.850000;0.000000
490.301582;-21.710144;55.423148;3.013060;0.160090;2.850000;0.000000
490.501542;-21.908721;55.445576;3.047777;0.187392;2.850000;0.000000
490.701502;-22.107163;55.460504;3.087864;0.215458;2.850000;0.000000
490.901461;-22.305302;55.466904;3.133402;0.243824;2.850000;0.000000
491.101421;-22.502970;55.463746;-3.125619;0.271724;2.850000;0.000000
