# s_m;x_m;y_m;psi_rad;kappa_radpm;vx_mps;ax_mps2
0.000000;-21.649999;55.050002;-0.113696;-0.172161;2.850000;0.000000
0.199947;-21.451683;55.027356;-0.129370;-0.157245;2.850000;0.000000
0.399893;-21.254368;54.998531;-0.159189;-0.141744;2.850000;0.000000
0.599840;-21.057959;54.964145;-0.185878;-0.125907;2.850000;0.000000
0.799787;-20.862362;54.924815;-0.209406;-0.109929;2.850000;0.000000
0.999734;-20.667483;54.881160;-0.229765;-0.093947;2.850000;0.000000
1.199680;-20.473225;54.833798;-0.246960;-0.078051;2.850000;0.000000
1.399627;-20.279496;54.783346;-0.261005;-0.062283;2.850000;0.000000
1.599574;-20.086199;54.730424;-0.271920;-0.046656;2.850000;0.000000
1.799521;-19.893241;54.675648;-0.279722;-0.031151;2.850000;0.000000
1.999467;-19.700527;54.619638;-0.284913;-0.015812;2.850000;0.000000
2.199414;-19.507928;54.562797;-0.289912;-0.029232;2.850000;0.000000
2.399361;-19.315725;54.504845;-0.297134;-0.042726;2.850000;0.000000
2.599307;-19.124164;54.445289;-0.307069;-0.056336;2.850000;0.000000
2.799254;-18.933493;54.383640;-0.319735;-0.070094;2.850000;0.000000
2.999201;-18.743956;54.319404;-0.335154;-0.084011;2.850000;0.000000
3.199148;-18.555801;54.252092;-0.353347;-0.098076;2.850000;0.000000
3.399094;-18.369274;54.181212;-0.374332;-0.112250;2.850000;0.000000
3.599041;-18.184620;54.106272;-0.398118;-0.126456;2.850000;0.000000
3.798988;-18.002086;54.026781;-0.424704;-0.140579;2.850000;0.000000
3.998934;-17.821920;53.942249;-0.453613;-0.154191;2.850000;0.000000
4.198881;-17.644388;53.852396;-0.482627;-0.141550;2.850000;0.000000
4.398828;-17.469295;53.757490;-0.509553;-0.128821;2.850000;0.000000
4.598775;-17.296476;53.657993;-0.533978;-0.116127;2.850000;0.000000
4.798721;-17.125763;53.554368;-0.555913;-0.103549;2.850000;0.000000
4.998668;-16.956991;53.447081;-0.575380;-0.091140;2.850000;0.000000
5.198615;-16.789993;53.336593;-0.592405;-0.078922;2.850000;0.000000
5.398562;-16.624602;53.223369;-0.607017;-0.066892;2.850000;0.000000
5.598508;-16.460654;53.107871;-0.619241;-0.055030;2.850000;0.000000
5.798455;-16.297982;52.990565;-0.629101;-0.043297;2.850000;0.000000
5.998402;-16.136416;52.871911;-0.636748;-0.031738;2.850000;0.000000
6.198348;-15.975637;52.752190;-0.642836;-0.027795;2.850000;0.000000
6.398295;-15.815682;52.631694;-0.648005;-0.023814;2.850000;0.000000
6.598242;-15.656433;52.510534;-0.652369;-0.019802;2.850000;0.000000
6.798189;-15.497768;52.388823;-0.655925;-0.015766;2.850000;0.000000
6.998135;-15.339566;52.266674;-0.658671;-0.011710;2.850000;0.000000
7.198082;-15.181708;52.144200;-0.660604;-0.007640;2.850000;0.000000
7.398029;-15.024073;52.021513;-0.661723;-0.003562;2.850000;0.000000
7.597976;-14.866540;51.898725;-0.662027;0.000521;2.850000;0.000000
7.797922;-14.708989;51.775950;-0.661515;0.004602;2.850000;0.000000
7.997869;-14.551300;51.653299;-0.660299;0.008524;2.850000;0.000000
8.197816;-14.393376;51.530850;-0.658898;0.006445;2.850000;0.000000
8.397762;-14.235256;51.408574;-0.657818;0.004370;2.850000;0.000000
8.597709;-14.076997;51.286411;-0.657151;0.002298;2.850000;0.000000
8.797656;-13.918657;51.164302;-0.656899;0.000228;2.850000;0.000000
8.997603;-13.760295;51.042187;-0.657060;-0.001841;2.850000;0.000000
9.197549;-13.601967;50.920005;-0.657635;-0.003910;2.850000;0.000000
9.397496;-13.443732;50.797698;-0.658624;-0.005979;2.850000;0.000000
9.597443;-13.285648;50.675205;-0.660026;-0.008049;2.850000;0.000000
9.797389;-13.127772;50.552467;-0.661843;-0.010122;2.850000;0.000000
9.997336;-12.970160;50.429421;-0.664031;-0.012106;2.850000;0.000000
10.197283;-12.812794;50.305970;-0.666384;-0.011791;2.850000;0.000000
10.397230;-12.655740;50.182165;-0.668711;-0.011474;2.850000;0.000000
10.597176;-12.498986;50.058012;-0.670973;-0.011155;2.850000;0.000000
10.797123;-12.342523;49.933521;-0.673172;-0.010836;2.850000;0.000000
10.997070;-12.186340;49.808699;-0.675306;-0.010516;2.850000;0.000000
11.197017;-12.030426;49.683554;-0.677377;-0.010195;2.850000;0.000000
11.396963;-11.874771;49.558094;-0.679383;-0.009874;2.850000;0.000000
11.596910;-11.719365;49.432328;-0.681325;-0.009551;2.850000;0.000000
11.796857;-11.564196;49.306263;-0.683202;-0.009228;2.850000;0.000000
11.996803;-11.409255;49.179908;-0.684975;-0.008792;2.850000;0.000000
12.196750;-11.254531;49.053291;-0.686469;-0.006439;2.850000;0.000000
12.396697;-11.099963;48.926469;-0.687521;-0.004087;2.850000;0.000000
12.596644;-10.945492;48.799516;-0.688103;-0.001736;2.850000;0.000000
12.796590;-10.791062;48.672506;-0.688215;0.000615;2.850000;0.000000
12.996537;-10.636614;48.545512;-0.687857;0.002966;2.850000;0.000000
13.196484;-10.482089;48.418610;-0.687029;0.005317;2.850000;0.000000
13.396431;-10.327431;48.291873;-0.685731;0.007668;2.850000;0.000000
13.596377;-10.172580;48.165375;-0.683962;0.010020;2.850000;0.000000
13.796324;-10.017479;48.039190;-0.681724;0.012372;2.850000;0.000000
13.996271;-9.862069;47.913390;-0.679117;0.014365;2.850000;0.000000
14.196217;-9.706308;47.788012;-0.676573;0.011745;2.850000;0.000000
14.396164;-9.550256;47.663002;-0.674486;0.009125;2.850000;0.000000
14.596111;-9.393976;47.538277;-0.672923;0.006505;2.850000;0.000000
14.796058;-9.237535;47.413756;-0.671885;0.003884;2.850000;0.000000
14.996004;-9.080998;47.289357;-0.671370;0.001264;2.850000;0.000000
15.195951;-8.924431;47.164999;-0.671380;-0.001357;2.850000;0.000000
15.395898;-8.767898;47.040598;-0.671913;-0.003978;2.850000;0.000000
15.595844;-8.611465;46.916074;-0.672970;-0.006599;2.850000;0.000000
15.795791;-8.455197;46.791345;-0.674552;-0.009220;2.850000;0.000000
15.995738;-8.299163;46.666330;-0.676570;-0.011480;2.850000;0.000000
16.195685;-8.143426;46.540991;-0.678675;-0.010083;2.850000;0.000000
16.395631;-7.987940;46.415336;-0.680551;-0.008686;2.850000;0.000000
16.595578;-7.832667;46.289409;-0.682148;-0.007289;2.850000;0.000000
16.795525;-7.677573;46.163250;-0.683466;-0.005891;2.850000;0.000000
16.995472;-7.522619;46.036902;-0.684504;-0.004494;2.850000;0.000000
17.195418;-7.367771;45.910409;-0.685263;-0.003096;2.850000;0.000000
17.395365;-7.212990;45.783811;-0.685742;-0.001700;2.850000;0.000000
17.595312;-7.058242;45.657152;-0.685942;-0.000303;2.850000;0.000000
17.795258;-6.903490;45.530473;-0.685864;0.001092;2.850000;0.000000
17.995205;-6.748704;45.403824;-0.685528;0.002384;2.850000;0.000000
18.195152;-6.593906;45.277282;-0.685022;0.002792;2.850000;0.000000
18.395099;-6.439027;45.150817;-0.684423;0.003200;2.850000;0.000000
18.595045;-6.284060;45.024447;-0.683743;0.003608;2.850000;0.000000
18.794992;-6.128999;44.898185;-0.682980;0.004017;2.850000;0.000000
18.994939;-5.973836;44.772048;-0.682136;0.004426;2.850000;0.000000
19.194886;-5.818565;44.646050;-0.681210;0.004835;2.850000;0.000000
19.394832;-5.663179;44.520208;-0.680202;0.005245;2.850000;0.000000
19.594779;-5.507670;44.394537;-0.679113;0.005656;2.850000;0.000000
19.794726;-5.352032;44.269052;-0.677941;0.006067;2.850000;0.000000
19.994672;-5.196247;44.143760;-0.676726;0.006280;2.850000;0.000000
20.194619;-5.040246;44.018607;-0.675618;0.004999;2.850000;0.000000
20.394566;-4.884136;43.893622;-0.674746;0.003716;2.850000;0.000000
20.594513;-4.727946;43.768764;-0.674132;0.002432;2.850000;0.000000
20.794459;-4.571706;43.643991;-0.673774;0.001148;2.850000;0.000000
20.994406;-4.415447;43.519260;-0.673673;-0.000137;2.850000;0.000000
21.194353;-4.259196;43.394530;-0.673829;-0.001422;2.850000;0.000000
21.394299;-4.102985;43.269758;-0.674241;-0.002707;2.850000;0.000000
21.594246;-3.946843;43.144903;-0.674911;-0.003991;2.850000;0.000000
21.794193;-3.790799;43.019922;-0.675837;-0.005276;2.850000;0.000000
21.994140;-3.634883;42.894774;-0.676954;-0.006196;2.850000;0.000000
22.194086;-3.479114;42.769440;-0.678022;-0.004777;2.850000;0.000000
22.394033;-3.323458;42.643954;-0.678835;-0.003357;2.850000;0.000000
22.593980;-3.167883;42.518359;-0.679365;-0.001938;2.850000;0.000000
22.793927;-3.012353;42.392702;-0.679610;-0.000520;2.850000;0.000000
22.993873;-2.856834;42.267026;-0.679573;0.000899;2.850000;0.000000
23.193820;-2.701291;42.141378;-0.679251;0.002318;2.850000;0.000000
23.393767;-2.545690;42.015801;-0.678646;0.003737;2.850000;0.000000
23.593713;-2.389995;41.890341;-0.677757;0.005155;2.850000;0.000000
23.793660;-2.234173;41.765043;-0.676584;0.006574;2.850000;0.000000
23.993607;-2.078189;41.639952;-0.675213;0.007483;2.850000;0.000000
24.193554;-1.922025;41.515083;-0.673946;0.005538;2.850000;0.000000
24.393500;-1.765725;41.390388;-0.673033;0.003592;2.850000;0.000000
24.593447;-1.609337;41.265807;-0.672509;0.001646;2.850000;0.000000
24.793394;-1.452908;41.141277;-0.672375;-0.000300;2.850000;0.000000
24.993341;-1.296487;41.016739;-0.672630;-0.002246;2.850000;0.000000
25.193287;-1.140121;40.892129;-0.673273;-0.004192;2.850000;0.000000
25.393234;-0.983860;40.767388;-0.674306;-0.006138;2.850000;0.000000
25.593181;-0.827750;40.642455;-0.675728;-0.008084;2.850000;0.000000
25.793127;-0.671839;40.517266;-0.677538;-0.010029;2.850000;0.000000
25.993074;-0.516181;40.391767;-0.679628;-0.011276;2.850000;0.000000
26.193021;-0.360816;40.265946;-0.681625;-0.009093;2.850000;0.000000
26.392968;-0.205675;40.139838;-0.683225;-0.006910;2.850000;0.000000
26.592914;-0.050703;40.013511;-0.684388;-0.004728;2.850000;0.000000
26.792861;0.104154;39.887034;-0.685115;-0.002546;2.850000;0.000000
26.992808;0.258951;39.760475;-0.685406;-0.000365;2.850000;0.000000
27.192754;0.413742;39.633901;-0.685261;0.001816;2.850000;0.000000
27.392701;0.568582;39.507382;-0.684680;0.003997;2.850000;0.000000
27.592648;0.723526;39.380984;-0.683663;0.006178;2.850000;0.000000
27.792595;0.878627;39.254777;-0.682210;0.008359;2.850000;0.000000
27.992541;1.033938;39.128829;-0.680415;0.009908;2.850000;0.000000
28.192488;1.189484;39.003185;-0.678588;0.008672;2.850000;0.000000
28.392435;1.345249;38.877810;-0.676977;0.007436;2.850000;0.000000
28.592382;1.501200;38.752667;-0.675614;0.006200;2.850000;0.000000
28.792328;1.657307;38.627717;-0.674498;0.004964;2.850000;0.000000
28.992275;1.813536;38.502923;-0.673629;0.003728;2.850000;0.000000
29.192222;1.969856;38.378247;-0.673007;0.002492;2.850000;0.000000
29.392168;2.126235;38.253652;-0.672632;0.001257;2.850000;0.000000
29.592115;2.282640;38.129099;-0.672505;0.000021;2.850000;0.000000
29.792062;2.439041;38.004552;-0.672624;-0.001216;2.850000;0.000000
29.992009;2.595409;37.879968;-0.672980;-0.002374;2.850000;0.000000
30.191955;2.751730;37.755303;-0.673536;-0.003222;2.850000;0.000000
30.391902;2.907964;37.630541;-0.674264;-0.004069;2.850000;0.000000
30.591849;3.064094;37.505655;-0.675163;-0.004916;2.850000;0.000000
30.791796;3.220101;37.380616;-0.676230;-0.005762;2.850000;0.000000
30.991742;3.375964;37.255397;-0.677467;-0.006609;2.850000;0.000000
31.191689;3.531665;37.129969;-0.678873;-0.007454;2.850000;0.000000
31.391636;3.687186;37.004304;-0.680448;-0.008300;2.850000;0.000000
31.591582;3.842506;36.878374;-0.682192;-0.009144;2.850000;0.000000
31.791529;3.997606;36.752152;-0.684104;-0.009988;2.850000;0.000000
31.991476;4.152455;36.625619;-0.686086;-0.010109;2.850000;0.000000
32.191423;4.307023;36.498809;-0.687831;-0.007613;2.850000;0.000000
32.391369;4.461410;36.371753;-0.689103;-0.005118;2.850000;0.000000
32.591316;4.615676;36.244531;-0.689877;-0.002624;2.850000;0.000000
32.791263;4.769880;36.117225;-0.690153;-0.000131;2.850000;0.000000
32.991209;4.924082;35.989913;-0.689930;0.002362;2.850000;0.000000
33.191156;5.078343;35.862676;-0.689208;0.004855;2.850000;0.000000
33.391103;5.232720;35.735594;-0.687988;0.007350;2.850000;0.000000
33.591050;5.387274;35.608747;-0.686269;0.009845;2.850000;0.000000
33.790996;5.542066;35.482214;-0.684052;0.012343;2.850000;0.000000
33.990943;5.697171;35.356062;-0.681472;0.013811;2.850000;0.000000
34.190890;5.852660;35.230292;-0.678947;0.011794;2.850000;0.000000
34.390837;6.008431;35.104899;-0.676790;0.009776;2.850000;0.000000
34.590783;6.164437;34.979820;-0.675037;0.007755;2.850000;0.000000
34.790730;6.320629;34.854989;-0.673689;0.005734;2.850000;0.000000
34.990677;6.476957;34.730343;-0.672744;0.003713;2.850000;0.000000
35.190623;6.633374;34.605816;-0.672204;0.001690;2.850000;0.000000
35.390570;6.789830;34.481344;-0.672069;-0.000332;2.850000;0.000000
35.590517;6.946277;34.356862;-0.672337;-0.002354;2.850000;0.000000
35.790464;7.102666;34.232306;-0.673009;-0.004377;2.850000;0.000000
35.990410;7.258949;34.107611;-0.673994;-0.005690;2.850000;0.000000
36.190357;7.415099;33.982742;-0.675025;-0.004825;2.850000;0.000000
36.390304;7.571131;33.857720;-0.675903;-0.003961;2.850000;0.000000
36.590251;7.727068;33.732571;-0.676609;-0.003097;2.850000;0.000000
36.790197;7.882929;33.607325;-0.677141;-0.002233;2.850000;0.000000
36.990144;8.038735;33.482008;-0.677502;-0.001369;2.850000;0.000000
37.190091;8.194508;33.356648;-0.677689;-0.000505;2.850000;0.000000
37.390037;8.350269;33.231272;-0.677704;0.000359;2.850000;0.000000
37.589984;8.506037;33.105907;-0.677545;0.001223;2.850000;0.000000
37.789931;8.661835;32.980582;-0.677215;0.002087;2.850000;0.000000
37.989878;8.817683;32.855324;-0.676763;0.002544;2.850000;0.000000
38.189824;8.973590;32.730143;-0.676333;0.001864;2.850000;0.000000
38.389771;9.129541;32.605022;-0.676028;0.001183;2.850000;0.000000
38.589718;9.285522;32.479938;-0.675860;0.000502;2.850000;0.000000
38.789664;9.441516;32.354870;-0.675827;-0.000179;2.850000;0.000000
38.989611;9.597506;32.229795;-0.675931;-0.000860;2.850000;0.000000
39.189558;9.753476;32.104692;-0.676171;-0.001540;2.850000;0.000000
39.389505;9.909411;31.979538;-0.676547;-0.002221;2.850000;0.000000
39.589451;10.065294;31.854312;-0.677059;-0.002901;2.850000;0.000000
39.789398;10.221109;31.728992;-0.677707;-0.003582;2.850000;0.000000
39.989345;10.376828;31.603567;-0.678447;-0.003906;2.850000;0.000000
40.189292;10.532423;31.478043;-0.679162;-0.003321;2.850000;0.000000
40.389238;10.687942;31.352412;-0.679767;-0.002735;2.850000;0.000000
40.589185;10.843398;31.226690;-0.680255;-0.002149;2.850000;0.000000
40.789132;10.998806;31.100897;-0.680626;-0.001564;2.850000;0.000000
40.989078;11.154180;30.975050;-0.680881;-0.000979;2.850000;0.000000
41.189025;11.309535;30.849169;-0.681018;-0.000393;2.850000;0.000000
41.388972;11.464886;30.723271;-0.681038;0.000192;2.850000;0.000000
41.588919;11.620247;30.597375;-0.680941;0.000777;2.850000;0.000000
41.788865;11.775632;30.471499;-0.680727;0.001362;2.850000;0.000000
41.988812;11.931050;30.345667;-0.680398;0.001938;2.850000;0.000000
42.188759;12.086506;30.219903;-0.679955;0.002493;2.850000;0.000000
42.388705;12.242027;30.094215;-0.679401;0.003049;2.850000;0.000000
42.588652;12.397625;29.968621;-0.678735;0.003604;2.850000;0.000000
42.788599;12.553312;29.843141;-0.677959;0.004160;2.850000;0.000000
42.988546;12.709101;29.717792;-0.677072;0.004716;2.850000;0.000000
43.188492;12.865004;29.592594;-0.676073;0.005273;2.850000;0.000000
43.388439;13.021032;29.467565;-0.674963;0.005829;2.850000;0.000000
43.588386;13.177198;29.342724;-0.673742;0.006386;2.850000;0.000000
43.788333;13.333515;29.218090;-0.672411;0.006944;2.850000;0.000000
43.988279;13.490014;29.093665;-0.671093;0.006443;2.850000;0.000000
44.188226;13.646703;28.969408;-0.670111;0.003568;2.850000;0.000000
44.388173;13.803470;28.845271;-0.669686;0.000691;2.850000;0.000000
44.588119;13.960247;28.721162;-0.669835;-0.002186;2.850000;0.000000
44.788066;14.116962;28.596990;-0.670560;-0.005064;2.850000;0.000000
44.988013;14.273546;28.472664;-0.671860;-0.007942;2.850000;0.000000
45.187960;14.429928;28.348093;-0.673736;-0.010821;2.850000;0.000000
45.387906;14.586037;28.223185;-0.676187;-0.013699;2.850000;0.000000
45.587853;14.741804;28.097851;-0.679213;-0.016575;2.850000;0.000000
45.787800;14.897159;27.971998;-0.682811;-0.019451;2.850000;0.000000
45.987747;15.052023;27.845543;-0.686715;-0.020008;2.850000;0.000000
46.187693;15.206384;27.718486;-0.690255;-0.015772;2.850000;0.000000
46.387640;15.360354;27.590934;-0.692985;-0.011538;2.850000;0.000000
46.587587;15.514038;27.463021;-0.694869;-0.007306;2.850000;0.000000
46.787533;15.667541;27.334877;-0.695907;-0.003075;2.850000;0.000000
46.987480;15.820968;27.206637;-0.696099;0.001155;2.850000;0.000000
47.187427;15.974424;27.078433;-0.695445;0.005386;2.850000;0.000000
47.387374;16.128013;26.950398;-0.693945;0.009617;2.850000;0.000000
47.587320;16.281842;26.822665;-0.691599;0.013850;2.850000;0.000000
47.787267;16.436014;26.695365;-0.688411;0.018085;2.850000;0.000000
47.987214;16.590643;26.568624;-0.684649;0.019926;2.850000;0.000000
48.187160;16.745774;26.442483;-0.680977;0.017144;2.850000;0.000000
48.387107;16.901332;26.316879;-0.677827;0.014360;2.850000;0.000000
48.587054;17.057248;26.191724;-0.675235;0.011575;2.850000;0.000000
48.787001;17.213454;26.066929;-0.673199;0.008789;2.850000;0.000000
48.986947;17.369881;25.942407;-0.671720;0.006004;2.850000;0.000000
49.186894;17.526462;25.818070;-0.670798;0.003218;2.850000;0.000000
49.386841;17.683128;25.693829;-0.670433;0.000433;2.850000;0.000000
49.586788;17.839810;25.569598;-0.670625;-0.002351;2.850000;0.000000
49.786734;17.996440;25.445287;-0.671370;-0.005135;2.850000;0.000000
49.986681;18.152934;25.320824;-0.672529;-0.006639;2.850000;0.000000
50.186628;18.309244;25.196177;-0.673762;-0.005854;2.850000;0.000000
50.386574;18.465416;25.071340;-0.674854;-0.005070;2.850000;0.000000
50.586521;18.621467;24.946341;-0.675790;-0.004286;2.850000;0.000000
50.786468;18.777415;24.821204;-0.676568;-0.003503;2.850000;0.000000
50.986415;18.933280;24.695954;-0.677191;-0.002720;2.850000;0.000000
51.186361;19.089078;24.570618;-0.677656;-0.001937;2.850000;0.000000
51.386308;19.244830;24.445221;-0.677965;-0.001154;2.850000;0.000000
51.586255;19.400552;24.319788;-0.678117;-0.000371;2.850000;0.000000
51.786202;19.556264;24.194345;-0.678114;0.000412;2.850000;0.000000
51.986148;19.711986;24.068914;-0.677993;0.000843;2.850000;0.000000
52.186095;19.867731;23.943505;-0.677845;0.000681;2.850000;0.000000
52.386042;20.023490;23.818120;-0.677725;0.000519;2.850000;0.000000
52.585988;20.179260;23.692754;-0.677637;0.000357;2.850000;0.000000
52.785935;20.335035;23.567401;-0.677582;0.000195;2.850000;0.000000
52.985882;20.490813;23.442056;-0.677559;0.000033;2.850000;0.000000
53.185829;20.646590;23.316714;-0.677569;-0.000129;2.850000;0.000000
53.385775;20.802362;23.191369;-0.677611;-0.000291;2.850000;0.000000
53.585722;20.958125;23.066016;-0.677685;-0.000453;2.850000;0.000000
53.785669;21.113876;22.940650;-0.677791;-0.000615;2.850000;0.000000
53.985615;21.269616;22.815261;-0.677912;-0.000611;2.850000;0.000000
54.185562;21.425350;22.689847;-0.678006;-0.000345;2.850000;0.000000
54.385509;21.581074;22.564423;-0.678048;-0.000080;2.850000;0.000000
54.585456;21.736795;22.438998;-0.678038;0.000186;2.850000;0.000000
54.785402;21.892519;22.313579;-0.677974;0.000451;2.850000;0.000000
54.985349;22.048253;22.188175;-0.677857;0.000717;2.850000;0.000000
55.185296;22.204004;22.062795;-0.677687;0.000983;2.850000;0.000000
55.385243;22.359777;21.937447;-0.677464;0.001248;2.850000;0.000000
55.585189;22.515580;21.812140;-0.677188;0.001514;2.850000;0.000000
55.785136;22.671418;21.686882;-0.676860;0.001780;2.850000;0.000000
55.985083;22.827294;21.561683;-0.676541;0.001483;2.850000;0.000000
56.185029;22.983199;21.436535;-0.676362;0.000355;2.850000;0.000000
56.384976;23.139113;21.311398;-0.676404;-0.000773;2.850000;0.000000
56.584923;23.295010;21.186235;-0.676671;-0.001900;2.850000;0.000000
56.784870;23.450862;21.061010;-0.677163;-0.003028;2.850000;0.000000
56.984816;23.606645;20.935686;-0.677881;-0.004155;2.850000;0.000000
57.184763;23.762331;20.810227;-0.678825;-0.005281;2.850000;0.000000
57.384710;23.917893;20.684596;-0.679993;-0.006407;2.850000;0.000000
57.584657;24.073307;20.558756;-0.681387;-0.007532;2.850000;0.000000
57.784603;24.228544;20.432671;-0.683004;-0.008657;2.850000;0.000000
57.984550;24.383584;20.306301;-0.684785;-0.009209;2.850000;0.000000
58.184497;24.538411;20.179632;-0.686599;-0.008973;2.850000;0.000000
58.384443;24.693016;20.052681;-0.688371;-0.008739;2.850000;0.000000
58.584390;24.847394;19.925462;-0.690096;-0.008507;2.850000;0.000000
58.784337;25.001543;19.797992;-0.691774;-0.008277;2.850000;0.000000
58.984284;25.155458;19.670286;-0.693407;-0.008049;2.850000;0.000000
59.184230;25.309137;19.542357;-0.694994;-0.007823;2.850000;0.000000
59.384177;25.462576;19.414221;-0.696535;-0.007598;2.850000;0.000000
59.584124;25.615771;19.285894;-0.698031;-0.007374;2.850000;0.000000
59.784070;25.768718;19.157389;-0.699485;-0.007152;2.850000;0.000000
59.984017;25.921558;19.028602;-0.700953;-0.007480;2.850000;0.000000
60.183964;26.074322;18.899485;-0.702556;-0.008519;2.850000;0.000000
60.383911;26.226815;18.770151;-0.704363;-0.009557;2.850000;0.000000
60.583857;26.379023;18.640558;-0.706377;-0.010592;2.850000;0.000000
60.783804;26.530935;18.510661;-0.708597;-0.011624;2.850000;0.000000
60.983751;26.682536;18.380419;-0.711023;-0.012652;2.850000;0.000000
61.183698;26.833815;18.249787;-0.713654;-0.013675;2.850000;0.000000
61.383644;26.984760;18.118723;-0.716490;-0.014691;2.850000;0.000000
61.583591;27.135357;17.987182;-0.719528;-0.015700;2.850000;0.000000
61.783538;27.285594;17.855122;-0.722770;-0.016701;2.850000;0.000000
61.983484;27.435301;17.722637;-0.726283;-0.018391;2.850000;0.000000
62.183431;27.584416;17.589694;-0.730209;-0.020859;2.850000;0.000000
62.383378;27.733034;17.456079;-0.734625;-0.023330;2.850000;0.000000
62.583325;27.881072;17.321731;-0.739536;-0.025805;2.850000;0.000000
62.783271;28.028450;17.186589;-0.744944;-0.028285;2.850000;0.000000
62.983218;28.175086;17.050592;-0.750849;-0.030770;2.850000;0.000000
63.183165;28.320898;16.913681;-0.757253;-0.033262;2.850000;0.000000
63.383112;28.465805;16.775794;-0.764156;-0.035761;2.850000;0.000000
63.583058;28.609725;16.636871;-0.771560;-0.038266;2.850000;0.000000
63.783005;28.752577;16.496850;-0.779458;-0.040776;2.850000;0.000000
63.982952;28.894277;16.355679;-0.787669;-0.041478;2.850000;0.000000
64.182898;29.034795;16.213348;-0.795837;-0.040281;2.850000;0.000000
64.382845;29.174157;16.069893;-0.803774;-0.039087;2.850000;0.000000
64.582792;29.312389;15.925360;-0.811473;-0.037898;2.850000;0.000000
64.782739;29.449513;15.779790;-0.818933;-0.036713;2.850000;0.000000
64.982685;29.585554;15.633230;-0.826156;-0.035533;2.850000;0.000000
65.182632;29.720537;15.485721;-0.833144;-0.034358;2.850000;0.000000
65.382579;29.854485;15.337309;-0.839896;-0.033189;2.850000;0.000000
65.582525;29.987423;15.188037;-0.846413;-0.032026;2.850000;0.000000
65.782472;30.119374;15.037950;-0.852695;-0.030868;2.850000;0.000000
65.982419;30.250427;14.887020;-0.858628;-0.028596;2.850000;0.000000
66.182366;30.380645;14.735309;-0.864001;-0.025208;2.850000;0.000000
66.382312;30.510079;14.582967;-0.868701;-0.021810;2.850000;0.000000
66.582259;30.638838;14.430073;-0.872720;-0.018404;2.850000;0.000000
66.782206;30.767033;14.276706;-0.876058;-0.014994;2.850000;0.000000
66.982153;30.894776;14.122947;-0.878714;-0.011582;2.850000;0.000000
67.182099;31.022178;13.968874;-0.880689;-0.008169;2.850000;0.000000
67.382046;31.149348;13.814569;-0.881981;-0.004758;2.850000;0.000000
67.581993;31.276398;13.660109;-0.882591;-0.001349;2.850000;0.000000
67.781939;31.403439;13.505576;-0.882546;0.002056;2.850000;0.000000
67.981886;31.530513;13.351117;-0.882375;0.000075;2.850000;0.000000
68.181833;31.657563;13.196681;-0.883060;-0.006742;2.850000;0.000000
68.381780;31.784423;13.042050;-0.885090;-0.013557;2.850000;0.000000
68.581726;31.910870;12.887069;-0.888484;-0.020376;2.850000;0.000000
68.781673;32.036678;12.731581;-0.893242;-0.027203;2.850000;0.000000
68.981620;32.161622;12.575429;-0.899366;-0.034043;2.850000;0.000000
69.181567;32.285479;12.418459;-0.906858;-0.040896;2.850000;0.000000
69.381513;32.408023;12.260514;-0.915720;-0.047760;2.850000;0.000000
69.581460;32.529030;12.101438;-0.925952;-0.054631;2.850000;0.000000
69.781407;32.648274;11.941074;-0.937521;-0.061498;2.850000;0.000000
69.981353;32.765521;11.779305;-0.949737;-0.061334;2.850000;0.000000
70.181300;32.880774;11.616131;-0.961358;-0.055205;2.850000;0.000000
70.381247;32.994241;11.451666;-0.971775;-0.049068;2.850000;0.000000
70.581194;33.106116;11.286057;-0.980969;-0.042934;2.850000;0.000000
70.781140;33.216596;11.119448;-0.988940;-0.036809;2.850000;0.000000
70.981087;33.325877;10.951984;-0.995689;-0.030696;2.850000;0.000000
71.181034;33.434155;10.783811;-1.001218;-0.024597;2.850000;0.000000
71.380980;33.541625;10.615074;-1.005530;-0.018509;2.850000;0.000000
71.580927;33.648484;10.445919;-1.008625;-0.012432;2.850000;0.000000
71.780874;33.754927;10.276489;-1.010538;-0.006360;2.850000;0.000000
71.980821;33.861154;10.106899;-1.011889;-0.006646;2.850000;0.000000
72.180767;33.967150;9.937164;-1.013779;-0.012080;2.850000;0.000000
72.380714;34.072719;9.767201;-1.016741;-0.017521;2.850000;0.000000
72.580661;34.177669;9.596904;-1.020790;-0.022970;2.850000;0.000000
72.780608;34.281811;9.426168;-1.025930;-0.028429;2.850000;0.000000
72.980554;34.384954;9.254886;-1.032160;-0.033896;2.850000;0.000000
73.180501;34.486908;9.082953;-1.039483;-0.039370;2.850000;0.000000
73.380448;34.587483;8.910263;-1.047898;-0.044847;2.850000;0.000000
73.580394;34.686488;8.736710;-1.057406;-0.050322;2.850000;0.000000
73.780341;34.783733;8.562189;-1.067981;-0.055784;2.850000;0.000000
73.980288;34.879050;8.386573;-1.079164;-0.056514;2.850000;0.000000
74.180235;34.972401;8.209859;-1.090160;-0.053634;2.850000;0.000000
74.380181;35.063864;8.032130;-1.100593;-0.050756;2.850000;0.000000
74.580128;35.153533;7.853456;-1.110452;-0.047883;2.850000;0.000000
74.780075;35.241501;7.673904;-1.119740;-0.045019;2.850000;0.000000
74.980022;35.327861;7.493542;-1.128457;-0.042164;2.850000;0.000000
75.179968;35.412706;7.312438;-1.136605;-0.039319;2.850000;0.000000
75.379915;35.496130;7.130662;-1.144186;-0.036486;2.850000;0.000000
75.579862;35.578225;6.948280;-1.151201;-0.033665;2.850000;0.000000
75.779808;35.659086;6.765361;-1.157644;-0.030854;2.850000;0.000000
75.979755;35.738811;6.581967;-1.163377;-0.026589;2.850000;0.000000
76.179702;35.817552;6.398173;-1.168159;-0.021272;2.850000;0.000000
76.379649;35.895504;6.214062;-1.171880;-0.015950;2.850000;0.000000
76.579595;35.972865;6.029711;-1.174536;-0.010624;2.850000;0.000000
76.779542;36.049833;5.845198;-1.176127;-0.005296;2.850000;0.000000
76.979489;36.126607;5.660601;-1.176654;0.000031;2.850000;0.000000
77.179435;36.203385;5.475998;-1.176115;0.005358;2.850000;0.000000
77.379382;36.280366;5.291467;-1.174511;0.010682;2.850000;0.000000
77.579329;36.357747;5.107084;-1.171843;0.016004;2.850000;0.000000
77.779276;36.435727;4.922929;-1.168148;0.021319;2.850000;0.000000
77.979222;36.514465;4.739131;-1.163996;0.020668;2.850000;0.000000
78.179169;36.593955;4.555666;-1.160335;0.016055;2.850000;0.000000
78.379116;36.674044;4.372435;-1.157585;0.011447;2.850000;0.000000
78.579063;36.754559;4.189372;-1.155756;0.006844;2.850000;0.000000
78.779009;36.835327;4.006413;-1.154847;0.002243;2.850000;0.000000
78.978956;36.916175;3.823495;-1.154859;-0.002358;2.850000;0.000000
79.178903;36.996931;3.640552;-1.155791;-0.006962;2.850000;0.000000
79.378849;37.077421;3.457521;-1.157643;-0.011569;2.850000;0.000000
79.578796;37.157473;3.274338;-1.160417;-0.016184;2.850000;0.000000
79.778743;37.236915;3.090939;-1.164085;-0.020806;2.850000;0.000000
79.978690;37.315629;2.907154;-1.168186;-0.020601;2.850000;0.000000
80.178636;37.393601;2.723022;-1.171970;-0.017330;2.850000;0.000000
80.378583;37.470921;2.538650;-1.175107;-0.014052;2.850000;0.000000
80.578530;37.547716;2.354078;-1.177588;-0.010769;2.850000;0.000000
80.778477;37.624111;2.169349;-1.179412;-0.007483;2.850000;0.000000
80.978423;37.700230;1.984503;-1.180579;-0.004195;2.850000;0.000000
81.178370;37.776199;1.799582;-1.181089;-0.000908;2.850000;0.000000
81.378317;37.852143;1.614626;-1.180943;0.002377;2.850000;0.000000
81.578263;37.928188;1.429676;-1.180139;0.005659;2.850000;0.000000
81.778210;38.004457;1.244774;-1.178701;0.008937;2.850000;0.000000
81.978157;38.081016;1.060084;-1.176928;0.009051;2.850000;0.000000
82.178104;38.157897;0.875560;-1.175293;0.007344;2.850000;0.000000
82.378050;38.235063;0.691112;-1.173995;0.005639;2.850000;0.000000
82.577997;38.312448;0.506725;-1.173038;0.003938;2.850000;0.000000
82.777944;38.389986;0.322383;-1.172420;0.002238;2.850000;0.000000
82.977890;38.467608;0.138069;-1.172143;0.000538;2.850000;0.000000
83.177837;38.545249;-0.046232;-1.172205;-0.001161;2.850000;0.000000
83.377784;38.622841;-0.230537;-1.172607;-0.002861;2.850000;0.000000
83.577731;38.700318;-0.414863;-1.173349;-0.004563;2.850000;0.000000
83.777677;38.777611;-0.599225;-1.174418;-0.006268;2.850000;0.000000
83.977624;38.854709;-0.783752;-1.175621;-0.005926;2.850000;0.000000
84.177571;38.931597;-0.968390;-1.176656;-0.004454;2.850000;0.000000
84.377518;39.008306;-1.153063;-1.177400;-0.002980;2.850000;0.000000
84.577464;39.084894;-1.337755;-1.177848;-0.001503;2.850000;0.000000
84.777411;39.161420;-1.522451;-1.178001;-0.000026;2.850000;0.000000
84.977358;39.237939;-1.707137;-1.177858;0.001451;2.850000;0.000000
85.177304;39.314512;-1.891798;-1.177421;0.002928;2.850000;0.000000
85.377251;39.391194;-2.076419;-1.176688;0.004405;2.850000;0.000000
85.577198;39.468044;-2.260986;-1.175659;0.005881;2.850000;0.000000
85.777145;39.545120;-2.445483;-1.174345;0.007354;2.850000;0.000000
85.977091;39.622442;-2.629814;-1.172856;0.007644;2.850000;0.000000
86.177038;39.700039;-2.814016;-1.171359;0.007341;2.850000;0.000000
86.376985;39.777918;-2.998129;-1.169922;0.007038;2.850000;0.000000
86.576932;39.856066;-3.182155;-1.168545;0.006735;2.850000;0.000000
86.776878;39.934468;-3.366093;-1.167229;0.006434;2.850000;0.000000
86.976825;40.013114;-3.549945;-1.165972;0.006133;2.850000;0.000000
87.176772;40.091989;-3.733711;-1.164776;0.005833;2.850000;0.000000
87.376718;40.171082;-3.917391;-1.163639;0.005533;2.850000;0.000000
87.576665;40.250379;-4.100986;-1.162563;0.005234;2.850000;0.000000
87.776612;40.329867;-4.284496;-1.161553;0.004935;2.850000;0.000000
87.976559;40.409540;-4.467943;-1.160705;0.003634;2.850000;0.000000
88.176505;40.489345;-4.651333;-1.160157;0.001857;2.850000;0.000000
88.376452;40.569215;-4.834683;-1.159963;0.000080;2.850000;0.000000
88.576399;40.649083;-5.018022;-1.160125;-0.001697;2.850000;0.000000
88.776345;40.728884;-5.201375;-1.160642;-0.003476;2.850000;0.000000
88.976292;40.808550;-5.384768;-1.161515;-0.005255;2.850000;0.000000
89.176239;40.888017;-5.568230;-1.162743;-0.007035;2.850000;0.000000
89.376186;40.967219;-5.751786;-1.164328;-0.008816;2.850000;0.000000
89.576132;41.046089;-5.935463;-1.166268;-0.010598;2.850000;0.000000
89.776079;41.124561;-6.119288;-1.168546;-0.012381;2.850000;0.000000
89.976026;41.202599;-6.303334;-1.170953;-0.011895;2.850000;0.000000
90.175973;41.280202;-6.487574;-1.173180;-0.010407;2.850000;0.000000
90.375919;41.357419;-6.671967;-1.175112;-0.008917;2.850000;0.000000
90.575866;41.434307;-6.856496;-1.176746;-0.007426;2.850000;0.000000
90.775813;41.510922;-7.041144;-1.178081;-0.005934;2.850000;0.000000
90.975759;41.587323;-7.225894;-1.179118;-0.004442;2.850000;0.000000
91.175706;41.663567;-7.410728;-1.179857;-0.002949;2.850000;0.000000
91.375653;41.739711;-7.595629;-1.180298;-0.001458;2.850000;0.000000
91.575600;41.815812;-7.780580;-1.180440;0.000033;2.850000;0.000000
91.775546;41.891929;-7.965563;-1.180289;0.001522;2.850000;0.000000
91.975493;41.968070;-8.150454;-1.179897;0.002453;2.850000;0.000000
92.175440;42.044298;-8.335297;-1.179336;0.003160;2.850000;0.000000
92.375387;42.120653;-8.520116;-1.178633;0.003867;2.850000;0.000000
92.575333;42.197157;-8.704890;-1.177789;0.004574;2.850000;0.000000
92.775280;42.273831;-8.889599;-1.176804;0.005282;2.850000;0.000000
92.975227;42.350699;-9.074222;-1.175676;0.005992;2.850000;0.000000
93.175173;42.427782;-9.258739;-1.174407;0.006702;2.850000;0.000000
93.375120;42.505103;-9.443130;-1.172996;0.007415;2.850000;0.000000
93.575067;42.582684;-9.627374;-1.171442;0.008130;2.850000;0.000000
93.775014;42.660547;-9.811452;-1.169760;0.008847;2.850000;0.000000
93.974960;42.738778;-9.995507;-1.168108;0.007837;2.850000;0.000000
94.174907;42.817303;-10.179455;-1.166709;0.006166;2.850000;0.000000
94.374854;42.896040;-10.363270;-1.165643;0.004492;2.850000;0.000000
94.574800;42.974931;-10.546987;-1.164912;0.002816;2.850000;0.000000
94.774747;43.053917;-10.730641;-1.164517;0.001138;2.850000;0.000000
94.974694;43.132940;-10.914266;-1.164457;-0.000540;2.850000;0.000000
95.174641;43.211942;-11.097898;-1.164733;-0.002218;2.850000;0.000000
95.374587;43.290865;-11.281571;-1.165344;-0.003896;2.850000;0.000000
95.574534;43.369652;-11.465320;-1.166291;-0.005572;2.850000;0.000000
95.774481;43.448244;-11.649180;-1.167555;-0.007246;2.850000;0.000000
95.974428;43.526555;-11.833101;-1.168968;-0.007069;2.850000;0.000000
96.174374;43.604607;-12.017134;-1.170300;-0.006266;2.850000;0.000000
96.374321;43.682438;-12.201291;-1.171473;-0.005465;2.850000;0.000000
96.574268;43.760077;-12.385552;-1.172485;-0.004665;2.850000;0.000000
96.774214;43.837550;-12.569899;-1.173338;-0.003865;2.850000;0.000000
96.974161;43.914884;-12.754314;-1.174031;-0.003066;2.850000;0.000000
97.174108;43.992106;-12.938780;-1.174565;-0.002268;2.850000;0.000000
97.374055;44.069243;-13.123277;-1.174938;-0.001470;2.850000;0.000000
97.574001;44.146322;-13.307788;-1.175153;-0.000672;2.850000;0.000000
97.773948;44.223369;-13.492294;-1.175207;0.000126;2.850000;0.000000
97.973895;44.300425;-13.676808;-1.175106;0.000890;2.850000;0.000000
98.173842;44.377511;-13.861299;-1.174853;0.001643;2.850000;0.000000
98.373788;44.454651;-14.045751;-1.174449;0.002396;2.850000;0.000000
98.573735;44.531876;-14.230158;-1.173895;0.003148;2.850000;0.000000
98.773682;44.609216;-14.414514;-1.173190;0.003901;2.850000;0.000000
98.973628;44.686701;-14.598812;-1.172335;0.004653;2.850000;0.000000
99.173575;44.764361;-14.783046;-1.171330;0.005404;2.850000;0.000000
99.373522;44.842225;-14.967209;-1.170174;0.006155;2.850000;0.000000
99.573469;44.920324;-15.151295;-1.168869;0.006904;2.850000;0.000000
99.773415;44.998687;-15.335297;-1.167432;0.007652;2.850000;0.000000
99.973362;45.077298;-15.519120;-1.166031;0.006553;2.850000;0.000000
100.173309;45.156151;-15.702840;-1.164882;0.004945;2.850000;0.000000
100.373255;45.235193;-15.886504;-1.164054;0.003337;2.850000;0.000000
100.573202;45.314365;-16.070128;-1.163548;0.001731;2.850000;0.000000
100.773149;45.393603;-16.253733;-1.163362;0.000126;2.850000;0.000000
100.973096;45.472847;-16.437337;-1.163497;-0.001480;2.850000;0.000000
101.173042;45.552034;-16.620960;-1.163954;-0.003086;2.850000;0.000000
101.372989;45.631102;-16.804620;-1.164731;-0.004692;2.850000;0.000000
101.572936;45.709991;-16.988336;-1.165830;-0.006301;2.850000;0.000000
101.772883;45.788638;-17.172127;-1.167239;-0.007911;2.850000;0.000000
101.972829;45.866995;-17.356033;-1.168857;-0.008400;2.850000;0.000000
102.172776;45.945036;-17.540053;-1.170556;-0.008598;2.850000;0.000000
102.372723;46.022756;-17.724195;-1.172294;-0.008795;2.850000;0.000000
102.572669;46.100151;-17.908473;-1.174071;-0.008990;2.850000;0.000000
102.772616;46.177220;-18.092900;-1.175887;-0.009182;2.850000;0.000000
102.972563;46.253959;-18.277489;-1.177742;-0.009373;2.850000;0.000000
103.172510;46.330366;-18.462255;-1.179635;-0.009560;2.850000;0.000000
103.372456;46.406437;-18.647210;-1.181565;-0.009746;2.850000;0.000000
103.572403;46.482170;-18.832369;-1.183533;-0.009928;2.850000;0.000000
103.772350;46.557562;-19.017743;-1.185596;-0.010108;2.850000;0.000000
103.972297;46.632598;-19.203378;-1.188224;-0.015559;2.850000;0.000000
104.172243;46.707073;-19.389293;-1.192011;-0.022255;2.850000;0.000000
104.372190;46.780719;-19.575536;-1.197141;-0.028973;2.850000;0.000000
104.572137;46.853265;-19.762160;-1.203618;-0.035724;2.850000;0.000000
104.772083;46.924444;-19.949216;-1.211447;-0.042518;2.850000;0.000000
104.972030;46.993986;-20.136758;-1.220636;-0.049362;2.850000;0.000000
105.171977;47.061625;-20.324838;-1.231191;-0.056259;2.850000;0.000000
105.371924;47.127090;-20.513508;-1.243119;-0.063207;2.850000;0.000000
105.571870;47.190113;-20.702822;-1.256429;-0.070203;2.850000;0.000000
105.771817;47.250427;-20.892831;-1.271033;-0.077234;2.850000;0.000000
105.971764;47.307973;-21.084149;-1.286022;-0.074142;2.850000;0.000000
106.171710;47.362684;-21.276315;-1.300301;-0.068829;2.850000;0.000000
106.371657;47.414734;-21.469165;-1.313513;-0.063449;2.850000;0.000000
106.571604;47.464336;-21.662656;-1.325645;-0.058022;2.850000;0.000000
106.771551;47.511700;-21.856745;-1.336693;-0.052566;2.850000;0.000000
106.971497;47.557039;-22.051389;-1.346651;-0.047094;2.850000;0.000000
107.171444;47.600565;-22.246546;-1.355520;-0.041617;2.850000;0.000000
107.371391;47.642490;-22.442172;-1.363299;-0.036145;2.850000;0.000000
107.571338;47.683024;-22.638224;-1.369989;-0.030684;2.850000;0.000000
107.771284;47.722381;-22.834660;-1.375703;-0.025238;2.850000;0.000000
107.971231;47.760615;-23.030874;-1.381267;-0.029159;2.850000;0.000000
108.171178;47.797709;-23.227334;-1.387621;-0.034396;2.850000;0.000000
108.371124;47.833463;-23.424114;-1.395026;-0.039652;2.850000;0.000000
108.571071;47.867661;-23.621203;-1.403486;-0.044931;2.850000;0.000000
108.771018;47.900087;-23.818596;-1.413005;-0.050238;2.850000;0.000000
108.970965;47.930524;-24.016284;-1.423587;-0.055575;2.850000;0.000000
109.170911;47.958756;-24.214259;-1.435237;-0.060939;2.850000;0.000000
109.370858;47.984568;-24.412513;-1.447959;-0.066328;2.850000;0.000000
109.570805;48.007743;-24.611040;-1.461757;-0.071734;2.850000;0.000000
109.770752;48.028064;-24.809831;-1.476546;-0.077147;2.850000;0.000000
109.970698;48.045359;-25.008970;-1.491735;-0.075764;2.850000;0.000000
110.170645;48.059637;-25.208345;-1.506661;-0.073588;2.850000;0.000000
110.370592;48.070980;-25.407909;-1.521153;-0.071408;2.850000;0.000000
110.570538;48.079475;-25.607628;-1.535210;-0.069229;2.850000;0.000000
110.770485;48.085205;-25.807466;-1.548834;-0.067056;2.850000;0.000000
110.970432;48.088256;-26.007389;-1.562025;-0.064892;2.850000;0.000000
111.170379;48.088713;-26.207361;-1.574787;-0.062741;2.850000;0.000000
111.370325;48.086660;-26.407348;-1.587122;-0.060607;2.850000;0.000000
111.570272;48.082183;-26.607314;-1.599033;-0.058491;2.850000;0.000000
111.770219;48.075366;-26.807225;-1.610567;-0.056395;2.850000;0.000000
111.970165;48.066279;-27.006980;-1.622010;-0.057579;2.850000;0.000000
112.170112;48.054894;-27.206605;-1.633671;-0.059054;2.850000;0.000000
112.370059;48.041153;-27.406074;-1.645627;-0.060539;2.850000;0.000000
112.570006;48.025000;-27.605354;-1.657880;-0.062033;2.850000;0.000000
112.769952;48.006376;-27.804411;-1.670433;-0.063533;2.850000;0.000000
112.969899;47.985227;-28.003212;-1.683285;-0.065037;2.850000;0.000000
113.169846;47.961494;-28.201725;-1.696439;-0.066542;2.850000;0.000000
113.369793;47.935120;-28.399917;-1.709894;-0.068045;2.850000;0.000000
113.569739;47.906049;-28.597755;-1.723650;-0.069543;2.850000;0.000000
113.769686;47.874224;-28.795205;-1.737677;-0.071033;2.850000;0.000000
113.969633;47.839632;-28.992046;-1.751839;-0.070867;2.850000;0.000000
114.169579;47.802249;-29.188411;-1.765981;-0.070625;2.850000;0.000000
114.369526;47.762089;-29.384265;-1.780080;-0.070410;2.850000;0.000000
114.569473;47.719170;-29.579562;-1.794140;-0.070221;2.850000;0.000000
114.769420;47.673509;-29.774257;-1.808167;-0.070059;2.850000;0.000000
114.969366;47.625122;-29.968303;-1.822165;-0.069924;2.850000;0.000000
115.169313;47.574025;-30.161655;-1.836139;-0.069817;2.850000;0.000000
115.369260;47.520236;-30.354266;-1.850093;-0.069736;2.850000;0.000000
115.569206;47.463772;-30.546090;-1.864032;-0.069683;2.850000;0.000000
115.769153;47.404649;-30.737081;-1.877903;-0.069658;2.850000;0.000000
115.969100;47.342900;-30.927221;-1.891375;-0.065711;2.850000;0.000000
116.169047;47.278663;-31.116519;-1.904095;-0.061550;2.850000;0.000000
116.368993;47.212102;-31.305015;-1.915983;-0.057379;2.850000;0.000000
116.568940;47.143378;-31.492748;-1.927037;-0.053207;2.850000;0.000000
116.768887;47.072653;-31.679760;-1.937258;-0.049039;2.850000;0.000000
116.968834;47.000090;-31.866090;-1.946649;-0.044879;2.850000;0.000000
117.168780;46.925851;-32.051778;-1.955209;-0.040730;2.850000;0.000000
117.368727;46.850097;-32.236865;-1.962941;-0.036594;2.850000;0.000000
117.568674;46.772992;-32.421391;-1.969846;-0.032469;2.850000;0.000000
117.768620;46.694697;-32.605397;-1.975954;-0.028354;2.850000;0.000000
117.968567;46.615338;-32.788981;-1.981404;-0.025895;2.850000;0.000000
118.168514;46.535039;-32.972128;-1.986342;-0.023492;2.850000;0.000000
118.368461;46.453890;-33.154877;-1.990799;-0.021085;2.850000;0.000000
118.568407;46.371976;-33.337270;-1.994774;-0.018674;2.850000;0.000000
118.768354;46.289385;-33.519347;-1.998266;-0.016262;2.850000;0.000000
118.968301;46.206205;-33.701152;-2.001276;-0.013848;2.850000;0.000000
119.168248;46.122522;-33.882724;-2.003804;-0.011434;2.850000;0.000000
119.368194;46.038424;-34.064105;-2.005848;-0.009019;2.850000;0.000000
119.568141;45.953998;-34.245337;-2.007410;-0.006604;2.850000;0.000000
119.768088;45.869330;-34.426462;-2.008543;-0.004189;2.850000;0.000000
119.968034;45.784507;-34.607473;-2.009528;-0.005136;2.850000;0.000000
120.167981;45.699496;-34.788402;-2.010657;-0.006153;2.850000;0.000000
120.367928;45.614259;-34.969233;-2.011988;-0.007170;2.850000;0.000000
120.567875;45.528759;-35.149950;-2.013524;-0.008186;2.850000;0.000000
120.767821;45.442959;-35.330536;-2.015262;-0.009202;2.850000;0.000000
120.967768;45.356822;-35.510976;-2.017203;-0.010218;2.850000;0.000000
121.167715;45.270310;-35.691251;-2.019348;-0.011232;2.850000;0.000000
121.367661;45.183386;-35.871348;-2.021695;-0.012246;2.850000;0.000000
121.567608;45.096012;-36.051248;-2.024246;-0.013259;2.850000;0.000000
121.767555;45.008153;-36.230935;-2.027006;-0.014270;2.850000;0.000000
121.967502;44.919797;-36.410331;-2.030013;-0.015732;2.850000;0.000000
122.167448;44.830871;-36.589462;-2.033306;-0.017200;2.850000;0.000000
122.367395;44.741326;-36.768291;-2.036893;-0.018671;2.850000;0.000000
122.567342;44.651115;-36.946783;-2.040775;-0.020145;2.850000;0.000000
122.767289;44.560190;-37.124900;-2.044951;-0.021623;2.850000;0.000000
122.967235;44.468504;-37.302607;-2.049423;-0.023106;2.850000;0.000000
123.167182;44.376009;-37.479867;-2.054192;-0.024592;2.850000;0.000000
123.367129;44.282658;-37.656644;-2.059257;-0.026083;2.850000;0.000000
123.567075;44.188403;-37.832901;-2.064620;-0.027578;2.850000;0.000000
123.767022;44.093196;-38.008603;-2.070233;-0.029073;2.850000;0.000000
123.966969;43.996928;-38.183863;-2.075849;-0.027611;2.850000;0.000000
124.166916;43.899709;-38.358563;-2.081223;-0.026143;2.850000;0.000000
124.366862;43.801587;-38.532738;-2.086302;-0.024669;2.850000;0.000000
124.566809;43.702610;-38.706420;-2.091086;-0.023191;2.850000;0.000000
124.766756;43.602828;-38.879644;-2.095574;-0.021709;2.850000;0.000000
124.966703;43.502290;-39.052442;-2.099765;-0.020224;2.850000;0.000000
125.166649;43.401044;-39.224850;-2.103660;-0.018737;2.850000;0.000000
125.366596;43.299139;-39.396900;-2.107258;-0.017248;2.850000;0.000000
125.566543;43.196624;-39.568626;-2.110558;-0.015759;2.850000;0.000000
125.766489;43.093549;-39.740061;-2.113663;-0.014379;2.850000;0.000000
125.966436;42.989979;-39.911132;-2.117056;-0.018646;2.850000;0.000000
126.166383;42.885759;-40.081838;-2.121213;-0.022918;2.850000;0.000000
126.366330;42.780753;-40.252070;-2.126225;-0.027197;2.850000;0.000000
126.566276;42.674826;-40.421723;-2.132093;-0.031485;2.850000;0.000000
126.766223;42.567844;-40.590689;-2.138819;-0.035783;2.850000;0.000000
126.966170;42.459670;-40.758862;-2.146405;-0.040091;2.850000;0.000000
127.166116;42.350170;-40.926133;-2.154852;-0.044408;2.850000;0.000000
127.366063;42.239210;-41.092397;-2.164161;-0.048731;2.850000;0.000000
127.566010;42.126652;-41.257547;-2.174333;-0.053057;2.850000;0.000000
127.765957;42.012363;-41.421475;-2.185203;-0.057094;2.850000;0.000000
127.965903;41.896252;-41.584125;-2.196007;-0.052391;2.850000;0.000000
128.165850;41.778438;-41.745558;-2.206006;-0.047677;2.850000;0.000000
128.365797;41.659078;-41.905880;-2.215064;-0.042960;2.850000;0.000000
128.565744;41.538327;-42.065196;-2.223181;-0.038245;2.850000;0.000000
128.765690;41.416340;-42.223611;-2.230357;-0.033536;2.850000;0.000000
128.965637;41.293273;-42.381230;-2.236593;-0.028834;2.850000;0.000000
129.165584;41.169282;-42.538160;-2.241891;-0.024140;2.850000;0.000000
129.365530;41.044521;-42.694505;-2.246251;-0.019454;2.850000;0.000000
129.565477;40.919148;-42.850371;-2.249674;-0.014773;2.850000;0.000000
129.765424;40.793317;-43.005861;-2.252260;-0.010329;2.850000;0.000000
129.965371;40.667164;-43.161046;-2.254452;-0.010841;2.850000;0.000000
130.165317;40.540685;-43.315944;-2.256671;-0.011352;2.850000;0.000000
130.365264;40.413863;-43.470544;-2.258992;-0.011863;2.850000;0.000000
130.565211;40.286682;-43.624834;-2.261415;-0.012374;2.850000;0.000000
130.765158;40.159127;-43.778801;-2.263940;-0.012884;2.850000;0.000000
130.965104;40.031180;-43.932433;-2.266567;-0.013394;2.850000;0.000000
131.165051;39.902825;-44.085718;-2.269296;-0.013904;2.850000;0.000000
131.364998;39.774047;-44.238644;-2.272126;-0.014412;2.850000;0.000000
131.564944;39.644827;-44.391198;-2.275059;-0.014920;2.850000;0.000000
131.764891;39.515152;-44.543368;-2.278028;-0.015241;2.850000;0.000000
131.964838;39.385033;-44.695149;-2.280753;-0.012481;2.850000;0.000000
132.164785;39.254530;-44.846609;-2.282973;-0.009720;2.850000;0.000000
132.364731;39.123729;-44.997822;-2.284640;-0.006961;2.850000;0.000000
132.564678;38.992713;-45.148857;-2.285756;-0.004202;2.850000;0.000000
132.764625;38.861565;-45.299788;-2.286321;-0.001443;2.850000;0.000000
132.964571;38.730371;-45.450684;-2.286334;0.001315;2.850000;0.000000
133.164518;38.599215;-45.601617;-2.285795;0.004073;2.850000;0.000000
133.364465;38.468179;-45.752659;-2.284705;0.006830;2.850000;0.000000
133.564412;38.337349;-45.903880;-2.283063;0.009588;2.850000;0.000000
133.764358;38.206811;-46.055351;-2.281007;0.011886;2.850000;0.000000
133.964305;38.076628;-46.207082;-2.279114;0.007946;2.850000;0.000000
134.164252;37.946684;-46.359021;-2.277919;0.004006;2.850000;0.000000
134.364199;37.816860;-46.511067;-2.277512;0.000066;2.850000;0.000000
134.564145;37.687036;-46.663118;-2.277893;-0.003873;2.850000;0.000000
134.764092;37.557091;-46.815071;-2.279061;-0.007812;2.850000;0.000000
134.964039;37.426906;-46.966825;-2.281017;-0.011750;2.850000;0.000000
135.163985;37.296360;-47.118278;-2.283760;-0.015687;2.850000;0.000000
135.363932;37.165334;-47.269327;-2.287290;-0.019623;2.850000;0.000000
135.563879;37.033708;-47.419871;-2.291607;-0.023555;2.850000;0.000000
135.763826;36.901356;-47.569814;-2.296661;-0.027289;2.850000;0.000000
135.963772;36.768125;-47.719120;-2.302233;-0.028744;2.850000;0.000000
136.163719;36.634034;-47.867663;-2.308132;-0.030209;2.850000;0.000000
136.363666;36.499055;-48.015383;-2.314325;-0.031687;2.850000;0.000000
136.563613;36.363162;-48.162223;-2.320814;-0.033178;2.850000;0.000000
136.763559;36.226328;-48.308125;-2.327600;-0.034682;2.850000;0.000000
136.963506;36.088526;-48.453032;-2.334687;-0.036199;2.850000;0.000000
137.163453;35.949730;-48.596884;-2.342076;-0.037731;2.850000;0.000000
137.363399;35.809912;-48.739625;-2.349770;-0.039276;2.850000;0.000000
137.563346;35.669047;-48.881197;-2.357770;-0.040836;2.850000;0.000000
137.763293;35.527081;-49.021567;-2.366056;-0.042279;2.850000;0.000000
137.963240;35.383770;-49.160903;-2.374498;-0.042437;2.850000;0.000000
138.163186;35.239337;-49.298966;-2.382991;-0.042570;2.850000;0.000000
138.363133;35.093765;-49.435768;-2.391506;-0.042676;2.850000;0.000000
138.563080;34.947037;-49.571319;-2.400039;-0.042757;2.850000;0.000000
138.763026;34.799137;-49.705630;-2.408587;-0.042811;2.850000;0.000000
138.962973;34.650047;-49.838713;-2.417145;-0.042838;2.850000;0.000000
139.162920;34.499750;-49.970577;-2.425711;-0.042839;2.850000;0.000000
139.362867;34.348230;-50.101235;-2.434280;-0.042813;2.850000;0.000000
139.562813;34.195470;-50.230697;-2.442847;-0.042761;2.850000;0.000000
139.762760;34.041481;-50.358949;-2.451654;-0.044003;2.850000;0.000000
139.962707;33.886388;-50.485761;-2.461640;-0.054464;2.850000;0.000000
140.162654;33.729845;-50.610933;-2.473614;-0.065029;2.850000;0.000000
140.362600;33.571691;-50.734048;-2.487719;-0.075733;2.850000;0.000000
140.562547;33.411765;-50.854689;-2.503978;-0.086600;2.850000;0.000000
140.762494;33.249906;-50.972439;-2.522416;-0.097639;2.850000;0.000000
140.962440;33.085954;-51.086884;-2.543058;-0.108840;2.850000;0.000000
141.162387;32.919746;-51.197605;-2.565927;-0.120172;2.850000;0.000000
141.362334;32.751122;-51.304186;-2.591039;-0.131579;2.850000;0.000000
141.562281;32.579920;-51.406212;-2.618401;-0.142980;2.850000;0.000000
141.762227;32.405983;-51.503265;-2.647419;-0.150840;2.850000;0.000000
141.962174;32.229266;-51.595131;-2.675954;-0.138123;2.850000;0.000000
142.162121;32.049982;-51.682152;-2.702203;-0.125270;2.850000;0.000000
142.362068;31.868401;-51.764751;-2.725911;-0.112407;2.850000;0.000000
142.562014;31.684791;-51.843349;-2.747085;-0.099621;2.850000;0.000000
142.761961;31.499424;-51.918369;-2.765740;-0.086966;2.850000;0.000000
142.961908;31.312568;-51.990232;-2.781899;-0.074468;2.850000;0.000000
143.161854;31.124493;-52.059363;-2.795583;-0.062129;2.850000;0.000000
143.361801;30.935469;-52.126181;-2.806815;-0.049930;2.850000;0.000000
143.561748;30.745766;-52.191111;-2.815614;-0.037838;2.850000;0.000000
143.761695;30.555654;-52.254573;-2.822218;-0.027199;2.850000;0.000000
143.961641;30.365344;-52.316915;-2.827410;-0.023802;2.850000;0.000000
144.161588;30.174872;-52.378306;-2.831831;-0.020380;2.850000;0.000000
144.361535;29.984259;-52.438887;-2.835563;-0.016937;2.850000;0.000000
144.561481;29.793524;-52.498795;-2.838604;-0.013478;2.850000;0.000000
144.761428;29.602686;-52.558172;-2.840951;-0.010008;2.850000;0.000000
144.961375;29.411764;-52.617156;-2.842603;-0.006529;2.850000;0.000000
145.161322;29.220778;-52.675887;-2.843560;-0.003047;2.850000;0.000000
145.361268;29.029746;-52.734505;-2.843821;0.000436;2.850000;0.000000
145.561215;28.838689;-52.793149;-2.843386;0.003916;2.850000;0.000000
145.761162;28.647641;-52.851954;-2.842384;0.006552;2.850000;0.000000
145.961109;28.456668;-52.910991;-2.841240;0.005322;2.850000;0.000000
146.161055;28.265705;-52.970248;-2.840299;0.004096;2.850000;0.000000
146.361002;28.074754;-53.029673;-2.839602;0.002872;2.850000;0.000000
146.560949;27.883815;-53.089214;-2.839150;0.001649;2.850000;0.000000
146.760895;27.692889;-53.148820;-2.838942;0.000428;2.850000;0.000000
146.960842;27.501976;-53.208440;-2.838979;-0.000794;2.850000;0.000000
147.160789;27.311079;-53.268022;-2.839260;-0.002017;2.850000;0.000000
147.360736;27.120197;-53.327515;-2.839785;-0.003241;2.850000;0.000000
147.560682;26.929332;-53.386867;-2.840556;-0.004469;2.850000;0.000000
147.760629;26.738469;-53.446031;-2.841464;-0.004970;2.850000;0.000000
147.960576;26.547564;-53.505015;-2.842164;-0.002373;2.850000;0.000000
148.160523;26.356678;-53.563894;-2.842379;0.000228;2.850000;0.000000
148.360469;26.165813;-53.622776;-2.842073;0.002830;2.850000;0.000000
148.560416;25.974969;-53.681769;-2.841248;0.005430;2.850000;0.000000
148.760363;25.784148;-53.740983;-2.839904;0.008023;2.850000;0.000000
148.960309;25.593351;-53.800524;-2.838042;0.010606;2.850000;0.000000
149.160256;25.402579;-53.860502;-2.835664;0.013176;2.850000;0.000000
149.360203;25.211832;-53.921024;-2.832772;0.015728;2.850000;0.000000
149.560150;25.021113;-53.982200;-2.829370;0.018259;2.850000;0.000000
149.760096;24.830440;-54.044130;-2.825808;0.018286;2.850000;0.000000
149.960043;24.639858;-54.106763;-2.823182;0.008883;2.850000;0.000000
150.159990;24.449285;-54.169769;-2.822339;-0.000475;2.850000;0.000000
150.359936;24.258702;-54.232758;-2.823373;-0.009833;2.850000;0.000000
150.559883;24.068092;-54.295340;-2.826288;-0.019236;2.850000;0.000000
150.759830;23.877438;-54.357122;-2.831093;-0.028727;2.850000;0.000000
150.959777;23.686721;-54.417713;-2.837803;-0.038346;2.850000;0.000000
151.159723;23.495926;-54.476723;-2.846436;-0.048131;2.850000;0.000000
151.359670;23.305033;-54.533760;-2.857017;-0.058114;2.850000;0.000000
151.559617;23.114027;-54.588434;-2.869575;-0.068321;2.850000;0.000000
151.759564;22.922813;-54.640374;-2.883741;-0.075717;2.850000;0.000000
151.959510;22.731122;-54.689415;-2.898246;-0.072058;2.850000;0.000000
152.159457;22.539017;-54.735657;-2.912082;-0.067939;2.850000;0.000000
152.359404;22.346278;-54.779325;-2.925065;-0.063424;2.850000;0.000000
152.559350;22.152685;-54.820641;-2.937143;-0.058579;2.850000;0.000000
152.759297;21.958017;-54.859830;-2.948270;-0.053480;2.850000;0.000000
152.959244;21.762056;-54.897114;-2.958412;-0.048198;2.850000;0.000000
153.159191;21.564580;-54.932717;-2.967543;-0.042809;2.850000;0.000000
153.359137;21.365370;-54.966862;-2.975645;-0.037381;2.850000;0.000000
153.559084;21.164207;-54.999774;-2.982718;-0.031982;2.850000;0.000000
153.759031;20.961244;-55.031614;-2.990112;-0.037088;2.850000;0.000000
153.958978;20.757401;-55.061873;-3.001817;-0.073348;2.850000;0.000000
154.158924;20.552454;-55.089128;-3.020823;-0.110649;2.850000;-0.720492
154.358871;20.347364;-55.111636;-3.047748;-0.150668;2.798996;-1.614509
154.558818;20.143093;-55.127657;-3.083111;-0.194961;2.681184;-1.390408
154.758764;19.940602;-55.135451;-3.127621;-0.244905;2.575409;-1.153224
154.958711;19.740852;-55.133277;3.101049;-0.301470;2.484264;-0.891843
155.158658;19.544803;-55.119395;3.035616;-0.364773;2.411415;-0.595889
155.358605;19.353419;-55.092064;2.958456;-0.433335;2.361489;-0.258267
155.558551;19.167658;-55.049544;2.868811;-0.503155;2.339520;-0.012199
155.758498;18.987342;-54.989653;2.768394;-0.548599;2.338477;-0.012199
155.958445;18.810310;-54.909624;2.666909;-0.514281;2.337434;0.177989
156.158391;18.641552;-54.811961;2.570203;-0.476061;2.352610;0.352761
156.358338;18.481450;-54.698190;2.480354;-0.437859;2.382402;0.502123
156.558285;18.330381;-54.569841;2.397021;-0.402368;2.424177;0.622320
156.758232;18.188726;-54.428443;2.319580;-0.371191;2.474974;0.712608
156.958178;18.056864;-54.275523;2.247250;-0.345127;2.531890;0.773275
157.158125;17.935173;-54.112612;2.179167;-0.324484;2.592237;0.804575
157.358072;17.824034;-53.941237;2.114440;-0.309323;2.653570;0.806211
157.558019;17.723826;-53.762927;2.052572;-0.299640;2.713639;0.777076
157.757965;17.635914;-53.581452;1.993803;-0.284035;2.770304;0.803029
157.957912;17.559680;-53.398307;1.939948;-0.254939;2.827668;0.317064
158.157859;17.492788;-53.211510;1.892387;-0.224219;2.850000;0.000000
158.357805;17.434160;-53.021546;1.850906;-0.192986;2.850000;0.000000
158.557752;17.382721;-52.828899;1.815515;-0.161986;2.850000;0.000000
158.757699;17.337393;-52.634051;1.786150;-0.131636;2.850000;0.000000
158.957646;17.297101;-52.437486;1.762709;-0.102084;2.850000;0.000000
159.157592;17.260767;-52.239688;1.745082;-0.073273;2.850000;0.000000
159.357539;17.227315;-52.041140;1.733178;-0.044999;2.850000;0.000000
159.557486;17.195669;-51.842324;1.726889;-0.016963;2.850000;0.000000
159.757433;17.164746;-51.643554;1.724797;-0.002606;2.850000;0.000000
159.957379;17.133997;-51.445030;1.724117;-0.003463;2.850000;0.000000
160.157326;17.103446;-51.246879;1.723337;-0.004324;2.850000;0.000000
160.357273;17.073118;-51.049030;1.722385;-0.005186;2.850000;0.000000
160.557219;17.043035;-50.851416;1.721262;-0.006048;2.850000;0.000000
160.757166;17.013222;-50.653970;1.719969;-0.006906;2.850000;0.000000
160.957113;16.983702;-50.456621;1.718506;-0.007758;2.850000;0.000000
161.157060;16.954498;-50.259303;1.716874;-0.008602;2.850000;0.000000
161.357006;16.925635;-50.061947;1.715075;-0.009435;2.850000;0.000000
161.556953;16.897136;-49.864484;1.713112;-0.010254;2.850000;0.000000
161.756900;16.869033;-49.666914;1.711003;-0.010898;2.850000;0.000000
161.956846;16.841350;-49.469213;1.708780;-0.011375;2.850000;0.000000
162.156793;16.814099;-49.271326;1.706460;-0.011856;2.850000;0.000000
162.356740;16.787303;-49.073271;1.704042;-0.012339;2.850000;0.000000
162.556687;16.760984;-48.875062;1.701527;-0.012826;2.850000;0.000000
162.756633;16.735164;-48.676717;1.698912;-0.013316;2.850000;0.000000
162.956580;16.709866;-48.478252;1.696199;-0.013810;2.850000;0.000000
163.156527;16.685112;-48.279681;1.693385;-0.014309;2.850000;0.000000
163.356474;16.660925;-48.081022;1.690471;-0.014813;2.850000;0.000000
163.556420;16.637326;-47.882290;1.687465;-0.015321;2.850000;0.000000
163.756367;16.614340;-47.683543;1.684561;-0.013869;2.850000;0.000000
163.956314;16.591909;-47.484794;1.682127;-0.010537;2.850000;0.000000
164.156260;16.569899;-47.286017;1.680353;-0.007203;2.850000;0.000000
164.356207;16.548178;-47.087225;1.679246;-0.003868;2.850000;0.000000
164.556154;16.526612;-46.888434;1.678806;-0.000531;2.850000;0.000000
164.756101;16.505068;-46.689655;1.679034;0.002808;2.850000;0.000000
164.956047;16.483415;-46.490904;1.679929;0.006147;2.850000;0.000000
165.155994;16.461519;-46.292193;1.681492;0.009488;2.850000;0.000000
165.355941;16.439248;-46.093537;1.683723;0.012829;2.850000;0.000000
165.555888;16.416468;-45.894949;1.686605;0.016171;2.850000;0.000000
165.755834;16.393051;-45.696414;1.689782;0.015903;2.850000;0.000000
165.955781;16.369005;-45.497932;1.692592;0.012335;2.850000;0.000000
166.155728;16.344469;-45.299510;1.694701;0.008766;2.850000;0.000000
166.355674;16.319586;-45.101129;1.696097;0.005196;2.850000;0.000000
166.555621;16.294496;-44.902771;1.696779;0.001627;2.850000;0.000000
166.755568;16.269341;-44.704418;1.696748;-0.001941;2.850000;0.000000
166.955515;16.244262;-44.506050;1.696003;-0.005509;2.850000;0.000000
167.155461;16.219401;-44.307649;1.694545;-0.009077;2.850000;0.000000
167.355408;16.194900;-44.109196;1.692373;-0.012644;2.850000;0.000000
167.555355;16.170899;-43.910672;1.689501;-0.016209;2.850000;0.000000
167.755301;16.147540;-43.712100;1.686190;-0.017123;2.850000;0.000000
167.955248;16.124860;-43.513471;1.682912;-0.015745;2.850000;0.000000
168.155195;16.102804;-43.314758;1.679902;-0.014369;2.850000;0.000000
168.355142;16.081318;-43.115972;1.677167;-0.012993;2.850000;0.000000
168.555088;16.060347;-42.917122;1.674706;-0.011619;2.850000;0.000000
168.755035;16.039838;-42.718218;1.672520;-0.010245;2.850000;0.000000
168.954982;16.019736;-42.519269;1.670609;-0.008872;2.850000;0.000000
169.154929;15.999987;-42.320284;1.668972;-0.007500;2.850000;0.000000
169.354875;15.980536;-42.121274;1.667609;-0.006129;2.850000;0.000000
169.554822;15.961331;-41.922247;1.666515;-0.004757;2.850000;0.000000
169.754769;15.942314;-41.723175;1.665568;-0.004615;2.850000;0.000000
169.954715;15.923481;-41.524067;1.664554;-0.005495;2.850000;0.000000
170.154662;15.904868;-41.324951;1.663367;-0.006375;2.850000;0.000000
170.354609;15.886510;-41.125826;1.662004;-0.007256;2.850000;0.000000
170.554556;15.868442;-40.926687;1.660465;-0.008137;2.850000;0.000000
170.754502;15.850700;-40.727532;1.658750;-0.009018;2.850000;0.000000
170.954449;15.833317;-40.528358;1.656859;-0.009899;2.850000;0.000000
171.154396;15.816330;-40.329161;1.654792;-0.010780;2.850000;0.000000
171.354343;15.799773;-40.129939;1.652549;-0.011662;2.850000;0.000000
171.554289;15.783681;-39.930688;1.650133;-0.012543;2.850000;0.000000
171.754236;15.768084;-39.731352;1.647617;-0.012684;2.850000;0.000000
171.954183;15.752989;-39.531943;1.645126;-0.012242;2.850000;0.000000
172.154129;15.738383;-39.332504;1.642723;-0.011799;2.850000;0.000000
172.354076;15.724248;-39.133039;1.640407;-0.011357;2.850000;0.000000
172.554023;15.710566;-38.933551;1.638181;-0.010915;2.850000;0.000000
172.753970;15.697321;-38.734042;1.636042;-0.010473;2.850000;0.000000
172.953916;15.684494;-38.534515;1.633993;-0.010031;2.850000;0.000000
173.153863;15.672067;-38.334972;1.632031;-0.009589;2.850000;0.000000
173.353810;15.660024;-38.135416;1.630159;-0.009147;2.850000;0.000000
173.553756;15.648347;-37.935849;1.628375;-0.008705;2.850000;0.000000
173.753703;15.637013;-37.736214;1.626708;-0.007995;2.850000;0.000000
173.953650;15.625997;-37.536528;1.625200;-0.007089;2.850000;0.000000
174.153597;15.615264;-37.336839;1.623873;-0.006182;2.850000;0.000000
174.353543;15.604779;-37.137147;1.622728;-0.005275;2.850000;0.000000
174.553490;15.594505;-36.937456;1.621764;-0.004367;2.850000;0.000000
174.753437;15.584406;-36.737766;1.620981;-0.003459;2.850000;0.000000
174.953384;15.574445;-36.538080;1.620381;-0.002551;2.850000;0.000000
175.153330;15.564587;-36.338399;1.619961;-0.001643;2.850000;0.000000
175.353277;15.554795;-36.138725;1.619724;-0.000735;2.850000;0.000000
175.553224;15.545033;-35.939060;1.619664;0.000174;2.850000;0.000000
175.753170;15.535266;-35.739406;1.619720;0.000438;2.850000;0.000000
175.953117;15.525482;-35.539759;1.619790;0.000277;2.850000;0.000000
176.153064;15.515688;-35.340113;1.619829;0.000115;2.850000;0.000000
176.353011;15.505888;-35.140461;1.619836;-0.000047;2.850000;0.000000
176.552957;15.496090;-34.940796;1.619810;-0.000209;2.850000;0.000000
176.752904;15.486299;-34.741113;1.619752;-0.000371;2.850000;0.000000
176.952851;15.476521;-34.541404;1.619662;-0.000532;2.850000;0.000000
177.152798;15.466764;-34.341662;1.619539;-0.000694;2.850000;0.000000
177.352744;15.457032;-34.141882;1.619384;-0.000855;2.850000;0.000000
177.552691;15.447332;-33.942057;1.619167;-0.001016;2.850000;0.000000
177.752638;15.437688;-33.742280;1.618454;-0.005759;2.850000;0.000000
177.952584;15.428277;-33.542515;1.616547;-0.013245;2.850000;0.000000
178.152531;15.419394;-33.342709;1.613149;-0.020734;2.850000;0.000000
178.352478;15.411341;-33.142870;1.608253;-0.028230;2.850000;0.000000
178.552425;15.404416;-32.943006;1.601856;-0.035738;2.850000;0.000000
178.752371;15.398921;-32.743126;1.593958;-0.043258;2.850000;0.000000
178.952318;15.395155;-32.543237;1.584557;-0.050787;2.850000;0.000000
179.152265;15.393419;-32.343349;1.573652;-0.058318;2.850000;0.000000
179.352211;15.394013;-32.143469;1.561244;-0.065839;2.850000;0.000000
179.552158;15.397238;-31.943605;1.547361;-0.073330;2.850000;0.000000
179.752105;15.403382;-31.743765;1.532380;-0.076844;2.850000;0.000000
179.952052;15.412597;-31.543997;1.516882;-0.078188;2.850000;0.000000
180.151998;15.424936;-31.344373;1.501105;-0.079581;2.850000;0.000000
180.351945;15.440451;-31.144965;1.485043;-0.081021;2.850000;0.000000
180.551892;15.459195;-30.945842;1.468690;-0.082504;2.850000;0.000000
180.751839;15.481220;-30.747077;1.452038;-0.084028;2.850000;0.000000
180.951785;15.506577;-30.548740;1.435080;-0.085591;2.850000;0.000000
181.151732;15.535320;-30.350902;1.417809;-0.087188;2.850000;0.000000
181.351679;15.567499;-30.153635;1.400219;-0.088816;2.850000;0.000000
181.551625;15.603168;-29.957009;1.382320;-0.090470;2.850000;0.000000
181.751572;15.642380;-29.761058;1.364325;-0.089809;2.850000;0.000000
181.951519;15.685101;-29.565841;1.346569;-0.087919;2.850000;0.000000
182.151466;15.731245;-29.371404;1.329188;-0.086024;2.850000;0.000000
182.351412;15.780730;-29.177770;1.312184;-0.084130;2.850000;0.000000
182.551359;15.833472;-28.984966;1.295556;-0.082243;2.850000;0.000000
182.751306;15.889387;-28.793017;1.279300;-0.080368;2.850000;0.000000
182.951253;15.948394;-28.601948;1.263413;-0.078511;2.850000;0.000000
183.151199;16.010408;-28.411783;1.247893;-0.076674;2.850000;0.000000
183.351146;16.075346;-28.222549;1.232734;-0.074863;2.850000;0.000000
183.551093;16.143126;-28.034270;1.217901;-0.073080;2.850000;0.000000
183.751039;16.213684;-27.846951;1.203031;-0.075173;2.850000;0.000000
183.950986;16.287061;-27.660699;1.187579;-0.079182;2.850000;0.000000
184.150933;16.363368;-27.475662;1.171322;-0.083261;2.850000;0.000000
184.350880;16.442726;-27.291975;1.154246;-0.087407;2.850000;0.000000
184.550826;16.525253;-27.109773;1.136342;-0.091611;2.850000;0.000000
184.750773;16.611067;-26.929190;1.117600;-0.095864;2.850000;0.000000
184.950720;16.700287;-26.750361;1.098012;-0.100153;2.850000;0.000000
185.150666;16.793033;-26.573420;1.077572;-0.104462;2.850000;0.000000
185.350613;16.889423;-26.398504;1.056278;-0.108771;2.850000;0.000000
185.550560;16.989576;-26.225745;1.034178;-0.113057;2.850000;0.000000
185.750507;17.093534;-26.055370;1.011776;-0.111844;2.850000;0.000000
185.950453;17.201269;-25.887355;0.989812;-0.108233;2.850000;0.000000
186.150400;17.312653;-25.721640;0.968560;-0.104630;2.850000;0.000000
186.350347;17.427532;-25.558209;0.948014;-0.101052;2.850000;0.000000
186.550294;17.545752;-25.397043;0.928169;-0.097513;2.850000;0.000000
186.750240;17.667158;-25.238125;0.909016;-0.094026;2.850000;0.000000
186.950187;17.791595;-25.081438;0.890545;-0.090600;2.850000;0.000000
187.150134;17.918911;-24.926965;0.872745;-0.087243;2.850000;0.000000
187.350080;18.048949;-24.774687;0.855603;-0.083962;2.850000;0.000000
187.550027;18.181555;-24.624587;0.839038;-0.080760;2.850000;0.000000
187.749974;18.316777;-24.476466;0.822403;-0.084571;2.850000;0.000000
187.949921;18.454531;-24.330623;0.804756;-0.091378;2.850000;0.000000
188.149867;18.594848;-24.187416;0.785737;-0.098341;2.850000;0.000000
188.349814;18.737836;-24.047125;0.765325;-0.105453;2.850000;0.000000
188.549761;18.883605;-23.910025;0.743497;-0.112701;2.850000;0.000000
188.749708;19.032262;-23.776393;0.720233;-0.120058;2.850000;0.000000
188.949654;19.183916;-23.646507;0.695517;-0.127491;2.850000;0.000000
189.149601;19.338676;-23.520644;0.669338;-0.134953;2.850000;0.000000
189.349548;19.496649;-23.399081;0.641693;-0.142383;2.850000;0.000000
189.549494;19.657945;-23.282094;0.612756;-0.149709;2.850000;0.000000
189.749441;19.822338;-23.170112;0.583947;-0.141206;2.850000;0.000000
189.949388;19.989824;-23.062780;0.557261;-0.127026;2.850000;0.000000
190.149335;20.160181;-22.959588;0.533375;-0.112809;2.850000;0.000000
190.349281;20.333081;-22.860100;0.512283;-0.098663;2.850000;0.000000
190.549228;20.508194;-22.763879;0.493969;-0.084658;2.850000;0.000000
190.749175;20.685194;-22.670488;0.478412;-0.070827;2.850000;0.000000
190.949121;20.863752;-22.579489;0.465587;-0.057176;2.850000;0.000000
191.149068;21.043540;-22.490446;0.455470;-0.043687;2.850000;0.000000
191.349015;21.224229;-22.402920;0.448042;-0.030324;2.850000;0.000000
191.548962;21.405492;-22.316476;0.443097;-0.017037;2.850000;0.000000
191.748908;21.587240;-22.230647;0.438793;-0.023869;2.850000;0.000000
191.948855;21.769343;-22.145719;0.432614;-0.037581;2.850000;0.000000
192.148802;21.951892;-22.062254;0.423683;-0.051414;2.850000;0.000000
192.348749;22.135051;-21.980785;0.411977;-0.065394;2.850000;0.000000
192.548695;22.318981;-21.901842;0.397475;-0.079528;2.850000;0.000000
192.748642;22.503846;-21.825958;0.380157;-0.093804;2.850000;0.000000
192.948589;22.689807;-21.753662;0.360007;-0.108178;2.850000;0.000000
193.148535;22.877027;-21.685488;0.337017;-0.122573;2.850000;0.000000
193.348482;23.065669;-21.621966;0.311192;-0.136872;2.850000;0.000000
193.548429;23.255896;-21.563628;0.282743;-0.150915;2.850000;0.000000
193.748376;23.447668;-21.510985;0.253305;-0.146796;2.850000;0.000000
193.948322;23.641033;-21.463929;0.225039;-0.137248;2.850000;0.000000
194.148269;23.835866;-21.422120;0.198636;-0.127726;2.850000;0.000000
194.348216;24.031991;-21.385233;0.174086;-0.118300;2.850000;0.000000
194.548162;24.229233;-21.352940;0.151369;-0.109024;2.850000;0.000000
194.748109;24.427415;-21.324917;0.130458;-0.099928;2.850000;0.000000
194.948056;24.626361;-21.300836;0.111325;-0.091029;2.850000;0.000000
195.148003;24.825895;-21.280372;0.093940;-0.082331;2.850000;0.000000
195.347949;25.025841;-21.263198;0.078272;-0.073824;2.850000;0.000000
195.547896;25.226023;-21.248989;0.064224;-0.065490;2.850000;0.000000
195.747843;25.426168;-21.237452;0.051129;-0.064385;2.850000;0.000000
195.947790;25.626283;-21.228506;0.038137;-0.065303;2.850000;0.000000
196.147736;25.826374;-21.222182;0.024971;-0.066225;2.850000;0.000000
196.347683;26.026415;-21.218512;0.011628;-0.067150;2.850000;0.000000
196.547630;26.226380;-21.217530;-0.001892;-0.068075;2.850000;0.000000
196.747576;26.426244;-21.219269;-0.015591;-0.069000;2.850000;0.000000
196.947523;26.625981;-21.223761;-0.029469;-0.069922;2.850000;0.000000
197.147470;26.825565;-21.231040;-0.043526;-0.070839;2.850000;0.000000
197.347417;27.024971;-21.241139;-0.057761;-0.071749;2.850000;0.000000
197.547363;27.224173;-21.254090;-0.072151;-0.072649;2.850000;0.000000
197.747310;27.423341;-21.269931;-0.086425;-0.070590;2.850000;0.000000
197.947257;27.622319;-21.288585;-0.100242;-0.067702;2.850000;0.000000
198.147204;27.821040;-21.309932;-0.113485;-0.064809;2.850000;0.000000
198.347150;28.019493;-21.333853;-0.126151;-0.061918;2.850000;0.000000
198.547097;28.217668;-21.360234;-0.138241;-0.059032;2.850000;0.000000
198.747044;28.415552;-21.388956;-0.149758;-0.056157;2.850000;0.000000
198.946990;28.613133;-21.419904;-0.160703;-0.053296;2.850000;0.000000
199.146937;28.810401;-21.452962;-0.171078;-0.050450;2.850000;0.000000
199.346884;29.007343;-21.488011;-0.180887;-0.047622;2.850000;0.000000
199.546831;29.203948;-21.524936;-0.190107;-0.044812;2.850000;0.000000
199.746777;29.400086;-21.563587;-0.198545;-0.039822;2.850000;0.000000
199.946724;29.595878;-21.603791;-0.205950;-0.034273;2.850000;0.000000
200.146671;29.791402;-21.645338;-0.212246;-0.028721;2.850000;0.000000
200.346617;29.986704;-21.688010;-0.217433;-0.023169;2.850000;0.000000
200.546564;30.181827;-21.731592;-0.221511;-0.017620;2.850000;0.000000
200.746511;30.376819;-21.775867;-0.224479;-0.012074;2.850000;0.000000
200.946458;30.571724;-21.820617;-0.226340;-0.006533;2.850000;0.000000
201.146404;30.766589;-21.865625;-0.227092;-0.000994;2.850000;0.000000
201.346351;30.961458;-21.910675;-0.226737;0.004543;2.850000;0.000000
201.546298;31.156377;-21.955551;-0.225317;0.010079;2.850000;0.000000
201.746245;31.351419;-22.000058;-0.223173;0.011771;2.850000;0.000000
201.946191;31.546572;-22.044107;-0.220742;0.012544;2.850000;0.000000
202.146138;31.741823;-22.087664;-0.218155;0.013320;2.850000;0.000000
202.346085;31.937171;-22.130696;-0.215412;0.014099;2.850000;0.000000
202.546031;32.132612;-22.173171;-0.212514;0.014881;2.850000;0.000000
202.745978;32.328143;-22.215057;-0.209460;0.015666;2.850000;0.000000
202.945925;32.523761;-22.256321;-0.206249;0.016454;2.850000;0.000000
203.145872;32.719464;-22.296931;-0.202882;0.017246;2.850000;0.000000
203.345818;32.915248;-22.336855;-0.199356;0.018042;2.850000;0.000000
203.545765;33.111110;-22.376059;-0.195719;0.018841;2.850000;0.000000
203.745712;33.307160;-22.414554;-0.192345;0.015409;2.850000;0.000000
203.945659;33.503305;-22.452440;-0.189707;0.011014;2.850000;0.000000
204.145605;33.699513;-22.489892;-0.187946;0.006611;2.850000;0.000000
204.345552;33.895779;-22.527086;-0.187066;0.002205;2.850000;0.000000
204.545499;34.092096;-22.564199;-0.187065;-0.002198;2.850000;0.000000
204.745445;34.288458;-22.601411;-0.187944;-0.006593;2.850000;0.000000
204.945392;34.484859;-22.638898;-0.189700;-0.010974;2.850000;0.000000
205.145339;34.681292;-22.676839;-0.192332;-0.015337;2.850000;0.000000
205.345286;34.877751;-22.715410;-0.195837;-0.019674;2.850000;0.000000
205.545232;35.074229;-22.754790;-0.200140;-0.023981;2.850000;0.000000
205.745179;35.270606;-22.795103;-0.204702;-0.022231;2.850000;0.000000
205.945126;35.466916;-22.836315;-0.208869;-0.019326;2.850000;0.000000
206.145072;35.663116;-22.878299;-0.212459;-0.016459;2.850000;0.000000
206.345019;35.859137;-22.920923;-0.215475;-0.013619;2.850000;0.000000
206.544966;36.054912;-22.964053;-0.217923;-0.010795;2.850000;0.000000
206.744913;36.250373;-23.007558;-0.219802;-0.007976;2.850000;0.000000
206.944859;36.445454;-23.051305;-0.221114;-0.005149;2.850000;0.000000
207.144806;36.640086;-23.095161;-0.221858;-0.002303;2.850000;0.000000
207.344753;36.834202;-23.138995;-0.222030;0.000576;2.850000;0.000000
207.544700;37.027735;-23.182674;-0.221599;0.003500;2.850000;0.000000
207.744646;37.220758;-23.226085;-0.220349;0.008853;2.850000;0.000000
207.944593;37.413444;-23.269067;-0.218029;0.014650;2.850000;0.000000
208.144540;37.606139;-23.311467;-0.214573;0.020369;2.850000;0.000000
208.344486;37.799205;-23.353135;-0.210000;0.025924;2.850000;0.000000
208.544433;37.993006;-23.393925;-0.204337;0.031232;2.850000;0.000000
208.744380;38.187906;-23.433686;-0.197625;0.036218;2.850000;0.000000
208.944327;38.384268;-23.472270;-0.189913;0.040813;2.850000;0.000000
209.144273;38.582456;-23.509530;-0.181260;0.044958;2.850000;0.000000
209.344220;38.782833;-23.545316;-0.171733;0.048606;2.850000;0.000000
209.544167;38.985762;-23.579480;-0.161063;0.051721;2.850000;0.000000
209.744114;39.190092;-23.611483;-0.146589;0.084250;2.850000;-0.482750
209.944060;39.396054;-23.640059;-0.125072;0.122767;2.815928;-1.831456
210.144007;39.602612;-23.663349;-0.095242;0.164595;2.682734;-1.628342
210.343954;39.808518;-23.679462;-0.056433;0.211775;2.558496;-1.422152
210.543900;40.012521;-23.686505;-0.007722;0.266209;2.444830;-1.201669
210.743847;40.213371;-23.682588;0.052027;0.329399;2.344494;-0.956333
210.943794;40.409819;-23.665817;0.124056;0.401836;2.261464;-0.676763
211.143741;40.600614;-23.634300;0.209513;0.481883;2.200815;-0.358283
211.343687;40.784508;-23.586145;0.309087;0.564261;2.168021;-0.010476
211.543634;40.960250;-23.519461;0.422144;0.638825;2.167054;-0.010476
211.743581;41.128065;-23.431838;0.539525;0.610746;2.166087;0.123955
211.943527;41.286105;-23.324344;0.650987;0.554631;2.177499;0.359636
212.143474;41.433646;-23.199057;0.753115;0.499379;2.210276;0.549478
212.343421;41.570335;-23.057897;0.846392;0.449503;2.259436;0.693878
212.543368;41.695817;-22.902783;0.931871;0.407234;2.320028;0.796043
212.743314;41.809737;-22.735634;1.010811;0.373322;2.387648;0.859028
212.943261;41.911740;-22.558370;1.084534;0.347740;2.458532;0.884640
213.143208;42.001472;-22.372909;1.154356;0.330188;2.529455;0.873134
213.343155;42.078578;-22.181173;1.221564;0.320392;2.597557;0.823165
213.543101;42.142703;-21.985079;1.287232;0.318292;2.660166;0.731829
213.743048;42.193352;-21.787324;1.352164;0.316710;2.714615;0.649683
213.942995;42.230893;-21.588155;1.416158;0.314075;2.762054;0.586920
214.142941;42.255590;-21.388067;1.479243;0.311337;2.804219;0.534213
214.342888;42.267658;-21.187709;1.541513;0.308750;2.842054;0.113096
214.542835;42.267316;-20.987735;1.603068;0.306534;2.850000;0.000000
214.742782;42.254780;-20.788796;1.664037;0.304872;2.850000;0.000000
214.942728;42.230267;-20.591544;1.724572;0.303911;2.850000;0.000000
215.142675;42.193995;-20.396630;1.784840;0.303762;2.850000;0.000000
215.342622;42.146179;-20.204707;1.845022;0.304499;2.850000;0.000000
215.542569;42.087038;-20.016425;1.905267;0.306165;2.850000;0.000000
215.742515;42.016473;-19.831483;1.964180;0.291707;2.850000;0.000000
215.942462;41.935292;-19.650786;2.020111;0.272888;2.850000;0.000000
216.142409;41.844315;-19.474463;2.072351;0.253448;2.850000;0.000000
216.342355;41.744305;-19.302476;2.120858;0.234028;2.850000;0.000000
216.542302;41.636027;-19.134785;2.165691;0.215102;2.850000;0.000000
216.742249;41.520244;-18.971351;2.206962;0.196985;2.850000;0.000000
216.942196;41.397719;-18.812136;2.244815;0.179860;2.850000;0.000000
217.142142;41.269215;-18.657100;2.279415;0.163810;2.850000;0.000000
217.342089;41.135497;-18.506205;2.310928;0.148836;2.850000;0.000000
217.542036;40.997326;-18.359411;2.339461;0.134884;2.850000;0.000000
217.741982;40.856083;-18.217280;2.365193;0.121307;2.850000;0.000000
217.941929;40.711686;-18.078866;2.388076;0.107383;2.850000;0.000000
218.141876;40.564444;-17.943669;2.408131;0.093244;2.850000;0.000000
218.341823;40.414742;-17.811269;2.425344;0.078996;2.850000;0.000000
218.541769;40.262961;-17.681242;2.439705;0.064710;2.850000;0.000000
218.741716;40.109486;-17.553169;2.451213;0.050429;2.850000;0.000000
218.941663;39.954701;-17.426627;2.459870;0.036172;2.850000;0.000000
219.141610;39.798988;-17.301195;2.465679;0.021939;2.850000;0.000000
219.341556;39.642731;-17.176451;2.468644;0.007717;2.850000;0.000000
219.541503;39.486314;-17.051973;2.468955;-0.006513;2.850000;0.000000
219.741450;39.329832;-16.927209;2.467848;-0.006463;2.850000;0.000000
219.941396;39.173541;-16.802266;2.466726;-0.004754;2.850000;0.000000
220.141343;39.017419;-16.677214;2.465947;-0.003042;2.850000;0.000000
220.341290;38.861416;-16.552102;2.465510;-0.001327;2.850000;0.000000
220.541237;38.705480;-16.426976;2.465416;0.000391;2.850000;0.000000
220.741183;38.549563;-16.301885;2.465666;0.002109;2.850000;0.000000
220.941130;38.393613;-16.176876;2.466260;0.003829;2.850000;0.000000
221.141077;38.237582;-16.051997;2.467197;0.005549;2.850000;0.000000
221.341024;38.081418;-15.927296;2.468477;0.007267;2.850000;0.000000
221.540970;37.925071;-15.802820;2.470065;0.008985;2.850000;0.000000
221.740917;37.768525;-15.678626;2.471736;0.008100;2.850000;0.000000
221.940864;37.611768;-15.554677;2.473242;0.006970;2.850000;0.000000
222.140810;37.454821;-15.430934;2.474522;0.005840;2.850000;0.000000
222.340757;37.297711;-15.307358;2.475576;0.004710;2.850000;0.000000
222.540704;37.140463;-15.183913;2.476405;0.003580;2.850000;0.000000
222.740651;36.983101;-15.060561;2.477008;0.002451;2.850000;0.000000
222.940597;36.825651;-14.937265;2.477385;0.001323;2.850000;0.000000
223.140544;36.668137;-14.813987;2.477537;0.000196;2.850000;0.000000
223.340491;36.510586;-14.690688;2.477464;-0.000929;2.850000;0.000000
223.540437;36.353023;-14.567333;2.477324;-0.002054;2.850000;0.000000
223.740384;36.195406;-14.443912;2.478061;0.007827;2.850000;0.000000
223.940331;36.037585;-14.320730;2.480701;0.018547;2.850000;0.000000
224.140278;35.879329;-14.198152;2.485488;0.029287;2.850000;0.000000
224.340224;35.720407;-14.076540;2.492427;0.040063;2.850000;0.000000
224.540171;35.560585;-13.956260;2.501522;0.050882;2.850000;0.000000
224.740118;35.399630;-13.837673;2.512780;0.061743;2.850000;0.000000
224.940065;35.237311;-13.721143;2.526206;0.072636;2.850000;0.000000
225.140011;35.073395;-13.607035;2.541802;0.083537;2.850000;0.000000
225.339958;34.907648;-13.495710;2.559568;0.094406;2.850000;0.000000
225.539905;34.739840;-13.387533;2.579256;0.105186;2.850000;0.000000
225.739851;34.570020;-13.282933;2.599589;0.100814;2.850000;0.000000
225.939798;34.398053;-13.181724;2.619187;0.095605;2.850000;0.000000
226.139745;34.224075;-13.083752;2.637759;0.090416;2.850000;0.000000
226.339692;34.048237;-12.988874;2.655310;0.085266;2.850000;0.000000
226.539638;33.870686;-12.896943;2.671849;0.080168;2.850000;0.000000
226.739585;33.691572;-12.807815;2.687384;0.075131;2.850000;0.000000
226.939532;33.511044;-12.721345;2.701925;0.070162;2.850000;0.000000
227.139479;33.329250;-12.637388;2.715484;0.065264;2.850000;0.000000
227.339425;33.146341;-12.555799;2.728071;0.060435;2.850000;0.000000
227.539372;32.962465;-12.476434;2.739787;0.055672;2.850000;0.000000
227.739319;32.777684;-12.399148;2.751130;0.056738;2.850000;0.000000
227.939265;32.592098;-12.323992;2.762629;0.058119;2.850000;0.000000
228.139212;32.405721;-12.251028;2.774401;0.059515;2.850000;0.000000
228.339159;32.218564;-12.180317;2.786450;0.060927;2.850000;0.000000
228.539106;32.030636;-12.111921;2.798777;0.062352;2.850000;0.000000
228.739052;31.841948;-12.045900;2.811385;0.063789;2.850000;0.000000
228.938999;31.652510;-11.982316;2.824277;0.065235;2.850000;0.000000
229.138946;31.462333;-11.921230;2.837453;0.066689;2.850000;0.000000
229.338892;31.271428;-11.862702;2.850915;0.068147;2.850000;0.000000
229.538839;31.079803;-11.806795;2.864577;0.069608;2.850000;0.000000
229.738786;30.887189;-11.753453;2.877891;0.064690;2.850000;0.000000
229.938733;30.693908;-11.702608;2.890298;0.059470;2.850000;0.000000
230.138679;30.500032;-11.654062;2.901661;0.054234;2.850000;0.000000
230.338626;30.305620;-11.607615;2.911978;0.048991;2.850000;0.000000
230.538573;30.110730;-11.563068;2.921248;0.043750;2.850000;0.000000
230.738520;29.915421;-11.520218;2.929473;0.038516;2.850000;0.000000
230.938466;29.719751;-11.478867;2.936653;0.033291;2.850000;0.000000
231.138413;29.523780;-11.438813;2.942791;0.028076;2.850000;0.000000
231.338360;29.327566;-11.399856;2.947886;0.022872;2.850000;0.000000
231.538306;29.131167;-11.361796;2.952098;0.017676;2.850000;0.000000
231.738253;28.934611;-11.324489;2.956242;0.022189;2.850000;0.000000
231.938200;28.737911;-11.288059;2.961151;0.026889;2.850000;0.000000
232.138147;28.541045;-11.252692;2.967000;0.031596;2.850000;0.000000
232.338093;28.343993;-11.218576;2.973790;0.036312;2.850000;0.000000
232.538040;28.146736;-11.185898;2.981523;0.041034;2.850000;0.000000
232.737987;27.949251;-11.154845;2.990198;0.045760;2.850000;0.000000
232.937934;27.751520;-11.125603;2.999817;0.050485;2.850000;0.000000
233.137880;27.553521;-11.098361;3.010379;0.055202;2.850000;0.000000
233.337827;27.355233;-11.073305;3.021882;0.059904;2.850000;0.000000
233.537774;27.156639;-11.050622;3.034043;0.064483;2.850000;0.000000
233.737720;26.957985;-11.030415;3.045522;0.053044;2.850000;0.000000
233.937667;26.759054;-11.012308;3.054977;0.041615;2.850000;0.000000
234.137614;26.559898;-10.995848;3.062153;0.030211;2.850000;0.000000
234.337561;26.360568;-10.980585;3.067055;0.018835;2.850000;0.000000
234.537507;26.161115;-10.966069;3.069686;0.007483;2.850000;0.000000
234.737454;25.961591;-10.951847;3.070049;-0.003852;2.850000;0.000000
234.937401;25.762047;-10.937469;3.068145;-0.015180;2.850000;0.000000
235.137347;25.562535;-10.922484;3.063975;-0.026508;2.850000;0.000000
235.337294;25.363104;-10.906442;3.057538;-0.037843;2.850000;0.000000
235.537241;25.163807;-10.888890;3.049121;-0.048899;2.850000;0.000000
235.737188;24.964637;-10.869489;3.040116;-0.043723;2.850000;0.000000
235.937134;24.765648;-10.848347;3.031884;-0.038552;2.850000;0.000000
236.137081;24.566837;-10.825671;3.024686;-0.033389;2.850000;0.000000
236.337028;24.368202;-10.801670;3.018521;-0.028232;2.850000;0.000000
236.536975;24.169740;-10.776552;3.013389;-0.023082;2.850000;0.000000
236.736921;23.971447;-10.750524;3.009287;-0.017933;2.850000;0.000000
236.936868;23.773322;-10.723795;3.006217;-0.012784;2.850000;0.000000
237.136815;23.575360;-10.696573;3.004177;-0.007628;2.850000;0.000000
237.336761;23.377559;-10.669066;3.003170;-0.002461;2.850000;0.000000
237.536708;23.179912;-10.641482;3.002964;0.002331;2.850000;0.000000
237.736655;22.982280;-10.613915;3.002482;-0.005230;2.850000;0.000000
237.936602;22.784780;-10.586157;3.000683;-0.012804;2.850000;0.000000
238.136548;22.587388;-10.557900;2.997376;-0.020368;2.850000;0.000000
238.336495;22.390082;-10.528837;2.992562;-0.027898;2.850000;0.000000
238.536442;22.192839;-10.498661;2.986250;-0.035367;2.850000;0.000000
238.736389;21.995635;-10.467065;2.978448;-0.042747;2.850000;0.000000
238.936335;21.798447;-10.433741;2.969172;-0.050007;2.850000;0.000000
239.136282;21.601252;-10.398383;2.958440;-0.057111;2.850000;0.000000
239.336229;21.404027;-10.360684;2.946275;-0.064023;2.850000;0.000000
239.536175;21.206724;-10.320330;2.932340;-0.071622;2.850000;0.000000
239.736122;21.009031;-10.276802;2.915106;-0.096308;2.850000;0.000000
239.936069;20.812079;-10.229388;2.893017;-0.121849;2.850000;0.000000
240.136016;20.616646;-10.177205;2.865670;-0.148642;2.850000;0.000000
240.335962;20.423507;-10.119366;2.832857;-0.176965;2.850000;0.000000
240.535909;20.233440;-10.054987;2.794347;-0.206929;2.850000;0.000000
240.735856;20.047222;-9.983184;2.749908;-0.238407;2.850000;0.000000
240.935802;19.865628;-9.903071;2.699350;-0.270939;2.850000;0.000000
241.135749;19.689436;-9.813764;2.642570;-0.303638;2.850000;0.000000
241.335696;19.519422;-9.714378;2.579646;-0.335123;2.850000;0.000000
241.535643;19.356498;-9.604125;2.512181;-0.358603;2.850000;0.000000
241.735589;19.202303;-9.483446;2.444647;-0.334111;2.850000;0.000000
241.935536;19.055595;-9.352245;2.381243;-0.309851;2.850000;0.000000
242.135483;18.916344;-9.211466;2.322161;-0.286722;2.850000;0.000000
242.335430;18.784514;-9.062054;2.267155;-0.265309;2.850000;0.000000
242.535376;18.660075;-8.904955;2.215923;-0.245950;2.850000;0.000000
242.735323;18.542993;-8.741114;2.168123;-0.228805;2.850000;0.000000
242.935270;18.433235;-8.571475;2.123403;-0.213915;2.850000;0.000000
243.135216;18.330769;-8.396985;2.081404;-0.201254;2.850000;0.000000
243.335163;18.235563;-8.218587;2.041770;-0.190771;2.850000;0.000000
243.535110;18.147559;-8.037178;2.003947;-0.182779;2.850000;0.000000
243.735057;18.066379;-7.852737;1.967206;-0.181637;2.850000;0.000000
243.935003;17.992320;-7.666296;1.930937;-0.179822;2.850000;0.000000
244.134950;17.925246;-7.477944;1.895214;-0.177384;2.850000;0.000000
244.334897;17.865020;-7.287766;1.860116;-0.174381;2.850000;0.000000
244.534844;17.811506;-7.095848;1.825711;-0.170879;2.850000;0.000000
244.734790;17.764568;-6.902278;1.792058;-0.166946;2.850000;0.000000
244.934737;17.724069;-6.707140;1.759205;-0.162652;2.850000;0.000000
245.134684;17.689872;-6.510522;1.727195;-0.158068;2.850000;0.000000
245.334630;17.661841;-6.312509;1.696061;-0.153261;2.850000;0.000000
245.534577;17.639844;-6.113236;1.665708;-0.148829;2.850000;0.000000
245.734524;17.623859;-5.913529;1.635329;-0.152752;2.850000;0.000000
245.934471;17.613982;-5.713037;1.604193;-0.157484;2.850000;0.000000
246.134417;17.610450;-5.512164;1.571999;-0.163020;2.850000;0.000000
246.334364;17.613499;-5.311319;1.538617;-0.169356;2.850000;0.000000
246.534311;17.623366;-5.110907;1.503920;-0.176484;2.850000;0.000000
246.734257;17.640288;-4.911334;1.467780;-0.184387;2.850000;0.000000
246.934204;17.664502;-4.713008;1.430073;-0.193035;2.850000;0.000000
247.134151;17.696244;-4.516334;1.390683;-0.202377;2.850000;0.000000
247.334098;17.735750;-4.321720;1.349493;-0.212335;2.850000;0.000000
247.534044;17.783274;-4.129512;1.306537;-0.222233;2.850000;0.000000
247.733991;17.839483;-3.938360;1.263484;-0.214434;2.850000;0.000000
247.933938;17.903691;-3.750089;1.221674;-0.205754;2.850000;0.000000
248.133885;17.975520;-3.564666;1.181671;-0.196434;2.850000;0.000000
248.333831;18.054595;-3.382059;1.143540;-0.186696;2.850000;0.000000
248.533778;18.140535;-3.202238;1.107315;-0.176736;2.850000;0.000000
248.733725;18.232966;-3.025169;1.073008;-0.166719;2.850000;0.000000
248.933671;18.331508;-2.850821;1.040611;-0.156780;2.850000;0.000000
249.133618;18.435784;-2.679161;1.010099;-0.147023;2.850000;0.000000
249.333565;18.545417;-2.510158;0.981451;-0.137527;2.850000;0.000000
249.533512;18.659913;-2.343944;0.954373;-0.129894;2.850000;0.000000
249.733458;18.777946;-2.181970;0.927251;-0.137507;2.850000;0.000000
249.933405;18.900575;-2.023091;0.898826;-0.145777;2.850000;0.000000
250.133352;19.027848;-1.867813;0.868661;-0.154716;2.850000;0.000000
250.333299;19.159815;-1.716640;0.836651;-0.164322;2.850000;0.000000
250.533245;19.296525;-1.570080;0.802689;-0.174571;2.850000;0.000000
250.733192;19.438028;-1.428636;0.766674;-0.185418;2.850000;0.000000
250.933139;19.584373;-1.292814;0.728514;-0.196779;2.850000;0.000000
251.133085;19.735610;-1.163120;0.688131;-0.208533;2.850000;0.000000
251.333032;19.891787;-1.040059;0.645454;-0.220508;2.850000;0.000000
251.532979;20.053041;-0.924076;0.600525;-0.231702;2.850000;0.000000
251.732926;20.220841;-0.814687;0.554751;-0.229350;2.850000;0.000000
251.932872;20.393376;-0.713184;0.509033;-0.227295;2.850000;0.000000
252.132819;20.570263;-0.619679;0.463714;-0.225587;2.850000;0.000000
252.332766;20.751120;-0.534282;0.418717;-0.224262;2.850000;0.000000
252.532712;20.935566;-0.457106;0.373957;-0.223351;2.850000;0.000000
252.732659;21.123218;-0.388263;0.329350;-0.222873;2.850000;0.000000
252.932606;21.313694;-0.327863;0.284807;-0.222841;2.850000;0.000000
253.132553;21.506612;-0.276018;0.240239;-0.223258;2.850000;0.000000
253.332499;21.701591;-0.232840;0.195569;-0.224122;2.850000;0.000000
253.532446;21.898138;-0.198456;0.151467;-0.222118;2.850000;0.000000
253.732393;22.095141;-0.172769;0.110416;-0.193436;2.850000;0.000000
253.932340;22.293253;-0.154651;0.074820;-0.164359;2.850000;0.000000
254.132286;22.492278;-0.143000;0.044937;-0.135422;2.850000;0.000000
254.332233;22.692021;-0.136719;0.020726;-0.106913;2.850000;0.000000
254.532180;22.892286;-0.134708;0.002121;-0.078924;2.850000;0.000000
254.732126;23.092879;-0.135869;-0.010946;-0.051396;2.850000;0.000000
254.932073;23.293605;-0.139101;-0.018528;-0.024165;2.850000;0.000000
255.132020;23.494267;-0.143307;-0.020654;0.002995;2.850000;0.000000
255.331967;23.694672;-0.147386;-0.017317;0.030345;2.850000;0.000000
255.531913;23.894627;-0.150240;-0.009424;0.053296;2.850000;0.000000
255.731860;24.094060;-0.151150;-0.000546;0.040357;2.850000;0.000000
255.931807;24.293087;-0.150458;0.006171;0.027116;2.850000;0.000000
256.131754;24.491908;-0.148695;0.010229;0.013699;2.850000;0.000000
256.331700;24.690719;-0.146390;0.011614;0.000227;2.850000;0.000000
256.531647;24.889717;-0.144075;0.010323;-0.013182;2.850000;0.000000
256.731594;25.089101;-0.142278;0.006373;-0.026412;2.850000;0.000000
256.931540;25.289067;-0.141529;-0.000206;-0.039349;2.850000;0.000000
257.131487;25.489813;-0.142360;-0.009368;-0.051873;2.850000;0.000000
257.331434;25.691537;-0.145300;-0.021047;-0.063863;2.850000;0.000000
257.531381;25.894432;-0.150877;-0.033628;-0.067091;2.850000;0.000000
257.731327;26.098463;-0.158989;-0.041403;-0.016230;2.850000;0.000000
257.931274;26.303028;-0.167804;-0.039615;0.033683;2.850000;0.000000
258.131221;26.507408;-0.175198;-0.027556;0.084412;2.850000;-0.615784
258.331167;26.710882;-0.179046;-0.005000;0.137609;2.806466;-1.608153
258.531114;26.912732;-0.177224;0.028490;0.194657;2.689454;-1.293094
258.731061;27.112237;-0.167608;0.073490;0.256384;2.591537;-0.973229
258.931008;27.308678;-0.148074;0.130613;0.322574;2.515328;-0.637830
259.130954;27.501335;-0.116496;0.200324;0.391270;2.464104;-0.284280
259.330901;27.689487;-0.070751;0.282632;0.458032;2.440928;-0.013280
259.530848;27.872268;-0.008775;0.374599;0.503963;2.439840;-0.013280
259.730795;28.048231;0.070294;0.467958;0.469159;2.438751;0.196407
259.930741;28.217698;0.165805;0.556000;0.435135;2.454801;0.364410
260.130688;28.380034;0.276473;0.638481;0.403958;2.484306;0.493096
260.330635;28.534603;0.401008;0.716005;0.376846;2.523680;0.585675
260.530581;28.680772;0.538122;0.789299;0.354411;2.569663;0.645035
260.730528;28.817904;0.686528;0.859153;0.336884;2.619373;0.673293
260.930475;28.945366;0.844937;0.926376;0.324301;2.670273;0.671712
261.130422;29.062523;1.012062;0.991787;0.316628;2.720105;0.640776
261.330368;29.168739;1.186614;1.056210;0.313847;2.766806;0.580358
261.530315;29.263404;1.367355;1.120403;0.315426;2.808433;0.494548
261.730262;29.346187;1.553591;1.184351;0.313538;2.843424;0.093620
261.930209;29.416631;1.743922;1.247933;0.312729;2.850000;0.000000
262.130155;29.474638;1.937520;1.311211;0.313169;2.850000;0.000000
262.330102;29.520109;2.133557;1.374446;0.314987;2.850000;0.000000
262.530049;29.552947;2.331206;1.437915;0.318267;2.850000;0.000000
262.729995;29.573054;2.529641;1.501901;0.323055;2.850000;0.000000
262.929942;29.580330;2.728032;1.566691;0.329342;2.850000;0.000000
263.129889;29.574679;2.925554;1.632568;0.337066;2.850000;0.000000
263.329836;29.556002;3.121378;1.699821;0.346091;2.850000;0.000000
263.529782;29.524176;3.314800;1.768349;0.354071;2.850000;0.000000
263.729729;29.478856;3.506795;1.835113;0.329729;2.850000;0.000000
263.929676;29.421151;3.695459;1.897563;0.302796;2.850000;0.000000
264.129622;29.352091;3.880824;1.954722;0.274792;2.850000;0.000000
264.329569;29.272705;4.062924;2.006552;0.246873;2.850000;0.000000
264.529516;29.184023;4.241790;2.053142;0.219824;2.850000;0.000000
264.729463;29.087074;4.417455;2.094663;0.194098;2.850000;0.000000
264.929409;28.982888;4.589950;2.131330;0.169887;2.850000;0.000000
265.129356;28.872494;4.759310;2.163372;0.147189;2.850000;0.000000
265.329303;28.756922;4.925564;2.190997;0.125861;2.850000;0.000000
265.529250;28.637320;5.088587;2.214641;0.107330;2.850000;0.000000
265.729196;28.515157;5.247687;2.235532;0.099022;2.850000;0.000000
265.929143;28.390072;5.404067;2.254507;0.090460;2.850000;0.000000
266.129090;28.262328;5.557976;2.271728;0.081709;2.850000;0.000000
266.329036;28.132186;5.709662;2.287173;0.072826;2.850000;0.000000
266.528983;27.999910;5.859371;2.300826;0.063854;2.850000;0.000000
266.728930;27.865763;6.007351;2.312680;0.054830;2.850000;0.000000
266.928877;27.730005;6.153851;2.322727;0.045780;2.850000;0.000000
267.128823;27.592900;6.299117;2.330967;0.036720;2.850000;0.000000
267.328770;27.454711;6.443397;2.337399;0.027663;2.850000;0.000000
267.528717;27.315698;6.586941;2.342215;0.019765;2.850000;0.000000
267.728663;27.176065;6.729945;2.346094;0.018284;2.850000;0.000000
267.928610;27.035886;6.872463;2.349601;0.016806;2.850000;0.000000
268.128557;26.895209;7.014529;2.352814;0.015332;2.850000;0.000000
268.328504;26.754081;7.156180;2.355732;0.013860;2.850000;0.000000
268.528450;26.612550;7.297450;2.358357;0.012391;2.850000;0.000000
268.728397;26.470662;7.438376;2.360688;0.010924;2.850000;0.000000
268.928344;26.328464;7.578994;2.362726;0.009459;2.850000;0.000000
269.128291;26.186006;7.719338;2.364471;0.007995;2.850000;0.000000
269.328237;26.043332;7.859445;2.365924;0.006532;2.850000;0.000000
269.528184;25.900479;7.999362;2.367130;0.005355;2.850000;0.000000
269.728131;25.757428;8.139164;2.368249;0.005659;2.850000;0.000000
269.928077;25.614237;8.278785;2.369411;0.005963;2.850000;0.000000
270.128024;25.470895;8.418220;2.370634;0.006267;2.850000;0.000000
270.327971;25.327393;8.557463;2.371917;0.006571;2.850000;0.000000
270.527918;25.183719;8.696506;2.373261;0.006874;2.850000;0.000000
270.727864;25.039863;8.835342;2.374666;0.007177;2.850000;0.000000
270.927811;24.895815;8.973966;2.376131;0.007479;2.850000;0.000000
271.127758;24.751564;9.112369;2.377656;0.007781;2.850000;0.000000
271.327705;24.607099;9.250547;2.379242;0.008083;2.850000;0.000000
271.527651;24.462406;9.388496;2.380898;0.008450;2.850000;0.000000
271.727598;24.317457;9.526221;2.382659;0.009125;2.850000;0.000000
271.927545;24.172254;9.663683;2.384551;0.009801;2.850000;0.000000
272.127491;24.026782;9.800861;2.386578;0.010476;2.850000;0.000000
272.327438;23.881023;9.937735;2.388740;0.011152;2.850000;0.000000
272.527385;23.734959;10.074282;2.391038;0.011828;2.850000;0.000000
272.727332;23.588573;10.210483;2.393471;0.012505;2.850000;0.000000
272.927278;23.441849;10.346316;2.396038;0.013181;2.850000;0.000000
273.127225;23.294769;10.481760;2.398742;0.013858;2.850000;0.000000
273.327172;23.147316;10.616795;2.401580;0.014535;2.850000;0.000000
273.527118;22.999476;10.751396;2.404458;0.014558;2.850000;0.000000
273.727065;22.851270;10.885560;2.407068;0.011851;2.850000;0.000000
273.927012;22.702744;11.019375;2.409167;0.009144;2.850000;0.000000
274.126959;22.553970;11.152921;2.410724;0.006436;2.850000;0.000000
274.326905;22.405018;11.286280;2.411740;0.003729;2.850000;0.000000
274.526852;22.255961;11.419535;2.412215;0.001022;2.850000;0.000000
274.726799;22.106869;11.552766;2.412149;-0.001684;2.850000;0.000000
274.926746;21.957812;11.686055;2.411542;-0.004389;2.850000;0.000000
275.126692;21.808863;11.819483;2.410394;-0.007093;2.850000;0.000000
275.326639;21.660092;11.953133;2.408706;-0.009796;2.850000;0.000000
275.526586;21.511570;12.087086;2.406694;-0.010946;2.850000;0.000000
275.726532;21.363312;12.221357;2.405040;-0.006208;2.850000;0.000000
275.926479;21.215215;12.355817;2.404272;-0.001472;2.850000;0.000000
276.126426;21.067160;12.490318;2.404451;0.003264;2.850000;0.000000
276.326373;20.919027;12.624714;2.405578;0.008002;2.850000;0.000000
276.526319;20.770697;12.758857;2.407653;0.012745;2.850000;0.000000
276.726266;20.622050;12.892599;2.410676;0.017494;2.850000;0.000000
276.926213;20.472968;13.025792;2.414648;0.022250;2.850000;0.000000
277.126160;20.323329;13.158290;2.419572;0.027015;2.850000;0.000000
277.326106;20.173016;13.289944;2.425446;0.031788;2.850000;0.000000
277.526053;20.021911;13.420607;2.432163;0.035752;2.850000;0.000000
277.726000;19.869922;13.550162;2.439387;0.036881;2.850000;0.000000
277.925946;19.716997;13.678583;2.446864;0.037994;2.850000;0.000000
278.125893;19.563096;13.805846;2.454561;0.039089;2.850000;0.000000
278.325840;19.408179;13.931925;2.462476;0.040163;2.850000;0.000000
278.525787;19.252205;14.056797;2.470606;0.041215;2.850000;0.000000
278.725733;19.095135;14.180438;2.478948;0.042242;2.850000;0.000000
278.925680;18.936929;14.302824;2.487497;0.043243;2.850000;0.000000
279.125627;18.777545;14.423930;2.496251;0.044216;2.850000;0.000000
279.325573;18.616945;14.543733;2.505209;0.045158;2.850000;0.000000
279.525520;18.455069;14.662220;2.514775;0.049198;2.850000;0.000000
279.725467;18.291793;14.779225;2.526168;0.063307;2.850000;0.000000
279.925414;18.127016;14.894161;2.540323;0.077621;2.850000;0.000000
280.125360;17.960568;15.006446;2.557370;0.092212;2.850000;0.000000
280.325307;17.792277;15.115497;2.577355;0.107126;2.850000;0.000000
280.525254;17.621973;15.220732;2.600326;0.122373;2.850000;0.000000
280.725201;17.449485;15.321568;2.626330;0.137924;2.850000;0.000000
280.925147;17.274641;15.417423;2.655405;0.153698;2.850000;0.000000
281.125094;17.097271;15.507713;2.687579;0.169553;2.850000;0.000000
281.325041;16.917203;15.591858;2.722849;0.185281;2.850000;0.000000
281.524987;16.734218;15.669296;2.760444;0.194562;2.850000;0.000000
281.724934;16.548188;15.739738;2.798149;0.186178;2.850000;0.000000
281.924881;16.359504;15.803300;2.834385;0.177740;2.850000;0.000000
282.124828;16.168441;15.860214;2.868991;0.169370;2.850000;0.000000
282.324774;15.975274;15.910715;2.901992;0.161167;2.850000;0.000000
282.524721;15.780280;15.955039;2.933427;0.153207;2.850000;0.000000
282.724668;15.583733;15.993419;2.963342;0.145547;2.850000;0.000000
282.924615;15.385909;16.026090;2.991792;0.138228;2.850000;0.000000
283.124561;15.187084;16.053286;3.018833;0.131274;2.850000;0.000000
283.324508;14.987534;16.075241;3.044521;0.124700;2.850000;0.000000
283.524455;14.787652;16.092182;3.069049;0.119682;2.850000;0.000000
283.724401;14.587821;16.104289;3.092854;0.117687;2.850000;0.000000
283.924348;14.387854;16.111683;3.116206;0.115694;2.850000;0.000000
284.124295;14.187841;16.114445;3.139152;0.113714;2.850000;0.000000
284.324242;13.987871;16.112659;-3.121486;0.111760;2.850000;0.000000
284.524188;13.788035;16.106406;-3.099332;0.109841;2.850000;0.000000
284.724135;13.588423;16.095768;-3.077562;0.107966;2.850000;0.000000
284.924082;13.389125;16.080828;-3.056165;0.106145;2.850000;0.000000
285.124028;13.190231;16.061668;-3.035130;0.104384;2.850000;0.000000
285.323975;12.991832;16.038371;-3.014449;0.102691;2.850000;0.000000
285.523922;12.794016;16.011019;-2.994355;0.098978;2.850000;0.000000
285.723869;12.596824;15.979787;-2.975498;0.090306;2.850000;0.000000
285.923815;12.400216;15.945003;-2.958339;0.081562;2.850000;0.000000
286.123762;12.204142;15.907010;-2.942925;0.072789;2.850000;0.000000
286.323709;12.008553;15.866152;-2.929257;0.064017;2.850000;0.000000
286.523656;11.813400;15.822771;-2.917333;0.055268;2.850000;0.000000
286.723602;11.618633;15.777212;-2.907150;0.046552;2.850000;0.000000
286.923549;11.424202;15.729818;-2.898703;0.037875;2.850000;0.000000
287.123496;11.230059;15.680931;-2.891985;0.029235;2.850000;0.000000
287.323442;11.036154;15.630895;-2.886984;0.020624;2.850000;0.000000
287.523389;10.842411;15.580043;-2.883072;0.017394;2.850000;0.000000
287.723336;10.648810;15.528466;-2.878609;0.026203;2.850000;0.000000
287.923283;10.455536;15.475889;-2.872476;0.035044;2.850000;0.000000
288.123229;10.262719;15.421980;-2.864571;0.043925;2.850000;0.000000
288.323176;10.070493;15.366409;-2.854889;0.052853;2.850000;0.000000
288.523123;9.878987;15.308845;-2.843423;0.061825;2.850000;0.000000
288.723070;9.688334;15.248959;-2.830168;0.070834;2.850000;0.000000
288.923016;9.498665;15.186420;-2.815120;0.079862;2.850000;0.000000
289.122963;9.310111;15.120897;-2.798277;0.088879;2.850000;0.000000
289.322910;9.122804;15.052060;-2.779646;0.097848;2.850000;0.000000
289.522856;8.936814;14.979557;-2.759600;0.103505;2.850000;0.000000
289.722803;8.752184;14.903173;-2.739085;0.102421;2.850000;0.000000
289.922750;8.569108;14.823005;-2.718717;0.101387;2.850000;0.000000
290.122697;8.387651;14.739124;-2.698547;0.100405;2.850000;0.000000
290.322643;8.207876;14.651598;-2.678562;0.099479;2.850000;0.000000
290.522590;8.029847;14.560498;-2.658754;0.098611;2.850000;0.000000
290.722537;7.853629;14.465894;-2.639111;0.097804;2.850000;0.000000
290.922483;7.679286;14.367854;-2.619622;0.097061;2.850000;0.000000
291.122430;7.506880;14.266450;-2.600276;0.096383;2.850000;0.000000
291.322377;7.336477;14.161751;-2.581065;0.095772;2.850000;0.000000
291.522324;7.168174;14.053849;-2.562145;0.093732;2.850000;0.000000
291.722270;7.002004;13.942879;-2.543916;0.088878;2.850000;0.000000
291.922217;6.837829;13.828973;-2.526643;0.083996;2.850000;0.000000
292.122164;6.675564;13.712310;-2.510344;0.079107;2.850000;0.000000
292.322111;6.515128;13.593070;-2.495019;0.074225;2.850000;0.000000
292.522057;6.356438;13.471429;-2.480663;0.069362;2.850000;0.000000
292.722004;6.199410;13.347568;-2.467274;0.064527;2.850000;0.000000
292.921951;6.043962;13.221665;-2.454847;0.059724;2.850000;0.000000
293.121897;5.890011;13.093899;-2.443375;0.054958;2.850000;0.000000
293.321844;5.737475;12.964447;-2.432848;0.050228;2.850000;0.000000
293.521791;5.586243;12.833464;-2.423064;0.047328;2.850000;0.000000
293.721738;5.436253;12.701038;-2.413554;0.047539;2.850000;0.000000
293.921684;5.287564;12.567224;-2.404023;0.047750;2.850000;0.000000
294.121631;5.140190;12.432023;-2.394452;0.047961;2.850000;0.000000
294.321578;4.994146;12.295440;-2.384841;0.048172;2.850000;0.000000
294.521525;4.849448;12.157479;-2.375189;0.048382;2.850000;0.000000
294.721471;4.706109;12.018143;-2.365496;0.048591;2.850000;0.000000
294.921418;4.564145;11.877435;-2.355763;0.048800;2.850000;0.000000
295.121365;4.423571;11.735360;-2.345988;0.049008;2.850000;0.000000
295.321311;4.284400;11.591921;-2.336162;0.049214;2.850000;0.000000
295.521258;4.146620;11.447084;-2.325856;0.053400;2.850000;0.000000
295.721205;4.010366;11.300733;-2.314099;0.063833;2.850000;0.000000
295.921152;3.876024;11.152691;-2.300289;0.074322;2.850000;0.000000
296.121098;3.743940;11.002719;-2.284384;0.084857;2.850000;0.000000
296.321045;3.614460;10.850578;-2.266376;0.095414;2.850000;0.000000
296.520992;3.487930;10.696031;-2.246264;0.105952;2.850000;0.000000
296.720938;3.364697;10.538840;-2.224054;0.116411;2.850000;0.000000
296.920885;3.245107;10.378764;-2.199760;0.126709;2.850000;0.000000
297.120832;3.129507;10.215567;-2.173410;0.136745;2.850000;0.000000
297.320779;3.018242;10.049010;-2.145071;0.146395;2.850000;0.000000
297.520725;2.911814;9.879111;-2.114939;0.154384;2.850000;0.000000
297.720672;2.810666;9.705950;-2.083271;0.161244;2.850000;0.000000
297.920619;2.715063;9.529400;-2.050124;0.168963;2.850000;0.000000
298.120566;2.625496;9.349688;-2.015337;0.177530;2.850000;0.000000
298.320512;2.542456;9.167039;-1.978774;0.186923;2.850000;0.000000
298.520459;2.466433;8.981681;-1.940303;0.197100;2.850000;0.000000
298.720406;2.397917;8.793840;-1.899801;0.207985;2.850000;0.000000
298.920352;2.337400;8.603743;-1.857155;0.219467;2.850000;0.000000
299.120299;2.285371;8.411616;-1.812273;0.231382;2.850000;0.000000
299.320246;2.242320;8.217685;-1.765145;0.243510;2.850000;0.000000
299.520193;2.208732;8.022255;-1.717456;0.239037;2.850000;0.000000
299.720139;2.184398;7.825572;-1.673018;0.210367;2.850000;0.000000
299.920086;2.168260;7.627714;-1.634148;0.181152;2.850000;0.000000
300.120033;2.159232;7.428872;-1.600986;0.152043;2.850000;0.000000
300.319980;2.156227;7.229234;-1.573490;0.123420;2.850000;0.000000
300.519926;2.158155;7.028989;-1.551582;0.095440;2.850000;0.000000
300.719873;2.163931;6.828327;-1.535174;0.068085;2.850000;0.000000
300.919820;2.172465;6.627437;-1.524189;0.041216;2.850000;0.000000
301.119766;2.182672;6.426507;-1.518574;0.014611;2.850000;0.000000
301.319713;2.193462;6.225728;-1.518282;-0.012004;2.850000;0.000000
301.519660;2.203776;6.025007;-1.522120;-0.027489;2.850000;0.000000
301.719607;2.213018;5.824290;-1.527389;-0.026021;2.850000;0.000000
301.919553;2.221196;5.623943;-1.532455;-0.024501;2.850000;0.000000
302.119500;2.228377;5.423902;-1.537203;-0.022934;2.850000;0.000000
302.319447;2.234633;5.224106;-1.541627;-0.021325;2.850000;0.000000
302.519393;2.240031;5.024493;-1.545721;-0.019679;2.850000;0.000000
302.719340;2.244642;4.825001;-1.549481;-0.018001;2.850000;0.000000
302.919287;2.248536;4.625568;-1.552902;-0.016297;2.850000;0.000000
303.119234;2.251781;4.426132;-1.555980;-0.014571;2.850000;0.000000
303.319180;2.254447;4.226632;-1.558713;-0.012828;2.850000;0.000000
303.519127;2.256603;4.027062;-1.561070;-0.010825;2.850000;0.000000
303.719074;2.258330;3.827421;-1.562996;-0.008485;2.850000;0.000000
303.919021;2.259719;3.627649;-1.564458;-0.006156;2.850000;0.000000
304.118967;2.260863;3.427768;-1.565457;-0.003835;2.850000;0.000000
304.318914;2.261854;3.227801;-1.565992;-0.001522;2.850000;0.000000
304.518861;2.262784;3.027771;-1.566066;0.000788;2.850000;0.000000
304.718807;2.263746;2.827699;-1.565677;0.003095;2.850000;0.000000
304.918754;2.264833;2.627609;-1.564827;0.005402;2.850000;0.000000
305.118701;2.266135;2.427521;-1.563515;0.007712;2.850000;0.000000
305.318648;2.267746;2.227460;-1.561746;0.010027;2.850000;0.000000
305.518594;2.269756;2.027415;-1.559674;0.010834;2.850000;0.000000
305.718541;2.272196;1.827388;-1.557634;0.009672;2.850000;0.000000
305.918488;2.275022;1.627410;-1.555816;0.008508;2.850000;0.000000
306.118435;2.278187;1.427472;-1.554231;0.007342;2.850000;0.000000
306.318381;2.281646;1.227567;-1.552880;0.006173;2.850000;0.000000
306.518328;2.285351;1.027685;-1.551763;0.005003;2.850000;0.000000
306.718275;2.289255;0.827819;-1.550880;0.003832;2.850000;0.000000
306.918221;2.293313;0.627960;-1.550231;0.002660;2.850000;0.000000
307.118168;2.297477;0.428101;-1.549816;0.001488;2.850000;0.000000
307.318115;2.301700;0.228232;-1.549634;0.000316;2.850000;0.000000
307.518062;2.305937;0.028370;-1.549621;-0.000243;2.850000;0.000000
307.718008;2.310166;-0.171482;-1.549647;-0.000056;2.850000;0.000000
307.917955;2.314392;-0.371354;-1.549639;0.000131;2.850000;0.000000
308.117902;2.318625;-0.571241;-1.549595;0.000317;2.850000;0.000000
308.317848;2.322870;-0.771141;-1.549513;0.000503;2.850000;0.000000
308.517795;2.327135;-0.971051;-1.549393;0.000690;2.850000;0.000000
308.717742;2.331429;-1.170970;-1.549237;0.000876;2.850000;0.000000
308.917689;2.335757;-1.370894;-1.549043;0.001062;2.850000;0.000000
309.117635;2.340128;-1.570821;-1.548812;0.001249;2.850000;0.000000
309.317582;2.344549;-1.770749;-1.548543;0.001435;2.850000;0.000000
309.517529;2.349028;-1.970684;-1.548209;0.001874;2.850000;0.000000
309.717476;2.353583;-2.170625;-1.547760;0.002603;2.850000;0.000000
309.917422;2.358241;-2.370558;-1.547167;0.003332;2.850000;0.000000
310.117369;2.363033;-2.570479;-1.546428;0.004061;2.850000;0.000000
310.317316;2.367986;-2.770387;-1.545543;0.004790;2.850000;0.000000
310.517262;2.373131;-2.970276;-1.544512;0.005520;2.850000;0.000000
310.717209;2.378496;-3.170145;-1.543335;0.006251;2.850000;0.000000
310.917156;2.384110;-3.369991;-1.542013;0.006982;2.850000;0.000000
311.117103;2.390003;-3.569809;-1.540544;0.007714;2.850000;0.000000
311.317049;2.396203;-3.769597;-1.538937;0.008446;2.850000;0.000000
311.516996;2.402738;-3.969404;-1.537429;0.006848;2.850000;0.000000
311.716943;2.409543;-4.169236;-1.536483;0.002730;2.850000;0.000000
311.916890;2.416457;-4.369049;-1.536349;-0.001389;2.850000;0.000000
312.116836;2.423314;-4.568854;-1.537038;-0.005508;2.850000;0.000000
312.316783;2.429952;-4.768661;-1.538551;-0.009628;2.850000;0.000000
312.516730;2.436205;-4.968480;-1.540888;-0.013747;2.850000;0.000000
312.716676;2.441909;-5.168324;-1.544048;-0.017863;2.850000;0.000000
312.916623;2.446899;-5.368201;-1.548030;-0.021974;2.850000;0.000000
313.116570;2.451012;-5.568123;-1.552835;-0.026079;2.850000;0.000000
313.316517;2.454083;-5.768101;-1.558437;-0.030174;2.850000;0.000000
313.516463;2.455955;-5.968029;-1.564313;-0.029042;2.850000;0.000000
313.716410;2.456675;-6.167909;-1.569467;-0.022730;2.850000;0.000000
313.916357;2.456486;-6.367838;-1.573382;-0.016431;2.850000;0.000000
314.116303;2.455641;-6.567805;-1.576039;-0.010142;2.850000;0.000000
314.316250;2.454389;-6.767796;-1.577439;-0.003859;2.850000;0.000000
314.516197;2.452984;-6.967796;-1.577583;0.002420;2.850000;0.000000
314.716144;2.451675;-7.167793;-1.576471;0.008701;2.850000;0.000000
314.916090;2.450714;-7.367772;-1.574102;0.014987;2.850000;0.000000
315.116037;2.450353;-7.567720;-1.570476;0.021282;2.850000;0.000000
315.315984;2.450842;-7.767624;-1.565614;0.027589;2.850000;0.000000
315.515931;2.452425;-7.967576;-1.560059;0.028422;2.850000;0.000000
315.715877;2.455137;-8.167571;-1.554840;0.023987;2.850000;0.000000
315.915824;2.458807;-8.367515;-1.550487;0.019544;2.850000;0.000000
316.115771;2.463258;-8.567418;-1.547024;0.015095;2.850000;0.000000
316.315717;2.468312;-8.767288;-1.544451;0.010641;2.850000;0.000000
316.515664;2.473791;-8.967137;-1.542769;0.006185;2.850000;0.000000
316.715611;2.479517;-9.166971;-1.541978;0.001728;2.850000;0.000000
316.915558;2.485312;-9.366802;-1.542078;-0.002729;2.850000;0.000000
317.115504;2.490998;-9.566639;-1.543070;-0.007186;2.850000;0.000000
317.315451;2.496397;-9.766491;-1.544937;-0.011642;2.850000;0.000000
317.515398;2.501336;-9.966338;-1.547386;-0.013094;2.850000;0.000000
317.715345;2.505756;-10.166186;-1.549873;-0.011886;2.850000;0.000000
317.915291;2.509701;-10.366059;-1.552129;-0.010678;2.850000;0.000000
318.115238;2.513219;-10.565955;-1.554143;-0.009471;2.850000;0.000000
318.315185;2.516359;-10.765871;-1.555916;-0.008264;2.850000;0.000000
318.515131;2.519170;-10.965804;-1.557448;-0.007058;2.850000;0.000000
318.715078;2.521698;-11.165751;-1.558739;-0.005853;2.850000;0.000000
318.915025;2.523992;-11.365711;-1.559789;-0.004648;2.850000;0.000000
319.114972;2.526100;-11.565681;-1.560598;-0.003443;2.850000;0.000000
319.314918;2.528071;-11.765658;-1.561166;-0.002239;2.850000;0.000000
319.514865;2.529952;-11.965624;-1.561502;-0.001111;2.850000;0.000000
319.714812;2.531788;-12.165579;-1.561618;-0.000045;2.850000;0.000000
319.914758;2.533622;-12.365535;-1.561520;0.001021;2.850000;0.000000
320.114705;2.535498;-12.565488;-1.561209;0.002087;2.850000;0.000000
320.314652;2.537456;-12.765437;-1.560686;0.003153;2.850000;0.000000
320.514599;2.539541;-12.965379;-1.559949;0.004219;2.850000;0.000000
320.714545;2.541794;-13.165312;-1.558998;0.005285;2.850000;0.000000
320.914492;2.544259;-13.365235;-1.557835;0.006352;2.850000;0.000000
321.114439;2.546977;-13.565144;-1.556458;0.007420;2.850000;0.000000
321.314386;2.549992;-13.765038;-1.554873;0.008488;2.850000;0.000000
321.514332;2.553344;-13.964961;-1.553171;0.008612;2.850000;0.000000
321.714279;2.557040;-14.164904;-1.551512;0.008000;2.850000;0.000000
321.914226;2.561056;-14.364830;-1.549974;0.007389;2.850000;0.000000
322.114172;2.565367;-14.564740;-1.548557;0.006776;2.850000;0.000000
322.314119;2.569949;-14.764637;-1.547264;0.006164;2.850000;0.000000
322.514066;2.574777;-14.964521;-1.546092;0.005551;2.850000;0.000000
322.714013;2.579826;-15.164393;-1.545044;0.004939;2.850000;0.000000
322.913959;2.585073;-15.364256;-1.544118;0.004326;2.850000;0.000000
323.113906;2.590493;-15.564109;-1.543314;0.003713;2.850000;0.000000
323.313853;2.596060;-15.763955;-1.542634;0.003099;2.850000;0.000000
323.513800;2.601752;-15.963808;-1.542101;0.002254;2.850000;0.000000
323.713746;2.607533;-16.163667;-1.541752;0.001243;2.850000;0.000000
323.913693;2.613365;-16.363523;-1.541605;0.000231;2.850000;0.000000
324.113640;2.619205;-16.563379;-1.541660;-0.000780;2.850000;0.000000
324.313586;2.625014;-16.763236;-1.541917;-0.001792;2.850000;0.000000
324.513533;2.630752;-16.963096;-1.542376;-0.002804;2.850000;0.000000
324.713480;2.636378;-17.162963;-1.543038;-0.003815;2.850000;0.000000
324.913427;2.641851;-17.362837;-1.543902;-0.004826;2.850000;0.000000
325.113373;2.647132;-17.562720;-1.544968;-0.005838;2.850000;0.000000
325.313320;2.652179;-17.762615;-1.546234;-0.006848;2.850000;0.000000
325.513267;2.656952;-17.962477;-1.547667;-0.007513;2.850000;0.000000
325.713213;2.661426;-18.162322;-1.549212;-0.007949;2.850000;0.000000
325.913160;2.665581;-18.362183;-1.550845;-0.008385;2.850000;0.000000
326.113107;2.669402;-18.562062;-1.552564;-0.008821;2.850000;0.000000
326.313054;2.672871;-18.761960;-1.554372;-0.009256;2.850000;0.000000
326.513000;2.675970;-18.961878;-1.556266;-0.009691;2.850000;0.000000
326.712947;2.678681;-19.161816;-1.558247;-0.010126;2.850000;0.000000
326.912894;2.680988;-19.361777;-1.560315;-0.010560;2.850000;0.000000
327.112841;2.682873;-19.561762;-1.562470;-0.010993;2.850000;0.000000
327.312787;2.684319;-19.761771;-1.564697;-0.011426;2.850000;0.000000
327.512734;2.685313;-19.961751;-1.566772;-0.009508;2.850000;0.000000
327.712681;2.685928;-20.161720;-1.568334;-0.006148;2.850000;0.000000
327.912627;2.686298;-20.361702;-1.569228;-0.002791;2.850000;0.000000
328.112574;2.686556;-20.561690;-1.569450;0.000566;2.850000;0.000000
328.312521;2.686836;-20.761674;-1.569001;0.003923;2.850000;0.000000
328.512468;2.687273;-20.961648;-1.567881;0.007282;2.850000;0.000000
328.712414;2.688002;-21.161603;-1.566089;0.010643;2.850000;0.000000
328.912361;2.689156;-21.361532;-1.563625;0.014008;2.850000;0.000000
329.112308;2.690869;-21.561426;-1.560488;0.017376;2.850000;0.000000
329.312255;2.693277;-21.761278;-1.556704;0.020750;2.850000;0.000000
329.512201;2.696503;-21.961185;-1.552651;0.020113;2.850000;0.000000
329.712148;2.700532;-22.161106;-1.548933;0.017133;2.850000;0.000000
329.912095;2.705246;-22.360990;-1.545806;0.014148;2.850000;0.000000
330.112041;2.710524;-22.560845;-1.543276;0.011159;2.850000;0.000000
330.311988;2.716248;-22.760682;-1.541344;0.008169;2.850000;0.000000
330.511935;2.722299;-22.960510;-1.540010;0.005177;2.850000;0.000000
330.711882;2.728556;-23.160338;-1.539274;0.002186;2.850000;0.000000
330.911828;2.734901;-23.360178;-1.539136;-0.000805;2.850000;0.000000
331.111775;2.741215;-23.560037;-1.539596;-0.003794;2.850000;0.000000
331.311722;2.747378;-23.759927;-1.540635;-0.006781;2.850000;0.000000
331.511668;2.753275;-23.959766;-1.542010;-0.007185;2.850000;0.000000
331.711615;2.758886;-24.159596;-1.543347;-0.006217;2.850000;0.000000
331.911562;2.764249;-24.359457;-1.544493;-0.005250;2.850000;0.000000
332.111509;2.769403;-24.559342;-1.545446;-0.004284;2.850000;0.000000
332.311455;2.774386;-24.759245;-1.546206;-0.003319;2.850000;0.000000
332.511402;2.779237;-24.959158;-1.546774;-0.002354;2.850000;0.000000
332.711349;2.783993;-25.159075;-1.547148;-0.001390;2.850000;0.000000
332.911296;2.788694;-25.358987;-1.547330;-0.000426;2.850000;0.000000
333.111242;2.793377;-25.558889;-1.547318;0.000538;2.850000;0.000000
333.311189;2.798082;-25.758774;-1.547127;0.001503;2.850000;0.000000
333.511136;2.802842;-25.958695;-1.546912;0.000781;2.850000;0.000000
333.711082;2.807633;-26.158624;-1.546914;-0.000785;2.850000;0.000000
333.911029;2.812393;-26.358534;-1.547228;-0.002351;2.850000;0.000000
334.110976;2.817058;-26.558430;-1.547855;-0.003918;2.850000;0.000000
334.310923;2.821566;-26.758317;-1.548795;-0.005485;2.850000;0.000000
334.510869;2.825855;-26.958200;-1.550048;-0.007053;2.850000;0.000000
334.710816;2.829862;-27.158084;-1.551615;-0.008619;2.850000;0.000000
334.910763;2.833524;-27.357975;-1.553494;-0.010186;2.850000;0.000000
335.110710;2.836780;-27.557876;-1.555687;-0.011751;2.850000;0.000000
335.310656;2.839566;-27.757793;-1.558173;-0.013314;2.850000;0.000000
335.510603;2.841826;-27.957649;-1.560724;-0.012420;2.850000;0.000000
335.710550;2.843592;-28.157490;-1.563002;-0.010397;2.850000;0.000000
335.910496;2.844942;-28.357355;-1.564878;-0.008375;2.850000;0.000000
336.110443;2.845957;-28.557246;-1.566351;-0.006354;2.850000;0.000000
336.310390;2.846719;-28.757163;-1.567419;-0.004334;2.850000;0.000000
336.510337;2.847308;-28.957108;-1.568084;-0.002316;2.850000;0.000000
336.710283;2.847804;-29.157081;-1.568345;-0.000298;2.850000;0.000000
336.910230;2.848288;-29.357084;-1.568203;0.001718;2.850000;0.000000
337.110177;2.848841;-29.557118;-1.567658;0.003732;2.850000;0.000000
337.310123;2.849544;-29.757183;-1.566808;0.005745;2.850000;0.000000
337.510070;2.850439;-29.957616;-1.566773;-0.004327;2.850000;0.000000
337.710017;2.851157;-30.158181;-1.569185;-0.019643;2.850000;0.000000
337.909964;2.851085;-30.358662;-1.574663;-0.035017;2.850000;0.000000
338.109910;2.849607;-30.558992;-1.583227;-0.050488;2.850000;0.000000
338.309857;2.846107;-30.759102;-1.594891;-0.066079;2.850000;0.000000
338.509804;2.839969;-30.958922;-1.609671;-0.081793;2.850000;0.000000
338.709751;2.830577;-31.158385;-1.627582;-0.097604;2.850000;0.000000
338.909697;2.817316;-31.357422;-1.648633;-0.113448;2.850000;0.000000
339.109644;2.799568;-31.555964;-1.672823;-0.129220;2.850000;0.000000
339.309591;2.776719;-31.753943;-1.699917;-0.144762;2.850000;0.000000
339.509537;2.748299;-31.950821;-1.728092;-0.140115;2.850000;0.000000
339.709484;2.714396;-32.146883;-1.754794;-0.128220;2.850000;0.000000
339.909431;2.675443;-32.342301;-1.779165;-0.116372;2.850000;0.000000
340.109378;2.631895;-32.537076;-1.801220;-0.104645;2.850000;0.000000
340.309324;2.584209;-32.731210;-1.820984;-0.093088;2.850000;0.000000
340.509271;2.532840;-32.924703;-1.838481;-0.081725;2.850000;0.000000
340.709218;2.478246;-33.117558;-1.853741;-0.070556;2.850000;0.000000
340.909164;2.420883;-33.309774;-1.866790;-0.059566;2.850000;0.000000
341.109111;2.361207;-33.501354;-1.877654;-0.048724;2.850000;0.000000
341.309058;2.299674;-33.692299;-1.886436;-0.037989;2.850000;0.000000
341.509005;2.236672;-33.882711;-1.893976;-0.036353;2.850000;0.000000
341.708951;2.172331;-34.072515;-1.901421;-0.037915;2.850000;0.000000
341.908898;2.106607;-34.261660;-1.909170;-0.039473;2.850000;0.000000
342.108845;2.039444;-34.450133;-1.917223;-0.041026;2.850000;0.000000
342.308792;1.970783;-34.637920;-1.925580;-0.042569;2.850000;0.000000
342.508738;1.900568;-34.825008;-1.934240;-0.044102;2.850000;0.000000
342.708685;1.828741;-35.011382;-1.943201;-0.045622;2.850000;0.000000
342.908632;1.755245;-35.197029;-1.952461;-0.047125;2.850000;0.000000
343.108578;1.680022;-35.381935;-1.962016;-0.048609;2.850000;0.000000
343.308525;1.603015;-35.566086;-1.971854;-0.050071;2.850000;0.000000
343.508472;1.524121;-35.749589;-1.981835;-0.050024;2.850000;0.000000
343.708419;1.443371;-35.932355;-1.991774;-0.049479;2.850000;0.000000
343.908365;1.360806;-36.114340;-2.001608;-0.048935;2.850000;0.000000
344.108312;1.276451;-36.295537;-2.011334;-0.048392;2.850000;0.000000
344.308259;1.190333;-36.475943;-2.020954;-0.047851;2.850000;0.000000
344.508206;1.102475;-36.655552;-2.030468;-0.047311;2.850000;0.000000
344.708152;1.012903;-36.834359;-2.039876;-0.046775;2.850000;0.000000
344.908099;0.921642;-37.012358;-2.049179;-0.046242;2.850000;0.000000
345.108046;0.828717;-37.189546;-2.058378;-0.045712;2.850000;0.000000
345.307992;0.734155;-37.365917;-2.067512;-0.045186;2.850000;0.000000
345.507939;0.638009;-37.541377;-2.076949;-0.048729;2.850000;0.000000
345.707886;0.540160;-37.715886;-2.087179;-0.053513;2.850000;0.000000
345.907833;0.440452;-37.889331;-2.098366;-0.058330;2.850000;0.000000
346.107779;0.338742;-38.061576;-2.110519;-0.063180;2.850000;0.000000
346.307726;0.234886;-38.232484;-2.123643;-0.068060;2.850000;0.000000
346.507673;0.128741;-38.401918;-2.137741;-0.072965;2.850000;0.000000
346.707619;0.020164;-38.569743;-2.152818;-0.077884;2.850000;0.000000
346.907566;-0.090988;-38.735822;-2.168875;-0.082807;2.850000;0.000000
347.107513;-0.204859;-38.900018;-2.185913;-0.087719;2.850000;0.000000
347.307460;-0.321591;-39.062194;-2.203894;-0.092599;2.850000;0.000000
347.507406;-0.441309;-39.222215;-2.222511;-0.094057;2.850000;0.000000
347.707353;-0.564038;-39.379986;-2.241369;-0.094629;2.850000;0.000000
347.907300;-0.689749;-39.535432;-2.260350;-0.095252;2.850000;0.000000
348.107247;-0.818412;-39.688472;-2.279462;-0.095924;2.850000;0.000000
348.307193;-0.949996;-39.839029;-2.298715;-0.096643;2.850000;0.000000
348.507140;-1.084471;-39.987021;-2.318118;-0.097406;2.850000;0.000000
348.707087;-1.221809;-40.132371;-2.337678;-0.098211;2.850000;0.000000
348.907033;-1.361977;-40.274999;-2.357403;-0.099056;2.850000;0.000000
349.106980;-1.504947;-40.414826;-2.377301;-0.099936;2.850000;0.000000
349.306927;-1.650688;-40.551773;-2.397329;-0.100850;2.850000;0.000000
349.506874;-1.799041;-40.685669;-2.417137;-0.097747;2.850000;0.000000
349.706820;-1.949975;-40.816636;-2.436261;-0.093629;2.850000;0.000000
349.906767;-2.103368;-40.944786;-2.454566;-0.089527;2.850000;0.000000
350.106714;-2.259071;-41.070203;-2.472059;-0.085457;2.850000;0.000000
350.306661;-2.416933;-41.192972;-2.488746;-0.081429;2.850000;0.000000
350.506607;-2.576806;-41.313177;-2.504636;-0.077449;2.850000;0.000000
350.706554;-2.738537;-41.430902;-2.519737;-0.073525;2.850000;0.000000
350.906501;-2.901979;-41.546233;-2.534058;-0.069660;2.850000;0.000000
351.106447;-3.066980;-41.659254;-2.547609;-0.065854;2.850000;0.000000
351.306394;-3.233391;-41.770049;-2.560428;-0.062109;2.850000;0.000000
351.506341;-3.401334;-41.878869;-2.572666;-0.060090;2.850000;0.000000
351.706288;-3.570545;-41.985644;-2.584525;-0.058465;2.850000;0.000000
351.906234;-3.740920;-42.090388;-2.596054;-0.056816;2.850000;0.000000
352.106181;-3.912421;-42.193157;-2.607247;-0.055146;2.850000;0.000000
352.306128;-4.085008;-42.294009;-2.618102;-0.053460;2.850000;0.000000
352.506074;-4.258644;-42.392999;-2.628617;-0.051760;2.850000;0.000000
352.706021;-4.433288;-42.490185;-2.638792;-0.050050;2.850000;0.000000
352.905968;-4.608902;-42.585622;-2.648624;-0.048332;2.850000;0.000000
353.105915;-4.785448;-42.679368;-2.658113;-0.046609;2.850000;0.000000
353.305861;-4.962886;-42.771478;-2.667239;-0.044882;2.850000;0.000000
353.505808;-5.141038;-42.861947;-2.675877;-0.041718;2.850000;0.000000
353.705755;-5.319948;-42.950933;-2.683867;-0.038253;2.850000;0.000000
353.905702;-5.499574;-43.038569;-2.691167;-0.034794;2.850000;0.000000
354.105648;-5.679847;-43.124973;-2.697778;-0.031342;2.850000;0.000000
354.305595;-5.860696;-43.210264;-2.703700;-0.027897;2.850000;0.000000
354.505542;-6.042051;-43.294560;-2.708936;-0.024461;2.850000;0.000000
354.705488;-6.223840;-43.377979;-2.713485;-0.021033;2.850000;0.000000
354.905435;-6.405995;-43.460639;-2.717350;-0.017610;2.850000;0.000000
355.105382;-6.588444;-43.542660;-2.720531;-0.014194;2.850000;0.000000
355.305329;-6.771117;-43.624158;-2.723048;-0.010780;2.850000;0.000000
355.505275;-6.953925;-43.705236;-2.725044;-0.008994;2.850000;0.000000
355.705222;-7.136854;-43.785974;-2.726695;-0.007517;2.850000;0.000000
355.905169;-7.319891;-43.866432;-2.728050;-0.006039;2.850000;0.000000
356.105116;-7.503016;-43.946664;-2.729110;-0.004559;2.850000;0.000000
356.305062;-7.686211;-44.026728;-2.729873;-0.003079;2.850000;0.000000
356.505009;-7.869455;-44.106680;-2.730341;-0.001599;2.850000;0.000000
356.704956;-8.052730;-44.186575;-2.730513;-0.000119;2.850000;0.000000
356.904902;-8.236017;-44.266470;-2.730389;0.001361;2.850000;0.000000
357.104849;-8.419296;-44.346421;-2.729969;0.002840;2.850000;0.000000
357.304796;-8.602549;-44.426484;-2.729267;0.004318;2.850000;0.000000
357.504743;-8.785753;-44.506709;-2.728384;0.004652;2.850000;0.000000
357.704689;-8.968898;-44.587111;-2.727440;0.004789;2.850000;0.000000
357.904636;-9.151972;-44.667691;-2.726468;0.004926;2.850000;0.000000
358.104583;-9.334964;-44.748449;-2.725469;0.005065;2.850000;0.000000
358.304529;-9.517860;-44.829388;-2.724442;0.005204;2.850000;0.000000
358.504476;-9.700649;-44.910506;-2.723387;0.005345;2.850000;0.000000
358.704423;-9.883318;-44.991806;-2.722304;0.005487;2.850000;0.000000
358.904370;-10.065857;-45.073287;-2.721193;0.005631;2.850000;0.000000
359.104316;-10.248251;-45.154950;-2.720053;0.005776;2.850000;0.000000
359.304263;-10.430491;-45.236796;-2.718911;0.005922;2.850000;0.000000
359.504210;-10.612640;-45.318849;-2.717952;0.003942;2.850000;0.000000
359.704157;-10.794688;-45.401029;-2.717397;0.001623;2.850000;0.000000
359.904103;-10.976691;-45.483260;-2.717304;-0.000699;2.850000;0.000000
360.104050;-11.158717;-45.565470;-2.717676;-0.003019;2.850000;0.000000
360.303997;-11.340831;-45.647589;-2.718510;-0.005335;2.850000;0.000000
360.503943;-11.523100;-45.729543;-2.719807;-0.007643;2.850000;0.000000
360.703890;-11.705592;-45.811263;-2.721565;-0.009941;2.850000;0.000000
360.903837;-11.888373;-45.892676;-2.723783;-0.012223;2.850000;0.000000
361.103784;-12.071509;-45.973711;-2.726458;-0.014488;2.850000;0.000000
361.303730;-12.255069;-46.054297;-2.729782;-0.016732;2.850000;0.000000
361.503677;-12.439283;-46.134349;-2.735051;-0.033817;2.850000;0.000000
361.703624;-12.624133;-46.213188;-2.743773;-0.052993;2.850000;0.000000
361.903571;-12.809730;-46.290021;-2.756363;-0.072384;2.850000;0.000000
362.103517;-12.996208;-46.364061;-2.772860;-0.092089;2.850000;0.000000
362.303464;-13.183697;-46.434524;-2.793312;-0.112160;2.850000;0.000000
362.503411;-13.372332;-46.500625;-2.817770;-0.132586;2.850000;0.000000
362.703357;-13.562243;-46.561578;-2.846280;-0.153278;2.850000;0.000000
362.903304;-13.753565;-46.616599;-2.878866;-0.174042;2.850000;0.000000
363.103251;-13.946428;-46.664902;-2.915521;-0.194573;2.850000;0.000000
363.303198;-14.140965;-46.705702;-2.955785;-0.214434;2.850000;0.000000
363.503144;-14.336490;-46.738224;-2.997620;-0.210083;2.850000;0.000000
363.703091;-14.533469;-46.762606;-3.038675;-0.203419;2.850000;0.000000
363.903038;-14.731683;-46.779041;-3.078499;-0.196963;2.850000;0.000000
364.102984;-14.930831;-46.787710;-3.117154;-0.190800;2.850000;0.000000
364.302931;-15.130616;-46.788792;3.128487;-0.184995;2.850000;0.000000
364.502878;-15.330739;-46.782468;3.091983;-0.179601;2.850000;0.000000
364.702825;-15.530900;-46.768918;3.056443;-0.174660;2.850000;0.000000
364.902771;-15.730802;-46.748321;3.021789;-0.170200;2.850000;0.000000
365.102718;-15.930145;-46.720857;2.987936;-0.166245;2.850000;0.000000
365.302665;-16.128631;-46.686706;2.954589;-0.162813;2.850000;0.000000
365.502612;-16.326705;-46.645822;2.920747;-0.170984;2.850000;0.000000
365.702558;-16.523172;-46.598129;2.885119;-0.181569;2.850000;0.000000
365.902505;-16.717372;-46.543370;2.847307;-0.193240;2.850000;0.000000
366.102452;-16.908742;-46.481268;2.807147;-0.205967;2.850000;0.000000
366.302398;-17.096715;-46.411548;2.764475;-0.219673;2.850000;0.000000
366.502345;-17.280727;-46.333934;2.719144;-0.234225;2.850000;0.000000
366.702292;-17.460215;-46.248150;2.671025;-0.249408;2.850000;0.000000
366.902239;-17.634612;-46.153920;2.620030;-0.264914;2.850000;0.000000
367.102185;-17.803355;-46.050968;2.566113;-0.280326;2.850000;0.000000
367.302132;-17.965879;-45.939018;2.509816;-0.295112;2.850000;0.000000
367.502079;-18.121438;-45.818183;2.454035;-0.275030;2.850000;0.000000
367.702026;-18.270509;-45.688845;2.402097;-0.250997;2.850000;0.000000
367.901972;-18.413492;-45.551782;2.354761;-0.226859;2.850000;0.000000
368.101919;-18.550757;-45.407792;2.311978;-0.203225;2.850000;0.000000
368.301866;-18.682675;-45.257675;2.273639;-0.180477;2.850000;0.000000
368.501812;-18.809619;-45.102228;2.239598;-0.158806;2.850000;0.000000
368.701759;-18.931958;-44.942249;2.209691;-0.138258;2.850000;0.000000
368.901706;-19.050065;-44.778537;2.183755;-0.118766;2.850000;0.000000
369.101653;-19.164310;-44.611891;2.161641;-0.100184;2.850000;0.000000
369.301599;-19.275064;-44.443108;2.143011;-0.082306;2.850000;0.000000
369.501546;-19.382658;-44.272892;2.126506;-0.079482;2.850000;0.000000
369.701493;-19.487249;-44.101418;2.110715;-0.077738;2.850000;0.000000
369.901439;-19.588935;-43.928706;2.095320;-0.075867;2.850000;0.000000
370.101386;-19.687811;-43.754777;2.080339;-0.073880;2.850000;0.000000
370.301333;-19.783973;-43.579650;2.065786;-0.071787;2.850000;0.000000
370.501280;-19.877518;-43.403347;2.051676;-0.069599;2.850000;0.000000
370.701226;-19.968541;-43.225887;2.038020;-0.067325;2.850000;0.000000
370.901173;-20.057140;-43.047292;2.024831;-0.064977;2.850000;0.000000
371.101120;-20.143410;-42.867581;2.012118;-0.062564;2.850000;0.000000
371.301067;-20.227447;-42.686775;1.999944;-0.060095;2.850000;0.000000
371.501013;-20.309420;-42.504788;1.988665;-0.053540;2.850000;0.000000
371.700960;-20.389488;-42.321833;1.978657;-0.046695;2.850000;0.000000
371.900907;-20.467886;-42.138046;1.970009;-0.039874;2.850000;0.000000
372.100853;-20.544853;-41.953551;1.962717;-0.033079;2.850000;0.000000
372.300800;-20.620630;-41.768476;1.956779;-0.026309;2.850000;0.000000
372.500747;-20.695455;-41.582944;1.952191;-0.019562;2.850000;0.000000
372.700694;-20.769570;-41.397082;1.948950;-0.012832;2.850000;0.000000
372.900640;-20.843213;-41.211015;1.947054;-0.006111;2.850000;0.000000
373.100587;-20.916624;-41.024869;1.946504;0.000608;2.850000;0.000000
373.300534;-20.990043;-40.838768;1.947202;0.007334;2.850000;0.000000
373.500481;-21.063706;-40.652746;1.948594;0.007551;2.850000;0.000000
373.700427;-21.137629;-40.466885;1.950086;0.007368;2.850000;0.000000
373.900374;-21.211809;-40.281179;1.951541;0.007183;2.850000;0.000000
374.100321;-21.286241;-40.095614;1.952959;0.006996;2.850000;0.000000
374.300267;-21.360923;-39.910177;1.954339;0.006808;2.850000;0.000000
374.500214;-21.435851;-39.724856;1.955680;0.006618;2.850000;0.000000
374.700161;-21.511024;-39.539637;1.956984;0.006426;2.850000;0.000000
374.900108;-21.586437;-39.354508;1.958250;0.006234;2.850000;0.000000
375.100054;-21.662087;-39.169456;1.959476;0.006040;2.850000;0.000000
375.300001;-21.737972;-38.984469;1.960636;0.005844;2.850000;0.000000
375.499948;-21.814045;-38.799610;1.961575;0.003824;2.850000;0.000000
375.699894;-21.890270;-38.614782;1.962130;0.001728;2.850000;0.000000
375.899841;-21.966569;-38.429958;1.962266;-0.000366;2.850000;0.000000
376.099788;-22.042860;-38.245113;1.961984;-0.002459;2.850000;0.000000
376.299735;-22.119064;-38.060222;1.961282;-0.004552;2.850000;0.000000
376.499681;-22.195099;-37.875263;1.960163;-0.006646;2.850000;0.000000
376.699628;-22.270885;-37.690210;1.958624;-0.008741;2.850000;0.000000
376.899575;-22.346342;-37.505039;1.956667;-0.010839;2.850000;0.000000
377.099522;-22.421389;-37.319726;1.954290;-0.012939;2.850000;0.000000
377.299468;-22.495945;-37.134248;1.951575;-0.015043;2.850000;0.000000
377.499415;-22.570005;-36.948479;1.948969;-0.011857;2.850000;0.000000
377.699362;-22.643616;-36.762558;1.946933;-0.008513;2.850000;0.000000
377.899308;-22.716902;-36.576531;1.945565;-0.005167;2.850000;0.000000
378.099255;-22.789992;-36.390441;1.944867;-0.001818;2.850000;0.000000
378.299202;-22.863011;-36.204332;1.944838;0.001531;2.850000;0.000000
378.499149;-22.936086;-36.018245;1.945479;0.004880;2.850000;0.000000
378.699095;-23.009345;-35.832226;1.946789;0.008228;2.850000;0.000000
378.899042;-23.082914;-35.646316;1.948769;0.011574;2.850000;0.000000
379.098989;-23.156920;-35.460559;1.951417;0.014916;2.850000;0.000000
379.298936;-23.231490;-35.274999;1.954621;0.018254;2.850000;0.000000
379.498882;-23.306658;-35.089788;1.957812;0.014769;2.850000;0.000000
379.698829;-23.382384;-34.904771;1.960409;0.011221;2.850000;0.000000
379.898776;-23.458535;-34.719900;1.962299;0.007677;2.850000;0.000000
380.098722;-23.534977;-34.535128;1.963480;0.004136;2.850000;0.000000
380.298669;-23.611577;-34.350407;1.963953;0.000596;2.850000;0.000000
380.498616;-23.688201;-34.165691;1.963718;-0.002942;2.850000;0.000000
380.698563;-23.764715;-33.980931;1.962776;-0.006482;2.850000;0.000000
380.898509;-23.840986;-33.796082;1.961126;-0.010023;2.850000;0.000000
381.098456;-23.916880;-33.611097;1.958767;-0.013568;2.850000;0.000000
381.298403;-23.992264;-33.425926;1.955804;-0.017103;2.850000;0.000000
381.498349;-24.067105;-33.240383;1.952761;-0.014367;2.850000;0.000000
381.698296;-24.141403;-33.054650;1.950161;-0.011629;2.850000;0.000000
381.898243;-24.215259;-32.868768;1.948109;-0.008890;2.850000;0.000000
382.098190;-24.288775;-32.682780;1.946605;-0.006149;2.850000;0.000000
382.298136;-24.362052;-32.496726;1.945650;-0.003406;2.850000;0.000000
382.498083;-24.435193;-32.310647;1.945243;-0.000661;2.850000;0.000000
382.698030;-24.508299;-32.124586;1.945386;0.002085;2.850000;0.000000
382.897977;-24.581471;-31.938584;1.946077;0.004834;2.850000;0.000000
383.097923;-24.654811;-31.752682;1.947318;0.007585;2.850000;0.000000
383.297870;-24.728421;-31.566919;1.949051;0.010266;2.850000;0.000000
383.497817;-24.802430;-31.381210;1.950998;0.009734;2.850000;0.000000
383.697763;-24.876792;-31.195664;1.952890;0.009199;2.850000;0.000000
383.897710;-24.951491;-31.010266;1.954676;0.008663;2.850000;0.000000
384.097657;-25.026511;-30.824996;1.956353;0.008125;2.850000;0.000000
384.297604;-25.101837;-30.639838;1.957923;0.007585;2.850000;0.000000
384.497550;-25.177451;-30.454774;1.959386;0.007043;2.850000;0.000000
384.697497;-25.253339;-30.269786;1.960740;0.006501;2.850000;0.000000
384.897444;-25.329483;-30.084856;1.961986;0.005958;2.850000;0.000000
385.097391;-25.405869;-29.899967;1.963123;0.005414;2.850000;0.000000
385.297337;-25.482473;-29.715117;1.964124;0.004800;2.850000;0.000000
385.497284;-25.559154;-29.530562;1.964865;0.002817;2.850000;0.000000
385.697231;-25.635960;-29.345997;1.965230;0.000839;2.850000;0.000000
385.897177;-25.712816;-29.161402;1.965200;-0.001138;2.850000;0.000000
386.097124;-25.789641;-28.976762;1.964775;-0.003113;2.850000;0.000000
386.297071;-25.866357;-28.792059;1.963955;-0.005088;2.850000;0.000000
386.497018;-25.942886;-28.607276;1.962740;-0.007065;2.850000;0.000000
386.696964;-26.019149;-28.422395;1.961129;-0.009044;2.850000;0.000000
386.896911;-26.095068;-28.237401;1.959122;-0.011027;2.850000;0.000000
387.096858;-26.170565;-28.052276;1.956719;-0.013015;2.850000;0.000000
387.296804;-26.245565;-27.866990;1.954008;-0.014735;2.850000;0.000000
387.496751;-26.320094;-27.681366;1.951389;-0.012111;2.850000;0.000000
387.696698;-26.394156;-27.495606;1.949230;-0.009480;2.850000;0.000000
387.896645;-26.467851;-27.309741;1.947598;-0.006844;2.850000;0.000000
388.096591;-26.541283;-27.123798;1.946493;-0.004206;2.850000;0.000000
388.296538;-26.614554;-26.937807;1.945917;-0.001565;2.850000;0.000000
388.496485;-26.687766;-26.751795;1.945868;0.001076;2.850000;0.000000
388.696432;-26.761020;-26.565791;1.946347;0.003717;2.850000;0.000000
388.896378;-26.834420;-26.379824;1.947354;0.006355;2.850000;0.000000
389.096325;-26.908067;-26.193923;1.948888;0.008990;2.850000;0.000000
389.296272;-26.982058;-26.008129;1.950857;0.011276;2.850000;0.000000
389.496218;-27.056401;-25.822608;1.952888;0.009594;2.850000;0.000000
389.696165;-27.131116;-25.637189;1.954638;0.007916;2.850000;0.000000
389.896112;-27.206137;-25.451857;1.956053;0.006241;2.850000;0.000000
390.096059;-27.281400;-25.266595;1.957134;0.004568;2.850000;0.000000
390.296005;-27.356837;-25.081387;1.957880;0.002897;2.850000;0.000000
390.495952;-27.432385;-24.896216;1.958293;0.001226;2.850000;0.000000
390.695899;-27.507976;-24.711067;1.958371;-0.000444;2.850000;0.000000
390.895846;-27.583547;-24.525923;1.958115;-0.002115;2.850000;0.000000
391.095792;-27.659030;-24.340768;1.957525;-0.003788;2.850000;0.000000
391.295739;-27.734366;-24.155575;1.956657;-0.005222;2.850000;0.000000
391.495686;-27.809556;-23.970220;1.955742;-0.004256;2.850000;0.000000
391.695632;-27.884575;-23.784833;1.954988;-0.003290;2.850000;0.000000
391.895579;-27.959462;-23.599422;1.954427;-0.002321;2.850000;0.000000
392.095526;-28.034255;-23.413997;1.954059;-0.001353;2.850000;0.000000
392.295473;-28.108992;-23.228566;1.953886;-0.000383;2.850000;0.000000
392.495419;-28.183711;-23.043138;1.953906;0.000586;2.850000;0.000000
392.695366;-28.258451;-22.857721;1.954120;0.001556;2.850000;0.000000
392.895313;-28.333250;-22.672325;1.954528;0.002525;2.850000;0.000000
393.095259;-28.408145;-22.486958;1.955130;0.003494;2.850000;0.000000
393.295206;-28.483174;-22.301636;1.955882;0.004252;2.850000;0.000000
393.495153;-28.558336;-22.116411;1.956614;0.003297;2.850000;0.000000
393.695100;-28.633627;-21.931219;1.957177;0.002342;2.850000;0.000000
393.895046;-28.709011;-21.746047;1.957550;0.001388;2.850000;0.000000
394.094993;-28.784452;-21.560883;1.957732;0.000435;2.850000;0.000000
394.294940;-28.859913;-21.375716;1.957724;-0.000519;2.850000;0.000000
394.494887;-28.935358;-21.190532;1.957525;-0.001472;2.850000;0.000000
394.694833;-29.010751;-21.005321;1.957135;-0.002425;2.850000;0.000000
394.894780;-29.086056;-20.820070;1.956555;-0.003378;2.850000;0.000000
395.094727;-29.161235;-20.634767;1.955785;-0.004331;2.850000;0.000000
395.294673;-29.236254;-20.449400;1.954873;-0.005020;2.850000;0.000000
395.494620;-29.311094;-20.263965;1.954010;-0.003855;2.850000;0.000000
395.694567;-29.385790;-20.078476;1.953355;-0.002689;2.850000;0.000000
395.894514;-29.460384;-19.892951;1.952934;-0.001524;2.850000;0.000000
396.094460;-29.534920;-19.707407;1.952746;-0.000359;2.850000;0.000000
396.294407;-29.609441;-19.521862;1.952791;0.000807;2.850000;0.000000
396.494354;-29.683990;-19.336334;1.953069;0.001973;2.850000;0.000000
396.694301;-29.758610;-19.150841;1.953580;0.003139;2.850000;0.000000
396.894247;-29.833344;-18.965401;1.954324;0.004305;2.850000;0.000000
397.094194;-29.908235;-18.780032;1.955301;0.005471;2.850000;0.000000
397.294141;-29.983328;-18.594746;1.956442;0.006245;2.850000;0.000000
397.494087;-30.058652;-18.409523;1.957497;0.004604;2.850000;0.000000
397.694034;-30.134144;-18.224375;1.958253;0.002962;2.850000;0.000000
397.893981;-30.209745;-18.039274;1.958681;0.001320;2.850000;0.000000
398.093928;-30.285394;-17.854196;1.958781;-0.000322;2.850000;0.000000
398.293874;-30.361030;-17.669114;1.958553;-0.001964;2.850000;0.000000
398.493821;-30.436594;-17.484001;1.957996;-0.003606;2.850000;0.000000
398.693768;-30.512025;-17.298833;1.957111;-0.005247;2.850000;0.000000
398.893714;-30.587263;-17.113582;1.955898;-0.006889;2.850000;0.000000
399.093661;-30.662248;-16.928224;1.954356;-0.008530;2.850000;0.000000
399.293608;-30.736918;-16.742733;1.952577;-0.009618;2.850000;0.000000
399.493555;-30.811244;-16.557107;1.950877;-0.007743;2.850000;0.000000
399.693501;-30.885284;-16.371360;1.949516;-0.005869;2.850000;0.000000
399.893448;-30.959107;-16.185523;1.948530;-0.003995;2.850000;0.000000
400.093395;-31.032783;-15.999627;1.947918;-0.002122;2.850000;0.000000
400.293342;-31.106378;-15.813701;1.947681;-0.000249;2.850000;0.000000
400.493288;-31.179963;-15.627777;1.947819;0.001625;2.850000;0.000000
400.693235;-31.253604;-15.441886;1.948331;0.003499;2.850000;0.000000
400.893182;-31.327370;-15.256058;1.949218;0.005374;2.850000;0.000000
401.093128;-31.401331;-15.070323;1.950479;0.007249;2.850000;0.000000
401.293075;-31.475557;-14.884704;1.952047;0.008679;2.850000;0.000000
401.493022;-31.550104;-14.699192;1.953688;0.007980;2.850000;0.000000
401.692969;-31.624942;-14.513810;1.955213;0.007279;2.850000;0.000000
401.892915;-31.700048;-14.328543;1.956598;0.006577;2.850000;0.000000
402.092862;-31.775397;-14.143375;1.957843;0.005875;2.850000;0.000000
402.292809;-31.850966;-13.958289;1.958947;0.005172;2.850000;0.000000
402.492756;-31.926731;-13.773270;1.959911;0.004469;2.850000;0.000000
402.692702;-32.002668;-13.588302;1.960734;0.003765;2.850000;0.000000
402.892649;-32.078754;-13.403368;1.961417;0.003061;2.850000;0.000000
403.092596;-32.154965;-13.218453;1.961958;0.002358;2.850000;0.000000
403.292542;-32.231264;-13.033569;1.962341;0.001529;2.850000;0.000000
403.492489;-32.307581;-12.848797;1.962506;0.000177;2.850000;0.000000
403.692436;-32.383917;-12.664000;1.962406;-0.001175;2.850000;0.000000
403.892383;-32.460217;-12.479164;1.962036;-0.002526;2.850000;0.000000
404.092329;-32.536429;-12.294278;1.961396;-0.003877;2.850000;0.000000
404.292276;-32.612499;-12.109330;1.960486;-0.005229;2.850000;0.000000
404.492223;-32.688374;-11.924305;1.959305;-0.006582;2.850000;0.000000
404.692169;-32.764000;-11.739193;1.957853;-0.007936;2.850000;0.000000
404.892116;-32.839325;-11.553980;1.956131;-0.009292;2.850000;0.000000
405.092063;-32.914295;-11.368654;1.954138;-0.010651;2.850000;0.000000
405.292010;-32.988872;-11.183166;1.951977;-0.011271;2.850000;0.000000
405.491956;-33.063085;-10.997407;1.949983;-0.008983;2.850000;0.000000
405.691903;-33.136951;-10.811548;1.948416;-0.006692;2.850000;0.000000
405.891850;-33.210557;-10.625616;1.947307;-0.004398;2.850000;0.000000
406.091797;-33.283992;-10.439642;1.946657;-0.002103;2.850000;0.000000
406.291743;-33.357342;-10.253653;1.946466;0.000194;2.850000;0.000000
406.491690;-33.430694;-10.067680;1.946734;0.002491;2.850000;0.000000
406.691637;-33.504136;-9.881750;1.947462;0.004788;2.850000;0.000000
406.891583;-33.577754;-9.695894;1.948649;0.007085;2.850000;0.000000
407.091530;-33.651637;-9.510140;1.950294;0.009381;2.850000;0.000000
407.291477;-33.725869;-9.324522;1.952278;0.010783;2.850000;0.000000
407.491424;-33.800487;-9.139065;1.954232;0.009083;2.850000;0.000000
407.691370;-33.875446;-8.953732;1.955878;0.007384;2.850000;0.000000
407.891317;-33.950684;-8.768499;1.957185;0.005685;2.850000;0.000000
408.091264;-34.026136;-8.583342;1.958152;0.003987;2.850000;0.000000
408.291211;-34.101739;-8.398235;1.958779;0.002290;2.850000;0.000000
408.491157;-34.177430;-8.213156;1.959067;0.000593;2.850000;0.000000
408.691104;-34.253145;-8.028080;1.959016;-0.001104;2.850000;0.000000
408.891051;-34.328822;-7.842983;1.958626;-0.002801;2.850000;0.000000
409.090997;-34.404396;-7.657840;1.957897;-0.004497;2.850000;0.000000
409.290944;-34.479805;-7.472625;1.956917;-0.005515;2.850000;0.000000
409.490891;-34.555021;-7.287322;1.955944;-0.004415;2.850000;0.000000
409.690838;-34.630072;-7.101955;1.955171;-0.003315;2.850000;0.000000
409.890784;-34.704999;-6.916543;1.954618;-0.002216;2.850000;0.000000
410.090731;-34.779841;-6.731105;1.954285;-0.001116;2.850000;0.000000
410.290678;-34.854637;-6.545659;1.954172;-0.000016;2.850000;0.000000
410.490624;-34.929428;-6.360226;1.954278;0.001085;2.850000;0.000000
410.690571;-35.004253;-6.174824;1.954605;0.002185;2.850000;0.000000
410.890518;-35.079152;-5.989472;1.955152;0.003287;2.850000;0.000000
411.090465;-35.154164;-5.804189;1.955919;0.004389;2.850000;0.000000
411.290411;-35.229338;-5.618975;1.956829;0.004880;2.850000;0.000000
411.490358;-35.304701;-5.433796;1.957666;0.003647;2.850000;0.000000
411.690305;-35.380194;-5.248686;1.958271;0.002413;2.850000;0.000000
411.890252;-35.455772;-5.063621;1.958630;0.001178;2.850000;0.000000
412.090198;-35.531394;-4.878573;1.958742;-0.000056;2.850000;0.000000
412.290145;-35.607017;-4.693517;1.958608;-0.001291;2.850000;0.000000
412.490092;-35.682598;-4.508427;1.958226;-0.002525;2.850000;0.000000
412.690038;-35.758095;-4.323277;1.957598;-0.003757;2.850000;0.000000
412.889985;-35.833465;-4.138041;1.956724;-0.004988;2.850000;0.000000
413.089932;-35.908664;-3.952693;1.955604;-0.006217;2.850000;0.000000
413.289879;-35.983625;-3.767274;1.954334;-0.006668;2.850000;0.000000
413.489825;-36.058295;-3.581878;1.953165;-0.005186;2.850000;0.000000
413.689772;-36.132790;-3.396366;1.952276;-0.003706;2.850000;0.000000
413.889719;-36.207159;-3.210767;1.951683;-0.002229;2.850000;0.000000
414.089666;-36.281455;-3.025113;1.951385;-0.000752;2.850000;0.000000
414.289612;-36.355728;-2.839433;1.951382;0.000723;2.850000;0.000000
414.489559;-36.430030;-2.653760;1.951674;0.002199;2.850000;0.000000
414.689506;-36.504412;-2.468123;1.952261;0.003675;2.850000;0.000000
414.889452;-36.578926;-2.282553;1.953144;0.005153;2.850000;0.000000
415.089399;-36.653622;-2.097080;1.954321;0.006632;2.850000;0.000000
415.289346;-36.728566;-1.911702;1.955681;0.007171;2.850000;0.000000
415.489293;-36.803788;-1.726382;1.956928;0.005484;2.850000;0.000000
415.689239;-36.879202;-1.541172;1.957856;0.003795;2.850000;0.000000
415.889186;-36.954747;-1.356040;1.958446;0.002104;2.850000;0.000000
416.089133;-37.030364;-1.170956;1.958697;0.000413;2.850000;0.000000
416.289079;-37.105992;-0.985889;1.958611;-0.001279;2.850000;0.000000
416.489026;-37.181571;-0.800807;1.958186;-0.002971;2.850000;0.000000
416.688973;-37.257040;-0.615680;1.957423;-0.004662;2.850000;0.000000
416.888920;-37.332339;-0.430477;1.956322;-0.006353;2.850000;0.000000
417.088866;-37.407407;-0.245166;1.954884;-0.008042;2.850000;0.000000
417.288813;-37.482176;-0.059739;1.953227;-0.008728;2.850000;0.000000
417.488760;-37.556617;0.125788;1.951648;-0.007234;2.850000;0.000000
417.688707;-37.630797;0.311441;1.950351;-0.005741;2.850000;0.000000
417.888653;-37.704770;0.497194;1.949353;-0.004249;2.850000;0.000000
418.088600;-37.778590;0.683022;1.948652;-0.002757;2.850000;0.000000
418.288547;-37.852310;0.868898;1.948250;-0.001266;2.850000;0.000000
418.488493;-37.925985;1.054797;1.948146;0.000224;2.850000;0.000000
418.688440;-37.999668;1.240694;1.948340;0.001715;2.850000;0.000000
418.888387;-38.073415;1.426562;1.948832;0.003206;2.850000;0.000000
419.088334;-38.147277;1.612377;1.949621;0.004697;2.850000;0.000000
419.288280;-38.221319;1.798135;1.950680;0.005937;2.850000;0.000000
419.488227;-38.295594;1.983840;1.951936;0.006661;2.850000;0.000000
419.688174;-38.370112;2.169434;1.953341;0.007386;2.850000;0.000000
419.888120;-38.444898;2.354903;1.954890;0.008111;2.850000;0.000000
420.088067;-38.519978;2.540237;1.956585;0.008837;2.850000;0.000000
420.288014;-38.595381;2.725424;1.958425;0.009563;2.850000;0.000000
420.487961;-38.671132;2.910452;1.960409;0.010289;2.850000;0.000000
420.687907;-38.747257;3.095310;1.962539;0.011015;2.850000;0.000000
420.887854;-38.823784;3.279986;1.964813;0.011742;2.850000;0.000000
421.087801;-38.900738;3.464468;1.967231;0.012469;2.850000;0.000000
421.287748;-38.978155;3.648768;1.969673;0.012124;2.850000;0.000000
421.487694;-39.056025;3.832911;1.971845;0.009750;2.850000;0.000000
421.687641;-39.134252;4.016897;1.973557;0.007375;2.850000;0.000000
421.887588;-39.212750;4.200765;1.974794;0.004999;2.850000;0.000000
422.087534;-39.291431;4.384557;1.975555;0.002623;2.850000;0.000000
422.287481;-39.370212;4.568312;1.975842;0.000247;2.850000;0.000000
422.487428;-39.449005;4.752071;1.975654;-0.002129;2.850000;0.000000
422.687375;-39.527724;4.935876;1.974991;-0.004504;2.850000;0.000000
422.887321;-39.606285;5.119766;1.973853;-0.006877;2.850000;0.000000
423.087268;-39.684600;5.303782;1.972245;-0.009249;2.850000;0.000000
423.287215;-39.762571;5.487930;1.970358;-0.009864;2.850000;0.000000
423.487162;-39.840171;5.672191;1.968648;-0.007445;2.850000;0.000000
423.687108;-39.917503;5.856586;1.967401;-0.005028;2.850000;0.000000
423.887055;-39.994656;6.041070;1.966636;-0.002613;2.850000;0.000000
424.087002;-40.071714;6.225601;1.966355;-0.000199;2.850000;0.000000
424.286948;-40.148765;6.410134;1.966557;0.002216;2.850000;0.000000
424.486895;-40.225895;6.594628;1.967241;0.004631;2.850000;0.000000
424.686842;-40.303191;6.779037;1.968409;0.007047;2.850000;0.000000
424.886789;-40.380740;6.963320;1.970060;0.009466;2.850000;0.000000
425.086735;-40.458626;7.147432;1.972189;0.011887;2.850000;0.000000
425.286682;-40.536955;7.331374;1.974570;0.012198;2.850000;0.000000
425.486629;-40.615742;7.515170;1.976676;0.009087;2.850000;0.000000
425.686575;-40.694853;7.698801;1.978182;0.005973;2.850000;0.000000
425.886522;-40.774178;7.882323;1.979064;0.002857;2.850000;0.000000
426.086469;-40.853604;8.065791;1.979324;-0.000260;2.850000;0.000000
426.286416;-40.933019;8.249260;1.978960;-0.003377;2.850000;0.000000
426.486362;-41.012311;8.432787;1.977974;-0.006494;2.850000;0.000000
426.686309;-41.091369;8.616425;1.976364;-0.009609;2.850000;0.000000
426.886256;-41.170081;8.800230;1.974132;-0.012721;2.850000;0.000000
427.086203;-41.248334;8.984258;1.971284;-0.015829;2.850000;0.000000
427.286149;-41.325989;9.168487;1.968074;-0.016555;2.850000;0.000000
427.486096;-41.403010;9.352894;1.965064;-0.013772;2.850000;0.000000
427.686043;-41.479537;9.537546;1.962589;-0.010991;2.850000;0.000000
427.885989;-41.555670;9.722395;1.960669;-0.008214;2.850000;0.000000
428.085936;-41.631510;9.907394;1.959304;-0.005440;2.850000;0.000000
428.285883;-41.707158;10.092498;1.958494;-0.002667;2.850000;0.000000
428.485830;-41.782714;10.277660;1.958238;0.000103;2.850000;0.000000
428.685776;-41.858279;10.462831;1.958535;0.002873;2.850000;0.000000
428.885723;-41.933953;10.647967;1.959387;0.005643;2.850000;0.000000
429.085670;-42.009836;10.833019;1.960789;0.008413;2.850000;0.000000
429.285617;-42.086025;11.017932;1.962607;0.009907;2.850000;0.000000
429.485563;-42.162569;11.202677;1.964547;0.009603;2.850000;0.000000
429.685510;-42.239465;11.387270;1.966437;0.009300;2.850000;0.000000
429.885457;-42.316703;11.571714;1.968267;0.008997;2.850000;0.000000
430.085403;-42.394269;11.756014;1.970035;0.008694;2.850000;0.000000
430.285350;-42.472153;11.940171;1.971743;0.008391;2.850000;0.000000
430.485297;-42.550343;12.124191;1.973391;0.008088;2.850000;0.000000
430.685244;-42.628828;12.308077;1.974978;0.007786;2.850000;0.000000
430.885190;-42.707595;12.491832;1.976504;0.007483;2.850000;0.000000
431.085137;-42.786632;12.675460;1.977968;0.007180;2.850000;0.000000
431.285084;-42.865939;12.858988;1.979300;0.006212;2.850000;0.000000
431.485030;-42.945481;13.042440;1.980350;0.004344;2.850000;0.000000
431.684977;-43.025180;13.225817;1.981032;0.002475;2.850000;0.000000
431.884924;-43.104967;13.409149;1.981340;0.000606;2.850000;0.000000
432.084871;-43.184775;13.592468;1.981274;-0.001263;2.850000;0.000000
432.284817;-43.264536;13.775807;1.980835;-0.003133;2.850000;0.000000
432.484764;-43.344183;13.959196;1.980021;-0.005002;2.850000;0.000000
432.684711;-43.423648;14.142669;1.978835;-0.006870;2.850000;0.000000
432.884658;-43.502863;14.326255;1.977274;-0.008738;2.850000;0.000000
433.084604;-43.581761;14.509989;1.975343;-0.010605;2.850000;0.000000
433.284551;-43.660268;14.693884;1.973133;-0.011589;2.850000;0.000000
433.484498;-43.738348;14.877953;1.970836;-0.011445;2.850000;0.000000
433.684444;-43.816010;15.062208;1.968562;-0.011303;2.850000;0.000000
433.884391;-43.893258;15.246645;1.966316;-0.011161;2.850000;0.000000
434.084338;-43.970095;15.431255;1.964098;-0.011020;2.850000;0.000000
434.284285;-44.046525;15.616033;1.961908;-0.010880;2.850000;0.000000
434.484231;-44.122551;15.800973;1.959747;-0.010741;2.850000;0.000000
434.684178;-44.198176;15.986069;1.957613;-0.010602;2.850000;0.000000
434.884125;-44.273405;16.171314;1.955507;-0.010464;2.850000;0.000000
435.084072;-44.348240;16.356701;1.953431;-0.010327;2.850000;0.000000
435.284018;-44.422693;16.542243;1.951470;-0.009377;2.850000;0.000000
435.483965;-44.496802;16.727928;1.949794;-0.007433;2.850000;0.000000
435.683912;-44.570632;16.913714;1.948503;-0.005487;2.850000;0.000000
435.883858;-44.644256;17.099576;1.947600;-0.003541;2.850000;0.000000
436.083805;-44.717748;17.285491;1.947087;-0.001594;2.850000;0.000000
436.283752;-44.791184;17.471437;1.946963;0.000353;2.850000;0.000000
436.483699;-44.864639;17.657390;1.947228;0.002299;2.850000;0.000000
436.683645;-44.938185;17.843326;1.947882;0.004244;2.850000;0.000000
436.883592;-45.011899;18.029224;1.948925;0.006187;2.850000;0.000000
437.083539;-45.085854;18.215060;1.950341;0.008128;2.850000;0.000000
437.283485;-45.160116;18.400803;1.951692;0.005770;2.850000;0.000000
437.483432;-45.234591;18.586481;1.952091;-0.001544;2.850000;0.000000
437.683379;-45.309012;18.772193;1.951050;-0.008857;2.850000;0.000000
437.883326;-45.383101;18.958029;1.948546;-0.016175;2.850000;0.000000
438.083272;-45.456578;19.144078;1.944578;-0.023503;2.850000;0.000000
438.283219;-45.529164;19.330430;1.939144;-0.030847;2.850000;0.000000
438.483166;-45.600580;19.517175;1.932241;-0.038207;2.850000;0.000000
438.683113;-45.670546;19.704402;1.923867;-0.045583;2.850000;0.000000
438.883059;-45.738782;19.892203;1.914021;-0.052970;2.850000;0.000000
439.083006;-45.805010;20.080665;1.902718;-0.060358;2.850000;0.000000
439.282953;-45.868973;20.269926;1.890444;-0.062940;2.850000;0.000000
439.482899;-45.930574;20.460016;1.878162;-0.060239;2.850000;0.000000
439.682846;-45.989885;20.650840;1.866395;-0.057526;2.850000;0.000000
439.882793;-46.047005;20.842356;1.855170;-0.054808;2.850000;0.000000
440.082740;-46.102032;21.034517;1.844486;-0.052088;2.850000;0.000000
440.282686;-46.155067;21.227282;1.834344;-0.049370;2.850000;0.000000
440.482633;-46.206208;21.420605;1.824742;-0.046658;2.850000;0.000000
440.682580;-46.255554;21.614442;1.815680;-0.043952;2.850000;0.000000
440.882527;-46.303205;21.808750;1.807157;-0.041257;2.850000;0.000000
441.082473;-46.349260;22.003483;1.799160;-0.038571;2.850000;0.000000
441.282420;-46.393801;22.198545;1.791435;-0.038434;2.850000;0.000000
441.482367;-46.436828;22.393906;1.783487;-0.040906;2.850000;0.000000
441.682313;-46.478255;22.589616;1.775055;-0.043394;2.850000;0.000000
441.882260;-46.517980;22.785664;1.766125;-0.045898;2.850000;0.000000
442.082207;-46.555898;22.982045;1.756693;-0.048417;2.850000;0.000000
442.282154;-46.591906;23.178749;1.746757;-0.050951;2.850000;0.000000
442.482100;-46.625902;23.375769;1.736316;-0.053498;2.850000;0.000000
442.682047;-46.657781;23.573097;1.725366;-0.056056;2.850000;0.000000
442.881994;-46.687441;23.770725;1.713908;-0.058623;2.850000;0.000000
443.081940;-46.714778;23.968645;1.701950;-0.061194;2.850000;0.000000
443.281887;-46.739698;24.166876;1.689807;-0.060619;2.850000;0.000000
443.481834;-46.762221;24.365404;1.678073;-0.056962;2.850000;0.000000
443.681781;-46.782484;24.564182;1.667059;-0.053288;2.850000;0.000000
443.881727;-46.800631;24.763189;1.656778;-0.049605;2.850000;0.000000
444.081674;-46.816808;24.962406;1.647231;-0.045918;2.850000;0.000000
444.281621;-46.831160;25.161812;1.638420;-0.042233;2.850000;0.000000
444.481568;-46.843830;25.361386;1.630342;-0.038553;2.850000;0.000000
444.681514;-46.854964;25.561110;1.622998;-0.034879;2.850000;0.000000
444.881461;-46.864707;25.760962;1.616385;-0.031215;2.850000;0.000000
445.081408;-46.873204;25.960923;1.610484;-0.027560;2.850000;0.000000
445.281354;-46.880591;26.160974;1.604863;-0.028250;2.850000;0.000000
445.481301;-46.886842;26.361089;1.598723;-0.032935;2.850000;0.000000
445.681248;-46.891772;26.561229;1.591658;-0.037643;2.850000;0.000000
445.881195;-46.895193;26.761359;1.583650;-0.042380;2.850000;0.000000
446.081141;-46.896916;26.961443;1.574693;-0.047146;2.850000;0.000000
446.281088;-46.896752;27.161447;1.564784;-0.051945;2.850000;0.000000
446.481035;-46.894512;27.361336;1.553918;-0.056774;2.850000;0.000000
446.680982;-46.890006;27.561075;1.542090;-0.061631;2.850000;0.000000
446.880928;-46.883047;27.760627;1.529296;-0.066510;2.850000;0.000000
447.080875;-46.873443;27.959959;1.515547;-0.071404;2.850000;0.000000
447.280822;-46.860996;28.159324;1.501299;-0.071623;2.850000;0.000000
447.480768;-46.845690;28.358668;1.487387;-0.067773;2.850000;0.000000
447.680715;-46.827687;28.557746;1.474227;-0.063893;2.850000;0.000000
447.880662;-46.807145;28.756566;1.461846;-0.059991;2.850000;0.000000
448.080609;-46.784220;28.955132;1.450245;-0.056078;2.850000;0.000000
448.280555;-46.759067;29.153449;1.439426;-0.052161;2.850000;0.000000
448.480502;-46.731844;29.351525;1.429389;-0.048245;2.850000;0.000000
448.680449;-46.702705;29.549364;1.420132;-0.044335;2.850000;0.000000
448.880395;-46.671809;29.746972;1.411655;-0.040434;2.850000;0.000000
449.080342;-46.639310;29.944354;1.403936;-0.036543;2.850000;0.000000
449.280289;-46.605381;30.141373;1.396602;-0.036525;2.850000;0.000000
449.480236;-46.570028;30.338051;1.389013;-0.039322;2.850000;0.000000
449.680182;-46.533127;30.534461;1.380875;-0.042120;2.850000;0.000000
449.880129;-46.494571;30.730569;1.372178;-0.044918;2.850000;0.000000
450.080076;-46.454252;30.926342;1.362920;-0.047713;2.850000;0.000000
450.280023;-46.412062;31.121748;1.353102;-0.050503;2.850000;0.000000
450.479969;-46.367893;31.316754;1.342726;-0.053284;2.850000;0.000000
450.679916;-46.321638;31.511327;1.331793;-0.056051;2.850000;0.000000
450.879863;-46.273187;31.705434;1.320303;-0.058800;2.850000;0.000000
451.079809;-46.222434;31.899042;1.308275;-0.061524;2.850000;0.000000
451.279756;-46.169356;32.091822;1.295763;-0.063635;2.850000;0.000000
451.479703;-46.113856;32.283820;1.282863;-0.065401;2.850000;0.000000
451.679650;-46.055829;32.475147;1.269607;-0.067209;2.850000;0.000000
451.879596;-45.995221;32.665724;1.255981;-0.069061;2.850000;0.000000
452.079543;-45.931979;32.855470;1.241979;-0.070954;2.850000;0.000000
452.279490;-45.866047;33.044306;1.227594;-0.072886;2.850000;0.000000
452.479437;-45.797374;33.232150;1.212819;-0.074856;2.850000;0.000000
452.679383;-45.725904;33.418924;1.197648;-0.076860;2.850000;0.000000
452.879330;-45.651585;33.604547;1.182076;-0.078897;2.850000;0.000000
453.079277;-45.574361;33.788939;1.166123;-0.080961;2.850000;0.000000
453.279223;-45.494168;33.972074;1.150207;-0.078608;2.850000;0.000000
453.479170;-45.411105;34.153936;1.135016;-0.073434;2.850000;0.000000
453.679117;-45.325381;34.334560;1.120851;-0.068249;2.850000;0.000000
453.879064;-45.237195;34.514009;1.107723;-0.063066;2.850000;0.000000
454.079010;-45.146744;34.692349;1.095629;-0.057894;2.850000;0.000000
454.278957;-45.054227;34.869644;1.084567;-0.052739;2.850000;0.000000
454.478904;-44.959842;35.045959;1.074533;-0.047605;2.850000;0.000000
454.678850;-44.863788;35.221358;1.065524;-0.042492;2.850000;0.000000
454.878797;-44.766263;35.395905;1.057537;-0.037399;2.850000;0.000000
455.078744;-44.667465;35.569667;1.050532;-0.032324;2.850000;0.000000
455.278691;-44.567423;35.742973;1.044033;-0.032253;2.850000;0.000000
455.478637;-44.466217;35.915704;1.037274;-0.035231;2.850000;0.000000
455.678584;-44.363846;36.087635;1.029926;-0.038212;2.850000;0.000000
455.878531;-44.260209;36.258701;1.021985;-0.041195;2.850000;0.000000
456.078478;-44.155207;36.428842;1.013451;-0.044176;2.850000;0.000000
456.278424;-44.048742;36.597994;1.004324;-0.047151;2.850000;0.000000
456.478371;-43.940712;36.766097;0.994605;-0.050117;2.850000;0.000000
456.678318;-43.831019;36.933088;0.984297;-0.053067;2.850000;0.000000
456.878264;-43.719562;37.098905;0.973402;-0.055995;2.850000;0.000000
457.078211;-43.606243;37.263485;0.961937;-0.058896;2.850000;0.000000
457.278158;-43.491035;37.426672;0.950057;-0.060162;2.850000;0.000000
457.478105;-43.373874;37.588466;0.937996;-0.060595;2.850000;0.000000
457.678051;-43.254727;37.748876;0.925843;-0.061042;2.850000;0.000000
457.877998;-43.133600;37.907863;0.913596;-0.061504;2.850000;0.000000
458.077945;-43.010498;38.065388;0.901252;-0.061980;2.850000;0.000000
458.277892;-42.885424;38.221411;0.888809;-0.062469;2.850000;0.000000
458.477838;-42.758384;38.375891;0.876265;-0.062970;2.850000;0.000000
458.677785;-42.629382;38.528790;0.863616;-0.063483;2.850000;0.000000
458.877732;-42.498424;38.680067;0.850861;-0.064007;2.850000;0.000000
459.077678;-42.365513;38.829683;0.838005;-0.064541;2.850000;0.000000
459.277625;-42.230813;38.977426;0.825025;-0.065246;2.850000;0.000000
459.477572;-42.094250;39.123344;0.811902;-0.066043;2.850000;0.000000
459.677519;-41.955752;39.267468;0.798619;-0.066858;2.850000;0.000000
459.877465;-41.815323;39.409746;0.785170;-0.067689;2.850000;0.000000
460.077412;-41.672966;39.550125;0.771552;-0.068535;2.850000;0.000000
460.277359;-41.528684;39.688555;0.757763;-0.069394;2.850000;0.000000
460.477305;-41.382480;39.824984;0.743798;-0.070265;2.850000;0.000000
460.677252;-41.234357;39.959359;0.729657;-0.071146;2.850000;0.000000
460.877199;-41.084318;40.091630;0.715338;-0.072035;2.850000;0.000000
461.077146;-40.932366;40.221745;0.700832;-0.072931;2.850000;0.000000
461.277092;-40.778548;40.349612;0.686054;-0.074741;2.850000;0.000000
461.477039;-40.622839;40.475162;0.670876;-0.077004;2.850000;0.000000
461.676986;-40.465213;40.598300;0.655242;-0.079312;2.850000;0.000000
461.876933;-40.305664;40.718914;0.639144;-0.081663;2.850000;0.000000
462.076879;-40.144188;40.836890;0.622573;-0.084053;2.850000;0.000000
462.276826;-39.980778;40.952118;0.605524;-0.086475;2.850000;0.000000
462.476773;-39.815428;41.064483;0.587991;-0.088925;2.850000;0.000000
462.676719;-39.648134;41.173874;0.569968;-0.091395;2.850000;0.000000
462.876666;-39.478889;41.280179;0.551453;-0.093877;2.850000;0.000000
463.076613;-39.307688;41.383285;0.532435;-0.096362;2.850000;0.000000
463.276560;-39.134294;41.483212;0.512986;-0.098134;2.850000;0.000000
463.476506;-38.958870;41.579769;0.493187;-0.099670;2.850000;0.000000
463.676453;-38.781584;41.672790;0.473069;-0.101301;2.850000;0.000000
463.876400;-38.602500;41.762171;0.452621;-0.103021;2.850000;0.000000
464.076347;-38.421682;41.847807;0.431828;-0.104826;2.850000;0.000000
464.276293;-38.239196;41.929594;0.410676;-0.106711;2.850000;0.000000
464.476240;-38.055104;42.007428;0.389151;-0.108671;2.850000;0.000000
464.676187;-37.869473;42.081204;0.367239;-0.110698;2.850000;0.000000
464.876133;-37.682365;42.150817;0.344930;-0.112786;2.850000;0.000000
465.076080;-37.493846;42.216164;0.322258;-0.114924;2.850000;0.000000
465.276027;-37.303769;42.277229;0.299859;-0.110137;2.850000;0.000000
465.475974;-37.112355;42.334114;0.278637;-0.102482;2.850000;0.000000
465.675920;-36.919801;42.387075;0.258940;-0.094760;2.850000;0.000000
465.875867;-36.726218;42.436397;0.240783;-0.087015;2.850000;0.000000
466.075814;-36.531719;42.482367;0.224165;-0.079279;2.850000;0.000000
466.275760;-36.336416;42.525271;0.209082;-0.071575;2.850000;0.000000
466.475707;-36.140420;42.565394;0.195529;-0.063918;2.850000;0.000000
466.675654;-35.943845;42.603023;0.183498;-0.056315;2.850000;0.000000
466.875601;-35.746801;42.638444;0.172979;-0.048766;2.850000;0.000000
467.075547;-35.549402;42.671942;0.163947;-0.041266;2.850000;0.000000
467.275494;-35.352018;42.703754;0.156154;-0.036393;2.850000;0.000000
467.475441;-35.154516;42.734112;0.149282;-0.032355;2.850000;0.000000
467.675388;-34.956822;42.763192;0.143221;-0.028307;2.850000;0.000000
467.875334;-34.758950;42.791156;0.137970;-0.024252;2.850000;0.000000
468.075281;-34.560914;42.818164;0.133528;-0.020194;2.850000;0.000000
468.275228;-34.362728;42.844379;0.129897;-0.016136;2.850000;0.000000
468.475174;-34.164404;42.869961;0.127076;-0.012081;2.850000;0.000000
468.675121;-33.965957;42.895072;0.125064;-0.008030;2.850000;0.000000
468.875068;-33.767399;42.919873;0.123862;-0.003985;2.850000;0.000000
469.075015;-33.568745;42.944525;0.123474;0.000052;2.850000;0.000000
469.274961;-33.370077;42.969183;0.123944;0.004593;2.850000;0.000000
469.474908;-33.171398;42.994028;0.125333;0.009280;2.850000;0.000000
469.674855;-32.972752;43.019243;0.127661;0.013973;2.850000;0.000000
469.874802;-32.774203;43.045011;0.130930;0.018680;2.850000;0.000000
470.074748;-32.575814;43.071513;0.135142;0.023408;2.850000;0.000000
470.274695;-32.377651;43.098931;0.140300;0.028164;2.850000;0.000000
470.474642;-32.179776;43.127445;0.146409;0.032955;2.850000;0.000000
470.674588;-31.982253;43.157237;0.153474;0.037785;2.850000;0.000000
470.874535;-31.785147;43.188490;0.161501;0.042658;2.850000;0.000000
471.074482;-31.588520;43.221384;0.170408;0.047576;2.850000;0.000000
471.274429;-31.392515;43.256053;0.179471;0.044330;2.850000;0.000000
471.474375;-31.196973;43.292420;0.187740;0.038813;2.850000;0.000000
471.674322;-31.001717;43.330295;0.194902;0.033202;2.850000;0.000000
471.874269;-30.806597;43.369483;0.200946;0.027531;2.850000;0.000000
472.074215;-30.611462;43.409788;0.205864;0.021831;2.850000;0.000000
472.274162;-30.416163;43.451014;0.209652;0.016133;2.850000;0.000000
472.474109;-30.220548;43.492967;0.212312;0.010464;2.850000;0.000000
472.674056;-30.024467;43.535449;0.213847;0.004853;2.850000;0.000000
472.874002;-29.827769;43.578265;0.214267;-0.000675;2.850000;0.000000
473.073949;-29.630304;43.621221;0.213944;-0.006096;2.850000;0.000000
473.273896;-29.431868;43.664283;0.215910;0.021751;2.850000;0.000000
473.473843;-29.233175;43.708323;0.224002;0.057734;2.850000;0.000000
473.673789;-29.035165;43.754661;0.239469;0.094495;2.850000;0.000000
473.873736;-28.838744;43.804625;0.262486;0.132823;2.850000;0.000000
474.073683;-28.644819;43.859541;0.293316;0.173325;2.850000;0.000000
474.273629;-28.454294;43.920739;0.332281;0.216310;2.850000;-0.443351
474.473576;-28.268076;43.989546;0.379710;0.261608;2.818724;-0.647124
474.673523;-28.087071;44.067289;0.435863;0.308339;2.772440;-0.338773
474.873470;-27.912184;44.155298;0.500818;0.354667;2.747900;-0.016830
475.073416;-27.744322;44.254898;0.574033;0.397655;2.746675;-0.016830
475.273363;-27.583463;44.367873;0.650663;0.388421;2.745449;0.055466
475.473310;-27.430935;44.493464;0.725547;0.369556;2.749486;0.189417
475.673257;-27.287341;44.630512;0.797249;0.352482;2.763226;0.291617
475.873203;-27.153082;44.777982;0.866109;0.337765;2.784248;0.364339
476.073150;-27.028559;44.934842;0.932577;0.325759;2.810290;0.409621
476.273097;-26.914173;45.100058;0.997144;0.316677;2.839285;0.152448
476.473043;-26.810325;45.272597;1.060325;0.310642;2.850000;0.000000
476.672990;-26.717415;45.451425;1.122647;0.307737;2.850000;0.000000
476.872937;-26.635845;45.635510;1.184651;0.308024;2.850000;0.000000
477.072884;-26.566016;45.823818;1.246135;0.311568;2.850000;0.000000
477.272830;-26.508531;46.013779;1.304615;0.279566;2.850000;0.000000
477.472777;-26.461737;46.206283;1.356255;0.241134;2.850000;0.000000
477.672724;-26.424132;46.401118;1.400195;0.201598;2.850000;0.000000
477.872670;-26.394269;46.597912;1.436398;0.162158;2.850000;0.000000
478.072617;-26.370699;46.796294;1.464920;0.123462;2.850000;0.000000
478.272564;-26.351974;46.995893;1.485879;0.085719;2.850000;0.000000
478.472511;-26.336646;47.196337;1.499395;0.048826;2.850000;0.000000
478.672457;-26.323267;47.397256;1.505563;0.012475;2.850000;0.000000
478.872404;-26.310389;47.598278;1.504429;-0.023745;2.850000;0.000000
479.072351;-26.296563;47.799033;1.496562;-0.060275;2.850000;0.000000
479.272298;-26.280551;47.999476;1.485655;-0.054125;2.850000;0.000000
479.472244;-26.262396;48.199354;1.475880;-0.043275;2.850000;0.000000
479.672191;-26.242541;48.398733;1.468309;-0.032279;2.850000;0.000000
479.872138;-26.221427;48.597704;1.462961;-0.021172;2.850000;0.000000
480.072084;-26.199496;48.796360;1.459847;-0.009982;2.850000;0.000000
480.272031;-26.177188;48.994794;1.458976;0.001267;2.850000;0.000000
480.471978;-26.154946;49.193098;1.460354;0.012553;2.850000;0.000000
480.671925;-26.133211;49.391365;1.463985;0.023855;2.850000;0.000000
480.871871;-26.112424;49.589688;1.469868;0.035146;2.850000;0.000000
481.071818;-26.093027;49.788158;1.477632;0.046395;2.850000;0.000000
481.271765;-26.075302;49.986994;1.484990;0.031066;2.850000;0.000000
481.471712;-26.058803;50.186025;1.489421;0.013316;2.850000;0.000000
481.671658;-26.042829;50.385167;1.490311;-0.004400;2.850000;0.000000
481.871605;-26.026675;50.584347;1.487664;-0.022096;2.850000;0.000000
482.071552;-26.009639;50.783491;1.481480;-0.039778;2.850000;0.000000
482.271498;-25.991016;50.982528;1.471762;-0.057444;2.850000;0.000000
482.471445;-25.970104;51.181386;1.458513;-0.075067;2.850000;0.000000
482.671392;-25.946199;51.379991;1.441742;-0.092590;2.850000;0.000000
482.871339;-25.918598;51.578272;1.421468;-0.109914;2.850000;0.000000
483.071285;-25.886597;51.776155;1.397690;-0.126890;2.850000;0.000000
483.271232;-25.849373;51.974170;1.370505;-0.143471;2.850000;0.000000
483.471179;-25.806406;52.171156;1.339813;-0.161069;2.850000;0.000000
483.671125;-25.757122;52.366423;1.305491;-0.179824;2.850000;0.000000
483.871072;-25.700935;52.559331;1.267359;-0.199755;2.850000;0.000000
484.071019;-25.637261;52.749238;1.225242;-0.220772;2.850000;0.000000
484.270966;-25.565514;52.935502;1.178984;-0.242643;2.850000;0.000000
484.470912;-25.485111;53.117481;1.128472;-0.264957;2.850000;0.000000
484.670859;-25.395468;53.294536;1.073663;-0.287087;2.850000;0.000000
484.870806;-25.295998;53.466023;1.014611;-0.308177;2.850000;0.000000
485.070753;-25.186118;53.631301;0.952181;-0.327164;2.850000;0.000000
485.270699;-25.066238;53.788800;0.888829;-0.315563;2.850000;0.000000
485.470646;-24.936229;53.939076;0.827121;-0.305264;2.850000;0.000000
485.670593;-24.796819;54.081694;0.767065;-0.296800;2.850000;0.000000
485.870539;-24.648743;54.216210;0.708324;-0.290290;2.850000;0.000000
486.070486;-24.492736;54.342178;0.650552;-0.285808;2.850000;0.000000
486.270433;-24.329533;54.459152;0.593392;-0.283394;2.850000;0.000000
486.470380;-24.159871;54.566688;0.536485;-0.283072;2.850000;0.000000
486.670326;-23.984484;54.664340;0.479470;-0.284852;2.850000;0.000000
486.870273;-23.804108;54.751663;0.421983;-0.288733;2.850000;0.000000
487.070220;-23.619478;54.828210;0.363876;-0.294700;2.850000;0.000000
487.270167;-23.430791;54.893835;0.306501;-0.282923;2.850000;0.000000
487.470113;-23.239025;54.948614;0.251360;-0.269713;2.850000;0.000000
487.670060;-23.044654;54.992991;0.198931;-0.255962;2.850000;0.000000
487.870007;-22.848140;55.027415;0.149226;-0.242127;2.850000;0.000000
488.069953;-22.649947;55.052333;0.102201;-0.228573;2.850000;0.000000
488.269900;-22.450537;55.068192;0.057769;-0.215574;2.850000;0.000000
488.469847;-22.250375;55.075441;0.015812;-0.203327;2.850000;0.000000
488.669794;-22.049922;55.074527;-0.023809;-0.191962;2.850000;0.000000
488.869740;-21.849643;55.065898;-0.043058;-0.181559;2.850000;0.000000
