# s_m;x_m;y_m;psi_rad;kappa_radpm;vx_mps;ax_mps2
0.000000;-21.949999;55.450002;-0.088473;-0.240073;2.850000;0.000000
0.199944;-21.752409;55.432475;-0.109713;-0.214153;2.850000;0.000000
0.399888;-21.555679;55.406565;-0.149546;-0.187178;2.850000;0.000000
0.599832;-21.359713;55.373307;-0.184042;-0.159866;2.850000;0.000000
0.799776;-21.164415;55.333732;-0.213191;-0.132699;2.850000;0.000000
0.999720;-20.969689;55.288874;-0.237031;-0.105950;2.850000;0.000000
1.199664;-20.775436;55.239766;-0.255627;-0.079720;2.850000;0.000000
1.399608;-20.581562;55.187440;-0.269046;-0.053979;2.850000;0.000000
1.599552;-20.387969;55.132929;-0.277348;-0.028608;2.850000;0.000000
1.799496;-20.194561;55.077266;-0.280571;-0.003427;2.850000;0.000000
1.999440;-20.001241;55.021484;-0.279406;0.021543;2.850000;0.000000
2.199384;-19.807861;54.966317;-0.277202;0.006908;2.850000;0.000000
2.399327;-19.614653;54.911489;-0.277292;-0.007818;2.850000;0.000000
2.599271;-19.421793;54.856433;-0.280346;-0.022647;2.850000;0.000000
2.799215;-19.229460;54.800581;-0.286376;-0.037587;2.850000;0.000000
2.999159;-19.037831;54.743367;-0.295397;-0.052636;2.850000;0.000000
3.199103;-18.847084;54.684224;-0.307419;-0.067778;2.850000;0.000000
3.399047;-18.657397;54.622585;-0.322453;-0.082974;2.850000;0.000000
3.598991;-18.468947;54.557884;-0.340499;-0.098160;2.850000;0.000000
3.798935;-18.281913;54.489552;-0.361549;-0.113235;2.850000;0.000000
3.998879;-18.096472;54.417024;-0.385219;-0.127718;2.850000;0.000000
4.198823;-17.912805;54.339887;-0.409766;-0.121925;2.850000;0.000000
4.398767;-17.730902;54.258237;-0.433504;-0.116164;2.850000;0.000000
4.598711;-17.550761;54.172308;-0.456121;-0.110468;2.850000;0.000000
4.798655;-17.372378;54.082336;-0.477632;-0.104862;2.850000;0.000000
4.998599;-17.195752;53.988554;-0.498053;-0.099365;2.850000;0.000000
5.198543;-17.020879;53.891198;-0.517403;-0.093990;2.850000;0.000000
5.398487;-16.847756;53.790503;-0.535702;-0.088746;2.850000;0.000000
5.598431;-16.676382;53.686704;-0.552970;-0.083637;2.850000;0.000000
5.798375;-16.506752;53.580036;-0.569231;-0.078662;2.850000;0.000000
5.998319;-16.338869;53.470735;-0.584468;-0.073776;2.850000;0.000000
6.198263;-16.172839;53.359127;-0.598568;-0.067353;2.850000;0.000000
6.398207;-16.008391;53.245337;-0.611390;-0.060875;2.850000;0.000000
6.598151;-15.845377;53.129580;-0.622911;-0.054363;2.850000;0.000000
6.798094;-15.683645;53.012068;-0.633126;-0.047832;2.850000;0.000000
6.998038;-15.523047;52.893017;-0.642035;-0.041293;2.850000;0.000000
7.197982;-15.363431;52.772640;-0.649636;-0.034753;2.850000;0.000000
7.397926;-15.204648;52.651152;-0.655931;-0.028216;2.850000;0.000000
7.597870;-15.046549;52.528766;-0.660919;-0.021684;2.850000;0.000000
7.797814;-14.888982;52.405697;-0.664602;-0.015156;2.850000;0.000000
7.997758;-14.731797;52.282156;-0.667077;-0.008770;2.850000;0.000000
8.197702;-14.574777;52.158257;-0.668802;-0.007648;2.850000;0.000000
8.397646;-14.417964;52.034132;-0.670219;-0.006525;2.850000;0.000000
8.597590;-14.261328;51.909815;-0.671412;-0.005401;2.850000;0.000000
8.797534;-14.104841;51.785339;-0.672379;-0.004276;2.850000;0.000000
8.997478;-13.948471;51.660738;-0.673122;-0.003151;2.850000;0.000000
9.197422;-13.792190;51.536048;-0.673639;-0.002025;2.850000;0.000000
9.397366;-13.635968;51.411300;-0.673931;-0.000899;2.850000;0.000000
9.597310;-13.479776;51.286531;-0.673998;0.000227;2.850000;0.000000
9.797254;-13.323583;51.161772;-0.673840;0.001354;2.850000;0.000000
9.997198;-13.167359;51.037058;-0.673488;0.002426;2.850000;0.000000
10.197142;-13.011034;50.912375;-0.673086;0.001854;2.850000;0.000000
10.397086;-12.854666;50.787752;-0.672773;0.001281;2.850000;0.000000
10.597030;-12.698268;50.663170;-0.672574;0.000708;2.850000;0.000000
10.796974;-12.541855;50.538613;-0.672489;0.000135;2.850000;0.000000
10.996918;-12.385442;50.414062;-0.672520;-0.000437;2.850000;0.000000
11.196861;-12.229041;50.289499;-0.672664;-0.001010;2.850000;0.000000
11.396805;-12.072669;50.164907;-0.672924;-0.001583;2.850000;0.000000
11.596749;-11.916338;50.040267;-0.673297;-0.002156;2.850000;0.000000
11.796693;-11.760064;49.915562;-0.673786;-0.002729;2.850000;0.000000
11.996637;-11.603860;49.790774;-0.674380;-0.003284;2.850000;0.000000
12.196581;-11.447750;49.665896;-0.675044;-0.003420;2.850000;0.000000
12.396525;-11.291725;49.540910;-0.675741;-0.003555;2.850000;0.000000
12.596469;-11.135786;49.415813;-0.676466;-0.003690;2.850000;0.000000
12.796413;-10.979937;49.290597;-0.677217;-0.003825;2.850000;0.000000
12.996357;-10.824177;49.165257;-0.677995;-0.003960;2.850000;0.000000
13.196301;-10.668508;49.039787;-0.678800;-0.004094;2.850000;0.000000
13.396245;-10.512931;48.914182;-0.679632;-0.004228;2.850000;0.000000
13.596189;-10.357448;48.788435;-0.680491;-0.004362;2.850000;0.000000
13.796133;-10.202060;48.662540;-0.681377;-0.004496;2.850000;0.000000
13.996077;-10.046773;48.536496;-0.682263;-0.004561;2.850000;0.000000
14.196021;-9.891659;48.410367;-0.683032;-0.003332;2.850000;0.000000
14.395965;-9.736614;48.284123;-0.683576;-0.002104;2.850000;0.000000
14.595909;-9.581612;48.157805;-0.683874;-0.000876;2.850000;0.000000
14.795853;-9.426625;48.031454;-0.683926;0.000351;2.850000;0.000000
14.995797;-9.271627;47.905113;-0.683733;0.001578;2.850000;0.000000
15.195741;-9.116591;47.778822;-0.683295;0.002805;2.850000;0.000000
15.395685;-8.961491;47.652623;-0.682611;0.004033;2.850000;0.000000
15.595628;-8.806298;47.526557;-0.681682;0.005262;2.850000;0.000000
15.795572;-8.650987;47.400666;-0.680507;0.006492;2.850000;0.000000
15.995516;-8.495526;47.274986;-0.679131;0.007599;2.850000;0.000000
16.195460;-8.339806;47.149472;-0.677754;0.006509;2.850000;0.000000
16.395404;-8.183942;47.024176;-0.676561;0.005418;2.850000;0.000000
16.595348;-8.027957;46.899061;-0.675587;0.004326;2.850000;0.000000
16.795292;-7.871877;46.774091;-0.674831;0.003233;2.850000;0.000000
16.995236;-7.715725;46.649229;-0.674294;0.002140;2.850000;0.000000
17.195180;-7.559527;46.524440;-0.673975;0.001046;2.850000;0.000000
17.395124;-7.403308;46.399687;-0.673876;-0.000048;2.850000;0.000000
17.595068;-7.247091;46.274934;-0.673995;-0.001142;2.850000;0.000000
17.795012;-7.090902;46.150145;-0.674332;-0.002236;2.850000;0.000000
17.994956;-6.934766;46.025283;-0.674854;-0.003220;2.850000;0.000000
18.194900;-6.778700;45.900325;-0.675408;-0.002563;2.850000;0.000000
18.394844;-6.622693;45.775283;-0.675854;-0.001906;2.850000;0.000000
18.594788;-6.466729;45.650178;-0.676170;-0.001249;2.850000;0.000000
18.794732;-6.310793;45.525032;-0.676354;-0.000593;2.850000;0.000000
18.994676;-6.154869;45.399865;-0.676407;0.000064;2.850000;0.000000
19.194620;-5.998942;45.274698;-0.676329;0.000720;2.850000;0.000000
19.394564;-5.842997;45.149553;-0.676119;0.001376;2.850000;0.000000
19.594508;-5.687017;45.024452;-0.675778;0.002033;2.850000;0.000000
19.794452;-5.530987;44.899414;-0.675306;0.002689;2.850000;0.000000
19.994395;-5.374891;44.774462;-0.674739;0.003217;2.850000;0.000000
20.194339;-5.218724;44.649604;-0.674232;0.002094;2.850000;0.000000
20.394283;-5.062505;44.524814;-0.673926;0.000970;2.850000;0.000000
20.594227;-4.906264;44.400054;-0.673844;-0.000154;2.850000;0.000000
20.794171;-4.750027;44.275290;-0.673988;-0.001278;2.850000;0.000000
20.994115;-4.593822;44.150486;-0.674355;-0.002402;2.850000;0.000000
21.194059;-4.437676;44.025607;-0.674948;-0.003526;2.850000;0.000000
21.394003;-4.281617;43.900616;-0.675765;-0.004650;2.850000;0.000000
21.593947;-4.125672;43.775479;-0.676807;-0.005773;2.850000;0.000000
21.793891;-3.969868;43.650159;-0.678074;-0.006897;2.850000;0.000000
21.993835;-3.814237;43.524624;-0.679519;-0.007841;2.850000;0.000000
22.193779;-3.658830;43.398881;-0.680954;-0.006790;2.850000;0.000000
22.393723;-3.503587;43.272923;-0.682206;-0.005738;2.850000;0.000000
22.593667;-3.348483;43.146781;-0.683248;-0.004686;2.850000;0.000000
22.793611;-3.193491;43.020490;-0.684080;-0.003635;2.850000;0.000000
22.993555;-3.038583;42.894080;-0.684702;-0.002584;2.850000;0.000000
23.193499;-2.883735;42.767584;-0.685113;-0.001533;2.850000;0.000000
23.393443;-2.728918;42.641035;-0.685314;-0.000482;2.850000;0.000000
23.593387;-2.574106;42.514466;-0.685306;0.000569;2.850000;0.000000
23.793331;-2.419272;42.387908;-0.685087;0.001619;2.850000;0.000000
23.993275;-2.264393;42.261397;-0.684669;0.002624;2.850000;0.000000
24.193219;-2.109474;42.134985;-0.684097;0.003164;2.850000;0.000000
24.393162;-1.954471;42.008667;-0.683410;0.003704;2.850000;0.000000
24.593106;-1.799371;41.882462;-0.682615;0.004245;2.850000;0.000000
24.793050;-1.644163;41.756388;-0.681713;0.004786;2.850000;0.000000
24.992994;-1.488837;41.630465;-0.680701;0.005327;2.850000;0.000000
25.192938;-1.333381;41.504710;-0.679582;0.005869;2.850000;0.000000
25.392882;-1.177784;41.379143;-0.678355;0.006411;2.850000;0.000000
25.592826;-1.022034;41.253782;-0.677019;0.006953;2.850000;0.000000
25.792770;-0.866121;41.128646;-0.675574;0.007496;2.850000;0.000000
25.992714;-0.710025;41.003748;-0.674083;0.007774;2.850000;0.000000
26.192658;-0.553689;40.879038;-0.672795;0.005471;2.850000;0.000000
26.392602;-0.397228;40.754508;-0.671931;0.003167;2.850000;0.000000
26.592546;-0.240699;40.630085;-0.671528;0.000861;2.850000;0.000000
26.792490;-0.084156;40.505695;-0.671586;-0.001444;2.850000;0.000000
26.992434;0.072343;40.381266;-0.672106;-0.003751;2.850000;0.000000
27.192378;0.228745;40.256724;-0.673086;-0.006057;2.850000;0.000000
27.392322;0.384992;40.131995;-0.674528;-0.008363;2.850000;0.000000
27.592266;0.541029;40.007005;-0.676430;-0.010669;2.850000;0.000000
27.792210;0.696801;39.881682;-0.678794;-0.012974;2.850000;0.000000
27.992154;0.852251;39.755953;-0.681505;-0.014757;2.850000;0.000000
28.192098;1.007341;39.629787;-0.684117;-0.011989;2.850000;0.000000
28.392042;1.162135;39.503244;-0.686238;-0.009223;2.850000;0.000000
28.591986;1.316701;39.376412;-0.687805;-0.006458;2.850000;0.000000
28.791929;1.471108;39.249375;-0.688820;-0.003693;2.850000;0.000000
28.991873;1.625424;39.122223;-0.689282;-0.000928;2.850000;0.000000
29.191817;1.779717;38.995041;-0.689191;0.001836;2.850000;0.000000
29.391761;1.934056;38.867917;-0.688548;0.004600;2.850000;0.000000
29.591705;2.088509;38.740937;-0.687352;0.007365;2.850000;0.000000
29.791649;2.243144;38.614189;-0.685603;0.010131;2.850000;0.000000
29.991593;2.398030;38.487758;-0.683398;0.012420;2.850000;0.000000
30.191537;2.553222;38.361693;-0.681116;0.010908;2.850000;0.000000
30.391481;2.708684;38.235970;-0.679086;0.009396;2.850000;0.000000
30.591425;2.864380;38.110542;-0.677359;0.007883;2.850000;0.000000
30.791369;3.020273;37.985358;-0.675934;0.006370;2.850000;0.000000
30.991313;3.176327;37.860373;-0.674812;0.004856;2.850000;0.000000
31.191257;3.332505;37.735537;-0.673992;0.003343;2.850000;0.000000
31.391201;3.488770;37.610802;-0.673475;0.001829;2.850000;0.000000
31.591145;3.645086;37.486120;-0.673261;0.000316;2.850000;0.000000
31.791089;3.801416;37.361443;-0.673349;-0.001197;2.850000;0.000000
31.991033;3.957718;37.236727;-0.673700;-0.002503;2.850000;0.000000
32.190977;4.113926;37.111968;-0.674162;-0.002310;2.850000;0.000000
32.390921;4.270084;36.987130;-0.674604;-0.002118;2.850000;0.000000
32.590865;4.426196;36.862222;-0.675008;-0.001925;2.850000;0.000000
32.790809;4.582266;36.737248;-0.675374;-0.001733;2.850000;0.000000
32.990753;4.738297;36.612217;-0.675701;-0.001540;2.850000;0.000000
33.190696;4.894294;36.487134;-0.675990;-0.001348;2.850000;0.000000
33.390640;5.050260;36.362007;-0.676240;-0.001155;2.850000;0.000000
33.590584;5.206200;36.236842;-0.676452;-0.000963;2.850000;0.000000
33.790528;5.362116;36.111645;-0.676625;-0.000771;2.850000;0.000000
33.990472;5.518014;35.986425;-0.676752;-0.000533;2.850000;0.000000
34.190416;5.673898;35.861190;-0.676800;0.000014;2.850000;0.000000
34.390360;5.829781;35.735957;-0.676743;0.000560;2.850000;0.000000
34.590304;5.985677;35.610742;-0.676576;0.001107;2.850000;0.000000
34.790248;6.141598;35.485564;-0.676300;0.001654;2.850000;0.000000
34.990192;6.297557;35.360439;-0.675914;0.002202;2.850000;0.000000
35.190136;6.453568;35.235387;-0.675419;0.002749;2.850000;0.000000
35.390080;6.609644;35.110423;-0.674815;0.003296;2.850000;0.000000
35.590024;6.765797;34.985566;-0.674101;0.003844;2.850000;0.000000
35.789968;6.922041;34.860833;-0.673278;0.004391;2.850000;0.000000
35.989912;7.078394;34.736237;-0.672411;0.004575;2.850000;0.000000
36.189856;7.234883;34.611752;-0.671743;0.002402;2.850000;0.000000
36.389800;7.391427;34.487346;-0.671480;0.000228;2.850000;0.000000
36.589744;7.547971;34.362951;-0.671652;-0.001946;2.850000;0.000000
36.789688;7.704463;34.238499;-0.672259;-0.004121;2.850000;0.000000
36.989632;7.860848;34.113921;-0.673300;-0.006295;2.850000;0.000000
37.189576;8.017074;33.989148;-0.674776;-0.008470;2.850000;0.000000
37.389520;8.173086;33.864112;-0.676687;-0.010645;2.850000;0.000000
37.589463;8.328831;33.738745;-0.679033;-0.012819;2.850000;0.000000
37.789407;8.484256;33.612978;-0.681813;-0.014993;2.850000;0.000000
37.989351;8.639306;33.486744;-0.684880;-0.016317;2.850000;0.000000
38.189295;8.793960;33.360023;-0.687702;-0.012539;2.850000;0.000000
38.389239;8.948301;33.232911;-0.689832;-0.008761;2.850000;0.000000
38.589183;9.102423;33.105525;-0.691206;-0.004984;2.850000;0.000000
38.789127;9.256421;32.977983;-0.691825;-0.001208;2.850000;0.000000
38.989071;9.410388;32.850404;-0.691689;0.002568;2.850000;0.000000
39.189015;9.564418;32.722906;-0.690798;0.006345;2.850000;0.000000
39.388959;9.718605;32.595607;-0.689152;0.010122;2.850000;0.000000
39.588903;9.873044;32.468626;-0.686750;0.013901;2.850000;0.000000
39.788847;10.027827;32.342081;-0.683594;0.017680;2.850000;0.000000
39.988791;10.183051;32.216087;-0.679882;0.020263;2.850000;0.000000
40.188735;10.338773;32.090691;-0.676328;0.016103;2.850000;0.000000
40.388679;10.494895;31.965799;-0.673525;0.011941;2.850000;0.000000
40.588623;10.651315;31.841280;-0.671553;0.007779;2.850000;0.000000
40.788567;10.807931;31.717003;-0.670414;0.003617;2.850000;0.000000
40.988511;10.964639;31.592837;-0.670107;-0.000545;2.850000;0.000000
41.188455;11.121338;31.468651;-0.670632;-0.004706;2.850000;0.000000
41.388399;11.277923;31.344314;-0.671989;-0.008867;2.850000;0.000000
41.588343;11.434294;31.219695;-0.674177;-0.013026;2.850000;0.000000
41.788287;11.590347;31.094663;-0.677197;-0.017184;2.850000;0.000000
41.988230;11.745971;30.969096;-0.680844;-0.020076;2.850000;0.000000
42.188174;11.901076;30.842955;-0.684408;-0.016355;2.850000;0.000000
42.388118;12.055780;30.716298;-0.687307;-0.012636;2.850000;0.000000
42.588062;12.210174;30.589242;-0.689462;-0.008919;2.850000;0.000000
42.788006;12.364347;30.461906;-0.690874;-0.005204;2.850000;0.000000
42.987950;12.518391;30.334406;-0.691543;-0.001490;2.850000;0.000000
43.187894;12.672396;30.206862;-0.691470;0.002224;2.850000;0.000000
43.387838;12.826452;30.079390;-0.690654;0.005938;2.850000;0.000000
43.587782;12.980651;29.952108;-0.689095;0.009655;2.850000;0.000000
43.787726;13.135083;29.825135;-0.686793;0.013374;2.850000;0.000000
43.987670;13.289847;29.698580;-0.683905;0.016101;2.850000;0.000000
44.187614;13.445035;29.572481;-0.680969;0.013847;2.850000;0.000000
44.387558;13.600559;29.446822;-0.678426;0.011590;2.850000;0.000000
44.587502;13.756365;29.321530;-0.676334;0.009331;2.850000;0.000000
44.787446;13.912401;29.196532;-0.674695;0.007072;2.850000;0.000000
44.987390;14.068613;29.071755;-0.673507;0.004811;2.850000;0.000000
45.187334;14.224946;28.947128;-0.672771;0.002551;2.850000;0.000000
45.387278;14.381348;28.822576;-0.672487;0.000290;2.850000;0.000000
45.587222;14.537764;28.698028;-0.672655;-0.001969;2.850000;0.000000
45.787166;14.694141;28.573411;-0.673274;-0.004228;2.850000;0.000000
45.987110;14.850415;28.448659;-0.674251;-0.005875;2.850000;0.000000
46.187054;15.006518;28.323759;-0.675272;-0.004663;2.850000;0.000000
46.386998;15.162516;28.198705;-0.676083;-0.003451;2.850000;0.000000
46.586941;15.318437;28.073536;-0.676652;-0.002239;2.850000;0.000000
46.786885;15.474309;27.948293;-0.676979;-0.001028;2.850000;0.000000
46.986829;15.630157;27.823014;-0.677063;0.000183;2.850000;0.000000
47.186773;15.786011;27.697742;-0.676906;0.001394;2.850000;0.000000
47.386717;15.941897;27.572514;-0.676506;0.002605;2.850000;0.000000
47.586661;16.097842;27.447372;-0.675864;0.003816;2.850000;0.000000
47.786605;16.253875;27.322356;-0.674980;0.005028;2.850000;0.000000
47.986549;16.410033;27.197498;-0.673944;0.005638;2.850000;0.000000
48.186493;16.566356;27.072779;-0.673057;0.003537;2.850000;0.000000
48.386437;16.722757;26.948181;-0.672560;0.001435;2.850000;0.000000
48.586381;16.879184;26.823634;-0.672483;-0.000668;2.850000;0.000000
48.786325;17.035587;26.699073;-0.672827;-0.002771;2.850000;0.000000
48.986269;17.191915;26.574430;-0.673591;-0.004874;2.850000;0.000000
49.186213;17.348117;26.449637;-0.674776;-0.006978;2.850000;0.000000
49.386157;17.504143;26.324629;-0.676382;-0.009081;2.850000;0.000000
49.586101;17.659941;26.199338;-0.678407;-0.011184;2.850000;0.000000
49.786045;17.815461;26.073697;-0.680853;-0.013286;2.850000;0.000000
49.985989;17.970648;25.947643;-0.683577;-0.014416;2.850000;0.000000
50.185933;18.125469;25.821166;-0.686118;-0.011447;2.850000;0.000000
50.385877;18.280009;25.694329;-0.688109;-0.008478;2.850000;0.000000
50.585821;18.434341;25.567223;-0.689508;-0.005511;2.850000;0.000000
50.785765;18.588539;25.439943;-0.690313;-0.002544;2.850000;0.000000
50.985708;18.742678;25.312580;-0.690525;0.000422;2.850000;0.000000
51.185652;18.896830;25.185227;-0.690144;0.003388;2.850000;0.000000
51.385596;19.051071;25.057977;-0.689170;0.006353;2.850000;0.000000
51.585540;19.205473;24.930923;-0.687604;0.009319;2.850000;0.000000
51.785484;19.360111;24.804157;-0.685444;0.012285;2.850000;0.000000
51.985428;19.515058;24.677773;-0.682826;0.014311;2.850000;0.000000
52.185372;19.670354;24.551823;-0.680180;0.012556;2.850000;0.000000
52.385316;19.825964;24.426263;-0.677845;0.010801;2.850000;0.000000
52.585260;19.981845;24.301040;-0.675861;0.009046;2.850000;0.000000
52.785204;20.137952;24.176099;-0.674228;0.007291;2.850000;0.000000
52.985148;20.294240;24.051387;-0.672945;0.005537;2.850000;0.000000
53.185092;20.450665;23.926848;-0.672014;0.003782;2.850000;0.000000
53.385036;20.607181;23.802430;-0.671433;0.002027;2.850000;0.000000
53.584980;20.763745;23.678078;-0.671203;0.000272;2.850000;0.000000
53.784924;20.920311;23.553738;-0.671324;-0.001483;2.850000;0.000000
53.984868;21.076837;23.429354;-0.671768;-0.003043;2.850000;0.000000
54.184812;21.233296;23.304872;-0.672450;-0.003852;2.850000;0.000000
54.384756;21.389655;23.180273;-0.673301;-0.004661;2.850000;0.000000
54.584700;21.545895;23.055530;-0.674314;-0.005471;2.850000;0.000000
54.784644;21.701998;22.930617;-0.675488;-0.006280;2.850000;0.000000
54.984588;21.857947;22.805506;-0.676825;-0.007088;2.850000;0.000000
55.184532;22.013722;22.680171;-0.678323;-0.007896;2.850000;0.000000
55.384475;22.169304;22.554586;-0.679982;-0.008704;2.850000;0.000000
55.584419;22.324677;22.428723;-0.681803;-0.009511;2.850000;0.000000
55.784363;22.479820;22.302556;-0.683785;-0.010317;2.850000;0.000000
55.984307;22.634701;22.176071;-0.685814;-0.010292;2.850000;0.000000
56.184251;22.789290;22.049310;-0.687537;-0.007250;2.850000;0.000000
56.384195;22.943708;21.922314;-0.688682;-0.004210;2.850000;0.000000
56.584139;23.098028;21.795180;-0.689220;-0.001171;2.850000;0.000000
56.784083;23.252325;21.668005;-0.689151;0.001867;2.850000;0.000000
56.984027;23.406674;21.540884;-0.688474;0.004905;2.850000;0.000000
57.183971;23.561148;21.413914;-0.687189;0.007944;2.850000;0.000000
57.383915;23.715821;21.287192;-0.685297;0.010983;2.850000;0.000000
57.583859;23.870768;21.160813;-0.682797;0.014023;2.850000;0.000000
57.783803;24.026063;21.034873;-0.679690;0.017064;2.850000;0.000000
57.983747;24.181797;20.909455;-0.676222;0.018289;2.850000;0.000000
58.183691;24.338031;20.784540;-0.673152;0.013063;2.850000;0.000000
58.383635;24.494581;20.660041;-0.671062;0.007836;2.850000;0.000000
58.583579;24.651316;20.535796;-0.670018;0.002608;2.850000;0.000000
58.783523;24.808101;20.411644;-0.670019;-0.002623;2.850000;0.000000
58.983467;24.964803;20.287425;-0.671067;-0.007856;2.850000;0.000000
59.183411;25.121288;20.162976;-0.673161;-0.013094;2.850000;0.000000
59.383355;25.277423;20.038138;-0.676303;-0.018337;2.850000;0.000000
59.583299;25.433074;19.912748;-0.680492;-0.023584;2.850000;0.000000
59.783242;25.588107;19.786646;-0.685729;-0.028835;2.850000;0.000000
59.983186;25.742412;19.659654;-0.691755;-0.032132;2.850000;0.000000
60.183130;25.895970;19.531647;-0.697784;-0.028845;2.850000;0.000000
60.383074;26.048780;19.402762;-0.703221;-0.025552;2.850000;0.000000
60.583018;26.200930;19.273098;-0.708000;-0.022256;2.850000;0.000000
60.782962;26.352507;19.142755;-0.712119;-0.018958;2.850000;0.000000
60.982906;26.503598;19.011829;-0.715580;-0.015660;2.850000;0.000000
61.182850;26.654290;18.880421;-0.718381;-0.012362;2.850000;0.000000
61.382794;26.804671;18.748629;-0.720523;-0.009065;2.850000;0.000000
61.582738;26.954828;18.616551;-0.722006;-0.005769;2.850000;0.000000
61.782682;27.104848;18.484286;-0.722832;-0.002476;2.850000;0.000000
61.982626;27.254788;18.351959;-0.723202;-0.000745;2.850000;0.000000
62.182570;27.404619;18.219664;-0.723705;-0.003835;2.850000;0.000000
62.382514;27.554361;18.087242;-0.724781;-0.006924;2.850000;0.000000
62.582458;27.703932;17.954603;-0.726474;-0.010013;2.850000;0.000000
62.782402;27.853248;17.821655;-0.728784;-0.013100;2.850000;0.000000
62.982346;28.002225;17.688308;-0.731712;-0.016187;2.850000;0.000000
63.182290;28.150779;17.554471;-0.735257;-0.019272;2.850000;0.000000
63.382234;28.298827;17.420053;-0.739419;-0.022356;2.850000;0.000000
63.582178;28.446284;17.284963;-0.744198;-0.025438;2.850000;0.000000
63.782122;28.593068;17.149111;-0.749593;-0.028517;2.850000;0.000000
63.982066;28.739071;17.012426;-0.755524;-0.030976;2.850000;0.000000
64.182009;28.884183;16.874889;-0.761765;-0.031616;2.850000;0.000000
64.381953;29.028439;16.736423;-0.768152;-0.032263;2.850000;0.000000
64.581897;29.171807;16.597019;-0.774669;-0.032915;2.850000;0.000000
64.781841;29.314258;16.456671;-0.781317;-0.033575;2.850000;0.000000
64.981785;29.455763;16.315372;-0.788097;-0.034240;2.850000;0.000000
65.181729;29.596290;16.173113;-0.795011;-0.034911;2.850000;0.000000
65.381673;29.735811;16.029887;-0.802059;-0.035589;2.850000;0.000000
65.581617;29.874294;15.885688;-0.809243;-0.036273;2.850000;0.000000
65.781561;30.011710;15.740506;-0.816564;-0.036962;2.850000;0.000000
65.981505;30.148062;15.594300;-0.824026;-0.037668;2.850000;0.000000
66.181449;30.283384;15.446990;-0.831632;-0.038408;2.850000;0.000000
66.381393;30.417549;15.298667;-0.839388;-0.039148;2.850000;0.000000
66.581337;30.550531;15.149319;-0.847291;-0.039889;2.850000;0.000000
66.781281;30.682300;14.998933;-0.855341;-0.040630;2.850000;0.000000
66.981225;30.812831;14.847498;-0.863538;-0.041370;2.850000;0.000000
67.181169;30.942094;14.695001;-0.871882;-0.042109;2.850000;0.000000
67.381113;31.070063;14.541428;-0.880374;-0.042846;2.850000;0.000000
67.581057;31.196709;14.386767;-0.889012;-0.043581;2.850000;0.000000
67.781001;31.322006;14.231007;-0.897794;-0.044312;2.850000;0.000000
67.980945;31.445904;14.074160;-0.906482;-0.043134;2.850000;0.000000
68.180889;31.568417;13.916321;-0.914405;-0.036630;2.850000;0.000000
68.380833;31.689791;13.757564;-0.921075;-0.030126;2.850000;0.000000
68.580776;31.810230;13.598048;-0.926447;-0.023628;2.850000;0.000000
68.780720;31.929939;13.437932;-0.930522;-0.017137;2.850000;0.000000
68.980664;32.049120;13.277378;-0.933300;-0.010653;2.850000;0.000000
69.180608;32.167978;13.116544;-0.934783;-0.004176;2.850000;0.000000
69.380552;32.286716;12.955591;-0.934971;0.002296;2.850000;0.000000
69.580496;32.405539;12.794678;-0.933865;0.008765;2.850000;0.000000
69.780440;32.524650;12.633966;-0.931469;0.015235;2.850000;0.000000
69.980384;32.644269;12.473589;-0.928303;0.017488;2.850000;0.000000
70.180328;32.764463;12.313543;-0.925834;0.008219;2.850000;0.000000
70.380272;32.884910;12.153709;-0.925117;-0.001052;2.850000;0.000000
70.580216;33.005302;11.993877;-0.926256;-0.010331;2.850000;0.000000
70.780160;33.125334;11.833836;-0.929252;-0.019625;2.850000;0.000000
70.980104;33.244698;11.673378;-0.934108;-0.028939;2.850000;0.000000
71.180048;33.363086;11.512293;-0.940826;-0.038275;2.850000;0.000000
71.379992;33.480193;11.350370;-0.949409;-0.047632;2.850000;0.000000
71.579936;33.595711;11.187400;-0.959860;-0.057000;2.850000;0.000000
71.779880;33.709334;11.023173;-0.972172;-0.066364;2.850000;0.000000
71.979824;33.820759;10.857476;-0.985761;-0.070882;2.850000;0.000000
72.179768;33.929877;10.690222;-0.999003;-0.062832;2.850000;0.000000
72.379712;34.036911;10.521576;-1.010748;-0.054767;2.850000;0.000000
72.579656;34.142126;10.351716;-1.020886;-0.046704;2.850000;0.000000
72.779600;34.245789;10.180819;-1.029416;-0.038655;2.850000;0.000000
72.979543;34.348166;10.009062;-1.036343;-0.030626;2.850000;0.000000
73.179487;34.449523;9.836624;-1.041667;-0.022617;2.850000;0.000000
73.379431;34.550127;9.663681;-1.045393;-0.014625;2.850000;0.000000
73.579375;34.650243;9.490411;-1.047521;-0.006647;2.850000;0.000000
73.779319;34.750138;9.316992;-1.048060;0.001325;2.850000;0.000000
73.979263;34.850087;9.143580;-1.047579;0.004538;2.850000;0.000000
74.179207;34.950177;8.970210;-1.047623;-0.003988;2.850000;0.000000
74.379151;35.050109;8.796792;-1.049276;-0.012524;2.850000;0.000000
74.579095;35.149579;8.623171;-1.052637;-0.021074;2.850000;0.000000
74.779039;35.248284;8.449189;-1.057709;-0.029644;2.850000;0.000000
74.978983;35.345920;8.274690;-1.064495;-0.038234;2.850000;0.000000
75.178927;35.442181;8.099519;-1.072997;-0.046841;2.850000;0.000000
75.378871;35.536764;7.923517;-1.083218;-0.055459;2.850000;0.000000
75.578815;35.629365;7.746529;-1.095156;-0.064073;2.850000;0.000000
75.778759;35.719679;7.568398;-1.108801;-0.072662;2.850000;0.000000
75.978703;35.807382;7.389018;-1.123528;-0.075926;2.850000;0.000000
76.178647;35.892362;7.208410;-1.137703;-0.067035;2.850000;0.000000
76.378591;35.974952;7.026603;-1.150202;-0.058145;2.850000;0.000000
76.578535;36.055466;6.843757;-1.160932;-0.049273;2.850000;0.000000
76.778479;36.134216;6.660033;-1.169897;-0.040430;2.850000;0.000000
76.978423;36.211516;6.475588;-1.177102;-0.031621;2.850000;0.000000
77.178367;36.287678;6.290583;-1.182549;-0.022843;2.850000;0.000000
77.378310;36.363017;6.105177;-1.186245;-0.014089;2.850000;0.000000
77.578254;36.437843;5.919530;-1.188190;-0.005350;2.850000;0.000000
77.778198;36.512472;5.733801;-1.188391;0.003385;2.850000;0.000000
77.978142;36.587216;5.548146;-1.187137;0.009627;2.850000;0.000000
78.178086;36.662286;5.362665;-1.185191;0.010279;2.850000;0.000000
78.378030;36.737720;5.177381;-1.183069;0.010932;2.850000;0.000000
78.577974;36.813542;4.992303;-1.180817;0.011584;2.850000;0.000000
78.777918;36.889778;4.807436;-1.178436;0.012236;2.850000;0.000000
78.977862;36.966453;4.622789;-1.175924;0.012888;2.850000;0.000000
79.177806;37.043591;4.438370;-1.173283;0.013539;2.850000;0.000000
79.377750;37.121217;4.254184;-1.170511;0.014190;2.850000;0.000000
79.577694;37.199357;4.070241;-1.167611;0.014840;2.850000;0.000000
79.777638;37.278035;3.886547;-1.164582;0.015489;2.850000;0.000000
79.977582;37.357288;3.703076;-1.161587;0.014746;2.850000;0.000000
80.177526;37.437101;3.519774;-1.159039;0.010979;2.850000;0.000000
80.377470;37.517314;3.336651;-1.157221;0.007211;2.850000;0.000000
80.577414;37.597792;3.153643;-1.156156;0.003442;2.850000;0.000000
80.777358;37.678396;2.970688;-1.155845;-0.000327;2.850000;0.000000
80.977302;37.758991;2.787723;-1.156287;-0.004095;2.850000;0.000000
81.177246;37.839439;2.604684;-1.157482;-0.007862;2.850000;0.000000
81.377190;37.919604;2.421508;-1.159431;-0.011628;2.850000;0.000000
81.577134;37.999350;2.238132;-1.162132;-0.015391;2.850000;0.000000
81.777077;38.078538;2.054493;-1.165581;-0.019150;2.850000;0.000000
81.977021;38.157010;1.870587;-1.169517;-0.020618;2.850000;0.000000
82.176965;38.234697;1.686455;-1.173280;-0.017381;2.850000;0.000000
82.376909;38.311757;1.502027;-1.176430;-0.014146;2.850000;0.000000
82.576853;38.388305;1.317354;-1.178935;-0.010915;2.850000;0.000000
82.776797;38.464461;1.132490;-1.180795;-0.007687;2.850000;0.000000
82.976741;38.540341;0.947489;-1.182009;-0.004461;2.850000;0.000000
83.176685;38.616062;0.762404;-1.182579;-0.001237;2.850000;0.000000
83.376629;38.691743;0.577288;-1.182504;0.001986;2.850000;0.000000
83.576573;38.767500;0.392194;-1.181785;0.005208;2.850000;0.000000
83.776517;38.843452;0.207176;-1.180424;0.008431;2.850000;0.000000
83.976461;38.919719;0.022273;-1.178625;0.009862;2.850000;0.000000
84.176405;38.996350;-0.162505;-1.176902;0.007646;2.850000;0.000000
84.376349;39.073260;-0.347157;-1.175594;0.005429;2.850000;0.000000
84.576293;39.150365;-0.531713;-1.174730;0.003212;2.850000;0.000000
84.776237;39.227581;-0.716201;-1.174309;0.000994;2.850000;0.000000
84.976181;39.304824;-0.900651;-1.174332;-0.001225;2.850000;0.000000
85.176125;39.382010;-1.085092;-1.174799;-0.003445;2.850000;0.000000
85.376069;39.459055;-1.269553;-1.175710;-0.005669;2.850000;0.000000
85.576013;39.535876;-1.454063;-1.177065;-0.007894;2.850000;0.000000
85.775957;39.612388;-1.638653;-1.178862;-0.010124;2.850000;0.000000
85.975901;39.688546;-1.823440;-1.180881;-0.010394;2.850000;0.000000
86.175844;39.764385;-2.008515;-1.182564;-0.006741;2.850000;0.000000
86.375788;39.839960;-2.193655;-1.183546;-0.003082;2.850000;0.000000
86.575732;39.915409;-2.378813;-1.183797;0.000579;2.850000;0.000000
86.775676;39.990871;-2.563942;-1.183315;0.004243;2.850000;0.000000
86.975620;40.066485;-2.748995;-1.182100;0.007907;2.850000;0.000000
87.175564;40.142391;-2.933924;-1.180153;0.011570;2.850000;0.000000
87.375508;40.218726;-3.118684;-1.177475;0.015230;2.850000;0.000000
87.575452;40.295630;-3.303225;-1.174064;0.018885;2.850000;0.000000
87.775396;40.373241;-3.487503;-1.169931;0.022533;2.850000;0.000000
87.975340;40.451662;-3.671389;-1.165416;0.023105;2.850000;0.000000
88.175284;40.530875;-3.854818;-1.161342;0.018047;2.850000;0.000000
88.375228;40.610768;-4.038006;-1.158240;0.012998;2.850000;0.000000
88.575172;40.691155;-4.221028;-1.156146;0.007956;2.850000;0.000000
88.775116;40.771849;-4.403957;-1.155059;0.002919;2.850000;0.000000
88.975060;40.852663;-4.586869;-1.154978;-0.002112;2.850000;0.000000
89.175004;40.933409;-4.769836;-1.155903;-0.007141;2.850000;0.000000
89.374948;41.013901;-4.952935;-1.157835;-0.012169;2.850000;0.000000
89.574892;41.093950;-5.136238;-1.160771;-0.017197;2.850000;0.000000
89.774836;41.173371;-5.319820;-1.164707;-0.022226;2.850000;0.000000
89.974780;41.251968;-5.503729;-1.169264;-0.023841;2.850000;0.000000
90.174724;41.329683;-5.687959;-1.173542;-0.019357;2.850000;0.000000
90.374668;41.406687;-5.872493;-1.176964;-0.014875;2.850000;0.000000
90.574612;41.483143;-6.057259;-1.179490;-0.010393;2.850000;0.000000
90.774555;41.559215;-6.242184;-1.181120;-0.005912;2.850000;0.000000
90.974499;41.635067;-6.427197;-1.181855;-0.001431;2.850000;0.000000
91.174443;41.710865;-6.612226;-1.181693;0.003050;2.850000;0.000000
91.374387;41.786771;-6.797200;-1.180635;0.007533;2.850000;0.000000
91.574331;41.862951;-6.982046;-1.178680;0.012018;2.850000;0.000000
91.774275;41.939569;-7.166694;-1.175835;0.016505;2.850000;0.000000
91.974219;42.016805;-7.351120;-1.172429;0.017994;2.850000;0.000000
92.174163;42.094721;-7.535340;-1.169247;0.014186;2.850000;0.000000
92.374107;42.173152;-7.719324;-1.166791;0.010376;2.850000;0.000000
92.574051;42.251959;-7.903129;-1.165097;0.006564;2.850000;0.000000
92.773995;42.331000;-8.086815;-1.164165;0.002751;2.850000;0.000000
92.973939;42.410135;-8.270441;-1.163997;-0.001063;2.850000;0.000000
93.173883;42.489223;-8.454065;-1.164591;-0.004880;2.850000;0.000000
93.373827;42.568123;-8.637746;-1.165948;-0.008699;2.850000;0.000000
93.573771;42.646695;-8.821543;-1.168069;-0.012520;2.850000;0.000000
93.773715;42.724797;-9.005515;-1.170947;-0.016344;2.850000;0.000000
93.973659;42.802307;-9.189755;-1.174294;-0.017497;2.850000;0.000000
94.173603;42.879201;-9.374305;-1.177424;-0.014124;2.850000;0.000000
94.373547;42.955570;-9.559061;-1.179910;-0.010748;2.850000;0.000000
94.573491;43.031540;-9.743978;-1.181721;-0.007370;2.850000;0.000000
94.773435;43.107238;-9.929008;-1.182857;-0.003992;2.850000;0.000000
94.973379;43.182791;-10.114104;-1.183317;-0.000614;2.850000;0.000000
95.173322;43.258326;-10.299220;-1.183103;0.002763;2.850000;0.000000
95.373266;43.333969;-10.484309;-1.182213;0.006138;2.850000;0.000000
95.573210;43.409847;-10.669325;-1.180648;0.009512;2.850000;0.000000
95.773154;43.486087;-10.854220;-1.178413;0.012881;2.850000;0.000000
95.973098;43.562790;-11.038892;-1.175702;0.014460;2.850000;0.000000
96.173042;43.639995;-11.223285;-1.172955;0.013201;2.850000;0.000000
96.372986;43.717697;-11.407499;-1.170441;0.011945;2.850000;0.000000
96.572930;43.795848;-11.591547;-1.168178;0.010692;2.850000;0.000000
96.772874;43.874398;-11.775441;-1.166165;0.009440;2.850000;0.000000
96.972818;43.953297;-11.959193;-1.164402;0.008190;2.850000;0.000000
97.172762;44.032498;-12.142815;-1.162889;0.006941;2.850000;0.000000
97.372706;44.111949;-12.326320;-1.161626;0.005693;2.850000;0.000000
97.572650;44.191604;-12.509719;-1.160612;0.004446;2.850000;0.000000
97.772594;44.271411;-12.693025;-1.159848;0.003199;2.850000;0.000000
97.972538;44.351340;-12.876289;-1.159327;0.002008;2.850000;0.000000
98.172482;44.431355;-13.059550;-1.159035;0.000903;2.850000;0.000000
98.372426;44.511393;-13.242772;-1.158965;-0.000201;2.850000;0.000000
98.572370;44.591416;-13.425980;-1.159116;-0.001307;2.850000;0.000000
98.772314;44.671387;-13.609200;-1.159488;-0.002412;2.850000;0.000000
98.972258;44.751268;-13.792456;-1.160080;-0.003518;2.850000;0.000000
99.172202;44.831023;-13.975774;-1.160894;-0.004622;2.850000;0.000000
99.372146;44.910615;-14.159179;-1.161928;-0.005725;2.850000;0.000000
99.572089;44.990005;-14.342695;-1.163183;-0.006827;2.850000;0.000000
99.772033;45.069157;-14.526348;-1.164657;-0.007927;2.850000;0.000000
99.971977;45.148003;-14.710090;-1.166305;-0.008605;2.850000;0.000000
100.171921;45.226505;-14.893899;-1.168028;-0.008671;2.850000;0.000000
100.371865;45.304702;-15.077877;-1.169768;-0.008738;2.850000;0.000000
100.571809;45.382589;-15.262017;-1.171522;-0.008806;2.850000;0.000000
100.771753;45.460159;-15.446314;-1.173290;-0.008875;2.850000;0.000000
100.971697;45.537409;-15.630762;-1.175072;-0.008945;2.850000;0.000000
101.171641;45.614331;-15.815355;-1.176868;-0.009017;2.850000;0.000000
101.371585;45.690921;-16.000087;-1.178678;-0.009090;2.850000;0.000000
101.571529;45.767172;-16.184953;-1.180503;-0.009164;2.850000;0.000000
101.771473;45.843080;-16.369947;-1.182339;-0.009240;2.850000;0.000000
101.971417;45.918652;-16.555092;-1.184032;-0.007852;2.850000;0.000000
102.171361;45.993947;-16.740375;-1.185239;-0.004341;2.850000;0.000000
102.371305;46.069074;-16.925705;-1.185756;-0.000829;2.850000;0.000000
102.571249;46.144163;-17.111031;-1.185570;0.002685;2.850000;0.000000
102.771193;46.219345;-17.296302;-1.184682;0.006201;2.850000;0.000000
102.971137;46.294753;-17.481468;-1.183090;0.009717;2.850000;0.000000
103.171081;46.370516;-17.666478;-1.180796;0.013234;2.850000;0.000000
103.371025;46.446766;-17.851280;-1.177799;0.016750;2.850000;0.000000
103.570969;46.523633;-18.035824;-1.174099;0.020264;2.850000;0.000000
103.770913;46.601249;-18.220059;-1.169714;0.023776;2.850000;0.000000
103.970856;46.679772;-18.404017;-1.165315;0.020914;2.850000;0.000000
104.170800;46.759098;-18.587774;-1.162367;0.009071;2.850000;0.000000
104.370744;46.838754;-18.771378;-1.161736;-0.002770;2.850000;0.000000
104.570688;46.918294;-18.954995;-1.163476;-0.014623;2.850000;0.000000
104.770632;46.997274;-19.138792;-1.167589;-0.026499;2.850000;0.000000
104.970576;47.075251;-19.322938;-1.174078;-0.038404;2.850000;0.000000
105.170520;47.151778;-19.507598;-1.182947;-0.050341;2.850000;0.000000
105.370464;47.226413;-19.692941;-1.194201;-0.062301;2.850000;0.000000
105.570408;47.298710;-19.879134;-1.207839;-0.074262;2.850000;0.000000
105.770352;47.368224;-20.066343;-1.223832;-0.086186;2.850000;0.000000
105.970296;47.434489;-20.254639;-1.241325;-0.089911;2.850000;0.000000
106.170240;47.497368;-20.444030;-1.258519;-0.082921;2.850000;0.000000
106.370184;47.557134;-20.634533;-1.274378;-0.075935;2.850000;0.000000
106.570128;47.614038;-20.826033;-1.288853;-0.068973;2.850000;0.000000
106.770072;47.668330;-21.018415;-1.301948;-0.062047;2.850000;0.000000
106.970016;47.720259;-21.211565;-1.313670;-0.055167;2.850000;0.000000
107.169960;47.770078;-21.405368;-1.324025;-0.048335;2.850000;0.000000
107.369904;47.818035;-21.599708;-1.333021;-0.041549;2.850000;0.000000
107.569848;47.864381;-21.794472;-1.340663;-0.034803;2.850000;0.000000
107.769792;47.909367;-21.989545;-1.346975;-0.028089;2.850000;0.000000
107.969736;47.953258;-22.184907;-1.352464;-0.026246;2.850000;0.000000
108.169680;47.996116;-22.380536;-1.358193;-0.030660;2.850000;0.000000
108.369623;48.037753;-22.576332;-1.364773;-0.035087;2.850000;0.000000
108.569567;48.077995;-22.772323;-1.372238;-0.039525;2.850000;0.000000
108.769511;48.116668;-22.968534;-1.380587;-0.043974;2.850000;0.000000
108.969455;48.153598;-23.164992;-1.389822;-0.048427;2.850000;0.000000
109.169399;48.188612;-23.361724;-1.399944;-0.052881;2.850000;0.000000
109.369343;48.221536;-23.558756;-1.410952;-0.057326;2.850000;0.000000
109.569287;48.252196;-23.756116;-1.422845;-0.061755;2.850000;0.000000
109.769231;48.280418;-23.953828;-1.435604;-0.066156;2.850000;0.000000
109.969175;48.306023;-24.151842;-1.448887;-0.067209;2.850000;0.000000
110.169119;48.328973;-24.350139;-1.461994;-0.064266;2.850000;0.000000
110.369063;48.349383;-24.548783;-1.474533;-0.061322;2.850000;0.000000
110.569007;48.367366;-24.747742;-1.486490;-0.058382;2.850000;0.000000
110.768951;48.383033;-24.946983;-1.497865;-0.055451;2.850000;0.000000
110.968895;48.396497;-25.146474;-1.508661;-0.052533;2.850000;0.000000
111.168839;48.407870;-25.346183;-1.518879;-0.049630;2.850000;0.000000
111.368783;48.417262;-25.546077;-1.528522;-0.046745;2.850000;0.000000
111.568727;48.424787;-25.746125;-1.537593;-0.043879;2.850000;0.000000
111.768671;48.430556;-25.946293;-1.546111;-0.041031;2.850000;0.000000
111.968615;48.434675;-26.146619;-1.554521;-0.042518;2.850000;0.000000
112.168559;48.437079;-26.347062;-1.563724;-0.049078;2.850000;0.000000
112.368503;48.437510;-26.547474;-1.574223;-0.055702;2.850000;0.000000
112.568447;48.435705;-26.747784;-1.586052;-0.062399;2.850000;0.000000
112.768390;48.431401;-26.947921;-1.599221;-0.069171;2.850000;0.000000
112.968334;48.424332;-27.147816;-1.613741;-0.076018;2.850000;0.000000
113.168278;48.414235;-27.347396;-1.629623;-0.082934;2.850000;0.000000
113.368222;48.400846;-27.546593;-1.646876;-0.089904;2.850000;0.000000
113.568166;48.383901;-27.745335;-1.665508;-0.096910;2.850000;0.000000
113.768110;48.363137;-27.943551;-1.685505;-0.103923;2.850000;0.000000
113.968054;48.338270;-28.141391;-1.706082;-0.103125;2.850000;0.000000
114.167998;48.309328;-28.338862;-1.725673;-0.093685;2.850000;0.000000
114.367942;48.276696;-28.535777;-1.743423;-0.084158;2.850000;0.000000
114.567886;48.240747;-28.732190;-1.759273;-0.074597;2.850000;0.000000
114.767830;48.201853;-28.928153;-1.773222;-0.065038;2.850000;0.000000
114.967774;48.160390;-29.123721;-1.785271;-0.055505;2.850000;0.000000
115.167718;48.116729;-29.318948;-1.795425;-0.046013;2.850000;0.000000
115.367662;48.071243;-29.513887;-1.803690;-0.036567;2.850000;0.000000
115.567606;48.024306;-29.708591;-1.810071;-0.027164;2.850000;0.000000
115.767550;47.976291;-29.903115;-1.814611;-0.017798;2.850000;0.000000
115.967494;47.927598;-30.097345;-1.818150;-0.016865;2.850000;0.000000
116.167438;47.878273;-30.291269;-1.822256;-0.023851;2.850000;0.000000
116.367382;47.828025;-30.484945;-1.827729;-0.030852;2.850000;0.000000
116.567326;47.776591;-30.678276;-1.834603;-0.037871;2.850000;0.000000
116.767270;47.723706;-30.871164;-1.842881;-0.044911;2.850000;0.000000
116.967214;47.669108;-31.063513;-1.852567;-0.051971;2.850000;0.000000
117.167157;47.612531;-31.255225;-1.863662;-0.059045;2.850000;0.000000
117.367101;47.553713;-31.446204;-1.876169;-0.066124;2.850000;0.000000
117.567045;47.492388;-31.636351;-1.890086;-0.073193;2.850000;0.000000
117.766989;47.428294;-31.825570;-1.905369;-0.080230;2.850000;0.000000
117.966933;47.361230;-32.013631;-1.921229;-0.079256;2.850000;0.000000
118.166877;47.291228;-32.200558;-1.936247;-0.071407;2.850000;0.000000
118.366821;47.218534;-32.386556;-1.949724;-0.063564;2.850000;0.000000
118.566765;47.143444;-32.571716;-1.961643;-0.055743;2.850000;0.000000
118.766709;47.066254;-32.756128;-1.972008;-0.047954;2.850000;0.000000
118.966653;46.987260;-32.939882;-1.980824;-0.040203;2.850000;0.000000
119.166597;46.906758;-33.123069;-1.988097;-0.032487;2.850000;0.000000
119.366541;46.825043;-33.305780;-1.993830;-0.024802;2.850000;0.000000
119.566485;46.742413;-33.488104;-1.998027;-0.017139;2.850000;0.000000
119.766429;46.659164;-33.670131;-2.000717;-0.009487;2.850000;0.000000
119.966373;46.575576;-33.851960;-2.002398;-0.006906;2.850000;0.000000
120.166317;46.491755;-34.033620;-2.003958;-0.008547;2.850000;0.000000
120.366261;46.407648;-34.215085;-2.005832;-0.010189;2.850000;0.000000
120.566205;46.323191;-34.396336;-2.008033;-0.011831;2.850000;0.000000
120.766149;46.238321;-34.577352;-2.010563;-0.013472;2.850000;0.000000
120.966093;46.152975;-34.758115;-2.013420;-0.015112;2.850000;0.000000
121.166037;46.067091;-34.938605;-2.016604;-0.016749;2.850000;0.000000
121.365981;45.980605;-35.118802;-2.020115;-0.018382;2.850000;0.000000
121.565924;45.893454;-35.298687;-2.023952;-0.020011;2.850000;0.000000
121.765868;45.805575;-35.478241;-2.028100;-0.021633;2.850000;0.000000
121.965812;45.716943;-35.657378;-2.032304;-0.020636;2.850000;0.000000
122.165756;45.627586;-35.836131;-2.036113;-0.017548;2.850000;0.000000
122.365700;45.537585;-36.014603;-2.039312;-0.014463;2.850000;0.000000
122.565644;45.447053;-36.192845;-2.041896;-0.011382;2.850000;0.000000
122.765588;45.356102;-36.370906;-2.043864;-0.008305;2.850000;0.000000
122.965532;45.264845;-36.548837;-2.045217;-0.005231;2.850000;0.000000
123.165476;45.173393;-36.726689;-2.045956;-0.002158;2.850000;0.000000
123.365420;45.081859;-36.904512;-2.046081;0.000913;2.850000;0.000000
123.565364;44.990355;-37.082357;-2.045591;0.003984;2.850000;0.000000
123.765308;44.898994;-37.260272;-2.044514;0.007055;2.850000;0.000000
123.965252;44.807866;-37.438329;-2.043347;0.005012;2.850000;0.000000
124.165196;44.716907;-37.616482;-2.042967;-0.001087;2.850000;0.000000
124.365140;44.625918;-37.794599;-2.043795;-0.007189;2.850000;0.000000
124.565084;44.534684;-37.972565;-2.045843;-0.013295;2.850000;0.000000
124.765028;44.442988;-38.150265;-2.049113;-0.019406;2.850000;0.000000
124.964972;44.350617;-38.327582;-2.053604;-0.025522;2.850000;0.000000
125.164916;44.257355;-38.504402;-2.059318;-0.031641;2.850000;0.000000
125.364860;44.162987;-38.680608;-2.066254;-0.037760;2.850000;0.000000
125.564804;44.067299;-38.856085;-2.074412;-0.043875;2.850000;0.000000
125.764748;43.970074;-39.030719;-2.083762;-0.049976;2.850000;0.000000
125.964691;43.871139;-39.204344;-2.093780;-0.050699;2.850000;0.000000
126.164635;43.770460;-39.376952;-2.103555;-0.047257;2.850000;0.000000
126.364579;43.668133;-39.548638;-2.112657;-0.043822;2.850000;0.000000
126.564523;43.564284;-39.719458;-2.121075;-0.040395;2.850000;0.000000
126.764467;43.459039;-39.889467;-2.128810;-0.036977;2.850000;0.000000
126.964411;43.352521;-40.058722;-2.135864;-0.033571;2.850000;0.000000
127.164355;43.244856;-40.227277;-2.142239;-0.030175;2.850000;0.000000
127.364299;43.136170;-40.395189;-2.147936;-0.026789;2.850000;0.000000
127.564243;43.026588;-40.562513;-2.152956;-0.023413;2.850000;0.000000
127.764187;42.916234;-40.729306;-2.157319;-0.020043;2.850000;0.000000
127.964131;42.805171;-40.895707;-2.161327;-0.019789;2.850000;0.000000
128.164075;42.693427;-41.061693;-2.165511;-0.021958;2.850000;0.000000
128.364019;42.580982;-41.227148;-2.170121;-0.024130;2.850000;0.000000
128.563963;42.467766;-41.392019;-2.175164;-0.026304;2.850000;0.000000
128.763907;42.353709;-41.556257;-2.180642;-0.028480;2.850000;0.000000
128.963851;42.238742;-41.719811;-2.186553;-0.030655;2.850000;0.000000
129.163795;42.122794;-41.882630;-2.192898;-0.032830;2.850000;0.000000
129.363739;42.005795;-42.044662;-2.199676;-0.035002;2.850000;0.000000
129.563683;41.887677;-42.205858;-2.206888;-0.037170;2.850000;0.000000
129.763627;41.768369;-42.366166;-2.214513;-0.039333;2.850000;0.000000
129.963571;41.647809;-42.525539;-2.222213;-0.038004;2.850000;0.000000
130.163515;41.526034;-42.684007;-2.229406;-0.034058;2.850000;0.000000
130.363459;41.403169;-42.841661;-2.235819;-0.030113;2.850000;0.000000
130.563402;41.279340;-42.998593;-2.241445;-0.026170;2.850000;0.000000
130.763346;41.154674;-43.154898;-2.246283;-0.022230;2.850000;0.000000
130.963290;41.029298;-43.310668;-2.250335;-0.018295;2.850000;0.000000
131.163234;40.903339;-43.465996;-2.253601;-0.014364;2.850000;0.000000
131.363178;40.776922;-43.620975;-2.256081;-0.010437;2.850000;0.000000
131.563122;40.650176;-43.775698;-2.257776;-0.006512;2.850000;0.000000
131.763066;40.523226;-43.930259;-2.258706;-0.002589;2.850000;0.000000
131.963010;40.396207;-44.084727;-2.259222;-0.002286;2.850000;0.000000
132.162954;40.269131;-44.239116;-2.259918;-0.004604;2.850000;0.000000
132.362898;40.141919;-44.393382;-2.261070;-0.006922;2.850000;0.000000
132.562842;40.014498;-44.547465;-2.262686;-0.009240;2.850000;0.000000
132.762786;39.886796;-44.701308;-2.264766;-0.011559;2.850000;0.000000
132.962730;39.758742;-44.854853;-2.267308;-0.013877;2.850000;0.000000
133.162674;39.630264;-45.008039;-2.270315;-0.016195;2.850000;0.000000
133.362618;39.501290;-45.160809;-2.273784;-0.018512;2.850000;0.000000
133.562562;39.371749;-45.313104;-2.277717;-0.020828;2.850000;0.000000
133.762506;39.241568;-45.464866;-2.282091;-0.023141;2.850000;0.000000
133.962450;39.110709;-45.616012;-2.286540;-0.021665;2.850000;0.000000
134.162394;38.979204;-45.766585;-2.290450;-0.017526;2.850000;0.000000
134.362338;38.847160;-45.916710;-2.293541;-0.013389;2.850000;0.000000
134.562282;38.714705;-46.066492;-2.295805;-0.009256;2.850000;0.000000
134.762226;38.581966;-46.216037;-2.297242;-0.005124;2.850000;0.000000
134.962169;38.449070;-46.365450;-2.297854;-0.000993;2.850000;0.000000
135.162113;38.316143;-46.514837;-2.297639;0.003137;2.850000;0.000000
135.362057;38.183314;-46.664305;-2.296599;0.007269;2.850000;0.000000
135.562001;38.050708;-46.813957;-2.294732;0.011402;2.850000;0.000000
135.761945;37.918454;-46.963901;-2.292070;0.015537;2.850000;0.000000
135.961889;37.786669;-47.114233;-2.289115;0.014432;2.850000;0.000000
136.161833;37.655324;-47.264931;-2.286714;0.009687;2.850000;0.000000
136.361777;37.524276;-47.415878;-2.285252;0.004940;2.850000;0.000000
136.561721;37.393377;-47.566955;-2.284739;0.000193;2.850000;0.000000
136.761665;37.262479;-47.718042;-2.285175;-0.004554;2.850000;0.000000
136.961609;37.131436;-47.869019;-2.286560;-0.009298;2.850000;0.000000
137.161553;37.000099;-48.019767;-2.288893;-0.014039;2.850000;0.000000
137.361497;36.868323;-48.170165;-2.292173;-0.018775;2.850000;0.000000
137.561441;36.735959;-48.320095;-2.296401;-0.023502;2.850000;0.000000
137.761385;36.602860;-48.469435;-2.301572;-0.028219;2.850000;0.000000
137.961329;36.468906;-48.618039;-2.307646;-0.032534;2.850000;0.000000
138.161273;36.333974;-48.765784;-2.314562;-0.036596;2.850000;0.000000
138.361217;36.197953;-48.912548;-2.322293;-0.040679;2.850000;0.000000
138.561161;36.060750;-49.058191;-2.330844;-0.044788;2.850000;0.000000
138.761105;35.922273;-49.202572;-2.340217;-0.048924;2.850000;0.000000
138.961049;35.782429;-49.345551;-2.350418;-0.053087;2.850000;0.000000
139.160993;35.641125;-49.486987;-2.361451;-0.057277;2.850000;0.000000
139.360936;35.498268;-49.626740;-2.373318;-0.061490;2.850000;0.000000
139.560880;35.353767;-49.764669;-2.386025;-0.065722;2.850000;0.000000
139.760824;35.207527;-49.900634;-2.399554;-0.069967;2.850000;0.000000
139.960768;35.059378;-50.034575;-2.413550;-0.070482;2.850000;0.000000
140.160712;34.909338;-50.166438;-2.427414;-0.068417;2.850000;0.000000
140.360656;34.757521;-50.296231;-2.440870;-0.066321;2.850000;0.000000
140.560600;34.603984;-50.424012;-2.453907;-0.064200;2.850000;0.000000
140.760544;34.448786;-50.549842;-2.466521;-0.062059;2.850000;0.000000
140.960488;34.291988;-50.673778;-2.478709;-0.059905;2.850000;0.000000
141.160432;34.133647;-50.795882;-2.490471;-0.057740;2.850000;0.000000
141.360376;33.973822;-50.916213;-2.501806;-0.055571;2.850000;0.000000
141.560320;33.812573;-51.034829;-2.512713;-0.053401;2.850000;0.000000
141.760264;33.649958;-51.151791;-2.523239;-0.051232;2.850000;0.000000
141.960208;33.486007;-51.267157;-2.534108;-0.056620;2.850000;0.000000
142.160152;33.320679;-51.380700;-2.546523;-0.067059;2.850000;0.000000
142.360096;33.153864;-51.491992;-2.561031;-0.077648;2.850000;0.000000
142.560040;32.985438;-51.600609;-2.577670;-0.088407;2.850000;0.000000
142.759984;32.815273;-51.706127;-2.596465;-0.099345;2.850000;0.000000
142.959928;32.643243;-51.808123;-2.617444;-0.110450;2.850000;0.000000
143.159872;32.469224;-51.906172;-2.640629;-0.121689;2.850000;0.000000
143.359816;32.293088;-51.999852;-2.666036;-0.133006;2.850000;0.000000
143.559760;32.114709;-52.088739;-2.693675;-0.144316;2.850000;0.000000
143.759703;31.933962;-52.172408;-2.723408;-0.155504;2.850000;0.000000
143.959647;31.750906;-52.250412;-2.753451;-0.147793;2.850000;0.000000
144.159591;31.565613;-52.323020;-2.780900;-0.128222;2.850000;0.000000
144.359535;31.378286;-52.390961;-2.804501;-0.108638;2.850000;0.000000
144.559479;31.189234;-52.454929;-2.824241;-0.089189;2.850000;0.000000
144.759423;30.998766;-52.515616;-2.840144;-0.069945;2.850000;0.000000
144.959367;30.807194;-52.573714;-2.852240;-0.050921;2.850000;0.000000
145.159311;30.614826;-52.629918;-2.860556;-0.032085;2.850000;0.000000
145.359255;30.421972;-52.684919;-2.865114;-0.013374;2.850000;0.000000
145.559199;30.228943;-52.739411;-2.865924;0.005295;2.850000;0.000000
145.759143;30.036048;-52.794086;-2.863071;0.024012;2.850000;0.000000
145.959087;29.843458;-52.849642;-2.857853;0.029133;2.850000;0.000000
146.159031;29.651309;-52.906279;-2.852395;0.025584;2.850000;0.000000
146.358975;29.459615;-52.963850;-2.847632;0.022003;2.850000;0.000000
146.558919;29.268309;-53.022224;-2.843592;0.018397;2.850000;0.000000
146.758863;29.077324;-53.081270;-2.840276;0.014771;2.850000;0.000000
146.958807;28.886591;-53.140855;-2.837688;0.011129;2.850000;0.000000
147.158751;28.696043;-53.200847;-2.835830;0.007477;2.850000;0.000000
147.358695;28.505611;-53.261116;-2.834701;0.003818;2.850000;0.000000
147.558639;28.315229;-53.321528;-2.834304;0.000157;2.850000;0.000000
147.758583;28.124827;-53.381954;-2.834622;-0.003502;2.850000;0.000000
147.958527;27.934323;-53.442272;-2.835406;-0.004554;2.850000;0.000000
148.158470;27.743706;-53.502437;-2.836259;-0.004017;2.850000;0.000000
148.358414;27.553002;-53.562461;-2.837009;-0.003481;2.850000;0.000000
148.558358;27.362227;-53.622361;-2.837651;-0.002946;2.850000;0.000000
148.758302;27.171399;-53.682154;-2.838187;-0.002412;2.850000;0.000000
148.958246;26.980533;-53.741858;-2.838616;-0.001878;2.850000;0.000000
149.158190;26.789645;-53.801491;-2.838938;-0.001345;2.850000;0.000000
149.358134;26.598751;-53.861069;-2.839154;-0.000812;2.850000;0.000000
149.558078;26.407867;-53.920610;-2.839263;-0.000279;2.850000;0.000000
149.758022;26.217010;-53.980130;-2.839263;0.000254;2.850000;0.000000
149.957966;26.026255;-54.039631;-2.839126;0.001092;2.850000;0.000000
150.157910;25.835579;-54.099152;-2.838806;0.002108;2.850000;0.000000
150.357854;25.644935;-54.158752;-2.838284;0.003123;2.850000;0.000000
150.557798;25.454314;-54.218475;-2.837559;0.004137;2.850000;0.000000
150.757742;25.263706;-54.278367;-2.836631;0.005147;2.850000;0.000000
150.957686;25.073101;-54.338473;-2.835502;0.006154;2.850000;0.000000
151.157630;24.882490;-54.398840;-2.834172;0.007155;2.850000;0.000000
151.357574;24.691862;-54.459511;-2.832641;0.008151;2.850000;0.000000
151.557518;24.501208;-54.520534;-2.830910;0.009139;2.850000;0.000000
151.757462;24.310518;-54.581954;-2.829023;0.010120;2.850000;0.000000
151.957406;24.119789;-54.643795;-2.827578;0.004806;2.850000;0.000000
152.157350;23.929002;-54.705855;-2.827516;-0.004109;2.850000;0.000000
152.357294;23.738129;-54.767769;-2.829235;-0.013024;2.850000;0.000000
152.557237;23.547150;-54.829166;-2.832745;-0.021975;2.850000;0.000000
152.757181;23.356043;-54.889676;-2.838053;-0.030998;2.850000;0.000000
152.957125;23.164786;-54.948930;-2.845172;-0.040125;2.850000;0.000000
153.157069;22.973357;-55.006556;-2.854118;-0.049385;2.850000;0.000000
153.357013;22.781735;-55.062184;-2.864910;-0.058803;2.850000;0.000000
153.556957;22.589897;-55.115445;-2.877570;-0.068394;2.850000;0.000000
153.756901;22.397822;-55.165969;-2.892096;-0.078168;2.850000;0.000000
153.956845;22.205454;-55.213404;-2.908110;-0.083810;2.850000;0.000000
154.156789;22.012664;-55.257567;-2.924973;-0.086721;2.850000;0.000000
154.356733;21.819252;-55.298397;-2.942366;-0.089212;2.850000;0.000000
154.556677;21.625001;-55.335838;-2.960221;-0.091249;2.850000;0.000000
154.756621;21.429696;-55.369836;-2.978469;-0.092802;2.850000;0.000000
154.956565;21.233118;-55.400336;-2.997040;-0.093852;2.850000;0.000000
155.156509;21.035052;-55.427284;-3.015859;-0.094390;2.850000;0.000000
155.356453;20.835280;-55.450623;-3.034851;-0.094415;2.850000;0.000000
155.556397;20.633586;-55.470300;-3.053941;-0.093939;2.850000;0.000000
155.756341;20.429754;-55.486259;-3.073168;-0.092981;2.850000;0.000000
155.956285;20.224131;-55.498361;-3.094384;-0.111403;2.850000;0.000000
156.156229;20.017240;-55.505748;-3.120679;-0.142428;2.850000;-1.326069
156.356173;19.810138;-55.507020;3.129481;-0.176788;2.755399;-1.506697
156.556117;19.604165;-55.500745;3.089068;-0.215874;2.643806;-1.328930
156.756061;19.400662;-55.485492;3.040464;-0.260979;2.541316;-1.133064
156.956004;19.200970;-55.459831;2.982726;-0.313118;2.450549;-0.910525
157.155948;19.006431;-55.422330;2.914835;-0.372634;2.375096;-0.652715
157.355892;18.818383;-55.371558;2.835832;-0.438524;2.319497;-0.352901
157.555836;18.638169;-55.306085;2.745046;-0.507504;2.288875;-0.011677
157.755780;18.467129;-55.224478;2.642504;-0.573145;2.287855;-0.011677
157.955724;18.305722;-55.124861;2.534807;-0.564885;2.286834;0.034206
158.155668;18.154742;-55.007636;2.432395;-0.507329;2.289823;0.328229
158.355612;18.014395;-54.874863;2.340056;-0.447533;2.318306;0.582725
158.555556;17.884310;-54.728332;2.257903;-0.390754;2.368030;0.796309
158.755500;17.764120;-54.569831;2.185259;-0.339797;2.434338;0.973144
158.955444;17.653456;-54.401150;2.121192;-0.295677;2.512996;1.118666
159.155388;17.551949;-54.224078;2.064690;-0.258342;2.600479;1.237877
159.355332;17.459231;-54.040405;2.014774;-0.227208;2.693975;1.334847
159.555276;17.374932;-53.851920;1.970545;-0.201499;2.791289;0.828251
159.755220;17.298685;-53.660412;1.931231;-0.180433;2.850000;0.000000
159.955164;17.230263;-53.468080;1.895973;-0.164358;2.850000;0.000000
160.155108;17.168876;-53.275385;1.864357;-0.147851;2.850000;0.000000
160.355052;17.113596;-53.082142;1.836434;-0.129829;2.850000;0.000000
160.554996;17.063589;-52.888398;1.812361;-0.110667;2.850000;0.000000
160.754940;17.018018;-52.694203;1.792270;-0.090695;2.850000;0.000000
160.954884;16.976046;-52.499606;1.776252;-0.070180;2.850000;0.000000
161.154828;16.936838;-52.304656;1.764367;-0.049334;2.850000;0.000000
161.354771;16.899556;-52.109402;1.756647;-0.028323;2.850000;0.000000
161.554715;16.863366;-51.913893;1.753109;-0.007273;2.850000;0.000000
161.754659;16.827430;-51.718178;1.753596;0.013709;2.850000;0.000000
161.954603;16.790978;-51.522320;1.756249;0.014629;2.850000;0.000000
162.154547;16.753914;-51.326316;1.758319;0.006288;2.850000;0.000000
162.354491;16.716561;-51.130140;1.758747;-0.002000;2.850000;0.000000
162.554435;16.679254;-50.933772;1.757522;-0.010253;2.850000;0.000000
162.754379;16.642324;-50.737196;1.754648;-0.018488;2.850000;0.000000
162.954323;16.606104;-50.540391;1.750124;-0.026717;2.850000;0.000000
163.154267;16.570927;-50.343340;1.743952;-0.034955;2.850000;0.000000
163.354211;16.537126;-50.146024;1.736129;-0.043209;2.850000;0.000000
163.554155;16.505034;-49.948425;1.726650;-0.051485;2.850000;0.000000
163.754099;16.474982;-49.750524;1.715618;-0.059783;2.850000;0.000000
163.954043;16.447288;-49.552482;1.704155;-0.055891;2.850000;0.000000
164.153987;16.421817;-49.354227;1.693912;-0.046659;2.850000;0.000000
164.353931;16.398193;-49.155727;1.685508;-0.037420;2.850000;0.000000
164.553875;16.376053;-48.957032;1.678950;-0.028185;2.850000;0.000000
164.753819;16.355030;-48.758190;1.674237;-0.018958;2.850000;0.000000
164.953763;16.334758;-48.559248;1.671368;-0.009739;2.850000;0.000000
165.153707;16.314873;-48.360255;1.670341;-0.000525;2.850000;0.000000
165.353651;16.295009;-48.161258;1.671158;0.008689;2.850000;0.000000
165.553595;16.274800;-47.962306;1.673817;0.017908;2.850000;0.000000
165.753538;16.253881;-47.763448;1.678239;0.027133;2.850000;0.000000
165.953482;16.231914;-47.564692;1.683493;0.026301;2.850000;0.000000
166.153426;16.208906;-47.366058;1.688227;0.021111;2.850000;0.000000
166.353370;16.185060;-47.167535;1.691929;0.015917;2.850000;0.000000
166.553314;16.160584;-46.969095;1.694592;0.010721;2.850000;0.000000
166.753258;16.135683;-46.770712;1.696216;0.005524;2.850000;0.000000
166.953202;16.110563;-46.572359;1.696801;0.000327;2.850000;0.000000
167.153146;16.085431;-46.374009;1.696346;-0.004870;2.850000;0.000000
167.353090;16.060491;-46.175637;1.694853;-0.010068;2.850000;0.000000
167.553034;16.035951;-45.977214;1.692321;-0.015265;2.850000;0.000000
167.752978;16.012017;-45.778715;1.688795;-0.020461;2.850000;0.000000
167.952922;15.988879;-45.580143;1.684790;-0.020092;2.850000;0.000000
168.152866;15.966537;-45.381481;1.681050;-0.017362;2.850000;0.000000
168.352810;15.944884;-45.182732;1.677852;-0.014634;2.850000;0.000000
168.552754;15.923812;-44.983909;1.675198;-0.011906;2.850000;0.000000
168.752698;15.903212;-44.785027;1.673090;-0.009180;2.850000;0.000000
168.952642;15.882976;-44.586099;1.671527;-0.006454;2.850000;0.000000
169.152586;15.862996;-44.387140;1.670509;-0.003729;2.850000;0.000000
169.352530;15.843164;-44.188163;1.670036;-0.001005;2.850000;0.000000
169.552474;15.823373;-43.989183;1.670108;0.001720;2.850000;0.000000
169.752418;15.803513;-43.790213;1.670706;0.004445;2.850000;0.000000
169.952362;15.783484;-43.591265;1.671625;0.004949;2.850000;0.000000
170.152305;15.763260;-43.392343;1.672570;0.004521;2.850000;0.000000
170.352249;15.742856;-43.193444;1.673431;0.004092;2.850000;0.000000
170.552193;15.722290;-42.994564;1.674207;0.003663;2.850000;0.000000
170.752137;15.701578;-42.795702;1.674896;0.003234;2.850000;0.000000
170.952081;15.680738;-42.596853;1.675500;0.002805;2.850000;0.000000
171.152025;15.659786;-42.398014;1.676018;0.002376;2.850000;0.000000
171.351969;15.638739;-42.199183;1.676450;0.001947;2.850000;0.000000
171.551913;15.617615;-42.000356;1.676797;0.001518;2.850000;0.000000
171.751857;15.596429;-41.801531;1.677053;0.001089;2.850000;0.000000
171.951801;15.575201;-41.602699;1.677172;0.000149;2.850000;0.000000
172.151745;15.553967;-41.403863;1.677086;-0.001003;2.850000;0.000000
172.351689;15.532772;-41.205020;1.676770;-0.002155;2.850000;0.000000
172.551633;15.511663;-41.006171;1.676224;-0.003308;2.850000;0.000000
172.751577;15.490686;-40.807312;1.675448;-0.004460;2.850000;0.000000
172.951521;15.469888;-40.608442;1.674441;-0.005613;2.850000;0.000000
173.151465;15.449313;-40.409560;1.673203;-0.006767;2.850000;0.000000
173.351409;15.429010;-40.210664;1.671734;-0.007922;2.850000;0.000000
173.551353;15.409023;-40.011753;1.670035;-0.009077;2.850000;0.000000
173.751297;15.389398;-39.812824;1.668101;-0.010234;2.850000;0.000000
173.951241;15.370173;-39.613757;1.665891;-0.011830;2.850000;0.000000
174.151185;15.351416;-39.414617;1.663347;-0.013608;2.850000;0.000000
174.351129;15.333204;-39.215451;1.660447;-0.015388;2.850000;0.000000
174.551073;15.315607;-39.016252;1.657192;-0.017168;2.850000;0.000000
174.751016;15.298695;-38.817016;1.653581;-0.018949;2.850000;0.000000
174.950960;15.282540;-38.617739;1.649615;-0.020731;2.850000;0.000000
175.150904;15.267213;-38.418415;1.645292;-0.022513;2.850000;0.000000
175.350848;15.252784;-38.219041;1.640614;-0.024295;2.850000;0.000000
175.550792;15.239324;-38.019610;1.635580;-0.026075;2.850000;0.000000
175.750736;15.226904;-37.820119;1.630220;-0.027854;2.850000;0.000000
175.950680;15.215580;-37.620519;1.624866;-0.026041;2.850000;0.000000
176.150624;15.205294;-37.420843;1.619982;-0.022831;2.850000;0.000000
176.350568;15.195920;-37.221117;1.615738;-0.019622;2.850000;0.000000
176.550512;15.187328;-37.021350;1.612135;-0.016414;2.850000;0.000000
176.750456;15.179392;-36.821552;1.609174;-0.013207;2.850000;0.000000
176.950400;15.171984;-36.621732;1.606854;-0.010001;2.850000;0.000000
177.150344;15.164976;-36.421900;1.605174;-0.006796;2.850000;0.000000
177.350288;15.158239;-36.222065;1.604136;-0.003591;2.850000;0.000000
177.550232;15.151646;-36.022238;1.603738;-0.000385;2.850000;0.000000
177.750176;15.145069;-35.822427;1.603958;0.002822;2.850000;0.000000
177.950120;15.138390;-35.622634;1.604551;0.003362;2.850000;0.000000
178.150064;15.131577;-35.422861;1.605179;0.002933;2.850000;0.000000
178.350008;15.124648;-35.223099;1.605722;0.002504;2.850000;0.000000
178.549952;15.117618;-35.023340;1.606180;0.002075;2.850000;0.000000
178.749896;15.110505;-34.823573;1.606552;0.001645;2.850000;0.000000
178.949840;15.103326;-34.623790;1.606837;0.001215;2.850000;0.000000
179.149783;15.096097;-34.423980;1.607037;0.000785;2.850000;0.000000
179.349727;15.088835;-34.224134;1.607151;0.000356;2.850000;0.000000
179.549671;15.081558;-34.024243;1.607180;-0.000073;2.850000;0.000000
179.749615;15.074282;-33.824296;1.607075;-0.000502;2.850000;0.000000
179.949559;15.067047;-33.624419;1.606373;-0.006024;2.850000;0.000000
180.149503;15.060053;-33.424533;1.604443;-0.013255;2.850000;0.000000
180.349447;15.053589;-33.224607;1.601068;-0.020489;2.850000;0.000000
180.549391;15.047945;-33.024659;1.596245;-0.027733;2.850000;0.000000
180.749335;15.043410;-32.824704;1.589973;-0.034990;2.850000;0.000000
180.949279;15.040275;-32.624759;1.582249;-0.042265;2.850000;0.000000
181.149223;15.038830;-32.424839;1.573070;-0.049554;2.850000;0.000000
181.349167;15.039366;-32.224961;1.562436;-0.056854;2.850000;0.000000
181.549111;15.042172;-32.025141;1.550344;-0.064155;2.850000;0.000000
181.749055;15.047539;-31.825395;1.536838;-0.071440;2.850000;0.000000
181.948999;15.055743;-31.625673;1.522349;-0.074003;2.850000;0.000000
182.148943;15.066901;-31.426062;1.507452;-0.075050;2.850000;0.000000
182.348887;15.081053;-31.226635;1.492340;-0.076120;2.850000;0.000000
182.548831;15.098239;-31.027445;1.477012;-0.077210;2.850000;0.000000
182.748775;15.118498;-30.828544;1.461464;-0.078319;2.850000;0.000000
182.948719;15.141869;-30.629981;1.445692;-0.079444;2.850000;0.000000
183.148663;15.168391;-30.431810;1.429694;-0.080582;2.850000;0.000000
183.348607;15.198105;-30.234082;1.413466;-0.081731;2.850000;0.000000
183.548550;15.231049;-30.036848;1.397007;-0.082887;2.850000;0.000000
183.748494;15.267262;-29.840161;1.380333;-0.084046;2.850000;0.000000
183.948438;15.306754;-29.644184;1.363584;-0.083639;2.850000;0.000000
184.148382;15.349519;-29.448892;1.346947;-0.082778;2.850000;0.000000
184.348326;15.395516;-29.254303;1.330478;-0.081951;2.850000;0.000000
184.548270;15.444703;-29.060471;1.314168;-0.081162;2.850000;0.000000
184.748214;15.497032;-28.867450;1.298011;-0.080412;2.850000;0.000000
184.948158;15.552460;-28.675291;1.282000;-0.079701;2.850000;0.000000
185.148102;15.610941;-28.484050;1.266128;-0.079032;2.850000;0.000000
185.348046;15.672430;-28.293779;1.250387;-0.078406;2.850000;0.000000
185.547990;15.736882;-28.104532;1.234770;-0.077822;2.850000;0.000000
185.747934;15.804251;-27.916363;1.219240;-0.077283;2.850000;0.000000
185.947878;15.874615;-27.729025;1.203645;-0.078492;2.850000;0.000000
186.147822;15.947920;-27.542798;1.187763;-0.080245;2.850000;0.000000
186.347766;16.024177;-27.357842;1.171532;-0.082017;2.850000;0.000000
186.547710;16.103430;-27.174229;1.154950;-0.083805;2.850000;0.000000
186.747654;16.185721;-26.992027;1.138015;-0.085602;2.850000;0.000000
186.947598;16.271096;-26.811308;1.120725;-0.087403;2.850000;0.000000
187.147542;16.359598;-26.632140;1.103078;-0.089203;2.850000;0.000000
187.347486;16.451271;-26.454595;1.085074;-0.090995;2.850000;0.000000
187.547430;16.546159;-26.278742;1.066712;-0.092773;2.850000;0.000000
187.747374;16.644306;-26.104652;1.048020;-0.094528;2.850000;0.000000
187.947317;16.745655;-25.932549;1.029135;-0.094677;2.850000;0.000000
188.147261;16.850248;-25.762379;1.010245;-0.094440;2.850000;0.000000
188.347205;16.958068;-25.594159;0.991394;-0.094242;2.850000;0.000000
188.547149;17.069070;-25.427951;0.972573;-0.094085;2.850000;0.000000
188.747093;17.183209;-25.263814;0.953774;-0.093969;2.850000;0.000000
188.947037;17.300442;-25.101808;0.934990;-0.093893;2.850000;0.000000
189.146981;17.420726;-24.941995;0.916212;-0.093859;2.850000;0.000000
189.346925;17.544015;-24.784434;0.897433;-0.093865;2.850000;0.000000
189.546869;17.670267;-24.629186;0.878645;-0.093911;2.850000;0.000000
189.746813;17.799438;-24.476310;0.859814;-0.093998;2.850000;0.000000
189.946757;17.931532;-24.325826;0.840746;-0.096250;2.850000;0.000000
190.146701;18.066512;-24.177905;0.821184;-0.099133;2.850000;0.000000
190.346645;18.204375;-24.032722;0.801036;-0.102124;2.850000;0.000000
190.546589;18.345128;-23.890436;0.780287;-0.105217;2.850000;0.000000
190.746533;18.488780;-23.751209;0.758919;-0.108403;2.850000;0.000000
190.946477;18.635339;-23.615201;0.736917;-0.111671;2.850000;0.000000
191.146421;18.784813;-23.482573;0.714266;-0.115010;2.850000;0.000000
191.346365;18.937210;-23.353487;0.690956;-0.118404;2.850000;0.000000
191.546309;19.092537;-23.228103;0.666975;-0.121837;2.850000;0.000000
191.746253;19.250804;-23.106581;0.642419;-0.125287;2.850000;0.000000
191.946197;19.411943;-22.989088;0.618056;-0.119960;2.850000;0.000000
192.146141;19.575852;-22.875479;0.594865;-0.112579;2.850000;0.000000
192.346084;19.742345;-22.765529;0.573143;-0.105146;2.850000;0.000000
192.546028;19.911223;-22.659026;0.552892;-0.097706;2.850000;0.000000
192.745972;20.082287;-22.555755;0.534108;-0.090295;2.850000;0.000000
192.945916;20.255337;-22.455501;0.516785;-0.082941;2.850000;0.000000
193.145860;20.430174;-22.358050;0.500912;-0.075660;2.850000;0.000000
193.345804;20.606598;-22.263189;0.486478;-0.068462;2.850000;0.000000
193.545748;20.784411;-22.170704;0.473470;-0.061349;2.850000;0.000000
193.745692;20.963414;-22.080379;0.461755;-0.054319;2.850000;0.000000
193.945636;21.143377;-21.992069;0.450391;-0.057839;2.850000;0.000000
194.145580;21.324310;-21.905872;0.438223;-0.063579;2.850000;0.000000
194.345524;21.506255;-21.822020;0.424904;-0.069393;2.850000;0.000000
194.545468;21.689242;-21.740752;0.410421;-0.075281;2.850000;0.000000
194.745412;21.873301;-21.662307;0.394762;-0.081239;2.850000;0.000000
194.945356;22.058464;-21.586922;0.377919;-0.087260;2.850000;0.000000
195.145300;22.244761;-21.514837;0.359882;-0.093329;2.850000;0.000000
195.345244;22.432223;-21.446289;0.340644;-0.099428;2.850000;0.000000
195.545188;22.620879;-21.381517;0.320201;-0.105530;2.850000;0.000000
195.745132;22.810761;-21.320761;0.298643;-0.111605;2.850000;0.000000
195.945076;23.002086;-21.264163;0.276735;-0.109077;2.850000;0.000000
196.145020;23.194640;-21.211731;0.255391;-0.104838;2.850000;0.000000
196.344964;23.388298;-21.163326;0.234888;-0.100564;2.850000;0.000000
196.544908;23.582974;-21.118800;0.215232;-0.096277;2.850000;0.000000
196.744851;23.778581;-21.078003;0.196421;-0.091998;2.850000;0.000000
196.944795;23.975032;-21.040786;0.178451;-0.087742;2.850000;0.000000
197.144739;24.172239;-21.006999;0.161317;-0.083523;2.850000;0.000000
197.344683;24.370117;-20.976493;0.145012;-0.079351;2.850000;0.000000
197.544627;24.568577;-20.949119;0.129528;-0.075233;2.850000;0.000000
197.744571;24.767534;-20.924727;0.114790;-0.071175;2.850000;0.000000
197.944515;24.966607;-20.903227;0.100250;-0.073224;2.850000;0.000000
198.144459;25.165962;-20.884650;0.085275;-0.076346;2.850000;0.000000
198.344403;25.365570;-20.869123;0.069669;-0.079549;2.850000;0.000000
198.544347;25.565355;-20.856779;0.053418;-0.082831;2.850000;0.000000
198.744291;25.765241;-20.847753;0.036508;-0.086189;2.850000;0.000000
198.944235;25.965151;-20.842177;0.018928;-0.089618;2.850000;0.000000
199.144179;26.165009;-20.840185;0.000667;-0.093113;2.850000;0.000000
199.344123;26.364737;-20.841911;-0.018287;-0.096666;2.850000;0.000000
199.544067;26.564261;-20.847487;-0.037942;-0.100265;2.850000;0.000000
199.744011;26.763502;-20.857048;-0.058185;-0.103899;2.850000;0.000000
199.943955;26.962731;-20.870698;-0.078032;-0.096374;2.850000;0.000000
200.143899;27.161667;-20.888180;-0.096336;-0.086959;2.850000;0.000000
200.343843;27.360286;-20.909116;-0.112758;-0.077482;2.850000;0.000000
200.543787;27.558618;-20.933130;-0.127289;-0.067984;2.850000;0.000000
200.743731;27.756689;-20.959848;-0.139929;-0.058495;2.850000;0.000000
200.943675;27.954531;-20.988895;-0.150679;-0.049031;2.850000;0.000000
201.143618;28.152170;-21.019894;-0.159545;-0.039603;2.850000;0.000000
201.343562;28.349635;-21.052472;-0.166530;-0.030210;2.850000;0.000000
201.543506;28.546956;-21.086253;-0.171641;-0.020848;2.850000;0.000000
201.743450;28.744161;-21.120861;-0.174993;-0.011505;2.850000;0.000000
201.943394;28.941028;-21.155925;-0.177359;-0.010988;2.850000;0.000000
202.143338;29.137777;-21.191414;-0.179619;-0.011612;2.850000;0.000000
202.343282;29.334439;-21.227359;-0.182003;-0.012236;2.850000;0.000000
202.543226;29.531012;-21.263785;-0.184511;-0.012858;2.850000;0.000000
202.743170;29.727493;-21.300716;-0.187144;-0.013480;2.850000;0.000000
202.943114;29.923882;-21.338179;-0.189901;-0.014100;2.850000;0.000000
203.143058;30.120175;-21.376197;-0.192782;-0.014719;2.850000;0.000000
203.343002;30.316372;-21.414795;-0.195787;-0.015337;2.850000;0.000000
203.542946;30.512471;-21.453999;-0.198916;-0.015952;2.850000;0.000000
203.742890;30.708469;-21.493834;-0.202136;-0.016566;2.850000;0.000000
203.942834;30.904263;-21.534291;-0.205253;-0.014908;2.850000;0.000000
204.142778;31.099950;-21.575335;-0.208041;-0.012983;2.850000;0.000000
204.342722;31.295548;-21.616890;-0.210445;-0.011061;2.850000;0.000000
204.542666;31.491066;-21.658880;-0.212466;-0.009142;2.850000;0.000000
204.742610;31.686511;-21.701229;-0.214102;-0.007225;2.850000;0.000000
204.942554;31.881891;-21.743859;-0.215355;-0.005308;2.850000;0.000000
205.142498;32.077212;-21.786694;-0.216225;-0.003392;2.850000;0.000000
205.342442;32.272483;-21.829656;-0.216712;-0.001475;2.850000;0.000000
205.542385;32.467711;-21.872670;-0.216815;0.000442;2.850000;0.000000
205.742329;32.662905;-21.915657;-0.216560;0.002362;2.850000;0.000000
205.942273;32.858058;-21.958550;-0.216115;0.002359;2.850000;0.000000
206.142217;33.053201;-22.001344;-0.215666;0.002134;2.850000;0.000000
206.342161;33.248354;-22.044054;-0.215262;0.001909;2.850000;0.000000
206.542105;33.443537;-22.086691;-0.214903;0.001682;2.850000;0.000000
206.742049;33.638769;-22.129271;-0.214590;0.001455;2.850000;0.000000
206.941993;33.834070;-22.171806;-0.214322;0.001228;2.850000;0.000000
207.141937;34.029459;-22.214310;-0.214099;0.001000;2.850000;0.000000
207.341881;34.224955;-22.256797;-0.213922;0.000773;2.850000;0.000000
207.541825;34.420580;-22.299279;-0.213790;0.000546;2.850000;0.000000
207.741769;34.616351;-22.341772;-0.213705;0.000320;2.850000;0.000000
207.941713;34.812276;-22.384285;-0.213681;-0.000059;2.850000;0.000000
208.141657;35.008296;-22.426821;-0.213732;-0.000453;2.850000;0.000000
208.341601;35.204330;-22.469379;-0.213863;-0.000849;2.850000;0.000000
208.541545;35.400296;-22.511957;-0.214073;-0.001246;2.850000;0.000000
208.741489;35.596113;-22.554555;-0.214363;-0.001646;2.850000;0.000000
208.941433;35.791699;-22.597169;-0.214733;-0.002051;2.850000;0.000000
209.141377;35.986973;-22.639799;-0.215184;-0.002463;2.850000;0.000000
209.341321;36.181854;-22.682444;-0.215717;-0.002883;2.850000;0.000000
209.541265;36.376259;-22.725102;-0.216333;-0.003312;2.850000;0.000000
209.741209;36.570108;-22.767772;-0.217007;-0.003752;2.850000;0.000000
209.941152;36.763364;-22.810451;-0.217569;-0.002193;2.850000;0.000000
210.141096;36.956249;-22.853135;-0.217824;-0.000388;2.850000;0.000000
210.341040;37.149070;-22.895821;-0.217722;0.001423;2.850000;0.000000
210.540984;37.342132;-22.938504;-0.217263;0.003214;2.850000;0.000000
210.740928;37.535740;-22.981178;-0.216452;0.004961;2.850000;0.000000
210.940872;37.730202;-23.023839;-0.215296;0.006644;2.850000;0.000000
211.140816;37.925821;-23.066483;-0.213806;0.008239;2.850000;0.000000
211.340760;38.122905;-23.109105;-0.211993;0.009730;2.850000;0.000000
211.540704;38.321758;-23.151699;-0.209873;0.011101;2.850000;0.000000
211.740648;38.522687;-23.194262;-0.206938;0.012339;2.850000;0.000000
211.940592;38.724766;-23.236308;-0.199829;0.051144;2.850000;0.000000
212.140536;38.928267;-23.276405;-0.184767;0.094150;2.850000;-1.590779
212.340480;39.132366;-23.312488;-0.160578;0.139575;2.736123;-1.727116
212.540424;39.336125;-23.342467;-0.126740;0.189538;2.606859;-1.488866
212.740368;39.538608;-23.364253;-0.082466;0.245949;2.490047;-1.243355
212.940312;39.738876;-23.375756;-0.026754;0.310245;2.388123;-0.978599
213.140256;39.935993;-23.374887;0.041498;0.382780;2.304735;-0.684852
213.340200;40.129021;-23.359556;0.123278;0.461774;2.244535;-0.358356
213.540144;40.317023;-23.327675;0.219112;0.541933;2.212382;-0.010909
213.740088;40.499061;-23.277153;0.328437;0.613463;2.211396;-0.010909
213.940032;40.676643;-23.205124;0.442119;0.586989;2.210410;0.121125
214.139976;40.846577;-23.112649;0.551534;0.543645;2.221339;0.306461
214.339919;41.007428;-23.001619;0.653979;0.503383;2.248754;0.443161
214.539863;41.158224;-22.873771;0.750168;0.468918;2.287818;0.533953
214.739807;41.297990;-22.730841;0.841230;0.441591;2.334016;0.582221
214.939751;41.425753;-22.574567;0.928417;0.421893;2.383371;0.590784
215.139695;41.540539;-22.406685;1.013029;0.409874;2.432427;0.561696
215.339639;41.641375;-22.228932;1.096368;0.405409;2.478168;0.496553
215.539583;41.727287;-22.043045;1.179720;0.408330;2.517913;0.397090
215.739527;41.797300;-21.850761;1.263251;0.418460;2.549250;0.266064
215.939471;41.849926;-21.656928;1.346257;0.404751;2.570033;0.311856
216.139415;41.886573;-21.459886;1.425992;0.389834;2.594182;0.361492
216.339359;41.907717;-21.260626;1.502781;0.375976;2.621895;0.400082
216.539303;41.913794;-21.060282;1.576986;0.363970;2.652230;0.424022
216.739247;41.905237;-20.859985;1.649035;0.354391;2.684005;0.430937
216.939191;41.882481;-20.660868;1.719416;0.347642;2.715918;0.419261
217.139135;41.845958;-20.464064;1.788667;0.344013;2.746610;0.387982
217.339079;41.796104;-20.270705;1.857356;0.343717;2.774710;0.336542
217.539023;41.733353;-20.081923;1.926077;0.346923;2.798856;0.264870
217.738967;41.658138;-19.898851;1.995282;0.353768;2.817715;0.173543
217.938911;41.570313;-19.721186;2.062511;0.330047;2.830002;0.284046
218.138855;41.471271;-19.549954;2.124735;0.298676;2.850000;0.000000
218.338799;41.362216;-19.384752;2.180572;0.265086;2.850000;0.000000
218.538743;41.244288;-19.225035;2.229821;0.230866;2.850000;0.000000
218.738687;41.118626;-19.070257;2.272483;0.197096;2.850000;0.000000
218.938630;40.986371;-18.919872;2.308673;0.164384;2.850000;0.000000
219.138574;40.848662;-18.773334;2.338560;0.132958;2.850000;0.000000
219.338518;40.706639;-18.630096;2.362324;0.102760;2.850000;0.000000
219.538462;40.561441;-18.489612;2.380126;0.073528;2.850000;0.000000
219.738406;40.414208;-18.351337;2.392418;0.044859;2.850000;0.000000
219.938350;40.266206;-18.215027;2.401366;0.040562;2.850000;0.000000
220.138294;40.117451;-18.080248;2.409286;0.038327;2.850000;0.000000
220.338238;39.967944;-17.946865;2.416734;0.036020;2.850000;0.000000
220.538182;39.817712;-17.814769;2.423704;0.033650;2.850000;0.000000
220.738126;39.666779;-17.683846;2.430185;0.031224;2.850000;0.000000
220.938070;39.515172;-17.553986;2.436172;0.028749;2.850000;0.000000
221.138014;39.362915;-17.425076;2.441656;0.026233;2.850000;0.000000
221.337958;39.210033;-17.297004;2.446634;0.023684;2.850000;0.000000
221.537902;39.056553;-17.169660;2.451101;0.021107;2.850000;0.000000
221.737846;38.902498;-17.042930;2.455058;0.018511;2.850000;0.000000
221.937790;38.747874;-16.916690;2.458535;0.016279;2.850000;0.000000
222.137734;38.592759;-16.790886;2.461567;0.014087;2.850000;0.000000
222.337678;38.437221;-16.665463;2.464164;0.011903;2.850000;0.000000
222.537622;38.281321;-16.540360;2.466325;0.009726;2.850000;0.000000
222.737566;38.125124;-16.415517;2.468053;0.007555;2.850000;0.000000
222.937510;37.968694;-16.290874;2.469347;0.005389;2.850000;0.000000
223.137454;37.812094;-16.166371;2.470209;0.003227;2.850000;0.000000
223.337397;37.655388;-16.041950;2.470639;0.001067;2.850000;0.000000
223.537341;37.498640;-15.917549;2.470636;-0.001091;2.850000;0.000000
223.737285;37.341912;-15.793109;2.470310;-0.003249;2.850000;0.000000
223.937229;37.185216;-15.668582;2.470308;0.002159;2.850000;0.000000
224.137173;37.028479;-15.544134;2.471345;0.008207;2.850000;0.000000
224.337117;36.871564;-15.419963;2.473593;0.014261;2.850000;0.000000
224.537061;36.714330;-15.296269;2.477053;0.020327;2.850000;0.000000
224.737005;36.556640;-15.173251;2.481726;0.026405;2.850000;0.000000
224.936949;36.398354;-15.051106;2.487614;0.032496;2.850000;0.000000
225.136893;36.239332;-14.930033;2.494718;0.038600;2.850000;0.000000
225.336837;36.079434;-14.810231;2.503042;0.044715;2.850000;0.000000
225.536781;35.918523;-14.691898;2.512584;0.050833;2.850000;0.000000
225.736725;35.756457;-14.575233;2.523267;0.056947;2.850000;0.000000
225.936669;35.592851;-14.460220;2.534559;0.056938;2.850000;0.000000
226.136613;35.427942;-14.347076;2.545897;0.056449;2.850000;0.000000
226.336557;35.261783;-14.235811;2.557137;0.055963;2.850000;0.000000
226.536501;35.094402;-14.126420;2.568279;0.055480;2.850000;0.000000
226.736445;34.925829;-14.018900;2.579324;0.055002;2.850000;0.000000
226.936389;34.756093;-13.913247;2.590274;0.054529;2.850000;0.000000
227.136333;34.585223;-13.809455;2.601129;0.054061;2.850000;0.000000
227.336277;34.413250;-13.707521;2.611890;0.053599;2.850000;0.000000
227.536221;34.240203;-13.607440;2.622559;0.053143;2.850000;0.000000
227.736164;34.066111;-13.509207;2.633153;0.052694;2.850000;0.000000
227.936108;33.891063;-13.412860;2.643770;0.053390;2.850000;0.000000
228.136052;33.715003;-13.318388;2.654514;0.054143;2.850000;0.000000
228.335996;33.537923;-13.225822;2.665407;0.054890;2.850000;0.000000
228.535940;33.359823;-13.135196;2.676450;0.055631;2.850000;0.000000
228.735884;33.180697;-13.046541;2.687642;0.056364;2.850000;0.000000
228.935828;33.000543;-12.959890;2.698983;0.057088;2.850000;0.000000
229.135772;32.819359;-12.875277;2.710470;0.057801;2.850000;0.000000
229.335716;32.637141;-12.792732;2.722103;0.058502;2.850000;0.000000
229.535660;32.453887;-12.712290;2.733881;0.059190;2.850000;0.000000
229.735604;32.269593;-12.633983;2.745810;0.059863;2.850000;0.000000
229.935548;32.084692;-12.558029;2.758028;0.062023;2.850000;0.000000
230.135492;31.898796;-12.484347;2.770657;0.064283;2.850000;0.000000
230.335436;31.711915;-12.413041;2.783746;0.066592;2.850000;0.000000
230.535380;31.524080;-12.344223;2.797303;0.068950;2.850000;0.000000
230.735324;31.335316;-12.278004;2.811337;0.071357;2.850000;0.000000
230.935268;31.145652;-12.214494;2.825855;0.073811;2.850000;0.000000
231.135212;30.955115;-12.153805;2.840864;0.076309;2.850000;0.000000
231.335156;30.763734;-12.096048;2.856373;0.078848;2.850000;0.000000
231.535100;30.571535;-12.041334;2.872387;0.081424;2.850000;0.000000
231.735044;30.378546;-11.989774;2.888798;0.084032;2.850000;0.000000
231.934988;30.184559;-11.941370;2.904904;0.078436;2.850000;0.000000
232.134931;29.989866;-11.896020;2.919988;0.072471;2.850000;0.000000
232.334875;29.794544;-11.853498;2.933877;0.066483;2.850000;0.000000
232.534819;29.598662;-11.813572;2.946569;0.060488;2.850000;0.000000
232.734763;29.402288;-11.776013;2.958063;0.054496;2.850000;0.000000
232.934707;29.205492;-11.740592;2.968362;0.048517;2.850000;0.000000
233.134651;29.008340;-11.707079;2.977469;0.042553;2.850000;0.000000
233.334595;28.810903;-11.675243;2.985384;0.036608;2.850000;0.000000
233.534539;28.613248;-11.644855;2.992112;0.030678;2.850000;0.000000
233.734483;28.415444;-11.615685;2.997739;0.024759;2.850000;0.000000
233.934427;28.217473;-11.587525;3.002716;0.024196;2.850000;0.000000
234.134371;28.019412;-11.560329;3.007513;0.023794;2.850000;0.000000
234.334315;27.821254;-11.534080;3.012229;0.023386;2.850000;0.000000
234.534259;27.622991;-11.508759;3.016861;0.022970;2.850000;0.000000
234.734203;27.424613;-11.484348;3.021410;0.022547;2.850000;0.000000
234.934147;27.226111;-11.460830;3.025875;0.022119;2.850000;0.000000
235.134091;27.027475;-11.438186;3.030253;0.021684;2.850000;0.000000
235.334035;26.828698;-11.416398;3.034545;0.021244;2.850000;0.000000
235.533979;26.629769;-11.395449;3.038750;0.020799;2.850000;0.000000
235.733923;26.430679;-11.375320;3.042752;0.020349;2.850000;0.000000
235.933867;26.231620;-11.355967;3.045959;0.012841;2.850000;0.000000
236.133811;26.032452;-11.337120;3.047765;0.005212;2.850000;0.000000
236.333755;25.833231;-11.318477;3.048045;-0.002408;2.850000;0.000000
236.533698;25.634014;-11.299738;3.046801;-0.010029;2.850000;0.000000
236.733642;25.434861;-11.280602;3.044032;-0.017660;2.850000;0.000000
236.933586;25.235830;-11.260767;3.039734;-0.025310;2.850000;0.000000
237.133530;25.036980;-11.239933;3.033907;-0.032988;2.850000;0.000000
237.333474;24.838369;-11.217800;3.026544;-0.040697;2.850000;0.000000
237.533418;24.640055;-11.194065;3.017643;-0.048439;2.850000;0.000000
237.733362;24.442097;-11.168429;3.007484;-0.056210;2.850000;0.000000
237.933306;24.244226;-11.140661;2.997608;-0.045656;2.850000;0.000000
238.133250;24.046673;-11.111097;2.989581;-0.034707;2.850000;0.000000
238.333194;23.849348;-11.080168;2.983746;-0.023727;2.850000;0.000000
238.533138;23.652156;-11.048302;2.980104;-0.012737;2.850000;0.000000
238.733082;23.455001;-11.015926;2.978657;-0.001752;2.850000;0.000000
238.933026;23.257787;-10.983470;2.979403;0.009214;2.850000;0.000000
239.132970;23.060420;-10.951362;2.982339;0.020149;2.850000;0.000000
239.332914;22.862805;-10.920030;2.987461;0.031039;2.850000;0.000000
239.532858;22.664844;-10.889904;2.994761;0.041865;2.850000;0.000000
239.732802;22.466444;-10.861410;3.003609;0.052603;2.850000;0.000000
239.932746;22.267838;-10.834773;3.010936;0.026603;2.850000;0.000000
240.132690;22.068955;-10.809178;3.013675;0.000720;2.850000;0.000000
240.332634;21.870052;-10.783610;3.011226;-0.025151;2.850000;0.000000
240.532578;21.671386;-10.757053;3.003581;-0.051148;2.850000;0.000000
240.732522;21.473214;-10.728491;2.990717;-0.077383;2.850000;0.000000
240.932465;21.275794;-10.696910;2.972597;-0.103905;2.850000;0.000000
241.132409;21.079381;-10.661294;2.949185;-0.130667;2.850000;0.000000
241.332353;20.884234;-10.620628;2.920461;-0.157491;2.850000;0.000000
241.532297;20.690610;-10.573895;2.886437;-0.184033;2.850000;0.000000
241.732241;20.498763;-10.520081;2.847483;-0.209690;2.850000;0.000000
241.932185;20.308253;-10.458082;2.805630;-0.212648;2.850000;0.000000
242.132129;20.120365;-10.387944;2.762570;-0.216725;2.850000;0.000000
242.332073;19.935663;-10.309687;2.718574;-0.221874;2.850000;0.000000
242.532017;19.754716;-10.223329;2.673463;-0.228042;2.850000;0.000000
242.731961;19.578090;-10.128892;2.627068;-0.235155;2.850000;0.000000
242.931905;19.406353;-10.026395;2.579229;-0.243121;2.850000;0.000000
243.131849;19.240070;-9.915856;2.529803;-0.251814;2.850000;0.000000
243.331793;19.079809;-9.797296;2.478664;-0.261067;2.850000;0.000000
243.531737;18.926137;-9.670735;2.425716;-0.270666;2.850000;0.000000
243.731681;18.779640;-9.536209;2.371389;-0.279304;2.850000;0.000000
243.931625;18.641089;-9.394220;2.317514;-0.266063;2.850000;0.000000
244.131569;18.510071;-9.244936;2.265983;-0.252588;2.850000;0.000000
244.331513;18.386466;-9.088951;2.217022;-0.239270;2.850000;0.000000
244.531457;18.270158;-8.926861;2.170559;-0.226414;2.850000;0.000000
244.731401;18.161029;-8.759262;2.126487;-0.214245;2.850000;0.000000
244.931345;18.058962;-8.586750;2.084674;-0.202920;2.850000;0.000000
245.131289;17.963840;-8.409921;2.044970;-0.192540;2.850000;0.000000
245.331232;17.875544;-8.229370;2.007214;-0.183167;2.850000;0.000000
245.531176;17.793959;-8.045693;1.971239;-0.174836;2.850000;0.000000
245.731120;17.718970;-7.859492;1.936793;-0.167843;2.850000;0.000000
245.931064;17.650498;-7.671378;1.903344;-0.165505;2.850000;0.000000
246.131008;17.588396;-7.481426;1.870522;-0.162879;2.850000;0.000000
246.330952;17.532564;-7.289760;1.838285;-0.160010;2.850000;0.000000
246.530896;17.482905;-7.096502;1.806657;-0.156942;2.850000;0.000000
246.730840;17.439319;-6.901777;1.775656;-0.153718;2.850000;0.000000
246.930784;17.401707;-6.705707;1.745295;-0.150379;2.850000;0.000000
247.130728;17.369972;-6.508416;1.715582;-0.146961;2.850000;0.000000
247.330672;17.344015;-6.310028;1.686520;-0.143501;2.850000;0.000000
247.530616;17.323737;-6.110665;1.658109;-0.140029;2.850000;0.000000
247.730560;17.309040;-5.910475;1.630200;-0.137143;2.850000;0.000000
247.930504;17.299903;-5.709919;1.602044;-0.142072;2.850000;0.000000
248.130448;17.296491;-5.509000;1.572937;-0.147633;2.850000;0.000000
248.330392;17.299042;-5.308067;1.542649;-0.153826;2.850000;0.000000
248.530336;17.307796;-5.107467;1.511078;-0.160646;2.850000;0.000000
248.730280;17.322989;-4.907547;1.478123;-0.168081;2.850000;0.000000
248.930224;17.344861;-4.708655;1.443687;-0.176106;2.850000;0.000000
249.130168;17.373650;-4.511137;1.407677;-0.184681;2.850000;0.000000
249.330112;17.409593;-4.315342;1.370006;-0.193746;2.850000;0.000000
249.530056;17.452930;-4.121616;1.330591;-0.203212;2.850000;0.000000
249.729999;17.503919;-3.930238;1.289622;-0.211824;2.850000;0.000000
249.929943;17.562999;-3.740524;1.248743;-0.203058;2.850000;0.000000
250.129887;17.629621;-3.553512;1.209365;-0.193487;2.850000;0.000000
250.329831;17.703400;-3.369130;1.171934;-0.183348;2.850000;0.000000
250.529775;17.783957;-3.187310;1.136507;-0.172858;2.850000;0.000000
250.729719;17.870909;-3.007983;1.103112;-0.162204;2.850000;0.000000
250.929663;17.963874;-2.831078;1.071759;-0.151539;2.850000;0.000000
251.129607;18.062471;-2.656527;1.042435;-0.140986;2.850000;0.000000
251.329551;18.166318;-2.484260;1.015117;-0.130635;2.850000;0.000000
251.529495;18.275033;-2.314208;0.989781;-0.120550;2.850000;0.000000
251.729439;18.388112;-2.146479;0.966016;-0.112982;2.850000;0.000000
251.929383;18.504405;-1.982351;0.941931;-0.123288;2.850000;0.000000
252.129327;18.624898;-1.820946;0.915989;-0.134331;2.850000;0.000000
252.329271;18.749708;-1.662871;0.887744;-0.146178;2.850000;0.000000
252.529215;18.878951;-1.508734;0.857066;-0.158878;2.850000;0.000000
252.729159;19.012746;-1.359144;0.823820;-0.172451;2.850000;0.000000
252.929103;19.151208;-1.214709;0.787874;-0.186874;2.850000;0.000000
253.129047;19.294454;-1.076038;0.749099;-0.202074;2.850000;0.000000
253.328991;19.442601;-0.943738;0.707384;-0.217909;2.850000;0.000000
253.528935;19.595766;-0.818419;0.662617;-0.234150;2.850000;0.000000
253.728879;19.754231;-0.700571;0.614885;-0.248919;2.850000;0.000000
253.928823;19.920176;-0.589315;0.566436;-0.242265;2.850000;0.000000
254.128766;20.091099;-0.486339;0.518778;-0.235198;2.850000;0.000000
254.328710;20.266600;-0.391528;0.472570;-0.227924;2.850000;0.000000
254.528654;20.446282;-0.304768;0.427806;-0.220627;2.850000;0.000000
254.728598;20.629749;-0.225944;0.384454;-0.213461;2.850000;0.000000
254.928542;20.816600;-0.154942;0.342467;-0.206558;2.850000;0.000000
255.128486;21.006440;-0.091648;0.301778;-0.200022;2.850000;0.000000
255.328430;21.198870;-0.035947;0.262311;-0.193937;2.850000;0.000000
255.528374;21.393492;0.012274;0.224008;-0.188371;2.850000;0.000000
255.728318;21.589611;0.053076;0.187284;-0.180704;2.850000;0.000000
255.928262;21.785740;0.086607;0.153365;-0.160274;2.850000;0.000000
256.128206;21.983077;0.113898;0.123480;-0.139723;2.850000;0.000000
256.328150;22.181424;0.135716;0.097637;-0.119295;2.850000;0.000000
256.528094;22.380581;0.152832;0.075808;-0.099127;2.850000;0.000000
256.728038;22.580352;0.166016;0.057952;-0.079271;2.850000;0.000000
256.927982;22.780538;0.176037;0.044026;-0.059709;2.850000;0.000000
257.127926;22.980941;0.183664;0.033992;-0.040368;2.850000;0.000000
257.327870;23.181362;0.189667;0.027826;-0.021138;2.850000;0.000000
257.527814;23.381605;0.194816;0.025515;-0.001884;2.850000;0.000000
257.727758;23.581403;0.199876;0.026206;0.011637;2.850000;0.000000
257.927702;23.780447;0.205270;0.027079;-0.000126;2.850000;0.000000
258.127646;23.979182;0.210650;0.025876;-0.011980;2.850000;0.000000
258.327590;24.177801;0.215554;0.022318;-0.023828;2.850000;0.000000
258.527533;24.376495;0.219519;0.016414;-0.035572;2.850000;0.000000
258.727477;24.575454;0.222082;0.008186;-0.047108;2.850000;0.000000
258.927421;24.774872;0.222780;-0.002331;-0.058326;2.850000;0.000000
259.127365;24.974938;0.221151;-0.015085;-0.069113;2.850000;0.000000
259.327309;25.175845;0.216731;-0.030009;-0.079351;2.850000;0.000000
259.527253;25.377784;0.209058;-0.047004;-0.088920;2.850000;0.000000
259.727197;25.580755;0.197685;-0.064161;-0.085808;2.850000;0.000000
259.927141;25.784077;0.182954;-0.075678;-0.032730;2.850000;0.000000
260.127085;25.988003;0.166806;-0.077084;0.018931;2.850000;0.000000
260.327029;26.191891;0.151456;-0.067903;0.071013;2.850000;-0.366139
260.526973;26.395102;0.139120;-0.047955;0.125281;2.824196;-1.677460
260.726917;26.596993;0.132015;-0.016835;0.183269;2.702830;-1.350848
260.926861;26.796924;0.132355;0.026029;0.246004;2.600981;-1.021229
261.126805;26.994254;0.142357;0.081275;0.313519;2.521255;-0.675506
261.326749;27.188341;0.164237;0.149425;0.384134;2.467103;-0.308055
261.526693;27.378546;0.200212;0.230656;0.453641;2.442009;-0.013291
261.726637;27.564378;0.252544;0.322634;0.503517;2.440921;-0.013291
261.926581;27.745878;0.323016;0.417036;0.476218;2.439832;0.151902
262.126525;27.921135;0.410595;0.507924;0.450588;2.452249;0.276965
262.326469;28.089175;0.514108;0.594709;0.428127;2.474728;0.364367
262.526413;28.249027;0.632381;0.678068;0.409727;2.503994;0.417029
262.726357;28.399718;0.764241;0.758766;0.395845;2.537075;0.437683
262.926301;28.540276;0.908516;0.837613;0.386660;2.571337;0.428742
263.126244;28.669729;1.064031;0.915436;0.382180;2.604462;0.392454
263.326188;28.787103;1.229614;0.993058;0.382313;2.634418;0.331207
263.526132;28.891428;1.404092;1.071212;0.386883;2.659437;0.247951
263.726076;28.981580;1.585953;1.149693;0.391951;2.678014;0.173021
263.926020;29.056343;1.772290;1.227196;0.377797;2.690901;0.248240
264.125964;29.116780;1.963825;1.301858;0.365152;2.709283;0.303333
264.325908;29.163030;2.159376;1.374221;0.354646;2.731577;0.337160
264.525852;29.195231;2.357758;1.444736;0.346726;2.756146;0.349208
264.725796;29.213522;2.557790;1.513907;0.341705;2.781364;0.339317
264.925740;29.218041;2.758289;1.582272;0.339810;2.805650;0.307568
265.125684;29.208928;2.958072;1.650395;0.341209;2.827484;0.254313
265.325628;29.186320;3.155956;1.718858;0.346036;2.845411;0.065360
265.525572;29.150357;3.350759;1.788272;0.354389;2.850000;0.000000
265.725516;29.101153;3.541378;1.859044;0.365206;2.850000;0.000000
265.925460;29.038074;3.729446;1.927751;0.337420;2.850000;0.000000
266.125404;28.962804;3.912358;1.991360;0.305035;2.850000;0.000000
266.325348;28.876584;4.090521;2.048334;0.270255;2.850000;0.000000
266.525292;28.780658;4.264341;2.098486;0.234798;2.850000;0.000000
266.725236;28.676268;4.434224;2.141818;0.199825;2.850000;0.000000
266.925180;28.564657;4.600575;2.178451;0.165984;2.850000;0.000000
267.125124;28.447068;4.763802;2.208566;0.133509;2.850000;0.000000
267.325068;28.324743;4.924310;2.232353;0.102327;2.850000;0.000000
267.525011;28.198926;5.082505;2.249978;0.072148;2.850000;0.000000
267.724955;28.070879;5.238767;2.262133;0.044248;2.850000;0.000000
267.924899;27.941918;5.393055;2.271417;0.043889;2.850000;0.000000
268.124843;27.811873;5.545883;2.280183;0.043474;2.850000;0.000000
268.324787;27.680733;5.697302;2.288845;0.043006;2.850000;0.000000
268.524731;27.548490;5.847366;2.297396;0.042484;2.850000;0.000000
268.724675;27.415135;5.996127;2.305827;0.041912;2.850000;0.000000
268.924619;27.280657;6.143637;2.314131;0.041289;2.850000;0.000000
269.124563;27.145047;6.289948;2.322302;0.040620;2.850000;0.000000
269.324507;27.008296;6.435115;2.330332;0.039904;2.850000;0.000000
269.524451;26.870394;6.579188;2.338215;0.039146;2.850000;0.000000
269.724395;26.731330;6.722223;2.345898;0.038200;2.850000;0.000000
269.924339;26.591078;6.864317;2.353169;0.034984;2.850000;0.000000
270.124283;26.449764;7.005498;2.359838;0.031784;2.850000;0.000000
270.324227;26.307491;7.145844;2.365871;0.028599;2.850000;0.000000
270.524171;26.164362;7.285430;2.371272;0.025429;2.850000;0.000000
270.724115;26.020478;7.424331;2.376042;0.022273;2.850000;0.000000
270.924059;25.875941;7.562623;2.380183;0.019129;2.850000;0.000000
271.124003;25.730855;7.700381;2.383696;0.015994;2.850000;0.000000
271.323947;25.585320;7.837683;2.386583;0.012867;2.850000;0.000000
271.523891;25.439440;7.974602;2.388845;0.009745;2.850000;0.000000
271.723835;25.293313;8.111218;2.390526;0.006765;2.850000;0.000000
271.923778;25.146976;8.247643;2.391809;0.005777;2.850000;0.000000
272.123722;25.000515;8.383869;2.392866;0.004786;2.850000;0.000000
272.323666;24.853952;8.519928;2.393724;0.003794;2.850000;0.000000
272.523610;24.707309;8.655854;2.394383;0.002800;2.850000;0.000000
272.723554;24.560608;8.791681;2.394843;0.001806;2.850000;0.000000
272.923498;24.413871;8.927443;2.395105;0.000811;2.850000;0.000000
273.123442;24.267121;9.063173;2.395168;-0.000185;2.850000;0.000000
273.323386;24.120380;9.198905;2.395031;-0.001180;2.850000;0.000000
273.523330;23.973671;9.334672;2.394696;-0.002176;2.850000;0.000000
273.723274;23.827014;9.470508;2.394187;-0.003078;2.850000;0.000000
273.923218;23.680428;9.606439;2.393613;-0.002827;2.850000;0.000000
274.123162;23.533909;9.742460;2.393073;-0.002577;2.850000;0.000000
274.323106;23.387453;9.878564;2.392583;-0.002328;2.850000;0.000000
274.523050;23.241054;10.014741;2.392142;-0.002078;2.850000;0.000000
274.722994;23.094707;10.150984;2.391752;-0.001828;2.850000;0.000000
274.922938;22.948406;10.287284;2.391411;-0.001579;2.850000;0.000000
275.122882;22.802146;10.423632;2.391120;-0.001329;2.850000;0.000000
275.322826;22.655922;10.560020;2.390880;-0.001080;2.850000;0.000000
275.522770;22.509727;10.696439;2.390689;-0.000830;2.850000;0.000000
275.722714;22.363556;10.832880;2.390589;-0.000419;2.850000;0.000000
275.922658;22.217397;10.969321;2.390748;0.001764;2.850000;0.000000
276.122602;22.071193;11.105707;2.391319;0.003947;2.850000;0.000000
276.322545;21.924883;11.241976;2.392326;0.006130;2.850000;0.000000
276.522489;21.778408;11.378064;2.393770;0.008313;2.850000;0.000000
276.722433;21.631707;11.513907;2.395650;0.010495;2.850000;0.000000
276.922377;21.484722;11.649443;2.397967;0.012678;2.850000;0.000000
277.122321;21.337391;11.784608;2.400720;0.014860;2.850000;0.000000
277.322265;21.189656;11.919337;2.403909;0.017041;2.850000;0.000000
277.522209;21.041456;12.053569;2.407534;0.019220;2.850000;0.000000
277.722153;20.892742;12.187229;2.411524;0.021101;2.850000;0.000000
277.922097;20.743572;12.320188;2.415599;0.020076;2.850000;0.000000
278.122041;20.593852;12.452562;2.419509;0.019050;2.850000;0.000000
278.321985;20.443612;12.584381;2.423214;0.018024;2.850000;0.000000
278.521929;20.292877;12.715675;2.426715;0.016998;2.850000;0.000000
278.721873;20.141676;12.846475;2.430010;0.015973;2.850000;0.000000
278.921817;19.990035;12.976811;2.433102;0.014948;2.850000;0.000000
279.121761;19.837981;13.106714;2.435989;0.013924;2.850000;0.000000
279.321705;19.685542;13.236213;2.438671;0.012900;2.850000;0.000000
279.521649;19.532744;13.365339;2.441150;0.011877;2.850000;0.000000
279.721593;19.379609;13.494129;2.443696;0.012011;2.850000;0.000000
279.921537;19.226036;13.622576;2.447398;0.023438;2.850000;0.000000
280.121481;19.071875;13.750289;2.453236;0.034890;2.850000;0.000000
280.321425;18.916871;13.876887;2.461369;0.046384;2.850000;0.000000
280.521369;18.760766;14.001987;2.471802;0.057929;2.850000;0.000000
280.721312;18.603303;14.125206;2.484543;0.069521;2.850000;0.000000
280.921256;18.444226;14.246162;2.499598;0.081145;2.850000;0.000000
281.121200;18.283278;14.364472;2.516969;0.092766;2.850000;0.000000
281.321144;18.120202;14.479755;2.536652;0.104332;2.850000;0.000000
281.521088;17.954741;14.591627;2.558635;0.115768;2.850000;0.000000
281.721032;17.786643;14.699705;2.582715;0.126177;2.850000;0.000000
281.920976;17.615759;14.803623;2.608167;0.129312;2.850000;0.000000
282.120920;17.442129;14.903150;2.634390;0.132737;2.850000;0.000000
282.320864;17.265868;14.998054;2.661334;0.136440;2.850000;0.000000
282.520808;17.087090;15.088104;2.689045;0.140407;2.850000;0.000000
282.720752;16.905910;15.173066;2.717565;0.144622;2.850000;0.000000
282.920696;16.722442;15.252710;2.746937;0.149062;2.850000;0.000000
283.120640;16.536801;15.326803;2.777199;0.153700;2.850000;0.000000
283.320584;16.349101;15.395112;2.808383;0.158503;2.850000;0.000000
283.520528;16.159458;15.457407;2.840519;0.163429;2.850000;0.000000
283.720472;15.967970;15.513459;2.873407;0.167355;2.850000;0.000000
283.920416;15.774656;15.563153;2.906127;0.161808;2.850000;0.000000
284.120360;15.579821;15.606582;2.937874;0.156216;2.850000;0.000000
284.320304;15.383655;15.643928;2.968516;0.150643;2.850000;0.000000
284.520248;15.186346;15.675371;2.998068;0.145143;2.850000;0.000000
284.720192;14.988085;15.701094;3.026551;0.139762;2.850000;0.000000
284.920136;14.789060;15.721279;3.053989;0.134536;2.850000;0.000000
285.120079;14.589460;15.736105;3.080413;0.129495;2.850000;0.000000
285.320023;14.389475;15.745756;3.105857;0.124661;2.850000;0.000000
285.519967;14.189294;15.750411;3.130358;0.120051;2.850000;0.000000
285.719911;13.989107;15.750254;-3.129206;0.115806;2.850000;0.000000
285.919855;13.789079;15.745454;-3.106334;0.112664;2.850000;0.000000
286.119799;13.589283;15.736151;-3.084114;0.109498;2.850000;0.000000
286.319743;13.389782;15.722478;-3.062533;0.106327;2.850000;0.000000
286.519687;13.190640;15.704568;-3.041588;0.103166;2.850000;0.000000
286.719631;12.991919;15.682556;-3.021274;0.100031;2.850000;0.000000
286.919575;12.793685;15.656575;-3.001583;0.096934;2.850000;0.000000
287.119519;12.595999;15.626759;-2.982508;0.093885;2.850000;0.000000
287.319463;12.398927;15.593240;-2.964039;0.090892;2.850000;0.000000
287.519407;12.202530;15.556153;-2.946166;0.087963;2.850000;0.000000
287.719351;12.006890;15.515635;-2.928993;0.084516;2.850000;0.000000
287.919295;11.812142;15.471883;-2.912930;0.076894;2.850000;0.000000
288.119239;11.618096;15.425150;-2.898350;0.069197;2.850000;0.000000
288.319183;11.424673;15.375730;-2.885307;0.061459;2.850000;0.000000
288.519127;11.231792;15.323920;-2.873807;0.053703;2.850000;0.000000
288.719071;11.039371;15.270013;-2.863850;0.045951;2.850000;0.000000
288.919015;10.847330;15.214305;-2.855435;0.038215;2.850000;0.000000
289.118959;10.655588;15.157091;-2.848561;0.030502;2.850000;0.000000
289.318903;10.464064;15.098667;-2.843223;0.022818;2.850000;0.000000
289.518846;10.272677;15.039327;-2.839417;0.015163;2.850000;0.000000
289.718790;10.081354;14.979368;-2.836626;0.010291;2.850000;0.000000
289.918734;9.890138;14.918909;-2.832923;0.024244;2.850000;0.000000
290.118678;9.699207;14.857517;-2.826658;0.038240;2.850000;0.000000
290.318622;9.508826;14.794686;-2.817581;0.052327;2.850000;0.000000
290.518566;9.319259;14.729912;-2.805675;0.066545;2.850000;0.000000
290.718510;9.130771;14.662688;-2.790922;0.080912;2.850000;0.000000
290.918454;8.943628;14.592510;-2.773301;0.095425;2.850000;0.000000
291.118398;8.758095;14.518873;-2.752793;0.110050;2.850000;0.000000
291.318342;8.574435;14.441270;-2.729387;0.124716;2.850000;0.000000
291.518286;8.392915;14.359196;-2.703086;0.139311;2.850000;0.000000
291.718230;8.213812;14.272152;-2.674507;0.150476;2.850000;0.000000
291.918174;8.037367;14.179891;-2.645883;0.139676;2.850000;0.000000
292.118118;7.863409;14.082674;-2.619127;0.128817;2.850000;0.000000
292.318062;7.691810;13.980906;-2.594505;0.117997;2.850000;0.000000
292.518006;7.522442;13.874990;-2.572004;0.107285;2.850000;0.000000
292.717950;7.355177;13.765330;-2.551603;0.096724;2.850000;0.000000
292.917894;7.189886;13.652329;-2.533276;0.086339;2.850000;0.000000
293.117838;7.026441;13.536393;-2.516999;0.076133;2.850000;0.000000
293.317782;6.864714;13.417923;-2.502743;0.066096;2.850000;0.000000
293.517726;6.704576;13.297325;-2.490483;0.056204;2.850000;0.000000
293.717670;6.545877;13.174983;-2.479992;0.047499;2.850000;0.000000
293.917613;6.388377;13.051109;-2.470485;0.046451;2.850000;0.000000
294.117557;6.232179;12.925890;-2.461294;0.045369;2.850000;0.000000
294.317501;6.077241;12.799352;-2.452329;0.044256;2.850000;0.000000
294.517445;5.923518;12.671522;-2.443595;0.043115;2.850000;0.000000
294.717389;5.770968;12.542428;-2.435095;0.041948;2.850000;0.000000
294.917333;5.619545;12.412094;-2.426833;0.040756;2.850000;0.000000
295.117277;5.469207;12.280548;-2.418812;0.039543;2.850000;0.000000
295.317221;5.319910;12.147816;-2.411036;0.038311;2.850000;0.000000
295.517165;5.171611;12.013925;-2.403506;0.037062;2.850000;0.000000
295.717109;5.024280;11.878914;-2.395954;0.037279;2.850000;0.000000
295.917053;4.878038;11.742816;-2.387367;0.047417;2.850000;0.000000
296.116997;4.733067;11.605314;-2.376877;0.057582;2.850000;0.000000
296.316941;4.589684;11.466149;-2.364353;0.067776;2.850000;0.000000
296.516885;4.448203;11.325060;-2.349790;0.077992;2.850000;0.000000
296.716829;4.308940;11.181786;-2.333185;0.088207;2.850000;0.000000
296.916773;4.172211;11.036066;-2.314541;0.098386;2.850000;0.000000
297.116717;4.038331;10.887639;-2.293864;0.108478;2.850000;0.000000
297.316661;3.907616;10.736246;-2.271169;0.118411;2.850000;0.000000
297.516605;3.780383;10.581624;-2.246485;0.128099;2.850000;0.000000
297.716549;3.656956;10.423528;-2.219923;0.137076;2.850000;0.000000
297.916493;3.537751;10.261879;-2.191734;0.143872;2.850000;0.000000
298.116437;3.423154;10.096681;-2.162052;0.151404;2.850000;0.000000
298.316380;3.313645;9.928078;-2.130782;0.159682;2.850000;0.000000
298.516324;3.209704;9.756213;-2.097805;0.168703;2.850000;0.000000
298.716268;3.111812;9.581230;-2.063001;0.178452;2.850000;0.000000
298.916212;3.020449;9.403272;-2.026258;0.188889;2.850000;0.000000
299.116156;2.936095;9.222482;-1.987468;0.199944;2.850000;0.000000
299.316100;2.859230;9.039005;-1.946536;0.211509;2.850000;0.000000
299.516044;2.790334;8.852983;-1.903371;0.223430;2.850000;0.000000
299.715988;2.729847;8.664422;-1.858476;0.232027;2.850000;0.000000
299.915932;2.677783;8.472600;-1.814493;0.214763;2.850000;0.000000
300.115876;2.633955;8.278754;-1.773594;0.196657;2.850000;0.000000
300.315820;2.597699;8.083130;-1.736298;0.178172;2.850000;0.000000
300.515764;2.568350;7.885976;-1.702624;0.159662;2.850000;0.000000
300.715708;2.545245;7.687539;-1.672553;0.141371;2.850000;0.000000
300.915652;2.527720;7.488067;-1.646041;0.123451;2.850000;0.000000
301.115596;2.515110;7.287807;-1.623026;0.105967;2.850000;0.000000
301.315540;2.506753;7.087007;-1.603445;0.088920;2.850000;0.000000
301.515484;2.501984;6.885913;-1.587241;0.072259;2.850000;0.000000
301.715428;2.500140;6.684921;-1.574195;0.057063;2.850000;0.000000
301.915372;2.500621;6.484753;-1.563644;0.047493;2.850000;0.000000
302.115316;2.503003;6.284714;-1.555106;0.037861;2.850000;0.000000
302.315260;2.506897;6.084780;-1.548501;0.028190;2.850000;0.000000
302.515204;2.511917;5.884925;-1.543835;0.018493;2.850000;0.000000
302.715147;2.517675;5.685125;-1.541109;0.008781;2.850000;0.000000
302.915091;2.523783;5.485356;-1.540325;-0.000938;2.850000;0.000000
303.115035;2.529853;5.285592;-1.541484;-0.010658;2.850000;0.000000
303.314979;2.535498;5.085810;-1.544585;-0.020374;2.850000;0.000000
303.514923;2.540330;4.885984;-1.549625;-0.030077;2.850000;0.000000
303.714867;2.543961;4.686120;-1.556143;-0.036681;2.850000;0.000000
303.914811;2.546187;4.486301;-1.562623;-0.029660;2.850000;0.000000
304.114755;2.547228;4.286413;-1.567851;-0.022655;2.850000;0.000000
304.314699;2.547364;4.086472;-1.571682;-0.015664;2.850000;0.000000
304.514643;2.546874;3.886493;-1.574116;-0.008683;2.850000;0.000000
304.714587;2.546036;3.686491;-1.575156;-0.001710;2.850000;0.000000
304.914531;2.545130;3.486483;-1.574801;0.005261;2.850000;0.000000
305.114475;2.544435;3.286484;-1.573051;0.012236;2.850000;0.000000
305.314419;2.544228;3.086509;-1.569906;0.019220;2.850000;0.000000
305.514363;2.544791;2.886575;-1.565365;0.026215;2.850000;0.000000
305.714307;2.546400;2.686660;-1.559734;0.031114;2.850000;0.000000
305.914251;2.549215;2.486651;-1.554042;0.026839;2.850000;0.000000
306.114195;2.553102;2.286700;-1.549103;0.022554;2.850000;0.000000
306.314139;2.557891;2.086798;-1.545022;0.018262;2.850000;0.000000
306.514083;2.563408;1.886935;-1.541800;0.013965;2.850000;0.000000
306.714027;2.569483;1.687102;-1.539438;0.009666;2.850000;0.000000
306.913971;2.575945;1.487290;-1.537935;0.005364;2.850000;0.000000
307.113915;2.582620;1.287489;-1.537293;0.001062;2.850000;0.000000
307.313858;2.589337;1.087691;-1.537511;-0.003241;2.850000;0.000000
307.513802;2.595926;0.887887;-1.538588;-0.007543;2.850000;0.000000
307.713746;2.602213;0.688068;-1.540365;-0.010720;2.850000;0.000000
307.913690;2.608092;0.488239;-1.542326;-0.009388;2.850000;0.000000
308.113634;2.613595;0.288389;-1.544070;-0.008056;2.850000;0.000000
308.313578;2.618777;0.088522;-1.545548;-0.006725;2.850000;0.000000
308.513522;2.623690;-0.111360;-1.546759;-0.005395;2.850000;0.000000
308.713466;2.628388;-0.311253;-1.547705;-0.004064;2.850000;0.000000
308.913410;2.632924;-0.511154;-1.548385;-0.002734;2.850000;0.000000
309.113354;2.637350;-0.711062;-1.548799;-0.001405;2.850000;0.000000
309.313298;2.641720;-0.910972;-1.548947;-0.000075;2.850000;0.000000
309.513242;2.646087;-1.110883;-1.548829;0.001254;2.850000;0.000000
309.713186;2.650505;-1.310792;-1.548475;0.002370;2.850000;0.000000
309.913130;2.655013;-1.510702;-1.547977;0.002688;2.850000;0.000000
310.113074;2.659630;-1.710606;-1.547408;0.003006;2.850000;0.000000
310.313018;2.664366;-1.910504;-1.546775;0.003323;2.850000;0.000000
310.512962;2.669235;-2.110394;-1.546079;0.003641;2.850000;0.000000
310.712906;2.674249;-2.310277;-1.545319;0.003959;2.850000;0.000000
310.912850;2.679421;-2.510152;-1.544496;0.004277;2.850000;0.000000
311.112794;2.684765;-2.710018;-1.543609;0.004595;2.850000;0.000000
311.312738;2.690292;-2.909874;-1.542659;0.004913;2.850000;0.000000
311.512682;2.696014;-3.109720;-1.541645;0.005231;2.850000;0.000000
311.712625;2.701946;-3.309553;-1.540679;0.004730;2.850000;0.000000
311.912569;2.708055;-3.509368;-1.540096;0.001385;2.850000;0.000000
312.112513;2.714219;-3.709180;-1.540153;-0.001960;2.850000;0.000000
312.312457;2.720304;-3.908997;-1.540880;-0.005304;2.850000;0.000000
312.512401;2.726178;-4.108824;-1.542274;-0.008648;2.850000;0.000000
312.712345;2.731707;-4.308670;-1.544337;-0.011991;2.850000;0.000000
312.912289;2.736757;-4.508540;-1.547069;-0.015332;2.850000;0.000000
313.112233;2.741194;-4.708442;-1.550468;-0.018669;2.850000;0.000000
313.312177;2.744886;-4.908383;-1.554535;-0.022002;2.850000;0.000000
313.512121;2.747698;-5.108370;-1.559266;-0.025329;2.850000;0.000000
313.712065;2.749498;-5.308365;-1.564365;-0.026403;2.850000;0.000000
313.912009;2.750270;-5.508271;-1.568952;-0.020188;2.850000;0.000000
314.111953;2.750236;-5.708218;-1.572368;-0.013983;2.850000;0.000000
314.311897;2.749642;-5.908195;-1.574545;-0.007786;2.850000;0.000000
314.511841;2.748736;-6.108187;-1.575483;-0.001594;2.850000;0.000000
314.711785;2.747767;-6.308183;-1.575183;0.004597;2.850000;0.000000
314.911729;2.746982;-6.508169;-1.573644;0.010791;2.850000;0.000000
315.111673;2.746628;-6.708133;-1.570866;0.016991;2.850000;0.000000
315.311617;2.746954;-6.908062;-1.566849;0.023201;2.850000;0.000000
315.511561;2.748207;-7.107942;-1.561592;0.029421;2.850000;0.000000
315.711505;2.750633;-7.307808;-1.555498;0.032535;2.850000;0.000000
315.911449;2.754324;-7.507755;-1.549779;0.025650;2.850000;0.000000
316.111392;2.759038;-7.707648;-1.545340;0.018753;2.850000;0.000000
316.311336;2.764502;-7.907503;-1.542280;0.011849;2.850000;0.000000
316.511280;2.770439;-8.107334;-1.540602;0.004942;2.850000;0.000000
316.711224;2.776573;-8.307154;-1.540304;-0.001967;2.850000;0.000000
316.911168;2.782629;-8.506978;-1.541388;-0.008875;2.850000;0.000000
317.111112;2.788330;-8.706820;-1.543853;-0.015781;2.850000;0.000000
317.311056;2.793401;-8.906696;-1.547698;-0.022681;2.850000;0.000000
317.511000;2.797566;-9.106618;-1.552919;-0.029572;2.850000;0.000000
317.710944;2.800550;-9.306553;-1.559086;-0.033108;2.850000;0.000000
317.910888;2.802248;-9.506408;-1.564963;-0.026616;2.850000;0.000000
318.110832;2.802882;-9.706318;-1.569636;-0.020136;2.850000;0.000000
318.310776;2.802712;-9.906269;-1.573015;-0.013667;2.850000;0.000000
318.510720;2.801995;-10.106250;-1.575102;-0.007206;2.850000;0.000000
318.710664;2.800990;-10.306245;-1.575898;-0.000750;2.850000;0.000000
318.910608;2.799954;-10.506242;-1.575402;0.005706;2.850000;0.000000
319.110552;2.799147;-10.706227;-1.573615;0.012165;2.850000;0.000000
319.310496;2.798827;-10.906186;-1.570536;0.018632;2.850000;0.000000
319.510440;2.799251;-11.106107;-1.566166;0.025109;2.850000;0.000000
319.710384;2.800678;-11.306025;-1.560837;0.028944;2.850000;0.000000
319.910328;2.803234;-11.506029;-1.555528;0.024899;2.850000;0.000000
320.110272;2.806786;-11.705982;-1.550954;0.020846;2.850000;0.000000
320.310216;2.811170;-11.905891;-1.547191;0.016787;2.850000;0.000000
320.510159;2.816224;-12.105765;-1.544241;0.012724;2.850000;0.000000
320.710103;2.821787;-12.305613;-1.542104;0.008658;2.850000;0.000000
320.910047;2.827695;-12.505443;-1.540779;0.004590;2.850000;0.000000
321.109991;2.833787;-12.705263;-1.540268;0.000522;2.850000;0.000000
321.309935;2.839899;-12.905083;-1.540571;-0.003547;2.850000;0.000000
321.509879;2.845870;-13.104910;-1.541684;-0.007614;2.850000;0.000000
321.709823;2.851538;-13.304753;-1.543404;-0.010022;2.850000;0.000000
321.909767;2.856822;-13.504618;-1.545144;-0.007805;2.850000;0.000000
322.109711;2.861794;-13.704499;-1.546483;-0.005588;2.850000;0.000000
322.309655;2.866544;-13.904392;-1.547379;-0.003372;2.850000;0.000000
322.509599;2.871158;-14.104292;-1.547832;-0.001157;2.850000;0.000000
322.709543;2.875727;-14.304194;-1.547841;0.001059;2.850000;0.000000
322.909487;2.880337;-14.504094;-1.547408;0.003274;2.850000;0.000000
323.109431;2.885079;-14.703987;-1.546532;0.005490;2.850000;0.000000
323.309375;2.890040;-14.903868;-1.545213;0.007707;2.850000;0.000000
323.509319;2.895308;-15.103732;-1.543452;0.009924;2.850000;0.000000
323.709263;2.900972;-15.303578;-1.541461;0.010411;2.850000;0.000000
323.909207;2.907036;-15.503409;-1.539825;0.006357;2.850000;0.000000
324.109151;2.913354;-15.703226;-1.538959;0.002301;2.850000;0.000000
324.309095;2.919763;-15.903039;-1.538904;-0.001754;2.850000;0.000000
324.509039;2.926103;-16.102856;-1.539661;-0.005810;2.850000;0.000000
324.708983;2.932211;-16.302685;-1.541228;-0.009865;2.850000;0.000000
324.908926;2.937924;-16.502535;-1.543605;-0.013917;2.850000;0.000000
325.108870;2.943083;-16.702415;-1.546793;-0.017967;2.850000;0.000000
325.308814;2.947523;-16.902333;-1.550790;-0.022012;2.850000;0.000000
325.508758;2.951084;-17.102299;-1.555592;-0.026051;2.850000;0.000000
325.708702;2.953604;-17.302262;-1.560869;-0.027349;2.850000;0.000000
325.908646;2.955053;-17.502141;-1.565738;-0.021911;2.850000;0.000000
326.108590;2.955627;-17.702065;-1.569575;-0.016482;2.850000;0.000000
326.308534;2.955541;-17.902024;-1.572329;-0.011060;2.850000;0.000000
326.508478;2.955014;-18.102005;-1.573999;-0.005645;2.850000;0.000000
326.708422;2.954260;-18.301996;-1.574587;-0.000232;2.850000;0.000000
326.908366;2.953498;-18.501986;-1.574092;0.005181;2.850000;0.000000
327.108310;2.952942;-18.701961;-1.572515;0.010597;2.850000;0.000000
327.308254;2.952810;-18.901911;-1.569854;0.016019;2.850000;0.000000
327.508198;2.953319;-19.101822;-1.566112;0.021449;2.850000;0.000000
327.708142;2.954684;-19.301735;-1.561577;0.024440;2.850000;0.000000
327.908086;2.957006;-19.501716;-1.557039;0.021457;2.850000;0.000000
328.108030;2.960186;-19.701651;-1.553047;0.018468;2.850000;0.000000
328.307974;2.964103;-19.901549;-1.549654;0.015473;2.850000;0.000000
328.507918;2.968639;-20.101418;-1.546860;0.012475;2.850000;0.000000
328.707862;2.973673;-20.301269;-1.544666;0.009474;2.850000;0.000000
328.907806;2.979085;-20.501111;-1.543072;0.006473;2.850000;0.000000
329.107750;2.984757;-20.700952;-1.542078;0.003471;2.850000;0.000000
329.307693;2.990567;-20.900802;-1.541684;0.000469;2.850000;0.000000
329.507637;2.996396;-21.100671;-1.541889;-0.002531;2.850000;0.000000
329.707581;3.002125;-21.300542;-1.542572;-0.004506;2.850000;0.000000
329.907525;3.007681;-21.500386;-1.543415;-0.004117;2.850000;0.000000
330.107469;3.013073;-21.700256;-1.544199;-0.003729;2.850000;0.000000
330.307413;3.018316;-21.900144;-1.544906;-0.003341;2.850000;0.000000
330.507357;3.023426;-22.100045;-1.545535;-0.002954;2.850000;0.000000
330.707301;3.028418;-22.299952;-1.546087;-0.002567;2.850000;0.000000
330.907245;3.033307;-22.499859;-1.546562;-0.002181;2.850000;0.000000
331.107189;3.038109;-22.699758;-1.546959;-0.001794;2.850000;0.000000
331.307133;3.042838;-22.899643;-1.547280;-0.001408;2.850000;0.000000
331.507077;3.047511;-23.099508;-1.547522;-0.001022;2.850000;0.000000
331.707021;3.052144;-23.299375;-1.547683;-0.000593;2.850000;0.000000
331.906965;3.056753;-23.499281;-1.547748;-0.000070;2.850000;0.000000
332.106909;3.061359;-23.699164;-1.547710;0.000454;2.850000;0.000000
332.306853;3.065984;-23.899032;-1.547567;0.000977;2.850000;0.000000
332.506797;3.070647;-24.098891;-1.547319;0.001501;2.850000;0.000000
332.706741;3.075369;-24.298748;-1.546967;0.002025;2.850000;0.000000
332.906685;3.080173;-24.498610;-1.546510;0.002548;2.850000;0.000000
333.106629;3.085080;-24.698484;-1.545948;0.003070;2.850000;0.000000
333.306573;3.090109;-24.898376;-1.545282;0.003592;2.850000;0.000000
333.506517;3.095283;-25.098294;-1.544513;0.004113;2.850000;0.000000
333.706460;3.100620;-25.298207;-1.543710;0.004024;2.850000;0.000000
333.906404;3.106114;-25.498074;-1.543053;0.002650;2.850000;0.000000
334.106348;3.111714;-25.697965;-1.542660;0.001278;2.850000;0.000000
334.306292;3.117366;-25.897872;-1.542541;-0.000093;2.850000;0.000000
334.506236;3.123014;-26.097786;-1.542697;-0.001464;2.850000;0.000000
334.706180;3.128603;-26.297698;-1.543127;-0.002836;2.850000;0.000000
334.906124;3.134079;-26.497597;-1.543831;-0.004208;2.850000;0.000000
335.106068;3.139386;-26.697476;-1.544810;-0.005583;2.850000;0.000000
335.306012;3.144469;-26.897325;-1.546064;-0.006959;2.850000;0.000000
335.505956;3.149273;-27.097134;-1.547590;-0.008339;2.850000;0.000000
335.705900;3.153744;-27.296914;-1.549230;-0.008319;2.850000;0.000000
335.905844;3.157891;-27.496685;-1.550580;-0.005409;2.850000;0.000000
336.105788;3.161821;-27.696431;-1.551370;-0.002494;2.850000;0.000000
336.305732;3.165652;-27.896171;-1.551577;0.000423;2.850000;0.000000
336.505676;3.169501;-28.095929;-1.551201;0.003338;2.850000;0.000000
336.705620;3.173483;-28.295724;-1.550243;0.006249;2.850000;0.000000
336.905564;3.177716;-28.495579;-1.548703;0.009152;2.850000;0.000000
337.105508;3.182317;-28.695514;-1.546584;0.012044;2.850000;0.000000
337.305452;3.187402;-28.895552;-1.543886;0.014922;2.850000;0.000000
337.505396;3.193089;-29.095714;-1.540623;0.017782;2.850000;0.000000
337.705340;3.199486;-29.295917;-1.537455;0.014807;2.850000;0.000000
337.905284;3.206442;-29.496053;-1.536019;0.000376;2.850000;0.000000
338.105227;3.213415;-29.696270;-1.537386;-0.014025;2.850000;0.000000
338.305171;3.219826;-29.896507;-1.541640;-0.028447;2.850000;0.000000
338.505115;3.225094;-30.096707;-1.548787;-0.042934;2.850000;0.000000
338.705059;3.228638;-30.296810;-1.558838;-0.057521;2.850000;0.000000
338.905003;3.229878;-30.496758;-1.571808;-0.072226;2.850000;0.000000
339.104947;3.228233;-30.696492;-1.587714;-0.087047;2.850000;0.000000
339.304891;3.223124;-30.895952;-1.606570;-0.101952;2.850000;0.000000
339.504835;3.213969;-31.095081;-1.628380;-0.116877;2.850000;0.000000
339.704779;3.200179;-31.293982;-1.652393;-0.124997;2.850000;0.000000
339.904723;3.181446;-31.492773;-1.676666;-0.119339;2.850000;0.000000
340.104667;3.157980;-31.691079;-1.699929;-0.113631;2.850000;0.000000
340.304611;3.130012;-31.888861;-1.722058;-0.107912;2.850000;0.000000
340.504555;3.097772;-32.086081;-1.743054;-0.102214;2.850000;0.000000
340.704499;3.061491;-32.282698;-1.762926;-0.096561;2.850000;0.000000
340.904443;3.021401;-32.478674;-1.781683;-0.090973;2.850000;0.000000
341.104387;2.977732;-32.673970;-1.799337;-0.085463;2.850000;0.000000
341.304331;2.930715;-32.868546;-1.815902;-0.080040;2.850000;0.000000
341.504275;2.880581;-33.062364;-1.831389;-0.074709;2.850000;0.000000
341.704219;2.827583;-33.255304;-1.845822;-0.069564;2.850000;0.000000
341.904163;2.771963;-33.447294;-1.859238;-0.064598;2.850000;0.000000
342.104107;2.713873;-33.638531;-1.871651;-0.059606;2.850000;0.000000
342.304051;2.653509;-33.829067;-1.883064;-0.054598;2.850000;0.000000
342.503994;2.591062;-34.018953;-1.893477;-0.049585;2.850000;0.000000
342.703938;2.526725;-34.208241;-1.902889;-0.044574;2.850000;0.000000
342.903882;2.460693;-34.396981;-1.911302;-0.039569;2.850000;0.000000
343.103826;2.393158;-34.585224;-1.918716;-0.034574;2.850000;0.000000
343.303770;2.324313;-34.773022;-1.925133;-0.029590;2.850000;0.000000
343.503714;2.254351;-34.960427;-1.930563;-0.024616;2.850000;0.000000
343.703658;2.183441;-35.147546;-1.935429;-0.023449;2.850000;0.000000
343.903602;2.111600;-35.334415;-1.940746;-0.029208;2.850000;0.000000
344.103546;2.038681;-35.520825;-1.947171;-0.034986;2.850000;0.000000
344.303490;1.964480;-35.706667;-1.954752;-0.040785;2.850000;0.000000
344.503434;1.888792;-35.891831;-1.963492;-0.046606;2.850000;0.000000
344.703378;1.811413;-36.076208;-1.973395;-0.052449;2.850000;0.000000
344.903322;1.732137;-36.259688;-1.984464;-0.058307;2.850000;0.000000
345.103266;1.650760;-36.442161;-1.996700;-0.064174;2.850000;0.000000
345.303210;1.567077;-36.623518;-2.010104;-0.070038;2.850000;0.000000
345.503154;1.480884;-36.803649;-2.024662;-0.075884;2.850000;0.000000
345.703098;1.392012;-36.982381;-2.039933;-0.077679;2.850000;0.000000
345.903042;1.300440;-37.159638;-2.054885;-0.072603;2.850000;0.000000
346.102986;1.206279;-37.335608;-2.068867;-0.067505;2.850000;0.000000
346.302930;1.109709;-37.510375;-2.081837;-0.062399;2.850000;0.000000
346.502874;1.010914;-37.684022;-2.093794;-0.057298;2.850000;0.000000
346.702818;0.910074;-37.856634;-2.104740;-0.052212;2.850000;0.000000
346.902761;0.807372;-38.028294;-2.114677;-0.047145;2.850000;0.000000
347.102705;0.702988;-38.199085;-2.123609;-0.042103;2.850000;0.000000
347.302649;0.597105;-38.369092;-2.131539;-0.037087;2.850000;0.000000
347.502593;0.489905;-38.538398;-2.138486;-0.032098;2.850000;0.000000
347.702537;0.381540;-38.707121;-2.145103;-0.033110;2.850000;0.000000
347.902481;0.271972;-38.875202;-2.152913;-0.044111;2.850000;0.000000
348.102425;0.160947;-39.042267;-2.162872;-0.055202;2.850000;0.000000
348.302369;0.048150;-39.207990;-2.175061;-0.066412;2.850000;0.000000
348.502313;-0.066735;-39.372042;-2.189497;-0.077758;2.850000;0.000000
348.702257;-0.184023;-39.534098;-2.206201;-0.089243;2.850000;0.000000
348.902201;-0.304028;-39.693829;-2.225190;-0.100853;2.850000;0.000000
349.102145;-0.427067;-39.850908;-2.246481;-0.112550;2.850000;0.000000
349.302089;-0.553454;-40.005009;-2.270082;-0.124273;2.850000;0.000000
349.502033;-0.683505;-40.155804;-2.295972;-0.135936;2.850000;0.000000
349.701977;-0.817528;-40.302971;-2.323212;-0.138785;2.850000;0.000000
349.901921;-0.955567;-40.446431;-2.349662;-0.127743;2.850000;0.000000
350.101865;-1.097312;-40.586434;-2.374005;-0.116602;2.850000;0.000000
350.301809;-1.242428;-40.723251;-2.396150;-0.105454;2.850000;0.000000
350.501753;-1.390578;-40.857153;-2.416102;-0.094367;2.850000;0.000000
350.701697;-1.541426;-40.988412;-2.433873;-0.083386;2.850000;0.000000
350.901641;-1.694637;-41.117298;-2.449481;-0.072534;2.850000;0.000000
351.101585;-1.849875;-41.244083;-2.462944;-0.061818;2.850000;0.000000
351.301529;-2.006804;-41.369038;-2.474282;-0.051230;2.850000;0.000000
351.501472;-2.165088;-41.492434;-2.483528;-0.040750;2.850000;0.000000
351.701416;-2.324320;-41.614481;-2.491423;-0.037161;2.850000;0.000000
351.901360;-2.484321;-41.735203;-2.499612;-0.043912;2.850000;0.000000
352.101304;-2.645309;-41.854460;-2.509090;-0.050710;2.850000;0.000000
352.301248;-2.807406;-41.972009;-2.519929;-0.057558;2.850000;0.000000
352.501192;-2.970737;-42.087605;-2.532136;-0.064454;2.850000;0.000000
352.701136;-3.135423;-42.201001;-2.545718;-0.071395;2.850000;0.000000
352.901080;-3.301589;-42.311954;-2.560680;-0.078368;2.850000;0.000000
353.101024;-3.469355;-42.420219;-2.577025;-0.085356;2.850000;0.000000
353.300968;-3.638847;-42.525550;-2.594756;-0.092336;2.850000;0.000000
353.500912;-3.810185;-42.627703;-2.613851;-0.099276;2.850000;0.000000
353.700856;-3.983500;-42.726444;-2.633560;-0.099134;2.850000;0.000000
353.900800;-4.158773;-42.821789;-2.652197;-0.088316;2.850000;0.000000
354.100744;-4.335784;-42.914075;-2.668746;-0.077479;2.850000;0.000000
354.300688;-4.514314;-43.003667;-2.683142;-0.066663;2.850000;0.000000
354.500632;-4.694144;-43.090933;-2.695390;-0.055894;2.850000;0.000000
354.700576;-4.875053;-43.176237;-2.705498;-0.045183;2.850000;0.000000
354.900520;-5.056823;-43.259948;-2.713474;-0.034528;2.850000;0.000000
355.100464;-5.239234;-43.342430;-2.719324;-0.023921;2.850000;0.000000
355.300408;-5.422067;-43.424051;-2.723054;-0.013343;2.850000;0.000000
355.500352;-5.605102;-43.505176;-2.724679;-0.002775;2.850000;0.000000
355.700296;-5.788150;-43.586180;-2.724655;0.003517;2.850000;0.000000
355.900239;-5.971105;-43.667280;-2.724008;0.003346;2.850000;0.000000
356.100183;-6.153932;-43.748470;-2.723356;0.003173;2.850000;0.000000
356.300127;-6.336648;-43.829749;-2.722738;0.002999;2.850000;0.000000
356.500071;-6.519268;-43.911117;-2.722156;0.002824;2.850000;0.000000
356.700015;-6.701808;-43.992572;-2.721609;0.002648;2.850000;0.000000
356.899959;-6.884282;-44.074115;-2.721098;0.002471;2.850000;0.000000
357.099903;-7.066708;-44.155744;-2.720622;0.002293;2.850000;0.000000
357.299847;-7.249100;-44.237458;-2.720181;0.002115;2.850000;0.000000
357.499791;-7.431475;-44.319256;-2.719777;0.001936;2.850000;0.000000
357.699735;-7.613844;-44.401137;-2.719447;0.001411;2.850000;0.000000
357.899679;-7.796220;-44.483081;-2.719272;0.000372;2.850000;0.000000
358.099623;-7.978614;-44.565050;-2.719301;-0.000665;2.850000;0.000000
358.299567;-8.161034;-44.647001;-2.719538;-0.001702;2.850000;0.000000
358.499511;-8.343488;-44.728893;-2.719982;-0.002740;2.850000;0.000000
358.699455;-8.525984;-44.810683;-2.720633;-0.003778;2.850000;0.000000
358.899399;-8.708529;-44.892330;-2.721493;-0.004817;2.850000;0.000000
359.099343;-8.891131;-44.973791;-2.722560;-0.005858;2.850000;0.000000
359.299287;-9.073798;-45.055026;-2.723835;-0.006900;2.850000;0.000000
359.499231;-9.256538;-45.135990;-2.725313;-0.007945;2.850000;0.000000
359.699175;-9.439366;-45.216649;-2.726779;-0.006951;2.850000;0.000000
359.899119;-9.622270;-45.297047;-2.727754;-0.002983;2.850000;0.000000
360.099063;-9.805201;-45.377325;-2.727953;0.000988;2.850000;0.000000
360.299006;-9.988114;-45.457639;-2.727359;0.004960;2.850000;0.000000
360.498950;-10.170967;-45.538143;-2.725972;0.008926;2.850000;0.000000
360.698894;-10.353718;-45.618992;-2.723792;0.012884;2.850000;0.000000
360.898838;-10.536323;-45.700339;-2.720822;0.016829;2.850000;0.000000
361.098782;-10.718741;-45.782339;-2.717063;0.020756;2.850000;0.000000
361.298726;-10.900929;-45.865146;-2.712519;0.024659;2.850000;0.000000
361.498670;-11.082844;-45.948916;-2.707218;0.028533;2.850000;0.000000
361.698614;-11.264400;-46.033770;-2.702098;0.023539;2.850000;0.000000
361.898558;-11.445644;-46.119491;-2.699205;0.006046;2.850000;0.000000
362.098502;-11.626844;-46.205460;-2.699742;-0.011406;2.850000;0.000000
362.298446;-11.808209;-46.291000;-2.703782;-0.028895;2.850000;0.000000
362.498390;-11.989950;-46.375433;-2.711334;-0.046494;2.850000;0.000000
362.698334;-12.172275;-46.458082;-2.722418;-0.064258;2.850000;0.000000
362.898278;-12.355395;-46.538269;-2.737057;-0.082220;2.850000;0.000000
363.098222;-12.539518;-46.615317;-2.755278;-0.100376;2.850000;0.000000
363.298166;-12.724855;-46.688548;-2.777105;-0.118674;2.850000;0.000000
363.498110;-12.911614;-46.757285;-2.802548;-0.137004;2.850000;0.000000
363.698054;-13.100303;-46.820955;-2.830781;-0.147242;2.850000;0.000000
363.897998;-13.291124;-46.879192;-2.859941;-0.146019;2.850000;0.000000
364.097942;-13.483543;-46.931842;-2.888949;-0.144752;2.850000;0.000000
364.297886;-13.677437;-46.978923;-2.917706;-0.143452;2.850000;0.000000
364.497830;-13.872687;-47.020452;-2.946213;-0.142130;2.850000;0.000000
364.697773;-14.069169;-47.056449;-2.974475;-0.140800;2.850000;0.000000
364.897717;-14.266763;-47.086930;-3.002496;-0.139469;2.850000;0.000000
365.097661;-14.465347;-47.111914;-3.030282;-0.138148;2.850000;0.000000
365.297605;-14.664800;-47.131419;-3.057840;-0.136845;2.850000;0.000000
365.497549;-14.864999;-47.145464;-3.085162;-0.135568;2.850000;0.000000
365.697493;-15.065392;-47.154049;-3.112637;-0.138098;2.850000;0.000000
365.897437;-15.265668;-47.157069;-3.141112;-0.145645;2.850000;0.000000
366.097381;-15.466043;-47.154242;3.112078;-0.153713;2.850000;0.000000
366.297325;-15.666204;-47.145244;3.080420;-0.162280;2.850000;0.000000
366.497269;-15.865837;-47.129755;3.047020;-0.171310;2.850000;0.000000
366.697213;-16.064629;-47.107452;3.011804;-0.180742;2.850000;0.000000
366.897157;-16.262267;-47.078012;2.974709;-0.190489;2.850000;0.000000
367.097101;-16.458438;-47.041114;2.935684;-0.200432;2.850000;0.000000
367.297045;-16.652828;-46.996436;2.894699;-0.210417;2.850000;0.000000
367.496989;-16.845123;-46.943655;2.851750;-0.220251;2.850000;0.000000
367.696933;-17.035101;-46.882426;2.807386;-0.224605;2.850000;0.000000
367.896877;-17.222428;-46.812644;2.762709;-0.222774;2.850000;0.000000
368.096821;-17.406591;-46.734529;2.718252;-0.221612;2.850000;0.000000
368.296765;-17.587189;-46.648287;2.673939;-0.221129;2.850000;0.000000
368.496709;-17.763823;-46.554121;2.629648;-0.221328;2.850000;0.000000
368.696653;-17.936092;-46.452234;2.585254;-0.222207;2.850000;0.000000
368.896597;-18.103596;-46.342829;2.540633;-0.223755;2.850000;0.000000
369.096540;-18.265937;-46.226110;2.495665;-0.225954;2.850000;0.000000
369.296484;-18.422712;-46.102280;2.450231;-0.228777;2.850000;0.000000
369.496428;-18.573523;-45.971543;2.404270;-0.232187;2.850000;0.000000
369.696372;-18.717833;-45.834254;2.358594;-0.227198;2.850000;0.000000
369.896316;-18.855575;-45.690841;2.315093;-0.210435;2.850000;0.000000
370.096260;-18.987302;-45.541670;2.274910;-0.193281;2.850000;0.000000
370.296204;-19.113389;-45.387297;2.238091;-0.176097;2.850000;0.000000
370.496148;-19.234212;-45.228277;2.204612;-0.159142;2.850000;0.000000
370.696092;-19.350146;-45.065168;2.174423;-0.142584;2.850000;0.000000
370.896036;-19.461568;-44.898524;2.147453;-0.126510;2.850000;0.000000
371.095980;-19.568854;-44.728902;2.123626;-0.110942;2.850000;0.000000
371.295924;-19.672378;-44.556857;2.102868;-0.095850;2.850000;0.000000
371.495868;-19.772519;-44.382946;2.085083;-0.081160;2.850000;0.000000
371.695812;-19.869805;-44.207430;2.069772;-0.070954;2.850000;0.000000
371.895756;-19.964580;-44.030522;2.055954;-0.066562;2.850000;0.000000
372.095700;-20.056819;-43.852687;2.043072;-0.062029;2.850000;0.000000
372.295644;-20.146717;-43.673973;2.031127;-0.057376;2.850000;0.000000
372.495588;-20.234467;-43.494426;2.020134;-0.052626;2.850000;0.000000
372.695532;-20.320264;-43.314095;2.010106;-0.047797;2.850000;0.000000
372.895476;-20.404302;-43.133027;2.001052;-0.042907;2.850000;0.000000
373.095420;-20.486776;-42.951269;1.992981;-0.037972;2.850000;0.000000
373.295364;-20.567880;-42.768868;1.985896;-0.033006;2.850000;0.000000
373.495307;-20.647809;-42.585873;1.979801;-0.028020;2.850000;0.000000
373.695251;-20.726712;-42.402432;1.974589;-0.024072;2.850000;0.000000
373.895195;-20.804721;-42.218630;1.970031;-0.021502;2.850000;0.000000
374.095139;-20.881985;-42.034391;1.965990;-0.018947;2.850000;0.000000
374.295083;-20.958587;-41.849772;1.962457;-0.016404;2.850000;0.000000
374.495027;-21.034613;-41.664829;1.959430;-0.013873;2.850000;0.000000
374.694971;-21.110149;-41.479620;1.956908;-0.011351;2.850000;0.000000
374.894915;-21.185279;-41.294202;1.954888;-0.008836;2.850000;0.000000
375.094859;-21.260089;-41.108631;1.953372;-0.006326;2.850000;0.000000
375.294803;-21.334665;-40.922966;1.952357;-0.003818;2.850000;0.000000
375.494747;-21.409091;-40.737264;1.951842;-0.001311;2.850000;0.000000
375.694691;-21.483466;-40.551543;1.951752;0.000483;2.850000;0.000000
375.894635;-21.557858;-40.365828;1.951931;0.001356;2.850000;0.000000
376.094579;-21.632284;-40.180175;1.952289;0.002229;2.850000;0.000000
376.294523;-21.706778;-39.994592;1.952822;0.003103;2.850000;0.000000
376.494467;-21.781375;-39.809084;1.953530;0.003977;2.850000;0.000000
376.694411;-21.856110;-39.623660;1.954413;0.004851;2.850000;0.000000
376.894355;-21.931017;-39.438327;1.955470;0.005725;2.850000;0.000000
377.094299;-22.006132;-39.253091;1.956701;0.006599;2.850000;0.000000
377.294243;-22.081488;-39.067960;1.958107;0.007471;2.850000;0.000000
377.494187;-22.157121;-38.882941;1.959683;0.008343;2.850000;0.000000
377.694131;-22.233062;-38.698046;1.961276;0.007739;2.850000;0.000000
377.894074;-22.309287;-38.513262;1.962569;0.005292;2.850000;0.000000
378.094018;-22.385712;-38.328547;1.963382;0.002844;2.850000;0.000000
378.293962;-22.462248;-38.143864;1.963706;0.000398;2.850000;0.000000
378.493906;-22.538803;-37.959174;1.963541;-0.002048;2.850000;0.000000
378.693850;-22.615288;-37.774440;1.962887;-0.004492;2.850000;0.000000
378.893794;-22.691612;-37.589625;1.961745;-0.006936;2.850000;0.000000
379.093738;-22.767686;-37.404691;1.960114;-0.009379;2.850000;0.000000
379.293682;-22.843418;-37.219600;1.957994;-0.011821;2.850000;0.000000
379.493626;-22.918719;-37.034314;1.955394;-0.014261;2.850000;0.000000
379.693570;-22.993493;-36.848819;1.952570;-0.014221;2.850000;0.000000
379.893514;-23.067740;-36.663124;1.950045;-0.011171;2.850000;0.000000
380.093458;-23.141577;-36.477254;1.948116;-0.008124;2.850000;0.000000
380.293402;-23.215113;-36.291261;1.946796;-0.005078;2.850000;0.000000
380.493346;-23.288457;-36.105199;1.946085;-0.002033;2.850000;0.000000
380.693290;-23.361721;-35.919121;1.945983;0.001013;2.850000;0.000000
380.893234;-23.435013;-35.733080;1.946490;0.004061;2.850000;0.000000
381.093178;-23.508444;-35.547130;1.947607;0.007113;2.850000;0.000000
381.293122;-23.582125;-35.361323;1.949334;0.010168;2.850000;0.000000
381.493066;-23.656164;-35.175712;1.951665;0.013230;2.850000;0.000000
381.693010;-23.730719;-34.990226;1.954375;0.014088;2.850000;0.000000
381.892954;-23.805831;-34.804853;1.957001;0.012309;2.850000;0.000000
382.092898;-23.881382;-34.619707;1.959284;0.010526;2.850000;0.000000
382.292841;-23.957310;-34.434750;1.961210;0.008738;2.850000;0.000000
382.492785;-24.033552;-34.249946;1.962778;0.006948;2.850000;0.000000
382.692729;-24.110047;-34.065259;1.963988;0.005156;2.850000;0.000000
382.892673;-24.186732;-33.880651;1.964839;0.003363;2.850000;0.000000
383.092617;-24.263545;-33.696088;1.965332;0.001570;2.850000;0.000000
383.292561;-24.340422;-33.511531;1.965467;-0.000223;2.850000;0.000000
383.492505;-24.417302;-33.326945;1.965245;-0.002014;2.850000;0.000000
383.692449;-24.494085;-33.142383;1.964697;-0.003495;2.850000;0.000000
383.892393;-24.570714;-32.957830;1.963886;-0.004632;2.850000;0.000000
384.092337;-24.647187;-32.773171;1.962847;-0.005769;2.850000;0.000000
384.292281;-24.723459;-32.588393;1.961580;-0.006905;2.850000;0.000000
384.492225;-24.799488;-32.403483;1.960086;-0.008041;2.850000;0.000000
384.692169;-24.875229;-32.218426;1.958364;-0.009177;2.850000;0.000000
384.892113;-24.950639;-32.033210;1.956415;-0.010313;2.850000;0.000000
385.092057;-25.025674;-31.847819;1.954239;-0.011449;2.850000;0.000000
385.292001;-25.100291;-31.662242;1.951836;-0.012585;2.850000;0.000000
385.491945;-25.174446;-31.476463;1.949213;-0.013721;2.850000;0.000000
385.691889;-25.248086;-31.290502;1.946589;-0.012709;2.850000;0.000000
385.891833;-25.321248;-31.104382;1.944387;-0.009409;2.850000;0.000000
386.091777;-25.394061;-30.918119;1.942835;-0.006110;2.850000;0.000000
386.291721;-25.466646;-30.731767;1.941943;-0.002813;2.850000;0.000000
386.491665;-25.539124;-30.545382;1.941710;0.000485;2.850000;0.000000
386.691608;-25.611615;-30.359015;1.942137;0.003784;2.850000;0.000000
386.891552;-25.684240;-30.172721;1.943224;0.007085;2.850000;0.000000
387.091496;-25.757120;-29.986554;1.944971;0.010389;2.850000;0.000000
387.291440;-25.830375;-29.800567;1.947378;0.013697;2.850000;0.000000
387.491384;-25.904126;-29.614814;1.950437;0.017009;2.850000;0.000000
387.691328;-25.978520;-29.429272;1.953893;0.017789;2.850000;0.000000
387.891272;-26.053588;-29.243948;1.957252;0.015925;2.850000;0.000000
388.091216;-26.129236;-29.058887;1.960249;0.014056;2.850000;0.000000
388.291160;-26.205399;-28.874052;1.962872;0.012184;2.850000;0.000000
388.491104;-26.282010;-28.689408;1.965120;0.010310;2.850000;0.000000
388.691048;-26.359002;-28.504919;1.966994;0.008434;2.850000;0.000000
388.890992;-26.436310;-28.320550;1.968492;0.006558;2.850000;0.000000
389.090936;-26.513867;-28.136264;1.969616;0.004681;2.850000;0.000000
389.290880;-26.591607;-27.952026;1.970364;0.002805;2.850000;0.000000
389.490824;-26.669463;-27.767800;1.970737;0.000930;2.850000;0.000000
389.690768;-26.747333;-27.583637;1.970723;-0.001067;2.850000;0.000000
389.890712;-26.825144;-27.399505;1.970297;-0.003185;2.850000;0.000000
390.090656;-26.902849;-27.215295;1.969449;-0.005302;2.850000;0.000000
390.290600;-26.980368;-27.030981;1.968177;-0.007419;2.850000;0.000000
390.490544;-27.057620;-26.846538;1.966482;-0.009536;2.850000;0.000000
390.690488;-27.134522;-26.661942;1.964363;-0.011654;2.850000;0.000000
390.890432;-27.210994;-26.477168;1.961821;-0.013774;2.850000;0.000000
391.090376;-27.286953;-26.292190;1.958854;-0.015896;2.850000;0.000000
391.290319;-27.362319;-26.106985;1.955463;-0.018021;2.850000;0.000000
391.490263;-27.437011;-25.921526;1.951661;-0.020149;2.850000;0.000000
391.690207;-27.510968;-25.735751;1.947773;-0.019012;2.850000;0.000000
391.890151;-27.584230;-25.549677;1.944415;-0.014707;2.850000;0.000000
392.090095;-27.656939;-25.363404;1.941905;-0.010398;2.850000;0.000000
392.290039;-27.729257;-25.176991;1.940257;-0.006088;2.850000;0.000000
392.489983;-27.801344;-24.990499;1.939470;-0.001776;2.850000;0.000000
392.689927;-27.873362;-24.803988;1.939547;0.002537;2.850000;0.000000
392.889871;-27.945474;-24.617517;1.940485;0.006850;2.850000;0.000000
393.089815;-28.017840;-24.431147;1.942286;0.011163;2.850000;0.000000
393.289759;-28.090622;-24.244939;1.944948;0.015475;2.850000;0.000000
393.489703;-28.163982;-24.058952;1.948457;0.019785;2.850000;0.000000
393.689647;-28.238056;-23.873291;1.952457;0.020523;2.850000;0.000000
393.889591;-28.312874;-23.687962;1.956286;0.017922;2.850000;0.000000
394.089535;-28.388364;-23.502884;1.959608;0.015322;2.850000;0.000000
394.289479;-28.464427;-23.318019;1.962412;0.012724;2.850000;0.000000
394.489423;-28.540970;-23.133328;1.964696;0.010126;2.850000;0.000000
394.689367;-28.617894;-22.948772;1.966461;0.007530;2.850000;0.000000
394.889311;-28.695105;-22.764312;1.967707;0.004935;2.850000;0.000000
395.089255;-28.772505;-22.579910;1.968435;0.002342;2.850000;0.000000
395.289199;-28.850000;-22.395526;1.968644;-0.000249;2.850000;0.000000
395.489143;-28.927492;-22.211122;1.968341;-0.002840;2.850000;0.000000
395.689086;-29.004880;-22.026679;1.967664;-0.004045;2.850000;0.000000
395.889030;-29.082117;-21.842180;1.966867;-0.003977;2.850000;0.000000
396.088974;-29.159209;-21.657617;1.966078;-0.003908;2.850000;0.000000
396.288918;-29.236155;-21.472999;1.965303;-0.003841;2.850000;0.000000
396.488862;-29.312954;-21.288334;1.964542;-0.003773;2.850000;0.000000
396.688806;-29.389606;-21.103630;1.963794;-0.003707;2.850000;0.000000
396.888750;-29.466109;-20.918897;1.963059;-0.003641;2.850000;0.000000
397.088694;-29.542464;-20.734143;1.962338;-0.003576;2.850000;0.000000
397.288638;-29.618668;-20.549377;1.961630;-0.003511;2.850000;0.000000
397.488582;-29.694723;-20.364608;1.960933;-0.003446;2.850000;0.000000
397.688526;-29.770690;-20.179688;1.960226;-0.003614;2.850000;0.000000
397.888470;-29.846559;-19.994628;1.959464;-0.003994;2.850000;0.000000
398.088414;-29.922261;-19.809550;1.958628;-0.004373;2.850000;0.000000
398.288358;-29.997789;-19.624440;1.957716;-0.004751;2.850000;0.000000
398.488302;-30.073132;-19.439279;1.956729;-0.005128;2.850000;0.000000
398.688246;-30.148281;-19.254050;1.955666;-0.005504;2.850000;0.000000
398.888190;-30.223227;-19.068737;1.954528;-0.005879;2.850000;0.000000
399.088134;-30.297961;-18.883322;1.953315;-0.006252;2.850000;0.000000
399.288078;-30.372473;-18.697790;1.952028;-0.006624;2.850000;0.000000
399.488022;-30.446754;-18.512121;1.950674;-0.006993;2.850000;0.000000
399.687966;-30.520749;-18.326423;1.949390;-0.005959;2.850000;0.000000
399.887910;-30.594503;-18.140689;1.948425;-0.003737;2.850000;0.000000
400.087853;-30.668136;-17.954858;1.947900;-0.001518;2.850000;0.000000
400.287797;-30.741726;-17.768969;1.947818;0.000699;2.850000;0.000000
400.487741;-30.815353;-17.583063;1.948180;0.002914;2.850000;0.000000
400.687685;-30.889097;-17.397179;1.948984;0.005128;2.850000;0.000000
400.887629;-30.963036;-17.211359;1.950231;0.007343;2.850000;0.000000
401.087573;-31.037250;-17.025641;1.951921;0.009558;2.850000;0.000000
401.287517;-31.111819;-16.840067;1.954054;0.011775;2.850000;0.000000
401.487461;-31.186822;-16.654677;1.956616;0.013994;2.850000;0.000000
401.687405;-31.262335;-16.469500;1.959305;0.013140;2.850000;0.000000
401.887349;-31.338328;-16.284529;1.961583;0.009734;2.850000;0.000000
402.087293;-31.414676;-16.099717;1.963189;0.006326;2.850000;0.000000
402.287237;-31.491255;-15.915010;1.964113;0.002916;2.850000;0.000000
402.487181;-31.567937;-15.730356;1.964355;-0.000494;2.850000;0.000000
402.687125;-31.644600;-15.545701;1.963915;-0.003904;2.850000;0.000000
402.887069;-31.721115;-15.360991;1.962794;-0.007315;2.850000;0.000000
403.087013;-31.797360;-15.176173;1.960990;-0.010726;2.850000;0.000000
403.286957;-31.873207;-14.991193;1.958505;-0.014136;2.850000;0.000000
403.486901;-31.948531;-14.805998;1.955359;-0.017546;2.850000;0.000000
403.686845;-32.023216;-14.620537;1.951946;-0.016905;2.850000;0.000000
403.886789;-32.097280;-14.434819;1.948968;-0.012994;2.850000;0.000000
404.086733;-32.170864;-14.248902;1.946761;-0.009085;2.850000;0.000000
404.286677;-32.244113;-14.062847;1.945335;-0.005176;2.850000;0.000000
404.486620;-32.317169;-13.876713;1.944691;-0.001269;2.850000;0.000000
404.686564;-32.390179;-13.690562;1.944828;0.002639;2.850000;0.000000
404.886508;-32.463284;-13.504453;1.945746;0.006548;2.850000;0.000000
405.086452;-32.536631;-13.318447;1.947446;0.010457;2.850000;0.000000
405.286396;-32.610363;-13.132605;1.949928;0.014368;2.850000;0.000000
405.486340;-32.684624;-12.946986;1.953169;0.018281;2.850000;0.000000
405.686284;-32.759566;-12.761606;1.956741;0.017788;2.850000;0.000000
405.886228;-32.835173;-12.576468;1.959891;0.013829;2.850000;0.000000
406.086172;-32.911289;-12.391548;1.962260;0.009868;2.850000;0.000000
406.286116;-32.987766;-12.206786;1.963837;0.005907;2.850000;0.000000
406.486060;-33.064458;-12.022122;1.964622;0.001944;2.850000;0.000000
406.686004;-33.141218;-11.837497;1.964615;-0.002019;2.850000;0.000000
406.885948;-33.217899;-11.652851;1.963815;-0.005983;2.850000;0.000000
407.085892;-33.294355;-11.468124;1.962222;-0.009948;2.850000;0.000000
407.285836;-33.370439;-11.283256;1.959837;-0.013915;2.850000;0.000000
407.485780;-33.446004;-11.098189;1.956682;-0.017883;2.850000;0.000000
407.685724;-33.520918;-10.912851;1.953177;-0.017522;2.850000;0.000000
407.885668;-33.595187;-10.727249;1.950046;-0.013900;2.850000;0.000000
408.085612;-33.668941;-10.541440;1.947630;-0.010277;2.850000;0.000000
408.285556;-33.742315;-10.355476;1.945937;-0.006654;2.850000;0.000000
408.485500;-33.815444;-10.169407;1.944969;-0.003031;2.850000;0.000000
408.685444;-33.888463;-9.983285;1.944725;0.000591;2.850000;0.000000
408.885387;-33.961510;-9.797159;1.945205;0.004212;2.850000;0.000000
409.085331;-34.034719;-9.611081;1.946409;0.007831;2.850000;0.000000
409.285275;-34.108225;-9.425102;1.948337;0.011449;2.850000;0.000000
409.485219;-34.182165;-9.239271;1.950968;0.015063;2.850000;0.000000
409.685163;-34.256626;-9.053739;1.953960;0.015147;2.850000;0.000000
409.885107;-34.331627;-8.868479;1.956737;0.012702;2.850000;0.000000
410.085051;-34.407107;-8.683385;1.959032;0.010260;2.850000;0.000000
410.284995;-34.482976;-8.498424;1.960839;0.007819;2.850000;0.000000
410.484939;-34.559143;-8.313562;1.962158;0.005381;2.850000;0.000000
410.684883;-34.635516;-8.128764;1.962991;0.002944;2.850000;0.000000
410.884827;-34.712004;-7.943996;1.963336;0.000508;2.850000;0.000000
411.084771;-34.788515;-7.759224;1.963194;-0.001927;2.850000;0.000000
411.284715;-34.864959;-7.574414;1.962565;-0.004362;2.850000;0.000000
411.484659;-34.941244;-7.389533;1.961461;-0.006797;2.850000;0.000000
411.684603;-35.017286;-7.204537;1.960078;-0.007186;2.850000;0.000000
411.884547;-35.093066;-7.019428;1.958751;-0.006125;2.850000;0.000000
412.084491;-35.168618;-6.834231;1.957632;-0.005064;2.850000;0.000000
412.284435;-35.243977;-6.648969;1.956725;-0.004003;2.850000;0.000000
412.484379;-35.319181;-6.463662;1.956031;-0.002943;2.850000;0.000000
412.684323;-35.394269;-6.278331;1.955548;-0.001882;2.850000;0.000000
412.884267;-35.469276;-6.092997;1.955278;-0.000821;2.850000;0.000000
413.084211;-35.544240;-5.907682;1.955220;0.000241;2.850000;0.000000
413.284154;-35.619199;-5.722405;1.955375;0.001304;2.850000;0.000000
413.484098;-35.694190;-5.537190;1.955737;0.002369;2.850000;0.000000
413.684042;-35.769305;-5.351914;1.956235;0.002668;2.850000;0.000000
413.883986;-35.844541;-5.166622;1.956743;0.002430;2.850000;0.000000
414.083930;-35.919854;-4.981400;1.957205;0.002192;2.850000;0.000000
414.283874;-35.995239;-4.796234;1.957619;0.001953;2.850000;0.000000
414.483818;-36.070689;-4.611112;1.957986;0.001714;2.850000;0.000000
414.683762;-36.146202;-4.426021;1.958305;0.001474;2.850000;0.000000
414.883706;-36.221770;-4.240948;1.958575;0.001234;2.850000;0.000000
415.083650;-36.297390;-4.055879;1.958798;0.000994;2.850000;0.000000
415.283594;-36.373057;-3.870801;1.958973;0.000753;2.850000;0.000000
415.483538;-36.448764;-3.685703;1.959098;0.000513;2.850000;0.000000
415.683482;-36.524462;-3.500681;1.959153;0.000059;2.850000;0.000000
415.883426;-36.600150;-3.315691;1.959105;-0.000536;2.850000;0.000000
416.083370;-36.675831;-3.130658;1.958939;-0.001130;2.850000;0.000000
416.283314;-36.751482;-2.945581;1.958654;-0.001724;2.850000;0.000000
416.483258;-36.827077;-2.760458;1.958250;-0.002317;2.850000;0.000000
416.683202;-36.902592;-2.575288;1.957727;-0.002911;2.850000;0.000000
416.883146;-36.978001;-2.390067;1.957085;-0.003505;2.850000;0.000000
417.083090;-37.053279;-2.204795;1.956325;-0.004100;2.850000;0.000000
417.283034;-37.128403;-2.019470;1.955445;-0.004695;2.850000;0.000000
417.482978;-37.203346;-1.834090;1.954451;-0.005292;2.850000;0.000000
417.682921;-37.278096;-1.648627;1.953399;-0.005279;2.850000;0.000000
417.882865;-37.352648;-1.463092;1.952384;-0.004876;2.850000;0.000000
418.082809;-37.427013;-1.277500;1.951450;-0.004473;2.850000;0.000000
418.282753;-37.501207;-1.091852;1.950596;-0.004070;2.850000;0.000000
418.482697;-37.575249;-0.906148;1.949822;-0.003665;2.850000;0.000000
418.682641;-37.649155;-0.720390;1.949130;-0.003261;2.850000;0.000000
418.882585;-37.722941;-0.534578;1.948519;-0.002856;2.850000;0.000000
419.082529;-37.796627;-0.348712;1.947988;-0.002451;2.850000;0.000000
419.282473;-37.870227;-0.162794;1.947539;-0.002046;2.850000;0.000000
419.482417;-37.943761;0.023176;1.947176;-0.001641;2.850000;0.000000
419.682361;-38.017228;0.209151;1.946987;-0.000322;2.850000;0.000000
419.882305;-38.090682;0.395126;1.947111;0.001554;2.850000;0.000000
420.082249;-38.164200;0.581095;1.947610;0.003431;2.850000;0.000000
420.282193;-38.237849;0.767022;1.948483;0.005307;2.850000;0.000000
420.482137;-38.311695;0.952870;1.949732;0.007184;2.850000;0.000000
420.682081;-38.385806;1.138605;1.951357;0.009063;2.850000;0.000000
420.882025;-38.460247;1.324191;1.953357;0.010944;2.850000;0.000000
421.081969;-38.535086;1.509592;1.955734;0.012828;2.850000;0.000000
421.281913;-38.610388;1.694773;1.958487;0.014715;2.850000;0.000000
421.481857;-38.686221;1.879698;1.961598;0.016605;2.850000;0.000000
421.681801;-38.762685;2.064432;1.964792;0.015572;2.850000;0.000000
421.881745;-38.839733;2.248953;1.967621;0.012775;2.850000;0.000000
422.081688;-38.917241;2.433251;1.969895;0.009973;2.850000;0.000000
422.281632;-38.995110;2.617379;1.971609;0.007169;2.850000;0.000000
422.481576;-39.073239;2.801388;1.972761;0.004363;2.850000;0.000000
422.681520;-39.151530;2.985330;1.973353;0.001556;2.850000;0.000000
422.881464;-39.229881;3.169255;1.973383;-0.001251;2.850000;0.000000
423.081408;-39.308192;3.353216;1.972853;-0.004056;2.850000;0.000000
423.281352;-39.386365;3.537263;1.971761;-0.006859;2.850000;0.000000
423.481296;-39.464298;3.721449;1.970127;-0.009658;2.850000;0.000000
423.681240;-39.541848;3.905703;1.968177;-0.010039;2.850000;0.000000
423.881184;-39.619016;4.090082;1.966272;-0.009051;2.850000;0.000000
424.081128;-39.695865;4.274634;1.964561;-0.008065;2.850000;0.000000
424.281072;-39.772427;4.459335;1.963047;-0.007081;2.850000;0.000000
424.481016;-39.848735;4.644164;1.961729;-0.006098;2.850000;0.000000
424.680960;-39.924824;4.829099;1.960608;-0.005117;2.850000;0.000000
424.880904;-40.000725;5.014118;1.959683;-0.004136;2.850000;0.000000
425.080848;-40.076473;5.199198;1.958953;-0.003156;2.850000;0.000000
425.280792;-40.152101;5.384318;1.958420;-0.002177;2.850000;0.000000
425.480736;-40.227642;5.569456;1.958082;-0.001197;2.850000;0.000000
425.680680;-40.303150;5.754639;1.957929;-0.000323;2.850000;0.000000
425.880624;-40.378647;5.939832;1.957946;0.000491;2.850000;0.000000
426.080568;-40.454155;6.124998;1.958126;0.001306;2.850000;0.000000
426.280512;-40.529704;6.310127;1.958468;0.002121;2.850000;0.000000
426.480455;-40.605327;6.495212;1.958974;0.002936;2.850000;0.000000
426.680399;-40.681054;6.680243;1.959642;0.003751;2.850000;0.000000
426.880343;-40.756918;6.865211;1.960474;0.004566;2.850000;0.000000
427.080287;-40.832949;7.050106;1.961468;0.005381;2.850000;0.000000
427.280231;-40.909179;7.234921;1.962625;0.006195;2.850000;0.000000
427.480175;-40.985640;7.419646;1.963936;0.007009;2.850000;0.000000
427.680119;-41.062352;7.604252;1.965279;0.006530;2.850000;0.000000
427.880063;-41.139303;7.788758;1.966465;0.005351;2.850000;0.000000
428.080007;-41.216456;7.973190;1.967417;0.004172;2.850000;0.000000
428.279951;-41.293766;8.157567;1.968133;0.002993;2.850000;0.000000
428.479895;-41.371191;8.341906;1.968614;0.001815;2.850000;0.000000
428.679839;-41.448685;8.526225;1.968859;0.000636;2.850000;0.000000
428.879783;-41.526206;8.710542;1.968868;-0.000542;2.850000;0.000000
429.079727;-41.603710;8.894875;1.968642;-0.001719;2.850000;0.000000
429.279671;-41.681154;9.079240;1.968181;-0.002897;2.850000;0.000000
429.479615;-41.758493;9.263657;1.967489;-0.004074;2.850000;0.000000
429.679559;-41.835672;9.448107;1.966646;-0.004425;2.850000;0.000000
429.879503;-41.912683;9.632612;1.965771;-0.004338;2.850000;0.000000
430.079447;-41.989536;9.817189;1.964913;-0.004251;2.850000;0.000000
430.279391;-42.066233;10.001834;1.964071;-0.004164;2.850000;0.000000
430.479335;-42.142778;10.186547;1.963247;-0.004077;2.850000;0.000000
430.679279;-42.219174;10.371324;1.962441;-0.003990;2.850000;0.000000
430.879222;-42.295422;10.556164;1.961652;-0.003904;2.850000;0.000000
431.079166;-42.371527;10.741065;1.960880;-0.003817;2.850000;0.000000
431.279110;-42.447491;10.926024;1.960125;-0.003730;2.850000;0.000000
431.479054;-42.523317;11.111040;1.959393;-0.003644;2.850000;0.000000
431.678998;-42.599015;11.296121;1.958749;-0.002857;2.850000;0.000000
431.878942;-42.674609;11.481250;1.958293;-0.001705;2.850000;0.000000
432.078886;-42.750138;11.666402;1.958068;-0.000552;2.850000;0.000000
432.278830;-42.825646;11.851559;1.958072;0.000601;2.850000;0.000000
432.478774;-42.901173;12.036700;1.958308;0.001754;2.850000;0.000000
432.678718;-42.976763;12.221809;1.958774;0.002907;2.850000;0.000000
432.878662;-43.052457;12.406866;1.959471;0.004061;2.850000;0.000000
433.078606;-43.128298;12.591853;1.960398;0.005215;2.850000;0.000000
433.278550;-43.204328;12.776751;1.961556;0.006370;2.850000;0.000000
433.478494;-43.280589;12.961542;1.962935;0.007524;2.850000;0.000000
433.678438;-43.357127;13.146225;1.964410;0.007343;2.850000;0.000000
433.878382;-43.433935;13.330795;1.965790;0.006473;2.850000;0.000000
434.078326;-43.510980;13.515262;1.966997;0.005602;2.850000;0.000000
434.278270;-43.588232;13.699644;1.968030;0.004731;2.850000;0.000000
434.478214;-43.665661;13.883958;1.968888;0.003859;2.850000;0.000000
434.678158;-43.743236;14.068221;1.969573;0.002987;2.850000;0.000000
434.878102;-43.820926;14.252452;1.970083;0.002116;2.850000;0.000000
435.078046;-43.898703;14.436667;1.970419;0.001244;2.850000;0.000000
435.277990;-43.976534;14.620885;1.970581;0.000373;2.850000;0.000000
435.477933;-44.054389;14.805123;1.970563;-0.000498;2.850000;0.000000
435.677877;-44.132222;14.989363;1.970295;-0.002117;2.850000;0.000000
435.877821;-44.209979;15.173642;1.969671;-0.004114;2.850000;0.000000
436.077765;-44.287589;15.357996;1.968648;-0.006112;2.850000;0.000000
436.277709;-44.364973;15.542445;1.967226;-0.008111;2.850000;0.000000
436.477653;-44.442054;15.727007;1.965403;-0.010112;2.850000;0.000000
436.677597;-44.518751;15.911702;1.963181;-0.012118;2.850000;0.000000
436.877541;-44.594986;16.096548;1.960557;-0.014128;2.850000;0.000000
437.077485;-44.670681;16.281565;1.957531;-0.016143;2.850000;0.000000
437.277429;-44.745758;16.466772;1.954103;-0.018165;2.850000;0.000000
437.477373;-44.820136;16.652189;1.950309;-0.020193;2.850000;0.000000
437.677317;-44.893812;16.837977;1.946640;-0.016973;2.850000;0.000000
437.877261;-44.966865;17.024029;1.943838;-0.011119;2.850000;0.000000
438.077205;-45.039490;17.210208;1.942201;-0.005255;2.850000;0.000000
438.277149;-45.111914;17.396447;1.941738;0.000614;2.850000;0.000000
438.477093;-45.184363;17.582682;1.942447;0.006481;2.850000;0.000000
438.677037;-45.257062;17.768846;1.944328;0.012343;2.850000;0.000000
438.876981;-45.330237;17.954876;1.947380;0.018191;2.850000;0.000000
439.076925;-45.404115;18.140704;1.951601;0.024021;2.850000;0.000000
439.276869;-45.478922;18.326267;1.956987;0.029822;2.850000;0.000000
439.476813;-45.554883;18.511498;1.963413;0.035588;2.850000;0.000000
439.676757;-45.632116;18.696197;1.969431;0.025845;2.850000;0.000000
439.876700;-45.710321;18.880546;1.972901;0.008936;2.850000;0.000000
440.076644;-45.788879;19.064811;1.973002;-0.007934;2.850000;0.000000
440.276588;-45.867139;19.249188;1.969721;-0.024821;2.850000;0.000000
440.476532;-45.944450;19.433875;1.963055;-0.041776;2.850000;0.000000
440.676476;-46.020159;19.619070;1.952992;-0.058838;2.850000;0.000000
440.876420;-46.093615;19.804971;1.939514;-0.076023;2.850000;0.000000
441.076364;-46.164167;19.991773;1.922607;-0.093319;2.850000;0.000000
441.276308;-46.231163;20.179676;1.902259;-0.110672;2.850000;0.000000
441.476252;-46.293951;20.368876;1.878646;-0.127979;2.850000;0.000000
441.676196;-46.351941;20.559532;1.853871;-0.122542;2.850000;0.000000
441.876140;-46.405282;20.751606;1.831055;-0.106511;2.850000;0.000000
442.076084;-46.454569;20.944921;1.811407;-0.090455;2.850000;0.000000
442.276028;-46.500405;21.139288;1.794941;-0.074458;2.850000;0.000000
442.475972;-46.543389;21.334521;1.781645;-0.058568;2.850000;0.000000
442.675916;-46.584121;21.530431;1.771505;-0.042796;2.850000;0.000000
442.875860;-46.623203;21.726831;1.764505;-0.027128;2.850000;0.000000
443.075804;-46.661236;21.923533;1.760633;-0.011531;2.850000;0.000000
443.275748;-46.698818;22.120349;1.759882;0.004040;2.850000;0.000000
443.475692;-46.736552;22.317092;1.762116;0.019633;2.850000;0.000000
443.675636;-46.775015;22.513748;1.765687;0.017535;2.850000;0.000000
443.875580;-46.814153;22.710216;1.768154;0.007239;2.850000;0.000000
444.075524;-46.853551;22.906506;1.768570;-0.003091;2.850000;0.000000
444.275467;-46.892804;23.102702;1.766916;-0.013451;2.850000;0.000000
444.475411;-46.931507;23.298890;1.763187;-0.023839;2.850000;0.000000
444.675355;-46.969254;23.495154;1.757383;-0.034251;2.850000;0.000000
444.875299;-47.005640;23.691579;1.749499;-0.044677;2.850000;0.000000
445.075243;-47.040259;23.888250;1.739537;-0.055100;2.850000;0.000000
445.275187;-47.072706;24.085252;1.727497;-0.065495;2.850000;0.000000
445.475131;-47.102576;24.282670;1.713472;-0.075827;2.850000;0.000000
445.675075;-47.129476;24.480443;1.698372;-0.076303;2.850000;0.000000
445.875019;-47.153368;24.678642;1.683519;-0.072540;2.850000;0.000000
446.074963;-47.174398;24.877272;1.669403;-0.068799;2.850000;0.000000
446.274907;-47.192705;25.076276;1.656025;-0.065086;2.850000;0.000000
446.474851;-47.208429;25.275599;1.643379;-0.061406;2.850000;0.000000
446.674795;-47.221710;25.475185;1.631461;-0.057762;2.850000;0.000000
446.874739;-47.232687;25.674978;1.620264;-0.054156;2.850000;0.000000
447.074683;-47.241500;25.874922;1.609782;-0.050587;2.850000;0.000000
447.274627;-47.248288;26.074962;1.600011;-0.047055;2.850000;0.000000
447.474571;-47.253192;26.275042;1.590916;-0.043557;2.850000;0.000000
447.674515;-47.256342;26.475177;1.582197;-0.043286;2.850000;0.000000
447.874459;-47.257756;26.675300;1.573422;-0.044392;2.850000;0.000000
448.074403;-47.257393;26.875367;1.564430;-0.045500;2.850000;0.000000
448.274347;-47.255209;27.075365;1.555218;-0.046611;2.850000;0.000000
448.474291;-47.251162;27.275280;1.545787;-0.047723;2.850000;0.000000
448.674234;-47.245210;27.475100;1.536135;-0.048835;2.850000;0.000000
448.874178;-47.237309;27.674810;1.526264;-0.049945;2.850000;0.000000
449.074122;-47.227416;27.874398;1.516172;-0.051053;2.850000;0.000000
449.274066;-47.215490;28.073850;1.505861;-0.052158;2.850000;0.000000
449.474010;-47.201486;28.273152;1.495332;-0.053256;2.850000;0.000000
449.673954;-47.185352;28.472456;1.484657;-0.053604;2.850000;0.000000
449.873898;-47.167076;28.671642;1.473933;-0.053654;2.850000;0.000000
450.073842;-47.146664;28.870612;1.463195;-0.053716;2.850000;0.000000
450.273786;-47.124117;29.069337;1.452444;-0.053790;2.850000;0.000000
450.473730;-47.099436;29.267791;1.441678;-0.053876;2.850000;0.000000
450.673674;-47.072622;29.465943;1.430895;-0.053973;2.850000;0.000000
450.873618;-47.043675;29.663767;1.420094;-0.054082;2.850000;0.000000
451.073562;-47.012595;29.861232;1.409271;-0.054203;2.850000;0.000000
451.273506;-46.979385;30.058311;1.398424;-0.054336;2.850000;0.000000
451.473450;-46.944045;30.254976;1.387564;-0.054480;2.850000;0.000000
451.673394;-46.906575;30.451219;1.376808;-0.053313;2.850000;0.000000
451.873338;-46.867022;30.647030;1.366326;-0.051632;2.850000;0.000000
452.073282;-46.825453;30.842419;1.356182;-0.049932;2.850000;0.000000
452.273226;-46.781932;31.037404;1.346377;-0.048214;2.850000;0.000000
452.473170;-46.736525;31.232001;1.336916;-0.046483;2.850000;0.000000
452.673114;-46.689298;31.426227;1.327798;-0.044742;2.850000;0.000000
452.873058;-46.640317;31.620099;1.319026;-0.042992;2.850000;0.000000
453.073001;-46.589646;31.813635;1.310601;-0.041237;2.850000;0.000000
453.272945;-46.537352;32.006850;1.302522;-0.039479;2.850000;0.000000
453.472889;-46.483499;32.199762;1.294748;-0.037720;2.850000;0.000000
453.672833;-46.428235;32.392040;1.286790;-0.041285;2.850000;0.000000
453.872777;-46.371390;32.583832;1.277988;-0.046672;2.850000;0.000000
454.072721;-46.312744;32.775130;1.268107;-0.052097;2.850000;0.000000
454.272665;-46.252104;32.965812;1.257136;-0.057566;2.850000;0.000000
454.472609;-46.189281;33.155756;1.245067;-0.063083;2.850000;0.000000
454.672553;-46.124083;33.344840;1.231894;-0.068645;2.850000;0.000000
454.872497;-46.056321;33.532943;1.217609;-0.074249;2.850000;0.000000
455.072441;-45.985804;33.719941;1.202206;-0.079888;2.850000;0.000000
455.272385;-45.912341;33.905714;1.185681;-0.085550;2.850000;0.000000
455.472329;-45.835742;34.090139;1.168111;-0.091217;2.850000;0.000000
455.672273;-45.755805;34.273203;1.150341;-0.087602;2.850000;0.000000
455.872217;-45.672666;34.454867;1.133526;-0.080777;2.850000;0.000000
456.072161;-45.586593;34.635191;1.118068;-0.073932;2.850000;0.000000
456.272105;-45.497843;34.814270;1.103975;-0.067088;2.850000;0.000000
456.472049;-45.406672;34.992198;1.091245;-0.060260;2.850000;0.000000
456.671993;-45.313335;35.169067;1.079874;-0.053458;2.850000;0.000000
456.871937;-45.218088;35.344972;1.069858;-0.046687;2.850000;0.000000
457.071881;-45.121188;35.520007;1.061192;-0.039946;2.850000;0.000000
457.271825;-45.022889;35.694265;1.053872;-0.033232;2.850000;0.000000
457.471768;-44.923449;35.867840;1.047809;-0.026539;2.850000;0.000000
457.671712;-44.822968;36.041028;1.042212;-0.028544;2.850000;0.000000
457.871656;-44.721498;36.213637;1.036002;-0.033467;2.850000;0.000000
458.071600;-44.618920;36.385485;1.028810;-0.038405;2.850000;0.000000
458.271544;-44.515073;36.556461;1.020632;-0.043357;2.850000;0.000000
458.471488;-44.409794;36.726453;1.011467;-0.048318;2.850000;0.000000
458.671432;-44.302922;36.895352;1.001313;-0.053283;2.850000;0.000000
458.871376;-44.194294;37.063047;0.990171;-0.058245;2.850000;0.000000
459.071320;-44.083749;37.229425;0.978042;-0.063193;2.850000;0.000000
459.271264;-43.971125;37.394378;0.964928;-0.068116;2.850000;0.000000
459.471208;-43.856260;37.557793;0.950894;-0.072998;2.850000;0.000000
459.671152;-43.739066;37.719498;0.936465;-0.072063;2.850000;0.000000
459.871096;-43.619532;37.879535;0.922335;-0.069417;2.850000;0.000000
460.071040;-43.497746;38.037955;0.908726;-0.066788;2.850000;0.000000
460.270984;-43.373813;38.194791;0.895636;-0.064181;2.850000;0.000000
460.470928;-43.247838;38.350072;0.883061;-0.061600;2.850000;0.000000
460.670872;-43.119925;38.503831;0.870996;-0.059046;2.850000;0.000000
460.870816;-42.990180;38.656099;0.859436;-0.056521;2.850000;0.000000
461.070760;-42.858706;38.806906;0.848378;-0.054026;2.850000;0.000000
461.270704;-42.725608;38.956285;0.837815;-0.051562;2.850000;0.000000
461.470648;-42.590992;39.104266;0.827706;-0.049128;2.850000;0.000000
461.670592;-42.454958;39.250864;0.817714;-0.050401;2.850000;0.000000
461.870535;-42.317489;39.396044;0.807408;-0.052682;2.850000;0.000000
462.070479;-42.178527;39.539739;0.796649;-0.054959;2.850000;0.000000
462.270423;-42.038015;39.681879;0.785438;-0.057229;2.850000;0.000000
462.470367;-41.895895;39.822393;0.773774;-0.059489;2.850000;0.000000
462.670311;-41.752111;39.961212;0.761660;-0.061732;2.850000;0.000000
462.870255;-41.606605;40.098265;0.749098;-0.063954;2.850000;0.000000
463.070199;-41.459320;40.233482;0.736090;-0.066150;2.850000;0.000000
463.270143;-41.310199;40.366792;0.722642;-0.068313;2.850000;0.000000
463.470087;-41.159185;40.498126;0.708755;-0.070437;2.850000;0.000000
463.670031;-41.006427;40.627237;0.694335;-0.073582;2.850000;0.000000
463.869975;-40.851751;40.754111;0.679263;-0.077071;2.850000;0.000000
464.069919;-40.695093;40.878620;0.663482;-0.080649;2.850000;0.000000
464.269863;-40.536439;41.000590;0.646976;-0.084317;2.850000;0.000000
464.469807;-40.375774;41.119848;0.629729;-0.088071;2.850000;0.000000
464.669751;-40.213082;41.236220;0.611728;-0.091908;2.850000;0.000000
464.869695;-40.048350;41.349534;0.592961;-0.095820;2.850000;0.000000
465.069639;-39.881562;41.459616;0.573414;-0.099798;2.850000;0.000000
465.269583;-39.712703;41.566294;0.553077;-0.103831;2.850000;0.000000
465.469527;-39.541759;41.669393;0.531981;-0.107903;2.850000;0.000000
465.669471;-39.368442;41.768919;0.510612;-0.106625;2.850000;0.000000
465.869415;-39.193023;41.864741;0.489570;-0.103952;2.850000;0.000000
466.069359;-39.015674;41.956887;0.469061;-0.101261;2.850000;0.000000
466.269302;-38.836495;42.045424;0.449092;-0.098564;2.850000;0.000000
466.469246;-38.655589;42.130424;0.429659;-0.095873;2.850000;0.000000
466.669190;-38.473055;42.211955;0.410758;-0.093200;2.850000;0.000000
466.869134;-38.288996;42.290087;0.392386;-0.090554;2.850000;0.000000
467.069078;-38.103511;42.364890;0.374536;-0.087942;2.850000;0.000000
467.269022;-37.916703;42.436433;0.357201;-0.085371;2.850000;0.000000
467.468966;-37.728671;42.504784;0.340369;-0.082848;2.850000;0.000000
467.668910;-37.539657;42.569964;0.323952;-0.081228;2.850000;0.000000
467.868854;-37.349626;42.632060;0.307851;-0.079821;2.850000;0.000000
468.068798;-37.158611;42.691121;0.292030;-0.078434;2.850000;0.000000
468.268742;-36.966678;42.747184;0.276483;-0.077070;2.850000;0.000000
468.468686;-36.773890;42.800286;0.261205;-0.075732;2.850000;0.000000
468.668630;-36.580312;42.850464;0.246191;-0.074423;2.850000;0.000000
468.868574;-36.386010;42.897756;0.231436;-0.073144;2.850000;0.000000
469.068518;-36.191047;42.942198;0.216934;-0.071897;2.850000;0.000000
469.268462;-35.995490;42.983828;0.202680;-0.070685;2.850000;0.000000
469.468406;-35.799401;43.022682;0.188708;-0.069508;2.850000;0.000000
469.668350;-35.602915;43.058802;0.175307;-0.064998;2.850000;0.000000
469.868294;-35.406016;43.092361;0.162850;-0.059734;2.850000;0.000000
470.068238;-35.208720;43.123570;0.151446;-0.054442;2.850000;0.000000
470.268182;-35.011057;43.152637;0.141099;-0.049136;2.850000;0.000000
470.468126;-34.813060;43.179770;0.131810;-0.043824;2.850000;0.000000
470.668069;-34.614760;43.205178;0.123579;-0.038515;2.850000;0.000000
470.868013;-34.416187;43.229067;0.116406;-0.033215;2.850000;0.000000
471.067957;-34.217374;43.251646;0.110289;-0.027926;2.850000;0.000000
471.267901;-34.018350;43.273123;0.105227;-0.022651;2.850000;0.000000
471.467845;-33.819148;43.293706;0.101240;-0.017389;2.850000;0.000000
471.667789;-33.619787;43.313612;0.098497;-0.010225;2.850000;0.000000
471.867733;-33.420344;43.333114;0.097204;-0.002680;2.850000;0.000000
472.067677;-33.220902;43.352508;0.097423;0.004864;2.850000;0.000000
472.267621;-33.021540;43.372090;0.099154;0.012424;2.850000;0.000000
472.467565;-32.822334;43.392157;0.102401;0.020016;2.850000;0.000000
472.667509;-32.623363;43.413007;0.107169;0.027655;2.850000;0.000000
472.867453;-32.424705;43.434935;0.113465;0.035354;2.850000;0.000000
473.067397;-32.226438;43.458238;0.121297;0.043124;2.850000;0.000000
473.267341;-32.028640;43.483213;0.130676;0.050972;2.850000;0.000000
473.467285;-31.831390;43.510157;0.141489;0.058899;2.850000;0.000000
473.667229;-31.634718;43.539324;0.152798;0.056093;2.850000;0.000000
473.867173;-31.438540;43.570655;0.163433;0.050967;2.850000;0.000000
474.067117;-31.242696;43.603970;0.173034;0.045686;2.850000;0.000000
474.267061;-31.047017;43.639086;0.181581;0.040291;2.850000;0.000000
474.467005;-30.851338;43.675824;0.189059;0.034822;2.850000;0.000000
474.666949;-30.655493;43.714002;0.195458;0.029317;2.850000;0.000000
474.866893;-30.459313;43.753440;0.200773;0.023811;2.850000;0.000000
475.066836;-30.262634;43.793955;0.205004;0.018339;2.850000;0.000000
475.266780;-30.065287;43.835367;0.208155;0.012932;2.850000;0.000000
475.466724;-29.867107;43.877496;0.210634;0.007619;2.850000;0.000000
475.666668;-29.668122;43.920283;0.215422;0.035426;2.850000;0.000000
475.866612;-29.468954;43.964619;0.226132;0.069556;2.850000;0.000000
476.066556;-29.270571;44.011746;0.243882;0.104683;2.850000;0.000000
476.266500;-29.073957;44.062908;0.268885;0.141660;2.850000;0.000000
476.466444;-28.880096;44.119345;0.301450;0.181166;2.850000;-0.046550
476.666388;-28.689969;44.182300;0.341959;0.223609;2.846732;-0.938713
476.866332;-28.504562;44.253013;0.390814;0.268943;2.780019;-0.653908
477.066276;-28.324858;44.332728;0.448360;0.316425;2.732584;-0.346376
477.266220;-28.151839;44.422685;0.514782;0.364327;2.707121;-0.016334
477.466164;-27.986490;44.524127;0.590001;0.409726;2.705914;-0.016334
477.666108;-27.827370;44.639936;0.668862;0.401670;2.704707;0.045286
477.866052;-27.677213;44.768580;0.746522;0.384303;2.708053;0.165334
478.065996;-27.536831;44.908719;0.821184;0.367928;2.720232;0.260949
478.265940;-27.406572;45.059319;0.893029;0.353273;2.739346;0.332295
478.465884;-27.286785;45.219346;0.962437;0.340835;2.763493;0.380045
478.665828;-27.177816;45.387765;1.029842;0.330933;2.790855;0.405027
478.865772;-27.080015;45.563545;1.095714;0.323765;2.819723;0.408060
479.065716;-26.993729;45.745650;1.160542;0.319445;2.848511;0.021218
479.265660;-26.919306;45.933047;1.224814;0.318041;2.850000;0.000000
479.465604;-26.857124;46.124601;1.287668;0.318490;2.850000;0.000000
479.665547;-26.808015;46.315564;1.346435;0.277094;2.850000;0.000000
479.865491;-26.769348;46.509239;1.396906;0.233753;2.850000;0.000000
480.065435;-26.739565;46.705227;1.438936;0.190258;2.850000;0.000000
480.265379;-26.717106;46.903131;1.472578;0.147644;2.850000;0.000000
480.465323;-26.700414;47.102551;1.497977;0.106325;2.850000;0.000000
480.665267;-26.687930;47.303091;1.515303;0.066264;2.850000;0.000000
480.865211;-26.678094;47.504351;1.524705;0.027131;2.850000;0.000000
481.065155;-26.669349;47.705934;1.526273;-0.011570;2.850000;0.000000
481.265099;-26.660135;47.907442;1.520028;-0.050396;2.850000;0.000000
481.465043;-26.648895;48.108478;1.506810;-0.089717;2.850000;0.000000
481.664987;-26.634393;48.309212;1.491111;-0.075380;2.850000;0.000000
481.864931;-26.616896;48.509196;1.477449;-0.060691;2.850000;0.000000
482.064875;-26.597007;48.708553;1.466785;-0.045744;2.850000;0.000000
482.264819;-26.575327;48.907407;1.459146;-0.030610;2.850000;0.000000
482.464763;-26.552459;49.105882;1.454554;-0.015346;2.850000;0.000000
482.664707;-26.529005;49.304103;1.453022;0.000007;2.850000;0.000000
482.864651;-26.505567;49.502192;1.454559;0.015410;2.850000;0.000000
483.064595;-26.482747;49.700273;1.459169;0.030827;2.850000;0.000000
483.264539;-26.461147;49.898471;1.466850;0.046214;2.850000;0.000000
483.464483;-26.441369;50.096909;1.476966;0.061353;2.850000;0.000000
483.664427;-26.423759;50.295765;1.486393;0.039270;2.850000;0.000000
483.864371;-26.407699;50.494877;1.492040;0.017274;2.850000;0.000000
484.064314;-26.392320;50.694138;1.493300;-0.004659;2.850000;0.000000
484.264258;-26.376750;50.893443;1.490179;-0.026563;2.850000;0.000000
484.464202;-26.360120;51.092682;1.482678;-0.048472;2.850000;0.000000
484.664146;-26.341560;51.291751;1.470795;-0.070395;2.850000;0.000000
484.864090;-26.320200;51.490541;1.454529;-0.092298;2.850000;0.000000
485.064034;-26.295170;51.688947;1.433890;-0.114090;2.850000;0.000000
485.263978;-26.265600;51.886860;1.408901;-0.135597;2.850000;0.000000
485.463922;-26.230619;52.084178;1.379762;-0.156454;2.850000;0.000000
485.663866;-26.189375;52.281008;1.347354;-0.167716;2.850000;0.000000
485.863810;-26.141470;52.476496;1.312351;-0.180126;2.850000;0.000000
486.063754;-26.086538;52.670014;1.274752;-0.193698;2.850000;0.000000
486.263698;-26.024213;52.860935;1.234373;-0.208405;2.850000;0.000000
486.463642;-25.954130;53.048629;1.191037;-0.224156;2.850000;0.000000
486.663586;-25.875921;53.232469;1.144584;-0.240780;2.850000;0.000000
486.863530;-25.789222;53.411827;1.094887;-0.257998;2.850000;0.000000
487.063474;-25.693666;53.586073;1.041862;-0.275402;2.850000;0.000000
487.263418;-25.588887;53.754580;0.985494;-0.292442;2.850000;0.000000
487.463362;-25.474539;53.916694;0.926480;-0.307561;2.850000;0.000000
487.663306;-25.351061;54.071144;0.867033;-0.295950;2.850000;0.000000
487.863250;-25.218401;54.218480;0.809436;-0.284823;2.850000;0.000000
488.063194;-25.077197;54.358500;0.753805;-0.274482;2.850000;0.000000
488.263138;-24.928090;54.491003;0.699967;-0.265152;2.850000;0.000000
488.463081;-24.771718;54.615785;0.647725;-0.256994;2.850000;0.000000
488.663025;-24.608721;54.732644;0.596861;-0.250122;2.850000;0.000000
488.862969;-24.439738;54.841378;0.547146;-0.244613;2.850000;0.000000
489.062913;-24.265407;54.941786;0.498339;-0.240522;2.850000;0.000000
489.262857;-24.086369;55.033663;0.450196;-0.237892;2.850000;0.000000
489.462801;-23.903260;55.116810;0.402429;-0.236752;2.850000;0.000000
489.662745;-23.716185;55.191236;0.355032;-0.234849;2.850000;0.000000
489.862689;-23.526102;55.256638;0.307959;-0.233353;2.850000;0.000000
490.062633;-23.333451;55.312975;0.261212;-0.232315;2.850000;0.000000
490.262577;-23.138673;55.360205;0.214692;-0.231776;2.850000;0.000000
490.462521;-22.942208;55.398287;0.168298;-0.231768;2.850000;0.000000
490.662465;-22.744498;55.427178;0.121922;-0.232310;2.850000;0.000000
490.862409;-22.545981;55.446836;0.075457;-0.233415;2.850000;0.000000
491.062353;-22.347099;55.457221;0.028793;-0.235085;2.850000;0.000000
491.262297;-22.148291;55.458290;0.005377;-0.237310;2.850000;0.000000
