# s_m;x_m;y_m;psi_rad;kappa_radpm;vx_mps;ax_mps2
0.000000;-22.899999;55.050002;-2.949353;0.298050;2.850000;0.000000
0.199955;-23.095302;55.011987;-2.920287;0.291283;2.850000;0.000000
0.399910;-23.288548;54.962582;-2.862700;0.285956;2.850000;0.000000
0.599865;-23.479051;54.902098;-2.805908;0.282146;2.850000;0.000000
0.799820;-23.666126;54.830849;-2.749636;0.279895;2.850000;0.000000
0.999775;-23.849085;54.749147;-2.693604;0.279221;2.850000;0.000000
1.199730;-24.027242;54.657305;-2.637531;0.280124;2.850000;0.000000
1.399684;-24.199911;54.555635;-2.581137;0.282582;2.850000;0.000000
1.599639;-24.366405;54.444451;-2.524147;0.286552;2.850000;0.000000
1.799594;-24.526038;54.324065;-2.466292;0.291966;2.850000;0.000000
1.999549;-24.678124;54.194790;-2.407427;0.298718;2.850000;0.000000
2.199504;-24.822713;54.056332;-2.348764;0.290814;2.850000;0.000000
2.399459;-24.958886;53.909824;-2.291377;0.282712;2.850000;0.000000
2.599414;-25.086526;53.755895;-2.235599;0.274915;2.850000;0.000000
2.799369;-25.205526;53.595164;-2.181322;0.267671;2.850000;0.000000
2.999324;-25.315779;53.428251;-2.128410;0.261176;2.850000;0.000000
3.199279;-25.417178;53.255776;-2.076699;0.255586;2.850000;0.000000
3.399234;-25.509617;53.078358;-2.026012;0.251020;2.850000;0.000000
3.599189;-25.592988;52.896617;-1.976154;0.247574;2.850000;0.000000
3.799144;-25.667184;52.711173;-1.926920;0.245321;2.850000;0.000000
3.999098;-25.732097;52.522652;-1.878569;0.243838;2.850000;0.000000
4.199053;-25.787730;52.331946;-1.832996;0.218071;2.850000;0.000000
4.399008;-25.835046;52.139056;-1.792350;0.191059;2.850000;0.000000
4.598963;-25.875057;51.944259;-1.757081;0.163569;2.850000;0.000000
4.798918;-25.908779;51.747835;-1.727216;0.136125;2.850000;0.000000
4.998873;-25.937226;51.550060;-1.702727;0.109036;2.850000;0.000000
5.198828;-25.961412;51.351212;-1.683555;0.082429;2.850000;0.000000
5.398783;-25.982350;51.151570;-1.669636;0.056294;2.850000;0.000000
5.598738;-26.001057;50.951411;-1.660912;0.030521;2.850000;0.000000
5.798693;-26.018545;50.751013;-1.657347;0.004938;2.850000;0.000000
5.998648;-26.035829;50.550654;-1.658350;-0.019567;2.850000;0.000000
6.198603;-26.053695;50.350571;-1.661277;-0.014219;2.850000;0.000000
6.398558;-26.072111;50.150767;-1.663591;-0.008837;2.850000;0.000000
6.598513;-26.090860;49.951214;-1.664820;-0.003425;2.850000;0.000000
6.798467;-26.109726;49.751885;-1.664961;0.002017;2.850000;0.000000
6.998422;-26.128492;49.552754;-1.664011;0.007487;2.850000;0.000000
7.198377;-26.146942;49.353793;-1.661967;0.012983;2.850000;0.000000
7.398332;-26.164859;49.154975;-1.658824;0.018502;2.850000;0.000000
7.598287;-26.182026;48.956273;-1.654582;0.024043;2.850000;0.000000
7.798242;-26.198226;48.757660;-1.649237;0.029602;2.850000;0.000000
7.998197;-26.213243;48.559116;-1.643214;0.034073;2.850000;0.000000
8.198152;-26.227020;48.360741;-1.638394;0.017532;2.850000;0.000000
8.398107;-26.240104;48.162352;-1.636557;0.000943;2.850000;0.000000
8.598062;-26.253155;47.963899;-1.638018;-0.015622;2.850000;0.000000
8.798017;-26.266833;47.765334;-1.642768;-0.032093;2.850000;0.000000
8.997972;-26.281798;47.566609;-1.650790;-0.048394;2.850000;0.000000
9.197927;-26.298711;47.367675;-1.662057;-0.064435;2.850000;0.000000
9.397881;-26.318232;47.168484;-1.676527;-0.080105;2.850000;0.000000
9.597836;-26.341022;46.968987;-1.694141;-0.095271;2.850000;0.000000
9.797791;-26.367741;46.769137;-1.714825;-0.109773;2.850000;0.000000
9.997746;-26.399058;46.568831;-1.738716;-0.123957;2.850000;0.000000
10.197701;-26.435832;46.367461;-1.766568;-0.147494;2.850000;0.000000
10.397656;-26.478755;46.166951;-1.799455;-0.173450;2.850000;-0.173142
10.597611;-26.528671;45.968544;-1.837890;-0.202505;2.837826;-1.238931
10.797566;-26.586421;45.773482;-1.882390;-0.235244;2.749145;-1.076827
10.997521;-26.652847;45.583007;-1.933535;-0.272068;2.669675;-0.896345
11.197476;-26.728791;45.398363;-1.991929;-0.313022;2.601674;-0.693497
11.397431;-26.815095;45.220790;-2.058134;-0.357549;2.547817;-0.465769
11.597386;-26.912602;45.051531;-2.132575;-0.404164;2.510997;-0.214262
11.797341;-27.022154;44.891829;-2.215392;-0.450140;2.493876;-0.013862
11.997295;-27.144558;44.742962;-2.304497;-0.482790;2.492765;-0.013862
12.197250;-27.279883;44.605972;-2.392567;-0.438544;2.491653;0.263520
12.397205;-27.427276;44.480096;-2.473062;-0.391180;2.512711;0.516113
12.597160;-27.585382;44.364669;-2.545089;-0.344401;2.553452;0.739918
12.797115;-27.752843;44.259031;-2.608932;-0.300504;2.610750;0.936556
12.997070;-27.928306;44.162517;-2.665095;-0.260610;2.681521;1.110026
13.197025;-28.110414;44.074464;-2.714185;-0.225019;2.763054;1.220363
13.396980;-28.297812;43.994212;-2.756820;-0.193515;2.850000;0.000000
13.596935;-28.489144;43.921095;-2.793577;-0.165603;2.850000;0.000000
13.796890;-28.683054;43.854453;-2.824953;-0.140644;2.850000;0.000000
13.996845;-28.878127;43.793639;-2.851632;-0.119517;2.850000;0.000000
14.196800;-29.073024;43.738097;-2.874894;-0.108471;2.850000;0.000000
14.396755;-29.267991;43.687126;-2.895565;-0.096589;2.850000;0.000000
14.596709;-29.463039;43.640159;-2.913691;-0.084030;2.850000;0.000000
14.796664;-29.658183;43.596628;-2.929188;-0.070941;2.850000;0.000000
14.996619;-29.853433;43.555967;-2.941996;-0.057454;2.850000;0.000000
15.196574;-30.048804;43.517609;-2.952066;-0.043683;2.850000;0.000000
15.396529;-30.244306;43.480987;-2.959369;-0.029728;2.850000;0.000000
15.596484;-30.439954;43.445533;-2.963883;-0.015676;2.850000;0.000000
15.796439;-30.635759;43.410680;-2.965602;-0.001605;2.850000;0.000000
15.996394;-30.831758;43.375858;-2.964999;0.009644;2.850000;0.000000
16.196349;-31.028077;43.340670;-2.963776;0.004606;2.850000;0.000000
16.396304;-31.224574;43.305263;-2.963356;-0.000401;2.850000;0.000000
16.596259;-31.421247;43.269841;-2.963935;-0.005386;2.850000;0.000000
16.796214;-31.618093;43.234607;-2.965509;-0.010359;2.850000;0.000000
16.996169;-31.815110;43.199763;-2.968079;-0.015327;2.850000;0.000000
17.196123;-32.012294;43.165513;-2.971644;-0.020298;2.850000;0.000000
17.396078;-32.209644;43.132059;-2.976205;-0.025279;2.850000;0.000000
17.596033;-32.407156;43.099605;-2.981765;-0.030277;2.850000;0.000000
17.795988;-32.604829;43.068354;-2.988326;-0.035297;2.850000;0.000000
17.995943;-32.802650;43.038510;-2.995634;-0.038759;2.850000;0.000000
18.195898;-33.000567;43.010179;-3.002805;-0.033931;2.850000;0.000000
18.395853;-33.198628;42.983197;-3.009103;-0.029082;2.850000;0.000000
18.595808;-33.396821;42.957370;-3.014430;-0.024219;2.850000;0.000000
18.795763;-33.595136;42.932503;-3.018783;-0.019347;2.850000;0.000000
18.995718;-33.793561;42.908400;-3.022163;-0.014471;2.850000;0.000000
19.195673;-33.992086;42.884869;-3.024569;-0.009595;2.850000;0.000000
19.395628;-34.190701;42.861712;-3.026000;-0.004722;2.850000;0.000000
19.595583;-34.389393;42.838737;-3.026458;0.000146;2.850000;0.000000
19.795538;-34.588154;42.815748;-3.025942;0.005005;2.850000;0.000000
19.995492;-34.786959;42.792552;-3.024301;0.010844;2.850000;0.000000
20.195447;-34.985724;42.768901;-3.021014;0.021446;2.850000;0.000000
20.395402;-35.184413;42.744394;-3.015658;0.032062;2.850000;0.000000
20.595357;-35.382919;42.718615;-3.008175;0.042715;2.850000;0.000000
20.795312;-35.581136;42.691148;-2.998557;0.053416;2.850000;0.000000
20.995267;-35.778957;42.661578;-2.986797;0.064173;2.850000;0.000000
21.195222;-35.976276;42.629489;-2.972888;0.074978;2.850000;0.000000
21.395177;-36.172988;42.594465;-2.956824;0.085814;2.850000;0.000000
21.595132;-36.368985;42.556091;-2.938603;0.096645;2.850000;0.000000
21.795087;-36.564162;42.513952;-2.918228;0.107418;2.850000;0.000000
21.995042;-36.758426;42.467628;-2.896013;0.116032;2.850000;0.000000
22.194997;-36.951724;42.416814;-2.872990;0.115415;2.850000;0.000000
22.394952;-37.143869;42.361533;-2.849964;0.114903;2.850000;0.000000
22.594906;-37.334747;42.301835;-2.827023;0.114499;2.850000;0.000000
22.794861;-37.524240;42.237770;-2.804149;0.114203;2.850000;0.000000
22.994816;-37.712233;42.169389;-2.781321;0.114017;2.850000;0.000000
23.194771;-37.898609;42.096741;-2.758520;0.113940;2.850000;0.000000
23.394726;-38.083252;42.019875;-2.735727;0.113975;2.850000;0.000000
23.594681;-38.266047;41.938843;-2.712922;0.114119;2.850000;0.000000
23.794636;-38.446876;41.853695;-2.690085;0.114375;2.850000;0.000000
23.994591;-38.625658;41.764462;-2.667345;0.113650;2.850000;0.000000
24.194546;-38.802434;41.671179;-2.645216;0.108337;2.850000;0.000000
24.394501;-38.977110;41.574113;-2.624103;0.102957;2.850000;0.000000
24.594456;-39.149752;41.473474;-2.604068;0.097541;2.850000;0.000000
24.794411;-39.320427;41.369473;-2.585114;0.092116;2.850000;0.000000
24.994366;-39.489201;41.262318;-2.567239;0.086705;2.850000;0.000000
25.194320;-39.656141;41.152222;-2.550437;0.081325;2.850000;0.000000
25.394275;-39.821314;41.039394;-2.534703;0.075989;2.850000;0.000000
25.594230;-39.984785;40.924045;-2.520029;0.070704;2.850000;0.000000
25.794185;-40.146621;40.806385;-2.506403;0.065476;2.850000;0.000000
25.994140;-40.306904;40.686614;-2.493643;0.061572;2.850000;0.000000
26.194095;-40.465703;40.564849;-2.481201;0.062318;2.850000;0.000000
26.394050;-40.622935;40.441142;-2.468658;0.063074;2.850000;0.000000
26.594005;-40.778560;40.315488;-2.455965;0.063837;2.850000;0.000000
26.793960;-40.932536;40.187885;-2.443122;0.064608;2.850000;0.000000
26.993915;-41.084821;40.058327;-2.430126;0.065383;2.850000;0.000000
27.193870;-41.235377;39.926811;-2.416977;0.066163;2.850000;0.000000
27.393825;-41.384160;39.793333;-2.403674;0.066945;2.850000;0.000000
27.593780;-41.531132;39.657887;-2.390215;0.067729;2.850000;0.000000
27.793734;-41.676249;39.520471;-2.376602;0.068512;2.850000;0.000000
27.993689;-41.819461;39.381092;-2.362900;0.068779;2.850000;0.000000
28.193644;-41.960718;39.239792;-2.349307;0.067425;2.850000;0.000000
28.393599;-42.100075;39.096585;-2.335969;0.066072;2.850000;0.000000
28.593554;-42.237552;38.951528;-2.322899;0.064720;2.850000;0.000000
28.793509;-42.373166;38.804675;-2.310096;0.063374;2.850000;0.000000
28.993464;-42.506938;38.656085;-2.297559;0.062035;2.850000;0.000000
29.193419;-42.638886;38.505813;-2.285286;0.060705;2.850000;0.000000
29.393374;-42.769030;38.353915;-2.273275;0.059386;2.850000;0.000000
29.593329;-42.897388;38.200447;-2.261524;0.058080;2.850000;0.000000
29.793284;-43.023981;38.045466;-2.250032;0.056788;2.850000;0.000000
29.993239;-43.148785;37.889080;-2.238741;0.055980;2.850000;0.000000
30.193194;-43.271733;37.731425;-2.227481;0.056494;2.850000;0.000000
30.393148;-43.392905;37.572373;-2.216132;0.057024;2.850000;0.000000
30.593103;-43.512264;37.411939;-2.204674;0.057569;2.850000;0.000000
30.793058;-43.629773;37.250135;-2.193106;0.058128;2.850000;0.000000
30.993013;-43.745394;37.086975;-2.181425;0.058702;2.850000;0.000000
31.192968;-43.859090;36.922471;-2.169627;0.059289;2.850000;0.000000
31.392923;-43.970824;36.756636;-2.157711;0.059888;2.850000;0.000000
31.592878;-44.080559;36.589484;-2.145675;0.060500;2.850000;0.000000
31.792833;-44.188257;36.421027;-2.133516;0.061124;2.850000;0.000000
31.992788;-44.293883;36.251274;-2.121272;0.061432;2.850000;0.000000
32.192743;-44.397419;36.080238;-2.109052;0.060887;2.850000;0.000000
32.392698;-44.498862;35.907960;-2.096933;0.060344;2.850000;0.000000
32.592653;-44.598220;35.734471;-2.084923;0.059803;2.850000;0.000000
32.792608;-44.695497;35.559803;-2.073020;0.059264;2.850000;0.000000
32.992563;-44.790703;35.383987;-2.061224;0.058730;2.850000;0.000000
33.192517;-44.883843;35.207054;-2.049533;0.058201;2.850000;0.000000
33.392472;-44.974925;35.029037;-2.037947;0.057677;2.850000;0.000000
33.592427;-45.063954;34.849966;-2.026465;0.057159;2.850000;0.000000
33.792382;-45.150938;34.669873;-2.015082;0.056647;2.850000;0.000000
33.992337;-45.235903;34.488748;-2.003765;0.056409;2.850000;0.000000
34.192292;-45.318867;34.306563;-1.992426;0.056855;2.850000;0.000000
34.392247;-45.399749;34.123452;-1.980997;0.057331;2.850000;0.000000
34.592202;-45.478513;33.939450;-1.969471;0.057838;2.850000;0.000000
34.792157;-45.555125;33.754592;-1.957844;0.058374;2.850000;0.000000
34.992112;-45.629548;33.568911;-1.946110;0.058940;2.850000;0.000000
35.192067;-45.701748;33.382441;-1.934265;0.059535;2.850000;0.000000
35.392022;-45.771689;33.195218;-1.922304;0.060160;2.850000;0.000000
35.591977;-45.839336;33.007276;-1.910222;0.060814;2.850000;0.000000
35.791931;-45.904653;32.818648;-1.898011;0.061497;2.850000;0.000000
35.991886;-45.967660;32.629203;-1.885787;0.061108;2.850000;0.000000
36.191841;-46.028438;32.438751;-1.873894;0.058184;2.850000;0.000000
36.391796;-46.086971;32.247691;-1.862564;0.055207;2.850000;0.000000
36.591751;-46.143381;32.056040;-1.851836;0.052185;2.850000;0.000000
36.791706;-46.197789;31.863815;-1.841716;0.049128;2.850000;0.000000
36.991661;-46.250316;31.671033;-1.832207;0.046044;2.850000;0.000000
37.191616;-46.301084;31.477711;-1.823314;0.042940;2.850000;0.000000
37.391571;-46.350215;31.283867;-1.815039;0.039821;2.850000;0.000000
37.591526;-46.397829;31.089516;-1.807384;0.036695;2.850000;0.000000
37.791481;-46.444049;30.894678;-1.800347;0.033565;2.850000;0.000000
37.991436;-46.488941;30.699601;-1.793595;0.033475;2.850000;0.000000
38.191391;-46.532448;30.504499;-1.786309;0.038966;2.850000;0.000000
38.391345;-46.574457;30.308959;-1.777964;0.044483;2.850000;0.000000
38.591300;-46.614736;30.112993;-1.768509;0.050036;2.850000;0.000000
38.791255;-46.653055;29.916615;-1.757939;0.055629;2.850000;0.000000
38.991210;-46.689183;29.719839;-1.746246;0.061266;2.850000;0.000000
39.191165;-46.722889;29.522680;-1.733423;0.066948;2.850000;0.000000
39.391120;-46.753942;29.325149;-1.719464;0.072671;2.850000;0.000000
39.591075;-46.782112;29.127262;-1.704363;0.078427;2.850000;0.000000
39.791030;-46.807167;28.929031;-1.688123;0.084205;2.850000;0.000000
39.990985;-46.828884;28.730441;-1.671202;0.085757;2.850000;0.000000
40.190940;-46.847217;28.531495;-1.654695;0.079980;2.850000;0.000000
40.390895;-46.862368;28.332276;-1.639296;0.074168;2.850000;0.000000
40.590850;-46.874568;28.132820;-1.625056;0.068342;2.850000;0.000000
40.790805;-46.884046;27.933163;-1.611978;0.062517;2.850000;0.000000
40.990759;-46.891029;27.733342;-1.600059;0.056705;2.850000;0.000000
41.190714;-46.895747;27.533390;-1.589297;0.050913;2.850000;0.000000
41.390669;-46.898430;27.333346;-1.579688;0.045144;2.850000;0.000000
41.590624;-46.899305;27.133243;-1.571229;0.039401;2.850000;0.000000
41.790579;-46.898603;26.933118;-1.563908;0.033682;2.850000;0.000000
41.990534;-46.896548;26.732975;-1.557382;0.031132;2.850000;0.000000
42.190489;-46.893233;26.532825;-1.550870;0.033618;2.850000;0.000000
42.390444;-46.888572;26.332742;-1.543892;0.036115;2.850000;0.000000
42.590399;-46.882467;26.132746;-1.536415;0.038623;2.850000;0.000000
42.790354;-46.874818;25.932859;-1.528438;0.041141;2.850000;0.000000
42.990309;-46.865528;25.733104;-1.519958;0.043670;2.850000;0.000000
43.190264;-46.854498;25.533502;-1.510974;0.046208;2.850000;0.000000
43.390219;-46.841629;25.334075;-1.501486;0.048752;2.850000;0.000000
43.590174;-46.826823;25.134845;-1.491491;0.051301;2.850000;0.000000
43.790128;-46.809980;24.935834;-1.480995;0.053852;2.850000;0.000000
43.990083;-46.790999;24.737002;-1.470228;0.054194;2.850000;0.000000
44.190038;-46.769868;24.538327;-1.459709;0.051308;2.850000;0.000000
44.389993;-46.746702;24.339884;-1.449748;0.048403;2.850000;0.000000
44.589948;-46.721616;24.141656;-1.440369;0.045484;2.850000;0.000000
44.789903;-46.694724;23.943628;-1.431571;0.042555;2.850000;0.000000
44.989858;-46.666142;23.745785;-1.423358;0.039621;2.850000;0.000000
45.189813;-46.635983;23.548109;-1.415728;0.036686;2.850000;0.000000
45.389768;-46.604363;23.350586;-1.408683;0.033751;2.850000;0.000000
45.589723;-46.571397;23.153200;-1.402222;0.030820;2.850000;0.000000
45.789678;-46.537198;22.955934;-1.396336;0.027894;2.850000;0.000000
45.989633;-46.501905;22.758928;-1.390651;0.028565;2.850000;0.000000
46.189588;-46.465501;22.562254;-1.384380;0.033867;2.850000;0.000000
46.389542;-46.427758;22.365793;-1.377073;0.039188;2.850000;0.000000
46.589497;-46.388473;22.169625;-1.368698;0.044533;2.850000;0.000000
46.789452;-46.347446;21.973831;-1.359252;0.049904;2.850000;0.000000
46.989407;-46.304475;21.778493;-1.348731;0.055301;2.850000;0.000000
47.189362;-46.259358;21.583692;-1.337131;0.060724;2.850000;0.000000
47.389317;-46.211892;21.389510;-1.324448;0.066166;2.850000;0.000000
47.589272;-46.161877;21.196026;-1.310680;0.071621;2.850000;0.000000
47.789227;-46.109110;21.003323;-1.295844;0.077075;2.850000;0.000000
47.989182;-46.053397;20.811480;-1.280507;0.076990;2.850000;0.000000
48.189137;-45.994754;20.620512;-1.265848;0.070101;2.850000;0.000000
48.389092;-45.933430;20.430350;-1.252531;0.063197;2.850000;0.000000
48.589047;-45.869693;20.240927;-1.240590;0.056295;2.850000;0.000000
48.789002;-45.803808;20.052174;-1.230024;0.049406;2.850000;0.000000
48.988956;-45.736041;19.864023;-1.220831;0.042536;2.850000;0.000000
49.188911;-45.666656;19.676404;-1.213007;0.035690;2.850000;0.000000
49.388866;-45.595921;19.489251;-1.206549;0.028865;2.850000;0.000000
49.588821;-45.524099;19.302494;-1.201455;0.022057;2.850000;0.000000
49.788776;-45.451458;19.116065;-1.197713;0.015260;2.850000;0.000000
49.988731;-45.378246;18.929864;-1.195083;0.010816;2.850000;0.000000
50.188686;-45.304631;18.743834;-1.193076;0.009116;2.850000;0.000000
50.388641;-45.230694;18.557982;-1.191423;0.007412;2.850000;0.000000
50.588596;-45.156495;18.372274;-1.190111;0.005706;2.850000;0.000000
50.788551;-45.082096;18.186679;-1.189141;0.003997;2.850000;0.000000
50.988506;-45.007557;18.001166;-1.188513;0.002287;2.850000;0.000000
51.188461;-44.932940;17.815703;-1.188226;0.000577;2.850000;0.000000
51.388416;-44.858305;17.630259;-1.188282;-0.001135;2.850000;0.000000
51.588370;-44.783714;17.444801;-1.188680;-0.002846;2.850000;0.000000
51.788325;-44.709228;17.259298;-1.189410;-0.004557;2.850000;0.000000
51.988280;-44.634899;17.073708;-1.190217;-0.003734;2.850000;0.000000
52.188235;-44.560694;16.888041;-1.190590;-0.000125;2.850000;0.000000
52.388190;-44.486491;16.702365;-1.190254;0.003484;2.850000;0.000000
52.588145;-44.412156;16.516736;-1.189197;0.007092;2.850000;0.000000
52.788100;-44.337558;16.331212;-1.187418;0.010700;2.850000;0.000000
52.988055;-44.262564;16.145848;-1.184918;0.014309;2.850000;0.000000
53.188010;-44.187040;15.960701;-1.181696;0.017918;2.850000;0.000000
53.387965;-44.110855;15.775830;-1.177752;0.021528;2.850000;0.000000
53.587920;-44.033875;15.591289;-1.173086;0.025138;2.850000;0.000000
53.787875;-43.955968;15.407136;-1.167720;0.028745;2.850000;0.000000
53.987830;-43.877016;15.223442;-1.162163;0.027271;2.850000;0.000000
54.187784;-43.797075;15.040183;-1.157402;0.020574;2.850000;0.000000
54.387739;-43.716375;14.857243;-1.153957;0.013881;2.850000;0.000000
54.587694;-43.635162;14.674517;-1.151851;0.007190;2.850000;0.000000
54.787649;-43.553684;14.491900;-1.151082;0.000501;2.850000;0.000000
54.987604;-43.472187;14.309289;-1.151650;-0.006187;2.850000;0.000000
55.187559;-43.390916;14.126580;-1.153556;-0.012876;2.850000;0.000000
55.387514;-43.310119;13.943668;-1.156800;-0.019568;2.850000;0.000000
55.587469;-43.230042;13.760450;-1.161382;-0.026261;2.850000;0.000000
55.787424;-43.150932;13.576821;-1.167273;-0.032955;2.850000;0.000000
55.987379;-43.073019;13.392672;-1.173811;-0.032984;2.850000;0.000000
56.187334;-42.996306;13.208002;-1.179738;-0.026557;2.850000;0.000000
56.387289;-42.920573;13.022920;-1.184406;-0.020131;2.850000;0.000000
56.587244;-42.845583;12.837530;-1.187790;-0.013708;2.850000;0.000000
56.787199;-42.771101;12.651932;-1.189889;-0.007286;2.850000;0.000000
56.987153;-42.696891;12.466231;-1.190704;-0.000865;2.850000;0.000000
57.187108;-42.622717;12.280527;-1.190235;0.005558;2.850000;0.000000
57.387063;-42.548345;12.094924;-1.188482;0.011984;2.850000;0.000000
57.587018;-42.473537;11.909524;-1.185443;0.018417;2.850000;0.000000
57.786973;-42.398059;11.724429;-1.181143;0.024855;2.850000;0.000000
57.986928;-42.321665;11.539690;-1.176145;0.025608;2.850000;0.000000
58.186883;-42.244326;11.355324;-1.171487;0.021184;2.850000;0.000000
58.386838;-42.166212;11.171299;-1.167695;0.016754;2.850000;0.000000
58.586793;-42.087483;10.987540;-1.164789;0.012321;2.850000;0.000000
58.786748;-42.008300;10.803972;-1.162769;0.007887;2.850000;0.000000
58.986703;-41.928824;10.620519;-1.161635;0.003453;2.850000;0.000000
59.186658;-41.849214;10.437105;-1.161388;-0.000980;2.850000;0.000000
59.386613;-41.769631;10.253655;-1.162027;-0.005410;2.850000;0.000000
59.586567;-41.690236;10.070093;-1.163551;-0.009836;2.850000;0.000000
59.786522;-41.611188;9.886344;-1.165941;-0.014257;2.850000;0.000000
59.986477;-41.532685;9.702437;-1.168821;-0.014844;2.850000;0.000000
60.186432;-41.454744;9.518347;-1.171517;-0.012234;2.850000;0.000000
60.386387;-41.377240;9.334036;-1.173702;-0.009629;2.850000;0.000000
60.586342;-41.300082;9.149552;-1.175368;-0.007026;2.850000;0.000000
60.786297;-41.223176;8.964944;-1.176513;-0.004427;2.850000;0.000000
60.986252;-41.146431;8.780262;-1.177138;-0.001828;2.850000;0.000000
61.186207;-41.069754;8.595553;-1.177244;0.000770;2.850000;0.000000
61.386162;-40.993053;8.410868;-1.176830;0.003369;2.850000;0.000000
61.586117;-40.916237;8.226253;-1.175897;0.005970;2.850000;0.000000
61.786072;-40.839211;8.041759;-1.174454;0.008574;2.850000;0.000000
61.986027;-40.761852;7.857344;-1.172715;0.008982;2.850000;0.000000
62.185981;-40.684150;7.673034;-1.171061;0.007627;2.850000;0.000000
62.385936;-40.606180;7.488872;-1.169671;0.006270;2.850000;0.000000
62.585891;-40.527988;7.304833;-1.168553;0.004911;2.850000;0.000000
62.785846;-40.449624;7.120888;-1.167707;0.003551;2.850000;0.000000
62.985801;-40.371135;6.937011;-1.167133;0.002190;2.850000;0.000000
63.185756;-40.292567;6.753175;-1.166832;0.000829;2.850000;0.000000
63.385711;-40.213970;6.569352;-1.166802;-0.000533;2.850000;0.000000
63.585666;-40.135390;6.385516;-1.167045;-0.001894;2.850000;0.000000
63.785621;-40.056875;6.201640;-1.167554;-0.003255;2.850000;0.000000
63.985576;-39.978488;6.017737;-1.168246;-0.003728;2.850000;0.000000
64.185531;-39.900242;5.833788;-1.168971;-0.003546;2.850000;0.000000
64.385486;-39.822120;5.649766;-1.169661;-0.003364;2.850000;0.000000
64.585441;-39.744115;5.465677;-1.170316;-0.003182;2.850000;0.000000
64.785395;-39.666221;5.281525;-1.170934;-0.003000;2.850000;0.000000
64.985350;-39.588433;5.097313;-1.171516;-0.002818;2.850000;0.000000
65.185305;-39.510744;4.913047;-1.172061;-0.002637;2.850000;0.000000
65.385260;-39.433148;4.728730;-1.172570;-0.002455;2.850000;0.000000
65.585215;-39.355639;4.544367;-1.173043;-0.002274;2.850000;0.000000
65.785170;-39.278211;4.359962;-1.173484;-0.002093;2.850000;0.000000
65.985125;-39.200868;4.175540;-1.173967;-0.002673;2.850000;0.000000
66.185080;-39.123630;3.991087;-1.174613;-0.003782;2.850000;0.000000
66.385035;-39.046530;3.806576;-1.175481;-0.004891;2.850000;0.000000
66.584990;-38.969612;3.621990;-1.176570;-0.006000;2.850000;0.000000
66.784945;-38.892916;3.437315;-1.177880;-0.007109;2.850000;0.000000
66.984900;-38.816485;3.252536;-1.179413;-0.008219;2.850000;0.000000
67.184855;-38.740361;3.067639;-1.181167;-0.009330;2.850000;0.000000
67.384809;-38.664585;2.882609;-1.183144;-0.010441;2.850000;0.000000
67.584764;-38.589200;2.697431;-1.185343;-0.011553;2.850000;0.000000
67.784719;-38.514247;2.512090;-1.187749;-0.012665;2.850000;0.000000
67.984674;-38.439751;2.326544;-1.190128;-0.011330;2.850000;0.000000
68.184629;-38.365670;2.140821;-1.192095;-0.008388;2.850000;0.000000
68.384584;-38.291903;1.954980;-1.193478;-0.005445;2.850000;0.000000
68.584539;-38.218339;1.769062;-1.194273;-0.002502;2.850000;0.000000
68.784494;-38.144869;1.583108;-1.194479;0.000441;2.850000;0.000000
68.984449;-38.071382;1.397158;-1.194096;0.003385;2.850000;0.000000
69.184404;-37.997767;1.211254;-1.193125;0.006327;2.850000;0.000000
69.384359;-37.923915;1.025437;-1.191566;0.009269;2.850000;0.000000
69.584314;-37.849714;0.839748;-1.189418;0.012210;2.850000;0.000000
69.784269;-37.775055;0.654227;-1.186710;0.015148;2.850000;0.000000
69.984224;-37.699855;0.468957;-1.183834;0.013940;2.850000;0.000000
70.184178;-37.624145;0.283904;-1.181427;0.010195;2.850000;0.000000
70.384133;-37.548053;0.098992;-1.179763;0.006452;2.850000;0.000000
70.584088;-37.471717;-0.085832;-1.178847;0.002711;2.850000;0.000000
70.784043;-37.395279;-0.270620;-1.178679;-0.001029;2.850000;0.000000
70.983998;-37.318878;-0.455425;-1.179258;-0.004770;2.850000;0.000000
71.183953;-37.242655;-0.640298;-1.180586;-0.008511;2.850000;0.000000
71.383908;-37.166751;-0.825293;-1.182662;-0.012254;2.850000;0.000000
71.583863;-37.091305;-1.010461;-1.185487;-0.015999;2.850000;0.000000
71.783818;-37.016458;-1.195854;-1.189027;-0.019746;2.850000;0.000000
71.983773;-36.942319;-1.381567;-1.192813;-0.018513;2.850000;0.000000
72.183728;-36.868860;-1.567565;-1.196095;-0.014383;2.850000;0.000000
72.383683;-36.795941;-1.753763;-1.198558;-0.010252;2.850000;0.000000
72.583638;-36.723406;-1.940104;-1.200195;-0.006119;2.850000;0.000000
72.783592;-36.651102;-2.126528;-1.201005;-0.001985;2.850000;0.000000
72.983547;-36.578873;-2.312975;-1.200989;0.002149;2.850000;0.000000
73.183502;-36.506566;-2.499388;-1.200146;0.006284;2.850000;0.000000
73.383457;-36.434025;-2.685706;-1.198476;0.010419;2.850000;0.000000
73.583412;-36.361098;-2.871871;-1.195980;0.014553;2.850000;0.000000
73.783367;-36.287629;-3.057824;-1.192685;0.018687;2.850000;0.000000
73.983322;-36.213490;-3.243469;-1.188965;0.018851;2.850000;0.000000
74.183277;-36.138659;-3.428822;-1.185400;0.016865;2.850000;0.000000
74.383232;-36.063199;-3.613934;-1.182227;0.014880;2.850000;0.000000
74.583187;-35.987182;-3.798834;-1.179451;0.012894;2.850000;0.000000
74.783142;-35.910682;-3.983555;-1.177071;0.010909;2.850000;0.000000
74.983097;-35.833773;-4.168125;-1.175088;0.008925;2.850000;0.000000
75.183052;-35.756526;-4.352577;-1.173502;0.006942;2.850000;0.000000
75.383006;-35.679015;-4.536940;-1.172312;0.004959;2.850000;0.000000
75.582961;-35.601314;-4.721244;-1.171518;0.002978;2.850000;0.000000
75.782916;-35.523495;-4.905521;-1.171121;0.000998;2.850000;0.000000
75.982871;-35.445647;-5.089766;-1.171135;-0.001127;2.850000;0.000000
76.182826;-35.367842;-5.274023;-1.171581;-0.003324;2.850000;0.000000
76.382781;-35.290158;-5.458336;-1.172466;-0.005523;2.850000;0.000000
76.582736;-35.212679;-5.642732;-1.173790;-0.007722;2.850000;0.000000
76.782691;-35.135490;-5.827237;-1.175555;-0.009923;2.850000;0.000000
76.982646;-35.058674;-6.011877;-1.177759;-0.012127;2.850000;0.000000
77.182601;-34.982316;-6.196677;-1.180405;-0.014334;2.850000;0.000000
77.382556;-34.906501;-6.381665;-1.183491;-0.016545;2.850000;0.000000
77.582511;-34.831313;-6.566866;-1.187020;-0.018760;2.850000;0.000000
77.782466;-34.756837;-6.752306;-1.190957;-0.020979;2.850000;0.000000
77.982420;-34.683089;-6.938145;-1.194878;-0.018630;2.850000;0.000000
78.182375;-34.610021;-7.124286;-1.198140;-0.014038;2.850000;0.000000
78.382330;-34.537486;-7.310605;-1.200487;-0.009440;2.850000;0.000000
78.582285;-34.465309;-7.497044;-1.201914;-0.004837;2.850000;0.000000
78.782240;-34.393315;-7.683545;-1.202421;-0.000233;2.850000;0.000000
78.982195;-34.321330;-7.870051;-1.202007;0.004370;2.850000;0.000000
79.182150;-34.249178;-8.056504;-1.200673;0.008972;2.850000;0.000000
79.382105;-34.176684;-8.242846;-1.198420;0.013570;2.850000;0.000000
79.582060;-34.103673;-8.429019;-1.195247;0.018161;2.850000;0.000000
79.782015;-34.029971;-8.614965;-1.191203;0.022743;2.850000;0.000000
79.981970;-33.955478;-8.800491;-1.186815;0.021642;2.850000;0.000000
80.181925;-33.880188;-8.985681;-1.182852;0.018032;2.850000;0.000000
80.381880;-33.804215;-9.170641;-1.179607;0.014430;2.850000;0.000000
80.581835;-33.727695;-9.355411;-1.177081;0.010834;2.850000;0.000000
80.781789;-33.650768;-9.540033;-1.175273;0.007243;2.850000;0.000000
80.981744;-33.573570;-9.724549;-1.174183;0.003655;2.850000;0.000000
81.181699;-33.496242;-9.909000;-1.173811;0.000068;2.850000;0.000000
81.381654;-33.418920;-10.093428;-1.174156;-0.003522;2.850000;0.000000
81.581609;-33.341743;-10.277874;-1.175220;-0.007117;2.850000;0.000000
81.781564;-33.264849;-10.462380;-1.176978;-0.010718;2.850000;0.000000
81.981519;-33.188285;-10.647185;-1.179144;-0.011224;2.850000;0.000000
82.181474;-33.112124;-10.832186;-1.181306;-0.010414;2.850000;0.000000
82.381429;-33.036370;-11.017295;-1.183308;-0.009601;2.850000;0.000000
82.581384;-32.960988;-11.202508;-1.185146;-0.008784;2.850000;0.000000
82.781339;-32.885943;-11.387823;-1.186821;-0.007966;2.850000;0.000000
82.981294;-32.811203;-11.573236;-1.188331;-0.007145;2.850000;0.000000
83.181249;-32.736732;-11.758743;-1.189677;-0.006323;2.850000;0.000000
83.381203;-32.662497;-11.944340;-1.190859;-0.005499;2.850000;0.000000
83.581158;-32.588464;-12.130024;-1.191876;-0.004675;2.850000;0.000000
83.781113;-32.514599;-12.315792;-1.192721;-0.003850;2.850000;0.000000
83.981068;-32.440892;-12.501571;-1.193324;-0.002251;2.850000;0.000000
84.181023;-32.367269;-12.687383;-1.193585;-0.000365;2.850000;0.000000
84.380978;-32.293650;-12.873224;-1.193469;0.001520;2.850000;0.000000
84.580933;-32.219965;-13.059065;-1.192977;0.003404;2.850000;0.000000
84.780888;-32.146145;-13.244879;-1.192108;0.005287;2.850000;0.000000
84.980843;-32.072120;-13.430635;-1.190863;0.007170;2.850000;0.000000
85.180798;-31.997821;-13.616306;-1.189241;0.009051;2.850000;0.000000
85.380753;-31.923177;-13.801861;-1.187242;0.010931;2.850000;0.000000
85.580708;-31.848120;-13.987274;-1.184868;0.012810;2.850000;0.000000
85.780663;-31.772580;-14.172515;-1.182158;0.014688;2.850000;0.000000
85.980617;-31.696545;-14.357455;-1.179502;0.012286;2.850000;0.000000
86.180572;-31.620063;-14.542192;-1.177431;0.008447;2.850000;0.000000
86.380527;-31.543262;-14.726816;-1.176125;0.004611;2.850000;0.000000
86.580482;-31.466287;-14.911379;-1.175587;0.000776;2.850000;0.000000
86.780437;-31.389281;-15.095934;-1.175815;-0.003058;2.850000;0.000000
86.980392;-31.312389;-15.280537;-1.176810;-0.006893;2.850000;0.000000
87.180347;-31.235753;-15.465239;-1.178572;-0.010729;2.850000;0.000000
87.380302;-31.159518;-15.650095;-1.181101;-0.014567;2.850000;0.000000
87.580257;-31.083828;-15.835158;-1.184397;-0.018408;2.850000;0.000000
87.780212;-31.008826;-16.020482;-1.188399;-0.022251;2.850000;0.000000
87.980167;-30.934611;-16.206165;-1.192508;-0.019507;2.850000;0.000000
88.180122;-30.861118;-16.392140;-1.195925;-0.014691;2.850000;0.000000
88.380077;-30.788175;-16.578321;-1.198381;-0.009873;2.850000;0.000000
88.580031;-30.715603;-16.764640;-1.199873;-0.005054;2.850000;0.000000
88.779986;-30.643220;-16.951028;-1.200402;-0.000234;2.850000;0.000000
88.979941;-30.570847;-17.137417;-1.199967;0.004587;2.850000;0.000000
89.179896;-30.498304;-17.323738;-1.198568;0.009407;2.850000;0.000000
89.379851;-30.425411;-17.509922;-1.196205;0.014227;2.850000;0.000000
89.579806;-30.351987;-17.695900;-1.192879;0.019046;2.850000;0.000000
89.779761;-30.277852;-17.881605;-1.188664;0.023862;2.850000;0.000000
89.979716;-30.202867;-18.066949;-1.184235;0.021215;2.850000;0.000000
90.179671;-30.127094;-18.251980;-1.180472;0.016437;2.850000;0.000000
90.379626;-30.050708;-18.436775;-1.177663;0.011661;2.850000;0.000000
90.579581;-29.973887;-18.621401;-1.175808;0.006888;2.850000;0.000000
90.779536;-29.896810;-18.805926;-1.174908;0.002117;2.850000;0.000000
90.979491;-29.819655;-18.990418;-1.174962;-0.002655;2.850000;0.000000
91.179445;-29.742599;-19.174947;-1.175970;-0.007427;2.850000;0.000000
91.379400;-29.665823;-19.359578;-1.177932;-0.012202;2.850000;0.000000
91.579355;-29.589503;-19.544382;-1.180850;-0.016979;2.850000;0.000000
91.779310;-29.513819;-19.729425;-1.184650;-0.021760;2.850000;0.000000
91.979265;-29.438906;-19.914802;-1.188708;-0.019575;2.850000;0.000000
92.179220;-29.364720;-20.100467;-1.192218;-0.015557;2.850000;0.000000
92.379175;-29.291115;-20.286356;-1.194927;-0.011536;2.850000;0.000000
92.579130;-29.217939;-20.472412;-1.196831;-0.007514;2.850000;0.000000
92.779085;-29.145041;-20.658582;-1.197931;-0.003492;2.850000;0.000000
92.979040;-29.072271;-20.844809;-1.198227;0.000530;2.850000;0.000000
93.178995;-28.999477;-21.031039;-1.197719;0.004550;2.850000;0.000000
93.378950;-28.926508;-21.217217;-1.196407;0.008569;2.850000;0.000000
93.578905;-28.853213;-21.403287;-1.194292;0.012585;2.850000;0.000000
93.778860;-28.779441;-21.589195;-1.191426;0.016597;2.850000;0.000000
93.978814;-28.705091;-21.774816;-1.188231;0.015878;2.850000;0.000000
94.178769;-28.630149;-21.960207;-1.185239;0.014048;2.850000;0.000000
94.378724;-28.554680;-22.145404;-1.182613;0.012221;2.850000;0.000000
94.578679;-28.478754;-22.330426;-1.180351;0.010396;2.850000;0.000000
94.778634;-28.402443;-22.515292;-1.178454;0.008573;2.850000;0.000000
94.978589;-28.325818;-22.700020;-1.176922;0.006751;2.850000;0.000000
95.178544;-28.248950;-22.884629;-1.175754;0.004930;2.850000;0.000000
95.378499;-28.171910;-23.069138;-1.174950;0.003109;2.850000;0.000000
95.578454;-28.094769;-23.253566;-1.174511;0.001287;2.850000;0.000000
95.778409;-28.017599;-23.437932;-1.174433;-0.000537;2.850000;0.000000
95.978364;-27.940395;-23.622429;-1.174689;-0.002063;2.850000;0.000000
96.178319;-27.863270;-23.806951;-1.175248;-0.003524;2.850000;0.000000
96.378274;-27.786291;-23.991491;-1.176099;-0.004987;2.850000;0.000000
96.578228;-27.709505;-24.176084;-1.177242;-0.006449;2.850000;0.000000
96.778183;-27.632964;-24.360761;-1.178677;-0.007910;2.850000;0.000000
96.978138;-27.556716;-24.545555;-1.180404;-0.009369;2.850000;0.000000
97.178093;-27.480812;-24.730499;-1.182423;-0.010826;2.850000;0.000000
97.378048;-27.405300;-24.915625;-1.184733;-0.012280;2.850000;0.000000
97.578003;-27.330231;-25.100967;-1.187333;-0.013729;2.850000;0.000000
97.777958;-27.255654;-25.286556;-1.190177;-0.015174;2.850000;0.000000
97.977913;-27.181667;-25.472256;-1.192931;-0.012823;2.850000;0.000000
98.177868;-27.108148;-25.658165;-1.195191;-0.009783;2.850000;0.000000
98.377823;-27.034978;-25.844255;-1.196843;-0.006748;2.850000;0.000000
98.577778;-26.962049;-26.030470;-1.197890;-0.003716;2.850000;0.000000
98.777733;-26.889252;-26.216754;-1.198330;-0.000687;2.850000;0.000000
98.977688;-26.816480;-26.403052;-1.198165;0.002341;2.850000;0.000000
99.177642;-26.743624;-26.589306;-1.197394;0.005371;2.850000;0.000000
99.377597;-26.670576;-26.775462;-1.196016;0.008404;2.850000;0.000000
99.577552;-26.597228;-26.961463;-1.194032;0.011442;2.850000;0.000000
99.777507;-26.523472;-27.147252;-1.191501;0.014486;2.850000;0.000000
99.977462;-26.449150;-27.332961;-1.188865;0.012507;2.850000;0.000000
100.177417;-26.374371;-27.518468;-1.186645;0.009693;2.850000;0.000000
100.377372;-26.299247;-27.703793;-1.184988;0.006875;2.850000;0.000000
100.577327;-26.223880;-27.888988;-1.183896;0.004053;2.850000;0.000000
100.777282;-26.148369;-28.074104;-1.183368;0.001229;2.850000;0.000000
100.977237;-26.072817;-28.259192;-1.183404;-0.001596;2.850000;0.000000
101.177192;-25.997324;-28.444303;-1.184005;-0.004420;2.850000;0.000000
101.377147;-25.921992;-28.629488;-1.185171;-0.007243;2.850000;0.000000
101.577102;-25.846922;-28.814798;-1.186902;-0.010064;2.850000;0.000000
101.777056;-25.772215;-29.000284;-1.189124;-0.012881;2.850000;0.000000
101.977011;-25.698006;-29.185832;-1.191362;-0.010223;2.850000;0.000000
102.176966;-25.624171;-29.371547;-1.193067;-0.006841;2.850000;0.000000
102.376921;-25.550577;-29.557395;-1.194097;-0.003463;2.850000;0.000000
102.576876;-25.477100;-29.743323;-1.194452;-0.000087;2.850000;0.000000
102.776831;-25.403615;-29.929280;-1.194132;0.003286;2.850000;0.000000
102.976786;-25.329999;-30.115213;-1.193138;0.006657;2.850000;0.000000
103.176741;-25.256126;-30.301069;-1.191469;0.010026;2.850000;0.000000
103.376696;-25.181874;-30.486795;-1.189127;0.013395;2.850000;0.000000
103.576651;-25.107117;-30.672340;-1.186111;0.016762;2.850000;0.000000
103.776606;-25.031731;-30.857650;-1.182522;0.020127;2.850000;0.000000
103.976561;-24.955662;-31.042609;-1.179002;0.016061;2.850000;0.000000
104.176516;-24.878997;-31.227328;-1.176281;0.011153;2.850000;0.000000
104.376470;-24.801917;-31.411884;-1.174541;0.006247;2.850000;0.000000
104.576425;-24.724607;-31.596343;-1.173782;0.001342;2.850000;0.000000
104.776380;-24.647250;-31.780774;-1.174004;-0.003563;2.850000;0.000000
104.976335;-24.570031;-31.965244;-1.175208;-0.008472;2.850000;0.000000
105.176290;-24.493134;-32.149821;-1.177393;-0.013384;2.850000;0.000000
105.376245;-24.416745;-32.334573;-1.180560;-0.018303;2.850000;0.000000
105.576200;-24.341046;-32.519567;-1.184711;-0.023229;2.850000;0.000000
105.776155;-24.266224;-32.704871;-1.189713;-0.028161;2.850000;0.000000
105.976110;-24.192344;-32.890701;-1.194716;-0.023256;2.850000;0.000000
106.176065;-24.119335;-33.076860;-1.198776;-0.017347;2.850000;0.000000
106.376020;-24.046978;-33.263253;-1.201653;-0.011431;2.850000;0.000000
106.575975;-23.975053;-33.449799;-1.203347;-0.005513;2.850000;0.000000
106.775930;-23.903334;-33.636420;-1.203857;0.000407;2.850000;0.000000
106.975885;-23.831601;-33.823035;-1.203184;0.006327;2.850000;0.000000
107.175839;-23.759629;-34.009566;-1.201327;0.012246;2.850000;0.000000
107.375794;-23.687195;-34.195933;-1.198287;0.018160;2.850000;0.000000
107.575749;-23.614077;-34.382057;-1.194065;0.024067;2.850000;0.000000
107.775704;-23.540051;-34.567858;-1.188819;0.029964;2.850000;0.000000
107.975659;-23.465020;-34.753116;-1.183475;0.025043;2.850000;0.000000
108.175614;-23.389049;-34.938027;-1.179043;0.019299;2.850000;0.000000
108.375569;-23.312351;-35.122680;-1.175758;0.013564;2.850000;0.000000
108.575524;-23.235140;-35.307151;-1.173618;0.007836;2.850000;0.000000
108.775479;-23.157633;-35.491519;-1.172623;0.002113;2.850000;0.000000
108.975434;-23.080046;-35.675861;-1.172773;-0.003609;2.850000;0.000000
109.175389;-23.002594;-35.860253;-1.174067;-0.009332;2.850000;0.000000
109.375344;-22.925492;-36.044773;-1.176506;-0.015060;2.850000;0.000000
109.575299;-22.848958;-36.229498;-1.180090;-0.020795;2.850000;0.000000
109.775253;-22.773207;-36.414505;-1.184677;-0.026539;2.850000;0.000000
109.975208;-22.698344;-36.599989;-1.189420;-0.022355;2.850000;0.000000
110.175163;-22.624321;-36.785783;-1.193407;-0.017522;2.850000;0.000000
110.375118;-22.550958;-36.971812;-1.196428;-0.012685;2.850000;0.000000
110.575073;-22.478073;-37.158010;-1.198480;-0.007844;2.850000;0.000000
110.775028;-22.405486;-37.344311;-1.199564;-0.003000;2.850000;0.000000
110.974983;-22.333013;-37.530646;-1.199680;0.001845;2.850000;0.000000
111.174938;-22.260474;-37.716950;-1.198826;0.006690;2.850000;0.000000
111.374893;-22.187686;-37.903155;-1.197004;0.011535;2.850000;0.000000
111.574848;-22.114467;-38.089196;-1.194214;0.016378;2.850000;0.000000
111.774803;-22.040636;-38.275005;-1.190574;0.021218;2.850000;0.000000
111.974758;-21.966077;-38.460476;-1.186735;0.018362;2.850000;0.000000
112.174713;-21.890832;-38.645688;-1.183383;0.015173;2.850000;0.000000
112.374667;-21.815019;-38.830687;-1.180668;0.011985;2.850000;0.000000
112.574622;-21.738756;-39.015519;-1.178590;0.008799;2.850000;0.000000
112.774577;-21.662162;-39.200230;-1.177149;0.005615;2.850000;0.000000
112.974532;-21.585357;-39.384866;-1.176345;0.002432;2.850000;0.000000
113.174487;-21.508459;-39.569470;-1.176177;-0.000750;2.850000;0.000000
113.374442;-21.431588;-39.754089;-1.176645;-0.003932;2.850000;0.000000
113.574397;-21.354862;-39.938768;-1.177749;-0.007114;2.850000;0.000000
113.774352;-21.278401;-40.123553;-1.179393;-0.010297;2.850000;0.000000
113.974307;-21.202269;-40.308515;-1.181056;-0.007305;2.850000;0.000000
114.174262;-21.126411;-40.493581;-1.182201;-0.004146;2.850000;0.000000
114.374217;-21.050710;-40.678700;-1.182714;-0.000987;2.850000;0.000000
114.574172;-20.975051;-40.863822;-1.182596;0.002173;2.850000;0.000000
114.774127;-20.899317;-41.048897;-1.181845;0.005335;2.850000;0.000000
114.974081;-20.823392;-41.233875;-1.180462;0.008498;2.850000;0.000000
115.174036;-20.747161;-41.418706;-1.178446;0.011664;2.850000;0.000000
115.373991;-20.670506;-41.603339;-1.175798;0.014831;2.850000;0.000000
115.573946;-20.593313;-41.787726;-1.172517;0.017999;2.850000;0.000000
115.773901;-20.515464;-41.971814;-1.168581;0.021169;2.850000;0.000000
115.973856;-20.436850;-42.155521;-1.163881;0.025657;2.850000;0.000000
116.173811;-20.357300;-42.338812;-1.158305;0.030154;2.850000;0.000000
116.373766;-20.276648;-42.521617;-1.151832;0.034645;2.850000;0.000000
116.573721;-20.194729;-42.703868;-1.144461;0.039128;2.850000;0.000000
116.773676;-20.111377;-42.885496;-1.136195;0.043596;2.850000;0.000000
116.973631;-20.026426;-43.066431;-1.127036;0.048043;2.850000;0.000000
117.173586;-19.939711;-43.246606;-1.116987;0.052460;2.850000;0.000000
117.373541;-19.851066;-43.425950;-1.106053;0.056838;2.850000;0.000000
117.573496;-19.760326;-43.604396;-1.094241;0.061165;2.850000;0.000000
117.773450;-19.667325;-43.781872;-1.081392;0.065504;2.850000;0.000000
117.973405;-19.571922;-43.958124;-1.066663;0.079815;2.850000;0.000000
118.173360;-19.473680;-44.132882;-1.049205;0.094357;2.850000;0.000000
118.373315;-19.372184;-44.305690;-1.028811;0.109177;2.850000;0.000000
118.573270;-19.267022;-44.476092;-1.005438;0.124286;2.850000;0.000000
118.773225;-19.157779;-44.643634;-0.979042;0.139654;2.850000;0.000000
118.973180;-19.044041;-44.807860;-0.949588;0.155198;2.850000;0.000000
119.173135;-18.925394;-44.968314;-0.917057;0.170776;2.850000;0.000000
119.373090;-18.801426;-45.124540;-0.881452;0.186178;2.850000;0.000000
119.573045;-18.671720;-45.276083;-0.842810;0.201124;2.850000;0.000000
119.773000;-18.535868;-45.422484;-0.801480;0.215026;2.850000;0.000000
119.972955;-18.393781;-45.563109;-0.758645;0.215383;2.850000;0.000000
120.172910;-18.245495;-45.697721;-0.715357;0.216860;2.850000;0.000000
120.372864;-18.091347;-45.825889;-0.671621;0.219424;2.850000;0.000000
120.572819;-17.931672;-45.947178;-0.627254;0.223039;2.850000;0.000000
120.772774;-17.766805;-46.061155;-0.582080;0.227664;2.850000;0.000000
120.972729;-17.597082;-46.167387;-0.535928;0.233247;2.850000;0.000000
121.172684;-17.422838;-46.265440;-0.488635;0.239724;2.850000;0.000000
121.372639;-17.244408;-46.354882;-0.440049;0.247004;2.850000;0.000000
121.572594;-17.062127;-46.435277;-0.390031;0.254969;2.850000;0.000000
121.772549;-16.876327;-46.506196;-0.338774;0.263198;2.850000;0.000000
121.972504;-16.686905;-46.567490;-0.288098;0.249686;2.850000;0.000000
122.172459;-16.494687;-46.619293;-0.239774;0.235576;2.850000;0.000000
122.372414;-16.300070;-46.662062;-0.194242;0.221284;2.850000;0.000000
122.572369;-16.103453;-46.696257;-0.151482;0.207144;2.850000;0.000000
122.772324;-15.905234;-46.722334;-0.111435;0.193404;2.850000;0.000000
122.972278;-15.705810;-46.740753;-0.074017;0.180238;2.850000;0.000000
123.172233;-15.505578;-46.751970;-0.039123;0.167755;2.850000;0.000000
123.372188;-15.304938;-46.756444;-0.006635;0.156013;2.850000;0.000000
123.572143;-15.104287;-46.754632;0.023570;0.145029;2.850000;0.000000
123.772098;-14.903988;-46.746992;0.051887;0.135147;2.850000;0.000000
123.972053;-14.703360;-46.733811;0.079291;0.136441;2.850000;0.000000
124.172008;-14.503601;-46.715178;0.106792;0.137672;2.850000;0.000000
124.371963;-14.304800;-46.691085;0.134482;0.138832;2.850000;0.000000
124.571918;-14.107041;-46.661524;0.162355;0.139914;2.850000;0.000000
124.771873;-13.910412;-46.626486;0.190403;0.140909;2.850000;0.000000
124.971828;-13.715000;-46.585963;0.218618;0.141808;2.850000;0.000000
125.171783;-13.520891;-46.539946;0.246991;0.142604;2.850000;0.000000
125.371738;-13.328172;-46.488428;0.275512;0.143288;2.850000;0.000000
125.571692;-13.136929;-46.431400;0.304158;0.143853;2.850000;0.000000
125.771647;-12.947383;-46.368899;0.332422;0.142303;2.850000;0.000000
125.971602;-12.760541;-46.301458;0.358715;0.123796;2.850000;0.000000
126.171557;-12.575096;-46.229315;0.381513;0.105345;2.850000;0.000000
126.371512;-12.390847;-46.153149;0.400692;0.087069;2.850000;0.000000
126.571467;-12.207595;-46.073638;0.416281;0.069027;2.850000;0.000000
126.771422;-12.025137;-45.991461;0.428311;0.051226;2.850000;0.000000
126.971377;-11.843274;-45.907297;0.436811;0.033634;2.850000;0.000000
127.171332;-11.661805;-45.821825;0.441808;0.016194;2.850000;0.000000
127.371287;-11.480529;-45.735722;0.443315;-0.001172;2.850000;0.000000
127.571242;-11.299246;-45.649669;0.441337;-0.018546;2.850000;0.000000
127.771197;-11.117742;-45.564336;0.436372;-0.033534;2.850000;0.000000
127.971152;-10.935793;-45.480170;0.430365;-0.028979;2.850000;0.000000
128.171106;-10.753522;-45.397136;0.425020;-0.024388;2.850000;0.000000
128.371061;-10.570986;-45.315056;0.420601;-0.019768;2.850000;0.000000
128.571016;-10.388245;-45.233750;0.417112;-0.015124;2.850000;0.000000
128.770971;-10.205357;-45.153041;0.414554;-0.010461;2.850000;0.000000
128.970926;-10.022378;-45.072748;0.412931;-0.005784;2.850000;0.000000
129.170881;-9.839369;-44.992694;0.412244;-0.001097;2.850000;0.000000
129.370836;-9.656386;-44.912699;0.412493;0.003596;2.850000;0.000000
129.570791;-9.473488;-44.832585;0.413680;0.008291;2.850000;0.000000
129.770746;-9.290707;-44.752161;0.415638;0.012099;2.850000;0.000000
129.970701;-9.107932;-44.671247;0.417737;0.009712;2.850000;0.000000
130.170656;-8.925305;-44.589974;0.419440;0.007324;2.850000;0.000000
130.370611;-8.742786;-44.508428;0.420666;0.004938;2.850000;0.000000
130.570566;-8.560333;-44.426696;0.421414;0.002551;2.850000;0.000000
130.770521;-8.377907;-44.344863;0.421686;0.000166;2.850000;0.000000
130.970475;-8.195466;-44.263017;0.421481;-0.002218;2.850000;0.000000
131.170430;-8.012969;-44.181244;0.420799;-0.004601;2.850000;0.000000
131.370385;-7.830376;-44.099628;0.419641;-0.006982;2.850000;0.000000
131.570340;-7.647647;-44.018258;0.418007;-0.009361;2.850000;0.000000
131.770295;-7.464769;-43.937232;0.416075;-0.010690;2.850000;0.000000
131.970250;-7.281872;-43.856632;0.414476;-0.006024;2.850000;0.000000
132.170205;-7.098853;-43.776242;0.413738;-0.001361;2.850000;0.000000
132.370160;-6.915791;-43.695892;0.413932;0.003298;2.850000;0.000000
132.570115;-6.732764;-43.615414;0.415057;0.007956;2.850000;0.000000
132.770070;-6.549849;-43.534638;0.417113;0.012612;2.850000;0.000000
132.970025;-6.367127;-43.453395;0.420101;0.017267;2.850000;0.000000
133.169980;-6.184674;-43.371516;0.424019;0.021921;2.850000;0.000000
133.369935;-6.002570;-43.288833;0.428869;0.026573;2.850000;0.000000
133.569889;-5.820892;-43.205176;0.434648;0.031221;2.850000;0.000000
133.769844;-5.639728;-43.120381;0.441323;0.035654;2.850000;0.000000
133.969799;-5.459197;-43.034312;0.448778;0.039009;2.850000;0.000000
134.169754;-5.279333;-42.946833;0.456917;0.042378;2.850000;0.000000
134.369709;-5.100221;-42.857834;0.465731;0.045761;2.850000;0.000000
134.569664;-4.921944;-42.767207;0.475222;0.049158;2.850000;0.000000
134.769619;-4.744586;-42.674841;0.485393;0.052566;2.850000;0.000000
134.969574;-4.568230;-42.580628;0.496245;0.055983;2.850000;0.000000
135.169529;-4.392961;-42.484458;0.507779;0.059405;2.850000;0.000000
135.369484;-4.218862;-42.386223;0.519997;0.062827;2.850000;0.000000
135.569439;-4.046016;-42.285813;0.532897;0.066244;2.850000;0.000000
135.769394;-3.874511;-42.183120;0.546380;0.069009;2.850000;0.000000
135.969349;-3.704421;-42.078077;0.560110;0.068691;2.850000;0.000000
136.169303;-3.535773;-41.970696;0.573813;0.068391;2.850000;0.000000
136.369258;-3.368593;-41.861010;0.587460;0.068108;2.850000;0.000000
136.569213;-3.202911;-41.749049;0.601053;0.067845;2.850000;0.000000
136.769168;-3.038757;-41.634846;0.614596;0.067600;2.850000;0.000000
136.969123;-2.876157;-41.518432;0.628093;0.067375;2.850000;0.000000
137.169078;-2.715142;-41.399838;0.641546;0.067169;2.850000;0.000000
137.369033;-2.555740;-41.279096;0.654959;0.066983;2.850000;0.000000
137.568988;-2.397979;-41.156238;0.668339;0.066818;2.850000;0.000000
137.768943;-2.241828;-41.031246;0.681822;0.067485;2.850000;0.000000
137.968898;-2.087141;-40.903937;0.695814;0.071897;2.850000;0.000000
138.168853;-1.934352;-40.774455;0.710661;0.076371;2.850000;0.000000
138.368808;-1.783627;-40.642710;0.726403;0.080905;2.850000;0.000000
138.568763;-1.635133;-40.508611;0.743050;0.085492;2.850000;0.000000
138.768717;-1.489037;-40.372070;0.760609;0.090123;2.850000;0.000000
138.968672;-1.345505;-40.232998;0.779088;0.094785;2.850000;0.000000
139.168627;-1.204704;-40.091303;0.798490;0.099463;2.850000;0.000000
139.368582;-1.066799;-39.946897;0.818818;0.104135;2.850000;0.000000
139.568537;-0.931959;-39.799690;0.840067;0.108778;2.850000;0.000000
139.768492;-0.800384;-39.649636;0.861904;0.111041;2.850000;0.000000
139.968447;-0.672240;-39.496849;0.883322;0.104545;2.850000;0.000000
140.168402;-0.547247;-39.341345;0.903531;0.098024;2.850000;0.000000
140.368357;-0.425239;-39.183320;0.922452;0.091511;2.850000;0.000000
140.568312;-0.306048;-39.022970;0.940088;0.085032;2.850000;0.000000
140.768267;-0.189508;-38.860489;0.956448;0.078605;2.850000;0.000000
140.968222;-0.075452;-38.696074;0.971541;0.072243;2.850000;0.000000
141.168177;0.036285;-38.529920;0.985376;0.065954;2.850000;0.000000
141.368131;0.145872;-38.362223;0.997966;0.059738;2.850000;0.000000
141.568086;0.253474;-38.193177;1.009322;0.053594;2.850000;0.000000
141.768041;0.359249;-38.022994;1.019726;0.049561;2.850000;0.000000
141.967996;0.463257;-37.851834;1.030016;0.052490;2.850000;0.000000
142.167951;0.565430;-37.679641;1.040821;0.055446;2.850000;0.000000
142.367906;0.665649;-37.506387;1.052217;0.058427;2.850000;0.000000
142.567861;0.763795;-37.332045;1.064208;0.061433;2.850000;0.000000
142.767816;0.859748;-37.156588;1.076796;0.064459;2.850000;0.000000
142.967771;0.953390;-36.979990;1.089985;0.067503;2.850000;0.000000
143.167726;1.044600;-36.802223;1.103778;0.070559;2.850000;0.000000
143.367681;1.133260;-36.623260;1.118176;0.073621;2.850000;0.000000
143.567636;1.219250;-36.443076;1.133177;0.076681;2.850000;0.000000
143.767591;1.302446;-36.261655;1.148423;0.076955;2.850000;0.000000
143.967546;1.382852;-36.079049;1.162851;0.068479;2.850000;0.000000
144.167500;1.460770;-35.895327;1.175667;0.059956;2.850000;0.000000
144.367455;1.536513;-35.710613;1.186784;0.051415;2.850000;0.000000
144.567410;1.610396;-35.525031;1.196202;0.042878;2.850000;0.000000
144.767365;1.682733;-35.338703;1.203921;0.034359;2.850000;0.000000
144.967320;1.753837;-35.151753;1.209943;0.025866;2.850000;0.000000
145.167275;1.824022;-34.964304;1.214273;0.017403;2.850000;0.000000
145.367230;1.893602;-34.776481;1.216914;0.008970;2.850000;0.000000
145.567185;1.962892;-34.588407;1.217875;0.000568;2.850000;0.000000
145.767140;2.032197;-34.400215;1.217885;-0.002107;2.850000;0.000000
145.967095;2.101543;-34.211977;1.219044;0.012091;2.850000;0.000000
146.167050;2.170434;-34.023564;1.222895;0.026306;2.850000;0.000000
146.367005;2.238303;-33.834865;1.229602;0.040594;2.850000;0.000000
146.566960;2.304582;-33.645768;1.239178;0.054999;2.850000;0.000000
146.766914;2.368704;-33.456162;1.251641;0.069550;2.850000;0.000000
146.966869;2.430099;-33.265935;1.267012;0.084257;2.850000;0.000000
147.166824;2.488200;-33.074978;1.285311;0.099104;2.850000;0.000000
147.366779;2.542439;-32.883177;1.306554;0.114042;2.850000;0.000000
147.566734;2.592249;-32.690423;1.330749;0.128983;2.850000;0.000000
147.766689;2.637089;-32.496486;1.357128;0.137547;2.850000;0.000000
147.966644;2.676722;-32.301111;1.383436;0.128185;2.850000;0.000000
148.166599;2.711360;-32.104725;1.408056;0.118702;2.850000;0.000000
148.366554;2.741359;-31.907443;1.430795;0.109180;2.850000;0.000000
148.566509;2.767074;-31.709378;1.451653;0.099680;2.850000;0.000000
148.766464;2.788860;-31.510643;1.470639;0.090248;2.850000;0.000000
148.966419;2.807073;-31.311353;1.487765;0.080912;2.850000;0.000000
149.166374;2.822068;-31.111619;1.503047;0.071687;2.850000;0.000000
149.366328;2.834201;-30.911557;1.516501;0.062576;2.850000;0.000000
149.566283;2.843826;-30.711279;1.528144;0.053570;2.850000;0.000000
149.766238;2.851295;-30.511029;1.538170;0.046197;2.850000;0.000000
149.966193;2.856888;-30.311070;1.547089;0.042590;2.850000;0.000000
150.166148;2.860778;-30.111099;1.555246;0.038975;2.850000;0.000000
150.366103;2.863108;-29.911123;1.562679;0.035355;2.850000;0.000000
150.566058;2.864024;-29.711152;1.569387;0.031733;2.850000;0.000000
150.766013;2.863672;-29.511191;1.575370;0.028111;2.850000;0.000000
150.965968;2.862195;-29.311249;1.580629;0.024489;2.850000;0.000000
151.165923;2.859740;-29.111333;1.585163;0.020869;2.850000;0.000000
151.365878;2.856451;-28.911451;1.588973;0.017249;2.850000;0.000000
151.565833;2.852473;-28.711611;1.592060;0.013630;2.850000;0.000000
151.765788;2.847951;-28.511755;1.594444;0.010186;2.850000;0.000000
151.965742;2.843017;-28.311798;1.596180;0.007145;2.850000;0.000000
152.165697;2.837798;-28.111882;1.597304;0.004101;2.850000;0.000000
152.365652;2.832417;-27.911997;1.597820;0.001054;2.850000;0.000000
152.565607;2.826993;-27.712133;1.597726;-0.001995;2.850000;0.000000
152.765562;2.821650;-27.512279;1.597022;-0.005044;2.850000;0.000000
152.965517;2.816508;-27.312425;1.595709;-0.008093;2.850000;0.000000
153.165472;2.811690;-27.112560;1.593786;-0.011141;2.850000;0.000000
153.365427;2.807316;-26.912675;1.591254;-0.014186;2.850000;0.000000
153.565382;2.803510;-26.712758;1.588117;-0.017227;2.850000;0.000000
153.765337;2.800390;-26.512842;1.584604;-0.018275;2.850000;0.000000
153.965292;2.797989;-26.312970;1.581299;-0.015116;2.850000;0.000000
154.165247;2.796191;-26.113061;1.578592;-0.011961;2.850000;0.000000
154.365202;2.794872;-25.913120;1.576516;-0.008809;2.850000;0.000000
154.565157;2.793904;-25.713156;1.575069;-0.005661;2.850000;0.000000
154.765111;2.793163;-25.513176;1.574252;-0.002514;2.850000;0.000000
154.965066;2.792522;-25.313189;1.574063;0.000632;2.850000;0.000000
155.165021;2.791856;-25.113201;1.574504;0.003778;2.850000;0.000000
155.364976;2.791039;-24.913220;1.575575;0.006925;2.850000;0.000000
155.564931;2.789945;-24.713254;1.577272;0.010074;2.850000;0.000000
155.764886;2.788449;-24.513280;1.579455;0.011963;2.850000;0.000000
155.964841;2.786482;-24.313271;1.581765;0.011333;2.850000;0.000000
156.164796;2.784061;-24.113287;1.583969;0.010703;2.850000;0.000000
156.364751;2.781213;-23.913328;1.586046;0.010072;2.850000;0.000000
156.564706;2.777962;-23.713390;1.587997;0.009441;2.850000;0.000000
156.764661;2.774334;-23.513474;1.589822;0.008809;2.850000;0.000000
156.964616;2.770355;-23.313576;1.591520;0.008176;2.850000;0.000000
157.164571;2.766049;-23.113696;1.593091;0.007543;2.850000;0.000000
157.364525;2.761441;-22.913832;1.594536;0.006910;2.850000;0.000000
157.564480;2.756558;-22.713982;1.595853;0.006276;2.850000;0.000000
157.764435;2.751424;-22.514124;1.597017;0.005404;2.850000;0.000000
157.964390;2.746074;-22.314239;1.597964;0.004094;2.850000;0.000000
158.164345;2.740560;-22.114362;1.598651;0.002783;2.850000;0.000000
158.364300;2.734936;-21.914491;1.599077;0.001472;2.850000;0.000000
158.564255;2.729253;-21.714622;1.599240;0.000161;2.850000;0.000000
158.764210;2.723563;-21.514753;1.599141;-0.001150;2.850000;0.000000
158.964165;2.717919;-21.314882;1.598780;-0.002461;2.850000;0.000000
159.164120;2.712374;-21.115005;1.598157;-0.003772;2.850000;0.000000
159.364075;2.706979;-20.915120;1.597272;-0.005082;2.850000;0.000000
159.564030;2.701787;-20.715225;1.596127;-0.006392;2.850000;0.000000
159.763985;2.696849;-20.515324;1.594852;-0.006522;2.850000;0.000000
159.963939;2.692167;-20.315423;1.593746;-0.004664;2.850000;0.000000
160.163894;2.687672;-20.115512;1.592999;-0.002806;2.850000;0.000000
160.363849;2.683289;-19.915596;1.592624;-0.000949;2.850000;0.000000
160.563804;2.678943;-19.715677;1.592620;0.000909;2.850000;0.000000
160.763759;2.674561;-19.515761;1.592987;0.002766;2.850000;0.000000
160.963714;2.670069;-19.315851;1.593726;0.004624;2.850000;0.000000
161.163669;2.665392;-19.115951;1.594837;0.006483;2.850000;0.000000
161.363624;2.660456;-18.916065;1.596319;0.008342;2.850000;0.000000
161.563579;2.655187;-18.716197;1.598167;0.010201;2.850000;0.000000
161.763534;2.649513;-18.516340;1.600164;0.010022;2.850000;0.000000
161.963489;2.643445;-18.316488;1.601815;0.006681;2.850000;0.000000
162.163444;2.637111;-18.116650;1.602816;0.003338;2.850000;0.000000
162.363399;2.630643;-17.916819;1.603149;-0.000005;2.850000;0.000000
162.563353;2.624176;-17.716987;1.602814;-0.003349;2.850000;0.000000
162.763308;2.617842;-17.517147;1.601810;-0.006691;2.850000;0.000000
162.963263;2.611776;-17.317293;1.600138;-0.010033;2.850000;0.000000
163.163218;2.606110;-17.117417;1.597798;-0.013373;2.850000;0.000000
163.363173;2.600978;-16.917511;1.594790;-0.016711;2.850000;0.000000
163.563128;2.596514;-16.717568;1.591123;-0.020044;2.850000;0.000000
163.763083;2.592849;-16.517646;1.587080;-0.020696;2.850000;0.000000
163.963038;2.590004;-16.317769;1.583278;-0.017545;2.850000;0.000000
164.162993;2.587859;-16.117855;1.580086;-0.014397;2.850000;0.000000
164.362948;2.586289;-15.917912;1.577521;-0.011252;2.850000;0.000000
164.562903;2.585169;-15.717947;1.575585;-0.008111;2.850000;0.000000
164.762858;2.584374;-15.517967;1.574277;-0.004971;2.850000;0.000000
164.962813;2.583777;-15.317981;1.573597;-0.001832;2.850000;0.000000
165.162767;2.583254;-15.117996;1.573544;0.001306;2.850000;0.000000
165.362722;2.582678;-14.918019;1.574119;0.004445;2.850000;0.000000
165.562677;2.581925;-14.718059;1.575318;0.007586;2.850000;0.000000
165.762632;2.580869;-14.518092;1.577002;0.009391;2.850000;0.000000
165.962587;2.579443;-14.318110;1.578870;0.009395;2.850000;0.000000
166.162542;2.577640;-14.118151;1.580749;0.009398;2.850000;0.000000
166.362497;2.575462;-13.918211;1.582629;0.009400;2.850000;0.000000
166.562452;2.572909;-13.718286;1.584508;0.009401;2.850000;0.000000
166.762407;2.569979;-13.518371;1.586388;0.009401;2.850000;0.000000
166.962362;2.566674;-13.318464;1.588267;0.009400;2.850000;0.000000
167.162317;2.562994;-13.118559;1.590147;0.009399;2.850000;0.000000
167.362272;2.558937;-12.918654;1.592026;0.009396;2.850000;0.000000
167.562227;2.554504;-12.718743;1.593901;0.009393;2.850000;0.000000
167.762182;2.549698;-12.518854;1.595665;0.008357;2.850000;0.000000
167.962136;2.544561;-12.318991;1.597096;0.006024;2.850000;0.000000
168.162091;2.539183;-12.119120;1.598067;0.003692;2.850000;0.000000
168.362046;2.533657;-11.919240;1.598573;0.001361;2.850000;0.000000
168.562001;2.528076;-11.719353;1.598612;-0.000969;2.850000;0.000000
168.761956;2.522534;-11.519460;1.598185;-0.003299;2.850000;0.000000
168.961911;2.517124;-11.319563;1.597292;-0.005629;2.850000;0.000000
169.161866;2.511938;-11.119662;1.595934;-0.007960;2.850000;0.000000
169.361821;2.507071;-10.919759;1.594109;-0.010292;2.850000;0.000000
169.561776;2.502616;-10.719855;1.591824;-0.012624;2.850000;0.000000
169.761731;2.498663;-10.519934;1.589270;-0.013098;2.850000;0.000000
169.961686;2.495229;-10.319992;1.586835;-0.011358;2.850000;0.000000
170.161641;2.492249;-10.120051;1.584738;-0.009618;2.850000;0.000000
170.361596;2.489653;-9.920110;1.582989;-0.007877;2.850000;0.000000
170.561550;2.487373;-9.720170;1.581588;-0.006136;2.850000;0.000000
170.761505;2.485338;-9.520230;1.580535;-0.004394;2.850000;0.000000
170.961460;2.483478;-9.320291;1.579831;-0.002652;2.850000;0.000000
171.161415;2.481725;-9.120351;1.579475;-0.000911;2.850000;0.000000
171.361370;2.480008;-8.920411;1.579467;0.000831;2.850000;0.000000
171.561325;2.478258;-8.720470;1.579805;0.002573;2.850000;0.000000
171.761280;2.476405;-8.520519;1.580428;0.003713;2.850000;0.000000
171.961235;2.474406;-8.320556;1.581214;0.004181;2.850000;0.000000
172.161190;2.472239;-8.120596;1.582097;0.004648;2.850000;0.000000
172.361145;2.469886;-7.920640;1.583073;0.005116;2.850000;0.000000
172.561100;2.467329;-7.720690;1.584143;0.005584;2.850000;0.000000
172.761055;2.464549;-7.520749;1.585306;0.006052;2.850000;0.000000
172.961010;2.461527;-7.320817;1.586563;0.006520;2.850000;0.000000
173.160964;2.458244;-7.120898;1.587914;0.006989;2.850000;0.000000
173.360919;2.454682;-6.920993;1.589358;0.007458;2.850000;0.000000
173.560874;2.450822;-6.721104;1.590892;0.007927;2.850000;0.000000
173.760829;2.446647;-6.521202;1.592415;0.007390;2.850000;0.000000
173.960784;2.442177;-6.321285;1.593729;0.005798;2.850000;0.000000
174.160739;2.437476;-6.121381;1.594729;0.004206;2.850000;0.000000
174.360694;2.432607;-5.921488;1.595411;0.002613;2.850000;0.000000
174.560649;2.427634;-5.721601;1.595774;0.001021;2.850000;0.000000
174.760604;2.422620;-5.521717;1.595819;-0.000572;2.850000;0.000000
174.960559;2.417629;-5.321833;1.595545;-0.002165;2.850000;0.000000
175.160514;2.412724;-5.121945;1.594953;-0.003758;2.850000;0.000000
175.360469;2.407970;-4.922049;1.594042;-0.005351;2.850000;0.000000
175.560424;2.403429;-4.722142;1.592817;-0.006943;2.850000;0.000000
175.760378;2.399165;-4.522254;1.591363;-0.007672;2.850000;0.000000
175.960333;2.395206;-4.322383;1.589843;-0.007566;2.850000;0.000000
176.160288;2.391550;-4.122495;1.588341;-0.007461;2.850000;0.000000
176.360243;2.388191;-3.922592;1.586860;-0.007356;2.850000;0.000000
176.560198;2.385126;-3.722672;1.585399;-0.007251;2.850000;0.000000
176.760153;2.382352;-3.522737;1.583960;-0.007146;2.850000;0.000000
176.960108;2.379862;-3.322787;1.582541;-0.007041;2.850000;0.000000
177.160063;2.377654;-3.122822;1.581144;-0.006936;2.850000;0.000000
177.360018;2.375724;-2.922842;1.579767;-0.006831;2.850000;0.000000
177.559973;2.374066;-2.722848;1.578418;-0.006726;2.850000;0.000000
177.759928;2.372675;-2.522860;1.577224;-0.005318;2.850000;0.000000
177.959883;2.371495;-2.322881;1.576423;-0.002731;2.850000;0.000000
178.159838;2.370425;-2.122896;1.576136;-0.000145;2.850000;0.000000
178.359792;2.369360;-1.922912;1.576365;0.002441;2.850000;0.000000
178.559747;2.368197;-1.722932;1.577112;0.005027;2.850000;0.000000
178.759702;2.366834;-1.522964;1.578376;0.007615;2.850000;0.000000
178.959657;2.365166;-1.323013;1.580157;0.010204;2.850000;0.000000
179.159612;2.363090;-1.123084;1.582456;0.012795;2.850000;0.000000
179.359567;2.360504;-0.923184;1.585274;0.015389;2.850000;0.000000
179.559522;2.357302;-0.723317;1.588595;0.017985;2.850000;0.000000
179.759477;2.353387;-0.523417;1.592129;0.017594;2.850000;0.000000
179.959432;2.348772;-0.323495;1.595343;0.014647;2.850000;0.000000
180.159387;2.343571;-0.123604;1.597977;0.011696;2.850000;0.000000
180.359342;2.337904;0.076264;1.600020;0.008744;2.850000;0.000000
180.559297;2.331887;0.276114;1.601473;0.005791;2.850000;0.000000
180.759252;2.325639;0.475955;1.602336;0.002837;2.850000;0.000000
180.959207;2.319277;0.675794;1.602608;-0.000117;2.850000;0.000000
181.159161;2.312920;0.875638;1.602289;-0.003071;2.850000;0.000000
181.359116;2.306685;1.075494;1.601380;-0.006023;2.850000;0.000000
181.559071;2.300691;1.275369;1.599894;-0.008975;2.850000;0.000000
181.759026;2.295050;1.475254;1.598078;-0.009384;2.850000;0.000000
181.958981;2.289782;1.675153;1.596366;-0.007799;2.850000;0.000000
182.158936;2.284825;1.875070;1.594965;-0.006216;2.850000;0.000000
182.358891;2.280116;2.074998;1.593880;-0.004633;2.850000;0.000000
182.558846;2.275593;2.274930;1.593112;-0.003051;2.850000;0.000000
182.758801;2.271191;2.474859;1.592660;-0.001469;2.850000;0.000000
182.958756;2.266849;2.674778;1.592524;0.000114;2.850000;0.000000
183.158711;2.262503;2.874679;1.592705;0.001697;2.850000;0.000000
183.358666;2.258089;3.074556;1.593203;0.003281;2.850000;0.000000
183.558621;2.253545;3.274401;1.594011;0.004866;2.850000;0.000000
183.758575;2.248809;3.474222;1.595020;0.005317;2.850000;0.000000
183.958530;2.243863;3.674020;1.596043;0.004943;2.850000;0.000000
184.158485;2.238719;3.873800;1.596993;0.004568;2.850000;0.000000
184.358440;2.233393;4.073577;1.597868;0.004191;2.850000;0.000000
184.558395;2.227900;4.273367;1.598668;0.003813;2.850000;0.000000
184.758350;2.222253;4.473184;1.599393;0.003435;2.850000;0.000000
184.958305;2.216467;4.673044;1.600041;0.003055;2.850000;0.000000
185.158260;2.210558;4.872963;1.600615;0.002676;2.850000;0.000000
185.358215;2.204539;5.072955;1.601112;0.002296;2.850000;0.000000
185.558170;2.198426;5.273035;1.601498;0.001917;2.850000;0.000000
185.758125;2.192252;5.473026;1.601202;-0.004413;2.850000;0.000000
185.958080;2.186261;5.672979;1.599281;-0.014686;2.850000;0.000000
186.158035;2.180857;5.872990;1.595314;-0.024961;2.850000;0.000000
186.357989;2.176451;6.073028;1.589290;-0.035255;2.850000;0.000000
186.557944;2.173457;6.273059;1.581205;-0.045579;2.850000;0.000000
186.757899;2.172287;6.473053;1.571054;-0.055939;2.850000;0.000000
186.957854;2.173354;6.672976;1.558831;-0.066332;2.850000;0.000000
187.157809;2.177070;6.872798;1.544533;-0.076744;2.850000;0.000000
187.357764;2.183849;7.072486;1.528159;-0.087147;2.850000;0.000000
187.557719;2.194102;7.272007;1.509658;-0.097500;2.850000;0.000000
187.757674;2.208323;7.472298;1.488947;-0.108828;2.850000;0.000000
187.957629;2.226981;7.672813;1.465817;-0.121220;2.850000;0.000000
188.157584;2.250501;7.872593;1.440137;-0.134121;2.850000;0.000000
188.357539;2.279347;8.071316;1.411859;-0.147538;2.850000;0.000000
188.557494;2.313985;8.268656;1.380906;-0.161441;2.850000;0.000000
188.757449;2.354880;8.464291;1.347207;-0.175749;2.850000;0.000000
188.957403;2.402495;8.657895;1.310708;-0.190329;2.850000;0.000000
189.157358;2.457296;8.849146;1.271376;-0.204979;2.850000;0.000000
189.357313;2.519747;9.037718;1.229208;-0.219424;2.850000;0.000000
189.557268;2.590313;9.223289;1.184525;-0.233316;2.850000;0.000000
189.757223;2.669009;9.404724;1.139372;-0.224383;2.850000;0.000000
189.957178;2.755673;9.582498;1.096848;-0.205197;2.850000;0.000000
190.157133;2.849774;9.757132;1.058035;-0.186059;2.850000;0.000000
190.357088;2.950620;9.928768;1.022863;-0.167285;2.850000;0.000000
190.557043;3.057518;10.097548;0.991263;-0.149076;2.850000;0.000000
190.756998;3.169776;10.263613;0.963143;-0.131532;2.850000;0.000000
190.956953;3.286703;10.427106;0.938403;-0.114674;2.850000;0.000000
191.156908;3.407606;10.588168;0.916945;-0.098461;2.850000;0.000000
191.356863;3.531793;10.746942;0.898680;-0.082804;2.850000;0.000000
191.556818;3.658572;10.903569;0.883442;-0.067577;2.850000;0.000000
191.756772;3.787258;11.058143;0.870190;-0.063221;2.850000;0.000000
191.956727;3.917631;11.210757;0.857496;-0.063187;2.850000;0.000000
192.156682;4.049708;11.361454;0.844843;-0.063095;2.850000;0.000000
192.356637;4.183490;11.510263;0.832232;-0.062942;2.850000;0.000000
192.556592;4.318980;11.657209;0.819671;-0.062732;2.850000;0.000000
192.756547;4.456183;11.802319;0.807170;-0.062463;2.850000;0.000000
192.956502;4.595100;11.945621;0.794735;-0.062137;2.850000;0.000000
193.156457;4.735735;12.087141;0.782375;-0.061755;2.850000;0.000000
193.356412;4.878091;12.226906;0.770098;-0.061319;2.850000;0.000000
193.556367;5.022171;12.364943;0.757909;-0.060830;2.850000;0.000000
193.756322;5.167906;12.501210;0.745758;-0.060895;2.850000;0.000000
193.956277;5.315331;12.635737;0.733573;-0.061193;2.850000;0.000000
194.156232;5.464462;12.768517;0.721324;-0.061499;2.850000;0.000000
194.356186;5.615286;12.899520;0.709006;-0.061813;2.850000;0.000000
194.556141;5.767790;13.028713;0.696619;-0.062135;2.850000;0.000000
194.756096;5.921965;13.156065;0.684161;-0.062464;2.850000;0.000000
194.956051;6.077797;13.281544;0.671630;-0.062799;2.850000;0.000000
195.156006;6.235274;13.405118;0.659025;-0.063140;2.850000;0.000000
195.355961;6.394385;13.526756;0.646344;-0.063486;2.850000;0.000000
195.555916;6.555118;13.646425;0.633549;-0.063837;2.850000;0.000000
195.755871;6.717432;13.764055;0.620233;-0.068604;2.850000;0.000000
195.955826;6.881378;13.879460;0.605826;-0.075096;2.850000;0.000000
196.155781;7.047018;13.992366;0.590108;-0.081721;2.850000;0.000000
196.355736;7.214404;14.102491;0.573058;-0.088483;2.850000;0.000000
196.555691;7.383586;14.209550;0.554652;-0.095384;2.850000;0.000000
196.755646;7.554616;14.313261;0.534870;-0.102415;2.850000;0.000000
196.955600;7.727544;14.413338;0.513693;-0.109561;2.850000;0.000000
197.155555;7.902423;14.509500;0.491105;-0.116798;2.850000;0.000000
197.355510;8.079303;14.601461;0.467091;-0.124090;2.850000;0.000000
197.555465;8.258235;14.688940;0.441751;-0.131393;2.850000;0.000000
197.755420;8.439523;14.771817;0.416350;-0.124844;2.850000;0.000000
197.955375;8.622889;14.850190;0.392627;-0.113174;2.850000;0.000000
198.155330;8.808043;14.924432;0.371223;-0.101393;2.850000;0.000000
198.355285;8.994791;14.994961;0.352161;-0.089585;2.850000;0.000000
198.555240;9.182939;15.062198;0.335438;-0.077810;2.850000;0.000000
198.755195;9.372293;15.126563;0.321047;-0.066104;2.850000;0.000000
198.955150;9.562660;15.188475;0.308978;-0.054485;2.850000;0.000000
199.155105;9.753844;15.248354;0.299218;-0.042954;2.850000;0.000000
199.355060;9.945652;15.306620;0.291756;-0.031501;2.850000;0.000000
199.555014;10.137890;15.363693;0.286460;-0.020104;2.850000;0.000000
199.754969;10.330214;15.419897;0.282158;-0.021545;2.850000;0.000000
199.954924;10.522700;15.475246;0.277292;-0.026999;2.850000;0.000000
200.154879;10.715430;15.529539;0.271338;-0.032474;2.850000;0.000000
200.354834;10.908436;15.582558;0.264288;-0.037974;2.850000;0.000000
200.554789;11.101749;15.634084;0.256138;-0.043500;2.850000;0.000000
200.754744;11.295400;15.683900;0.246885;-0.049052;2.850000;0.000000
200.954699;11.489421;15.731788;0.236526;-0.054628;2.850000;0.000000
201.154654;11.683843;15.777530;0.225056;-0.060223;2.850000;0.000000
201.354609;11.878698;15.820907;0.212474;-0.065828;2.850000;0.000000
201.554564;12.074016;15.861702;0.198789;-0.071432;2.850000;0.000000
201.754519;12.270212;15.899777;0.184216;-0.074725;2.850000;0.000000
201.954474;12.467010;15.934928;0.169018;-0.077360;2.850000;0.000000
202.154428;12.664283;15.967024;0.153293;-0.079996;2.850000;0.000000
202.354383;12.862012;15.995958;0.137043;-0.082626;2.850000;0.000000
202.554338;13.060183;16.021622;0.120270;-0.085242;2.850000;0.000000
202.754293;13.258777;16.043908;0.102975;-0.087832;2.850000;0.000000
202.954248;13.457777;16.062709;0.085162;-0.090388;2.850000;0.000000
203.154203;13.657167;16.077918;0.066835;-0.092897;2.850000;0.000000
203.354158;13.856930;16.089426;0.048000;-0.095347;2.850000;0.000000
203.554113;14.057048;16.097127;0.028621;-0.097724;2.850000;0.000000
203.754068;14.257301;16.100889;0.008265;-0.104942;2.850000;0.000000
203.954023;14.457672;16.100438;-0.013625;-0.113532;2.850000;0.000000
204.153978;14.657989;16.095429;-0.037264;-0.122419;2.850000;0.000000
204.353933;14.858035;16.085512;-0.062703;-0.131597;2.850000;0.000000
204.553888;15.057598;16.070339;-0.089987;-0.141040;2.850000;0.000000
204.753843;15.256461;16.049562;-0.119156;-0.150706;2.850000;0.000000
204.953797;15.454411;16.022832;-0.150243;-0.160526;2.850000;0.000000
205.153752;15.651233;15.989800;-0.183272;-0.170407;2.850000;0.000000
205.353707;15.846712;15.950118;-0.218250;-0.180226;2.850000;0.000000
205.553662;16.040634;15.903438;-0.254942;-0.189831;2.850000;0.000000
205.753617;16.232313;15.849625;-0.292043;-0.184194;2.850000;0.000000
205.953572;16.422017;15.788779;-0.327919;-0.175821;2.850000;0.000000
206.153527;16.609727;15.721229;-0.362180;-0.167617;2.850000;0.000000
206.353482;16.795338;15.647330;-0.394876;-0.159664;2.850000;0.000000
206.553437;16.978740;15.567437;-0.426054;-0.152026;2.850000;0.000000
206.753392;17.159827;15.481905;-0.455773;-0.144749;2.850000;0.000000
206.953347;17.338492;15.391089;-0.484094;-0.137862;2.850000;0.000000
207.153302;17.514626;15.295343;-0.511082;-0.131384;2.850000;0.000000
207.353257;17.688123;15.195022;-0.536805;-0.125322;2.850000;0.000000
207.553211;17.858875;15.090482;-0.561309;-0.119679;2.850000;0.000000
207.753166;18.027120;14.981870;-0.584297;-0.110484;2.850000;0.000000
207.953121;18.192756;14.869677;-0.605382;-0.100313;2.850000;0.000000
208.153076;18.355976;14.754279;-0.624401;-0.089945;2.850000;0.000000
208.353031;18.517033;14.636012;-0.641326;-0.079452;2.850000;0.000000
208.552986;18.676180;14.515212;-0.656147;-0.068893;2.850000;0.000000
208.752941;18.833672;14.392216;-0.668857;-0.058307;2.850000;0.000000
208.952896;18.989760;14.267360;-0.679453;-0.047723;2.850000;0.000000
209.152851;19.144699;14.140982;-0.687939;-0.037156;2.850000;0.000000
209.352806;19.298740;14.013417;-0.694315;-0.026611;2.850000;0.000000
209.552761;19.452139;13.885002;-0.698688;-0.016088;2.850000;0.000000
209.752716;19.604996;13.756147;-0.701791;-0.013902;2.850000;0.000000
209.952671;19.757493;13.626869;-0.704486;-0.013058;2.850000;0.000000
210.152625;19.909668;13.497180;-0.707013;-0.012216;2.850000;0.000000
210.352580;20.061539;13.367109;-0.709371;-0.011375;2.850000;0.000000
210.552535;20.213122;13.236684;-0.711562;-0.010536;2.850000;0.000000
210.752490;20.364436;13.105936;-0.713586;-0.009698;2.850000;0.000000
210.952445;20.515497;12.974893;-0.715441;-0.008861;2.850000;0.000000
211.152400;20.666324;12.843584;-0.717130;-0.008025;2.850000;0.000000
211.352355;20.816933;12.712040;-0.718651;-0.007190;2.850000;0.000000
211.552310;20.967343;12.580288;-0.720028;-0.006355;2.850000;0.000000
211.752265;21.117621;12.448302;-0.721421;-0.007344;2.850000;0.000000
211.952220;21.267698;12.316100;-0.723016;-0.008601;2.850000;0.000000
212.152175;21.417534;12.183652;-0.724862;-0.009858;2.850000;0.000000
212.352130;21.567097;12.050921;-0.726959;-0.011116;2.850000;0.000000
212.552085;21.716353;11.917867;-0.729307;-0.012373;2.850000;0.000000
212.752039;21.865271;11.784452;-0.731907;-0.013631;2.850000;0.000000
212.951994;22.013817;11.650638;-0.734757;-0.014888;2.850000;0.000000
213.151949;22.161960;11.516387;-0.737859;-0.016144;2.850000;0.000000
213.351904;22.309666;11.381660;-0.741212;-0.017399;2.850000;0.000000
213.551859;22.456904;11.246420;-0.744762;-0.018653;2.850000;0.000000
213.751814;22.603680;11.110621;-0.748143;-0.015720;2.850000;0.000000
213.951769;22.750035;10.974355;-0.750940;-0.012253;2.850000;0.000000
214.151724;22.896059;10.837728;-0.753043;-0.008787;2.850000;0.000000
214.351679;23.041843;10.700844;-0.754454;-0.005321;2.850000;0.000000
214.551634;23.187480;10.563806;-0.755172;-0.001856;2.850000;0.000000
214.751589;23.333061;10.426719;-0.755196;0.001609;2.850000;0.000000
214.951544;23.478680;10.289686;-0.754528;0.005076;2.850000;0.000000
215.151499;23.624426;10.152810;-0.753166;0.008544;2.850000;0.000000
215.351453;23.770394;10.016195;-0.751111;0.012015;2.850000;0.000000
215.551408;23.916674;9.879946;-0.748461;0.015487;2.850000;0.000000
215.751363;24.063332;9.744136;-0.745842;0.011709;2.850000;0.000000
215.951318;24.210299;9.608678;-0.743957;0.007153;2.850000;0.000000
216.151273;24.357458;9.473431;-0.742983;0.002595;2.850000;0.000000
216.351228;24.504693;9.338254;-0.742919;-0.001962;2.850000;0.000000
216.551183;24.651889;9.203008;-0.743767;-0.006517;2.850000;0.000000
216.751138;24.798930;9.067551;-0.745524;-0.011067;2.850000;0.000000
216.951093;24.945698;8.931743;-0.748192;-0.015611;2.850000;0.000000
217.151048;25.092078;8.795443;-0.751768;-0.020145;2.850000;0.000000
217.351003;25.237955;8.658511;-0.756251;-0.024666;2.850000;0.000000
217.550958;25.383211;8.520806;-0.761547;-0.029170;2.850000;0.000000
217.750913;25.527659;8.382307;-0.767113;-0.027339;2.850000;0.000000
217.950868;25.671388;8.242980;-0.772350;-0.024981;2.850000;0.000000
218.150822;25.814441;8.102913;-0.777117;-0.022644;2.850000;0.000000
218.350777;25.956854;7.962202;-0.781418;-0.020324;2.850000;0.000000
218.550732;26.098664;7.820943;-0.785256;-0.018018;2.850000;0.000000
218.750687;26.239905;7.679232;-0.788631;-0.015722;2.850000;0.000000
218.950642;26.380615;7.537163;-0.791546;-0.013431;2.850000;0.000000
219.150597;26.520828;7.394834;-0.794000;-0.011142;2.850000;0.000000
219.350552;26.660581;7.252339;-0.795996;-0.008851;2.850000;0.000000
219.550507;26.799909;7.109774;-0.797591;-0.006554;2.850000;0.000000
219.750462;26.939059;6.966986;-0.799132;-0.008327;2.850000;0.000000
219.950417;27.077857;6.824085;-0.800997;-0.010398;2.850000;0.000000
220.150372;27.216307;6.680950;-0.803272;-0.012449;2.850000;0.000000
220.350327;27.354431;6.537443;-0.805954;-0.014470;2.850000;0.000000
220.550282;27.492250;6.393424;-0.809036;-0.016448;2.850000;0.000000
220.750236;27.629784;6.248755;-0.812512;-0.018375;2.850000;0.000000
220.950191;27.767054;6.103298;-0.816374;-0.020240;2.850000;0.000000
221.150146;27.904081;5.956915;-0.820613;-0.022034;2.850000;0.000000
221.350101;28.040886;5.809467;-0.825218;-0.023749;2.850000;0.000000
221.550056;28.177490;5.660816;-0.830557;-0.025374;2.850000;0.000000
221.750011;28.313275;5.511295;-0.838792;-0.052207;2.850000;0.000000
221.949966;28.447714;5.360078;-0.852208;-0.080427;2.850000;0.000000
222.149921;28.579630;5.206741;-0.871398;-0.109402;2.850000;0.000000
222.349876;28.707823;5.050887;-0.896508;-0.139563;2.850000;0.000000
222.549831;28.831096;4.892117;-0.927728;-0.171195;2.850000;0.000000
222.749786;28.948248;4.730031;-0.965275;-0.204379;2.850000;0.000000
222.949741;29.058083;4.564230;-1.009355;-0.238902;2.850000;0.000000
223.149696;29.159399;4.394316;-1.060117;-0.274143;2.850000;0.000000
223.349650;29.251000;4.219890;-1.117598;-0.308979;2.850000;0.000000
223.549605;29.331685;4.040552;-1.180959;-0.341719;2.850000;0.000000
223.749560;29.400218;3.856709;-1.246787;-0.333532;2.850000;0.000000
223.949515;29.456715;3.668266;-1.311445;-0.323310;2.850000;0.000000
224.149470;29.501262;3.475880;-1.374366;-0.313596;2.850000;0.000000
224.349425;29.533930;3.280246;-1.435709;-0.304663;2.850000;0.000000
224.549380;29.554789;3.082057;-1.495656;-0.296705;2.850000;0.000000
224.749335;29.563910;2.882006;-1.554411;-0.289851;2.850000;0.000000
224.949290;29.561364;2.680788;-1.612189;-0.284178;2.850000;0.000000
225.149245;29.547223;2.479094;-1.669215;-0.279722;2.850000;0.000000
225.349200;29.521556;2.277620;-1.725718;-0.276485;2.850000;0.000000
225.549155;29.484436;2.077059;-1.782090;-0.274441;2.850000;-0.656184
225.749110;29.435680;1.877256;-1.838768;-0.277631;2.803584;-0.831748
225.949064;29.375504;1.680331;-1.896768;-0.285954;2.743622;-0.863912
226.149019;29.304040;1.487822;-1.956839;-0.299195;2.679921;-0.841958
226.348974;29.221396;1.301161;-2.019776;-0.317491;2.616346;-0.787793
226.548929;29.127681;1.121780;-2.086407;-0.340995;2.555430;-0.703369
226.748884;29.023005;0.951111;-2.157562;-0.369754;2.499787;-0.586393
226.948839;28.907477;0.790587;-2.234050;-0.403533;2.452434;-0.433895
227.148794;28.781206;0.641641;-2.316608;-0.441564;2.416798;-0.243012
227.348749;28.644301;0.505704;-2.405812;-0.482230;2.396608;-0.012802
227.548704;28.496871;0.384209;-2.501735;-0.522775;2.395540;-0.012802
227.748659;28.336929;0.276920;-2.597770;-0.487572;2.394471;0.191719
227.948614;28.167105;0.184820;-2.687102;-0.436285;2.410428;0.452152
228.148569;27.988773;0.106808;-2.766804;-0.381884;2.447648;0.698775
228.348524;27.803091;0.041623;-2.836731;-0.328634;2.504083;0.925334
228.548479;27.611222;-0.011996;-2.897238;-0.278982;2.576913;1.132614
228.748433;27.414324;-0.055311;-2.948909;-0.233929;2.663348;1.324819
228.948388;27.213558;-0.089582;-2.992403;-0.193513;2.761020;1.248453
229.148343;27.010084;-0.116071;-3.028354;-0.157199;2.850000;0.000000
229.348298;26.805062;-0.136038;-3.057299;-0.124143;2.850000;0.000000
229.548253;26.599840;-0.150734;-3.079969;-0.094617;2.850000;0.000000
229.748208;26.397986;-0.161156;-3.098587;-0.085214;2.850000;0.000000
229.948163;26.196745;-0.168080;-3.114763;-0.075410;2.850000;0.000000
230.148118;25.996054;-0.171942;-3.128887;-0.065283;2.850000;0.000000
230.348073;25.795847;-0.173174;-3.140920;-0.054897;2.850000;0.000000
230.548028;25.596063;-0.172211;3.132353;-0.044309;2.850000;0.000000
230.747983;25.396637;-0.169486;3.124585;-0.033566;2.850000;0.000000
230.947938;25.197506;-0.165432;3.118980;-0.022706;2.850000;0.000000
231.147893;24.998607;-0.160483;3.115550;-0.011762;2.850000;0.000000
231.347847;24.799874;-0.155074;3.114305;-0.000763;2.850000;0.000000
231.547802;24.601243;-0.149638;3.115134;0.009879;2.850000;0.000000
231.747757;24.402618;-0.144561;3.117552;0.015222;2.850000;0.000000
231.947712;24.203942;-0.140084;3.121105;0.020533;2.850000;0.000000
232.147667;24.005123;-0.136416;3.125712;0.025791;2.850000;0.000000
232.347622;23.806071;-0.133765;3.131362;0.030974;2.850000;0.000000
232.547577;23.606697;-0.132340;3.138046;0.036057;2.850000;0.000000
232.747532;23.406909;-0.132349;-3.137438;0.041019;2.850000;0.000000
232.947487;23.206618;-0.134002;-3.128738;0.045834;2.850000;0.000000
233.147442;23.005734;-0.137507;-3.119061;0.050479;2.850000;0.000000
233.347397;22.804165;-0.143072;-3.108432;0.054928;2.850000;0.000000
233.547352;22.601852;-0.150904;-3.096465;0.060701;2.850000;0.000000
233.747307;22.399204;-0.161359;-3.081379;0.085249;2.850000;0.000000
233.947261;22.196448;-0.175345;-3.061486;0.110584;2.850000;0.000000
234.147216;21.994280;-0.193865;-3.036344;0.137222;2.850000;0.000000
234.347171;21.793394;-0.217923;-3.005727;0.165584;2.850000;0.000000
234.547126;21.594484;-0.248521;-2.969361;0.195960;2.850000;0.000000
234.747081;21.398245;-0.286661;-2.926952;0.228436;2.850000;0.000000
234.947036;21.205371;-0.333347;-2.878212;0.262798;2.850000;0.000000
235.146991;21.016556;-0.389581;-2.822916;0.298408;2.850000;0.000000
235.346946;20.832496;-0.456367;-2.760952;0.334076;2.850000;0.000000
235.546901;20.653871;-0.534712;-2.693616;0.363861;2.850000;0.000000
235.746856;20.480982;-0.625291;-2.626618;0.330885;2.850000;0.000000
235.946811;20.313775;-0.727175;-2.565231;0.295693;2.850000;0.000000
236.146766;20.151845;-0.839224;-2.510485;0.260162;2.850000;0.000000
236.346721;19.994787;-0.960295;-2.462324;0.225564;2.850000;0.000000
236.546675;19.842198;-1.089249;-2.420562;0.192616;2.850000;0.000000
236.746630;19.693672;-1.224943;-2.384946;0.161605;2.850000;0.000000
236.946585;19.548805;-1.366238;-2.355203;0.132499;2.850000;0.000000
237.146540;19.407193;-1.511991;-2.331078;0.105052;2.850000;0.000000
237.346495;19.268432;-1.661061;-2.312355;0.078878;2.850000;0.000000
237.546450;19.132080;-1.812348;-2.297933;0.056439;2.850000;0.000000
237.746405;18.997507;-1.965548;-2.283767;0.076648;2.850000;0.000000
237.946360;18.865837;-2.120248;-2.266083;0.097529;2.850000;0.000000
238.146315;18.737836;-2.276806;-2.244178;0.119189;2.850000;0.000000
238.346270;18.614273;-2.435580;-2.217945;0.141663;2.850000;0.000000
238.546225;18.495915;-2.596928;-2.187278;0.164894;2.850000;0.000000
238.746180;18.383530;-2.761207;-2.152088;0.188695;2.850000;0.000000
238.946135;18.277885;-2.928777;-2.112322;0.212716;2.850000;0.000000
239.146089;18.179748;-3.099994;-2.067986;0.236424;2.850000;0.000000
239.346044;18.089887;-3.275216;-2.019178;0.259078;2.850000;0.000000
239.545999;18.009097;-3.454733;-1.967026;0.275686;2.850000;0.000000
239.745954;17.938043;-3.638170;-1.915014;0.256572;2.850000;0.000000
239.945909;17.876114;-3.825686;-1.866213;0.237522;2.850000;0.000000
240.145864;17.822829;-4.016764;-1.820927;0.218995;2.850000;0.000000
240.345819;17.777703;-4.210888;-1.779042;0.201303;2.850000;0.000000
240.545774;17.740254;-4.407541;-1.740414;0.184634;2.850000;0.000000
240.745729;17.709999;-4.606208;-1.704877;0.169076;2.850000;0.000000
240.945684;17.686456;-4.806370;-1.672260;0.154644;2.850000;0.000000
241.145639;17.669141;-5.007513;-1.642391;0.141302;2.850000;0.000000
241.345594;17.657572;-5.209119;-1.615102;0.128975;2.850000;0.000000
241.545549;17.651265;-5.410732;-1.589787;0.119624;2.850000;0.000000
241.745504;17.649914;-5.612340;-1.564698;0.127341;2.850000;0.000000
241.945458;17.653720;-5.813318;-1.538311;0.135179;2.850000;0.000000
242.145413;17.662952;-6.013561;-1.510419;0.143081;2.850000;0.000000
242.345368;17.677879;-6.212964;-1.481015;0.150976;2.850000;0.000000
242.545323;17.698769;-6.411423;-1.450103;0.158778;2.850000;0.000000
242.745278;17.725891;-6.608834;-1.417698;0.166384;2.850000;0.000000
242.945233;17.759514;-6.805092;-1.383833;0.173676;2.850000;0.000000
243.145188;17.799907;-7.000093;-1.348553;0.180524;2.850000;0.000000
243.345143;17.847338;-7.193733;-1.311930;0.186788;2.850000;0.000000
243.545098;17.902061;-7.385860;-1.274112;0.192100;2.850000;0.000000
243.745053;17.964202;-7.576011;-1.235243;0.196389;2.850000;0.000000
243.945008;18.033911;-7.763935;-1.195331;0.201854;2.850000;0.000000
244.144963;18.111236;-7.949037;-1.154174;0.208451;2.850000;0.000000
244.344918;18.196226;-8.130725;-1.111588;0.216131;2.850000;0.000000
244.544872;18.288930;-8.308404;-1.067396;0.224828;2.850000;0.000000
244.744827;18.389396;-8.481481;-1.021431;0.234449;2.850000;0.000000
244.944782;18.497675;-8.649361;-0.973544;0.244862;2.850000;0.000000
245.144737;18.613814;-8.811452;-0.923602;0.255887;2.850000;0.000000
245.344692;18.737863;-8.967160;-0.871489;0.267283;2.850000;0.000000
245.544647;18.869955;-9.115981;-0.817531;0.275877;2.850000;0.000000
245.744602;19.010409;-9.257809;-0.763424;0.268816;2.850000;0.000000
245.944557;19.158308;-9.391932;-0.710406;0.262060;2.850000;0.000000
246.144512;19.313114;-9.518207;-0.658660;0.255794;2.850000;0.000000
246.344467;19.474291;-9.636491;-0.608068;0.250163;2.850000;0.000000
246.544422;19.641301;-9.746641;-0.558494;0.245284;2.850000;0.000000
246.744377;19.813608;-9.848514;-0.509788;0.241246;2.850000;0.000000
246.944332;19.990673;-9.941968;-0.461790;0.238119;2.850000;0.000000
247.144286;20.171961;-10.026859;-0.414331;0.235954;2.850000;0.000000
247.344241;20.356932;-10.103045;-0.367263;0.234794;2.850000;0.000000
247.544196;20.544861;-10.170320;-0.321207;0.229329;2.850000;0.000000
247.744151;20.734721;-10.228746;-0.278353;0.203124;2.850000;0.000000
247.944106;20.926890;-10.279494;-0.240651;0.176132;2.850000;0.000000
248.144061;21.121050;-10.323554;-0.208284;0.148973;2.850000;0.000000
248.344016;21.316881;-10.361918;-0.181244;0.122040;2.850000;0.000000
248.543971;21.514064;-10.395576;-0.159487;0.095532;2.850000;0.000000
248.743926;21.712279;-10.425519;-0.142950;0.069495;2.850000;0.000000
248.943881;21.911207;-10.452737;-0.131574;0.043861;2.850000;0.000000
249.143836;22.110528;-10.478222;-0.125312;0.018479;2.850000;0.000000
249.343791;22.309924;-10.502965;-0.124138;-0.006845;2.850000;0.000000
249.543746;22.509143;-10.527961;-0.127141;-0.025647;2.850000;0.000000
249.743700;22.708166;-10.553872;-0.131454;-0.019893;2.850000;0.000000
249.943655;22.906786;-10.580536;-0.134858;-0.014075;2.850000;0.000000
250.143610;23.105083;-10.607726;-0.137088;-0.008207;2.850000;0.000000
250.343565;23.303134;-10.635214;-0.138139;-0.002301;2.850000;0.000000
250.543520;23.501018;-10.662771;-0.138007;0.003629;2.850000;0.000000
250.743475;23.698815;-10.690170;-0.136689;0.009573;2.850000;0.000000
250.943430;23.896602;-10.717182;-0.134185;0.015517;2.850000;0.000000
251.143385;24.094459;-10.743580;-0.130495;0.021447;2.850000;0.000000
251.343340;24.292465;-10.769136;-0.125627;0.027350;2.850000;0.000000
251.543295;24.490643;-10.793615;-0.119900;0.030810;2.850000;0.000000
251.743250;24.688917;-10.816900;-0.114258;0.026446;2.850000;0.000000
251.943205;24.887431;-10.839150;-0.109410;0.022102;2.850000;0.000000
252.143160;25.086146;-10.860534;-0.105425;0.017777;2.850000;0.000000
252.343114;25.285023;-10.881222;-0.102301;0.013468;2.850000;0.000000
252.543069;25.484026;-10.901381;-0.100037;0.009172;2.850000;0.000000
252.743024;25.683115;-10.921179;-0.098631;0.004885;2.850000;0.000000
252.942979;25.882253;-10.940786;-0.098082;0.000603;2.850000;0.000000
253.142934;26.081401;-10.960370;-0.098390;-0.003678;2.850000;0.000000
253.342889;26.280521;-10.980099;-0.099554;-0.007962;2.850000;0.000000
253.542844;26.479592;-11.000143;-0.101522;-0.011837;2.850000;0.000000
253.742799;26.678618;-11.020654;-0.104138;-0.014435;2.850000;0.000000
253.942754;26.877539;-11.041735;-0.107285;-0.017035;2.850000;0.000000
254.142709;27.076345;-11.063488;-0.110952;-0.019637;2.850000;0.000000
254.342664;27.275028;-11.086019;-0.115139;-0.022239;2.850000;0.000000
254.542619;27.473579;-11.109429;-0.119845;-0.024840;2.850000;0.000000
254.742574;27.671989;-11.133822;-0.125071;-0.027438;2.850000;0.000000
254.942529;27.870250;-11.159301;-0.130815;-0.030033;2.850000;0.000000
255.142483;28.068354;-11.185970;-0.137077;-0.032622;2.850000;0.000000
255.342438;28.266290;-11.213931;-0.143855;-0.035202;2.850000;0.000000
255.542393;28.464044;-11.243288;-0.151110;-0.037458;2.850000;0.000000
255.742348;28.661585;-11.274123;-0.158727;-0.038815;2.850000;0.000000
255.942303;28.858905;-11.306495;-0.166625;-0.040183;2.850000;0.000000
256.142258;29.055973;-11.340453;-0.174798;-0.041560;2.850000;0.000000
256.342213;29.252759;-11.376049;-0.183248;-0.042946;2.850000;0.000000
256.542168;29.449230;-11.413334;-0.191975;-0.044341;2.850000;0.000000
256.742123;29.645356;-11.452358;-0.200983;-0.045744;2.850000;0.000000
256.942078;29.841107;-11.493172;-0.210271;-0.047155;2.850000;0.000000
257.142033;30.036450;-11.535828;-0.219841;-0.048572;2.850000;0.000000
257.341988;30.231355;-11.580374;-0.229695;-0.049994;2.850000;0.000000
257.541943;30.425824;-11.626872;-0.239865;-0.051652;2.850000;0.000000
257.741897;30.619873;-11.675395;-0.250429;-0.053945;2.850000;0.000000
257.941852;30.813366;-11.726005;-0.261449;-0.056250;2.850000;0.000000
258.141807;31.006253;-11.778781;-0.272930;-0.058567;2.850000;0.000000
258.341762;31.198484;-11.833805;-0.284873;-0.060891;2.850000;0.000000
258.541717;31.390010;-11.891159;-0.297280;-0.063220;2.850000;0.000000
258.741672;31.580780;-11.950924;-0.310151;-0.065550;2.850000;0.000000
258.941627;31.770744;-12.013182;-0.323488;-0.067876;2.850000;0.000000
259.141582;31.959853;-12.078014;-0.337289;-0.070193;2.850000;0.000000
259.341537;32.148056;-12.145502;-0.351552;-0.072496;2.850000;0.000000
259.541492;32.335271;-12.215713;-0.366168;-0.073911;2.850000;0.000000
259.741447;32.521405;-12.288667;-0.380859;-0.073197;2.850000;0.000000
259.941402;32.706495;-12.364354;-0.395428;-0.072518;2.850000;0.000000
260.141357;32.890499;-12.442732;-0.409867;-0.071874;2.850000;0.000000
260.341311;33.073375;-12.523754;-0.424183;-0.071268;2.850000;0.000000
260.541266;33.255080;-12.607376;-0.438382;-0.070698;2.850000;0.000000
260.741221;33.435573;-12.693554;-0.452469;-0.070167;2.850000;0.000000
260.941176;33.614812;-12.782243;-0.466452;-0.069675;2.850000;0.000000
261.141131;33.792755;-12.873399;-0.480337;-0.069221;2.850000;0.000000
261.341086;33.969359;-12.966976;-0.494134;-0.068807;2.850000;0.000000
261.541041;34.144681;-13.062985;-0.507824;-0.068172;2.850000;0.000000
261.740996;34.318828;-13.161457;-0.521325;-0.066927;2.850000;0.000000
261.940951;34.491578;-13.262216;-0.534583;-0.065661;2.850000;0.000000
262.140906;34.662948;-13.365208;-0.547584;-0.064378;2.850000;0.000000
262.340861;34.832952;-13.470380;-0.560324;-0.063080;2.850000;0.000000
262.540816;35.001604;-13.577681;-0.572803;-0.061772;2.850000;0.000000
262.740771;35.168921;-13.687057;-0.585020;-0.060455;2.850000;0.000000
262.940725;35.334917;-13.798456;-0.596973;-0.059133;2.850000;0.000000
263.140680;35.499606;-13.911825;-0.608664;-0.057807;2.850000;0.000000
263.340635;35.663005;-14.027111;-0.620085;-0.056480;2.850000;0.000000
263.540590;35.825023;-14.144184;-0.631029;-0.053354;2.850000;0.000000
263.740545;35.985626;-14.262848;-0.640987;-0.046585;2.850000;0.000000
263.940500;36.145174;-14.383042;-0.649617;-0.039822;2.850000;0.000000
264.140455;36.303820;-14.504548;-0.656900;-0.033071;2.850000;0.000000
264.340410;36.461721;-14.627147;-0.662838;-0.026336;2.850000;0.000000
264.540365;36.619029;-14.750620;-0.667432;-0.019618;2.850000;0.000000
264.740320;36.775901;-14.874747;-0.670686;-0.012915;2.850000;0.000000
264.940275;36.932491;-14.999311;-0.672601;-0.006223;2.850000;0.000000
265.140230;37.088954;-15.124092;-0.673177;0.000460;2.850000;0.000000
265.340185;37.245444;-15.248872;-0.672424;0.007141;2.850000;0.000000
265.540140;37.402146;-15.373458;-0.670769;0.009998;2.850000;0.000000
265.740094;37.559140;-15.497791;-0.669270;0.005500;2.850000;0.000000
265.940049;37.716247;-15.621934;-0.668619;0.001002;2.850000;0.000000
266.140004;37.873343;-15.746015;-0.668870;-0.003502;2.850000;0.000000
266.339959;38.030300;-15.870165;-0.670022;-0.008015;2.850000;0.000000
266.539914;38.186991;-15.994515;-0.672078;-0.012540;2.850000;0.000000
266.739869;38.343291;-16.119194;-0.675038;-0.017080;2.850000;0.000000
266.939824;38.499072;-16.244332;-0.678907;-0.021640;2.850000;0.000000
267.139779;38.654208;-16.370059;-0.683685;-0.026220;2.850000;0.000000
267.339734;38.808573;-16.496505;-0.689368;-0.030824;2.850000;0.000000
267.539689;38.962001;-16.623765;-0.695596;-0.032139;2.850000;0.000000
267.739644;39.114459;-16.751855;-0.701497;-0.027513;2.850000;0.000000
267.939599;39.266192;-16.880761;-0.706509;-0.022833;2.850000;0.000000
268.139554;39.417387;-17.010397;-0.710587;-0.018119;2.850000;0.000000
268.339508;39.568230;-17.140680;-0.713727;-0.013392;2.850000;0.000000
268.539463;39.718908;-17.271524;-0.715928;-0.008670;2.850000;0.000000
268.739418;39.869607;-17.402844;-0.717191;-0.003972;2.850000;0.000000
268.939373;40.020512;-17.534556;-0.717520;0.000685;2.850000;0.000000
269.139328;40.171811;-17.666575;-0.716920;0.005282;2.850000;0.000000
269.339283;40.323690;-17.798816;-0.715430;0.009805;2.850000;0.000000
269.539238;40.476471;-17.931329;-0.714541;0.000850;2.850000;0.000000
269.739193;40.629882;-18.064424;-0.717738;-0.030791;2.850000;0.000000
269.939148;40.782502;-18.198517;-0.727227;-0.062673;2.850000;0.000000
270.139103;40.933107;-18.334275;-0.743243;-0.095419;2.850000;0.000000
270.339058;41.080470;-18.472365;-0.765945;-0.129564;2.850000;0.000000
270.539013;41.223366;-18.613455;-0.795553;-0.165495;2.850000;0.000000
270.738968;41.360569;-18.758211;-0.832321;-0.203357;2.850000;0.000000
270.938922;41.490854;-18.907302;-0.876497;-0.242937;2.850000;0.000000
271.138877;41.612996;-19.061394;-0.928266;-0.283501;2.850000;0.000000
271.338832;41.725768;-19.221155;-0.987609;-0.323642;2.850000;0.000000
271.538787;41.827922;-19.387172;-1.052419;-0.342769;2.850000;0.000000
271.738742;41.918803;-19.559570;-1.118141;-0.332491;2.850000;0.000000
271.938697;41.998531;-19.737977;-1.182035;-0.320939;2.850000;0.000000
272.138652;42.067211;-19.921886;-1.243874;-0.308642;2.850000;0.000000
272.338607;42.124949;-20.110793;-1.303632;-0.296061;2.850000;0.000000
272.538562;42.171850;-20.304190;-1.361333;-0.283580;2.850000;0.000000
272.738517;42.208021;-20.501573;-1.417047;-0.271499;2.850000;0.000000
272.938472;42.233567;-20.702436;-1.470876;-0.260044;2.850000;0.000000
273.138427;42.248594;-20.906272;-1.522948;-0.249372;2.850000;-0.072203
273.338382;42.253207;-21.112576;-1.573357;-0.239585;2.844930;-1.067074
273.538336;42.247534;-21.320233;-1.623006;-0.238029;2.768915;-1.190122
273.738291;42.231502;-21.527919;-1.674039;-0.250908;2.681595;-1.199944
273.938246;42.204604;-21.734568;-1.728328;-0.270452;2.590575;-1.156537
274.138201;42.166314;-21.938302;-1.787132;-0.297252;2.499714;-1.081391
274.338156;42.116107;-22.137242;-1.851655;-0.332109;2.411662;-0.972362
274.538111;42.053457;-22.329510;-1.923192;-0.375834;2.329647;-0.825306
274.738066;41.977839;-22.513228;-2.003101;-0.428875;2.257699;-0.634226
274.938021;41.888729;-22.686517;-2.092704;-0.490666;2.200812;-0.392287
275.137976;41.785601;-22.847499;-2.193103;-0.558639;2.164877;-0.095402
275.337931;41.667929;-22.994297;-2.305249;-0.627072;2.156048;-0.010361
275.537886;41.534102;-23.126024;-2.425008;-0.645940;2.155086;-0.010361
275.737841;41.383543;-23.242009;-2.541378;-0.586472;2.154125;0.268269
275.937796;41.219512;-23.341345;-2.647645;-0.519822;2.178884;0.521535
276.137750;41.043833;-23.424933;-2.742487;-0.454431;2.226231;0.736737
276.337705;40.858329;-23.493670;-2.826532;-0.395214;2.291448;0.913125
276.537660;40.664823;-23.548458;-2.900860;-0.344265;2.369789;1.054112
276.737615;40.465138;-23.590196;-2.966730;-0.301928;2.457122;1.163653
276.937570;40.261098;-23.619783;-3.025407;-0.267671;2.550060;1.244879
277.137525;40.054527;-23.638119;-3.078079;-0.240657;2.645873;1.299627
277.337480;39.847247;-23.646104;-3.125648;-0.220065;2.742331;1.328250
277.537435;39.642732;-23.644686;3.114150;-0.203576;2.837527;0.177390
277.737390;39.441348;-23.634962;3.074790;-0.185144;2.850000;0.000000
277.937345;39.241522;-23.617844;3.039667;-0.164886;2.850000;0.000000
278.137300;39.043051;-23.594224;3.008849;-0.143354;2.850000;0.000000
278.337255;38.845733;-23.564995;2.982474;-0.121004;2.850000;0.000000
278.537210;38.649364;-23.531047;2.960629;-0.098186;2.850000;0.000000
278.737165;38.453741;-23.493273;2.943360;-0.075147;2.850000;0.000000
278.937119;38.258661;-23.452566;2.930686;-0.052045;2.850000;0.000000
279.137074;38.063920;-23.409817;2.922611;-0.028966;2.850000;0.000000
279.337029;37.869316;-23.365917;2.919066;-0.005948;2.850000;0.000000
279.536984;37.674630;-23.321730;2.918862;0.004850;2.850000;0.000000
279.736939;37.479777;-23.277691;2.919925;0.006097;2.850000;0.000000
279.936894;37.284780;-23.233869;2.921268;0.007343;2.850000;0.000000
280.136849;37.089646;-23.190318;2.922861;0.008589;2.850000;0.000000
280.336804;36.894383;-23.147089;2.924703;0.009837;2.850000;0.000000
280.536759;36.698997;-23.104236;2.926796;0.011087;2.850000;0.000000
280.736714;36.503497;-23.061812;2.929139;0.012341;2.850000;0.000000
280.936669;36.307889;-23.019871;2.931734;0.013598;2.850000;0.000000
281.136624;36.112182;-22.978464;2.934580;0.014861;2.850000;0.000000
281.336579;35.916382;-22.937646;2.937667;0.016130;2.850000;0.000000
281.536533;35.720436;-22.897451;2.940763;0.015011;2.850000;0.000000
281.736488;35.524371;-22.857843;2.943467;0.012088;2.850000;0.000000
281.936443;35.328248;-22.818716;2.945592;0.009160;2.850000;0.000000
282.136398;35.132083;-22.779954;2.947131;0.006228;2.850000;0.000000
282.336353;34.935891;-22.741441;2.948083;0.003294;2.850000;0.000000
282.536308;34.739687;-22.703059;2.948448;0.000358;2.850000;0.000000
282.736263;34.543486;-22.664693;2.948226;-0.002578;2.850000;0.000000
282.936218;34.347305;-22.626226;2.947417;-0.005514;2.850000;0.000000
283.136173;34.151158;-22.587540;2.946021;-0.008449;2.850000;0.000000
283.336128;33.955061;-22.548521;2.944053;-0.011380;2.850000;0.000000
283.536083;33.759063;-22.509063;2.941757;-0.011786;2.850000;0.000000
283.736038;33.563157;-22.469145;2.939543;-0.010413;2.850000;0.000000
283.935993;33.367315;-22.428815;2.937598;-0.009042;2.850000;0.000000
284.135947;33.171531;-22.388128;2.935927;-0.007673;2.850000;0.000000
284.335902;32.975801;-22.347139;2.934529;-0.006305;2.850000;0.000000
284.535857;32.780119;-22.305902;2.933405;-0.004937;2.850000;0.000000
284.735812;32.584480;-22.264473;2.932554;-0.003571;2.850000;0.000000
284.935767;32.388879;-22.222906;2.931977;-0.002204;2.850000;0.000000
285.135722;32.193312;-22.181256;2.931673;-0.000837;2.850000;0.000000
285.335677;31.997772;-22.139577;2.931631;0.000530;2.850000;0.000000
285.535632;31.802283;-22.097927;2.931681;0.000106;2.850000;0.000000
285.735587;31.606833;-22.056288;2.931537;-0.001518;2.850000;0.000000
285.935542;31.411402;-22.014591;2.931071;-0.003142;2.850000;0.000000
286.135497;31.215991;-21.972769;2.930281;-0.004765;2.850000;0.000000
286.335452;31.020597;-21.930757;2.929167;-0.006385;2.850000;0.000000
286.535407;30.825221;-21.888488;2.927729;-0.008002;2.850000;0.000000
286.735361;30.629861;-21.845895;2.925968;-0.009614;2.850000;0.000000
286.935316;30.434517;-21.802912;2.923884;-0.011221;2.850000;0.000000
287.135271;30.239187;-21.759473;2.921478;-0.012821;2.850000;0.000000
287.335226;30.043872;-21.715510;2.918810;-0.014412;2.850000;0.000000
287.535181;29.848549;-21.670976;2.916768;-0.006701;2.850000;0.000000
287.735136;29.653196;-21.626166;2.916807;0.006936;2.850000;0.000000
287.935091;29.457773;-21.581625;2.919565;0.020581;2.850000;0.000000
288.135046;29.262229;-21.537905;2.925060;0.034274;2.850000;0.000000
288.335001;29.066513;-21.495555;2.933302;0.048052;2.850000;0.000000
288.534956;28.870572;-21.455126;2.944303;0.061939;2.850000;0.000000
288.734911;28.674357;-21.417168;2.958080;0.075941;2.850000;0.000000
288.934866;28.477815;-21.382230;2.974647;0.090047;2.850000;0.000000
289.134821;28.280896;-21.350864;2.994016;0.104215;2.850000;0.000000
289.334776;28.083547;-21.323619;3.016094;0.118374;2.850000;0.000000
289.534730;27.885639;-21.300998;3.039381;0.116654;2.850000;0.000000
289.734685;27.687206;-21.282967;3.061457;0.105162;2.850000;0.000000
289.934640;27.488341;-21.269092;3.081267;0.093570;2.850000;0.000000
290.134595;27.289085;-21.258921;3.098777;0.081955;2.850000;0.000000
290.334550;27.089479;-21.252004;3.113988;0.070370;2.850000;0.000000
290.534505;26.889566;-21.247890;3.126907;0.058850;2.850000;0.000000
290.734460;26.689387;-21.246128;3.137542;0.047413;2.850000;0.000000
290.934415;26.488984;-21.246267;-3.137280;0.036061;2.850000;0.000000
291.134370;26.288398;-21.247857;-3.131178;0.024788;2.850000;0.000000
291.334325;26.087672;-21.250447;-3.127218;0.013578;2.850000;0.000000
291.534280;25.886952;-21.253628;-3.123874;0.018442;2.850000;0.000000
291.734235;25.686278;-21.257560;-3.118758;0.032341;2.850000;0.000000
291.934190;25.485704;-21.262792;-3.110868;0.046323;2.850000;0.000000
292.134144;25.285340;-21.269882;-3.100167;0.060433;2.850000;0.000000
292.334099;25.085298;-21.279388;-3.086637;0.074700;2.850000;0.000000
292.534054;24.885690;-21.291867;-3.070256;0.089132;2.850000;0.000000
292.734009;24.686627;-21.307877;-3.051000;0.103711;2.850000;0.000000
292.933964;24.488220;-21.327974;-3.028854;0.118385;2.850000;0.000000
293.133919;24.290582;-21.352717;-3.003810;0.133060;2.850000;0.000000
293.333874;24.093824;-21.382662;-2.975976;0.147601;2.850000;0.000000
293.533829;23.897958;-21.418343;-2.946815;0.146561;2.850000;0.000000
293.733784;23.703076;-21.459748;-2.918566;0.137179;2.850000;0.000000
293.933739;23.509234;-21.506505;-2.892148;0.127768;2.850000;0.000000
294.133694;23.316438;-21.558245;-2.867576;0.118405;2.850000;0.000000
294.333649;23.124693;-21.614595;-2.844837;0.109146;2.850000;0.000000
294.533604;22.934003;-21.675187;-2.823910;0.100030;2.850000;0.000000
294.733558;22.744376;-21.739651;-2.804772;0.091079;2.850000;0.000000
294.933513;22.555815;-21.807615;-2.787397;0.082302;2.850000;0.000000
295.133468;22.368326;-21.878710;-2.771758;0.073693;2.850000;0.000000
295.333423;22.181914;-21.952566;-2.757786;0.065237;2.850000;0.000000
295.533378;21.996742;-22.028768;-2.744834;0.063544;2.850000;0.000000
295.733333;21.812749;-22.107238;-2.731955;0.065131;2.850000;0.000000
295.933288;21.629886;-22.188057;-2.718777;0.066697;2.850000;0.000000
296.133243;21.448182;-22.271277;-2.705292;0.068237;2.850000;0.000000
296.333198;21.267667;-22.356949;-2.691506;0.069747;2.850000;0.000000
296.533153;21.088368;-22.445125;-2.677422;0.071222;2.850000;0.000000
296.733108;20.910317;-22.535857;-2.663045;0.072656;2.850000;0.000000
296.933063;20.733540;-22.629198;-2.648381;0.074044;2.850000;0.000000
297.133018;20.558069;-22.725198;-2.633436;0.075382;2.850000;0.000000
297.332972;20.383931;-22.823909;-2.618186;0.076663;2.850000;0.000000
297.532927;20.211133;-22.925412;-2.602266;0.081894;2.850000;0.000000
297.732882;20.039898;-23.029818;-2.585106;0.089217;2.850000;0.000000
297.932837;19.870547;-23.137279;-2.566456;0.096758;2.850000;0.000000
298.132792;19.703384;-23.247960;-2.546280;0.104528;2.850000;0.000000
298.332747;19.538714;-23.362023;-2.524540;0.112528;2.850000;0.000000
298.532702;19.376841;-23.479631;-2.501202;0.120748;2.850000;0.000000
298.732657;19.218072;-23.600949;-2.476234;0.129166;2.850000;0.000000
298.932612;19.062710;-23.726139;-2.449604;0.137746;2.850000;0.000000
299.132567;18.911060;-23.855365;-2.421291;0.146435;2.850000;0.000000
299.332522;18.763427;-23.988790;-2.391363;0.155159;2.850000;0.000000
299.532477;18.619890;-24.126743;-2.361083;0.150228;2.850000;0.000000
299.732432;18.480486;-24.268978;-2.332326;0.138703;2.850000;0.000000
299.932386;18.345005;-24.415074;-2.305853;0.126983;2.850000;0.000000
300.132341;18.213142;-24.564691;-2.281702;0.115193;2.850000;0.000000
300.332296;18.084594;-24.717489;-2.259875;0.103427;2.850000;0.000000
300.532251;17.959055;-24.873128;-2.240361;0.091750;2.850000;0.000000
300.732206;17.836222;-25.031270;-2.223146;0.080203;2.850000;0.000000
300.932161;17.715789;-25.191574;-2.208209;0.068803;2.850000;0.000000
301.132116;17.597452;-25.353701;-2.195529;0.057550;2.850000;0.000000
301.332071;17.480906;-25.517312;-2.184971;0.046428;2.850000;0.000000
301.532026;17.366000;-25.681931;-2.175195;0.049652;2.850000;0.000000
301.731981;17.252794;-25.847615;-2.164312;0.058728;2.850000;0.000000
301.931936;17.141598;-26.014546;-2.151612;0.067919;2.850000;0.000000
302.131891;17.032771;-26.182846;-2.137066;0.077239;2.850000;0.000000
302.331846;16.926671;-26.352632;-2.120657;0.086692;2.850000;0.000000
302.531801;16.823657;-26.524026;-2.102363;0.096272;2.850000;0.000000
302.731755;16.724089;-26.697146;-2.082169;0.105958;2.850000;0.000000
302.931710;16.628324;-26.872112;-2.060061;0.115713;2.850000;0.000000
303.131665;16.536723;-27.049043;-2.036031;0.125483;2.850000;0.000000
303.331620;16.449643;-27.228060;-2.010204;0.135193;2.850000;0.000000
303.531575;16.367377;-27.409310;-1.983916;0.130262;2.850000;0.000000
303.731530;16.289812;-27.592685;-1.959037;0.119688;2.850000;0.000000
303.931485;16.216588;-27.777987;-1.936251;0.109010;2.850000;0.000000
304.131440;16.147334;-27.965036;-1.915574;0.098313;2.850000;0.000000
304.331395;16.081679;-28.153650;-1.897004;0.087657;2.850000;0.000000
304.531350;16.019252;-28.343650;-1.880531;0.077084;2.850000;0.000000
304.731305;15.959681;-28.534854;-1.866142;0.066618;2.850000;0.000000
304.931260;15.902595;-28.727082;-1.853822;0.056269;2.850000;0.000000
305.131215;15.847623;-28.920153;-1.843555;0.046031;2.850000;0.000000
305.331169;15.794394;-29.113887;-1.835173;0.035893;2.850000;0.000000
305.531124;15.742630;-29.307993;-1.827139;0.042481;2.850000;0.000000
305.731079;15.692537;-29.502494;-1.817358;0.054860;2.850000;0.000000
305.931034;15.644615;-29.697431;-1.805089;0.067387;2.850000;0.000000
306.130989;15.599379;-29.892805;-1.790302;0.080099;2.850000;0.000000
306.330944;15.557341;-30.088617;-1.772969;0.093010;2.850000;0.000000
306.530899;15.519017;-30.284868;-1.753061;0.106116;2.850000;0.000000
306.730854;15.484918;-30.481558;-1.730553;0.119383;2.850000;0.000000
306.930809;15.455560;-30.678688;-1.705426;0.132745;2.850000;0.000000
307.130764;15.431456;-30.876259;-1.677673;0.146098;2.850000;0.000000
307.330719;15.413120;-31.074271;-1.647538;0.159295;2.850000;0.000000
307.530674;15.400964;-31.272816;-1.617390;0.146329;2.850000;0.000000
307.730629;15.394585;-31.471793;-1.590416;0.124732;2.850000;0.000000
307.930583;15.393149;-31.671119;-1.567706;0.103130;2.850000;0.000000
308.130538;15.395818;-31.870739;-1.549260;0.081673;2.850000;0.000000
308.330493;15.401753;-32.070599;-1.535056;0.060432;2.850000;0.000000
308.530448;15.410117;-32.270646;-1.525063;0.039406;2.850000;0.000000
308.730403;15.420070;-32.470825;-1.519256;0.018552;2.850000;0.000000
308.930358;15.430774;-32.671083;-1.517618;-0.002208;2.850000;0.000000
309.130313;15.441390;-32.871365;-1.520142;-0.022961;2.850000;0.000000
309.330268;15.451080;-33.071619;-1.526609;-0.043796;2.850000;0.000000
309.530223;15.459097;-33.271837;-1.534983;-0.042097;2.850000;0.000000
309.730178;15.465424;-33.471978;-1.542561;-0.033646;2.850000;0.000000
309.930133;15.470400;-33.672037;-1.548445;-0.025154;2.850000;0.000000
310.130088;15.474367;-33.872020;-1.552625;-0.016631;2.850000;0.000000
310.330043;15.477668;-34.071935;-1.555096;-0.008087;2.850000;0.000000
310.529997;15.480644;-34.271790;-1.555857;0.000475;2.850000;0.000000
310.729952;15.483639;-34.471590;-1.554906;0.009047;2.850000;0.000000
310.929907;15.486994;-34.671344;-1.552241;0.017626;2.850000;0.000000
311.129862;15.491052;-34.871059;-1.547864;0.026205;2.850000;0.000000
311.329817;15.496155;-35.070743;-1.541883;0.034775;2.850000;0.000000
311.529772;15.502603;-35.270470;-1.535263;0.032629;2.850000;0.000000
311.729727;15.510355;-35.470196;-1.529241;0.027646;2.850000;0.000000
311.929682;15.519211;-35.669905;-1.524212;0.022667;2.850000;0.000000
312.129637;15.528974;-35.869601;-1.520178;0.017692;2.850000;0.000000
312.329592;15.539445;-36.069288;-1.517137;0.012723;2.850000;0.000000
312.529547;15.550424;-36.268969;-1.515089;0.007757;2.850000;0.000000
312.729502;15.561715;-36.468648;-1.514034;0.002795;2.850000;0.000000
312.929457;15.573117;-36.668329;-1.513971;-0.002166;2.850000;0.000000
313.129411;15.584433;-36.868014;-1.514901;-0.007128;2.850000;0.000000
313.329366;15.595464;-37.067708;-1.516751;-0.012091;2.850000;0.000000
313.529321;15.606040;-37.267418;-1.518941;-0.010544;2.850000;0.000000
313.729276;15.616195;-37.467138;-1.520746;-0.007508;2.850000;0.000000
313.929231;15.626050;-37.666863;-1.521943;-0.004470;2.850000;0.000000
314.129186;15.635725;-37.866588;-1.522533;-0.001431;2.850000;0.000000
314.329141;15.645343;-38.066309;-1.522515;0.001608;2.850000;0.000000
314.529096;15.655025;-38.266021;-1.521890;0.004648;2.850000;0.000000
314.729051;15.664892;-38.465719;-1.520657;0.007687;2.850000;0.000000
314.929006;15.675067;-38.665400;-1.518816;0.010727;2.850000;0.000000
315.128961;15.685669;-38.865058;-1.516368;0.013766;2.850000;0.000000
315.328916;15.696821;-39.064689;-1.513340;0.016804;2.850000;0.000000
315.528871;15.708629;-39.264234;-1.509948;0.017421;2.850000;0.000000
315.728826;15.721132;-39.463735;-1.506450;0.017569;2.850000;0.000000
315.928780;15.734337;-39.663203;-1.502924;0.017716;2.850000;0.000000
316.128735;15.748249;-39.862637;-1.499367;0.017863;2.850000;0.000000
316.328690;15.762874;-40.062035;-1.495781;0.018009;2.850000;0.000000
316.528645;15.778218;-40.261397;-1.492166;0.018154;2.850000;0.000000
316.728600;15.794287;-40.460723;-1.488521;0.018299;2.850000;0.000000
316.928555;15.811088;-40.660011;-1.484847;0.018443;2.850000;0.000000
317.128510;15.828626;-40.859262;-1.481144;0.018586;2.850000;0.000000
317.328465;15.846907;-41.058473;-1.477422;0.018728;2.850000;0.000000
317.528420;15.865918;-41.257479;-1.473746;0.018127;2.850000;0.000000
317.728375;15.885649;-41.456414;-1.470194;0.017406;2.850000;0.000000
317.928330;15.906076;-41.655303;-1.466786;0.016686;2.850000;0.000000
318.128285;15.927167;-41.854142;-1.463521;0.015968;2.850000;0.000000
318.328240;15.948895;-42.052927;-1.460400;0.015253;2.850000;0.000000
318.528194;15.971230;-42.251654;-1.457421;0.014539;2.850000;0.000000
318.728149;15.994144;-42.450320;-1.454585;0.013827;2.850000;0.000000
318.928104;16.017606;-42.648921;-1.451891;0.013116;2.850000;0.000000
319.128059;16.041589;-42.847454;-1.449339;0.012407;2.850000;0.000000
319.328014;16.066063;-43.045914;-1.446961;0.011699;2.850000;0.000000
319.527969;16.090989;-43.244330;-1.444988;0.008369;2.850000;0.000000
319.727924;16.116246;-43.442693;-1.443687;0.004640;2.850000;0.000000
319.927879;16.141685;-43.641021;-1.443133;0.000909;2.850000;0.000000
320.127834;16.167160;-43.839336;-1.443324;-0.002822;2.850000;0.000000
320.327789;16.192521;-44.037660;-1.444261;-0.006554;2.850000;0.000000
320.527744;16.217623;-44.236015;-1.445944;-0.010285;2.850000;0.000000
320.727699;16.242317;-44.434424;-1.448374;-0.014015;2.850000;0.000000
320.927654;16.266456;-44.632909;-1.451549;-0.017743;2.850000;0.000000
321.127608;16.289892;-44.831492;-1.455469;-0.021467;2.850000;0.000000
321.327563;16.312478;-45.030194;-1.460027;-0.025187;2.850000;0.000000
321.527518;16.334104;-45.228988;-1.464511;-0.020714;2.850000;0.000000
321.727473;16.354908;-45.427891;-1.468096;-0.015143;2.850000;0.000000
321.927428;16.375111;-45.626875;-1.470568;-0.009577;2.850000;0.000000
322.127383;16.394934;-45.825904;-1.471927;-0.004015;2.850000;0.000000
322.327338;16.414597;-46.024946;-1.472174;0.001546;2.850000;0.000000
322.527293;16.434319;-46.223965;-1.471309;0.007111;2.850000;0.000000
322.727248;16.454322;-46.422928;-1.469330;0.012680;2.850000;0.000000
322.927203;16.474825;-46.621801;-1.466237;0.018259;2.850000;0.000000
323.127158;16.496049;-46.820548;-1.462030;0.023847;2.850000;0.000000
323.327113;16.518213;-47.019137;-1.456820;0.029446;2.850000;0.000000
323.527068;16.541501;-47.217608;-1.451369;0.026280;2.850000;0.000000
323.727022;16.565828;-47.415928;-1.446543;0.022026;2.850000;0.000000
323.926977;16.591025;-47.614129;-1.442569;0.017760;2.850000;0.000000
324.126932;16.616928;-47.812252;-1.439447;0.013488;2.850000;0.000000
324.326887;16.643369;-48.010338;-1.437178;0.009215;2.850000;0.000000
324.526842;16.670182;-48.208429;-1.435763;0.004943;2.850000;0.000000
324.726797;16.697200;-48.406565;-1.435201;0.000678;2.850000;0.000000
324.926752;16.724258;-48.604789;-1.435491;-0.003578;2.850000;0.000000
325.126707;16.751189;-48.803142;-1.436632;-0.007821;2.850000;0.000000
325.326662;16.777826;-49.001664;-1.438534;-0.012047;2.850000;0.000000
325.526617;16.804054;-49.200510;-1.440630;-0.009755;2.850000;0.000000
325.726572;16.829905;-49.399499;-1.442291;-0.006798;2.850000;0.000000
325.926527;16.855484;-49.598522;-1.443359;-0.003852;2.850000;0.000000
326.126482;16.880899;-49.797484;-1.443836;-0.000905;2.850000;0.000000
326.326437;16.906258;-49.996290;-1.443722;0.002051;2.850000;0.000000
326.526391;16.931668;-50.194846;-1.443013;0.005029;2.850000;0.000000
326.726346;16.957236;-50.393055;-1.441708;0.008040;2.850000;0.000000
326.926301;16.983070;-50.590823;-1.439800;0.011093;2.850000;0.000000
327.126256;17.009277;-50.788055;-1.437285;0.014202;2.850000;0.000000
327.326211;17.035965;-50.984656;-1.434074;0.017377;2.850000;0.000000
327.526166;17.063251;-51.180363;-1.429677;0.026304;2.850000;0.000000
327.726121;17.091498;-51.375552;-1.423570;0.035611;2.850000;0.000000
327.926076;17.121106;-51.570488;-1.415649;0.044705;2.850000;0.000000
328.126031;17.152475;-51.765421;-1.405956;0.053450;2.850000;0.000000
328.325986;17.186001;-51.960598;-1.394547;0.061711;2.850000;0.000000
328.525941;17.222084;-52.156270;-1.381500;0.069363;2.850000;0.000000
328.725896;17.261121;-52.352684;-1.366909;0.076288;2.850000;0.000000
328.925851;17.303510;-52.550089;-1.350881;0.082386;2.850000;0.000000
329.125805;17.349650;-52.748735;-1.333541;0.087574;2.850000;0.000000
329.325760;17.399939;-52.948869;-1.314685;0.091792;2.850000;0.000000
329.525715;17.454577;-53.149429;-1.292045;0.121949;2.850000;-1.819071
329.725670;17.514657;-53.349696;-1.262936;0.156707;2.719381;-1.696660
329.925625;17.581196;-53.547641;-1.226127;0.196281;2.591626;-1.532237
330.125580;17.655195;-53.741167;-1.180718;0.242699;2.470581;-1.355205
330.325535;17.737652;-53.928177;-1.125551;0.297961;2.358349;-1.156680
330.525490;17.829569;-54.106575;-1.059244;0.363720;2.258150;-0.927599
330.725445;17.931944;-54.274262;-0.980301;0.440530;2.174462;-0.659588
330.925400;18.045777;-54.429142;-0.887349;0.526457;2.112939;-0.349233
331.125355;18.172069;-54.569118;-0.779557;0.615146;2.079627;-0.009639
331.325310;18.311818;-54.692093;-0.658707;0.694285;2.078700;-0.009639
331.525265;18.465671;-54.796377;-0.536183;0.634344;2.077772;0.251819
331.725219;18.632529;-54.882676;-0.424957;0.547424;2.101866;0.571713
331.925174;18.810655;-54.952493;-0.328430;0.461142;2.155569;0.846950
332.125129;18.998308;-55.007323;-0.245964;0.382974;2.232752;1.079683
332.325084;19.193749;-55.048667;-0.176267;0.315639;2.327435;1.278113
332.525039;19.395236;-55.078023;-0.117846;0.259027;2.434766;1.451242
332.724994;19.601030;-55.096887;-0.069277;0.211704;2.551167;1.607614
332.924949;19.809389;-55.106760;-0.029333;0.171784;2.674201;1.755558
333.124904;20.018574;-55.109139;0.002966;0.137319;2.802395;0.672858
333.324859;20.226844;-55.105522;0.028721;0.106408;2.850000;0.000000
333.524814;20.433596;-55.097215;0.050757;0.103686;2.850000;0.000000
333.724769;20.637799;-55.084645;0.072134;0.105299;2.850000;0.000000
333.924724;20.839552;-55.067881;0.093554;0.106244;2.850000;0.000000
334.124679;21.039132;-55.046989;0.114905;0.106483;2.850000;0.000000
334.324633;21.236811;-55.022033;0.136080;0.105993;2.850000;0.000000
334.524588;21.432864;-54.993077;0.156972;0.104769;2.850000;0.000000
334.724543;21.627566;-54.960186;0.177475;0.102827;2.850000;0.000000
334.924498;21.821190;-54.923426;0.197488;0.100196;2.850000;0.000000
335.124453;22.014012;-54.882860;0.216915;0.096925;2.850000;0.000000
335.324408;22.206306;-54.838553;0.235594;0.093075;2.850000;0.000000
335.524363;22.398386;-54.790590;0.252907;0.082654;2.850000;0.000000
335.724318;22.590275;-54.739319;0.268204;0.071413;2.850000;0.000000
335.924273;22.781975;-54.685170;0.281334;0.060432;2.850000;0.000000
336.124228;22.973499;-54.628568;0.292328;0.049690;2.850000;0.000000
336.324183;23.164860;-54.569941;0.301217;0.039156;2.850000;0.000000
336.524138;23.356072;-54.509715;0.308026;0.028790;2.850000;0.000000
336.724093;23.547148;-54.448315;0.312775;0.018545;2.850000;0.000000
336.924047;23.738102;-54.386170;0.315477;0.008372;2.850000;0.000000
337.124002;23.928947;-54.323705;0.316138;-0.001783;2.850000;0.000000
337.323957;24.119696;-54.261347;0.314878;-0.011973;2.850000;0.000000
337.523912;24.310461;-54.199440;0.312530;-0.012655;2.850000;0.000000
337.723867;24.501180;-54.138082;0.310074;-0.011859;2.850000;0.000000
337.923822;24.691860;-54.077236;0.307781;-0.011052;2.850000;0.000000
338.123777;24.882524;-54.016860;0.305653;-0.010233;2.850000;0.000000
338.323732;25.073193;-53.956910;0.303690;-0.009405;2.850000;0.000000
338.523687;25.263890;-53.897345;0.301895;-0.008568;2.850000;0.000000
338.723642;25.454638;-53.838123;0.300268;-0.007724;2.850000;0.000000
338.923597;25.645458;-53.779201;0.298810;-0.006875;2.850000;0.000000
339.123552;25.836373;-53.720536;0.297522;-0.006021;2.850000;0.000000
339.323507;26.027405;-53.662087;0.296420;-0.005165;2.850000;0.000000
339.523462;26.218518;-53.603822;0.295609;-0.003115;2.850000;0.000000
339.723416;26.409730;-53.545657;0.295206;-0.000915;2.850000;0.000000
339.923371;26.601011;-53.487509;0.295243;0.001281;2.850000;0.000000
340.123326;26.792320;-53.429299;0.295719;0.003475;2.850000;0.000000
340.323281;26.983619;-53.370947;0.296633;0.005668;2.850000;0.000000
340.523236;27.174867;-53.312373;0.297986;0.007862;2.850000;0.000000
340.723191;27.366025;-53.253498;0.299778;0.010058;2.850000;0.000000
340.923146;27.557055;-53.194241;0.302010;0.012258;2.850000;0.000000
341.123101;27.747917;-53.134524;0.304682;0.014461;2.850000;0.000000
341.323056;27.938571;-53.074265;0.307701;0.016670;2.850000;0.000000
341.523011;28.128961;-53.013430;0.310476;0.012020;2.850000;0.000000
341.722966;28.319171;-52.952149;0.312337;0.006606;2.850000;0.000000
341.922921;28.509288;-52.890620;0.313115;0.001188;2.850000;0.000000
342.122876;28.699396;-52.829045;0.312812;-0.004230;2.850000;0.000000
342.322830;28.889577;-52.767623;0.311425;-0.009643;2.850000;0.000000
342.522785;29.079915;-52.706556;0.308958;-0.015047;2.850000;0.000000
342.722740;29.270492;-52.646043;0.305410;-0.020437;2.850000;0.000000
342.922695;29.461392;-52.586286;0.300784;-0.025807;2.850000;0.000000
343.122650;29.652698;-52.527485;0.295084;-0.031151;2.850000;0.000000
343.322605;29.844492;-52.469840;0.288639;-0.036460;2.850000;0.000000
343.522560;30.036916;-52.413398;0.283470;-0.018388;2.850000;0.000000
343.722515;30.229634;-52.357642;0.281806;0.001801;2.850000;0.000000
343.922470;30.422312;-52.301822;0.284194;0.022005;2.850000;0.000000
344.122425;30.614626;-52.245186;0.290639;0.042311;2.850000;0.000000
344.322380;30.806254;-52.186982;0.301162;0.062793;2.850000;0.000000
344.522335;30.996870;-52.126457;0.315787;0.083492;2.850000;0.000000
344.722290;31.186151;-52.062861;0.334546;0.104406;2.850000;0.000000
344.922244;31.373774;-51.995441;0.357461;0.125466;2.850000;0.000000
345.122199;31.559416;-51.923444;0.384543;0.146521;2.850000;0.000000
345.322154;31.742751;-51.846120;0.415315;0.167322;2.850000;0.000000
345.522109;31.923363;-51.762957;0.447127;0.156935;2.850000;0.000000
345.722064;32.101444;-51.674120;0.477100;0.144226;2.850000;0.000000
345.922019;32.277142;-51.580077;0.504578;0.131524;2.850000;0.000000
346.121974;32.450592;-51.481300;0.529575;0.118937;2.850000;0.000000
346.321929;32.621928;-51.378258;0.552115;0.106539;2.850000;0.000000
346.521884;32.791288;-51.271424;0.572229;0.094367;2.850000;0.000000
346.721839;32.958805;-51.161270;0.589951;0.082434;2.850000;0.000000
346.921794;33.124616;-51.048266;0.605316;0.070728;2.850000;0.000000
347.121749;33.288857;-50.932884;0.618356;0.059217;2.850000;0.000000
347.321704;33.451662;-50.815596;0.629294;0.047855;2.850000;0.000000
347.521658;33.613231;-50.696729;0.639247;0.049489;2.850000;0.000000
347.721613;33.773457;-50.576381;0.649404;0.051886;2.850000;0.000000
347.921568;33.932279;-50.454487;0.660032;0.054280;2.850000;0.000000
348.121523;34.089639;-50.330975;0.671129;0.056666;2.850000;0.000000
348.321478;34.245481;-50.205775;0.682694;0.059040;2.850000;0.000000
348.521433;34.399747;-50.078818;0.694726;0.061396;2.850000;0.000000
348.721388;34.552380;-49.950032;0.707220;0.063727;2.850000;0.000000
348.921343;34.703324;-49.819348;0.720174;0.066028;2.850000;0.000000
349.121298;34.852522;-49.686695;0.733583;0.068290;2.850000;0.000000
349.321253;34.999915;-49.552004;0.747314;0.070506;2.850000;0.000000
349.521208;35.145404;-49.415313;0.760691;0.064707;2.850000;0.000000
349.721163;35.289174;-49.276697;0.773003;0.058588;2.850000;0.000000
349.921118;35.431379;-49.136341;0.784099;0.052488;2.850000;0.000000
350.121072;35.572170;-48.994435;0.793984;0.046412;2.850000;0.000000
350.321027;35.711698;-48.851167;0.802661;0.040365;2.850000;0.000000
350.520982;35.850114;-48.706725;0.810134;0.034344;2.850000;0.000000
350.720937;35.987569;-48.561299;0.816406;0.028349;2.850000;0.000000
350.920892;36.124213;-48.415078;0.821482;0.022374;2.850000;0.000000
351.120847;36.260197;-48.268250;0.825363;0.016413;2.850000;0.000000
351.320802;36.395674;-48.121004;0.828145;0.010457;2.850000;0.000000
351.520757;36.530825;-47.973437;0.830329;0.010443;2.850000;0.000000
351.720712;36.665627;-47.825633;0.832434;0.010600;2.850000;0.000000
351.920667;36.800079;-47.677582;0.834569;0.010755;2.850000;0.000000
352.120622;36.934186;-47.529273;0.836735;0.010908;2.850000;0.000000
352.320577;37.067948;-47.380695;0.838931;0.011059;2.850000;0.000000
352.520532;37.201370;-47.231835;0.841157;0.011207;2.850000;0.000000
352.720487;37.334452;-47.082682;0.843412;0.011353;2.850000;0.000000
352.920441;37.467198;-46.933225;0.845696;0.011497;2.850000;0.000000
353.120396;37.599609;-46.783452;0.848008;0.011638;2.850000;0.000000
353.320351;37.731690;-46.633352;0.850327;0.011776;2.850000;0.000000
353.520306;37.863380;-46.482995;0.852545;0.010623;2.850000;0.000000
353.720261;37.994772;-46.332334;0.854552;0.009455;2.850000;0.000000
353.920216;38.125898;-46.181405;0.856326;0.008289;2.850000;0.000000
354.120171;38.256787;-46.030241;0.857867;0.007125;2.850000;0.000000
354.320126;38.387472;-45.878879;0.859176;0.005962;2.850000;0.000000
354.520081;38.517983;-45.727353;0.860252;0.004800;2.850000;0.000000
354.720036;38.648353;-45.575697;0.861095;0.003638;2.850000;0.000000
354.919991;38.778611;-45.423948;0.861707;0.002477;2.850000;0.000000
355.119946;38.908789;-45.272140;0.862086;0.001316;2.850000;0.000000
355.319901;39.038918;-45.120308;0.862279;0.000155;2.850000;0.000000
355.519855;39.169037;-44.968450;0.862515;0.001748;2.850000;0.000000
355.719810;39.299092;-44.816559;0.863025;0.003351;2.850000;0.000000
355.919765;39.429038;-44.664590;0.863855;0.004953;2.850000;0.000000
356.119720;39.558827;-44.512500;0.865005;0.006556;2.850000;0.000000
356.319675;39.688414;-44.360243;0.866476;0.008158;2.850000;0.000000
356.519630;39.817751;-44.207776;0.868268;0.009760;2.850000;0.000000
356.719585;39.946794;-44.055053;0.870379;0.011360;2.850000;0.000000
356.919540;40.075496;-43.902030;0.872810;0.012959;2.850000;0.000000
357.119495;40.203810;-43.748663;0.875561;0.014556;2.850000;0.000000
357.319450;40.331690;-43.594908;0.878659;0.016164;2.850000;0.000000
357.519405;40.459089;-43.440703;0.882233;0.019325;2.850000;0.000000
357.719360;40.585898;-43.285999;0.886415;0.022490;2.850000;0.000000
357.919315;40.712009;-43.130727;0.891231;0.025662;2.850000;0.000000
358.119269;40.837312;-42.974820;0.896682;0.028842;2.850000;0.000000
358.319224;40.961699;-42.818212;0.902769;0.032029;2.850000;0.000000
358.519179;41.085061;-42.660836;0.909493;0.035224;2.850000;0.000000
358.719134;41.207289;-42.502624;0.916856;0.038428;2.850000;0.000000
358.919089;41.328274;-42.343509;0.924858;0.041637;2.850000;0.000000
359.119044;41.447906;-42.183425;0.933500;0.044851;2.850000;0.000000
359.318999;41.566079;-42.022302;0.942645;0.047901;2.850000;0.000000
359.518954;41.682770;-41.860049;0.951628;0.043236;2.850000;0.000000
359.718909;41.798051;-41.696799;0.959801;0.038557;2.850000;0.000000
359.918864;41.912075;-41.532657;0.967039;0.033869;2.850000;0.000000
360.118819;42.025000;-41.367728;0.973340;0.029179;2.850000;0.000000
360.318774;42.136978;-41.202116;0.978705;0.024488;2.850000;0.000000
360.518729;42.248166;-41.035927;0.983132;0.019801;2.850000;0.000000
360.718683;42.358718;-40.869263;0.986624;0.015118;2.850000;0.000000
360.918638;42.468788;-40.702231;0.989180;0.010440;2.850000;0.000000
361.118593;42.578533;-40.534934;0.990802;0.005767;2.850000;0.000000
361.318548;42.688103;-40.367482;0.991683;0.001488;2.850000;0.000000
361.518503;42.797515;-40.200049;0.992718;0.007296;2.850000;0.000000
361.718458;42.906692;-40.032441;0.994758;0.013103;2.850000;0.000000
361.918413;43.015431;-39.864545;0.997960;0.018914;2.850000;0.000000
362.118368;43.123527;-39.696250;1.002325;0.024733;2.850000;0.000000
362.318323;43.230776;-39.527444;1.007854;0.030561;2.850000;0.000000
362.518278;43.336973;-39.358014;1.014549;0.036399;2.850000;0.000000
362.718233;43.441914;-39.187849;1.022410;0.042246;2.850000;0.000000
362.918188;43.545394;-39.016837;1.031439;0.048099;2.850000;0.000000
363.118143;43.647209;-38.844865;1.041637;0.053952;2.850000;0.000000
363.318098;43.747155;-38.671821;1.052784;0.059266;2.850000;0.000000
363.518052;43.845101;-38.497641;1.063899;0.053629;2.850000;0.000000
363.718007;43.941185;-38.322402;1.074053;0.047984;2.850000;0.000000
363.917962;44.035599;-38.146222;1.083080;0.042339;2.850000;0.000000
364.117917;44.128537;-37.969214;1.090981;0.036700;2.850000;0.000000
364.317872;44.220191;-37.791494;1.097756;0.031070;2.850000;0.000000
364.517827;44.310755;-37.613177;1.103408;0.025451;2.850000;0.000000
364.717782;44.400421;-37.434378;1.107938;0.019841;2.850000;0.000000
364.917737;44.489384;-37.255214;1.111346;0.014238;2.850000;0.000000
365.117692;44.577834;-37.075798;1.113635;0.008640;2.850000;0.000000
365.317647;44.665968;-36.896243;1.114894;0.003299;2.850000;0.000000
365.517602;44.753970;-36.716598;1.115525;0.002352;2.850000;0.000000
365.717557;44.841874;-36.536939;1.115900;0.001404;2.850000;0.000000
365.917512;44.929715;-36.357279;1.116086;0.000455;2.850000;0.000000
366.117466;45.017531;-36.177631;1.116082;-0.000494;2.850000;0.000000
366.317421;45.105356;-35.998009;1.115888;-0.001444;2.850000;0.000000
366.517376;45.193227;-35.818424;1.115505;-0.002394;2.850000;0.000000
366.717331;45.281180;-35.638890;1.114931;-0.003344;2.850000;0.000000
366.917286;45.369250;-35.459420;1.114168;-0.004293;2.850000;0.000000
367.117241;45.457475;-35.280026;1.113215;-0.005243;2.850000;0.000000
367.317196;45.545890;-35.100718;1.112201;-0.005764;2.850000;0.000000
367.517151;45.634505;-34.921448;1.111680;-0.000314;2.850000;0.000000
367.717106;45.723132;-34.742181;1.112162;0.005136;2.850000;0.000000
367.917061;45.811574;-34.562826;1.113734;0.010587;2.850000;0.000000
368.117016;45.899632;-34.383291;1.116397;0.016040;2.850000;0.000000
368.316971;45.987110;-34.203484;1.120150;0.021496;2.850000;0.000000
368.516926;46.073808;-34.023314;1.124993;0.026953;2.850000;0.000000
368.716880;46.159530;-33.842688;1.130928;0.032411;2.850000;0.000000
368.916835;46.244078;-33.661516;1.137953;0.037866;2.850000;0.000000
369.116790;46.327253;-33.479705;1.146068;0.043313;2.850000;0.000000
369.316745;46.408855;-33.297170;1.155123;0.048179;2.850000;0.000000
369.516700;46.488714;-33.113906;1.164508;0.046603;2.850000;0.000000
369.716655;46.566874;-32.929876;1.173669;0.045036;2.850000;0.000000
369.916610;46.643385;-32.745126;1.182519;0.043480;2.850000;0.000000
370.116565;46.718293;-32.559698;1.191060;0.041935;2.850000;0.000000
370.316520;46.791647;-32.373639;1.199293;0.040401;2.850000;0.000000
370.516475;46.863497;-32.186992;1.207221;0.038878;2.850000;0.000000
370.716430;46.933888;-31.999803;1.214845;0.037367;2.850000;0.000000
370.916385;47.002871;-31.812115;1.222167;0.035868;2.850000;0.000000
371.116340;47.070493;-31.623974;1.229190;0.034380;2.850000;0.000000
371.316294;47.136812;-31.435396;1.236026;0.033355;2.850000;0.000000
371.516249;47.201920;-31.246161;1.243106;0.036831;2.850000;0.000000
371.716204;47.265611;-31.056515;1.250823;0.040311;2.850000;0.000000
371.916159;47.327751;-30.866422;1.259233;0.043795;2.850000;0.000000
372.116114;47.388207;-30.675844;1.268338;0.047278;2.850000;0.000000
372.316069;47.446846;-30.484744;1.278136;0.050755;2.850000;0.000000
372.516024;47.503537;-30.293085;1.288627;0.054223;2.850000;0.000000
372.715979;47.558145;-30.100830;1.299809;0.057672;2.850000;0.000000
372.915934;47.610538;-29.907941;1.311679;0.061097;2.850000;0.000000
373.115889;47.660583;-29.714381;1.324233;0.064488;2.850000;0.000000
373.315844;47.708144;-29.520131;1.337425;0.067648;2.850000;0.000000
373.515799;47.753071;-29.325289;1.351114;0.069418;2.850000;0.000000
373.715754;47.795305;-29.129771;1.365183;0.071247;2.850000;0.000000
373.915708;47.834756;-28.933631;1.379626;0.073134;2.850000;0.000000
374.115663;47.871334;-28.736926;1.394453;0.075080;2.850000;0.000000
374.315618;47.904950;-28.539712;1.409674;0.077081;2.850000;0.000000
374.515573;47.935515;-28.342045;1.425297;0.079137;2.850000;0.000000
374.715528;47.962939;-28.143980;1.441332;0.081245;2.850000;0.000000
374.915483;47.987133;-27.945574;1.457786;0.083402;2.850000;0.000000
375.115438;48.008007;-27.746882;1.474671;0.085603;2.850000;0.000000
375.315393;48.025476;-27.547914;1.491815;0.086786;2.850000;0.000000
375.515348;48.039540;-27.348464;1.508521;0.081268;2.850000;0.000000
375.715303;48.050359;-27.148862;1.524211;0.075697;2.850000;0.000000
375.915258;48.058157;-26.949133;1.538782;0.070095;2.850000;0.000000
376.115213;48.063155;-26.749302;1.552233;0.064479;2.850000;0.000000
376.315168;48.065578;-26.549397;1.564562;0.058863;2.850000;0.000000
376.515123;48.065648;-26.349442;1.575772;0.053256;2.850000;0.000000
376.715077;48.063588;-26.149463;1.585863;0.047664;2.850000;0.000000
376.915032;48.059621;-25.949485;1.594839;0.042090;2.850000;0.000000
377.114987;48.053971;-25.749536;1.602703;0.036535;2.850000;0.000000
377.314942;48.046860;-25.549652;1.609663;0.032335;2.850000;0.000000
377.514897;48.038431;-25.349906;1.616421;0.034532;2.850000;0.000000
377.714852;48.028624;-25.150243;1.623544;0.036728;2.850000;0.000000
377.914807;48.017352;-24.950671;1.631105;0.038920;2.850000;0.000000
378.114762;48.004529;-24.751196;1.639103;0.041108;2.850000;0.000000
378.314717;47.990066;-24.551827;1.647538;0.043287;2.850000;0.000000
378.514672;47.973877;-24.352571;1.656409;0.045457;2.850000;0.000000
378.714627;47.955875;-24.153436;1.665714;0.047613;2.850000;0.000000
378.914582;47.935973;-23.954428;1.675451;0.049753;2.850000;0.000000
379.114537;47.914083;-23.755555;1.685616;0.051873;2.850000;0.000000
379.314491;47.890128;-23.556904;1.696231;0.054197;2.850000;0.000000
379.514446;47.864044;-23.358731;1.707404;0.057423;2.850000;0.000000
379.714401;47.835677;-23.160798;1.719213;0.060689;2.850000;0.000000
379.914356;47.804904;-22.963182;1.731681;0.063993;2.850000;0.000000
380.114311;47.771600;-22.765959;1.744815;0.067336;2.850000;0.000000
380.314266;47.735644;-22.569205;1.758621;0.070716;2.850000;0.000000
380.514221;47.696912;-22.372998;1.773105;0.074128;2.850000;0.000000
380.714176;47.655282;-22.177414;1.788272;0.077569;2.850000;0.000000
380.914131;47.610630;-21.982529;1.804128;0.081030;2.850000;0.000000
381.114086;47.562834;-21.788420;1.820671;0.084505;2.850000;0.000000
381.314041;47.511779;-21.595195;1.837611;0.085838;2.850000;0.000000
381.513996;47.457479;-21.402973;1.854048;0.079472;2.850000;0.000000
381.713951;47.400124;-21.211603;1.869288;0.073088;2.850000;0.000000
381.913905;47.339962;-21.021035;1.883257;0.066704;2.850000;0.000000
382.113860;47.277244;-20.831221;1.895955;0.060337;2.850000;0.000000
382.313815;47.212218;-20.642112;1.907387;0.053994;2.850000;0.000000
382.513770;47.145133;-20.453658;1.917556;0.047680;2.850000;0.000000
382.713725;47.076238;-20.265812;1.926467;0.041397;2.850000;0.000000
382.913680;47.005783;-20.078524;1.934125;0.035142;2.850000;0.000000
383.113635;46.934016;-19.891746;1.940534;0.028911;2.850000;0.000000
383.313590;46.861171;-19.705393;1.945846;0.023784;2.850000;0.000000
383.513545;46.787404;-19.519335;1.950507;0.022432;2.850000;0.000000
383.713500;46.712826;-19.333671;1.954860;0.021075;2.850000;0.000000
383.913455;46.637487;-19.148375;1.958939;0.019712;2.850000;0.000000
384.113410;46.561436;-18.963421;1.962744;0.018345;2.850000;0.000000
384.313365;46.484723;-18.778786;1.966275;0.016974;2.850000;0.000000
384.513319;46.407397;-18.594443;1.969531;0.015600;2.850000;0.000000
384.713274;46.329508;-18.410368;1.972512;0.014224;2.850000;0.000000
384.913229;46.251104;-18.226537;1.975216;0.012845;2.850000;0.000000
385.113184;46.172236;-18.042923;1.977645;0.011465;2.850000;0.000000
385.313139;46.092943;-17.859480;1.979777;0.009916;2.850000;0.000000
385.513094;46.013260;-17.676128;1.981546;0.007835;2.850000;0.000000
385.713049;45.933291;-17.492904;1.982904;0.005752;2.850000;0.000000
385.913004;45.853111;-17.309770;1.983845;0.003669;2.850000;0.000000
386.112959;45.772794;-17.126690;1.984371;0.001586;2.850000;0.000000
386.312914;45.692415;-16.943625;1.984479;-0.000497;2.850000;0.000000
386.512869;45.612048;-16.760539;1.984172;-0.002579;2.850000;0.000000
386.712824;45.531767;-16.577394;1.983448;-0.004659;2.850000;0.000000
386.912779;45.451648;-16.394153;1.982308;-0.006739;2.850000;0.000000
387.112733;45.371765;-16.210778;1.980754;-0.008815;2.850000;0.000000
387.312688;45.292207;-16.027267;1.978871;-0.010207;2.850000;0.000000
387.512643;45.213046;-15.843667;1.976906;-0.009626;2.850000;0.000000
387.712598;45.134229;-15.659890;1.975039;-0.009047;2.850000;0.000000
387.912553;45.055738;-15.475954;1.973287;-0.008470;2.850000;0.000000
388.112508;44.977554;-15.291877;1.971651;-0.007894;2.850000;0.000000
388.312463;44.899662;-15.107676;1.970130;-0.007320;2.850000;0.000000
388.512418;44.822042;-14.923370;1.968723;-0.006747;2.850000;0.000000
388.712373;44.744677;-14.738975;1.967431;-0.006175;2.850000;0.000000
388.912328;44.667551;-14.554509;1.966254;-0.005604;2.850000;0.000000
389.112283;44.590645;-14.369990;1.965190;-0.005033;2.850000;0.000000
389.312238;44.513922;-14.185386;1.964256;-0.004346;2.850000;0.000000
389.512193;44.437321;-14.000627;1.963490;-0.003340;2.850000;0.000000
389.712148;44.360858;-13.815853;1.962923;-0.002333;2.850000;0.000000
389.912102;44.284493;-13.631070;1.962558;-0.001324;2.850000;0.000000
390.112057;44.208183;-13.446284;1.962394;-0.000315;2.850000;0.000000
390.312012;44.131889;-13.261501;1.962432;0.000695;2.850000;0.000000
390.511967;44.055568;-13.076727;1.962671;0.001704;2.850000;0.000000
390.711922;43.979180;-12.891968;1.963113;0.002713;2.850000;0.000000
390.911877;43.902684;-12.707231;1.963756;0.003721;2.850000;0.000000
391.111832;43.826038;-12.522522;1.964601;0.004727;2.850000;0.000000
391.311787;43.749223;-12.337900;1.965632;0.005617;2.850000;0.000000
391.511742;43.672240;-12.153454;1.966814;0.006229;2.850000;0.000000
391.711697;43.595012;-11.969067;1.968120;0.006841;2.850000;0.000000
391.911652;43.517519;-11.784756;1.969549;0.007453;2.850000;0.000000
392.111607;43.439742;-11.600538;1.971101;0.008066;2.850000;0.000000
392.311562;43.361661;-11.416430;1.972775;0.008680;2.850000;0.000000
392.511516;43.283256;-11.232448;1.974573;0.009296;2.850000;0.000000
392.711471;43.204508;-11.048609;1.976494;0.009912;2.850000;0.000000
392.911426;43.125397;-10.864929;1.978538;0.010530;2.850000;0.000000
393.111381;43.045904;-10.681425;1.980704;0.011149;2.850000;0.000000
393.311336;42.965998;-10.498090;1.982854;0.010592;2.850000;0.000000
393.511291;42.885696;-10.314884;1.984622;0.007311;2.850000;0.000000
393.711246;42.805134;-10.131813;1.985756;0.004028;2.850000;0.000000
393.911201;42.724432;-9.948825;1.986233;0.000743;2.850000;0.000000
394.111156;42.643711;-9.765867;1.986053;-0.002543;2.850000;0.000000
394.311111;42.563090;-9.582884;1.985216;-0.005831;2.850000;0.000000
394.511066;42.482690;-9.399825;1.983722;-0.009120;2.850000;0.000000
394.711021;42.402632;-9.216635;1.981570;-0.012410;2.850000;0.000000
394.910976;42.323034;-9.033263;1.978760;-0.015701;2.850000;0.000000
395.110930;42.244018;-8.849654;1.975296;-0.018993;2.850000;0.000000
395.310885;42.165697;-8.665745;1.971412;-0.020234;2.850000;0.000000
395.510840;42.088099;-8.481505;1.967717;-0.017080;2.850000;0.000000
395.710795;42.011131;-8.296999;1.964618;-0.013924;2.850000;0.000000
395.910750;41.934674;-8.112275;1.962149;-0.010768;2.850000;0.000000
396.110705;41.858611;-7.927378;1.960312;-0.007612;2.850000;0.000000
396.310660;41.782826;-7.742354;1.959105;-0.004456;2.850000;0.000000
396.510615;41.707199;-7.557250;1.958530;-0.001302;2.850000;0.000000
396.710570;41.631616;-7.372112;1.958585;0.001852;2.850000;0.000000
396.910525;41.555956;-7.186985;1.959270;0.005004;2.850000;0.000000
397.110480;41.480105;-7.001916;1.960584;0.008154;2.850000;0.000000
397.310435;41.403960;-6.816991;1.962385;0.010061;2.850000;0.000000
397.510390;41.327476;-6.632276;1.964324;0.009517;2.850000;0.000000
397.710344;41.250632;-6.447690;1.966173;0.008975;2.850000;0.000000
397.910299;41.173453;-6.263229;1.967913;0.008433;2.850000;0.000000
398.110254;41.095958;-6.078889;1.969545;0.007892;2.850000;0.000000
398.310209;41.018170;-5.894667;1.971070;0.007352;2.850000;0.000000
398.510164;40.940111;-5.710557;1.972486;0.006813;2.850000;0.000000
398.710119;40.861802;-5.526557;1.973794;0.006274;2.850000;0.000000
398.910074;40.783266;-5.342662;1.974995;0.005735;2.850000;0.000000
399.110029;40.704523;-5.158868;1.976087;0.005197;2.850000;0.000000
399.309984;40.625588;-4.975153;1.977040;0.004374;2.850000;0.000000
399.509939;40.546486;-4.791488;1.977775;0.003015;2.850000;0.000000
399.709894;40.467279;-4.607883;1.978242;0.001654;2.850000;0.000000
399.909849;40.388015;-4.424315;1.978437;0.000294;2.850000;0.000000
400.109804;40.308744;-4.240759;1.978359;-0.001067;2.850000;0.000000
400.309759;40.229513;-4.057188;1.978010;-0.002428;2.850000;0.000000
400.509713;40.150371;-3.873578;1.977388;-0.003789;2.850000;0.000000
400.709668;40.071366;-3.689905;1.976495;-0.005149;2.850000;0.000000
400.909623;39.992548;-3.506143;1.975329;-0.006509;2.850000;0.000000
401.109578;39.913963;-3.322267;1.973894;-0.007868;2.850000;0.000000
401.309533;39.835667;-3.138266;1.972302;-0.008202;2.850000;0.000000
401.509488;39.757671;-2.954148;1.970821;-0.006732;2.850000;0.000000
401.709443;39.679919;-2.769913;1.969621;-0.005265;2.850000;0.000000
401.909398;39.602357;-2.585589;1.968715;-0.003797;2.850000;0.000000
402.109353;39.524935;-2.401204;1.968103;-0.002331;2.850000;0.000000
402.309308;39.447599;-2.216785;1.967783;-0.000864;2.850000;0.000000
402.509263;39.370298;-2.032360;1.967757;0.000602;2.850000;0.000000
402.709218;39.292981;-1.847957;1.968024;0.002069;2.850000;0.000000
402.909173;39.215594;-1.663603;1.968585;0.003538;2.850000;0.000000
403.109127;39.138087;-1.479327;1.969436;0.005007;2.850000;0.000000
403.309082;39.060381;-1.295092;1.970462;0.005398;2.850000;0.000000
403.509037;38.982447;-1.110861;1.971389;0.003984;2.850000;0.000000
403.708992;38.904378;-0.926719;1.972044;0.002569;2.850000;0.000000
403.908947;38.826224;-0.742639;1.972416;0.001152;2.850000;0.000000
404.108902;38.748035;-0.558598;1.972505;-0.000265;2.850000;0.000000
404.308857;38.669864;-0.374569;1.972310;-0.001683;2.850000;0.000000
404.508812;38.591761;-0.190528;1.971832;-0.003101;2.850000;0.000000
404.708767;38.513776;-0.006449;1.971070;-0.004519;2.850000;0.000000
404.908722;38.435961;0.177692;1.970025;-0.005938;2.850000;0.000000
405.108677;38.358367;0.361920;1.968699;-0.007356;2.850000;0.000000
405.308632;38.281046;0.546253;1.967193;-0.007823;2.850000;0.000000
405.508587;38.204015;0.730695;1.965736;-0.006838;2.850000;0.000000
405.708541;38.127234;0.915249;1.964468;-0.005853;2.850000;0.000000
405.908496;38.050664;1.099903;1.963396;-0.004868;2.850000;0.000000
406.108451;37.974267;1.284646;1.962522;-0.003883;2.850000;0.000000
406.308406;37.898006;1.469467;1.961844;-0.002898;2.850000;0.000000
406.508361;37.821844;1.654355;1.961363;-0.001913;2.850000;0.000000
406.708316;37.745741;1.839297;1.961079;-0.000929;2.850000;0.000000
406.908271;37.669661;2.024283;1.960991;0.000055;2.850000;0.000000
407.108226;37.593565;2.209301;1.961101;0.001037;2.850000;0.000000
407.308181;37.517442;2.394273;1.961436;0.002279;2.850000;0.000000
407.508136;37.441260;2.579151;1.962054;0.003883;2.850000;0.000000
407.708091;37.364924;2.763993;1.962991;0.005488;2.850000;0.000000
407.908046;37.288379;2.948765;1.964249;0.007093;2.850000;0.000000
408.108001;37.211571;3.133432;1.965828;0.008699;2.850000;0.000000
408.307955;37.134444;3.317959;1.967729;0.010308;2.850000;0.000000
408.507910;37.056943;3.502312;1.969951;0.011919;2.850000;0.000000
408.707865;36.979013;3.686455;1.972496;0.013534;2.850000;0.000000
408.907820;36.900600;3.870354;1.975363;0.015152;2.850000;0.000000
409.107775;36.821647;4.053974;1.978547;0.016776;2.850000;0.000000
409.307730;36.742073;4.237349;1.981774;0.015784;2.850000;0.000000
409.507685;36.661908;4.420521;1.984461;0.011287;2.850000;0.000000
409.707640;36.581343;4.603481;1.986267;0.006784;2.850000;0.000000
409.907595;36.500538;4.786313;1.987172;0.002276;2.850000;0.000000
410.107550;36.419653;4.969103;1.987177;-0.002233;2.850000;0.000000
410.307505;36.338846;5.151936;1.986280;-0.006741;2.850000;0.000000
410.507460;36.258276;5.334898;1.984482;-0.011244;2.850000;0.000000
410.707415;36.178104;5.518075;1.981784;-0.015740;2.850000;0.000000
410.907369;36.098487;5.701550;1.978188;-0.020224;2.850000;0.000000
411.107324;36.019586;5.885410;1.973719;-0.024694;2.850000;0.000000
411.307279;35.941585;6.069655;1.969122;-0.021949;2.850000;0.000000
411.507234;35.864385;6.254215;1.965932;-0.010379;2.850000;0.000000
411.707189;35.787549;6.438983;1.965011;0.001168;2.850000;0.000000
411.907144;35.710663;6.623748;1.966399;0.012711;2.850000;0.000000
412.107099;35.633316;6.808298;1.970099;0.024270;2.850000;0.000000
412.307054;35.555094;6.992420;1.976113;0.035859;2.850000;0.000000
412.507009;35.475585;7.175904;1.984446;0.047488;2.850000;0.000000
412.706964;35.394377;7.358536;1.995104;0.059159;2.850000;0.000000
412.906919;35.311058;7.540105;2.008091;0.070861;2.850000;0.000000
413.106874;35.225214;7.720399;2.023377;0.082569;2.850000;0.000000
413.306829;35.136443;7.899217;2.039970;0.084543;2.850000;0.000000
413.506784;35.044683;8.076528;2.055844;0.075032;2.850000;0.000000
413.706738;34.950254;8.252486;2.069876;0.065489;2.850000;0.000000
413.906693;34.853493;8.427264;2.082006;0.055946;2.850000;0.000000
414.106648;34.754737;8.601033;2.092236;0.046421;2.850000;0.000000
414.306603;34.654323;8.773964;2.100569;0.036925;2.850000;0.000000
414.506558;34.552587;8.946229;2.107009;0.027461;2.850000;0.000000
414.706513;34.449866;9.117998;2.111561;0.018027;2.850000;0.000000
414.906468;34.346497;9.289444;2.114227;0.008614;2.850000;0.000000
415.106423;34.242816;9.460738;2.115039;-0.000787;2.850000;0.000000
415.306378;34.139158;9.632032;2.114773;-0.002556;2.850000;0.000000
415.506333;34.035592;9.803342;2.114983;0.004260;2.850000;0.000000
415.706288;33.931898;9.974535;2.116519;0.011082;2.850000;0.000000
415.906243;33.827848;10.145457;2.119420;0.017916;2.850000;0.000000
416.106198;33.723218;10.315954;2.123688;0.024764;2.850000;0.000000
416.306152;33.617781;10.485872;2.129327;0.031628;2.850000;0.000000
416.506107;33.511311;10.655057;2.136337;0.038508;2.850000;0.000000
416.706062;33.403583;10.823354;2.144720;0.045401;2.850000;0.000000
416.906017;33.294370;10.990611;2.154478;0.052300;2.850000;0.000000
417.105972;33.183446;11.156671;2.165589;0.059195;2.850000;0.000000
417.305927;33.070554;11.321445;2.177397;0.059601;2.850000;0.000000
417.505882;32.955677;11.484929;2.188612;0.052985;2.850000;0.000000
417.705837;32.839064;11.647205;2.198538;0.046357;2.850000;0.000000
417.905792;32.720930;11.808423;2.207140;0.039728;2.850000;0.000000
418.105747;32.601493;11.968735;2.214421;0.033105;2.850000;0.000000
418.305702;32.480968;12.128291;2.220379;0.026490;2.850000;0.000000
418.505657;32.359572;12.287243;2.225017;0.019887;2.850000;0.000000
418.705612;32.237521;12.445741;2.228335;0.013294;2.850000;0.000000
418.905566;32.115031;12.603935;2.230336;0.006709;2.850000;0.000000
419.105521;31.992320;12.761978;2.231042;0.000127;2.850000;0.000000
419.305476;31.869619;12.919985;2.230985;-0.001142;2.850000;0.000000
419.505431;31.746973;13.077981;2.231189;0.002953;2.850000;0.000000
419.705386;31.624240;13.235896;2.232189;0.007049;2.850000;0.000000
419.905341;31.501293;13.393628;2.234008;0.011147;2.850000;0.000000
420.105296;31.378005;13.551072;2.236647;0.015247;2.850000;0.000000
420.305251;31.254248;13.708125;2.240106;0.019349;2.850000;0.000000
420.505206;31.129896;13.864685;2.244385;0.023454;2.850000;0.000000
420.705161;31.004821;14.020646;2.249484;0.027559;2.850000;0.000000
420.905116;30.878897;14.175907;2.255404;0.031663;2.850000;0.000000
421.105071;30.751997;14.330362;2.262132;0.035764;2.850000;0.000000
421.305026;30.624000;14.483908;2.269430;0.037444;2.850000;0.000000
421.504980;30.494856;14.636499;2.276843;0.036812;2.850000;0.000000
421.704935;30.364585;14.788144;2.284139;0.036181;2.850000;0.000000
421.904890;30.233211;14.938853;2.291310;0.035552;2.850000;0.000000
422.104845;30.100761;15.088634;2.298356;0.034925;2.850000;0.000000
422.304800;29.967259;15.237497;2.305277;0.034299;2.850000;0.000000
422.504755;29.832730;15.385450;2.312074;0.033677;2.850000;0.000000
422.704710;29.697200;15.532503;2.318746;0.033057;2.850000;0.000000
422.904665;29.560694;15.678664;2.325296;0.032439;2.850000;0.000000
423.104620;29.423237;15.823942;2.331723;0.031825;2.850000;0.000000
423.304575;29.284875;15.968325;2.338050;0.031441;2.850000;0.000000
423.504530;29.145623;16.111817;2.344321;0.031265;2.850000;0.000000
423.704485;29.005475;16.254439;2.350555;0.031091;2.850000;0.000000
423.904440;28.864442;16.396188;2.356755;0.030918;2.850000;0.000000
424.104394;28.722534;16.537064;2.362920;0.030747;2.850000;0.000000
424.304349;28.579762;16.677064;2.369051;0.030578;2.850000;0.000000
424.504304;28.436138;16.816188;2.375149;0.030411;2.850000;0.000000
424.704259;28.291672;16.954435;2.381214;0.030246;2.850000;0.000000
424.904214;28.146375;17.091803;2.387245;0.030083;2.850000;0.000000
425.104169;28.000259;17.228290;2.393239;0.029922;2.850000;0.000000
425.304124;27.853326;17.363906;2.399096;0.028738;2.850000;0.000000
425.504079;27.705614;17.498680;2.404631;0.026656;2.850000;0.000000
425.704034;27.557187;17.632663;2.409753;0.024574;2.850000;0.000000
425.903989;27.408103;17.765915;2.414458;0.022492;2.850000;0.000000
426.103944;27.258420;17.898497;2.418748;0.020410;2.850000;0.000000
426.303899;27.108196;18.030467;2.422621;0.018328;2.850000;0.000000
426.503854;26.957489;18.161887;2.426077;0.016248;2.850000;0.000000
426.703809;26.806357;18.292815;2.429118;0.014168;2.850000;0.000000
426.903763;26.654858;18.423311;2.431743;0.012089;2.850000;0.000000
427.103718;26.503050;18.553436;2.433960;0.010010;2.850000;0.000000
427.303673;26.350957;18.683275;2.435909;0.009373;2.850000;0.000000
427.503628;26.198603;18.812841;2.437844;0.009939;2.850000;0.000000
427.703583;26.046002;18.942095;2.439889;0.010504;2.850000;0.000000
427.903538;25.893139;19.071021;2.442046;0.011070;2.850000;0.000000
428.103493;25.740000;19.199600;2.444316;0.011636;2.850000;0.000000
428.303448;25.586571;19.327815;2.446699;0.012202;2.850000;0.000000
428.503403;25.432836;19.455650;2.449195;0.012768;2.850000;0.000000
428.703358;25.278782;19.583087;2.451805;0.013334;2.850000;0.000000
428.903313;25.124394;19.710109;2.454527;0.013899;2.850000;0.000000
429.103268;24.969658;19.836697;2.457355;0.014464;2.850000;0.000000
429.303223;24.814539;19.962856;2.460160;0.013694;2.850000;0.000000
429.503177;24.659061;20.088602;2.462713;0.011875;2.850000;0.000000
429.703132;24.503286;20.213978;2.464906;0.010056;2.850000;0.000000
429.903087;24.347259;20.339040;2.466734;0.008236;2.850000;0.000000
430.103042;24.191028;20.463844;2.468200;0.006417;2.850000;0.000000
430.302997;24.034639;20.588446;2.469301;0.004598;2.850000;0.000000
430.502952;23.878137;20.712903;2.470038;0.002779;2.850000;0.000000
430.702907;23.721570;20.837269;2.470412;0.000959;2.850000;0.000000
430.902862;23.564983;20.961603;2.470422;-0.000860;2.850000;0.000000
431.102817;23.408423;21.085958;2.470074;-0.002680;2.850000;0.000000
431.302772;23.251933;21.210392;2.469464;-0.003500;2.850000;0.000000
431.502727;23.095534;21.334932;2.468757;-0.003587;2.850000;0.000000
431.702682;22.939226;21.459582;2.468031;-0.003674;2.850000;0.000000
431.902637;22.783009;21.584348;2.467288;-0.003760;2.850000;0.000000
432.102591;22.626882;21.709234;2.466528;-0.003846;2.850000;0.000000
432.302546;22.470844;21.834246;2.465750;-0.003932;2.850000;0.000000
432.502501;22.314894;21.959389;2.464955;-0.004018;2.850000;0.000000
432.702456;22.159031;22.084667;2.464144;-0.004103;2.850000;0.000000
432.902411;22.003256;22.210087;2.463314;-0.004188;2.850000;0.000000
433.102366;21.847566;22.335652;2.462473;-0.004272;2.850000;0.000000
433.302321;21.692024;22.461315;2.461694;-0.003584;2.850000;0.000000
433.502276;21.536595;22.587070;2.461100;-0.002371;2.850000;0.000000
433.702231;21.381209;22.712912;2.460747;-0.001159;2.850000;0.000000
433.902186;21.225841;22.838800;2.460636;0.000053;2.850000;0.000000
434.102141;21.070464;22.964692;2.460768;0.001264;2.850000;0.000000
434.302096;20.915054;23.090546;2.461142;0.002475;2.850000;0.000000
434.502051;20.759583;23.216321;2.461758;0.003687;2.850000;0.000000
434.702005;20.604027;23.341976;2.462616;0.004899;2.850000;0.000000
434.901960;20.448359;23.467470;2.463717;0.006113;2.850000;0.000000
435.101915;20.292554;23.592760;2.465047;0.007328;2.850000;0.000000
435.301870;20.136529;23.717858;2.466381;0.006204;2.850000;0.000000
435.501825;19.980332;23.842778;2.467353;0.003555;2.850000;0.000000
435.701780;19.824063;23.967574;2.467799;0.000905;2.850000;0.000000
435.901735;19.667786;24.092329;2.467715;-0.001747;2.850000;0.000000
436.101690;19.511565;24.217130;2.467101;-0.004400;2.850000;0.000000
436.301645;19.355464;24.342060;2.465956;-0.007053;2.850000;0.000000
436.501600;19.199545;24.467205;2.464280;-0.009706;2.850000;0.000000
436.701555;19.043873;24.592649;2.462075;-0.012359;2.850000;0.000000
436.901510;18.888511;24.718478;2.459339;-0.015010;2.850000;0.000000
437.101465;18.733523;24.844776;2.456100;-0.017659;2.850000;0.000000
437.301420;18.578977;24.971611;2.452745;-0.016225;2.850000;0.000000
437.501374;18.424837;25.098949;2.449897;-0.012317;2.850000;0.000000
437.701329;18.271001;25.226674;2.447825;-0.008412;2.850000;0.000000
437.901284;18.117371;25.354665;2.446533;-0.004508;2.850000;0.000000
438.101239;17.963852;25.482799;2.446022;-0.000606;2.850000;0.000000
438.301194;17.810346;25.610953;2.446291;0.003297;2.850000;0.000000
438.501149;17.656756;25.739006;2.447340;0.007200;2.850000;0.000000
438.701104;17.502984;25.866835;2.449170;0.011103;2.850000;0.000000
438.901059;17.348935;25.994318;2.451781;0.015008;2.850000;0.000000
439.101014;17.194510;26.121332;2.455143;0.018914;2.850000;0.000000
439.300969;17.039605;26.247778;2.458847;0.018485;2.850000;0.000000
439.500924;16.884232;26.373655;2.462250;0.015601;2.850000;0.000000
439.700879;16.728469;26.499044;2.465081;0.012716;2.850000;0.000000
439.900834;16.572391;26.624035;2.467335;0.009830;2.850000;0.000000
440.100788;16.416068;26.748717;2.469012;0.006944;2.850000;0.000000
440.300743;16.259573;26.873182;2.470112;0.004058;2.850000;0.000000
440.500698;16.102979;26.997519;2.470635;0.001172;2.850000;0.000000
440.700653;15.946358;27.121817;2.470581;-0.001714;2.850000;0.000000
440.900608;15.789782;27.246166;2.469950;-0.004600;2.850000;0.000000
441.100563;15.633324;27.370658;2.468761;-0.007487;2.850000;0.000000
441.300518;15.477052;27.495373;2.467268;-0.007670;2.850000;0.000000
441.500473;15.320974;27.620324;2.465861;-0.006434;2.850000;0.000000
441.700428;15.165057;27.745476;2.464698;-0.005198;2.850000;0.000000
441.900383;15.009269;27.870792;2.463782;-0.003962;2.850000;0.000000
442.100338;14.853575;27.996234;2.463113;-0.002726;2.850000;0.000000
442.300293;14.697945;28.121765;2.462692;-0.001490;2.850000;0.000000
442.500248;14.542345;28.247348;2.462518;-0.000254;2.850000;0.000000
442.700202;14.386742;28.372947;2.462590;0.000982;2.850000;0.000000
442.900157;14.231105;28.498523;2.462910;0.002217;2.850000;0.000000
443.100112;14.075399;28.624040;2.463468;0.003451;2.850000;0.000000
443.300067;13.919644;28.749425;2.464151;0.003482;2.850000;0.000000
443.500022;13.763812;28.874693;2.464791;0.002929;2.850000;0.000000
443.699977;13.607897;28.999877;2.465322;0.002377;2.850000;0.000000
443.899932;13.451916;29.124993;2.465742;0.001825;2.850000;0.000000
444.099887;13.295884;29.250057;2.466051;0.001273;2.850000;0.000000
444.299842;13.139818;29.375081;2.466251;0.000721;2.850000;0.000000
444.499797;12.983735;29.500083;2.466340;0.000170;2.850000;0.000000
444.699752;12.827652;29.625077;2.466319;-0.000382;2.850000;0.000000
444.899707;12.671584;29.750077;2.466187;-0.000934;2.850000;0.000000
445.099662;12.515548;29.875100;2.465947;-0.001486;2.850000;0.000000
445.299616;12.359529;30.000184;2.465625;-0.001761;2.850000;0.000000
445.499571;12.203552;30.125325;2.465258;-0.001909;2.850000;0.000000
445.699526;12.047631;30.250519;2.464862;-0.002056;2.850000;0.000000
445.899481;11.891768;30.375771;2.464436;-0.002204;2.850000;0.000000
446.099436;11.735966;30.501089;2.463980;-0.002351;2.850000;0.000000
446.299391;11.580225;30.626477;2.463496;-0.002499;2.850000;0.000000
446.499346;11.424547;30.751942;2.462981;-0.002646;2.850000;0.000000
446.699301;11.268935;30.877491;2.462437;-0.002793;2.850000;0.000000
446.899256;11.113389;31.003129;2.461864;-0.002940;2.850000;0.000000
447.099211;10.957911;31.128864;2.461270;-0.003087;2.850000;0.000000
447.299166;10.802513;31.254688;2.460753;-0.002180;2.850000;0.000000
447.499121;10.647168;31.380582;2.460453;-0.000827;2.850000;0.000000
447.699076;10.491839;31.506505;2.460423;0.000527;2.850000;0.000000
447.899030;10.336493;31.632414;2.460664;0.001880;2.850000;0.000000
448.098985;10.181099;31.758266;2.461175;0.003233;2.850000;0.000000
448.298940;10.025624;31.884017;2.461957;0.004587;2.850000;0.000000
448.498895;9.870037;32.009622;2.463009;0.005941;2.850000;0.000000
448.698850;9.714304;32.135040;2.464333;0.007295;2.850000;0.000000
448.898805;9.558395;32.260225;2.465927;0.008650;2.850000;0.000000
449.098760;9.402277;32.385135;2.467764;0.010006;2.850000;0.000000
449.298715;9.245893;32.509760;2.469540;0.008060;2.850000;0.000000
449.498670;9.089303;32.634138;2.470824;0.004804;2.850000;0.000000
449.698625;8.932601;32.758359;2.471459;0.001547;2.850000;0.000000
449.898580;8.775866;32.882528;2.471443;-0.001710;2.850000;0.000000
450.098535;8.619178;33.006746;2.470776;-0.004967;2.850000;0.000000
450.298490;8.462619;33.131116;2.469457;-0.008225;2.850000;0.000000
450.498445;8.306267;33.255741;2.467487;-0.011483;2.850000;0.000000
450.698399;8.150203;33.380723;2.464865;-0.014741;2.850000;0.000000
450.898354;7.994508;33.506165;2.461592;-0.017997;2.850000;0.000000
451.098309;7.839261;33.632170;2.457718;-0.021252;2.850000;0.000000
451.298264;7.684549;33.758810;2.453752;-0.018942;2.850000;0.000000
451.498219;7.530313;33.886037;2.450400;-0.014613;2.850000;0.000000
451.698174;7.376440;34.013721;2.447911;-0.010286;2.850000;0.000000
451.898129;7.222823;34.141728;2.446287;-0.005960;2.850000;0.000000
452.098084;7.069353;34.269923;2.445527;-0.001635;2.850000;0.000000
452.298039;6.915923;34.398169;2.445633;0.002689;2.850000;0.000000
452.497994;6.762425;34.526332;2.446603;0.007013;2.850000;0.000000
452.697949;6.608752;34.654277;2.448437;0.011338;2.850000;0.000000
452.897904;6.454794;34.781867;2.451137;0.015665;2.850000;0.000000
453.097859;6.300446;34.908969;2.454652;0.019994;2.850000;0.000000
453.297813;6.145592;35.035477;2.458496;0.018971;2.850000;0.000000
453.497768;5.990258;35.161398;2.462006;0.016157;2.850000;0.000000
453.697723;5.834522;35.286814;2.464955;0.013342;2.850000;0.000000
453.897678;5.678454;35.411813;2.467342;0.010526;2.850000;0.000000
454.097633;5.522123;35.536483;2.469165;0.007710;2.850000;0.000000
454.297588;5.365600;35.660911;2.470425;0.004894;2.850000;0.000000
454.497543;5.208957;35.785185;2.471122;0.002079;2.850000;0.000000
454.697498;5.052263;35.909394;2.471256;-0.000737;2.850000;0.000000
454.897453;4.895588;36.033625;2.470827;-0.003553;2.850000;0.000000
455.097408;4.739004;36.157965;2.469862;-0.006369;2.850000;0.000000
455.297363;4.582576;36.282493;2.468609;-0.006438;2.850000;0.000000
455.497318;4.426311;36.407220;2.467400;-0.005671;2.850000;0.000000
455.697273;4.270187;36.532124;2.466343;-0.004903;2.850000;0.000000
455.897227;4.114183;36.657182;2.465439;-0.004135;2.850000;0.000000
456.097182;3.958281;36.782372;2.464689;-0.003367;2.850000;0.000000
456.297137;3.802458;36.907670;2.464093;-0.002600;2.850000;0.000000
456.497092;3.646696;37.033053;2.463649;-0.001832;2.850000;0.000000
456.697047;3.490973;37.158498;2.463360;-0.001064;2.850000;0.000000
456.897002;3.335270;37.283982;2.463224;-0.000297;2.850000;0.000000
457.096957;3.179566;37.409482;2.463236;0.000470;2.850000;0.000000
457.296912;3.023877;37.534949;2.463349;0.000721;2.850000;0.000000
457.496867;2.868171;37.660391;2.463504;0.000829;2.850000;0.000000
457.696822;2.712439;37.785813;2.463681;0.000937;2.850000;0.000000
457.896777;2.556679;37.911209;2.463879;0.001045;2.850000;0.000000
458.096732;2.400891;38.036574;2.464098;0.001153;2.850000;0.000000
458.296687;2.245074;38.161903;2.464340;0.001261;2.850000;0.000000
458.496641;2.089228;38.287191;2.464603;0.001369;2.850000;0.000000
458.696596;1.933352;38.412432;2.464887;0.001477;2.850000;0.000000
458.896551;1.777445;38.537623;2.465193;0.001586;2.850000;0.000000
459.096506;1.621507;38.662758;2.465515;0.001694;2.850000;0.000000
459.296461;1.465498;38.787866;2.465793;0.001158;2.850000;0.000000
459.496416;1.309460;38.912938;2.465954;0.000459;2.850000;0.000000
459.696371;1.153419;39.037989;2.465976;-0.000240;2.850000;0.000000
459.896326;0.997390;39.163042;2.465859;-0.000939;2.850000;0.000000
460.096281;0.841390;39.288120;2.465601;-0.001638;2.850000;0.000000
460.296236;0.685435;39.413246;2.465203;-0.002338;2.850000;0.000000
460.496191;0.529542;39.538443;2.464666;-0.003037;2.850000;0.000000
460.696146;0.373725;39.663734;2.463989;-0.003737;2.850000;0.000000
460.896101;0.218002;39.789141;2.463172;-0.004436;2.850000;0.000000
461.096055;0.062388;39.914688;2.462235;-0.005135;2.850000;0.000000
461.296010;-0.093103;40.040389;2.461335;-0.004064;2.850000;0.000000
461.495965;-0.248495;40.166220;2.460670;-0.002593;2.850000;0.000000
461.695920;-0.403825;40.292133;2.460298;-0.001123;2.850000;0.000000
461.895875;-0.559128;40.418082;2.460221;0.000347;2.850000;0.000000
462.095830;-0.714441;40.544022;2.460437;0.001817;2.850000;0.000000
462.295785;-0.869801;40.669906;2.460947;0.003288;2.850000;0.000000
462.495740;-1.025243;40.795688;2.461752;0.004758;2.850000;0.000000
462.695695;-1.180805;40.921321;2.462850;0.006228;2.850000;0.000000
462.895650;-1.336521;41.046759;2.464242;0.007698;2.850000;0.000000
463.095605;-1.492429;41.171957;2.465892;0.009169;2.850000;0.000000
463.295560;-1.648558;41.296880;2.467514;0.007432;2.850000;0.000000
463.495515;-1.804871;41.421571;2.468762;0.005052;2.850000;0.000000
463.695470;-1.961310;41.546104;2.469534;0.002672;2.850000;0.000000
463.895424;-2.117815;41.670553;2.469830;0.000292;2.850000;0.000000
464.095379;-2.274328;41.794993;2.469651;-0.002087;2.850000;0.000000
464.295334;-2.430789;41.919498;2.468996;-0.004467;2.850000;0.000000
464.495289;-2.587138;42.044143;2.467865;-0.006847;2.850000;0.000000
464.695244;-2.743317;42.169002;2.466257;-0.009227;2.850000;0.000000
464.895199;-2.899267;42.294150;2.464175;-0.011606;2.850000;0.000000
465.095154;-3.054929;42.419662;2.461664;-0.013985;2.850000;0.000000
465.295109;-3.210224;42.545572;2.459072;-0.012417;2.850000;0.000000
465.495064;-3.365206;42.671867;2.456816;-0.010155;2.850000;0.000000
465.695019;-3.519938;42.798482;2.455012;-0.007894;2.850000;0.000000
465.894974;-3.674476;42.925346;2.453659;-0.005634;2.850000;0.000000
466.094929;-3.828878;43.052390;2.452759;-0.003374;2.850000;0.000000
466.294884;-3.983200;43.179543;2.452310;-0.001114;2.850000;0.000000
466.494838;-4.137501;43.306736;2.452313;0.001145;2.850000;0.000000
466.694793;-4.291837;43.433898;2.452768;0.003404;2.850000;0.000000
466.894748;-4.446265;43.560960;2.453675;0.005662;2.850000;0.000000
467.094703;-4.600843;43.687852;2.455003;0.007920;2.850000;0.000000
467.294658;-4.755587;43.814486;2.456549;0.007831;2.850000;0.000000
467.494613;-4.910530;43.940878;2.458069;0.007378;2.850000;0.000000
467.694568;-5.065662;44.067044;2.459499;0.006925;2.850000;0.000000
467.894523;-5.220971;44.192996;2.460839;0.006473;2.850000;0.000000
468.094478;-5.376443;44.318748;2.462088;0.006021;2.850000;0.000000
468.294433;-5.532066;44.444312;2.463247;0.005569;2.850000;0.000000
468.494388;-5.687827;44.569701;2.464316;0.005118;2.850000;0.000000
468.694343;-5.843712;44.694928;2.465294;0.004666;2.850000;0.000000
468.894298;-5.999708;44.820004;2.466182;0.004215;2.850000;0.000000
469.094252;-6.155803;44.944944;2.466973;0.003764;2.850000;0.000000
469.294207;-6.312021;45.069792;2.467619;0.002775;2.850000;0.000000
469.494162;-6.468305;45.194553;2.468068;0.001712;2.850000;0.000000
469.694117;-6.624626;45.319254;2.468304;0.000648;2.850000;0.000000
469.894072;-6.780957;45.443930;2.468327;-0.000415;2.850000;0.000000
470.094027;-6.937272;45.568615;2.468138;-0.001479;2.850000;0.000000
470.293982;-7.093547;45.693344;2.467736;-0.002543;2.850000;0.000000
470.493937;-7.249756;45.818149;2.467121;-0.003608;2.850000;0.000000
470.693892;-7.405873;45.943066;2.466293;-0.004672;2.850000;0.000000
470.893847;-7.561873;46.068129;2.465253;-0.005736;2.850000;0.000000
471.093802;-7.717730;46.193371;2.464027;-0.006799;2.850000;0.000000
471.293757;-7.873432;46.318822;2.462795;-0.005800;2.850000;0.000000
471.493712;-8.028991;46.444457;2.461760;-0.004557;2.850000;0.000000
471.693666;-8.184436;46.570234;2.460973;-0.003314;2.850000;0.000000
471.893621;-8.339800;46.696115;2.460434;-0.002071;2.850000;0.000000
472.093576;-8.495111;46.822060;2.460145;-0.000828;2.850000;0.000000
472.293531;-8.650400;46.948031;2.460103;0.000415;2.850000;0.000000
472.493486;-8.805699;47.073987;2.460311;0.001658;2.850000;0.000000
472.693441;-8.961037;47.199890;2.460766;0.002901;2.850000;0.000000
472.893396;-9.116445;47.325700;2.461471;0.004145;2.850000;0.000000
473.093351;-9.271953;47.451378;2.462397;0.005388;2.850000;0.000000
473.293306;-9.427605;47.576910;2.463379;0.004696;2.850000;0.000000
473.493261;-9.583374;47.702293;2.464229;0.003813;2.850000;0.000000
473.693216;-9.739235;47.827556;2.464903;0.002929;2.850000;0.000000
473.893171;-9.895167;47.952726;2.465401;0.002046;2.850000;0.000000
474.093126;-10.051148;48.077830;2.465721;0.001162;2.850000;0.000000
474.293081;-10.207157;48.202897;2.465865;0.000279;2.850000;0.000000
474.493035;-10.363172;48.327954;2.465833;-0.000605;2.850000;0.000000
474.692990;-10.519172;48.453031;2.465624;-0.001489;2.850000;0.000000
474.892945;-10.675135;48.578154;2.465238;-0.002372;2.850000;0.000000
475.092900;-10.831040;48.703352;2.464692;-0.003256;2.850000;0.000000
475.292855;-10.986856;48.828637;2.464089;-0.002947;2.850000;0.000000
475.492810;-11.142600;48.954015;2.463540;-0.002545;2.850000;0.000000
475.692765;-11.298282;49.079474;2.463071;-0.002144;2.850000;0.000000
475.892720;-11.453914;49.205001;2.462683;-0.001742;2.850000;0.000000
476.092675;-11.609505;49.330586;2.462375;-0.001340;2.850000;0.000000
476.292630;-11.765065;49.456216;2.462147;-0.000939;2.850000;0.000000
476.492585;-11.920607;49.581878;2.461999;-0.000537;2.850000;0.000000
476.692540;-12.076139;49.707560;2.461932;-0.000136;2.850000;0.000000
476.892495;-12.231673;49.833251;2.461945;0.000266;2.850000;0.000000
477.092449;-12.387219;49.958937;2.462049;0.000667;2.850000;0.000000
477.292404;-12.542766;50.084584;2.462311;0.001833;2.850000;0.000000
477.492359;-12.698361;50.210177;2.462798;0.003043;2.850000;0.000000
477.692314;-12.854036;50.335677;2.463528;0.004254;2.850000;0.000000
477.892269;-13.009818;50.461045;2.464499;0.005465;2.850000;0.000000
478.092224;-13.165737;50.586242;2.465713;0.006676;2.850000;0.000000
478.292179;-13.321820;50.711230;2.467169;0.007887;2.850000;0.000000
478.492134;-13.478098;50.835969;2.468867;0.009099;2.850000;0.000000
478.692089;-13.634598;50.960420;2.470808;0.010311;2.850000;0.000000
478.892044;-13.791350;51.084544;2.472990;0.011523;2.850000;0.000000
479.091999;-13.948382;51.208303;2.475390;0.012736;2.850000;0.000000
479.291954;-14.105669;51.331628;2.477866;0.012292;2.850000;0.000000
479.491909;-14.263257;51.454565;2.480271;0.011776;2.850000;0.000000
479.691863;-14.421140;51.577135;2.482573;0.011259;2.850000;0.000000
479.891818;-14.579309;51.699359;2.484772;0.010740;2.850000;0.000000
480.091773;-14.737758;51.821255;2.486867;0.010220;2.850000;0.000000
480.291728;-14.896478;51.942846;2.488858;0.009699;2.850000;0.000000
480.491683;-15.055462;52.064149;2.490746;0.009177;2.850000;0.000000
480.691638;-15.214702;52.185186;2.492529;0.008655;2.850000;0.000000
480.891593;-15.374190;52.305977;2.494208;0.008132;2.850000;0.000000
481.091548;-15.533919;52.426541;2.495945;0.007609;2.850000;0.000000
481.291503;-15.693998;52.546907;2.498604;0.017330;2.850000;0.000000
481.491458;-15.854506;52.666725;2.503080;0.027367;2.850000;0.000000
481.691413;-16.015638;52.785639;2.509568;0.037439;2.850000;0.000000
481.891368;-16.177592;52.903296;2.518075;0.047561;2.850000;0.000000
482.091323;-16.340568;53.019340;2.528609;0.057741;2.850000;0.000000
482.291277;-16.504764;53.133418;2.541176;0.067979;2.850000;0.000000
482.491232;-16.670378;53.245177;2.555785;0.078264;2.850000;0.000000
482.691187;-16.837609;53.354261;2.572441;0.088572;2.850000;0.000000
482.891142;-17.006655;53.460317;2.591145;0.098864;2.850000;0.000000
483.091097;-17.177715;53.562991;2.611684;0.109085;2.850000;0.000000
483.291052;-17.351168;53.662131;2.632897;0.105621;2.850000;0.000000
483.491007;-17.526714;53.757609;2.653645;0.102020;2.850000;0.000000
483.690962;-17.704217;53.849513;2.673682;0.098450;2.850000;0.000000
483.890917;-17.883547;53.937932;2.693014;0.094924;2.850000;0.000000
484.090872;-18.064571;54.022953;2.711652;0.091453;2.850000;0.000000
484.290827;-18.247158;54.104665;2.729605;0.088045;2.850000;0.000000
484.490782;-18.431174;54.183157;2.746886;0.084708;2.850000;0.000000
484.690737;-18.616488;54.258516;2.763506;0.081446;2.850000;0.000000
484.890691;-18.802969;54.330832;2.779477;0.078262;2.850000;0.000000
485.090646;-18.990475;54.400190;2.794850;0.075220;2.850000;0.000000
485.290601;-19.178456;54.466511;2.809907;0.075178;2.850000;0.000000
485.490556;-19.367361;54.529993;2.824877;0.075044;2.850000;0.000000
485.690511;-19.557214;54.590649;2.839813;0.074820;2.850000;0.000000
485.890466;-19.748039;54.648493;2.854702;0.074507;2.850000;0.000000
486.090421;-19.939859;54.703540;2.869532;0.074105;2.850000;0.000000
486.290376;-20.132698;54.755805;2.884291;0.073618;2.850000;0.000000
486.490331;-20.326579;54.805300;2.898966;0.073048;2.850000;0.000000
486.690286;-20.521526;54.852041;2.913546;0.072397;2.850000;0.000000
486.890241;-20.717563;54.896041;2.928019;0.071670;2.850000;0.000000
487.090196;-20.914695;54.937312;2.942726;0.071415;2.850000;0.000000
487.290151;-21.112282;54.975589;2.959463;0.091501;2.850000;0.000000
487.490106;-21.310742;55.010252;2.979971;0.112127;2.850000;0.000000
487.690060;-21.509827;55.040406;3.004695;0.133502;2.850000;0.000000
487.890015;-21.709286;55.065155;3.033759;0.155758;2.850000;0.000000
488.089970;-21.908873;55.083604;3.067298;0.178927;2.850000;0.000000
488.289925;-22.108338;55.094857;3.105440;0.202905;2.850000;0.000000
488.489880;-22.307432;55.098019;-3.134894;0.227415;2.850000;0.000000
488.689835;-22.505906;55.092194;-3.087282;0.251968;2.850000;0.000000
488.889790;-22.703511;55.076487;-3.062271;0.275837;2.850000;0.000000
