#x_m,y_m,w_tr_right_m,w_tr_left_m
2.0000009909272194,52.350001741200686,0.25276926365365854,1.2637281386416934
1.9500009901821613,52.30000174045563,0.3000000074505806,1.22214628652442
1.750000987201929,52.30000174045563,0.25276926365365854,1.2577379954333137
1.700000986456871,52.25000173971057,0.3000000074505806,1.2142135834465193
1.5000009834766388,52.25000173971057,0.25276926365365854,1.256021999552522
1.4500009827315807,52.20000173896551,0.3000000074505806,1.2142135834465193
1.2500009797513485,52.20000173896551,0.25276926365365854,1.256021999552522
1.2000009790062904,52.15000173822045,0.3000000074505806,1.22214628652442
1.0500009767711163,52.15000173822045,0.26097722973374027,1.256021999552522
1.0000009760260582,52.100001737475395,0.29244289742777607,1.2230249682804948
0.9000009745359421,52.100001737475395,0.26097722973374027,1.256021999552522
0.850000973790884,52.05000173673034,0.29244289742777607,1.2230249682804948
0.800000973045826,52.05000173673034,0.2716990636316938,1.2396180263407768
0.7500009723007679,52.00000173598528,0.29244289742777607,1.2080128050138979
0.6500009708106518,52.00000173598528,0.26097722973374027,1.2396180263407768
0.6000009700655937,51.95000173524022,0.29244289742777607,1.2080128050138979
0.5000009685754776,51.95000173524022,0.26097722973374027,1.2396180263407768
0.45000096783041954,51.90000173449516,0.29244289742777607,1.2080128050138979
0.3500009663403034,51.90000173449516,0.24721360216395982,1.2396180263407768
0.30000096559524536,51.850001733750105,0.27434165609349825,1.2080128050138979
0.20000096410512924,51.850001733750105,0.24721360216395982,1.2396180263407768
0.15000096336007118,51.80000173300505,0.27434165609349825,1.2115594423831848
0.10000096261501312,51.80000173300505,0.26097722973374027,1.2317821276628513
0.05000096186995506,51.75000173225999,0.29244289742777607,1.2089003013547874
-0.049999039620161057,51.75000173225999,0.24721360216395982,1.2534442070328695
-0.09999904036521912,51.70000173151493,0.27434165609349825,1.2317821276628513
-0.14999904111027718,51.70000173151493,0.26097722973374027,1.2534442070328695
-0.19999904185533524,51.65000173076987,0.29244289742777607,1.2317821276628513
-0.2499990426003933,51.65000173076987,0.26097722973374027,1.2534442070328695
-0.29999904334545135,51.600001730024815,0.2716990636316938,1.2317821276628513
-0.3499990440905094,51.600001730024815,0.24721360216395982,1.2534442070328695
-0.3999990448355675,51.55000172927976,0.2716990636316938,1.2317821276628513
-0.44999904558062553,51.55000172927976,0.24721360216395982,1.2534442070328695
-0.4999990463256836,51.5000017285347,0.2716990636316938,1.2317821276628513
-0.5499990470707417,51.5000017285347,0.24721360216395982,1.2534442070328695
-0.5999990478157997,51.45000172778964,0.2716990636316938,1.2317821276628513
-0.6499990485608578,51.45000172778964,0.24721360216395982,1.2534442070328695
-0.7499990500509739,51.350001726299524,0.2716990636316938,1.2089003013547874
-0.799999050796032,51.350001726299524,0.24721360216395982,1.2317821276628513
-0.84999905154109,51.300001725554466,0.2716990636316938,1.2089003013547874
-0.8999990522861481,51.300001725554466,0.24721360216395982,1.2317821276628513
-0.9499990530312061,51.25000172480941,0.2716990636316938,1.2089003013547874
-0.9999990537762642,51.25000172480941,0.24721360216395982,1.2317821276628513
-1.0999990552663803,51.15000172331929,0.2716990636316938,1.1892444196463352
-1.1499990560114384,51.15000172331929,0.24721360216395982,1.2150971908950816
-1.1999990567564964,51.100001722574234,0.2716990636316938,1.2008925934871162
-1.2499990575015545,51.100001722574234,0.24721360216395982,1.2300349859166906
-1.2999990582466125,51.050001721829176,0.2716990636316938,1.2150971908950816
-1.3499990589916706,51.050001721829176,0.24721360216395982,1.242220531676356
-1.3999990597367287,51.00000172108412,0.2716990636316938,1.2300349859166906
-1.4499990604817867,51.00000172108412,0.24721360216395982,1.2534442070328695
-1.5499990619719028,50.900001719594,0.2716990636316938,1.2150971908950816
-1.599999062716961,50.900001719594,0.24721360216395982,1.242220531676356
-1.649999063462019,50.850001718848944,0.2716990636316938,1.2300349859166906
-1.699999064207077,50.850001718848944,0.24721360216395982,1.2577379954333137
-1.7999990656971931,50.75000171735883,0.29244289742777607,1.2300349859166906
-1.8499990664422512,50.75000171735883,0.26097722973374027,1.2577379954333137
-1.9499990679323673,50.65000171586871,0.29244289742777607,1.2300349859166906
-1.9999990686774254,50.65000171586871,0.2716990636316938,1.2577379954333137
-2.0499990694224834,50.60000171512365,0.29244289742777607,1.242220531676356
-2.0999990701675415,50.60000171512365,0.2596194146201188,1.2705441388980891
-2.2499990724027157,50.45000171288848,0.29244289742777607,1.2300349859166906
-2.2999990731477737,50.45000171288848,0.2596194146201188,1.2577379954333137
-2.39999907463789,50.35000171139836,0.2716990636316938,1.2300349859166906
-2.449999075382948,50.35000171139836,0.24721360216395982,1.2577379954333137
-2.599999077618122,50.20000170916319,0.2716990636316938,1.2089003013547874
-2.64999907836318,50.20000170916319,0.24721360216395982,1.2326548995376616
-2.7999990805983543,50.050001706928015,0.2716990636316938,1.1901438981605426
-2.8499990813434124,50.050001706928015,0.24721360216395982,1.221267061533719
-2.9999990835785866,49.90000170469284,0.2716990636316938,1.2008925934871162
-3.0499990843236446,49.90000170469284,0.24721360216395982,1.2300349859166906
-3.199999086558819,49.750001702457666,0.2716990636316938,1.2142135834465193
-3.249999087303877,49.750001702457666,0.24721360216395982,1.242220531676356
-3.399999089539051,49.60000170022249,0.2716990636316938,1.2159802469503793
-3.449999090284109,49.60000170022249,0.24721360216395982,1.2500000216066838
-3.6499990932643414,49.40000169724226,0.29244289742777607,1.221267061533719
-3.6999990940093994,49.40000169724226,0.26097722973374027,1.2534442070328695
-3.7999990954995155,49.300001695752144,0.29244289742777607,1.242220531676356
-3.8499990962445736,49.300001695752144,0.2596194146201188,1.2705441388980891
-3.9999990984797478,49.15000169351697,0.29244289742777607,1.2500000216066838
-4.049999099224806,49.15000169351697,0.2596194146201188,1.2840822300801311
-4.19999910145998,49.000001691281796,0.29244289742777607,1.2534442070328695
-4.249999102205038,49.000001691281796,0.2596194146201188,1.2866068968840194
-4.499999105930328,48.750001687556505,0.29244289742777607,1.2500000216066838
-4.549999106675386,48.750001687556505,0.2596194146201188,1.2849242626188453
-4.999999113380909,48.30000168085098,0.2716990636316938,1.2159802469503793
-5.049999114125967,48.30000168085098,0.24721360216395982,1.2500000216066838
-5.599999122321606,47.750001672655344,0.2716990636316938,1.2142135834465193
-5.649999123066664,47.750001672655344,0.24721360216395982,1.2495689230326823
-6.199999131262302,47.200001664459705,0.29244289742777607,1.2300349859166906
-6.2499991320073605,47.200001664459705,0.2596194146201188,1.260308208411311
-6.749999139457941,46.700001657009125,0.29244289742777607,1.2495689230326823
-6.799999140202999,46.700001657009125,0.2596194146201188,1.2849242626188453
-7.29999914765358,46.200001649558544,0.2596194146201188,1.2849242626188453
-7.29999914765358,46.150001648813486,0.29244289742777607,1.2495689230326823
-7.699999153614044,45.75000164285302,0.24721360216395982,1.2495689230326823
-7.699999153614044,45.700001642107964,0.2716990636316938,1.2142135834465193
-8.099999159574509,45.3000016361475,0.24721360216395982,1.2495689230326823
-8.099999159574509,45.25000163540244,0.2716990636316938,1.2142135834465193
-8.449999164789915,44.900001630187035,0.2596194146201188,1.2534442070328695
-8.449999164789915,44.85000162944198,0.29244289742777607,1.221267061533719
-8.84999917075038,44.45000162348151,0.2596194146201188,1.2705441388980891
-8.84999917075038,44.400001622736454,0.29244289742777607,1.242220531676356
-9.149999175220728,44.100001618266106,0.2596194146201188,1.2840822300801311
-9.149999175220728,44.05000161752105,0.29244289742777607,1.2495689230326823
-9.34999917820096,43.850001614540815,0.2596194146201188,1.2705441388980891
-9.34999917820096,43.80000161379576,0.29244289742777607,1.242220531676356
-9.549999181181192,43.600001610815525,0.2596194146201188,1.2534442070328695
-9.549999181181192,43.55000161007047,0.29244289742777607,1.221267061533719
-9.749999184161425,43.350001607090235,0.2596194146201188,1.2534442070328695
-9.749999184161425,43.30000160634518,0.29244289742777607,1.221267061533719
-9.949999187141657,43.100001603364944,0.2596194146201188,1.2534442070328695
-9.949999187141657,43.050001602619886,0.29244289742777607,1.221267061533719
-10.099999189376831,42.90000160038471,0.2596194146201188,1.2534442070328695
-10.099999189376831,42.850001599639654,0.29244289742777607,1.221267061533719
-10.299999192357063,42.65000159665942,0.2596194146201188,1.2534442070328695
-10.299999192357063,42.600001595914364,0.29244289742777607,1.221267061533719
-10.499999195337296,42.40000159293413,0.2596194146201188,1.2534442070328695
-10.499999195337296,42.350001592189074,0.29244289742777607,1.221267061533719
-10.699999198317528,42.15000158920884,0.2596194146201188,1.260308208411311
-10.699999198317528,42.10000158846378,0.29244289742777607,1.2300349859166906
-10.89999920129776,41.90000158548355,0.2596194146201188,1.260308208411311
-10.89999920129776,41.85000158473849,0.29244289742777607,1.2300349859166906
-11.099999204277992,41.65000158175826,0.2596194146201188,1.260308208411311
-11.099999204277992,41.6000015810132,0.29244289742777607,1.2300349859166906
-11.249999206513166,41.45000157877803,0.2596194146201188,1.260308208411311
-11.249999206513166,41.40000157803297,0.29244289742777607,1.2300349859166906
-11.39999920874834,41.250001575797796,0.2596194146201188,1.2534442070328695
-11.39999920874834,41.20000157505274,0.29244289742777607,1.221267061533719
-11.599999211728573,41.000001572072506,0.24721360216395982,1.2534442070328695
-11.599999211728573,40.95000157132745,0.2716990636316938,1.221267061533719
-11.749999213963747,40.800001569092274,0.24721360216395982,1.2577379954333137
-11.749999213963747,40.750001568347216,0.2716990636316938,1.2326548995376616
-11.799999214708805,40.70000156760216,0.26097722973374027,1.2534442070328695
-11.799999214708805,40.6500015668571,0.29244289742777607,1.2300349859166906
-11.899999216198921,40.55000156536698,0.26097722973374027,1.2577379954333137
-11.899999216198921,40.500001564621925,0.29244289742777607,1.2300349859166906
-11.999999217689037,40.40000156313181,0.24721360216395982,1.2577379954333137
-11.999999217689037,40.35000156238675,0.2716990636316938,1.2326548995376616
-12.049999218434095,40.30000156164169,0.26097722973374027,1.2534442070328695
-12.049999218434095,40.250001560896635,0.29244289742777607,1.2300349859166906
-12.149999219924212,40.15000155940652,0.24721360216395982,1.2577379954333137
-12.149999219924212,40.10000155866146,0.2716990636316938,1.2300349859166906
-12.249999221414328,40.000001557171345,0.24721360216395982,1.2577379954333137
-12.249999221414328,39.95000155642629,0.2716990636316938,1.2326548995376616
-12.299999222159386,39.90000155568123,0.24721360216395982,1.2534442070328695
-12.299999222159386,39.85000155493617,0.2716990636316938,1.2317821276628513
-12.349999222904444,39.80000155419111,0.26097722973374027,1.2534442070328695
-12.349999222904444,39.750001553446054,0.29244289742777607,1.2317821276628513
-12.399999223649502,39.700001552700996,0.2716990636316938,1.2534442070328695
-12.399999223649502,39.65000155195594,0.29244289742777607,1.2317821276628513
-12.44999922439456,39.60000155121088,0.2716990636316938,1.2534442070328695
-12.44999922439456,39.55000155046582,0.29244289742777607,1.2317821276628513
-12.499999225139618,39.500001549720764,0.26097722973374027,1.2534442070328695
-12.499999225139618,39.40000154823065,0.29244289742777607,1.2115594423831848
-12.549999225884676,39.35000154748559,0.2716990636316938,1.2396180263407768
-12.549999225884676,39.30000154674053,0.29244289742777607,1.2230249682804948
-12.599999226629734,39.250001545995474,0.26097722973374027,1.2534442070328695
-12.599999226629734,39.200001545250416,0.27434165609349825,1.2317821276628513
-12.649999227374792,39.15000154450536,0.24721360216395982,1.2534442070328695
-12.649999227374792,39.05000154301524,0.29244289742777607,1.2115594423831848
-12.69999922811985,39.000001542270184,0.2716990636316938,1.2396180263407768
-12.69999922811985,38.950001541525126,0.29244289742777607,1.2230249682804948
-12.749999228864908,38.90000154078007,0.26097722973374027,1.256021999552522
-12.749999228864908,38.80000153928995,0.29244289742777607,1.2230249682804948
-12.799999229609966,38.75000153854489,0.25276926365365854,1.256021999552522
-12.799999229609966,38.60000153630972,0.29244289742777607,1.22214628652442
-12.849999230355024,38.55000153556466,0.25276926365365854,1.256021999552522
-12.849999230355024,38.35000153258443,0.3000000074505806,1.2142135834465193
-12.899999231100082,38.30000153183937,0.25276926365365854,1.256021999552522
-12.899999231100082,38.10000152885914,0.3000000074505806,1.2142135834465193
-12.94999923184514,38.05000152811408,0.2500000067055225,1.2577379954333137
-12.94999923184514,37.10000151395798,0.2500000067055225,1.2577379954333137
-12.899999231100082,37.05000151321292,0.3000000074505806,1.2142135834465193
-12.899999231100082,36.85000151023269,0.25276926365365854,1.256021999552522
-12.849999230355024,36.80000150948763,0.29244289742777607,1.22214628652442
-12.849999230355024,36.650001507252455,0.25276926365365854,1.256021999552522
-12.799999229609966,36.6000015065074,0.29244289742777607,1.2230249682804948
-12.799999229609966,36.55000150576234,0.2716990636316938,1.2396180263407768
-12.749999228864908,36.50000150501728,0.29244289742777607,1.2080128050138979
-12.749999228864908,36.400001503527164,0.26097722973374027,1.2396180263407768
-12.69999922811985,36.350001502782106,0.29244289742777607,1.2115594423831848
-12.69999922811985,36.25000150129199,0.24721360216395982,1.2534442070328695
-12.649999227374792,36.20000150054693,0.27434165609349825,1.2317821276628513
-12.649999227374792,36.150001499801874,0.26097722973374027,1.2534442070328695
-12.599999226629734,36.100001499056816,0.29244289742777607,1.2317821276628513
-12.599999226629734,36.05000149831176,0.26097722973374027,1.2534442070328695
-12.549999225884676,36.0000014975667,0.2716990636316938,1.2326548995376616
-12.549999225884676,35.95000149682164,0.24721360216395982,1.2577379954333137
-12.44999922439456,35.850001495331526,0.2716990636316938,1.2300349859166906
-12.44999922439456,35.80000149458647,0.24721360216395982,1.2577379954333137
-12.349999222904444,35.70000149309635,0.29244289742777607,1.2300349859166906
-12.349999222904444,35.650001492351294,0.2596194146201188,1.2577379954333137
-12.19999922066927,35.50000149011612,0.2716990636316938,1.221267061533719
-12.19999922066927,35.45000148937106,0.24721360216395982,1.2534442070328695
-11.799999214708805,35.0500014834106,0.2596194146201188,1.2500000216066838
-11.749999213963747,35.0500014834106,0.29244289742777607,1.2159802469503793
-11.549999210983515,34.850001480430365,0.2596194146201188,1.2534442070328695
-11.499999210238457,34.850001480430365,0.2949747542062818,1.221267061533719
-11.39999920874834,34.75000147894025,0.2716990636316938,1.242220531676356
-11.349999208003283,34.75000147894025,0.29244289742777607,1.2150971908950816
-11.299999207258224,34.70000147819519,0.2716990636316938,1.2300349859166906
-11.249999206513166,34.70000147819519,0.29244289742777607,1.2008925934871162
-11.14999920502305,34.600001476705074,0.26097722973374027,1.2326548995376616
-11.099999204277992,34.600001476705074,0.29244289742777607,1.2089003013547874
-11.049999203532934,34.550001475960016,0.2716990636316938,1.2317821276628513
-10.999999202787876,34.550001475960016,0.29244289742777607,1.2089003013547874
-10.949999202042818,34.50000147521496,0.2716990636316938,1.2317821276628513
-10.89999920129776,34.50000147521496,0.3000000074505806,1.2089003013547874
-10.849999200552702,34.4500014744699,0.27434165609349825,1.2317821276628513
-10.799999199807644,34.4500014744699,0.29244289742777607,1.2115594423831848
-10.749999199062586,34.40000147372484,0.2716990636316938,1.2396180263407768
-10.699999198317528,34.40000147372484,0.29244289742777607,1.2230249682804948
-10.64999919757247,34.350001472979784,0.26097722973374027,1.2534442070328695
-10.549999196082354,34.350001472979784,0.29244289742777607,1.2115594423831848
-10.499999195337296,34.300001472234726,0.26097722973374027,1.2396180263407768
-10.39999919384718,34.300001472234726,0.29244289742777607,1.2080128050138979
-10.349999193102121,34.25000147148967,0.2716990636316938,1.2430869904698527
-10.249999191612005,34.25000147148967,0.30249378854378534,1.22214628652442
-10.199999190866947,34.20000147074461,0.26097722973374027,1.256021999552522
-10.049999188631773,34.20000147074461,0.3000000074505806,1.22214628652442
-9.999999187886715,34.15000146999955,0.25276926365365854,1.256021999552522
-9.749999184161425,34.15000146999955,0.3000000074505806,1.2080128050138979
-9.699999183416367,34.100001469254494,0.25276926365365854,1.2534442070328695
-8.799999170005322,34.100001469254494,0.25276926365365854,1.2534442070328695
-8.749999169260263,34.15000146999955,0.3000000074505806,1.2080128050138979
-8.399999164044857,34.15000146999955,0.25276926365365854,1.2637281386416934
-8.349999163299799,34.20000147074461,0.29244289742777607,1.22214628652442
-8.199999161064625,34.20000147074461,0.25276926365365854,1.256021999552522
-8.149999160319567,34.25000147148967,0.29244289742777607,1.22214628652442
-7.9999991580843925,34.25000147148967,0.25276926365365854,1.256021999552522
-7.9499991573393345,34.300001472234726,0.29244289742777607,1.22214628652442
-7.79999915510416,34.300001472234726,0.25276926365365854,1.256021999552522
-7.749999154359102,34.350001472979784,0.29244289742777607,1.2230249682804948
-7.699999153614044,34.350001472979784,0.2716990636316938,1.2396180263407768
-7.649999152868986,34.40000147372484,0.29244289742777607,1.2115594423831848
-7.54999915137887,34.40000147372484,0.26097722973374027,1.2534442070328695
-7.499999150633812,34.4500014744699,0.29244289742777607,1.2230249682804948
-7.449999149888754,34.4500014744699,0.2716990636316938,1.2396180263407768
-7.399999149143696,34.50000147521496,0.29244289742777607,1.2115594423831848
-7.349999148398638,34.50000147521496,0.2716990636316938,1.2317821276628513
-7.29999914765358,34.550001475960016,0.29244289742777607,1.2080128050138979
-7.199999146163464,34.550001475960016,0.26097722973374027,1.2396180263407768
-7.1499991454184055,34.600001476705074,0.29244289742777607,1.2115594423831848
-7.0999991446733475,34.600001476705074,0.2716990636316938,1.2317821276628513
-7.049999143928289,34.65000147745013,0.29244289742777607,1.2089003013547874
-6.999999143183231,34.65000147745013,0.27434165609349825,1.2317821276628513
-6.949999142438173,34.70000147819519,0.3000000074505806,1.2089003013547874
-6.899999141693115,34.70000147819519,0.2716990636316938,1.2317821276628513
-6.849999140948057,34.75000147894025,0.29244289742777607,1.2089003013547874
-6.799999140202999,34.75000147894025,0.2716990636316938,1.2326548995376616
-6.749999139457941,34.80000147968531,0.29244289742777607,1.2150971908950816
-6.699999138712883,34.80000147968531,0.26097722973374027,1.242220531676356
-6.549999136477709,34.95000148192048,0.2949747542062818,1.2159802469503793
-6.499999135732651,34.95000148192048,0.26097722973374027,1.2500000216066838
-6.349999133497477,35.100001484155655,0.2949747542062818,1.2495689230326823
-6.2999991327524185,35.100001484155655,0.2596194146201188,1.2849242626188453
-6.2999991327524185,35.15000148490071,0.2949747542062818,1.2495689230326823
-6.099999129772186,35.350001487880945,0.2596194146201188,1.2500000216066838
-6.099999129772186,35.400001488626,0.2949747542062818,1.2159802469503793
-5.949999127537012,35.55000149086118,0.26097722973374027,1.242220531676356
-5.949999127537012,35.600001491606236,0.29244289742777607,1.2150971908950816
-5.899999126791954,35.650001492351294,0.2716990636316938,1.2300349859166906
-5.899999126791954,35.70000149309635,0.29244289742777607,1.2008925934871162
-5.799999125301838,35.80000149458647,0.26097722973374027,1.2326548995376616
-5.799999125301838,35.850001495331526,0.29244289742777607,1.2089003013547874
-5.74999912455678,35.900001496076584,0.2716990636316938,1.2317821276628513
-5.74999912455678,35.95000149682164,0.29244289742777607,1.2089003013547874
-5.699999123811722,36.0000014975667,0.2716990636316938,1.2317821276628513
-5.699999123811722,36.05000149831176,0.3000000074505806,1.2089003013547874
-5.649999123066664,36.100001499056816,0.29244289742777607,1.2317821276628513
-5.649999123066664,36.150001499801874,0.3147815147201923,1.2089003013547874
-5.599999122321606,36.20000150054693,0.29244289742777607,1.2317821276628513
-5.599999122321606,36.25000150129199,0.30990195895740963,1.2089003013547874
-5.549999121576548,36.30000150203705,0.27434165609349825,1.2317821276628513
-5.549999121576548,36.350001502782106,0.29244289742777607,1.2089003013547874
-5.49999912083149,36.400001503527164,0.2716990636316938,1.2317821276628513
-5.49999912083149,36.45000150427222,0.29244289742777607,1.2089003013547874
-5.4499991200864315,36.50000150501728,0.2716990636316938,1.2317821276628513
-5.4499991200864315,36.55000150576234,0.29244289742777607,1.2089003013547874
-5.399999119341373,36.6000015065074,0.26097722973374027,1.2317821276628513
-5.399999119341373,36.70000150799751,0.29244289742777607,1.1928388484733279
-5.349999118596315,36.75000150874257,0.2716990636316938,1.2230249682804948
-5.349999118596315,36.80000150948763,0.29244289742777607,1.2080128050138979
-5.299999117851257,36.85000151023269,0.2716990636316938,1.2317821276628513
-5.299999117851257,36.900001510977745,0.29244289742777607,1.2089003013547874
-5.249999117106199,36.9500015117228,0.2716990636316938,1.2317821276628513
-5.249999117106199,37.00000151246786,0.29244289742777607,1.2115594423831848
-5.199999116361141,37.05000151321292,0.26097722973374027,1.2396180263407768
-5.199999116361141,37.150001514703035,0.29244289742777607,1.2080128050138979
-5.149999115616083,37.20000151544809,0.2716990636316938,1.2317821276628513
-5.149999115616083,37.25000151619315,0.29244289742777607,1.2115594423831848
-5.099999114871025,37.30000151693821,0.2716990636316938,1.2396180263407768
-5.099999114871025,37.35000151768327,0.29244289742777607,1.2230249682804948
-5.049999114125967,37.400001518428326,0.26097722973374027,1.256021999552522
-5.049999114125967,37.50000151991844,0.29244289742777607,1.2230249682804948
-4.999999113380909,37.5500015206635,0.26097722973374027,1.256021999552522
-4.999999113380909,37.650001522153616,0.29244289742777607,1.2230249682804948
-4.949999112635851,37.700001522898674,0.26097722973374027,1.256021999552522
-4.949999112635851,37.80000152438879,0.29244289742777607,1.2230249682804948
-4.899999111890793,37.85000152513385,0.26097722973374027,1.256021999552522
-4.899999111890793,37.950001526623964,0.29244289742777607,1.2230249682804948
-4.849999111145735,38.00000152736902,0.26097722973374027,1.256021999552522
-4.849999111145735,38.10000152885914,0.29244289742777607,1.2230249682804948
-4.799999110400677,38.1500015296042,0.26097722973374027,1.256021999552522
-4.799999110400677,38.25000153109431,0.29244289742777607,1.2230249682804948
-4.749999109655619,38.30000153183937,0.26097722973374027,1.256021999552522
-4.749999109655619,38.40000153332949,0.29244289742777607,1.2230249682804948
-4.699999108910561,38.450001534074545,0.25276926365365854,1.256021999552522
-4.699999108910561,38.60000153630972,0.29244289742777607,1.2080128050138979
-4.6499991081655025,38.65000153705478,0.26097722973374027,1.2430869904698527
-4.6499991081655025,38.75000153854489,0.29244289742777607,1.22214628652442
-4.5999991074204445,38.80000153928995,0.26097722973374027,1.256021999552522
-4.5999991074204445,38.90000154078007,0.29244289742777607,1.2230249682804948
-4.549999106675386,38.950001541525126,0.26097722973374027,1.256021999552522
-4.549999106675386,39.05000154301524,0.29244289742777607,1.2230249682804948
-4.499999105930328,39.1000015437603,0.26097722973374027,1.256021999552522
-4.499999105930328,39.200001545250416,0.29244289742777607,1.2230249682804948
-4.44999910518527,39.250001545995474,0.26097722973374027,1.256021999552522
-4.44999910518527,39.35000154748559,0.29244289742777607,1.2230249682804948
-4.399999104440212,39.40000154823065,0.26097722973374027,1.2534442070328695
-4.399999104440212,39.500001549720764,0.29244289742777607,1.2115594423831848
-4.349999103695154,39.55000155046582,0.2716990636316938,1.2396180263407768
-4.349999103695154,39.60000155121088,0.29244289742777607,1.2230249682804948
-4.299999102950096,39.65000155195594,0.26097722973374027,1.2534442070328695
-4.299999102950096,39.750001553446054,0.29244289742777607,1.2089003013547874
-4.249999102205038,39.80000155419111,0.2716990636316938,1.2317821276628513
-4.249999102205038,39.85000155493617,0.29244289742777607,1.2115594423831848
-4.19999910145998,39.90000155568123,0.26097722973374027,1.2396180263407768
-4.19999910145998,40.000001557171345,0.29244289742777607,1.2080128050138979
-4.149999100714922,40.0500015579164,0.2716990636316938,1.2317821276628513
-4.149999100714922,40.10000155866146,0.29244289742777607,1.2115594423831848
-4.099999099969864,40.15000155940652,0.26097722973374027,1.2396180263407768
-4.099999099969864,40.250001560896635,0.29244289742777607,1.2080128050138979
-4.049999099224806,40.30000156164169,0.2716990636316938,1.2317821276628513
-4.049999099224806,40.35000156238675,0.29244289742777607,1.2115594423831848
-3.9999990984797478,40.40000156313181,0.26097722973374027,1.2396180263407768
-3.9999990984797478,40.500001564621925,0.29244289742777607,1.2080128050138979
-3.9499990977346897,40.55000156536698,0.2716990636316938,1.2317821276628513
-3.9499990977346897,40.60000156611204,0.3000000074505806,1.2089003013547874
-3.8499990962445736,40.70000156760216,0.2716990636316938,1.242220531676356
-3.8499990962445736,40.750001568347216,0.29244289742777607,1.2150971908950816
-3.7999990954995155,40.800001569092274,0.2716990636316938,1.2300349859166906
-3.7999990954995155,40.85000156983733,0.29244289742777607,1.2008925934871162
-3.6499990932643414,41.000001572072506,0.2596194146201188,1.2500000216066838
-3.6499990932643414,41.050001572817564,0.29244289742777607,1.2159802469503793
-3.0999990850687027,41.6000015810132,0.29244289742777607,1.2150971908950816
-3.0499990843236446,41.6000015810132,0.26097722973374027,1.242220531676356
-2.9499990828335285,41.70000158250332,0.29244289742777607,1.2089003013547874
-2.8999990820884705,41.70000158250332,0.2716990636316938,1.2317821276628513
-2.8499990813434124,41.75000158324838,0.29244289742777607,1.2089003013547874
-2.7999990805983543,41.75000158324838,0.2716990636316938,1.2317821276628513
-2.7499990798532963,41.800001583993435,0.29244289742777607,1.2089003013547874
-2.599999077618122,41.800001583993435,0.25276926365365854,1.256021999552522
-2.549999076873064,41.85000158473849,0.3000000074505806,1.22214628652442
-2.2999990731477737,41.85000158473849,0.25276926365365854,1.2577379954333137
-2.2499990724027157,41.90000158548355,0.3000000074505806,1.2080128050138979
-2.1999990716576576,41.85000158473849,0.25276926365365854,1.2534442070328695
-1.9999990686774254,41.85000158473849,0.3000000074505806,1.2317821276628513
-1.9499990679323673,41.800001583993435,0.25276926365365854,1.2705441388980891
-1.7999990656971931,41.800001583993435,0.29244289742777607,1.2115594423831848
-1.749999064952135,41.75000158324838,0.26097722973374027,1.2396180263407768
-1.649999063462019,41.75000158324838,0.29244289742777607,1.2080128050138979
-1.5499990619719028,41.65000158175826,0.26097722973374027,1.242220531676356
-1.4999990612268448,41.65000158175826,0.29244289742777607,1.2150971908950816
-1.4499990604817867,41.6000015810132,0.2716990636316938,1.2326548995376616
-1.3999990597367287,41.6000015810132,0.29244289742777607,1.2089003013547874
-1.2499990575015545,41.45000157877803,0.2596194146201188,1.2500000216066838
-1.1999990567564964,41.45000157877803,0.2949747542062818,1.2159802469503793
-0.3999990448355675,40.6500015668571,0.29244289742777607,1.2495689230326823
-0.3999990448355675,40.60000156611204,0.2596194146201188,1.2840822300801311
-0.049999039620161057,40.250001560896635,0.29244289742777607,1.242220531676356
-0.049999039620161057,40.20000156015158,0.2596194146201188,1.2705441388980891
0.30000096559524536,39.85000155493617,0.29244289742777607,1.2300349859166906
0.30000096559524536,39.80000155419111,0.2596194146201188,1.260308208411311
0.7000009715557098,39.40000154823065,0.29244289742777607,1.221267061533719
0.7000009715557098,39.35000154748559,0.2596194146201188,1.2534442070328695
1.1000009775161743,38.950001541525126,0.29244289742777607,1.221267061533719
1.1000009775161743,38.90000154078007,0.2596194146201188,1.2534442070328695
1.5000009834766388,38.5000015348196,0.29244289742777607,1.221267061533719
1.5000009834766388,38.450001534074545,0.2596194146201188,1.2534442070328695
1.9000009894371033,38.05000152811408,0.29244289742777607,1.221267061533719
1.9000009894371033,38.00000152736902,0.2596194146201188,1.2534442070328695
2.2500009946525097,37.650001522153616,0.29244289742777607,1.242220531676356
2.2500009946525097,37.60000152140856,0.2596194146201188,1.2705441388980891
2.650001000612974,37.20000151544809,0.29244289742777607,1.242220531676356
2.650001000612974,37.150001514703035,0.2596194146201188,1.2705441388980891
3.0500010065734386,36.75000150874257,0.29244289742777607,1.2495689230326823
3.0500010065734386,36.70000150799751,0.2596194146201188,1.2840822300801311
3.450001012533903,36.30000150203705,0.29244289742777607,1.2495689230326823
3.450001012533903,36.25000150129199,0.2596194146201188,1.2840822300801311
3.8500010184943676,35.850001495331526,0.29244289742777607,1.2495689230326823
3.8500010184943676,35.80000149458647,0.2596194146201188,1.2840822300801311
4.250001024454832,35.400001488626,0.29244289742777607,1.2495689230326823
4.250001024454832,35.350001487880945,0.2596194146201188,1.2840822300801311
4.6500010304152966,34.95000148192048,0.29244289742777607,1.221267061533719
4.6500010304152966,34.90000148117542,0.2596194146201188,1.2534442070328695
4.950001034885645,34.600001476705074,0.2716990636316938,1.221267061533719
4.950001034885645,34.550001475960016,0.24721360216395982,1.2534442070328695
5.250001039355993,34.25000147148967,0.2716990636316938,1.2159802469503793
5.250001039355993,34.20000147074461,0.24721360216395982,1.2500000216066838
5.500001043081284,33.95000146701932,0.2716990636316938,1.2159802469503793
5.500001043081284,33.90000146627426,0.24721360216395982,1.2500000216066838
5.700001046061516,33.70000146329403,0.2716990636316938,1.221267061533719
5.700001046061516,33.65000146254897,0.24721360216395982,1.2534442070328695
5.950001049786806,33.40000145882368,0.2716990636316938,1.221267061533719
5.950001049786806,33.35000145807862,0.24721360216395982,1.2534442070328695
6.200001053512096,33.10000145435333,0.29244289742777607,1.2300349859166906
6.200001053512096,33.050001453608274,0.2596194146201188,1.260308208411311
6.400001056492329,32.85000145062804,0.29244289742777607,1.242220531676356
6.400001056492329,32.800001449882984,0.2596194146201188,1.2705441388980891
6.650001060217619,32.550001446157694,0.29244289742777607,1.242220531676356
6.650001060217619,32.500001445412636,0.2596194146201188,1.2705441388980891
6.850001063197851,32.300001442432404,0.29244289742777607,1.2495689230326823
6.850001063197851,32.250001441687346,0.2596194146201188,1.2840822300801311
7.050001066178083,32.05000143870711,0.29244289742777607,1.2500000216066838
7.050001066178083,32.000001437962055,0.2596194146201188,1.2849242626188453
7.300001069903374,31.750001434236765,0.29244289742777607,1.2500000216066838
7.300001069903374,31.700001433491707,0.2596194146201188,1.2849242626188453
7.500001072883606,31.500001430511475,0.29244289742777607,1.2534442070328695
7.500001072883606,31.450001429766417,0.2596194146201188,1.2866068968840194
7.750001076608896,31.200001426041126,0.29244289742777607,1.242220531676356
7.750001076608896,31.150001425296068,0.2596194146201188,1.2705441388980891
7.9500010795891285,30.950001422315836,0.29244289742777607,1.242220531676356
7.9500010795891285,30.900001421570778,0.2596194146201188,1.2705441388980891
8.15000108256936,30.700001418590546,0.29244289742777607,1.2300349859166906
8.15000108256936,30.650001417845488,0.2596194146201188,1.260308208411311
8.350001085549593,30.450001414865255,0.2716990636316938,1.221267061533719
8.350001085549593,30.400001414120197,0.24721360216395982,1.2534442070328695
8.550001088529825,30.200001411139965,0.29244289742777607,1.221267061533719
8.550001088529825,30.150001410394907,0.2596194146201188,1.2534442070328695
8.700001090765,30.000001408159733,0.29244289742777607,1.221267061533719
8.700001090765,29.950001407414675,0.2596194146201188,1.2534442070328695
8.850001093000174,29.8000014051795,0.29244289742777607,1.221267061533719
8.850001093000174,29.750001404434443,0.2596194146201188,1.2534442070328695
8.95000109449029,29.650001402944326,0.2716990636316938,1.2300349859166906
8.95000109449029,29.60000140219927,0.24721360216395982,1.2577379954333137
9.100001096725464,29.450001399964094,0.29244289742777607,1.221267061533719
9.100001096725464,29.400001399219036,0.26097722973374027,1.2534442070328695
9.20000109821558,29.30000139772892,0.29244289742777607,1.2300349859166906
9.20000109821558,29.250001396983862,0.2596194146201188,1.2577379954333137
9.300001099705696,29.150001395493746,0.2716990636316938,1.2300349859166906
9.300001099705696,29.100001394748688,0.24721360216395982,1.2577379954333137
9.45000110194087,28.950001392513514,0.29244289742777607,1.221267061533719
9.45000110194087,28.900001391768456,0.2596194146201188,1.2534442070328695
9.550001103430986,28.80000139027834,0.2716990636316938,1.2300349859166906
9.550001103430986,28.75000138953328,0.24721360216395982,1.2577379954333137
9.70000110566616,28.600001387298107,0.29244289742777607,1.221267061533719
9.70000110566616,28.55000138655305,0.2596194146201188,1.2534442070328695
9.800001107156277,28.450001385062933,0.2716990636316938,1.2300349859166906
9.800001107156277,28.400001384317875,0.24721360216395982,1.2577379954333137
9.95000110939145,28.2500013820827,0.29244289742777607,1.221267061533719
9.95000110939145,28.200001381337643,0.2596194146201188,1.2534442070328695
10.050001110881567,28.100001379847527,0.2716990636316938,1.2300349859166906
10.050001110881567,28.05000137910247,0.24721360216395982,1.2577379954333137
10.200001113116741,27.900001376867294,0.29244289742777607,1.221267061533719
10.200001113116741,27.850001376122236,0.26097722973374027,1.2534442070328695
10.300001114606857,27.75000137463212,0.29244289742777607,1.2300349859166906
10.300001114606857,27.700001373887062,0.2596194146201188,1.2577379954333137
10.400001116096973,27.600001372396946,0.2716990636316938,1.2300349859166906
10.400001116096973,27.550001371651888,0.24721360216395982,1.2577379954333137
10.550001118332148,27.400001369416714,0.29244289742777607,1.221267061533719
10.550001118332148,27.350001368671656,0.2596194146201188,1.2534442070328695
10.650001119822264,27.25000136718154,0.2716990636316938,1.2300349859166906
10.650001119822264,27.20000136643648,0.24721360216395982,1.2577379954333137
10.800001122057438,27.050001364201307,0.29244289742777607,1.221267061533719
10.800001122057438,27.00000136345625,0.2596194146201188,1.2534442070328695
10.900001123547554,26.900001361966133,0.2716990636316938,1.2300349859166906
10.900001123547554,26.850001361221075,0.24721360216395982,1.2577379954333137
11.050001125782728,26.7000013589859,0.29244289742777607,1.221267061533719
11.050001125782728,26.650001358240843,0.26097722973374027,1.2534442070328695
11.150001127272844,26.550001356750727,0.29244289742777607,1.2300349859166906
11.150001127272844,26.50000135600567,0.2596194146201188,1.2577379954333137
11.25000112876296,26.400001354515553,0.2716990636316938,1.2300349859166906
11.25000112876296,26.350001353770494,0.24721360216395982,1.2577379954333137
11.400001130998135,26.20000135153532,0.29244289742777607,1.221267061533719
11.400001130998135,26.150001350790262,0.2596194146201188,1.2534442070328695
11.50000113248825,26.050001349300146,0.2716990636316938,1.2300349859166906
11.50000113248825,26.000001348555088,0.24721360216395982,1.2577379954333137
11.650001134723425,25.850001346319914,0.29244289742777607,1.221267061533719
11.650001134723425,25.800001345574856,0.2596194146201188,1.2534442070328695
11.750001136213541,25.70000134408474,0.2716990636316938,1.2300349859166906
11.750001136213541,25.65000134333968,0.24721360216395982,1.2577379954333137
11.900001138448715,25.500001341104507,0.29244289742777607,1.221267061533719
11.900001138448715,25.45000134035945,0.26097722973374027,1.2534442070328695
12.000001139938831,25.350001338869333,0.29244289742777607,1.2300349859166906
12.000001139938831,25.300001338124275,0.2596194146201188,1.2577379954333137
12.100001141428947,25.20000133663416,0.2716990636316938,1.2300349859166906
12.100001141428947,25.1500013358891,0.24721360216395982,1.2577379954333137
12.250001143664122,25.000001333653927,0.29244289742777607,1.221267061533719
12.250001143664122,24.95000133290887,0.2596194146201188,1.2534442070328695
12.350001145154238,24.850001331418753,0.2716990636316938,1.2300349859166906
12.350001145154238,24.800001330673695,0.24721360216395982,1.2577379954333137
12.500001147389412,24.65000132843852,0.29244289742777607,1.221267061533719
12.500001147389412,24.600001327693462,0.2596194146201188,1.2534442070328695
12.600001148879528,24.500001326203346,0.2716990636316938,1.2300349859166906
12.600001148879528,24.450001325458288,0.24721360216395982,1.2577379954333137
12.750001151114702,24.300001323223114,0.29244289742777607,1.221267061533719
12.750001151114702,24.250001322478056,0.26097722973374027,1.2534442070328695
12.850001152604818,24.15000132098794,0.29244289742777607,1.2300349859166906
12.850001152604818,24.10000132024288,0.2596194146201188,1.2577379954333137
12.950001154094934,24.000001318752766,0.2716990636316938,1.2300349859166906
12.950001154094934,23.950001318007708,0.24721360216395982,1.2577379954333137
13.100001156330109,23.800001315772533,0.29244289742777607,1.221267061533719
13.100001156330109,23.750001315027475,0.2596194146201188,1.2534442070328695
13.200001157820225,23.65000131353736,0.2716990636316938,1.2300349859166906
13.200001157820225,23.6000013127923,0.24721360216395982,1.2577379954333137
13.350001160055399,23.450001310557127,0.29244289742777607,1.221267061533719
13.350001160055399,23.40000130981207,0.2596194146201188,1.2534442070328695
13.450001161545515,23.300001308321953,0.2716990636316938,1.2300349859166906
13.450001161545515,23.250001307576895,0.24721360216395982,1.2577379954333137
13.60000116378069,23.10000130534172,0.29244289742777607,1.221267061533719
13.60000116378069,23.050001304596663,0.2596194146201188,1.2534442070328695
13.700001165270805,22.950001303106546,0.2716990636316938,1.2300349859166906
13.700001165270805,22.90000130236149,0.24721360216395982,1.2577379954333137
13.85000116750598,22.750001300126314,0.29244289742777607,1.221267061533719
13.85000116750598,22.700001299381256,0.26097722973374027,1.2534442070328695
13.950001168996096,22.60000129789114,0.29244289742777607,1.2300349859166906
13.950001168996096,22.550001297146082,0.2596194146201188,1.2577379954333137
14.050001170486212,22.450001295655966,0.2716990636316938,1.2300349859166906
14.050001170486212,22.400001294910908,0.24721360216395982,1.2577379954333137
14.200001172721386,22.250001292675734,0.29244289742777607,1.221267061533719
14.200001172721386,22.200001291930676,0.2596194146201188,1.2534442070328695
14.300001174211502,22.10000129044056,0.2716990636316938,1.2300349859166906
14.300001174211502,22.0500012896955,0.24721360216395982,1.2577379954333137
14.450001176446676,21.900001287460327,0.29244289742777607,1.221267061533719
14.450001176446676,21.85000128671527,0.2596194146201188,1.2534442070328695
14.550001177936792,21.750001285225153,0.2716990636316938,1.2300349859166906
14.550001177936792,21.700001284480095,0.24721360216395982,1.2577379954333137
14.700001180171967,21.55000128224492,0.29244289742777607,1.221267061533719
14.700001180171967,21.500001281499863,0.26097722973374027,1.2534442070328695
14.800001181662083,21.400001280009747,0.29244289742777607,1.2300349859166906
14.800001181662083,21.35000127926469,0.2596194146201188,1.2577379954333137
14.900001183152199,21.250001277774572,0.2716990636316938,1.2300349859166906
14.900001183152199,21.200001277029514,0.24721360216395982,1.2577379954333137
15.050001185387373,21.05000127479434,0.29244289742777607,1.221267061533719
15.050001185387373,21.000001274049282,0.2596194146201188,1.2534442070328695
15.150001186877489,20.900001272559166,0.2716990636316938,1.2300349859166906
15.150001186877489,20.850001271814108,0.24721360216395982,1.2577379954333137
15.300001189112663,20.700001269578934,0.29244289742777607,1.221267061533719
15.300001189112663,20.650001268833876,0.2596194146201188,1.2534442070328695
15.40000119060278,20.55000126734376,0.2716990636316938,1.2300349859166906
15.40000119060278,20.5000012665987,0.24721360216395982,1.2577379954333137
15.550001192837954,20.350001264363527,0.29244289742777607,1.221267061533719
15.550001192837954,20.30000126361847,0.26097722973374027,1.2534442070328695
15.65000119432807,20.200001262128353,0.29244289742777607,1.2300349859166906
15.65000119432807,20.150001261383295,0.2596194146201188,1.2577379954333137
15.750001195818186,20.05000125989318,0.2716990636316938,1.2300349859166906
15.750001195818186,20.00000125914812,0.24721360216395982,1.2577379954333137
15.90000119805336,19.850001256912947,0.29244289742777607,1.221267061533719
15.90000119805336,19.80000125616789,0.2596194146201188,1.2534442070328695
16.000001199543476,19.700001254677773,0.2716990636316938,1.2300349859166906
16.000001199543476,19.650001253932714,0.24721360216395982,1.2577379954333137
16.15000120177865,19.50000125169754,0.29244289742777607,1.221267061533719
16.15000120177865,19.450001250952482,0.2596194146201188,1.2534442070328695
16.250001203268766,19.350001249462366,0.2716990636316938,1.2300349859166906
16.250001203268766,19.300001248717308,0.24721360216395982,1.2577379954333137
16.40000120550394,19.150001246482134,0.29244289742777607,1.221267061533719
16.40000120550394,19.100001245737076,0.26097722973374027,1.2534442070328695
16.500001206994057,19.00000124424696,0.29244289742777607,1.2300349859166906
16.500001206994057,18.9500012435019,0.2596194146201188,1.2577379954333137
16.600001208484173,18.850001242011786,0.2716990636316938,1.2300349859166906
16.600001208484173,18.800001241266727,0.24721360216395982,1.2577379954333137
16.750001210719347,18.650001239031553,0.29244289742777607,1.221267061533719
16.750001210719347,18.600001238286495,0.2596194146201188,1.2534442070328695
16.850001212209463,18.50000123679638,0.2716990636316938,1.2300349859166906
16.850001212209463,18.45000123605132,0.24721360216395982,1.2577379954333137
17.000001214444637,18.300001233816147,0.29244289742777607,1.221267061533719
17.000001214444637,18.25000123307109,0.2596194146201188,1.2534442070328695
17.100001215934753,18.150001231580973,0.2716990636316938,1.2300349859166906
17.100001215934753,18.100001230835915,0.24721360216395982,1.2577379954333137
17.250001218169928,17.95000122860074,0.29244289742777607,1.221267061533719
17.250001218169928,17.900001227855682,0.2596194146201188,1.2534442070328695
17.350001219660044,17.800001226365566,0.2716990636316938,1.2300349859166906
17.350001219660044,17.750001225620508,0.24721360216395982,1.2577379954333137
17.500001221895218,17.600001223385334,0.29244289742777607,1.221267061533719
17.500001221895218,17.550001222640276,0.26097722973374027,1.2534442070328695
17.600001223385334,17.45000122115016,0.29244289742777607,1.2300349859166906
17.600001223385334,17.4000012204051,0.2596194146201188,1.2577379954333137
17.70000122487545,17.300001218914986,0.2716990636316938,1.2300349859166906
17.70000122487545,17.250001218169928,0.24721360216395982,1.2577379954333137
17.850001227110624,17.100001215934753,0.29244289742777607,1.221267061533719
17.850001227110624,17.050001215189695,0.2596194146201188,1.2534442070328695
17.95000122860074,16.95000121369958,0.2716990636316938,1.2300349859166906
17.95000122860074,16.90000121295452,0.24721360216395982,1.2577379954333137
18.100001230835915,16.750001210719347,0.29244289742777607,1.221267061533719
18.100001230835915,16.70000120997429,0.2596194146201188,1.2534442070328695
18.20000123232603,16.600001208484173,0.2716990636316938,1.2300349859166906
18.20000123232603,16.550001207739115,0.24721360216395982,1.2577379954333137
18.350001234561205,16.40000120550394,0.29244289742777607,1.221267061533719
18.350001234561205,16.350001204758883,0.26097722973374027,1.2534442070328695
18.45000123605132,16.250001203268766,0.29244289742777607,1.2300349859166906
18.45000123605132,16.20000120252371,0.2596194146201188,1.2577379954333137
18.550001237541437,16.100001201033592,0.2716990636316938,1.2300349859166906
18.550001237541437,16.050001200288534,0.24721360216395982,1.2577379954333137
18.70000123977661,15.90000119805336,0.29244289742777607,1.221267061533719
18.70000123977661,15.850001197308302,0.2596194146201188,1.2534442070328695
18.800001241266727,15.750001195818186,0.2716990636316938,1.2300349859166906
18.800001241266727,15.700001195073128,0.24721360216395982,1.2577379954333137
18.9500012435019,15.550001192837954,0.29244289742777607,1.221267061533719
18.9500012435019,15.500001192092896,0.2596194146201188,1.2534442070328695
19.050001244992018,15.40000119060278,0.2716990636316938,1.2300349859166906
19.050001244992018,15.350001189857721,0.24721360216395982,1.2577379954333137
19.200001247227192,15.200001187622547,0.29244289742777607,1.221267061533719
19.200001247227192,15.150001186877489,0.26097722973374027,1.2534442070328695
19.300001248717308,15.050001185387373,0.29244289742777607,1.2300349859166906
19.300001248717308,15.000001184642315,0.2596194146201188,1.2577379954333137
19.400001250207424,14.900001183152199,0.2716990636316938,1.2300349859166906
19.400001250207424,14.85000118240714,0.24721360216395982,1.2577379954333137
19.5500012524426,14.700001180171967,0.29244289742777607,1.221267061533719
19.5500012524426,14.650001179426908,0.2596194146201188,1.2534442070328695
19.650001253932714,14.550001177936792,0.2716990636316938,1.2300349859166906
19.650001253932714,14.500001177191734,0.24721360216395982,1.2577379954333137
19.80000125616789,14.35000117495656,0.29244289742777607,1.221267061533719
19.80000125616789,14.300001174211502,0.2596194146201188,1.2534442070328695
19.900001257658005,14.200001172721386,0.2716990636316938,1.2300349859166906
19.900001257658005,14.150001171976328,0.24721360216395982,1.2577379954333137
20.05000125989318,14.000001169741154,0.29244289742777607,1.221267061533719
20.05000125989318,13.950001168996096,0.26097722973374027,1.2534442070328695
20.150001261383295,13.85000116750598,0.29244289742777607,1.2300349859166906
20.150001261383295,13.800001166760921,0.2596194146201188,1.2577379954333137
20.25000126287341,13.700001165270805,0.2716990636316938,1.2300349859166906
20.25000126287341,13.650001164525747,0.24721360216395982,1.2577379954333137
20.400001265108585,13.500001162290573,0.29244289742777607,1.221267061533719
20.400001265108585,13.450001161545515,0.2596194146201188,1.2534442070328695
20.5000012665987,13.350001160055399,0.2716990636316938,1.2300349859166906
20.5000012665987,13.30000115931034,0.24721360216395982,1.2577379954333137
20.650001268833876,13.150001157075167,0.29244289742777607,1.221267061533719
20.650001268833876,13.100001156330109,0.2596194146201188,1.2534442070328695
20.75000127032399,13.000001154839993,0.2716990636316938,1.2300349859166906
20.75000127032399,12.950001154094934,0.24721360216395982,1.2577379954333137
20.900001272559166,12.80000115185976,0.29244289742777607,1.221267061533719
20.900001272559166,12.750001151114702,0.2596194146201188,1.2534442070328695
21.000001274049282,12.650001149624586,0.2716990636316938,1.2300349859166906
21.000001274049282,12.600001148879528,0.24721360216395982,1.2577379954333137
21.100001275539398,12.500001147389412,0.2716990636316938,1.2300349859166906
21.100001275539398,12.450001146644354,0.24721360216395982,1.2577379954333137
21.250001277774572,12.30000114440918,0.29244289742777607,1.221267061533719
21.250001277774572,12.250001143664122,0.2596194146201188,1.2534442070328695
21.35000127926469,12.150001142174006,0.2716990636316938,1.2300349859166906
21.35000127926469,12.100001141428947,0.24721360216395982,1.2577379954333137
21.500001281499863,11.950001139193773,0.29244289742777607,1.221267061533719
21.500001281499863,11.900001138448715,0.2596194146201188,1.2534442070328695
21.650001283735037,11.750001136213541,0.29244289742777607,1.221267061533719
21.650001283735037,11.700001135468483,0.26097722973374027,1.2534442070328695
21.750001285225153,11.600001133978367,0.29244289742777607,1.2300349859166906
21.750001285225153,11.550001133233309,0.26097722973374027,1.2577379954333137
21.85000128671527,11.450001131743193,0.29244289742777607,1.2300349859166906
21.85000128671527,11.400001130998135,0.2596194146201188,1.260308208411311
22.000001288950443,11.25000112876296,0.29244289742777607,1.2300349859166906
22.000001288950443,11.200001128017902,0.26097722973374027,1.2577379954333137
22.10000129044056,11.100001126527786,0.29244289742777607,1.2300349859166906
22.10000129044056,11.050001125782728,0.2596194146201188,1.260308208411311
22.250001292675734,10.900001123547554,0.29244289742777607,1.2300349859166906
22.250001292675734,10.850001122802496,0.26097722973374027,1.2577379954333137
22.35000129416585,10.75000112131238,0.29244289742777607,1.2300349859166906
22.35000129416585,10.700001120567322,0.2596194146201188,1.260308208411311
22.500001296401024,10.550001118332148,0.29244289742777607,1.2300349859166906
22.500001296401024,10.50000111758709,0.2596194146201188,1.2577379954333137
22.650001298636198,10.350001115351915,0.29244289742777607,1.221267061533719
22.650001298636198,10.300001114606857,0.26097722973374027,1.2534442070328695
22.750001300126314,10.200001113116741,0.29244289742777607,1.2300349859166906
22.750001300126314,10.150001112371683,0.2596194146201188,1.2577379954333137
22.90000130236149,10.000001110136509,0.29244289742777607,1.221267061533719
22.90000130236149,9.95000110939145,0.2596194146201188,1.2534442070328695
23.000001303851604,9.850001107901335,0.2716990636316938,1.2300349859166906
23.000001303851604,9.800001107156277,0.24721360216395982,1.2577379954333137
23.15000130608678,9.650001104921103,0.29244289742777607,1.221267061533719
23.15000130608678,9.600001104176044,0.26097722973374027,1.2534442070328695
23.250001307576895,9.500001102685928,0.29244289742777607,1.2300349859166906
23.250001307576895,9.45000110194087,0.2596194146201188,1.2577379954333137
23.35000130906701,9.350001100450754,0.2716990636316938,1.2300349859166906
23.35000130906701,9.300001099705696,0.24721360216395982,1.2534442070328695
23.450001310557127,9.20000109821558,0.2716990636316938,1.2150971908950816
23.450001310557127,9.150001097470522,0.24721360216395982,1.242220531676356
23.550001312047243,9.050001095980406,0.2716990636316938,1.2150971908950816
23.550001312047243,9.000001095235348,0.24721360216395982,1.242220531676356
23.65000131353736,8.900001093745232,0.2716990636316938,1.2150971908950816
23.65000131353736,8.850001093000174,0.24721360216395982,1.242220531676356
23.750001315027475,8.750001091510057,0.2716990636316938,1.2150971908950816
23.750001315027475,8.700001090765,0.24721360216395982,1.242220531676356
23.800001315772533,8.650001090019941,0.2716990636316938,1.2300349859166906
23.800001315772533,8.600001089274883,0.24721360216395982,1.2577379954333137
23.90000131726265,8.500001087784767,0.29244289742777607,1.2300349859166906
23.90000131726265,8.450001087039709,0.2716990636316938,1.2534442070328695
23.950001318007708,8.400001086294651,0.29244289742777607,1.2317821276628513
23.950001318007708,8.350001085549593,0.2716990636316938,1.2534442070328695
24.000001318752766,8.300001084804535,0.29244289742777607,1.2317821276628513
24.000001318752766,8.250001084059477,0.2716990636316938,1.2534442070328695
24.050001319497824,8.200001083314419,0.29244289742777607,1.2230249682804948
24.050001319497824,8.15000108256936,0.26097722973374027,1.2396180263407768
24.10000132024288,8.100001081824303,0.2716990636316938,1.2115594423831848
24.10000132024288,8.050001081079245,0.24721360216395982,1.2317821276628513
24.15000132098794,8.000001080334187,0.27434165609349825,1.2089003013547874
24.15000132098794,7.9500010795891285,0.26097722973374027,1.2317821276628513
24.200001321732998,7.90000107884407,0.29244289742777607,1.2080128050138979
24.200001321732998,7.800001077353954,0.26097722973374027,1.2396180263407768
24.250001322478056,7.750001076608896,0.29244289742777607,1.2115594423831848
24.250001322478056,7.65000107511878,0.26097722973374027,1.2534442070328695
24.300001323223114,7.600001074373722,0.29244289742777607,1.22214628652442
24.300001323223114,7.500001072883606,0.26097722973374027,1.2430869904698527
24.350001323968172,7.450001072138548,0.29244289742777607,1.2080128050138979
24.350001323968172,7.300001069903374,0.25276926365365854,1.2430869904698527
24.40000132471323,7.250001069158316,0.3000000074505806,1.2080128050138979
24.40000132471323,7.050001066178083,0.25276926365365854,1.256021999552522
24.450001325458288,7.000001065433025,0.3000000074505806,1.22214628652442
24.450001325458288,6.700001060962677,0.2500000067055225,1.2577379954333137
24.500001326203346,6.650001060217619,0.3000000074505806,1.2142135834465193
24.500001326203346,6.050001051276922,0.2500000067055225,1.2637281386416934
24.550001326948404,6.000001050531864,0.3000000074505806,1.22214628652442
24.550001326948404,5.300001040101051,0.3000000074505806,1.22214628652442
24.500001326203346,5.250001039355993,0.2500000067055225,1.2637281386416934
24.500001326203346,4.700001031160355,0.3000000074505806,1.22214628652442
24.450001325458288,4.6500010304152966,0.25276926365365854,1.2637281386416934
24.450001325458288,4.400001026690006,0.3000000074505806,1.2080128050138979
24.40000132471323,4.350001025944948,0.25276926365365854,1.2430869904698527
24.40000132471323,4.150001022964716,0.3000000074505806,1.2080128050138979
24.350001323968172,4.100001022219658,0.25276926365365854,1.2430869904698527
24.350001323968172,3.9500010199844837,0.29244289742777607,1.2080128050138979
24.300001323223114,3.9000010192394257,0.26097722973374027,1.2430869904698527
24.300001323223114,3.8000010177493095,0.29244289742777607,1.22214628652442
24.250001322478056,3.7500010170042515,0.26097722973374027,1.2577379954333137
24.250001322478056,3.6500010155141354,0.29244289742777607,1.2230249682804948
24.200001321732998,3.6000010147690773,0.26097722973374027,1.2534442070328695
24.200001321732998,3.500001013278961,0.29244289742777607,1.2115594423831848
24.15000132098794,3.450001012533903,0.26097722973374027,1.2396180263407768
24.15000132098794,3.350001011043787,0.29244289742777607,1.2080128050138979
24.10000132024288,3.300001010298729,0.26097722973374027,1.2317821276628513
24.10000132024288,3.250001009553671,0.27434165609349825,1.2115594423831848
24.050001319497824,3.200001008808613,0.24721360216395982,1.2396180263407768
24.050001319497824,3.1500010080635548,0.2716990636316938,1.2230249682804948
24.000001318752766,3.1000010073184967,0.24721360216395982,1.2534442070328695
24.000001318752766,3.0000010058283806,0.29244289742777607,1.2115594423831848
23.950001318007708,2.9500010050833225,0.2716990636316938,1.2396180263407768
23.950001318007708,2.9000010043382645,0.29244289742777607,1.2230249682804948
23.90000131726265,2.8500010035932064,0.2716990636316938,1.2534442070328695
23.90000131726265,2.8000010028481483,0.29244289742777607,1.2317821276628513
23.85000131651759,2.7500010021030903,0.2716990636316938,1.2577379954333137
23.85000131651759,2.7000010013580322,0.29244289742777607,1.2326548995376616
23.750001315027475,2.600000999867916,0.26097722973374027,1.276482328024641
23.750001315027475,2.550000999122858,0.29244289742777607,1.2534442070328695
23.700001314282417,2.5000009983778,0.2716990636316938,1.2705441388980891
23.700001314282417,2.450000997632742,0.29244289742777607,1.242220531676356
23.65000131353736,2.400000996887684,0.2716990636316938,1.2577379954333137
23.65000131353736,2.350000996142626,0.29244289742777607,1.2326548995376616
23.6000013127923,2.3000009953975677,0.2716990636316938,1.2534442070328695
23.6000013127923,2.2500009946525097,0.29244289742777607,1.2317821276628513
23.550001312047243,2.2000009939074516,0.2716990636316938,1.2534442070328695
23.550001312047243,2.1500009931623936,0.29244289742777607,1.2317821276628513
23.500001311302185,2.1000009924173355,0.2716990636316938,1.2534442070328695
23.500001311302185,2.0500009916722775,0.29244289742777607,1.2300349859166906
23.40000130981207,1.9500009901821613,0.24721360216395982,1.2577379954333137
23.40000130981207,1.9000009894371033,0.2716990636316938,1.2326548995376616
23.35000130906701,1.8500009886920452,0.26097722973374027,1.2534442070328695
23.35000130906701,1.8000009879469872,0.29244289742777607,1.2317821276628513
23.300001308321953,1.750000987201929,0.2716990636316938,1.2534442070328695
23.300001308321953,1.700000986456871,0.29244289742777607,1.2300349859166906
23.200001306831837,1.600000984966755,0.24721360216395982,1.2577379954333137
23.200001306831837,1.5500009842216969,0.2716990636316938,1.2326548995376616
23.15000130608678,1.5000009834766388,0.24721360216395982,1.2534442070328695
23.15000130608678,1.4500009827315807,0.2716990636316938,1.2317821276628513
23.10000130534172,1.4000009819865227,0.26097722973374027,1.2534442070328695
23.10000130534172,1.3500009812414646,0.29244289742777607,1.2300349859166906
23.000001303851604,1.2500009797513485,0.24721360216395982,1.2577379954333137
23.000001303851604,1.2000009790062904,0.2716990636316938,1.2300349859166906
22.90000130236149,1.1000009775161743,0.24721360216395982,1.2577379954333137
22.90000130236149,1.0500009767711163,0.2716990636316938,1.2300349859166906
22.800001300871372,0.9500009752810001,0.24721360216395982,1.2577379954333137
22.800001300871372,0.9000009745359421,0.2716990636316938,1.2300349859166906
22.700001299381256,0.800000973045826,0.24721360216395982,1.2577379954333137
22.700001299381256,0.7500009723007679,0.2716990636316938,1.2300349859166906
22.60000129789114,0.6500009708106518,0.24721360216395982,1.2577379954333137
22.60000129789114,0.6000009700655937,0.2716990636316938,1.2300349859166906
22.500001296401024,0.5000009685754776,0.24721360216395982,1.2577379954333137
22.500001296401024,0.45000096783041954,0.2716990636316938,1.2300349859166906
22.400001294910908,0.3500009663403034,0.24721360216395982,1.2577379954333137
22.400001294910908,0.30000096559524536,0.2716990636316938,1.2300349859166906
22.35000129416585,0.2500009648501873,0.24721360216395982,1.242220531676356
22.35000129416585,0.20000096410512924,0.2716990636316938,1.2150971908950816
22.250001292675734,0.10000096261501312,0.24721360216395982,1.242220531676356
22.250001292675734,0.05000096186995506,0.2716990636316938,1.2150971908950816
22.150001291185617,-0.049999039620161057,0.24721360216395982,1.242220531676356
22.150001291185617,-0.09999904036521912,0.2716990636316938,1.2150971908950816
22.0500012896955,-0.19999904185533524,0.24721360216395982,1.2534442070328695
22.0500012896955,-0.2499990426003933,0.2716990636316938,1.2300349859166906
21.950001288205385,-0.3499990440905094,0.24721360216395982,1.2577379954333137
21.950001288205385,-0.3999990448355675,0.2716990636316938,1.2300349859166906
21.85000128671527,-0.4999990463256836,0.2596194146201188,1.2577379954333137
21.85000128671527,-0.5499990470707417,0.29244289742777607,1.2300349859166906
21.700001284480095,-0.6999990493059158,0.2596194146201188,1.2705441388980891
21.700001284480095,-0.7499990500509739,0.29244289742777607,1.242220531676356
21.55000128224492,-0.8999990522861481,0.2596194146201188,1.2840822300801311
21.55000128224492,-0.9499990530312061,0.29244289742777607,1.2495689230326823
21.400001280009747,-1.0999990552663803,0.2596194146201188,1.260308208411311
21.400001280009747,-1.1499990560114384,0.29244289742777607,1.2300349859166906
21.200001277029514,-1.3499990589916706,0.24721360216395982,1.2500000216066838
21.200001277029514,-1.3999990597367287,0.2716990636316938,1.2159802469503793
20.05000125989318,-2.549999076873064,0.2716990636316938,1.2142135834465193
20.00000125914812,-2.549999076873064,0.24721360216395982,1.2495689230326823
19.75000125542283,-2.7999990805983543,0.29244289742777607,1.2300349859166906
19.700001254677773,-2.7999990805983543,0.2596194146201188,1.260308208411311
19.5500012524426,-2.9499990828335285,0.2716990636316938,1.2300349859166906
19.50000125169754,-2.9499990828335285,0.24721360216395982,1.2577379954333137
19.400001250207424,-3.0499990843236446,0.2716990636316938,1.2300349859166906
19.350001249462366,-3.0499990843236446,0.24721360216395982,1.2534442070328695
19.300001248717308,-3.0999990850687027,0.2716990636316938,1.2326548995376616
19.25000124797225,-3.0999990850687027,0.24721360216395982,1.2577379954333137
19.150001246482134,-3.199999086558819,0.2716990636316938,1.2300349859166906
19.100001245737076,-3.199999086558819,0.24721360216395982,1.2534442070328695
19.050001244992018,-3.249999087303877,0.27434165609349825,1.2230249682804948
19.00000124424696,-3.249999087303877,0.26097722973374027,1.2396180263407768
18.9500012435019,-3.299999088048935,0.29244289742777607,1.2115594423831848
18.800001241266727,-3.299999088048935,0.25276926365365854,1.256021999552522
18.75000124052167,-3.349999088793993,0.3000000074505806,1.22214628652442
18.350001234561205,-3.349999088793993,0.3000000074505806,1.22214628652442
18.300001233816147,-3.299999088048935,0.25276926365365854,1.256021999552522
18.20000123232603,-3.299999088048935,0.27434165609349825,1.2317821276628513
18.150001231580973,-3.249999087303877,0.24721360216395982,1.2534442070328695
18.100001230835915,-3.249999087303877,0.2716990636316938,1.2300349859166906
17.650001224130392,-2.7999990805983543,0.3147815147201923,1.2089003013547874
17.650001224130392,-2.699999079108238,0.2716990636316938,1.2534442070328695
17.600001223385334,-2.64999907836318,0.29244289742777607,1.2230249682804948
17.600001223385334,-2.599999077618122,0.2716990636316938,1.2396180263407768
17.550001222640276,-2.549999076873064,0.29244289742777607,1.2115594423831848
17.550001222640276,-2.449999075382948,0.26097722973374027,1.2534442070328695
17.500001221895218,-2.39999907463789,0.29244289742777607,1.2230249682804948
17.500001221895218,-2.2999990731477737,0.26097722973374027,1.256021999552522
17.45000122115016,-2.2499990724027157,0.30249378854378534,1.22214628652442
17.45000122115016,-2.0999990701675415,0.26097722973374027,1.256021999552522
17.4000012204051,-2.0499990694224834,0.29244289742777607,1.22214628652442
17.4000012204051,-1.8999990671873093,0.25276926365365854,1.256021999552522
17.350001219660044,-1.8499990664422512,0.29244289742777607,1.22214628652442
17.350001219660044,-1.699999064207077,0.25276926365365854,1.256021999552522
17.300001218914986,-1.649999063462019,0.3000000074505806,1.2142135834465193
17.300001218914986,-1.3999990597367287,0.25276926365365854,1.2705441388980891
17.250001218169928,-1.3499990589916706,0.3000000074505806,1.2317821276628513
17.250001218169928,-1.0999990552663803,0.25276926365365854,1.2637281386416934
17.20000121742487,-1.0499990545213223,0.3000000074505806,1.22214628652442
17.20000121742487,-0.799999050796032,0.25276926365365854,1.2637281386416934
17.15000121667981,-0.7499990500509739,0.3000000074505806,1.22214628652442
17.15000121667981,-0.4999990463256836,0.25276926365365854,1.2577379954333137
17.100001215934753,-0.44999904558062553,0.3000000074505806,1.2142135834465193
17.100001215934753,0.6000009700655937,0.25276926365365854,1.2637281386416934
17.050001215189695,0.6500009708106518,0.3000000074505806,1.22214628652442
17.050001215189695,1.650000985711813,0.25276926365365854,1.2637281386416934
17.000001214444637,1.700000986456871,0.3000000074505806,1.22214628652442
17.000001214444637,2.7500010021030903,0.25276926365365854,1.2713939188816938
16.95000121369958,2.8000010028481483,0.3000000074505806,1.2317821276628513
16.95000121369958,3.6000010147690773,0.25276926365365854,1.2577379954333137
16.90000121295452,3.6500010155141354,0.3000000074505806,1.2142135834465193
16.90000121295452,4.000001020729542,0.25276926365365854,1.2577379954333137
16.850001212209463,4.0500010214746,0.3000000074505806,1.2142135834465193
16.850001212209463,4.250001024454832,0.25276926365365854,1.256021999552522
16.800001211464405,4.30000102519989,0.3000000074505806,1.22214628652442
16.800001211464405,4.450001027435064,0.26097722973374027,1.256021999552522
16.750001210719347,4.500001028180122,0.29244289742777607,1.2230249682804948
16.750001210719347,4.6000010296702385,0.26097722973374027,1.256021999552522
16.70000120997429,4.6500010304152966,0.29244289742777607,1.2230249682804948
16.70000120997429,4.700001031160355,0.2716990636316938,1.2396180263407768
16.65000120922923,4.750001031905413,0.29244289742777607,1.2115594423831848
16.65000120922923,4.800001032650471,0.2716990636316938,1.2317821276628513
16.600001208484173,4.850001033395529,0.29244289742777607,1.2089003013547874
16.600001208484173,4.900001034140587,0.2716990636316938,1.2326548995376616
16.550001207739115,4.950001034885645,0.29244289742777607,1.2150971908950816
16.550001207739115,5.000001035630703,0.2596194146201188,1.242220531676356
16.40000120550394,5.150001037865877,0.29244289742777607,1.2159802469503793
16.40000120550394,5.200001038610935,0.2596194146201188,1.2500000216066838
16.250001203268766,5.350001040846109,0.2596194146201188,1.2534442070328695
16.20000120252371,5.350001040846109,0.29244289742777607,1.221267061533719
16.050001200288534,5.500001043081284,0.24721360216395982,1.2577379954333137
16.000001199543476,5.500001043081284,0.2716990636316938,1.2326548995376616
15.950001198798418,5.550001043826342,0.24721360216395982,1.2534442070328695
15.850001197308302,5.550001043826342,0.29244289742777607,1.2115594423831848
15.800001196563244,5.6000010445714,0.26097722973374027,1.2396180263407768
15.700001195073128,5.6000010445714,0.29244289742777607,1.2080128050138979
15.65000119432807,5.650001045316458,0.26097722973374027,1.2430869904698527
15.550001192837954,5.650001045316458,0.29244289742777607,1.22214628652442
15.500001192092896,5.700001046061516,0.25276926365365854,1.2637281386416934
14.700001180171967,5.700001046061516,0.26097722973374027,1.2637281386416934
14.650001179426908,5.650001045316458,0.30249378854378534,1.22214628652442
14.500001177191734,5.650001045316458,0.26097722973374027,1.256021999552522
14.450001176446676,5.6000010445714,0.29244289742777607,1.2230249682804948
14.400001175701618,5.6000010445714,0.2716990636316938,1.2396180263407768
14.35000117495656,5.550001043826342,0.29244289742777607,1.2115594423831848
14.250001173466444,5.550001043826342,0.24721360216395982,1.2534442070328695
14.200001172721386,5.500001043081284,0.2716990636316938,1.2326548995376616
14.150001171976328,5.500001043081284,0.24721360216395982,1.2577379954333137
14.050001170486212,5.4000010415911674,0.2716990636316938,1.2300349859166906
14.000001169741154,5.4000010415911674,0.24721360216395982,1.2534442070328695
13.950001168996096,5.350001040846109,0.2716990636316938,1.2326548995376616
13.900001168251038,5.350001040846109,0.24721360216395982,1.2577379954333137
13.800001166760921,5.250001039355993,0.2716990636316938,1.2300349859166906
13.750001166015863,5.250001039355993,0.24721360216395982,1.2577379954333137
13.550001163035631,5.050001036375761,0.2716990636316938,1.2150971908950816
13.500001162290573,5.050001036375761,0.24721360216395982,1.242220531676356
13.350001160055399,4.900001034140587,0.2716990636316938,1.2159802469503793
13.30000115931034,4.900001034140587,0.24721360216395982,1.2500000216066838
13.100001156330109,4.700001031160355,0.2716990636316938,1.221267061533719
13.05000115558505,4.700001031160355,0.24721360216395982,1.2534442070328695
12.850001152604818,4.500001028180122,0.29244289742777607,1.2300349859166906
12.80000115185976,4.500001028180122,0.2596194146201188,1.260308208411311
12.600001148879528,4.30000102519989,0.29244289742777607,1.2300349859166906
12.55000114813447,4.30000102519989,0.2596194146201188,1.260308208411311
12.400001145899296,4.150001022964716,0.29244289742777607,1.2495689230326823
12.350001145154238,4.150001022964716,0.2596194146201188,1.2840822300801311
12.150001142174006,3.9500010199844837,0.29244289742777607,1.2500000216066838
12.100001141428947,3.9500010199844837,0.2596194146201188,1.2840822300801311
11.900001138448715,3.7500010170042515,0.29244289742777607,1.2500000216066838
11.850001137703657,3.7500010170042515,0.2596194146201188,1.2849242626188453
11.650001134723425,3.5500010140240192,0.29244289742777607,1.2534442070328695
11.600001133978367,3.5500010140240192,0.2596194146201188,1.2866068968840194
11.400001130998135,3.350001011043787,0.29244289742777607,1.2534442070328695
11.350001130253077,3.350001011043787,0.2596194146201188,1.2840822300801311
11.150001127272844,3.1500010080635548,0.29244289742777607,1.242220531676356
11.100001126527786,3.1500010080635548,0.2596194146201188,1.2705441388980891
10.900001123547554,2.9500010050833225,0.29244289742777607,1.242220531676356
10.850001122802496,2.9500010050833225,0.2596194146201188,1.2705441388980891
10.650001119822264,2.7500010021030903,0.29244289742777607,1.2300349859166906
10.600001119077206,2.7500010021030903,0.2596194146201188,1.260308208411311
10.450001116842031,2.600000999867916,0.29244289742777607,1.2300349859166906
10.400001116096973,2.600000999867916,0.2596194146201188,1.260308208411311
10.200001113116741,2.400000996887684,0.29244289742777607,1.221267061533719
10.150001112371683,2.400000996887684,0.2596194146201188,1.2534442070328695
10.000001110136509,2.2500009946525097,0.2716990636316938,1.221267061533719
9.95000110939145,2.2500009946525097,0.24721360216395982,1.2534442070328695
9.750001106411219,2.0500009916722775,0.2716990636316938,1.221267061533719
9.70000110566616,2.0500009916722775,0.24721360216395982,1.2534442070328695
9.550001103430986,1.9000009894371033,0.2716990636316938,1.221267061533719
9.500001102685928,1.9000009894371033,0.24721360216395982,1.2534442070328695
9.350001100450754,1.750000987201929,0.2716990636316938,1.221267061533719
9.300001099705696,1.750000987201929,0.24721360216395982,1.2534442070328695
9.20000109821558,1.650000985711813,0.2716990636316938,1.2300349859166906
9.150001097470522,1.650000985711813,0.24721360216395982,1.2577379954333137
9.050001095980406,1.5500009842216969,0.29244289742777607,1.2300349859166906
9.000001095235348,1.5500009842216969,0.26097722973374027,1.2534442070328695
8.95000109449029,1.5000009834766388,0.2716990636316938,1.2326548995376616
8.900001093745232,1.5000009834766388,0.24721360216395982,1.2577379954333137
8.800001092255116,1.4000009819865227,0.2716990636316938,1.2300349859166906
8.750001091510057,1.4000009819865227,0.24721360216395982,1.2577379954333137
8.650001090019941,1.3000009804964066,0.29244289742777607,1.2300349859166906
8.600001089274883,1.3000009804964066,0.26097722973374027,1.2534442070328695
8.550001088529825,1.2500009797513485,0.2716990636316938,1.2326548995376616
8.500001087784767,1.2500009797513485,0.24721360216395982,1.2577379954333137
8.400001086294651,1.1500009782612324,0.2716990636316938,1.2300349859166906
8.350001085549593,1.1500009782612324,0.24721360216395982,1.2577379954333137
8.250001084059477,1.0500009767711163,0.2716990636316938,1.2300349859166906
8.200001083314419,1.0500009767711163,0.24721360216395982,1.2577379954333137
8.100001081824303,0.9500009752810001,0.29244289742777607,1.2300349859166906
8.050001081079245,0.9500009752810001,0.26097722973374027,1.2534442070328695
8.000001080334187,0.9000009745359421,0.2716990636316938,1.2326548995376616
7.9500010795891285,0.9000009745359421,0.24721360216395982,1.2577379954333137
7.850001078099012,0.800000973045826,0.2716990636316938,1.2300349859166906
7.800001077353954,0.800000973045826,0.24721360216395982,1.2577379954333137
7.700001075863838,0.7000009715557098,0.29244289742777607,1.2300349859166906
7.65000107511878,0.7000009715557098,0.26097722973374027,1.2534442070328695
7.600001074373722,0.6500009708106518,0.2716990636316938,1.2326548995376616
7.550001073628664,0.6500009708106518,0.24721360216395982,1.2577379954333137
7.450001072138548,0.5500009693205357,0.2716990636316938,1.2300349859166906
7.40000107139349,0.5500009693205357,0.24721360216395982,1.2534442070328695
7.350001070648432,0.5000009685754776,0.2716990636316938,1.2317821276628513
7.300001069903374,0.5000009685754776,0.24721360216395982,1.2534442070328695
7.250001069158316,0.45000096783041954,0.2716990636316938,1.2326548995376616
7.200001068413258,0.45000096783041954,0.24721360216395982,1.2577379954333137
7.1000010669231415,0.3500009663403034,0.2716990636316938,1.2300349859166906
7.050001066178083,0.3500009663403034,0.24721360216395982,1.2534442070328695
7.000001065433025,0.30000096559524536,0.2716990636316938,1.2326548995376616
6.950001064687967,0.30000096559524536,0.24721360216395982,1.2577379954333137
6.850001063197851,0.20000096410512924,0.29244289742777607,1.2300349859166906
6.800001062452793,0.20000096410512924,0.26097722973374027,1.2534442070328695
6.750001061707735,0.15000096336007118,0.2716990636316938,1.2317821276628513
6.700001060962677,0.15000096336007118,0.24721360216395982,1.2534442070328695
6.650001060217619,0.10000096261501312,0.2716990636316938,1.2326548995376616
6.600001059472561,0.10000096261501312,0.24721360216395982,1.2577379954333137
6.500001057982445,9.611248970031738e-07,0.29244289742777607,1.2300349859166906
6.450001057237387,9.611248970031738e-07,0.26097722973374027,1.2534442070328695
6.400001056492329,-0.049999039620161057,0.2716990636316938,1.2317821276628513
6.350001055747271,-0.049999039620161057,0.24721360216395982,1.2534442070328695
6.3000010550022125,-0.09999904036521912,0.2716990636316938,1.2326548995376616
6.2500010542571545,-0.09999904036521912,0.24721360216395982,1.2577379954333137
6.150001052767038,-0.19999904185533524,0.29244289742777607,1.2300349859166906
6.10000105202198,-0.19999904185533524,0.26097722973374027,1.2534442070328695
6.050001051276922,-0.2499990426003933,0.2716990636316938,1.2326548995376616
6.000001050531864,-0.2499990426003933,0.24721360216395982,1.2577379954333137
5.900001049041748,-0.3499990440905094,0.29244289742777607,1.2300349859166906
5.85000104829669,-0.3499990440905094,0.26097722973374027,1.2534442070328695
5.800001047551632,-0.3999990448355675,0.2716990636316938,1.2317821276628513
5.750001046806574,-0.3999990448355675,0.24721360216395982,1.2534442070328695
5.700001046061516,-0.44999904558062553,0.2716990636316938,1.2326548995376616
5.650001045316458,-0.44999904558062553,0.24721360216395982,1.2577379954333137
5.550001043826342,-0.5499990470707417,0.29244289742777607,1.2300349859166906
5.500001043081284,-0.5499990470707417,0.2716990636316938,1.2534442070328695
5.4500010423362255,-0.5999990478157997,0.29244289742777607,1.2230249682804948
5.4000010415911674,-0.5999990478157997,0.2716990636316938,1.2396180263407768
5.350001040846109,-0.6499990485608578,0.29244289742777607,1.2115594423831848
5.250001039355993,-0.6499990485608578,0.24721360216395982,1.2534442070328695
5.200001038610935,-0.6999990493059158,0.27434165609349825,1.2230249682804948
5.150001037865877,-0.6999990493059158,0.26097722973374027,1.2396180263407768
5.100001037120819,-0.7499990500509739,0.29244289742777607,1.2115594423831848
5.000001035630703,-0.7499990500509739,0.24721360216395982,1.2534442070328695
4.950001034885645,-0.799999050796032,0.27434165609349825,1.2317821276628513
4.900001034140587,-0.799999050796032,0.26097722973374027,1.2534442070328695
4.850001033395529,-0.84999905154109,0.29244289742777607,1.2230249682804948
4.800001032650471,-0.84999905154109,0.2716990636316938,1.2396180263407768
4.750001031905413,-0.8999990522861481,0.29244289742777607,1.2115594423831848
4.6500010304152966,-0.8999990522861481,0.24721360216395982,1.2534442070328695
4.6000010296702385,-0.9499990530312061,0.27434165609349825,1.2317821276628513
4.55000102892518,-0.9499990530312061,0.26097722973374027,1.2534442070328695
4.500001028180122,-0.9999990537762642,0.29244289742777607,1.2230249682804948
4.450001027435064,-0.9999990537762642,0.2716990636316938,1.2396180263407768
4.400001026690006,-1.0499990545213223,0.29244289742777607,1.2115594423831848
4.30000102519989,-1.0499990545213223,0.26097722973374027,1.2534442070328695
4.250001024454832,-1.0999990552663803,0.29244289742777607,1.2317821276628513
4.200001023709774,-1.0999990552663803,0.2716990636316938,1.2534442070328695
4.150001022964716,-1.1499990560114384,0.29244289742777607,1.2230249682804948
4.0500010214746,-1.1499990560114384,0.26097722973374027,1.2577379954333137
4.000001020729542,-1.1999990567564964,0.29244289742777607,1.2317821276628513
3.9500010199844837,-1.1999990567564964,0.2716990636316938,1.2430869904698527
3.9000010192394257,-1.2499990575015545,0.29244289742777607,1.2080128050138979
3.7500010170042515,-1.2499990575015545,0.25276926365365854,1.2430869904698527
3.7000010162591934,-1.2999990582466125,0.29244289742777607,1.2080128050138979
3.5500010140240192,-1.2999990582466125,0.25276926365365854,1.2430869904698527
3.500001013278961,-1.3499990589916706,0.29244289742777607,1.2080128050138979
3.350001011043787,-1.3499990589916706,0.25276926365365854,1.2430869904698527
3.300001010298729,-1.3999990597367287,0.29244289742777607,1.2080128050138979
3.1500010080635548,-1.3999990597367287,0.25276926365365854,1.2430869904698527
3.1000010073184967,-1.4499990604817867,0.29244289742777607,1.2080128050138979
2.9500010050833225,-1.4499990604817867,0.25276926365365854,1.2430869904698527
2.9000010043382645,-1.4999990612268448,0.3000000074505806,1.2080128050138979
2.7500010021030903,-1.4999990612268448,0.26097722973374027,1.256021999552522
2.7000010013580322,-1.5499990619719028,0.30249378854378534,1.22214628652442
2.5000009983778,-1.5499990619719028,0.25276926365365854,1.2705441388980891
2.450000997632742,-1.599999062716961,0.3000000074505806,1.2317821276628513
2.0500009916722775,-1.599999062716961,0.2500000067055225,1.2637281386416934
2.0000009909272194,-1.649999063462019,0.3000000074505806,1.22214628652442
1.5500009842216969,-1.649999063462019,0.2500000067055225,1.2637281386416934
1.5000009834766388,-1.699999064207077,0.3000000074505806,1.22214628652442
0.850000973790884,-1.699999064207077,0.3000000074505806,1.22214628652442
0.800000973045826,-1.649999063462019,0.2500000067055225,1.2637281386416934
0.15000096336007118,-1.649999063462019,0.3000000074505806,1.22214628652442
0.10000096261501312,-1.599999062716961,0.2500000067055225,1.2637281386416934
-0.09999904036521912,-1.599999062716961,0.29244289742777607,1.22214628652442
-0.14999904111027718,-1.5499990619719028,0.25276926365365854,1.256021999552522
-0.29999904334545135,-1.5499990619719028,0.29244289742777607,1.22214628652442
-0.3499990440905094,-1.4999990612268448,0.25276926365365854,1.2637281386416934
-0.5499990470707417,-1.4999990612268448,0.30249378854378534,1.22214628652442
-0.5999990478157997,-1.4499990604817867,0.26097722973374027,1.256021999552522
-0.7499990500509739,-1.4499990604817867,0.30249378854378534,1.22214628652442
-0.799999050796032,-1.3999990597367287,0.26097722973374027,1.256021999552522
-0.9499990530312061,-1.3999990597367287,0.3000000074505806,1.22214628652442
-0.9999990537762642,-1.3499990589916706,0.25276926365365854,1.2637281386416934
-1.1999990567564964,-1.3499990589916706,0.30249378854378534,1.22214628652442
-1.2499990575015545,-1.2999990582466125,0.26097722973374027,1.256021999552522
-1.3999990597367287,-1.2999990582466125,0.30249378854378534,1.22214628652442
-1.4499990604817867,-1.2499990575015545,0.26097722973374027,1.256021999552522
-1.5499990619719028,-1.2499990575015545,0.29244289742777607,1.2230249682804948
-1.599999062716961,-1.1999990567564964,0.26097722973374027,1.256021999552522
-1.699999064207077,-1.1999990567564964,0.29244289742777607,1.2230249682804948
-1.749999064952135,-1.1499990560114384,0.2716990636316938,1.256021999552522
-1.7999990656971931,-1.1499990560114384,0.29244289742777607,1.2396180263407768
-1.8499990664422512,-1.0999990552663803,0.26097722973374027,1.2705441388980891
-1.9499990679323673,-1.0999990552663803,0.29244289742777607,1.2396180263407768
-1.9999990686774254,-1.0499990545213223,0.2716990636316938,1.2705441388980891
-2.0499990694224834,-1.0499990545213223,0.29244289742777607,1.2534442070328695
-2.0999990701675415,-0.9999990537762642,0.26097722973374027,1.276482328024641
-2.1999990716576576,-0.9999990537762642,0.29244289742777607,1.2317821276628513
-2.2499990724027157,-0.9499990530312061,0.26097722973374027,1.2577379954333137
-2.349999073892832,-0.9499990530312061,0.29244289742777607,1.2230249682804948
-2.39999907463789,-0.8999990522861481,0.2716990636316938,1.2534442070328695
-2.449999075382948,-0.8999990522861481,0.29244289742777607,1.2317821276628513
-2.499999076128006,-0.84999905154109,0.26097722973374027,1.2577379954333137
-2.599999077618122,-0.84999905154109,0.29244289742777607,1.2230249682804948
-2.64999907836318,-0.799999050796032,0.2716990636316938,1.2534442070328695
-2.699999079108238,-0.799999050796032,0.29244289742777607,1.2317821276628513
-2.7499990798532963,-0.7499990500509739,0.26097722973374027,1.2577379954333137
-2.8499990813434124,-0.7499990500509739,0.29244289742777607,1.2230249682804948
-2.8999990820884705,-0.6999990493059158,0.2716990636316938,1.2534442070328695
-2.9499990828335285,-0.6999990493059158,0.29244289742777607,1.2317821276628513
-2.9999990835785866,-0.6499990485608578,0.26097722973374027,1.2534442070328695
-3.0999990850687027,-0.6499990485608578,0.29244289742777607,1.2115594423831848
-3.1499990858137608,-0.5999990478157997,0.26097722973374027,1.2396180263407768
-3.199999086558819,-0.5999990478157997,0.27434165609349825,1.2230249682804948
-3.249999087303877,-0.5499990470707417,0.24721360216395982,1.2534442070328695
-3.349999088793993,-0.5499990470707417,0.29244289742777607,1.2115594423831848
-3.399999089539051,-0.4999990463256836,0.26097722973374027,1.2396180263407768
-3.449999090284109,-0.4999990463256836,0.27434165609349825,1.2230249682804948
-3.499999091029167,-0.44999904558062553,0.24721360216395982,1.2534442070328695
-3.5999990925192833,-0.44999904558062553,0.29244289742777607,1.2115594423831848
-3.6499990932643414,-0.3999990448355675,0.26097722973374027,1.2396180263407768
-3.6999990940093994,-0.3999990448355675,0.27434165609349825,1.2230249682804948
-3.7499990947544575,-0.3499990440905094,0.24721360216395982,1.2534442070328695
-3.8499990962445736,-0.3499990440905094,0.29244289742777607,1.2089003013547874
-3.8999990969896317,-0.29999904334545135,0.26097722973374027,1.2317821276628513
-3.9499990977346897,-0.29999904334545135,0.27434165609349825,1.2115594423831848
-3.9999990984797478,-0.2499990426003933,0.24721360216395982,1.2396180263407768
-4.049999099224806,-0.2499990426003933,0.2716990636316938,1.2230249682804948
-4.099999099969864,-0.19999904185533524,0.24721360216395982,1.2534442070328695
-4.19999910145998,-0.19999904185533524,0.29244289742777607,1.2115594423831848
-4.249999102205038,-0.14999904111027718,0.2716990636316938,1.2396180263407768
-4.299999102950096,-0.14999904111027718,0.29244289742777607,1.2230249682804948
-4.349999103695154,-0.09999904036521912,0.2716990636316938,1.2534442070328695
-4.399999104440212,-0.09999904036521912,0.29244289742777607,1.2317821276628513
-4.44999910518527,-0.049999039620161057,0.2716990636316938,1.2534442070328695
-4.499999105930328,-0.049999039620161057,0.29244289742777607,1.2317821276628513
-4.549999106675386,9.611248970031738e-07,0.2716990636316938,1.2534442070328695
-4.5999991074204445,9.611248970031738e-07,0.29244289742777607,1.2317821276628513
-4.6499991081655025,0.05000096186995506,0.2716990636316938,1.2534442070328695
-4.699999108910561,0.05000096186995506,0.29244289742777607,1.2317821276628513
-4.799999110400677,0.15000096336007118,0.26097722973374027,1.2705441388980891
-4.849999111145735,0.15000096336007118,0.29244289742777607,1.242220531676356
-4.899999111890793,0.20000096410512924,0.2716990636316938,1.2577379954333137
-4.949999112635851,0.20000096410512924,0.29244289742777607,1.2326548995376616
-4.999999113380909,0.2500009648501873,0.2716990636316938,1.2534442070328695
-5.049999114125967,0.2500009648501873,0.29244289742777607,1.2317821276628513
-5.099999114871025,0.30000096559524536,0.2716990636316938,1.2534442070328695
-5.149999115616083,0.30000096559524536,0.29244289742777607,1.2317821276628513
-5.199999116361141,0.3500009663403034,0.2716990636316938,1.2534442070328695
-5.249999117106199,0.3500009663403034,0.29244289742777607,1.2317821276628513
-5.299999117851257,0.4000009670853615,0.2716990636316938,1.2534442070328695
-5.349999118596315,0.4000009670853615,0.29244289742777607,1.2300349859166906
-5.4499991200864315,0.5000009685754776,0.24721360216395982,1.2577379954333137
-5.49999912083149,0.5000009685754776,0.2716990636316938,1.2326548995376616
-5.549999121576548,0.5500009693205357,0.24721360216395982,1.2534442070328695
-5.599999122321606,0.5500009693205357,0.2716990636316938,1.2317821276628513
-5.649999123066664,0.6000009700655937,0.24721360216395982,1.2534442070328695
-5.699999123811722,0.6000009700655937,0.2716990636316938,1.2317821276628513
-5.74999912455678,0.6500009708106518,0.26097722973374027,1.2534442070328695
-5.799999125301838,0.6500009708106518,0.29244289742777607,1.2317821276628513
-5.849999126046896,0.7000009715557098,0.2716990636316938,1.2534442070328695
-5.899999126791954,0.7000009715557098,0.29244289742777607,1.2300349859166906
-5.99999912828207,0.800000973045826,0.24721360216395982,1.2577379954333137
-6.049999129027128,0.800000973045826,0.2716990636316938,1.2326548995376616
-6.099999129772186,0.850000973790884,0.24721360216395982,1.2534442070328695
-6.149999130517244,0.850000973790884,0.2716990636316938,1.2317821276628513
-6.199999131262302,0.9000009745359421,0.24721360216395982,1.2534442070328695
-6.2499991320073605,0.9000009745359421,0.2716990636316938,1.2317821276628513
-6.2999991327524185,0.9500009752810001,0.24721360216395982,1.2534442070328695
-6.349999133497477,0.9500009752810001,0.2716990636316938,1.2317821276628513
-6.399999134242535,1.0000009760260582,0.24721360216395982,1.2534442070328695
-6.449999134987593,1.0000009760260582,0.2716990636316938,1.2317821276628513
-6.499999135732651,1.0500009767711163,0.24721360216395982,1.2534442070328695
-6.549999136477709,1.0500009767711163,0.2716990636316938,1.2300349859166906
-6.649999137967825,1.1500009782612324,0.24721360216395982,1.2577379954333137
-6.699999138712883,1.1500009782612324,0.2716990636316938,1.2326548995376616
-6.749999139457941,1.2000009790062904,0.26097722973374027,1.2534442070328695
-6.799999140202999,1.2000009790062904,0.29244289742777607,1.2300349859166906
-6.899999141693115,1.3000009804964066,0.26097722973374027,1.2577379954333137
-6.949999142438173,1.3000009804964066,0.29244289742777607,1.2300349859166906
-7.049999143928289,1.4000009819865227,0.26097722973374027,1.2577379954333137
-7.0999991446733475,1.4000009819865227,0.29244289742777607,1.2300349859166906
-7.199999146163464,1.5000009834766388,0.26097722973374027,1.2577379954333137
-7.249999146908522,1.5000009834766388,0.29244289742777607,1.2300349859166906
-7.349999148398638,1.600000984966755,0.26097722973374027,1.2577379954333137
-7.399999149143696,1.600000984966755,0.29244289742777607,1.2300349859166906
-7.499999150633812,1.700000986456871,0.26097722973374027,1.2577379954333137
-7.54999915137887,1.700000986456871,0.29244289742777607,1.2300349859166906
-7.649999152868986,1.8000009879469872,0.24721360216395982,1.2577379954333137
-7.699999153614044,1.8000009879469872,0.2716990636316938,1.2326548995376616
-7.749999154359102,1.8500009886920452,0.26097722973374027,1.2534442070328695
-7.79999915510416,1.8500009886920452,0.29244289742777607,1.2300349859166906
-7.899999156594276,1.9500009901821613,0.26097722973374027,1.2577379954333137
-7.9499991573393345,1.9500009901821613,0.29244289742777607,1.2300349859166906
-8.04999915882945,2.0500009916722775,0.26097722973374027,1.2577379954333137
-8.099999159574509,2.0500009916722775,0.29244289742777607,1.2300349859166906
-8.199999161064625,2.1500009931623936,0.26097722973374027,1.2577379954333137
-8.249999161809683,2.1500009931623936,0.29244289742777607,1.2326548995376616
-8.349999163299799,2.2500009946525097,0.26097722973374027,1.2705441388980891
-8.399999164044857,2.2500009946525097,0.29244289742777607,1.242220531676356
-8.499999165534973,2.350000996142626,0.26097722973374027,1.2705441388980891
-8.549999166280031,2.350000996142626,0.29244289742777607,1.242220531676356
-8.59999916702509,2.400000996887684,0.2716990636316938,1.2577379954333137
-8.649999167770147,2.400000996887684,0.29244289742777607,1.2326548995376616
-8.699999168515205,2.450000997632742,0.2716990636316938,1.2534442070328695
-8.749999169260263,2.450000997632742,0.29244289742777607,1.2300349859166906
-8.84999917075038,2.550000999122858,0.26097722973374027,1.2577379954333137
-8.899999171495438,2.550000999122858,0.29244289742777607,1.2300349859166906
-8.999999172985554,2.650001000612974,0.24721360216395982,1.2577379954333137
-9.049999173730612,2.650001000612974,0.2716990636316938,1.2300349859166906
-9.09999917447567,2.7000010013580322,0.24721360216395982,1.242220531676356
-9.149999175220728,2.7000010013580322,0.2716990636316938,1.2150971908950816
-9.249999176710844,2.8000010028481483,0.24721360216395982,1.2534442070328695
-9.299999177455902,2.8000010028481483,0.2716990636316938,1.2300349859166906
-9.34999917820096,2.8500010035932064,0.24721360216395982,1.242220531676356
-9.399999178946018,2.8500010035932064,0.2716990636316938,1.2150971908950816
-9.449999179691076,2.9000010043382645,0.24721360216395982,1.2326548995376616
-9.499999180436134,2.9000010043382645,0.2716990636316938,1.2089003013547874
-9.59999918192625,3.0000010058283806,0.24721360216395982,1.2534442070328695
-9.649999182671309,3.0000010058283806,0.2716990636316938,1.2317821276628513
-9.699999183416367,3.0500010065734386,0.24721360216395982,1.2534442070328695
-9.749999184161425,3.0500010065734386,0.2716990636316938,1.2317821276628513
-9.799999184906483,3.1000010073184967,0.24721360216395982,1.2534442070328695
-9.84999918565154,3.1000010073184967,0.2716990636316938,1.2317821276628513
-9.899999186396599,3.1500010080635548,0.26097722973374027,1.2534442070328695
-9.949999187141657,3.1500010080635548,0.29244289742777607,1.2317821276628513
-9.999999187886715,3.200001008808613,0.2716990636316938,1.2577379954333137
-10.049999188631773,3.200001008808613,0.29244289742777607,1.2396180263407768
-10.099999189376831,3.250001009553671,0.26097722973374027,1.2705441388980891
-10.199999190866947,3.250001009553671,0.29244289742777607,1.2317821276628513
-10.249999191612005,3.300001010298729,0.2716990636316938,1.2534442070328695
-10.299999192357063,3.300001010298729,0.29244289742777607,1.2317821276628513
-10.349999193102121,3.350001011043787,0.26097722973374027,1.2534442070328695
-10.449999194592237,3.350001011043787,0.29244289742777607,1.2115594423831848
-10.499999195337296,3.400001011788845,0.26097722973374027,1.2396180263407768
-10.599999196827412,3.400001011788845,0.29244289742777607,1.2080128050138979
-10.64999919757247,3.450001012533903,0.2716990636316938,1.2396180263407768
-10.699999198317528,3.450001012533903,0.29244289742777607,1.2230249682804948
-10.749999199062586,3.500001013278961,0.26097722973374027,1.256021999552522
-10.849999200552702,3.500001013278961,0.29244289742777607,1.2230249682804948
-10.89999920129776,3.5500010140240192,0.26097722973374027,1.256021999552522
-11.049999203532934,3.5500010140240192,0.3000000074505806,1.22214628652442
-11.099999204277992,3.6000010147690773,0.25276926365365854,1.256021999552522
-11.249999206513166,3.6000010147690773,0.29244289742777607,1.2080128050138979
-11.299999207258224,3.6500010155141354,0.25276926365365854,1.2430869904698527
-11.499999210238457,3.6500010155141354,0.3000000074505806,1.2080128050138979
-11.549999210983515,3.7000010162591934,0.25276926365365854,1.2534442070328695
-11.899999216198921,3.7000010162591934,0.3000000074505806,1.22214628652442
-11.94999921694398,3.7500010170042515,0.2500000067055225,1.2637281386416934
-12.44999922439456,3.7500010170042515,0.26097722973374027,1.2807093115603727
-12.499999225139618,3.7000010162591934,0.30249378854378534,1.2430869904698527
-12.899999231100082,3.7000010162591934,0.25276926365365854,1.2577379954333137
-12.94999923184514,3.6500010155141354,0.3000000074505806,1.2142135834465193
-13.149999234825373,3.6500010155141354,0.25276926365365854,1.256021999552522
-13.19999923557043,3.6000010147690773,0.3000000074505806,1.22214628652442
-13.349999237805605,3.6000010147690773,0.26097722973374027,1.256021999552522
-13.399999238550663,3.5500010140240192,0.29244289742777607,1.2230249682804948
-13.449999239295721,3.5500010140240192,0.2716990636316938,1.2396180263407768
-13.49999924004078,3.500001013278961,0.29244289742777607,1.2080128050138979
-13.599999241530895,3.500001013278961,0.26097722973374027,1.2396180263407768
-13.649999242275953,3.450001012533903,0.29244289742777607,1.2115594423831848
-13.74999924376607,3.450001012533903,0.26097722973374027,1.2534442070328695
-13.799999244511127,3.400001011788845,0.29244289742777607,1.2230249682804948
-13.849999245256186,3.400001011788845,0.2716990636316938,1.2396180263407768
-13.899999246001244,3.350001011043787,0.29244289742777607,1.2115594423831848
-13.99999924749136,3.350001011043787,0.24721360216395982,1.2534442070328695
-14.049999248236418,3.300001010298729,0.2716990636316938,1.2326548995376616
-14.099999248981476,3.300001010298729,0.24721360216395982,1.2577379954333137
-14.199999250471592,3.200001008808613,0.2716990636316938,1.2300349859166906
-14.24999925121665,3.200001008808613,0.24721360216395982,1.2534442070328695
-14.299999251961708,3.1500010080635548,0.2716990636316938,1.2317821276628513
-14.349999252706766,3.1500010080635548,0.24721360216395982,1.2534442070328695
-14.399999253451824,3.1000010073184967,0.2716990636316938,1.2317821276628513
-14.449999254196882,3.1000010073184967,0.24721360216395982,1.2534442070328695
-14.549999255686998,3.0000010058283806,0.2716990636316938,1.2150971908950816
-14.599999256432056,3.0000010058283806,0.24721360216395982,1.242220531676356
-14.699999257922173,2.9000010043382645,0.29244289742777607,1.221267061533719
-14.74999925866723,2.9000010043382645,0.26097722973374027,1.2534442070328695
-14.849999260157347,2.8000010028481483,0.29244289742777607,1.2300349859166906
-14.899999260902405,2.8000010028481483,0.2596194146201188,1.2577379954333137
-15.049999263137579,2.650001000612974,0.29244289742777607,1.221267061533719
-15.099999263882637,2.650001000612974,0.2596194146201188,1.2534442070328695
-15.249999266117811,2.5000009983778,0.29244289742777607,1.221267061533719
-15.29999926686287,2.5000009983778,0.2596194146201188,1.2534442070328695
-15.649999272078276,2.1500009931623936,0.29244289742777607,1.2300349859166906
-15.699999272823334,2.1500009931623936,0.2596194146201188,1.260308208411311
-16.099999278783798,1.750000987201929,0.29244289742777607,1.2300349859166906
-16.149999279528856,1.750000987201929,0.2596194146201188,1.260308208411311
-16.499999284744263,1.4000009819865227,0.29244289742777607,1.2300349859166906
-16.54999928548932,1.4000009819865227,0.2596194146201188,1.260308208411311
-16.949999291449785,1.0000009760260582,0.29244289742777607,1.2300349859166906
-16.999999292194843,1.0000009760260582,0.2596194146201188,1.260308208411311
-17.399999298155308,0.6000009700655937,0.29244289742777607,1.2300349859166906
-17.449999298900366,0.6000009700655937,0.2596194146201188,1.260308208411311
-17.84999930486083,0.20000096410512924,0.29244289742777607,1.2300349859166906
-17.89999930560589,0.20000096410512924,0.2596194146201188,1.260308208411311
-18.299999311566353,-0.19999904185533524,0.29244289742777607,1.2300349859166906
-18.34999931231141,-0.19999904185533524,0.2596194146201188,1.260308208411311
-18.749999318271875,-0.5999990478157997,0.29244289742777607,1.2300349859166906
-18.799999319016933,-0.5999990478157997,0.2596194146201188,1.260308208411311
-19.199999324977398,-0.9999990537762642,0.29244289742777607,1.2300349859166906
-19.249999325722456,-0.9999990537762642,0.2596194146201188,1.260308208411311
-19.599999330937862,-1.3499990589916706,0.29244289742777607,1.2300349859166906
-19.64999933168292,-1.3499990589916706,0.2596194146201188,1.260308208411311
-20.049999337643385,-1.749999064952135,0.29244289742777607,1.2300349859166906
-20.099999338388443,-1.749999064952135,0.2596194146201188,1.260308208411311
-20.499999344348907,-2.1499990709125996,0.29244289742777607,1.2300349859166906
-20.549999345093966,-2.1499990709125996,0.2596194146201188,1.260308208411311
-20.94999935105443,-2.549999076873064,0.29244289742777607,1.2300349859166906
-20.999999351799488,-2.549999076873064,0.2596194146201188,1.260308208411311
-21.399999357759953,-2.9499990828335285,0.29244289742777607,1.2300349859166906
-21.44999935850501,-2.9499990828335285,0.2596194146201188,1.260308208411311
-21.849999364465475,-3.349999088793993,0.29244289742777607,1.2300349859166906
-21.899999365210533,-3.349999088793993,0.2596194146201188,1.260308208411311
-22.299999371170998,-3.7499990947544575,0.29244289742777607,1.2300349859166906
-22.349999371916056,-3.7499990947544575,0.2596194146201188,1.260308208411311
-22.699999377131462,-4.099999099969864,0.29244289742777607,1.2300349859166906
-22.74999937787652,-4.099999099969864,0.2596194146201188,1.260308208411311
-23.149999383836985,-4.499999105930328,0.29244289742777607,1.2300349859166906
-23.199999384582043,-4.499999105930328,0.2596194146201188,1.260308208411311
-23.599999390542507,-4.899999111890793,0.29244289742777607,1.2300349859166906
-23.649999391287565,-4.899999111890793,0.2596194146201188,1.260308208411311
-24.04999939724803,-5.299999117851257,0.29244289742777607,1.2300349859166906
-24.099999397993088,-5.299999117851257,0.2596194146201188,1.260308208411311
-24.499999403953552,-5.699999123811722,0.29244289742777607,1.2300349859166906
-24.54999940469861,-5.699999123811722,0.2596194146201188,1.260308208411311
-24.949999410659075,-6.099999129772186,0.29244289742777607,1.2300349859166906
-24.999999411404133,-6.099999129772186,0.2596194146201188,1.260308208411311
-25.399999417364597,-6.499999135732651,0.29244289742777607,1.2300349859166906
-25.449999418109655,-6.499999135732651,0.2596194146201188,1.260308208411311
-25.799999423325062,-6.849999140948057,0.29244289742777607,1.2300349859166906
-25.84999942407012,-6.849999140948057,0.2596194146201188,1.260308208411311
-26.249999430030584,-7.249999146908522,0.29244289742777607,1.2300349859166906
-26.299999430775642,-7.249999146908522,0.2596194146201188,1.260308208411311
-26.699999436736107,-7.649999152868986,0.29244289742777607,1.2300349859166906
-26.749999437481165,-7.649999152868986,0.2596194146201188,1.260308208411311
-27.14999944344163,-8.04999915882945,0.29244289742777607,1.2300349859166906
-27.199999444186687,-8.04999915882945,0.2596194146201188,1.260308208411311
-27.599999450147152,-8.449999164789915,0.29244289742777607,1.2300349859166906
-27.64999945089221,-8.449999164789915,0.2596194146201188,1.260308208411311
-28.049999456852674,-8.84999917075038,0.29244289742777607,1.2300349859166906
-28.099999457597733,-8.84999917075038,0.2596194146201188,1.260308208411311
-28.499999463558197,-9.249999176710844,0.29244289742777607,1.2300349859166906
-28.549999464303255,-9.249999176710844,0.2596194146201188,1.260308208411311
-28.89999946951866,-9.59999918192625,0.29244289742777607,1.2300349859166906
-28.94999947026372,-9.59999918192625,0.2596194146201188,1.260308208411311
-29.349999476224184,-9.999999187886715,0.29244289742777607,1.2300349859166906
-29.399999476969242,-9.999999187886715,0.2596194146201188,1.260308208411311
-29.799999482929707,-10.39999919384718,0.29244289742777607,1.2300349859166906
-29.849999483674765,-10.39999919384718,0.2596194146201188,1.260308208411311
-30.24999948963523,-10.799999199807644,0.29244289742777607,1.2300349859166906
-30.299999490380287,-10.799999199807644,0.2596194146201188,1.260308208411311
-30.69999949634075,-11.199999205768108,0.29244289742777607,1.2300349859166906
-30.74999949708581,-11.199999205768108,0.2596194146201188,1.260308208411311
-31.149999503046274,-11.599999211728573,0.29244289742777607,1.2300349859166906
-31.199999503791332,-11.599999211728573,0.2596194146201188,1.260308208411311
-31.599999509751797,-11.999999217689037,0.29244289742777607,1.221267061533719
-31.649999510496855,-11.999999217689037,0.2596194146201188,1.2534442070328695
-31.99999951571226,-12.349999222904444,0.29244289742777607,1.2300349859166906
-32.04999951645732,-12.349999222904444,0.2596194146201188,1.260308208411311
-32.449999522417784,-12.749999228864908,0.29244289742777607,1.2300349859166906
-32.49999952316284,-12.749999228864908,0.2596194146201188,1.260308208411311
-32.899999529123306,-13.149999234825373,0.29244289742777607,1.2300349859166906
-32.949999529868364,-13.149999234825373,0.2596194146201188,1.260308208411311
-33.34999953582883,-13.549999240785837,0.29244289742777607,1.2300349859166906
-33.39999953657389,-13.549999240785837,0.2596194146201188,1.260308208411311
-33.79999954253435,-13.949999246746302,0.29244289742777607,1.2300349859166906
-33.84999954327941,-13.949999246746302,0.2596194146201188,1.260308208411311
-34.249999549239874,-14.349999252706766,0.29244289742777607,1.2300349859166906
-34.29999954998493,-14.349999252706766,0.2596194146201188,1.260308208411311
-34.699999555945396,-14.74999925866723,0.29244289742777607,1.221267061533719
-34.749999556690454,-14.74999925866723,0.2596194146201188,1.2534442070328695
-35.09999956190586,-15.099999263882637,0.29244289742777607,1.2300349859166906
-35.14999956265092,-15.099999263882637,0.2596194146201188,1.260308208411311
-35.54999956861138,-15.499999269843102,0.29244289742777607,1.2300349859166906
-35.59999956935644,-15.499999269843102,0.2596194146201188,1.260308208411311
-35.84999957308173,-15.749999273568392,0.29244289742777607,1.2300349859166906
-35.89999957382679,-15.749999273568392,0.2596194146201188,1.260308208411311
-36.14999957755208,-15.999999277293682,0.29244289742777607,1.2300349859166906
-36.19999957829714,-15.999999277293682,0.2596194146201188,1.260308208411311
-36.39999958127737,-16.199999280273914,0.29244289742777607,1.2300349859166906
-36.44999958202243,-16.199999280273914,0.2596194146201188,1.260308208411311
-36.64999958500266,-16.399999283254147,0.29244289742777607,1.242220531676356
-36.69999958574772,-16.399999283254147,0.2596194146201188,1.2705441388980891
-36.89999958872795,-16.59999928623438,0.29244289742777607,1.242220531676356
-36.94999958947301,-16.59999928623438,0.2596194146201188,1.2705441388980891
-37.24999959394336,-16.899999290704727,0.29244289742777607,1.2300349859166906
-37.299999594688416,-16.899999290704727,0.2596194146201188,1.260308208411311
-37.99999960511923,-17.59999930113554,0.29244289742777607,1.2495689230326823
-38.049999605864286,-17.59999930113554,0.2596194146201188,1.2849242626188453
-38.44999961182475,-17.999999307096004,0.2596194146201188,1.2849242626188453
-38.44999961182475,-18.049999307841063,0.29244289742777607,1.2495689230326823
-38.69999961555004,-18.299999311566353,0.24721360216395982,1.2495689230326823
-38.69999961555004,-18.34999931231141,0.2716990636316938,1.2142135834465193
-38.94999961927533,-18.5999993160367,0.24721360216395982,1.2577379954333137
-38.94999961927533,-18.64999931678176,0.2716990636316938,1.2300349859166906
-39.099999621510506,-18.799999319016933,0.2596194146201188,1.260308208411311
-39.099999621510506,-18.84999931976199,0.29244289742777607,1.2300349859166906
-39.19999962300062,-18.949999321252108,0.26097722973374027,1.2577379954333137
-39.19999962300062,-18.999999321997166,0.29244289742777607,1.2300349859166906
-39.29999962449074,-19.099999323487282,0.24721360216395982,1.2577379954333137
-39.29999962449074,-19.14999932423234,0.2716990636316938,1.2300349859166906
-39.399999625980854,-19.249999325722456,0.24721360216395982,1.2577379954333137
-39.399999625980854,-19.299999326467514,0.2716990636316938,1.2300349859166906
-39.44999962672591,-19.349999327212572,0.24721360216395982,1.242220531676356
-39.44999962672591,-19.39999932795763,0.2716990636316938,1.2150971908950816
-39.54999962821603,-19.499999329447746,0.24721360216395982,1.2534442070328695
-39.54999962821603,-19.549999330192804,0.2716990636316938,1.2317821276628513
-39.599999628961086,-19.599999330937862,0.24721360216395982,1.2534442070328695
-39.599999628961086,-19.64999933168292,0.2716990636316938,1.2317821276628513
-39.649999629706144,-19.69999933242798,0.26097722973374027,1.2534442070328695
-39.649999629706144,-19.749999333173037,0.29244289742777607,1.2317821276628513
-39.6999996304512,-19.799999333918095,0.26097722973374027,1.2534442070328695
-39.6999996304512,-19.849999334663153,0.27434165609349825,1.2317821276628513
-39.74999963119626,-19.89999933540821,0.24721360216395982,1.2534442070328695
-39.74999963119626,-19.999999336898327,0.29244289742777607,1.2115594423831848
-39.79999963194132,-20.049999337643385,0.26097722973374027,1.2396180263407768
-39.79999963194132,-20.099999338388443,0.27434165609349825,1.2230249682804948
-39.84999963268638,-20.1499993391335,0.24721360216395982,1.2534442070328695
-39.84999963268638,-20.249999340623617,0.29244289742777607,1.2115594423831848
-39.899999633431435,-20.299999341368675,0.2716990636316938,1.2396180263407768
-39.899999633431435,-20.349999342113733,0.29244289742777607,1.2230249682804948
-39.94999963417649,-20.39999934285879,0.26097722973374027,1.256021999552522
-39.94999963417649,-20.549999345093966,0.30249378854378534,1.22214628652442
-39.99999963492155,-20.599999345839024,0.26097722973374027,1.256021999552522
-39.99999963492155,-20.69999934732914,0.29244289742777607,1.2230249682804948
-40.04999963566661,-20.749999348074198,0.25276926365365854,1.256021999552522
-40.04999963566661,-20.899999350309372,0.29244289742777607,1.2080128050138979
-40.09999963641167,-20.94999935105443,0.25276926365365854,1.2430869904698527
-40.09999963641167,-21.099999353289604,0.29244289742777607,1.2142135834465193
-40.149999637156725,-21.149999354034662,0.25276926365365854,1.2577379954333137
-40.149999637156725,-21.44999935850501,0.3000000074505806,1.22214628652442
-40.19999963790178,-21.49999935925007,0.2500000067055225,1.2637281386416934
-40.19999963790178,-21.849999364465475,0.3000000074505806,1.22214628652442
-40.24999963864684,-21.899999365210533,0.2500000067055225,1.2637281386416934
-40.24999963864684,-22.349999371916056,0.3000000074505806,1.2142135834465193
-40.2999996393919,-22.399999372661114,0.2500000067055225,1.2577379954333137
-40.2999996393919,-24.04999939724803,0.25276926365365854,1.2637281386416934
-40.24999963864684,-24.099999397993088,0.3000000074505806,1.22214628652442
-40.24999963864684,-24.29999940097332,0.25276926365365854,1.2577379954333137
-40.19999963790178,-24.349999401718378,0.3000000074505806,1.2142135834465193
-40.19999963790178,-24.59999940544367,0.2500000067055225,1.2577379954333137
-40.149999637156725,-24.649999406188726,0.3000000074505806,1.2142135834465193
-40.149999637156725,-24.84999940916896,0.25276926365365854,1.256021999552522
-40.09999963641167,-24.899999409914017,0.29244289742777607,1.2230249682804948
-40.09999963641167,-24.999999411404133,0.26097722973374027,1.256021999552522
-40.04999963566661,-25.04999941214919,0.29244289742777607,1.2230249682804948
-40.04999963566661,-25.09999941289425,0.2716990636316938,1.2396180263407768
-39.99999963492155,-25.149999413639307,0.29244289742777607,1.2080128050138979
-39.99999963492155,-25.249999415129423,0.26097722973374027,1.2396180263407768
-39.94999963417649,-25.29999941587448,0.29244289742777607,1.2080128050138979
-39.94999963417649,-25.399999417364597,0.26097722973374027,1.2396180263407768
-39.899999633431435,-25.449999418109655,0.29244289742777607,1.2080128050138979
-39.899999633431435,-25.54999941959977,0.24721360216395982,1.2396180263407768
-39.84999963268638,-25.59999942034483,0.27434165609349825,1.2115594423831848
-39.84999963268638,-25.649999421089888,0.26097722973374027,1.2317821276628513
-39.79999963194132,-25.699999421834946,0.29244289742777607,1.2089003013547874
-39.79999963194132,-25.799999423325062,0.26097722973374027,1.2534442070328695
-39.74999963119626,-25.84999942407012,0.29244289742777607,1.2317821276628513
-39.74999963119626,-25.899999424815178,0.2716990636316938,1.2534442070328695
-39.6999996304512,-25.949999425560236,0.29244289742777607,1.2317821276628513
-39.6999996304512,-25.999999426305294,0.2716990636316938,1.2534442070328695
-39.649999629706144,-26.049999427050352,0.29244289742777607,1.2317821276628513
-39.649999629706144,-26.09999942779541,0.26097722973374027,1.2534442070328695
-39.599999628961086,-26.149999428540468,0.2716990636316938,1.2317821276628513
-39.599999628961086,-26.199999429285526,0.24721360216395982,1.2534442070328695
-39.54999962821603,-26.249999430030584,0.2716990636316938,1.2317821276628513
-39.54999962821603,-26.299999430775642,0.24721360216395982,1.2534442070328695
-39.49999962747097,-26.3499994315207,0.2716990636316938,1.2317821276628513
-39.49999962747097,-26.39999943226576,0.24721360216395982,1.2534442070328695
-39.44999962672591,-26.449999433010817,0.2716990636316938,1.2326548995376616
-39.44999962672591,-26.499999433755875,0.24721360216395982,1.2577379954333137
-39.349999625235796,-26.59999943524599,0.2716990636316938,1.2300349859166906
-39.349999625235796,-26.64999943599105,0.24721360216395982,1.2534442070328695
-39.29999962449074,-26.699999436736107,0.2716990636316938,1.2317821276628513
-39.29999962449074,-26.749999437481165,0.24721360216395982,1.2534442070328695
-39.24999962374568,-26.799999438226223,0.2716990636316938,1.2326548995376616
-39.24999962374568,-26.84999943897128,0.24721360216395982,1.2577379954333137
-39.099999621510506,-26.999999441206455,0.2716990636316938,1.221267061533719
-39.099999621510506,-27.049999441951513,0.24721360216395982,1.2534442070328695
-38.89999961853027,-27.249999444931746,0.2716990636316938,1.2159802469503793
-38.89999961853027,-27.299999445676804,0.24721360216395982,1.2500000216066838
-38.7499996162951,-27.449999447911978,0.2716990636316938,1.221267061533719
-38.7499996162951,-27.499999448657036,0.24721360216395982,1.2534442070328695
-38.49999961256981,-27.749999452382326,0.29244289742777607,1.221267061533719
-38.49999961256981,-27.799999453127384,0.2596194146201188,1.2534442070328695
-37.89999960362911,-28.39999946206808,0.2596194146201188,1.260308208411311
-37.849999602884054,-28.39999946206808,0.2949747542062818,1.2300349859166906
-37.69999960064888,-28.549999464303255,0.26097722973374027,1.2500000216066838
-37.64999959990382,-28.549999464303255,0.29244289742777607,1.2159802469503793
-37.49999959766865,-28.69999946653843,0.2596194146201188,1.242220531676356
-37.44999959692359,-28.69999946653843,0.29244289742777607,1.2150971908950816
-37.349999595433474,-28.799999468028545,0.26097722973374027,1.242220531676356
-37.299999594688416,-28.799999468028545,0.29244289742777607,1.2150971908950816
-37.1999995931983,-28.89999946951866,0.26097722973374027,1.242220531676356
-37.14999959245324,-28.89999946951866,0.29244289742777607,1.2150971908950816
-37.09999959170818,-28.94999947026372,0.2716990636316938,1.2326548995376616
-37.049999590963125,-28.94999947026372,0.29244289742777607,1.2089003013547874
-36.99999959021807,-28.999999471008778,0.2716990636316938,1.2317821276628513
-36.94999958947301,-28.999999471008778,0.29244289742777607,1.2089003013547874
-36.89999958872795,-29.049999471753836,0.2716990636316938,1.2317821276628513
-36.84999958798289,-29.049999471753836,0.29244289742777607,1.2089003013547874
-36.799999587237835,-29.099999472498894,0.2716990636316938,1.2317821276628513
-36.74999958649278,-29.099999472498894,0.29244289742777607,1.2089003013547874
-36.69999958574772,-29.149999473243952,0.2716990636316938,1.2317821276628513
-36.64999958500266,-29.149999473243952,0.29244289742777607,1.2115594423831848
-36.5999995842576,-29.19999947398901,0.26097722973374027,1.2396180263407768
-36.49999958276749,-29.19999947398901,0.29244289742777607,1.2080128050138979
-36.44999958202243,-29.249999474734068,0.2716990636316938,1.2317821276628513
-36.39999958127737,-29.249999474734068,0.29244289742777607,1.2115594423831848
-36.34999958053231,-29.299999475479126,0.2716990636316938,1.2396180263407768
-36.299999579787254,-29.299999475479126,0.29244289742777607,1.2230249682804948
-36.249999579042196,-29.349999476224184,0.25276926365365854,1.256021999552522
-36.09999957680702,-29.349999476224184,0.29244289742777607,1.22214628652442
-36.049999576061964,-29.399999476969242,0.25276926365365854,1.256021999552522
-35.89999957382679,-29.399999476969242,0.29244289742777607,1.2080128050138979
-35.84999957308173,-29.4499994777143,0.26097722973374027,1.2430869904698527
-35.6499995701015,-29.4499994777143,0.3000000074505806,1.2080128050138979
-35.59999956935644,-29.499999478459358,0.25276926365365854,1.2534442070328695
-35.09999956190586,-29.499999478459358,0.30990195895740963,1.2500000216066838
-35.0499995611608,-29.549999479204416,0.27434165609349825,1.3000000223517418
-34.89999955892563,-29.549999479204416,0.27434165609349825,1.3000000223517418
-34.84999955818057,-29.499999478459358,0.30990195895740963,1.2500000216066838
-34.29999954998493,-29.499999478459358,0.25276926365365854,1.2577379954333137
-34.249999549239874,-29.4499994777143,0.3000000074505806,1.2142135834465193
-34.04999954625964,-29.4499994777143,0.25276926365365854,1.256021999552522
-33.999999545514584,-29.399999476969242,0.3000000074505806,1.22214628652442
-33.84999954327941,-29.399999476969242,0.26097722973374027,1.256021999552522
-33.79999954253435,-29.349999476224184,0.29244289742777607,1.2230249682804948
-33.74999954178929,-29.349999476224184,0.2716990636316938,1.2396180263407768
-33.699999541044235,-29.299999475479126,0.29244289742777607,1.2080128050138979
-33.59999953955412,-29.299999475479126,0.26097722973374027,1.2396180263407768
-33.54999953880906,-29.249999474734068,0.29244289742777607,1.2115594423831848
-33.499999538064,-29.249999474734068,0.2716990636316938,1.2317821276628513
-33.449999537318945,-29.19999947398901,0.29244289742777607,1.2089003013547874
-33.39999953657389,-29.19999947398901,0.27434165609349825,1.2317821276628513
-33.34999953582883,-29.149999473243952,0.30990195895740963,1.2089003013547874
-33.29999953508377,-29.149999473243952,0.29244289742777607,1.2317821276628513
-33.24999953433871,-29.099999472498894,0.3147815147201923,1.2089003013547874
-33.199999533593655,-29.099999472498894,0.29244289742777607,1.2317821276628513
-33.1499995328486,-29.049999471753836,0.3000000074505806,1.2089003013547874
-33.09999953210354,-29.049999471753836,0.2716990636316938,1.2317821276628513
-33.04999953135848,-28.999999471008778,0.29244289742777607,1.2089003013547874
-32.99999953061342,-28.999999471008778,0.2716990636316938,1.2317821276628513
-32.949999529868364,-28.94999947026372,0.29244289742777607,1.2089003013547874
-32.899999529123306,-28.94999947026372,0.26097722973374027,1.2326548995376616
-32.79999952763319,-28.849999468773603,0.29244289742777607,1.2008925934871162
-32.74999952688813,-28.849999468773603,0.2716990636316938,1.2300349859166906
-32.699999526143074,-28.799999468028545,0.29244289742777607,1.2150971908950816
-32.649999525398016,-28.799999468028545,0.26097722973374027,1.242220531676356
-32.49999952316284,-28.64999946579337,0.3000000074505806,1.2150971908950816
-32.449999522417784,-28.64999946579337,0.2716990636316938,1.242220531676356
-32.34999952092767,-28.549999464303255,0.2949747542062818,1.2150971908950816
-32.29999952018261,-28.549999464303255,0.26097722973374027,1.242220531676356
-32.149999517947435,-28.39999946206808,0.2949747542062818,1.2150971908950816
-32.09999951720238,-28.39999946206808,0.26097722973374027,1.242220531676356
-31.99999951571226,-28.299999460577965,0.29244289742777607,1.2089003013547874
-31.949999514967203,-28.299999460577965,0.2716990636316938,1.2326548995376616
-31.899999514222145,-28.249999459832907,0.29244289742777607,1.2150971908950816
-31.849999513477087,-28.249999459832907,0.2716990636316938,1.242220531676356
-31.79999951273203,-28.19999945908785,0.29244289742777607,1.2230249682804948
-31.699999511241913,-28.19999945908785,0.26097722973374027,1.2577379954333137
-31.649999510496855,-28.14999945834279,0.30249378854378534,1.2317821276628513
-31.349999506026506,-28.14999945834279,0.30249378854378534,1.2396180263407768
-31.29999950528145,-28.19999945908785,0.26097722973374027,1.2705441388980891
-31.149999503046274,-28.19999945908785,0.30990195895740963,1.2089003013547874
-31.099999502301216,-28.249999459832907,0.27434165609349825,1.2317821276628513
-31.049999501556158,-28.249999459832907,0.29244289742777607,1.2089003013547874
-30.599999494850636,-28.69999946653843,0.2716990636316938,1.2300349859166906
-30.599999494850636,-28.749999467283487,0.24721360216395982,1.2534442070328695
-30.549999494105577,-28.799999468028545,0.27434165609349825,1.2317821276628513
-30.549999494105577,-28.849999468773603,0.26097722973374027,1.2534442070328695
-30.49999949336052,-28.89999946951866,0.29244289742777607,1.2317821276628513
-30.49999949336052,-28.94999947026372,0.2716990636316938,1.2534442070328695
-30.44999949261546,-28.999999471008778,0.29244289742777607,1.2317821276628513
-30.44999949261546,-29.049999471753836,0.2716990636316938,1.2534442070328695
-30.399999491870403,-29.099999472498894,0.29244289742777607,1.2230249682804948
-30.399999491870403,-29.149999473243952,0.2716990636316938,1.2396180263407768
-30.349999491125345,-29.19999947398901,0.29244289742777607,1.2115594423831848
-30.349999491125345,-29.299999475479126,0.26097722973374027,1.2534442070328695
-30.299999490380287,-29.349999476224184,0.29244289742777607,1.2317821276628513
-30.299999490380287,-29.399999476969242,0.2716990636316938,1.2534442070328695
-30.24999948963523,-29.4499994777143,0.29244289742777607,1.2317821276628513
-30.24999948963523,-29.499999478459358,0.2716990636316938,1.2534442070328695
-30.19999948889017,-29.549999479204416,0.29244289742777607,1.2317821276628513
-30.19999948889017,-29.599999479949474,0.2716990636316938,1.2534442070328695
-30.149999488145113,-29.649999480694532,0.29244289742777607,1.2317821276628513
-30.149999488145113,-29.69999948143959,0.2716990636316938,1.2534442070328695
-30.099999487400055,-29.74999948218465,0.29244289742777607,1.2317821276628513
-30.099999487400055,-29.799999482929707,0.2716990636316938,1.2534442070328695
-30.049999486654997,-29.849999483674765,0.29244289742777607,1.2317821276628513
-30.049999486654997,-29.899999484419823,0.2716990636316938,1.2534442070328695
-29.99999948590994,-29.94999948516488,0.29244289742777607,1.2317821276628513
-29.99999948590994,-29.99999948590994,0.2716990636316938,1.2534442070328695
-29.94999948516488,-30.049999486654997,0.29244289742777607,1.2317821276628513
-29.94999948516488,-30.099999487400055,0.2716990636316938,1.2534442070328695
-29.899999484419823,-30.149999488145113,0.29244289742777607,1.2317821276628513
-29.899999484419823,-30.19999948889017,0.2716990636316938,1.2534442070328695
-29.849999483674765,-30.24999948963523,0.29244289742777607,1.2317821276628513
-29.849999483674765,-30.299999490380287,0.2716990636316938,1.2534442070328695
-29.799999482929707,-30.349999491125345,0.29244289742777607,1.2317821276628513
-29.799999482929707,-30.399999491870403,0.2716990636316938,1.2534442070328695
-29.74999948218465,-30.44999949261546,0.29244289742777607,1.2317821276628513
-29.74999948218465,-30.49999949336052,0.2716990636316938,1.2534442070328695
-29.69999948143959,-30.549999494105577,0.29244289742777607,1.2317821276628513
-29.69999948143959,-30.599999494850636,0.2716990636316938,1.2534442070328695
-29.649999480694532,-30.649999495595694,0.29244289742777607,1.2317821276628513
-29.649999480694532,-30.69999949634075,0.2716990636316938,1.2534442070328695
-29.599999479949474,-30.74999949708581,0.29244289742777607,1.2317821276628513
-29.599999479949474,-30.799999497830868,0.2716990636316938,1.2534442070328695
-29.549999479204416,-30.849999498575926,0.29244289742777607,1.2317821276628513
-29.549999479204416,-30.899999499320984,0.2716990636316938,1.2534442070328695
-29.499999478459358,-30.949999500066042,0.29244289742777607,1.2317821276628513
-29.499999478459358,-30.9999995008111,0.26097722973374027,1.2534442070328695
-29.4499994777143,-31.049999501556158,0.2716990636316938,1.2317821276628513
-29.4499994777143,-31.099999502301216,0.24721360216395982,1.2534442070328695
-29.399999476969242,-31.149999503046274,0.2716990636316938,1.2317821276628513
-29.399999476969242,-31.199999503791332,0.24721360216395982,1.2534442070328695
-29.349999476224184,-31.24999950453639,0.2716990636316938,1.2317821276628513
-29.349999476224184,-31.29999950528145,0.24721360216395982,1.2534442070328695
-29.299999475479126,-31.349999506026506,0.2716990636316938,1.2317821276628513
-29.299999475479126,-31.399999506771564,0.24721360216395982,1.2534442070328695
-29.249999474734068,-31.449999507516623,0.2716990636316938,1.2317821276628513
-29.249999474734068,-31.49999950826168,0.24721360216395982,1.2534442070328695
-29.19999947398901,-31.54999950900674,0.2716990636316938,1.2317821276628513
-29.19999947398901,-31.599999509751797,0.24721360216395982,1.2534442070328695
-29.149999473243952,-31.649999510496855,0.2716990636316938,1.2317821276628513
-29.149999473243952,-31.699999511241913,0.24721360216395982,1.2534442070328695
-29.099999472498894,-31.74999951198697,0.2716990636316938,1.2317821276628513
-29.099999472498894,-31.79999951273203,0.24721360216395982,1.2534442070328695
-29.049999471753836,-31.849999513477087,0.2716990636316938,1.2317821276628513
-29.049999471753836,-31.899999514222145,0.24721360216395982,1.2534442070328695
-28.999999471008778,-31.949999514967203,0.2716990636316938,1.2326548995376616
-28.999999471008778,-31.99999951571226,0.24721360216395982,1.2577379954333137
-28.89999946951866,-32.09999951720238,0.29244289742777607,1.2300349859166906
-28.89999946951866,-32.149999517947435,0.2716990636316938,1.2534442070328695
-28.849999468773603,-32.19999951869249,0.29244289742777607,1.2317821276628513
-28.849999468773603,-32.24999951943755,0.2716990636316938,1.2534442070328695
-28.799999468028545,-32.29999952018261,0.29244289742777607,1.2317821276628513
-28.799999468028545,-32.34999952092767,0.2716990636316938,1.2534442070328695
-28.749999467283487,-32.399999521672726,0.29244289742777607,1.2317821276628513
-28.749999467283487,-32.449999522417784,0.2716990636316938,1.2534442070328695
-28.69999946653843,-32.49999952316284,0.29244289742777607,1.2317821276628513
-28.69999946653843,-32.5499995239079,0.2716990636316938,1.2534442070328695
-28.64999946579337,-32.59999952465296,0.29244289742777607,1.2317821276628513
-28.64999946579337,-32.649999525398016,0.2716990636316938,1.2534442070328695
-28.599999465048313,-32.699999526143074,0.29244289742777607,1.2317821276628513
-28.599999465048313,-32.74999952688813,0.2716990636316938,1.2534442070328695
-28.549999464303255,-32.79999952763319,0.29244289742777607,1.2317821276628513
-28.549999464303255,-32.84999952837825,0.2716990636316938,1.2534442070328695
-28.499999463558197,-32.899999529123306,0.29244289742777607,1.2317821276628513
-28.499999463558197,-32.949999529868364,0.2716990636316938,1.2534442070328695
-28.44999946281314,-32.99999953061342,0.29244289742777607,1.2317821276628513
-28.44999946281314,-33.04999953135848,0.2716990636316938,1.2534442070328695
-28.39999946206808,-33.09999953210354,0.29244289742777607,1.2317821276628513
-28.39999946206808,-33.1499995328486,0.2716990636316938,1.2534442070328695
-28.349999461323023,-33.199999533593655,0.29244289742777607,1.2317821276628513
-28.349999461323023,-33.24999953433871,0.2716990636316938,1.2534442070328695
-28.299999460577965,-33.29999953508377,0.29244289742777607,1.2317821276628513
-28.299999460577965,-33.34999953582883,0.2716990636316938,1.2534442070328695
-28.249999459832907,-33.39999953657389,0.29244289742777607,1.2317821276628513
-28.249999459832907,-33.449999537318945,0.26097722973374027,1.2534442070328695
-28.19999945908785,-33.499999538064,0.2716990636316938,1.2317821276628513
-28.19999945908785,-33.54999953880906,0.24721360216395982,1.2534442070328695
-28.14999945834279,-33.59999953955412,0.2716990636316938,1.2317821276628513
-28.14999945834279,-33.64999954029918,0.24721360216395982,1.2534442070328695
-28.099999457597733,-33.699999541044235,0.2716990636316938,1.2317821276628513
-28.099999457597733,-33.74999954178929,0.24721360216395982,1.2534442070328695
-28.049999456852674,-33.79999954253435,0.2716990636316938,1.2317821276628513
-28.049999456852674,-33.84999954327941,0.24721360216395982,1.2534442070328695
-27.999999456107616,-33.89999954402447,0.2716990636316938,1.2317821276628513
-27.999999456107616,-33.949999544769526,0.24721360216395982,1.2534442070328695
-27.94999945536256,-33.999999545514584,0.2716990636316938,1.2317821276628513
-27.94999945536256,-34.04999954625964,0.24721360216395982,1.2534442070328695
-27.8999994546175,-34.0999995470047,0.2716990636316938,1.2317821276628513
-27.8999994546175,-34.14999954774976,0.24721360216395982,1.2534442070328695
-27.849999453872442,-34.199999548494816,0.2716990636316938,1.2317821276628513
-27.849999453872442,-34.249999549239874,0.24721360216395982,1.2534442070328695
-27.799999453127384,-34.29999954998493,0.2716990636316938,1.2317821276628513
-27.799999453127384,-34.34999955072999,0.24721360216395982,1.2534442070328695
-27.749999452382326,-34.39999955147505,0.2716990636316938,1.2326548995376616
-27.749999452382326,-34.449999552220106,0.24721360216395982,1.2577379954333137
-27.64999945089221,-34.54999955371022,0.29244289742777607,1.2300349859166906
-27.64999945089221,-34.59999955445528,0.2716990636316938,1.2534442070328695
-27.599999450147152,-34.64999955520034,0.29244289742777607,1.2317821276628513
-27.599999450147152,-34.699999555945396,0.2716990636316938,1.2534442070328695
-27.549999449402094,-34.749999556690454,0.29244289742777607,1.2317821276628513
-27.549999449402094,-34.79999955743551,0.2716990636316938,1.2534442070328695
-27.499999448657036,-34.84999955818057,0.29244289742777607,1.2317821276628513
-27.499999448657036,-34.89999955892563,0.2716990636316938,1.2534442070328695
-27.449999447911978,-34.94999955967069,0.29244289742777607,1.2317821276628513
-27.449999447911978,-34.999999560415745,0.2716990636316938,1.2534442070328695
-27.39999944716692,-35.0499995611608,0.29244289742777607,1.2317821276628513
-27.39999944716692,-35.09999956190586,0.2716990636316938,1.2534442070328695
-27.34999944642186,-35.14999956265092,0.29244289742777607,1.2317821276628513
-27.34999944642186,-35.19999956339598,0.2716990636316938,1.2534442070328695
-27.299999445676804,-35.249999564141035,0.29244289742777607,1.2317821276628513
-27.299999445676804,-35.29999956488609,0.2716990636316938,1.2534442070328695
-27.249999444931746,-35.34999956563115,0.29244289742777607,1.2317821276628513
-27.249999444931746,-35.39999956637621,0.2716990636316938,1.2534442070328695
-27.199999444186687,-35.44999956712127,0.29244289742777607,1.2317821276628513
-27.199999444186687,-35.499999567866325,0.2716990636316938,1.2534442070328695
-27.14999944344163,-35.54999956861138,0.29244289742777607,1.2317821276628513
-27.14999944344163,-35.59999956935644,0.2716990636316938,1.2534442070328695
-27.09999944269657,-35.6499995701015,0.29244289742777607,1.2317821276628513
-27.09999944269657,-35.69999957084656,0.2716990636316938,1.2534442070328695
-27.049999441951513,-35.749999571591616,0.29244289742777607,1.2317821276628513
-27.049999441951513,-35.799999572336674,0.2716990636316938,1.2534442070328695
-26.999999441206455,-35.84999957308173,0.29244289742777607,1.2317821276628513
-26.999999441206455,-35.89999957382679,0.26097722973374027,1.2534442070328695
-26.949999440461397,-35.94999957457185,0.2716990636316938,1.2317821276628513
-26.949999440461397,-35.999999575316906,0.24721360216395982,1.2534442070328695
-26.89999943971634,-36.049999576061964,0.2716990636316938,1.2317821276628513
-26.89999943971634,-36.09999957680702,0.24721360216395982,1.2534442070328695
-26.84999943897128,-36.14999957755208,0.2716990636316938,1.2317821276628513
-26.84999943897128,-36.19999957829714,0.24721360216395982,1.2534442070328695
-26.799999438226223,-36.249999579042196,0.2716990636316938,1.2317821276628513
-26.799999438226223,-36.299999579787254,0.24721360216395982,1.2534442070328695
-26.749999437481165,-36.34999958053231,0.2716990636316938,1.2317821276628513
-26.749999437481165,-36.39999958127737,0.24721360216395982,1.2534442070328695
-26.699999436736107,-36.44999958202243,0.2716990636316938,1.2317821276628513
-26.699999436736107,-36.49999958276749,0.24721360216395982,1.2534442070328695
-26.64999943599105,-36.549999583512545,0.2716990636316938,1.2317821276628513
-26.64999943599105,-36.5999995842576,0.24721360216395982,1.2534442070328695
-26.59999943524599,-36.64999958500266,0.2716990636316938,1.2317821276628513
-26.59999943524599,-36.69999958574772,0.24721360216395982,1.2534442070328695
-26.549999434500933,-36.74999958649278,0.2716990636316938,1.2317821276628513
-26.549999434500933,-36.799999587237835,0.24721360216395982,1.2534442070328695
-26.499999433755875,-36.84999958798289,0.2716990636316938,1.2326548995376616
-26.499999433755875,-36.89999958872795,0.24721360216395982,1.2577379954333137
-26.39999943226576,-36.99999959021807,0.29244289742777607,1.2300349859166906
-26.39999943226576,-37.049999590963125,0.2716990636316938,1.2534442070328695
-26.3499994315207,-37.09999959170818,0.29244289742777607,1.2317821276628513
-26.3499994315207,-37.14999959245324,0.2716990636316938,1.2534442070328695
-26.299999430775642,-37.1999995931983,0.29244289742777607,1.2317821276628513
-26.299999430775642,-37.24999959394336,0.2716990636316938,1.2534442070328695
-26.249999430030584,-37.299999594688416,0.29244289742777607,1.2317821276628513
-26.249999430030584,-37.349999595433474,0.2716990636316938,1.2534442070328695
-26.199999429285526,-37.39999959617853,0.29244289742777607,1.2317821276628513
-26.199999429285526,-37.44999959692359,0.2716990636316938,1.2534442070328695
-26.149999428540468,-37.49999959766865,0.29244289742777607,1.2317821276628513
-26.149999428540468,-37.549999598413706,0.2716990636316938,1.2534442070328695
-26.09999942779541,-37.599999599158764,0.29244289742777607,1.2317821276628513
-26.09999942779541,-37.64999959990382,0.2716990636316938,1.2534442070328695
-26.049999427050352,-37.69999960064888,0.29244289742777607,1.2317821276628513
-26.049999427050352,-37.74999960139394,0.2716990636316938,1.2534442070328695
-25.999999426305294,-37.799999602138996,0.29244289742777607,1.2317821276628513
-25.999999426305294,-37.849999602884054,0.2716990636316938,1.2534442070328695
-25.949999425560236,-37.89999960362911,0.29244289742777607,1.2317821276628513
-25.949999425560236,-37.94999960437417,0.2716990636316938,1.2534442070328695
-25.899999424815178,-37.99999960511923,0.29244289742777607,1.2317821276628513
-25.899999424815178,-38.049999605864286,0.2716990636316938,1.2534442070328695
-25.84999942407012,-38.099999606609344,0.29244289742777607,1.2317821276628513
-25.84999942407012,-38.1499996073544,0.2716990636316938,1.2534442070328695
-25.799999423325062,-38.19999960809946,0.29244289742777607,1.2317821276628513
-25.799999423325062,-38.24999960884452,0.2716990636316938,1.2534442070328695
-25.749999422580004,-38.29999960958958,0.29244289742777607,1.2317821276628513
-25.749999422580004,-38.349999610334635,0.26097722973374027,1.2534442070328695
-25.699999421834946,-38.39999961107969,0.2716990636316938,1.2317821276628513
-25.699999421834946,-38.44999961182475,0.24721360216395982,1.2534442070328695
-25.649999421089888,-38.49999961256981,0.2716990636316938,1.2317821276628513
-25.649999421089888,-38.54999961331487,0.24721360216395982,1.2534442070328695
-25.59999942034483,-38.599999614059925,0.2716990636316938,1.2317821276628513
-25.59999942034483,-38.64999961480498,0.24721360216395982,1.2534442070328695
-25.54999941959977,-38.69999961555004,0.2716990636316938,1.2317821276628513
-25.54999941959977,-38.7499996162951,0.24721360216395982,1.2534442070328695
-25.499999418854713,-38.79999961704016,0.2716990636316938,1.2317821276628513
-25.499999418854713,-38.849999617785215,0.24721360216395982,1.2534442070328695
-25.449999418109655,-38.89999961853027,0.2716990636316938,1.2317821276628513
-25.449999418109655,-38.94999961927533,0.24721360216395982,1.2534442070328695
-25.399999417364597,-38.99999962002039,0.2716990636316938,1.2317821276628513
-25.399999417364597,-39.04999962076545,0.24721360216395982,1.2534442070328695
-25.34999941661954,-39.099999621510506,0.2716990636316938,1.2317821276628513
-25.34999941661954,-39.149999622255564,0.24721360216395982,1.2534442070328695
-25.29999941587448,-39.19999962300062,0.2716990636316938,1.2317821276628513
-25.29999941587448,-39.24999962374568,0.24721360216395982,1.2534442070328695
-25.249999415129423,-39.29999962449074,0.2716990636316938,1.2326548995376616
-25.249999415129423,-39.349999625235796,0.24721360216395982,1.2577379954333137
-25.149999413639307,-39.44999962672591,0.29244289742777607,1.2300349859166906
-25.149999413639307,-39.49999962747097,0.2716990636316938,1.2534442070328695
-25.09999941289425,-39.54999962821603,0.29244289742777607,1.2317821276628513
-25.09999941289425,-39.599999628961086,0.2716990636316938,1.2534442070328695
-25.04999941214919,-39.649999629706144,0.29244289742777607,1.2317821276628513
-25.04999941214919,-39.6999996304512,0.2716990636316938,1.2534442070328695
-24.999999411404133,-39.74999963119626,0.29244289742777607,1.2317821276628513
-24.999999411404133,-39.79999963194132,0.2716990636316938,1.2534442070328695
-24.949999410659075,-39.84999963268638,0.29244289742777607,1.2317821276628513
-24.949999410659075,-39.899999633431435,0.2716990636316938,1.2534442070328695
-24.899999409914017,-39.94999963417649,0.29244289742777607,1.2317821276628513
-24.899999409914017,-39.99999963492155,0.2716990636316938,1.2534442070328695
-24.84999940916896,-40.04999963566661,0.29244289742777607,1.2317821276628513
-24.84999940916896,-40.09999963641167,0.2716990636316938,1.2534442070328695
-24.7999994084239,-40.149999637156725,0.29244289742777607,1.2317821276628513
-24.7999994084239,-40.19999963790178,0.2716990636316938,1.2534442070328695
-24.749999407678843,-40.24999963864684,0.29244289742777607,1.2317821276628513
-24.749999407678843,-40.2999996393919,0.2716990636316938,1.2534442070328695
-24.699999406933784,-40.34999964013696,0.29244289742777607,1.2317821276628513
-24.699999406933784,-40.399999640882015,0.2716990636316938,1.2534442070328695
-24.649999406188726,-40.44999964162707,0.29244289742777607,1.2317821276628513
-24.649999406188726,-40.49999964237213,0.2716990636316938,1.2534442070328695
-24.59999940544367,-40.54999964311719,0.29244289742777607,1.2317821276628513
-24.59999940544367,-40.59999964386225,0.2716990636316938,1.2534442070328695
-24.54999940469861,-40.649999644607306,0.29244289742777607,1.2317821276628513
-24.54999940469861,-40.699999645352364,0.2716990636316938,1.2534442070328695
-24.499999403953552,-40.74999964609742,0.29244289742777607,1.2317821276628513
-24.499999403953552,-40.79999964684248,0.26097722973374027,1.2534442070328695
-24.449999403208494,-40.84999964758754,0.2716990636316938,1.2317821276628513
-24.449999403208494,-40.899999648332596,0.24721360216395982,1.2534442070328695
-24.399999402463436,-40.949999649077654,0.2716990636316938,1.2317821276628513
-24.399999402463436,-40.99999964982271,0.24721360216395982,1.2534442070328695
-24.349999401718378,-41.04999965056777,0.2716990636316938,1.2317821276628513
-24.349999401718378,-41.09999965131283,0.24721360216395982,1.2534442070328695
-24.29999940097332,-41.149999652057886,0.2716990636316938,1.2317821276628513
-24.29999940097332,-41.199999652802944,0.24721360216395982,1.2534442070328695
-24.249999400228262,-41.249999653548,0.2716990636316938,1.2317821276628513
-24.249999400228262,-41.29999965429306,0.24721360216395982,1.2534442070328695
-24.199999399483204,-41.34999965503812,0.2716990636316938,1.2317821276628513
-24.199999399483204,-41.399999655783176,0.24721360216395982,1.2534442070328695
-24.149999398738146,-41.449999656528234,0.2716990636316938,1.2317821276628513
-24.149999398738146,-41.49999965727329,0.24721360216395982,1.2534442070328695
-24.099999397993088,-41.54999965801835,0.2716990636316938,1.2317821276628513
-24.099999397993088,-41.59999965876341,0.24721360216395982,1.2534442070328695
-24.04999939724803,-41.64999965950847,0.2716990636316938,1.2317821276628513
-24.04999939724803,-41.699999660253525,0.24721360216395982,1.2534442070328695
-23.99999939650297,-41.74999966099858,0.2716990636316938,1.2326548995376616
-23.99999939650297,-41.79999966174364,0.24721360216395982,1.2577379954333137
-23.899999395012856,-41.89999966323376,0.29244289742777607,1.2300349859166906
-23.899999395012856,-41.949999663978815,0.2716990636316938,1.2534442070328695
-23.849999394267797,-41.99999966472387,0.29244289742777607,1.2317821276628513
-23.849999394267797,-42.04999966546893,0.2716990636316938,1.2534442070328695
-23.79999939352274,-42.09999966621399,0.29244289742777607,1.2317821276628513
-23.79999939352274,-42.14999966695905,0.2716990636316938,1.2534442070328695
-23.74999939277768,-42.199999667704105,0.29244289742777607,1.2317821276628513
-23.74999939277768,-42.24999966844916,0.2716990636316938,1.2534442070328695
-23.699999392032623,-42.29999966919422,0.29244289742777607,1.2317821276628513
-23.699999392032623,-42.34999966993928,0.2716990636316938,1.2534442070328695
-23.649999391287565,-42.39999967068434,0.29244289742777607,1.2317821276628513
-23.649999391287565,-42.449999671429396,0.2716990636316938,1.2534442070328695
-23.599999390542507,-42.499999672174454,0.29244289742777607,1.2317821276628513
-23.599999390542507,-42.54999967291951,0.2716990636316938,1.2534442070328695
-23.54999938979745,-42.59999967366457,0.29244289742777607,1.2317821276628513
-23.54999938979745,-42.64999967440963,0.2716990636316938,1.2534442070328695
-23.49999938905239,-42.699999675154686,0.29244289742777607,1.2317821276628513
-23.49999938905239,-42.749999675899744,0.2716990636316938,1.2534442070328695
-23.449999388307333,-42.7999996766448,0.29244289742777607,1.2317821276628513
-23.449999388307333,-42.84999967738986,0.2716990636316938,1.2534442070328695
-23.399999387562275,-42.89999967813492,0.29244289742777607,1.2326548995376616
-23.399999387562275,-42.949999678879976,0.26097722973374027,1.2577379954333137
-23.349999386817217,-42.999999679625034,0.2716990636316938,1.2317821276628513
-23.349999386817217,-43.04999968037009,0.24721360216395982,1.2534442070328695
-23.29999938607216,-43.09999968111515,0.2716990636316938,1.2317821276628513
-23.29999938607216,-43.14999968186021,0.24721360216395982,1.2534442070328695
-23.2499993853271,-43.19999968260527,0.2716990636316938,1.2230249682804948
-23.2499993853271,-43.249999683350325,0.24721360216395982,1.2396180263407768
-23.199999384582043,-43.29999968409538,0.27434165609349825,1.2115594423831848
-23.199999384582043,-43.34999968484044,0.26097722973374027,1.2317821276628513
-23.149999383836985,-43.3999996855855,0.29244289742777607,1.2089003013547874
-23.149999383836985,-43.499999687075615,0.26097722973374027,1.2534442070328695
-23.099999383091927,-43.54999968782067,0.29244289742777607,1.22214628652442
-23.099999383091927,-43.64999968931079,0.26097722973374027,1.2430869904698527
-23.04999938234687,-43.69999969005585,0.29244289742777607,1.2080128050138979
-23.04999938234687,-43.84999969229102,0.25276926365365854,1.2430869904698527
-22.99999938160181,-43.89999969303608,0.3000000074505806,1.2080128050138979
-22.99999938160181,-44.09999969601631,0.25276926365365854,1.256021999552522
-22.949999380856752,-44.14999969676137,0.3000000074505806,1.22214628652442
-22.949999380856752,-44.39999970048666,0.25276926365365854,1.2713939188816938
-22.899999380111694,-44.44999970123172,0.3000000074505806,1.2317821276628513
-22.899999380111694,-44.799999706447124,0.2500000067055225,1.2577379954333137
-22.849999379366636,-44.84999970719218,0.3000000074505806,1.2142135834465193
-22.849999379366636,-45.34999971464276,0.2500000067055225,1.2637281386416934
-22.799999378621578,-45.39999971538782,0.3000000074505806,1.22214628652442
-22.799999378621578,-45.849999722093344,0.2500000067055225,1.2637281386416934
-22.74999937787652,-45.8999997228384,0.3000000074505806,1.22214628652442
-22.74999937787652,-46.24999972805381,0.2500000067055225,1.2637281386416934
-22.699999377131462,-46.299999728798866,0.3000000074505806,1.22214628652442
-22.699999377131462,-46.74999973550439,0.25276926365365854,1.2713939188816938
-22.649999376386404,-46.79999973624945,0.3000000074505806,1.2317821276628513
-22.649999376386404,-47.19999974220991,0.27434165609349825,1.2807093115603727
-22.599999375641346,-47.24999974295497,0.30990195895740963,1.2430869904698527
-22.599999375641346,-47.49999974668026,0.25276926365365854,1.2577379954333137
-22.549999374896288,-47.54999974742532,0.3000000074505806,1.2142135834465193
-22.549999374896288,-47.74999975040555,0.25276926365365854,1.2534442070328695
-22.49999937415123,-47.79999975115061,0.3000000074505806,1.2080128050138979
-22.49999937415123,-47.99999975413084,0.25276926365365854,1.2430869904698527
-22.449999373406172,-48.0499997548759,0.3000000074505806,1.2080128050138979
-22.449999373406172,-48.24999975785613,0.25276926365365854,1.256021999552522
-22.399999372661114,-48.29999975860119,0.3000000074505806,1.22214628652442
-22.399999372661114,-48.44999976083636,0.26097722973374027,1.256021999552522
-22.349999371916056,-48.49999976158142,0.30249378854378534,1.22214628652442
-22.349999371916056,-48.69999976456165,0.25276926365365854,1.2705441388980891
-22.299999371170998,-48.74999976530671,0.3000000074505806,1.2317821276628513
-22.299999371170998,-48.899999767541885,0.26097722973374027,1.2705441388980891
-22.24999937042594,-48.94999976828694,0.30249378854378534,1.2317821276628513
-22.24999937042594,-49.09999977052212,0.27434165609349825,1.2637281386416934
-22.19999936968088,-49.149999771267176,0.30990195895740963,1.22214628652442
-22.19999936968088,-49.24999977275729,0.2716990636316938,1.2430869904698527
-22.149999368935823,-49.29999977350235,0.29244289742777607,1.2080128050138979
-22.149999368935823,-49.399999774992466,0.26097722973374027,1.2317821276628513
-22.099999368190765,-49.449999775737524,0.29244289742777607,1.19463258887978
-22.099999368190765,-49.5999997779727,0.24721360216395982,1.2396180263407768
-22.049999367445707,-49.649999778717756,0.27434165609349825,1.2115594423831848
-22.049999367445707,-49.699999779462814,0.26097722973374027,1.2317821276628513
-21.99999936670065,-49.74999978020787,0.29244289742777607,1.2080128050138979
-21.99999936670065,-49.84999978169799,0.26097722973374027,1.2396180263407768
-21.94999936595559,-49.89999978244305,0.29244289742777607,1.2115594423831848
-21.94999936595559,-49.99999978393316,0.26097722973374027,1.2534442070328695
-21.899999365210533,-50.04999978467822,0.29244289742777607,1.2317821276628513
-21.899999365210533,-50.14999978616834,0.26097722973374027,1.2705441388980891
-21.849999364465475,-50.199999786913395,0.29244289742777607,1.2396180263407768
-21.849999364465475,-50.24999978765845,0.2716990636316938,1.2577379954333137
-21.799999363720417,-50.29999978840351,0.29244289742777607,1.2317821276628513
-21.799999363720417,-50.34999978914857,0.26097722973374027,1.2534442070328695
-21.74999936297536,-50.39999978989363,0.2716990636316938,1.2317821276628513
-21.74999936297536,-50.449999790638685,0.24721360216395982,1.2534442070328695
-21.6999993622303,-50.49999979138374,0.2716990636316938,1.2317821276628513
-21.6999993622303,-50.5499997921288,0.24721360216395982,1.2534442070328695
-21.649999361485243,-50.59999979287386,0.2716990636316938,1.2317821276628513
-21.649999361485243,-50.64999979361892,0.24721360216395982,1.2534442070328695
-21.599999360740185,-50.699999794363976,0.2716990636316938,1.2317821276628513
-21.599999360740185,-50.749999795109034,0.24721360216395982,1.2534442070328695
-21.549999359995127,-50.79999979585409,0.2716990636316938,1.2326548995376616
-21.549999359995127,-50.84999979659915,0.24721360216395982,1.2577379954333137
-21.44999935850501,-50.949999798089266,0.29244289742777607,1.2300349859166906
-21.44999935850501,-50.999999798834324,0.2716990636316938,1.2534442070328695
-21.399999357759953,-51.04999979957938,0.29244289742777607,1.2326548995376616
-21.399999357759953,-51.09999980032444,0.26097722973374027,1.2577379954333137
-21.299999356269836,-51.199999801814556,0.29244289742777607,1.2300349859166906
-21.299999356269836,-51.249999802559614,0.2596194146201188,1.2534442070328695
-21.19999935477972,-51.34999980404973,0.2716990636316938,1.2150971908950816
-21.19999935477972,-51.39999980479479,0.24721360216395982,1.242220531676356
-20.999999351799488,-51.59999980777502,0.2716990636316938,1.2142135834465193
-20.999999351799488,-51.64999980852008,0.24721360216395982,1.2495689230326823
-20.849999349564314,-51.79999981075525,0.2716990636316938,1.221267061533719
-20.849999349564314,-51.84999981150031,0.24721360216395982,1.2534442070328695
-20.19999933987856,-52.499999821186066,0.2596194146201188,1.2534442070328695
-20.1499993391335,-52.499999821186066,0.2949747542062818,1.221267061533719
-19.94999933615327,-52.6999998241663,0.2596194146201188,1.2500000216066838
-19.89999933540821,-52.6999998241663,0.2949747542062818,1.2159802469503793
-19.749999333173037,-52.84999982640147,0.26097722973374027,1.242220531676356
-19.69999933242798,-52.84999982640147,0.29244289742777607,1.2150971908950816
-19.599999330937862,-52.94999982789159,0.26097722973374027,1.2300349859166906
-19.549999330192804,-52.94999982789159,0.29244289742777607,1.2008925934871162
-19.449999328702688,-53.049999829381704,0.26097722973374027,1.2326548995376616
-19.39999932795763,-53.049999829381704,0.29244289742777607,1.2089003013547874
-19.299999326467514,-53.14999983087182,0.26097722973374027,1.242220531676356
-19.249999325722456,-53.14999983087182,0.29244289742777607,1.2150971908950816
-19.199999324977398,-53.19999983161688,0.2716990636316938,1.2326548995376616
-19.14999932423234,-53.19999983161688,0.3000000074505806,1.2089003013547874
-19.099999323487282,-53.24999983236194,0.29244289742777607,1.2317821276628513
-19.049999322742224,-53.24999983236194,0.3147815147201923,1.2089003013547874
-18.949999321252108,-53.34999983385205,0.2716990636316938,1.242220531676356
-18.89999932050705,-53.34999983385205,0.29244289742777607,1.2150971908950816
-18.84999931976199,-53.39999983459711,0.2716990636316938,1.2326548995376616
-18.799999319016933,-53.39999983459711,0.29244289742777607,1.2089003013547874
-18.749999318271875,-53.44999983534217,0.2716990636316938,1.2317821276628513
-18.699999317526817,-53.44999983534217,0.29244289742777607,1.2089003013547874
-18.64999931678176,-53.49999983608723,0.26097722973374027,1.2317821276628513
-18.549999315291643,-53.49999983608723,0.29244289742777607,1.1865424830472975
-18.499999314546585,-53.549999836832285,0.2716990636316938,1.2089003013547874
-18.449999313801527,-53.549999836832285,0.29244289742777607,1.1865424830472975
-18.39999931305647,-53.59999983757734,0.2716990636316938,1.2115594423831848
-18.34999931231141,-53.59999983757734,0.29244289742777607,1.1928388484733279
-18.299999311566353,-53.6499998383224,0.2716990636316938,1.2230249682804948
-18.249999310821295,-53.6499998383224,0.29244289742777607,1.2080128050138979
-18.199999310076237,-53.69999983906746,0.2716990636316938,1.2317821276628513
-18.14999930933118,-53.69999983906746,0.29244289742777607,1.2115594423831848
-18.09999930858612,-53.74999983981252,0.26097722973374027,1.2396180263407768
-17.999999307096004,-53.74999983981252,0.29244289742777607,1.2080128050138979
-17.949999306350946,-53.799999840557575,0.2716990636316938,1.2430869904698527
-17.84999930486083,-53.799999840557575,0.30249378854378534,1.22214628652442
-17.799999304115772,-53.84999984130263,0.26097722973374027,1.256021999552522
-17.699999302625656,-53.84999984130263,0.29244289742777607,1.2230249682804948
-17.649999301880598,-53.89999984204769,0.25276926365365854,1.256021999552522
-17.499999299645424,-53.89999984204769,0.29244289742777607,1.2080128050138979
-17.449999298900366,-53.94999984279275,0.25276926365365854,1.2430869904698527
-17.29999929666519,-53.94999984279275,0.29244289742777607,1.2080128050138979
-17.249999295920134,-53.99999984353781,0.25276926365365854,1.2430869904698527
-17.09999929368496,-53.99999984353781,0.29244289742777607,1.2142135834465193
-17.0499992929399,-54.049999844282866,0.25276926365365854,1.2577379954333137
-16.79999928921461,-54.049999844282866,0.3000000074505806,1.22214628652442
-16.749999288469553,-54.099999845027924,0.25276926365365854,1.2637281386416934
-16.149999279528856,-54.099999845027924,0.30990195895740963,1.2500000216066838
-16.099999278783798,-54.14999984577298,0.27434165609349825,1.3000000223517418
-15.899999275803566,-54.14999984577298,0.27434165609349825,1.3000000223517418
-15.849999275058508,-54.099999845027924,0.30990195895740963,1.2500000216066838
-15.199999265372753,-54.099999845027924,0.25276926365365854,1.2637281386416934
-15.149999264627695,-54.049999844282866,0.3000000074505806,1.22214628652442
-14.949999261647463,-54.049999844282866,0.25276926365365854,1.2577379954333137
-14.899999260902405,-53.99999984353781,0.29244289742777607,1.2142135834465193
-14.74999925866723,-53.99999984353781,0.25276926365365854,1.2430869904698527
-14.699999257922173,-53.94999984279275,0.3000000074505806,1.2080128050138979
-14.599999256432056,-53.94999984279275,0.2716990636316938,1.2396180263407768
-14.549999255686998,-53.89999984204769,0.29244289742777607,1.2115594423831848
-14.449999254196882,-53.89999984204769,0.26097722973374027,1.2534442070328695
-14.399999253451824,-53.84999984130263,0.29244289742777607,1.2230249682804948
-14.349999252706766,-53.84999984130263,0.2716990636316938,1.2396180263407768
-14.299999251961708,-53.799999840557575,0.29244289742777607,1.2080128050138979
-14.199999250471592,-53.799999840557575,0.26097722973374027,1.2396180263407768
-14.149999249726534,-53.74999983981252,0.29244289742777607,1.2115594423831848
-14.099999248981476,-53.74999983981252,0.2716990636316938,1.2317821276628513
-14.049999248236418,-53.69999983906746,0.29244289742777607,1.2089003013547874
-13.99999924749136,-53.69999983906746,0.27434165609349825,1.2317821276628513
-13.949999246746302,-53.6499998383224,0.30990195895740963,1.2089003013547874
-13.899999246001244,-53.6499998383224,0.29244289742777607,1.2317821276628513
-13.849999245256186,-53.59999983757734,0.3147815147201923,1.2089003013547874
-13.799999244511127,-53.59999983757734,0.29244289742777607,1.2317821276628513
-13.74999924376607,-53.549999836832285,0.3147815147201923,1.2089003013547874
-13.699999243021011,-53.549999836832285,0.29244289742777607,1.2317821276628513
-13.649999242275953,-53.49999983608723,0.3000000074505806,1.2089003013547874
-13.599999241530895,-53.49999983608723,0.2716990636316938,1.2326548995376616
-13.549999240785837,-53.44999983534217,0.29244289742777607,1.2150971908950816
-13.49999924004078,-53.44999983534217,0.2716990636316938,1.242220531676356
-13.399999238550663,-53.34999983385205,0.3147815147201923,1.2089003013547874
-13.349999237805605,-53.34999983385205,0.29244289742777607,1.2317821276628513
-13.299999237060547,-53.299999833106995,0.3000000074505806,1.2089003013547874
-13.249999236315489,-53.299999833106995,0.2716990636316938,1.2317821276628513
-13.19999923557043,-53.24999983236194,0.29244289742777607,1.2089003013547874
-13.149999234825373,-53.24999983236194,0.2716990636316938,1.2317821276628513
-13.099999234080315,-53.19999983161688,0.29244289742777607,1.2089003013547874
-13.049999233335257,-53.19999983161688,0.26097722973374027,1.2326548995376616
-12.94999923184514,-53.09999983012676,0.29244289742777607,1.2008925934871162
-12.899999231100082,-53.09999983012676,0.2716990636316938,1.2300349859166906
-12.849999230355024,-53.049999829381704,0.29244289742777607,1.2089003013547874
-12.799999229609966,-53.049999829381704,0.2716990636316938,1.2317821276628513
-12.749999228864908,-52.999999828636646,0.29244289742777607,1.2089003013547874
-12.69999922811985,-52.999999828636646,0.26097722973374027,1.2317821276628513
-12.599999226629734,-52.89999982714653,0.29244289742777607,1.1865424830472975
-12.549999225884676,-52.89999982714653,0.2716990636316938,1.2089003013547874
-12.499999225139618,-52.84999982640147,0.29244289742777607,1.1892444196463352
-12.44999922439456,-52.84999982640147,0.2716990636316938,1.2150971908950816
-12.399999223649502,-52.799999825656414,0.29244289742777607,1.2008925934871162
-12.349999222904444,-52.799999825656414,0.26097722973374027,1.2300349859166906
-12.249999221414328,-52.6999998241663,0.29244289742777607,1.2150971908950816
-12.19999922066927,-52.6999998241663,0.2716990636316938,1.242220531676356
-12.099999219179153,-52.59999982267618,0.2949747542062818,1.221267061533719
-12.049999218434095,-52.59999982267618,0.2596194146201188,1.2534442070328695
-11.799999214708805,-52.34999981895089,0.2949747542062818,1.2159802469503793
-11.749999213963747,-52.34999981895089,0.2596194146201188,1.2500000216066838
-11.549999210983515,-52.14999981597066,0.29244289742777607,1.2159802469503793
-11.499999210238457,-52.14999981597066,0.2596194146201188,1.2500000216066838
-11.249999206513166,-51.89999981224537,0.29244289742777607,1.2142135834465193
-11.199999205768108,-51.89999981224537,0.2596194146201188,1.242220531676356
-10.949999202042818,-51.64999980852008,0.29244289742777607,1.2142135834465193
-10.89999920129776,-51.64999980852008,0.2596194146201188,1.2495689230326823
-10.599999196827412,-51.34999980404973,0.2949747542062818,1.221267061533719
-10.549999196082354,-51.34999980404973,0.2596194146201188,1.2534442070328695
-9.84999918565154,-50.64999979361892,0.29244289742777607,1.2142135834465193
-9.799999184906483,-50.64999979361892,0.2596194146201188,1.2495689230326823
-8.84999917075038,-49.699999779462814,0.29244289742777607,1.2142135834465193
-8.799999170005322,-49.699999779462814,0.2596194146201188,1.2495689230326823
-7.849999155849218,-48.74999976530671,0.29244289742777607,1.2142135834465193
-7.79999915510416,-48.74999976530671,0.2596194146201188,1.2495689230326823
-6.849999140948057,-47.79999975115061,0.2949747542062818,1.2495689230326823
-6.799999140202999,-47.79999975115061,0.2596194146201188,1.2849242626188453
-6.399999134242535,-47.399999745190144,0.2596194146201188,1.2849242626188453
-6.399999134242535,-47.349999744445086,0.2949747542062818,1.2495689230326823
-4.149999100714922,-45.09999971091747,0.2596194146201188,1.2849242626188453
-4.149999100714922,-45.049999710172415,0.2949747542062818,1.2495689230326823
-1.749999064952135,-42.64999967440963,0.2949747542062818,1.2495689230326823
-1.699999064207077,-42.64999967440963,0.2596194146201188,1.2849242626188453
-1.3499990589916706,-42.29999966919422,0.2596194146201188,1.2849242626188453
-1.3499990589916706,-42.24999966844916,0.2949747542062818,1.2495689230326823
-0.9499990530312061,-41.8499996624887,0.2596194146201188,1.2534442070328695
-0.9499990530312061,-41.79999966174364,0.2949747542062818,1.221267061533719
-0.4999990463256836,-41.34999965503812,0.2596194146201188,1.2534442070328695
-0.4999990463256836,-41.29999965429306,0.2949747542062818,1.221267061533719
-0.049999039620161057,-40.84999964758754,0.2596194146201188,1.2534442070328695
-0.049999039620161057,-40.79999964684248,0.2949747542062818,1.221267061533719
0.4000009670853615,-40.34999964013696,0.2596194146201188,1.2534442070328695
0.4000009670853615,-40.2999996393919,0.2949747542062818,1.221267061533719
0.850000973790884,-39.84999963268638,0.2596194146201188,1.2534442070328695
0.850000973790884,-39.79999963194132,0.2949747542062818,1.221267061533719
1.3000009804964066,-39.349999625235796,0.2596194146201188,1.2534442070328695
1.3000009804964066,-39.29999962449074,0.2949747542062818,1.221267061533719
1.750000987201929,-38.849999617785215,0.2596194146201188,1.2534442070328695
1.750000987201929,-38.79999961704016,0.2949747542062818,1.221267061533719
2.2000009939074516,-38.349999610334635,0.2596194146201188,1.2534442070328695
2.2000009939074516,-38.29999960958958,0.2949747542062818,1.221267061533719
2.650001000612974,-37.849999602884054,0.2596194146201188,1.260308208411311
2.650001000612974,-37.799999602138996,0.2949747542062818,1.2300349859166906
3.1000010073184967,-37.349999595433474,0.2596194146201188,1.260308208411311
3.1000010073184967,-37.299999594688416,0.2949747542062818,1.2300349859166906
3.5500010140240192,-36.84999958798289,0.2596194146201188,1.260308208411311
3.5500010140240192,-36.799999587237835,0.2949747542062818,1.2300349859166906
4.000001020729542,-36.34999958053231,0.2596194146201188,1.260308208411311
4.000001020729542,-36.299999579787254,0.2949747542062818,1.2300349859166906
4.400001026690006,-35.89999957382679,0.2596194146201188,1.2534442070328695
4.400001026690006,-35.84999957308173,0.2949747542062818,1.221267061533719
4.850001033395529,-35.39999956637621,0.2596194146201188,1.2534442070328695
4.850001033395529,-35.34999956563115,0.2949747542062818,1.221267061533719
5.300001040101051,-34.89999955892563,0.2596194146201188,1.2534442070328695
5.300001040101051,-34.84999955818057,0.2949747542062818,1.221267061533719
5.750001046806574,-34.39999955147505,0.2596194146201188,1.2534442070328695
5.750001046806574,-34.34999955072999,0.2949747542062818,1.221267061533719
6.200001053512096,-33.89999954402447,0.2596194146201188,1.2534442070328695
6.200001053512096,-33.84999954327941,0.2949747542062818,1.221267061533719
6.650001060217619,-33.39999953657389,0.2596194146201188,1.2534442070328695
6.650001060217619,-33.34999953582883,0.2949747542062818,1.221267061533719
7.1000010669231415,-32.899999529123306,0.2596194146201188,1.2534442070328695
7.1000010669231415,-32.84999952837825,0.2949747542062818,1.221267061533719
7.550001073628664,-32.399999521672726,0.2596194146201188,1.2534442070328695
7.550001073628664,-32.34999952092767,0.2949747542062818,1.221267061533719
8.000001080334187,-31.899999514222145,0.2596194146201188,1.260308208411311
8.000001080334187,-31.849999513477087,0.2949747542062818,1.2300349859166906
8.450001087039709,-31.399999506771564,0.2596194146201188,1.260308208411311
8.450001087039709,-31.349999506026506,0.2949747542062818,1.2300349859166906
8.900001093745232,-30.899999499320984,0.2596194146201188,1.260308208411311
8.900001093745232,-30.849999498575926,0.2949747542062818,1.2300349859166906
9.350001100450754,-30.399999491870403,0.2596194146201188,1.260308208411311
9.350001100450754,-30.349999491125345,0.2949747542062818,1.2300349859166906
9.750001106411219,-29.94999948516488,0.2596194146201188,1.2534442070328695
9.750001106411219,-29.899999484419823,0.2949747542062818,1.221267061533719
10.200001113116741,-29.4499994777143,0.2596194146201188,1.2534442070328695
10.200001113116741,-29.399999476969242,0.2949747542062818,1.221267061533719
10.650001119822264,-28.94999947026372,0.2596194146201188,1.2534442070328695
10.650001119822264,-28.89999946951866,0.2949747542062818,1.221267061533719
11.100001126527786,-28.44999946281314,0.2596194146201188,1.2534442070328695
11.100001126527786,-28.39999946206808,0.2949747542062818,1.221267061533719
11.550001133233309,-27.94999945536256,0.2596194146201188,1.2534442070328695
11.550001133233309,-27.8999994546175,0.2949747542062818,1.221267061533719
12.000001139938831,-27.449999447911978,0.2596194146201188,1.2534442070328695
12.000001139938831,-27.39999944716692,0.2949747542062818,1.221267061533719
12.450001146644354,-26.949999440461397,0.2596194146201188,1.2534442070328695
12.450001146644354,-26.89999943971634,0.2949747542062818,1.221267061533719
12.900001153349876,-26.449999433010817,0.2596194146201188,1.2534442070328695
12.900001153349876,-26.39999943226576,0.2949747542062818,1.221267061533719
13.350001160055399,-25.949999425560236,0.2596194146201188,1.260308208411311
13.350001160055399,-25.899999424815178,0.2949747542062818,1.2300349859166906
13.800001166760921,-25.449999418109655,0.2596194146201188,1.260308208411311
13.800001166760921,-25.399999417364597,0.2949747542062818,1.2300349859166906
14.250001173466444,-24.949999410659075,0.2596194146201188,1.260308208411311
14.250001173466444,-24.899999409914017,0.2949747542062818,1.2300349859166906
14.700001180171967,-24.449999403208494,0.2596194146201188,1.260308208411311
14.700001180171967,-24.399999402463436,0.2949747542062818,1.2300349859166906
15.100001186132431,-23.99999939650297,0.2596194146201188,1.2534442070328695
15.100001186132431,-23.949999395757914,0.2949747542062818,1.221267061533719
15.550001192837954,-23.49999938905239,0.2596194146201188,1.2534442070328695
15.550001192837954,-23.449999388307333,0.2949747542062818,1.221267061533719
16.000001199543476,-22.99999938160181,0.2596194146201188,1.2534442070328695
16.000001199543476,-22.949999380856752,0.2949747542062818,1.221267061533719
16.450001206249,-22.49999937415123,0.2596194146201188,1.2534442070328695
16.450001206249,-22.449999373406172,0.2949747542062818,1.221267061533719
16.90000121295452,-21.99999936670065,0.2596194146201188,1.2534442070328695
16.90000121295452,-21.94999936595559,0.2949747542062818,1.221267061533719
17.350001219660044,-21.49999935925007,0.2596194146201188,1.2534442070328695
17.350001219660044,-21.44999935850501,0.2949747542062818,1.221267061533719
17.800001226365566,-20.999999351799488,0.2596194146201188,1.2534442070328695
17.800001226365566,-20.94999935105443,0.2949747542062818,1.221267061533719
18.25000123307109,-20.499999344348907,0.2596194146201188,1.2534442070328695
18.25000123307109,-20.44999934360385,0.2949747542062818,1.221267061533719
18.70000123977661,-19.999999336898327,0.2596194146201188,1.260308208411311
18.70000123977661,-19.94999933615327,0.2949747542062818,1.2300349859166906
19.150001246482134,-19.499999329447746,0.2596194146201188,1.260308208411311
19.150001246482134,-19.449999328702688,0.2949747542062818,1.2300349859166906
19.600001253187656,-18.999999321997166,0.2596194146201188,1.260308208411311
19.600001253187656,-18.949999321252108,0.2949747542062818,1.2300349859166906
20.05000125989318,-18.499999314546585,0.2596194146201188,1.260308208411311
20.05000125989318,-18.449999313801527,0.2949747542062818,1.2300349859166906
20.5000012665987,-17.999999307096004,0.2949747542062818,1.2495689230326823
20.55000126734376,-17.999999307096004,0.2596194146201188,1.2849242626188453
21.30000127851963,-17.249999295920134,0.29244289742777607,1.1829316892012207
21.35000127926469,-17.249999295920134,0.26097722973374027,1.2159802469503793
21.450001280754805,-17.149999294430017,0.29244289742777607,1.2008925934871162
21.500001281499863,-17.149999294430017,0.26097722973374027,1.2300349859166906
21.60000128298998,-17.0499992929399,0.29244289742777607,1.2159802469503793
21.650001283735037,-17.0499992929399,0.26097722973374027,1.2500000216066838
21.80000128597021,-16.899999290704727,0.3000000074505806,1.221267061533719
21.85000128671527,-16.899999290704727,0.2716990636316938,1.2534442070328695
21.950001288205385,-16.79999928921461,0.3000000074505806,1.2150971908950816
22.000001288950443,-16.79999928921461,0.2716990636316938,1.242220531676356
22.10000129044056,-16.699999287724495,0.2949747542062818,1.2089003013547874
22.150001291185617,-16.699999287724495,0.26097722973374027,1.2317821276628513
22.250001292675734,-16.59999928623438,0.29244289742777607,1.1865424830472975
22.30000129342079,-16.59999928623438,0.2716990636316938,1.2089003013547874
22.35000129416585,-16.54999928548932,0.29244289742777607,1.1892444196463352
22.400001294910908,-16.54999928548932,0.2716990636316938,1.2150971908950816
22.450001295655966,-16.499999284744263,0.29244289742777607,1.2008925934871162
22.500001296401024,-16.499999284744263,0.2716990636316938,1.2300349859166906
22.550001297146082,-16.449999283999205,0.29244289742777607,1.2089003013547874
22.60000129789114,-16.449999283999205,0.2716990636316938,1.2317821276628513
22.650001298636198,-16.399999283254147,0.29244289742777607,1.2089003013547874
22.700001299381256,-16.399999283254147,0.2716990636316938,1.2317821276628513
22.750001300126314,-16.34999928250909,0.29244289742777607,1.2089003013547874
22.800001300871372,-16.34999928250909,0.2716990636316938,1.2326548995376616
22.85000130161643,-16.29999928176403,0.29244289742777607,1.2150971908950816
22.90000130236149,-16.29999928176403,0.2716990636316938,1.242220531676356
23.000001303851604,-16.199999280273914,0.3147815147201923,1.2089003013547874
23.10000130534172,-16.199999280273914,0.27434165609349825,1.2534442070328695
23.15000130608678,-16.149999279528856,0.30990195895740963,1.2230249682804948
23.250001307576895,-16.149999279528856,0.2716990636316938,1.256021999552522
23.300001308321953,-16.099999278783798,0.29244289742777607,1.2230249682804948
23.35000130906701,-16.099999278783798,0.2716990636316938,1.2396180263407768
23.40000130981207,-16.04999927803874,0.29244289742777607,1.2115594423831848
23.450001310557127,-16.04999927803874,0.2716990636316938,1.2317821276628513
23.500001311302185,-15.999999277293682,0.29244289742777607,1.2080128050138979
23.550001312047243,-15.999999277293682,0.2716990636316938,1.2230249682804948
23.6000013127923,-15.949999276548624,0.29244289742777607,1.1928388484733279
23.700001314282417,-15.949999276548624,0.26097722973374027,1.2230249682804948
23.750001315027475,-15.899999275803566,0.29244289742777607,1.1928388484733279
23.85000131651759,-15.899999275803566,0.26097722973374027,1.2230249682804948
23.90000131726265,-15.849999275058508,0.29244289742777607,1.1928388484733279
24.050001319497824,-15.849999275058508,0.25276926365365854,1.2534442070328695
24.10000132024288,-15.79999927431345,0.29244289742777607,1.2230249682804948
24.200001321732998,-15.79999927431345,0.26097722973374027,1.256021999552522
24.250001322478056,-15.749999273568392,0.29244289742777607,1.2230249682804948
24.300001323223114,-15.749999273568392,0.27434165609349825,1.2396180263407768
24.350001323968172,-15.699999272823334,0.30990195895740963,1.2115594423831848
24.500001326203346,-15.699999272823334,0.26097722973374027,1.2705441388980891
24.550001326948404,-15.649999272078276,0.30249378854378534,1.2396180263407768
24.65000132843852,-15.649999272078276,0.27434165609349825,1.2705441388980891
24.70000132918358,-15.599999271333218,0.30990195895740963,1.2317821276628513
24.850001331418753,-15.599999271333218,0.26097722973374027,1.2705441388980891
24.90000133216381,-15.54999927058816,0.30249378854378534,1.2317821276628513
25.000001333653927,-15.54999927058816,0.27434165609349825,1.256021999552522
25.050001334398985,-15.499999269843102,0.30990195895740963,1.2230249682804948
25.1500013358891,-15.499999269843102,0.27434165609349825,1.256021999552522
25.20000133663416,-15.449999269098043,0.30990195895740963,1.22214628652442
25.350001338869333,-15.449999269098043,0.26097722973374027,1.256021999552522
25.40000133961439,-15.399999268352985,0.30249378854378534,1.22214628652442
25.550001341849566,-15.399999268352985,0.26097722973374027,1.256021999552522
25.600001342594624,-15.349999267607927,0.29244289742777607,1.22214628652442
25.750001344829798,-15.349999267607927,0.25276926365365854,1.256021999552522
25.800001345574856,-15.29999926686287,0.29244289742777607,1.2230249682804948
25.900001347064972,-15.29999926686287,0.26097722973374027,1.256021999552522
25.95000134781003,-15.249999266117811,0.30249378854378534,1.22214628652442
26.100001350045204,-15.249999266117811,0.26097722973374027,1.256021999552522
26.150001350790262,-15.199999265372753,0.29244289742777607,1.22214628652442
26.300001353025436,-15.199999265372753,0.25276926365365854,1.256021999552522
26.350001353770494,-15.149999264627695,0.29244289742777607,1.22214628652442
26.50000135600567,-15.149999264627695,0.25276926365365854,1.256021999552522
26.550001356750727,-15.099999263882637,0.29244289742777607,1.22214628652442
26.7000013589859,-15.099999263882637,0.25276926365365854,1.256021999552522
26.75000135973096,-15.049999263137579,0.29244289742777607,1.2230249682804948
26.850001361221075,-15.049999263137579,0.26097722973374027,1.256021999552522
26.900001361966133,-14.999999262392521,0.30249378854378534,1.22214628652442
27.050001364201307,-14.999999262392521,0.26097722973374027,1.256021999552522
27.100001364946365,-14.949999261647463,0.29244289742777607,1.22214628652442
27.25000136718154,-14.949999261647463,0.25276926365365854,1.256021999552522
27.300001367926598,-14.899999260902405,0.29244289742777607,1.22214628652442
27.45000137016177,-14.899999260902405,0.25276926365365854,1.256021999552522
27.50000137090683,-14.849999260157347,0.29244289742777607,1.2230249682804948
27.550001371651888,-14.849999260157347,0.2716990636316938,1.2396180263407768
27.600001372396946,-14.799999259412289,0.29244289742777607,1.2080128050138979
27.700001373887062,-14.799999259412289,0.26097722973374027,1.2396180263407768
27.75000137463212,-14.74999925866723,0.29244289742777607,1.2115594423831848
27.850001376122236,-14.74999925866723,0.26097722973374027,1.2534442070328695
27.900001376867294,-14.699999257922173,0.29244289742777607,1.2230249682804948
27.950001377612352,-14.699999257922173,0.2716990636316938,1.2396180263407768
28.00000137835741,-14.649999257177114,0.29244289742777607,1.2080128050138979
28.100001379847527,-14.649999257177114,0.26097722973374027,1.2396180263407768
28.150001380592585,-14.599999256432056,0.29244289742777607,1.2115594423831848
28.2500013820827,-14.599999256432056,0.26097722973374027,1.2534442070328695
28.30000138282776,-14.549999255686998,0.29244289742777607,1.2230249682804948
28.350001383572817,-14.549999255686998,0.2716990636316938,1.2396180263407768
28.400001384317875,-14.49999925494194,0.29244289742777607,1.2080128050138979
28.50000138580799,-14.49999925494194,0.26097722973374027,1.2396180263407768
28.55000138655305,-14.449999254196882,0.29244289742777607,1.2115594423831848
28.600001387298107,-14.449999254196882,0.27434165609349825,1.2317821276628513
28.650001388043165,-14.399999253451824,0.3000000074505806,1.2089003013547874
28.700001388788223,-14.399999253451824,0.2716990636316938,1.2317821276628513
28.75000138953328,-14.349999252706766,0.29244289742777607,1.2089003013547874
28.80000139027834,-14.349999252706766,0.2716990636316938,1.2317821276628513
28.850001391023397,-14.299999251961708,0.29244289742777607,1.2089003013547874
28.900001391768456,-14.299999251961708,0.2716990636316938,1.2326548995376616
28.950001392513514,-14.24999925121665,0.29244289742777607,1.2150971908950816
29.00000139325857,-14.24999925121665,0.26097722973374027,1.242220531676356
29.100001394748688,-14.149999249726534,0.29244289742777607,1.2089003013547874
29.150001395493746,-14.149999249726534,0.2716990636316938,1.2326548995376616
29.200001396238804,-14.099999248981476,0.29244289742777607,1.2150971908950816
29.250001396983862,-14.099999248981476,0.2716990636316938,1.242220531676356
29.350001398473978,-13.99999924749136,0.3000000074505806,1.2089003013547874
29.400001399219036,-13.99999924749136,0.2716990636316938,1.2326548995376616
29.450001399964094,-13.949999246746302,0.29244289742777607,1.2150971908950816
29.500001400709152,-13.949999246746302,0.2596194146201188,1.242220531676356
29.650001402944326,-13.799999244511127,0.29244289742777607,1.2159802469503793
29.700001403689384,-13.799999244511127,0.2596194146201188,1.2500000216066838
29.950001407414675,-13.549999240785837,0.29244289742777607,1.2159802469503793
30.000001408159733,-13.549999240785837,0.2596194146201188,1.2500000216066838
30.450001414865255,-13.099999234080315,0.2596194146201188,1.2500000216066838
30.450001414865255,-13.049999233335257,0.29244289742777607,1.2159802469503793
30.700001418590546,-12.799999229609966,0.2596194146201188,1.2500000216066838
30.700001418590546,-12.749999228864908,0.2949747542062818,1.2159802469503793
30.85000142082572,-12.599999226629734,0.26097722973374027,1.242220531676356
30.85000142082572,-12.549999225884676,0.29244289742777607,1.2150971908950816
30.950001422315836,-12.44999922439456,0.26097722973374027,1.242220531676356
30.950001422315836,-12.399999223649502,0.29244289742777607,1.2150971908950816
31.000001423060894,-12.349999222904444,0.2716990636316938,1.2300349859166906
31.000001423060894,-12.299999222159386,0.29244289742777607,1.2008925934871162
31.10000142455101,-12.19999922066927,0.26097722973374027,1.2326548995376616
31.10000142455101,-12.149999219924212,0.29244289742777607,1.2089003013547874
31.200001426041126,-12.049999218434095,0.26097722973374027,1.242220531676356
31.200001426041126,-11.999999217689037,0.29244289742777607,1.2150971908950816
31.250001426786184,-11.94999921694398,0.2716990636316938,1.2326548995376616
31.250001426786184,-11.899999216198921,0.29244289742777607,1.2089003013547874
31.300001427531242,-11.849999215453863,0.2716990636316938,1.2317821276628513
31.300001427531242,-11.799999214708805,0.3000000074505806,1.2089003013547874
31.3500014282763,-11.749999213963747,0.27434165609349825,1.2317821276628513
31.3500014282763,-11.699999213218689,0.29244289742777607,1.2089003013547874
31.40000142902136,-11.649999212473631,0.2716990636316938,1.2317821276628513
31.40000142902136,-11.599999211728573,0.29244289742777607,1.2115594423831848
31.450001429766417,-11.549999210983515,0.2716990636316938,1.2396180263407768
31.450001429766417,-11.499999210238457,0.29244289742777607,1.2230249682804948
31.500001430511475,-11.449999209493399,0.26097722973374027,1.2534442070328695
31.500001430511475,-11.349999208003283,0.29244289742777607,1.2089003013547874
31.550001431256533,-11.299999207258224,0.2716990636316938,1.2317821276628513
31.550001431256533,-11.249999206513166,0.29244289742777607,1.2115594423831848
31.60000143200159,-11.199999205768108,0.26097722973374027,1.2396180263407768
31.60000143200159,-11.099999204277992,0.29244289742777607,1.2080128050138979
31.65000143274665,-11.049999203532934,0.2716990636316938,1.2396180263407768
31.65000143274665,-10.999999202787876,0.29244289742777607,1.2230249682804948
31.700001433491707,-10.949999202042818,0.26097722973374027,1.256021999552522
31.700001433491707,-10.799999199807644,0.30249378854378534,1.22214628652442
31.750001434236765,-10.749999199062586,0.26097722973374027,1.256021999552522
31.750001434236765,-10.64999919757247,0.29244289742777607,1.2230249682804948
31.800001434981823,-10.599999196827412,0.25276926365365854,1.256021999552522
31.800001434981823,-10.449999194592237,0.29244289742777607,1.22214628652442
31.85000143572688,-10.39999919384718,0.25276926365365854,1.2637281386416934
31.85000143572688,-10.049999188631773,0.3000000074505806,1.2080128050138979
31.90000143647194,-9.999999187886715,0.25276926365365854,1.2534442070328695
31.90000143647194,-8.84999917075038,0.25276926365365854,1.2534442070328695
31.85000143572688,-8.799999170005322,0.3000000074505806,1.2080128050138979
31.85000143572688,-8.499999165534973,0.25276926365365854,1.2637281386416934
31.800001434981823,-8.449999164789915,0.29244289742777607,1.22214628652442
31.800001434981823,-8.299999162554741,0.25276926365365854,1.256021999552522
31.750001434236765,-8.249999161809683,0.29244289742777607,1.2142135834465193
31.750001434236765,-8.099999159574509,0.25276926365365854,1.2430869904698527
31.700001433491707,-8.04999915882945,0.29244289742777607,1.2080128050138979
31.700001433491707,-7.899999156594276,0.25276926365365854,1.256021999552522
31.65000143274665,-7.849999155849218,0.29244289742777607,1.2230249682804948
31.65000143274665,-7.749999154359102,0.26097722973374027,1.256021999552522
31.60000143200159,-7.699999153614044,0.29244289742777607,1.2230249682804948
31.60000143200159,-7.649999152868986,0.27434165609349825,1.2396180263407768
31.550001431256533,-7.599999152123928,0.30990195895740963,1.2115594423831848
31.550001431256533,-7.499999150633812,0.2716990636316938,1.2534442070328695
31.500001430511475,-7.449999149888754,0.29244289742777607,1.2230249682804948
31.500001430511475,-7.349999148398638,0.26097722973374027,1.256021999552522
31.450001429766417,-7.29999914765358,0.29244289742777607,1.2230249682804948
31.450001429766417,-7.249999146908522,0.2716990636316938,1.2396180263407768
31.40000142902136,-7.199999146163464,0.29244289742777607,1.2080128050138979
31.40000142902136,-7.0999991446733475,0.26097722973374027,1.2396180263407768
31.3500014282763,-7.049999143928289,0.29244289742777607,1.2080128050138979
31.3500014282763,-6.999999143183231,0.2716990636316938,1.2230249682804948
31.300001427531242,-6.949999142438173,0.29244289742777607,1.1928388484733279
31.300001427531242,-6.849999140948057,0.26097722973374027,1.2317821276628513
31.250001426786184,-6.799999140202999,0.29244289742777607,1.2080128050138979
31.250001426786184,-6.749999139457941,0.2716990636316938,1.2230249682804948
31.200001426041126,-6.699999138712883,0.29244289742777607,1.1928388484733279
31.200001426041126,-6.599999137222767,0.26097722973374027,1.2317821276628513
31.150001425296068,-6.549999136477709,0.29244289742777607,1.2089003013547874
31.150001425296068,-6.499999135732651,0.2716990636316938,1.2317821276628513
31.10000142455101,-6.449999134987593,0.29244289742777607,1.2080128050138979
31.10000142455101,-6.399999134242535,0.2716990636316938,1.2230249682804948
31.050001423805952,-6.349999133497477,0.29244289742777607,1.1928388484733279
31.050001423805952,-6.2499991320073605,0.26097722973374027,1.2317821276628513
31.000001423060894,-6.199999131262302,0.29244289742777607,1.2080128050138979
31.000001423060894,-6.149999130517244,0.2716990636316938,1.2230249682804948
30.950001422315836,-6.099999129772186,0.29244289742777607,1.1928388484733279
30.950001422315836,-5.99999912828207,0.26097722973374027,1.2317821276628513
30.900001421570778,-5.949999127537012,0.29244289742777607,1.2089003013547874
30.900001421570778,-5.899999126791954,0.2716990636316938,1.2317821276628513
30.85000142082572,-5.849999126046896,0.29244289742777607,1.2080128050138979
30.85000142082572,-5.74999912455678,0.26097722973374027,1.2396180263407768
30.80000142008066,-5.699999123811722,0.29244289742777607,1.2115594423831848
30.80000142008066,-5.599999122321606,0.26097722973374027,1.2534442070328695
30.750001419335604,-5.549999121576548,0.29244289742777607,1.2230249682804948
30.750001419335604,-5.49999912083149,0.27434165609349825,1.2396180263407768
30.700001418590546,-5.4499991200864315,0.30990195895740963,1.2115594423831848
30.700001418590546,-5.349999118596315,0.27434165609349825,1.2534442070328695
30.650001417845488,-5.299999117851257,0.30990195895740963,1.2317821276628513
30.650001417845488,-5.249999117106199,0.29244289742777607,1.2534442070328695
30.60000141710043,-5.199999116361141,0.3147815147201923,1.22214628652442
30.60000141710043,-5.049999114125967,0.26097722973374027,1.256021999552522
30.55000141635537,-4.999999113380909,0.29244289742777607,1.2230249682804948
30.55000141635537,-4.899999111890793,0.26097722973374027,1.256021999552522
30.500001415610313,-4.849999111145735,0.29244289742777607,1.22214628652442
30.500001415610313,-4.749999109655619,0.26097722973374027,1.2430869904698527
30.450001414865255,-4.699999108910561,0.29244289742777607,1.2080128050138979
30.450001414865255,-4.5999991074204445,0.26097722973374027,1.2396180263407768
30.400001414120197,-4.549999106675386,0.29244289742777607,1.2080128050138979
30.400001414120197,-4.399999104440212,0.25276926365365854,1.2430869904698527
30.35000141337514,-4.349999103695154,0.3000000074505806,1.2080128050138979
30.35000141337514,-4.099999099969864,0.25276926365365854,1.2577379954333137
30.30000141263008,-4.049999099224806,0.3000000074505806,1.2142135834465193
30.30000141263008,-3.7999990954995155,0.25276926365365854,1.2500000216066838
30.250001411885023,-3.7499990947544575,0.3000000074505806,1.2008925934871162
30.250001411885023,-2.7999990805983543,0.3000000074505806,1.2080128050138979
30.30000141263008,-2.7499990798532963,0.25276926365365854,1.2534442070328695
30.30000141263008,-2.449999075382948,0.3000000074505806,1.22214628652442
30.35000141337514,-2.39999907463789,0.25276926365365854,1.256021999552522
30.35000141337514,-2.1999990716576576,0.3000000074505806,1.2080128050138979
30.400001414120197,-2.1499990709125996,0.2500000067055225,1.2430869904698527
30.400001414120197,-1.9499990679323673,0.29244289742777607,1.2080128050138979
30.450001414865255,-1.8999990671873093,0.26097722973374027,1.2430869904698527
30.450001414865255,-1.7999990656971931,0.29244289742777607,1.22214628652442
30.500001415610313,-1.749999064952135,0.26097722973374027,1.256021999552522
30.500001415610313,-1.599999062716961,0.30990195895740963,1.22214628652442
30.55000141635537,-1.5499990619719028,0.27434165609349825,1.2534442070328695
30.55000141635537,-1.4499990604817867,0.30990195895740963,1.2115594423831848
30.60000141710043,-1.3999990597367287,0.27434165609349825,1.2396180263407768
30.60000141710043,-1.3499990589916706,0.29244289742777607,1.2230249682804948
30.650001417845488,-1.2999990582466125,0.26097722973374027,1.2534442070328695
30.650001417845488,-1.1999990567564964,0.29244289742777607,1.2115594423831848
30.700001418590546,-1.1499990560114384,0.26097722973374027,1.2396180263407768
30.700001418590546,-1.0499990545213223,0.29244289742777607,1.2080128050138979
30.750001419335604,-0.9999990537762642,0.2716990636316938,1.2317821276628513
30.750001419335604,-0.9499990530312061,0.29244289742777607,1.2115594423831848
30.80000142008066,-0.8999990522861481,0.2716990636316938,1.2396180263407768
30.80000142008066,-0.84999905154109,0.29244289742777607,1.2230249682804948
30.85000142082572,-0.799999050796032,0.2716990636316938,1.2534442070328695
30.85000142082572,-0.6999990493059158,0.3147815147201923,1.2115594423831848
30.900001421570778,-0.6499990485608578,0.29244289742777607,1.2396180263407768
30.900001421570778,-0.5999990478157997,0.3147815147201923,1.2230249682804948
30.950001422315836,-0.5499990470707417,0.29244289742777607,1.2534442070328695
30.950001422315836,-0.4999990463256836,0.3147815147201923,1.2300349859166906
31.000001423060894,-0.44999904558062553,0.29244289742777607,1.242220531676356
31.000001423060894,-0.3999990448355675,0.3147815147201923,1.2150971908950816
31.050001423805952,-0.3499990440905094,0.29244289742777607,1.2326548995376616
31.050001423805952,-0.29999904334545135,0.3147815147201923,1.2089003013547874
31.10000142455101,-0.2499990426003933,0.29244289742777607,1.2317821276628513
31.10000142455101,-0.19999904185533524,0.3147815147201923,1.2089003013547874
31.150001425296068,-0.14999904111027718,0.29244289742777607,1.2317821276628513
31.150001425296068,-0.09999904036521912,0.3147815147201923,1.2089003013547874
31.250001426786184,9.611248970031738e-07,0.2716990636316938,1.242220531676356
31.250001426786184,0.05000096186995506,0.29244289742777607,1.2150971908950816
31.300001427531242,0.10000096261501312,0.2716990636316938,1.2326548995376616
31.300001427531242,0.15000096336007118,0.29244289742777607,1.2089003013547874
31.3500014282763,0.20000096410512924,0.2716990636316938,1.2317821276628513
31.3500014282763,0.2500009648501873,0.29244289742777607,1.2089003013547874
31.40000142902136,0.30000096559524536,0.2716990636316938,1.2317821276628513
31.40000142902136,0.3500009663403034,0.29244289742777607,1.2089003013547874
31.450001429766417,0.4000009670853615,0.2716990636316938,1.2300349859166906
31.450001429766417,0.45000096783041954,0.29244289742777607,1.2008925934871162
31.550001431256533,0.5500009693205357,0.26097722973374027,1.2326548995376616
31.550001431256533,0.6000009700655937,0.29244289742777607,1.2089003013547874
31.60000143200159,0.6500009708106518,0.2716990636316938,1.2317821276628513
31.60000143200159,0.7000009715557098,0.3000000074505806,1.2089003013547874
31.700001433491707,0.800000973045826,0.2716990636316938,1.2534442070328695
31.700001433491707,0.850000973790884,0.3000000074505806,1.2300349859166906
31.800001434981823,0.9500009752810001,0.2716990636316938,1.2577379954333137
31.800001434981823,1.0000009760260582,0.3000000074505806,1.2300349859166906
31.90000143647194,1.1000009775161743,0.2716990636316938,1.2534442070328695
31.90000143647194,1.1500009782612324,0.3000000074505806,1.221267061533719
32.000001437962055,1.2500009797513485,0.2716990636316938,1.242220531676356
32.000001437962055,1.3000009804964066,0.3000000074505806,1.2150971908950816
32.10000143945217,1.4000009819865227,0.2716990636316938,1.242220531676356
32.10000143945217,1.4500009827315807,0.3000000074505806,1.2150971908950816
32.20000144094229,1.5500009842216969,0.2716990636316938,1.242220531676356
32.20000144094229,1.600000984966755,0.3000000074505806,1.2150971908950816
32.300001442432404,1.700000986456871,0.2716990636316938,1.242220531676356
32.300001442432404,1.750000987201929,0.3000000074505806,1.2150971908950816
32.45000144466758,1.9000009894371033,0.26097722973374027,1.242220531676356
32.45000144466758,1.9500009901821613,0.29244289742777607,1.2150971908950816
32.550001446157694,2.0500009916722775,0.26097722973374027,1.242220531676356
32.550001446157694,2.1000009924173355,0.29244289742777607,1.2150971908950816
32.65000144764781,2.2000009939074516,0.26097722973374027,1.242220531676356
32.65000144764781,2.2500009946525097,0.29244289742777607,1.2150971908950816
32.750001449137926,2.350000996142626,0.26097722973374027,1.242220531676356
32.750001449137926,2.400000996887684,0.29244289742777607,1.2150971908950816
32.85000145062804,2.5000009983778,0.26097722973374027,1.242220531676356
32.85000145062804,2.550000999122858,0.29244289742777607,1.2150971908950816
32.95000145211816,2.650001000612974,0.26097722973374027,1.2300349859166906
32.95000145211816,2.7000010013580322,0.29244289742777607,1.2008925934871162
33.050001453608274,2.8000010028481483,0.26097722973374027,1.2300349859166906
33.050001453608274,2.8500010035932064,0.29244289742777607,1.2008925934871162
33.15000145509839,2.9500010050833225,0.26097722973374027,1.2300349859166906
33.15000145509839,3.0000010058283806,0.29244289742777607,1.2008925934871162
33.300001457333565,3.1500010080635548,0.2596194146201188,1.242220531676356
33.300001457333565,3.200001008808613,0.29244289742777607,1.2150971908950816
33.40000145882368,3.300001010298729,0.26097722973374027,1.242220531676356
33.40000145882368,3.350001011043787,0.29244289742777607,1.2150971908950816
33.550001461058855,3.500001013278961,0.2596194146201188,1.242220531676356
33.550001461058855,3.5500010140240192,0.29244289742777607,1.2150971908950816
33.65000146254897,3.6500010155141354,0.26097722973374027,1.242220531676356
33.65000146254897,3.7000010162591934,0.2949747542062818,1.2150971908950816
33.800001464784145,3.8500010184943676,0.26097722973374027,1.242220531676356
33.800001464784145,3.9000010192394257,0.29244289742777607,1.2150971908950816
33.90000146627426,4.000001020729542,0.26097722973374027,1.242220531676356
33.90000146627426,4.0500010214746,0.2949747542062818,1.2150971908950816
34.050001468509436,4.200001023709774,0.26097722973374027,1.242220531676356
34.050001468509436,4.250001024454832,0.2949747542062818,1.2150971908950816
34.15000146999955,4.350001025944948,0.2716990636316938,1.242220531676356
34.15000146999955,4.400001026690006,0.3000000074505806,1.2150971908950816
34.25000147148967,4.500001028180122,0.2716990636316938,1.242220531676356
34.25000147148967,4.55000102892518,0.29244289742777607,1.2150971908950816
34.300001472234726,4.6000010296702385,0.2716990636316938,1.2326548995376616
34.300001472234726,4.6500010304152966,0.29244289742777607,1.2089003013547874
34.350001472979784,4.700001031160355,0.2716990636316938,1.2317821276628513
34.350001472979784,4.750001031905413,0.29244289742777607,1.2089003013547874
34.40000147372484,4.800001032650471,0.2716990636316938,1.2317821276628513
34.40000147372484,4.850001033395529,0.29244289742777607,1.2089003013547874
34.4500014744699,4.900001034140587,0.2716990636316938,1.2317821276628513
34.4500014744699,4.950001034885645,0.29244289742777607,1.2115594423831848
34.50000147521496,5.000001035630703,0.2716990636316938,1.2396180263407768
34.50000147521496,5.050001036375761,0.29244289742777607,1.2230249682804948
34.550001475960016,5.100001037120819,0.2716990636316938,1.2534442070328695
34.550001475960016,5.200001038610935,0.3147815147201923,1.2089003013547874
34.600001476705074,5.250001039355993,0.29244289742777607,1.2317821276628513
34.600001476705074,5.300001040101051,0.3147815147201923,1.2089003013547874
34.65000147745013,5.350001040846109,0.29244289742777607,1.2317821276628513
34.65000147745013,5.4000010415911674,0.30990195895740963,1.2089003013547874
34.70000147819519,5.4500010423362255,0.27434165609349825,1.2317821276628513
34.70000147819519,5.500001043081284,0.29244289742777607,1.2115594423831848
34.75000147894025,5.550001043826342,0.26097722973374027,1.2396180263407768
34.75000147894025,5.650001045316458,0.29244289742777607,1.2080128050138979
34.80000147968531,5.700001046061516,0.2716990636316938,1.2396180263407768
34.80000147968531,5.750001046806574,0.29244289742777607,1.2230249682804948
34.850001480430365,5.800001047551632,0.26097722973374027,1.256021999552522
34.850001480430365,5.900001049041748,0.29244289742777607,1.2230249682804948
34.90000148117542,5.950001049786806,0.26097722973374027,1.256021999552522
34.90000148117542,6.050001051276922,0.29244289742777607,1.2230249682804948
34.95000148192048,6.10000105202198,0.25276926365365854,1.256021999552522
34.95000148192048,6.3000010550022125,0.3000000074505806,1.2142135834465193
35.00000148266554,6.350001055747271,0.25276926365365854,1.256021999552522
35.00000148266554,6.550001058727503,0.3000000074505806,1.2142135834465193
35.0500014834106,6.600001059472561,0.25276926365365854,1.2577379954333137
35.0500014834106,7.65000107511878,0.25276926365365854,1.2577379954333137
35.00000148266554,7.700001075863838,0.3000000074505806,1.2142135834465193
35.00000148266554,8.000001080334187,0.25276926365365854,1.2637281386416934
34.95000148192048,8.050001081079245,0.29244289742777607,1.22214628652442
34.95000148192048,8.15000108256936,0.26097722973374027,1.2430869904698527
34.90000148117542,8.200001083314419,0.29244289742777607,1.2080128050138979
34.90000148117542,8.350001085549593,0.25276926365365854,1.2430869904698527
34.850001480430365,8.400001086294651,0.29244289742777607,1.2080128050138979
34.850001480430365,8.500001087784767,0.26097722973374027,1.2396180263407768
34.80000147968531,8.550001088529825,0.29244289742777607,1.2080128050138979
34.80000147968531,8.700001090765,0.25276926365365854,1.256021999552522
34.75000147894025,8.750001091510057,0.29244289742777607,1.2230249682804948
34.75000147894025,8.800001092255116,0.27434165609349825,1.2396180263407768
34.70000147819519,8.850001093000174,0.30990195895740963,1.2115594423831848
34.70000147819519,8.95000109449029,0.2716990636316938,1.2534442070328695
34.65000147745013,9.000001095235348,0.29244289742777607,1.2230249682804948
34.65000147745013,9.100001096725464,0.26097722973374027,1.256021999552522
34.600001476705074,9.150001097470522,0.29244289742777607,1.2230249682804948
34.600001476705074,9.20000109821558,0.2716990636316938,1.2396180263407768
34.550001475960016,9.250001098960638,0.29244289742777607,1.2080128050138979
34.550001475960016,9.350001100450754,0.26097722973374027,1.2396180263407768
34.50000147521496,9.400001101195812,0.29244289742777607,1.2115594423831848
34.50000147521496,9.45000110194087,0.2716990636316938,1.2317821276628513
34.4500014744699,9.500001102685928,0.29244289742777607,1.2080128050138979
34.4500014744699,9.600001104176044,0.26097722973374027,1.2396180263407768
34.40000147372484,9.650001104921103,0.29244289742777607,1.2115594423831848
34.40000147372484,9.70000110566616,0.2716990636316938,1.2317821276628513
34.350001472979784,9.750001106411219,0.29244289742777607,1.2080128050138979
34.350001472979784,9.850001107901335,0.26097722973374027,1.2396180263407768
34.300001472234726,9.900001108646393,0.29244289742777607,1.2080128050138979
34.300001472234726,9.95000110939145,0.2716990636316938,1.2230249682804948
34.25000147148967,10.000001110136509,0.29244289742777607,1.1928388484733279
34.25000147148967,10.100001111626625,0.26097722973374027,1.2317821276628513
34.20000147074461,10.150001112371683,0.29244289742777607,1.2080128050138979
34.20000147074461,10.200001113116741,0.2716990636316938,1.2230249682804948
34.15000146999955,10.2500011138618,0.29244289742777607,1.1928388484733279
34.15000146999955,10.400001116096973,0.25276926365365854,1.2534442070328695
34.100001469254494,10.450001116842031,0.29244289742777607,1.2230249682804948
34.100001469254494,10.550001118332148,0.26097722973374027,1.256021999552522
34.050001468509436,10.600001119077206,0.30249378854378534,1.22214628652442
34.050001468509436,10.75000112131238,0.26097722973374027,1.256021999552522
34.00000146776438,10.800001122057438,0.29244289742777607,1.2142135834465193
34.00000146776438,10.950001124292612,0.25276926365365854,1.2430869904698527
33.95000146701932,11.00000112503767,0.3000000074505806,1.2035669056765963
33.95000146701932,11.350001130253077,0.25276926365365854,1.2637281386416934
33.90000146627426,11.400001130998135,0.3000000074505806,1.22214628652442
33.90000146627426,11.850001137703657,0.26097722973374027,1.2807093115603727
33.8500014655292,11.900001138448715,0.30249378854378534,1.2430869904698527
33.8500014655292,12.450001146644354,0.25276926365365854,1.2500000216066838
33.800001464784145,12.500001147389412,0.3000000074505806,1.2000000208616257
33.800001464784145,13.400001160800457,0.30990195895740963,1.2500000216066838
33.8500014655292,13.450001161545515,0.27434165609349825,1.3000000223517418
33.8500014655292,14.300001174211502,0.3000000074505806,1.22214628652442
33.90000146627426,14.35000117495656,0.25276926365365854,1.2637281386416934
33.90000146627426,15.150001186877489,0.3000000074505806,1.2000000208616257
33.95000146701932,15.200001187622547,0.25276926365365854,1.2500000216066838
33.95000146701932,15.40000119060278,0.3000000074505806,1.2142135834465193
34.00000146776438,15.450001191347837,0.25276926365365854,1.2577379954333137
34.00000146776438,15.700001195073128,0.30249378854378534,1.2317821276628513
34.050001468509436,15.750001195818186,0.26097722973374027,1.2713939188816938
34.050001468509436,15.950001198798418,0.30249378854378534,1.2317821276628513
34.100001469254494,16.000001199543476,0.26097722973374027,1.2713939188816938
34.100001469254494,16.20000120252371,0.3000000074505806,1.2317821276628513
34.15000146999955,16.250001203268766,0.25276926365365854,1.2713939188816938
34.15000146999955,16.450001206249,0.3000000074505806,1.2317821276628513
34.20000147074461,16.500001206994057,0.25276926365365854,1.2705441388980891
34.20000147074461,16.70000120997429,0.3000000074505806,1.22214628652442
34.25000147148967,16.750001210719347,0.25276926365365854,1.2637281386416934
34.25000147148967,16.95000121369958,0.3000000074505806,1.22214628652442
34.300001472234726,17.000001214444637,0.25276926365365854,1.2637281386416934
34.300001472234726,17.250001218169928,0.3000000074505806,1.2142135834465193
34.350001472979784,17.300001218914986,0.25276926365365854,1.256021999552522
34.350001472979784,17.500001221895218,0.3000000074505806,1.2080128050138979
34.40000147372484,17.550001222640276,0.25276926365365854,1.2430869904698527
34.40000147372484,17.750001225620508,0.3000000074505806,1.2080128050138979
34.4500014744699,17.800001226365566,0.25276926365365854,1.2430869904698527
34.4500014744699,17.95000122860074,0.29244289742777607,1.2142135834465193
34.50000147521496,18.0000012293458,0.25276926365365854,1.256021999552522
34.50000147521496,18.150001231580973,0.29244289742777607,1.22214628652442
34.550001475960016,18.20000123232603,0.25276926365365854,1.2637281386416934
34.550001475960016,18.400001235306263,0.30249378854378534,1.22214628652442
34.600001476705074,18.45000123605132,0.26097722973374027,1.256021999552522
34.600001476705074,18.600001238286495,0.30249378854378534,1.22214628652442
34.65000147745013,18.650001239031553,0.26097722973374027,1.256021999552522
34.65000147745013,18.800001241266727,0.30249378854378534,1.22214628652442
34.70000147819519,18.850001242011786,0.26097722973374027,1.256021999552522
34.70000147819519,19.00000124424696,0.30990195895740963,1.22214628652442
34.75000147894025,19.050001244992018,0.27434165609349825,1.256021999552522
34.75000147894025,19.150001246482134,0.30249378854378534,1.2230249682804948
34.80000147968531,19.200001247227192,0.26097722973374027,1.256021999552522
34.80000147968531,19.350001249462366,0.30249378854378534,1.22214628652442
34.850001480430365,19.400001250207424,0.26097722973374027,1.256021999552522
34.850001480430365,19.5500012524426,0.30249378854378534,1.22214628652442
34.90000148117542,19.600001253187656,0.26097722973374027,1.256021999552522
34.90000148117542,19.75000125542283,0.30249378854378534,1.22214628652442
34.95000148192048,19.80000125616789,0.26097722973374027,1.256021999552522
34.95000148192048,19.950001258403063,0.30249378854378534,1.22214628652442
35.00000148266554,20.00000125914812,0.26097722973374027,1.256021999552522
35.00000148266554,20.100001260638237,0.29244289742777607,1.2230249682804948
35.0500014834106,20.150001261383295,0.26097722973374027,1.256021999552522
35.0500014834106,20.30000126361847,0.30249378854378534,1.22214628652442
35.100001484155655,20.350001264363527,0.26097722973374027,1.256021999552522
35.100001484155655,20.5000012665987,0.30249378854378534,1.22214628652442
35.15000148490071,20.55000126734376,0.26097722973374027,1.256021999552522
35.15000148490071,20.700001269578934,0.30249378854378534,1.22214628652442
35.20000148564577,20.75000127032399,0.26097722973374027,1.256021999552522
35.20000148564577,20.900001272559166,0.30249378854378534,1.22214628652442
35.25000148639083,20.950001273304224,0.26097722973374027,1.256021999552522
35.25000148639083,21.100001275539398,0.30249378854378534,1.22214628652442
35.30000148713589,21.150001276284456,0.26097722973374027,1.256021999552522
35.30000148713589,21.250001277774572,0.29244289742777607,1.2230249682804948
35.350001487880945,21.30000127851963,0.26097722973374027,1.256021999552522
35.350001487880945,21.450001280754805,0.30249378854378534,1.22214628652442
35.400001488626,21.500001281499863,0.26097722973374027,1.256021999552522
35.400001488626,21.650001283735037,0.30249378854378534,1.22214628652442
35.45000148937106,21.700001284480095,0.26097722973374027,1.256021999552522
35.45000148937106,21.85000128671527,0.30249378854378534,1.22214628652442
35.50000149011612,21.900001287460327,0.26097722973374027,1.256021999552522
35.50000149011612,22.0500012896955,0.30249378854378534,1.22214628652442
35.55000149086118,22.10000129044056,0.26097722973374027,1.256021999552522
35.55000149086118,22.200001291930676,0.29244289742777607,1.2230249682804948
35.600001491606236,22.250001292675734,0.25276926365365854,1.256021999552522
35.600001491606236,22.400001294910908,0.29244289742777607,1.22214628652442
35.650001492351294,22.450001295655966,0.26097722973374027,1.256021999552522
35.650001492351294,22.60000129789114,0.3000000074505806,1.22214628652442
35.70000149309635,22.650001298636198,0.25276926365365854,1.256021999552522
35.70000149309635,22.85000130161643,0.3000000074505806,1.2142135834465193
35.75000149384141,22.90000130236149,0.25276926365365854,1.256021999552522
35.75000149384141,23.10000130534172,0.3000000074505806,1.2142135834465193
35.80000149458647,23.15000130608678,0.25276926365365854,1.2577379954333137
35.80000149458647,23.35000130906701,0.3000000074505806,1.22214628652442
35.850001495331526,23.40000130981207,0.25276926365365854,1.2637281386416934
35.850001495331526,23.6000013127923,0.3000000074505806,1.22214628652442
35.900001496076584,23.65000131353736,0.25276926365365854,1.2637281386416934
35.900001496076584,23.85000131651759,0.3000000074505806,1.22214628652442
35.95000149682164,23.90000131726265,0.25276926365365854,1.2637281386416934
35.95000149682164,24.10000132024288,0.3000000074505806,1.22214628652442
36.0000014975667,24.15000132098794,0.25276926365365854,1.2637281386416934
36.0000014975667,24.350001323968172,0.3000000074505806,1.22214628652442
36.05000149831176,24.40000132471323,0.25276926365365854,1.2637281386416934
36.05000149831176,24.65000132843852,0.3000000074505806,1.22214628652442
36.100001499056816,24.70000132918358,0.25276926365365854,1.2637281386416934
36.100001499056816,24.90000133216381,0.3000000074505806,1.22214628652442
36.150001499801874,24.95000133290887,0.25276926365365854,1.2637281386416934
36.150001499801874,25.1500013358891,0.3000000074505806,1.22214628652442
36.20000150054693,25.20000133663416,0.25276926365365854,1.2637281386416934
36.20000150054693,25.40000133961439,0.3000000074505806,1.22214628652442
36.25000150129199,25.45000134035945,0.25276926365365854,1.2637281386416934
36.25000150129199,25.65000134333968,0.3000000074505806,1.22214628652442
36.30000150203705,25.70000134408474,0.25276926365365854,1.2637281386416934
36.30000150203705,25.900001347064972,0.3000000074505806,1.2317821276628513
36.350001502782106,25.95000134781003,0.25276926365365854,1.2713939188816938
36.350001502782106,26.150001350790262,0.3000000074505806,1.2317821276628513
36.400001503527164,26.20000135153532,0.25276926365365854,1.2713939188816938
36.400001503527164,26.45000135526061,0.3000000074505806,1.22214628652442
36.45000150427222,26.50000135600567,0.25276926365365854,1.2637281386416934
36.45000150427222,26.850001361221075,0.3000000074505806,1.2035669056765963
36.50000150501728,26.900001361966133,0.25276926365365854,1.2508618344742166
36.50000150501728,27.300001367926598,0.3000000074505806,1.2008925934871162
36.55000150576234,27.350001368671656,0.25276926365365854,1.2500000216066838
36.55000150576234,27.700001373887062,0.3000000074505806,1.2035669056765963
36.6000015065074,27.75000137463212,0.25276926365365854,1.2508618344742166
36.6000015065074,28.150001380592585,0.3000000074505806,1.2035669056765963
36.650001507252455,28.200001381337643,0.25276926365365854,1.2508618344742166
36.650001507252455,28.55000138655305,0.3000000074505806,1.2080128050138979
36.70000150799751,28.600001387298107,0.25276926365365854,1.2534442070328695
36.70000150799751,29.00000139325857,0.3000000074505806,1.2080128050138979
36.75000150874257,29.05000139400363,0.25276926365365854,1.2534442070328695
36.75000150874257,29.400001399219036,0.3000000074505806,1.2142135834465193
36.80000150948763,29.450001399964094,0.25276926365365854,1.2577379954333137
36.80000150948763,29.85000140592456,0.3000000074505806,1.2142135834465193
36.85000151023269,29.900001406669617,0.25276926365365854,1.2577379954333137
36.85000151023269,30.250001411885023,0.3000000074505806,1.22214628652442
36.900001510977745,30.30000141263008,0.25276926365365854,1.2637281386416934
36.900001510977745,31.3500014282763,0.3000000074505806,1.2142135834465193
36.9500015117228,31.40000142902136,0.25276926365365854,1.2577379954333137
36.9500015117228,32.9000014513731,0.3000000074505806,1.22214628652442
37.00000151246786,32.95000145211816,0.25276926365365854,1.2637281386416934
37.00000151246786,37.05000151321292,0.27434165609349825,1.3000000223517418
36.9500015117228,37.10000151395798,0.30990195895740963,1.2500000216066838
36.9500015117228,38.55000153556466,0.27434165609349825,1.3000000223517418
36.900001510977745,38.60000153630972,0.30990195895740963,1.2500000216066838
36.900001510977745,39.500001549720764,0.25276926365365854,1.2508618344742166
36.85000151023269,39.55000155046582,0.3000000074505806,1.2035669056765963
36.85000151023269,40.15000155940652,0.25276926365365854,1.2637281386416934
36.80000150948763,40.20000156015158,0.3000000074505806,1.22214628652442
36.80000150948763,40.70000156760216,0.26097722973374027,1.2713939188816938
36.75000150874257,40.750001568347216,0.30249378854378534,1.2317821276628513
36.75000150874257,41.15000157430768,0.25276926365365854,1.2713939188816938
36.70000150799751,41.20000157505274,0.3000000074505806,1.2317821276628513
36.70000150799751,41.40000157803297,0.25276926365365854,1.2534442070328695
36.650001507252455,41.45000157877803,0.29244289742777607,1.2080128050138979
36.650001507252455,41.65000158175826,0.2500000067055225,1.2430869904698527
36.6000015065074,41.70000158250332,0.29244289742777607,1.2080128050138979
36.6000015065074,41.85000158473849,0.25276926365365854,1.2430869904698527
36.55000150576234,41.90000158548355,0.29244289742777607,1.2080128050138979
36.55000150576234,42.050001587718725,0.25276926365365854,1.2430869904698527
36.50000150501728,42.10000158846378,0.3000000074505806,1.2080128050138979
36.50000150501728,42.300001591444016,0.25276926365365854,1.2705441388980891
36.45000150427222,42.350001592189074,0.3000000074505806,1.2317821276628513
36.45000150427222,42.50000159442425,0.26097722973374027,1.2705441388980891
36.400001503527164,42.550001595169306,0.30249378854378534,1.2317821276628513
36.400001503527164,42.65000159665942,0.27434165609349825,1.256021999552522
36.350001502782106,42.70000159740448,0.30990195895740963,1.2230249682804948
36.350001502782106,42.800001598894596,0.2716990636316938,1.256021999552522
36.30000150203705,42.850001599639654,0.29244289742777607,1.22214628652442
36.30000150203705,42.95000160112977,0.26097722973374027,1.2430869904698527
36.25000150129199,43.00000160187483,0.29244289742777607,1.2080128050138979
36.25000150129199,43.100001603364944,0.26097722973374027,1.2396180263407768
36.20000150054693,43.15000160411,0.29244289742777607,1.2080128050138979
36.20000150054693,43.20000160485506,0.2716990636316938,1.2230249682804948
36.150001499801874,43.25000160560012,0.29244289742777607,1.1928388484733279
36.150001499801874,43.350001607090235,0.26097722973374027,1.2317821276628513
36.100001499056816,43.40000160783529,0.29244289742777607,1.2080128050138979
36.100001499056816,43.50000160932541,0.26097722973374027,1.2396180263407768
36.05000149831176,43.55000161007047,0.29244289742777607,1.2115594423831848
36.05000149831176,43.600001610815525,0.27434165609349825,1.2317821276628513
36.0000014975667,43.65000161156058,0.30990195895740963,1.2089003013547874
36.0000014975667,43.7500016130507,0.2716990636316938,1.2534442070328695
35.95000149682164,43.80000161379576,0.29244289742777607,1.2230249682804948
35.95000149682164,43.850001614540815,0.27434165609349825,1.2396180263407768
35.900001496076584,43.90000161528587,0.30990195895740963,1.2115594423831848
35.900001496076584,44.00000161677599,0.27434165609349825,1.2534442070328695
35.850001495331526,44.05000161752105,0.30990195895740963,1.2230249682804948
35.850001495331526,44.100001618266106,0.29244289742777607,1.2396180263407768
35.80000149458647,44.150001619011164,0.3147815147201923,1.2115594423831848
35.80000149458647,44.25000162050128,0.27434165609349825,1.2534442070328695
35.75000149384141,44.30000162124634,0.30990195895740963,1.2317821276628513
35.75000149384141,44.350001621991396,0.29244289742777607,1.2534442070328695
35.70000149309635,44.400001622736454,0.3147815147201923,1.2230249682804948
35.70000149309635,44.45000162348151,0.29244289742777607,1.2396180263407768
35.650001492351294,44.50000162422657,0.3147815147201923,1.2115594423831848
35.650001492351294,44.600001625716686,0.2716990636316938,1.2534442070328695
35.600001491606236,44.650001626461744,0.29244289742777607,1.2230249682804948
35.600001491606236,44.7000016272068,0.2716990636316938,1.2396180263407768
35.55000149086118,44.75000162795186,0.29244289742777607,1.2115594423831848
35.55000149086118,44.80000162869692,0.2716990636316938,1.2317821276628513
35.50000149011612,44.85000162944198,0.29244289742777607,1.2089003013547874
35.50000149011612,44.900001630187035,0.2716990636316938,1.2317821276628513
35.45000148937106,44.95000163093209,0.29244289742777607,1.2089003013547874
35.45000148937106,45.00000163167715,0.2716990636316938,1.2317821276628513
35.400001488626,45.05000163242221,0.29244289742777607,1.2089003013547874
35.400001488626,45.10000163316727,0.2716990636316938,1.2326548995376616
35.350001487880945,45.150001633912325,0.29244289742777607,1.2150971908950816
35.350001487880945,45.20000163465738,0.2716990636316938,1.242220531676356
35.25000148639083,45.3000016361475,0.3147815147201923,1.2089003013547874
35.25000148639083,45.35000163689256,0.29244289742777607,1.2326548995376616
35.20000148564577,45.400001637637615,0.3000000074505806,1.2150971908950816
35.20000148564577,45.45000163838267,0.2716990636316938,1.242220531676356
35.100001484155655,45.55000163987279,0.3000000074505806,1.2089003013547874
35.100001484155655,45.60000164061785,0.2716990636316938,1.2326548995376616
35.0500014834106,45.650001641362906,0.29244289742777607,1.2150971908950816
35.0500014834106,45.700001642107964,0.2596194146201188,1.242220531676356
34.90000148117542,45.85000164434314,0.29244289742777607,1.2008925934871162
34.90000148117542,45.900001645088196,0.26097722973374027,1.2300349859166906
34.80000147968531,46.00000164657831,0.29244289742777607,1.2150971908950816
34.80000147968531,46.05000164732337,0.2596194146201188,1.242220531676356
34.65000147745013,46.200001649558544,0.29244289742777607,1.2159802469503793
34.65000147745013,46.2500016503036,0.26097722973374027,1.2500000216066838
34.50000147521496,46.400001652538776,0.2949747542062818,1.2300349859166906
34.50000147521496,46.450001653283834,0.2596194146201188,1.260308208411311
33.75000146403909,47.200001664459705,0.2596194146201188,1.2705441388980891
33.70000146329403,47.200001664459705,0.29244289742777607,1.242220531676356
33.550001461058855,47.35000166669488,0.24721360216395982,1.2500000216066838
33.5000014603138,47.35000166669488,0.2716990636316938,1.2159802469503793
33.35000145807862,47.500001668930054,0.24721360216395982,1.242220531676356
33.300001457333565,47.500001668930054,0.2716990636316938,1.2150971908950816
33.15000145509839,47.65000167116523,0.24721360216395982,1.2577379954333137
33.10000145435333,47.65000167116523,0.2716990636316938,1.2326548995376616
33.050001453608274,47.700001671910286,0.26097722973374027,1.2534442070328695
33.000001452863216,47.700001671910286,0.29244289742777607,1.2300349859166906
32.9000014513731,47.8000016734004,0.26097722973374027,1.2577379954333137
32.85000145062804,47.8000016734004,0.29244289742777607,1.2300349859166906
32.750001449137926,47.90000167489052,0.24721360216395982,1.2577379954333137
32.70000144839287,47.90000167489052,0.2716990636316938,1.2326548995376616
32.65000144764781,47.950001675635576,0.24721360216395982,1.2534442070328695
32.60000144690275,47.950001675635576,0.2716990636316938,1.2317821276628513
32.550001446157694,48.000001676380634,0.24721360216395982,1.2534442070328695
32.500001445412636,48.000001676380634,0.2716990636316938,1.2317821276628513
32.45000144466758,48.05000167712569,0.24721360216395982,1.2534442070328695
32.35000144317746,48.05000167712569,0.29244289742777607,1.2115594423831848
32.300001442432404,48.10000167787075,0.2716990636316938,1.2396180263407768
32.250001441687346,48.10000167787075,0.29244289742777607,1.2230249682804948
32.20000144094229,48.15000167861581,0.2716990636316938,1.2534442070328695
32.15000144019723,48.15000167861581,0.29244289742777607,1.2317821276628513
32.10000143945217,48.20000167936087,0.2716990636316938,1.2534442070328695
32.05000143870711,48.20000167936087,0.29244289742777607,1.2317821276628513
32.000001437962055,48.250001680105925,0.26097722973374027,1.2577379954333137
31.90000143647194,48.250001680105925,0.29244289742777607,1.2230249682804948
31.85000143572688,48.30000168085098,0.25276926365365854,1.2534442070328695
31.750001434236765,48.30000168085098,0.27434165609349825,1.2115594423831848
31.700001433491707,48.35000168159604,0.24721360216395982,1.2396180263407768
31.550001431256533,48.35000168159604,0.29244289742777607,1.19463258887978
31.500001430511475,48.4000016823411,0.26097722973374027,1.2317821276628513
31.40000142902136,48.4000016823411,0.29244289742777607,1.2080128050138979
31.3500014282763,48.45000168308616,0.26097722973374027,1.2430869904698527
31.250001426786184,48.45000168308616,0.29244289742777607,1.22214628652442
31.200001426041126,48.500001683831215,0.26097722973374027,1.2637281386416934
31.050001423805952,48.500001683831215,0.3000000074505806,1.2317821276628513
31.000001423060894,48.55000168457627,0.25276926365365854,1.2705441388980891
30.80000142008066,48.55000168457627,0.3000000074505806,1.22214628652442
30.750001419335604,48.60000168532133,0.25276926365365854,1.2637281386416934
30.500001415610313,48.60000168532133,0.3000000074505806,1.22214628652442
30.450001414865255,48.65000168606639,0.2500000067055225,1.2637281386416934
30.150001410394907,48.65000168606639,0.3000000074505806,1.22214628652442
30.10000140964985,48.70000168681145,0.2500000067055225,1.2637281386416934
29.8000014051795,48.70000168681145,0.3000000074505806,1.22214628652442
29.750001404434443,48.750001687556505,0.25276926365365854,1.2637281386416934
29.500001400709152,48.750001687556505,0.3000000074505806,1.22214628652442
29.450001399964094,48.80000168830156,0.2500000067055225,1.2637281386416934
29.150001395493746,48.80000168830156,0.3000000074505806,1.22214628652442
29.100001394748688,48.85000168904662,0.2500000067055225,1.2637281386416934
28.80000139027834,48.85000168904662,0.3000000074505806,1.22214628652442
28.75000138953328,48.90000168979168,0.25276926365365854,1.2637281386416934
28.50000138580799,48.90000168979168,0.3000000074505806,1.22214628652442
28.450001385062933,48.95000169053674,0.2500000067055225,1.2637281386416934
28.150001380592585,48.95000169053674,0.3000000074505806,1.22214628652442
28.100001379847527,49.000001691281796,0.2500000067055225,1.2637281386416934
27.800001375377178,49.000001691281796,0.3000000074505806,1.22214628652442
27.75000137463212,49.050001692026854,0.25276926365365854,1.2637281386416934
27.50000137090683,49.050001692026854,0.3000000074505806,1.22214628652442
27.45000137016177,49.10000169277191,0.2500000067055225,1.2637281386416934
27.150001365691423,49.10000169277191,0.3000000074505806,1.22214628652442
27.100001364946365,49.15000169351697,0.2500000067055225,1.2637281386416934
26.800001360476017,49.15000169351697,0.3000000074505806,1.22214628652442
26.75000135973096,49.20000169426203,0.2500000067055225,1.2637281386416934
26.45000135526061,49.20000169426203,0.3000000074505806,1.22214628652442
26.400001354515553,49.250001695007086,0.2500000067055225,1.2637281386416934
26.100001350045204,49.250001695007086,0.3000000074505806,1.22214628652442
26.050001349300146,49.300001695752144,0.25276926365365854,1.2637281386416934
25.800001345574856,49.300001695752144,0.3000000074505806,1.22214628652442
25.750001344829798,49.3500016964972,0.2500000067055225,1.2637281386416934
25.45000134035945,49.3500016964972,0.3000000074505806,1.22214628652442
25.40000133961439,49.40000169724226,0.2500000067055225,1.2637281386416934
25.100001335144043,49.40000169724226,0.3000000074505806,1.22214628652442
25.050001334398985,49.45000169798732,0.2500000067055225,1.2637281386416934
24.750001329928637,49.45000169798732,0.3000000074505806,1.22214628652442
24.70000132918358,49.500001698732376,0.2500000067055225,1.2637281386416934
24.40000132471323,49.500001698732376,0.3000000074505806,1.22214628652442
24.350001323968172,49.550001699477434,0.25276926365365854,1.2637281386416934
24.10000132024288,49.550001699477434,0.3000000074505806,1.22214628652442
24.050001319497824,49.60000170022249,0.2500000067055225,1.2637281386416934
23.750001315027475,49.60000170022249,0.3000000074505806,1.22214628652442
23.700001314282417,49.65000170096755,0.2500000067055225,1.2637281386416934
23.40000130981207,49.65000170096755,0.3000000074505806,1.22214628652442
23.35000130906701,49.70000170171261,0.2500000067055225,1.2637281386416934
23.050001304596663,49.70000170171261,0.3000000074505806,1.22214628652442
23.000001303851604,49.750001702457666,0.2500000067055225,1.2637281386416934
22.700001299381256,49.750001702457666,0.3000000074505806,1.22214628652442
22.650001298636198,49.800001703202724,0.25276926365365854,1.2637281386416934
22.400001294910908,49.800001703202724,0.3000000074505806,1.22214628652442
22.35000129416585,49.85000170394778,0.2500000067055225,1.2637281386416934
22.0500012896955,49.85000170394778,0.3000000074505806,1.22214628652442
22.000001288950443,49.90000170469284,0.2500000067055225,1.2637281386416934
21.700001284480095,49.90000170469284,0.3000000074505806,1.22214628652442
21.650001283735037,49.9500017054379,0.2500000067055225,1.2637281386416934
21.35000127926469,49.9500017054379,0.3000000074505806,1.22214628652442
21.30000127851963,50.00000170618296,0.2500000067055225,1.2637281386416934
21.000001274049282,50.00000170618296,0.3000000074505806,1.22214628652442
20.950001273304224,50.050001706928015,0.25276926365365854,1.2637281386416934
20.700001269578934,50.050001706928015,0.3000000074505806,1.22214628652442
20.650001268833876,50.10000170767307,0.2500000067055225,1.2637281386416934
20.350001264363527,50.10000170767307,0.3000000074505806,1.22214628652442
20.30000126361847,50.15000170841813,0.2500000067055225,1.2637281386416934
20.00000125914812,50.15000170841813,0.3000000074505806,1.22214628652442
19.950001258403063,50.20000170916319,0.2500000067055225,1.2637281386416934
19.650001253932714,50.20000170916319,0.3000000074505806,1.22214628652442
19.600001253187656,50.25000170990825,0.25276926365365854,1.2637281386416934
19.300001248717308,50.25000170990825,0.3000000074505806,1.22214628652442
19.25000124797225,50.300001710653305,0.25276926365365854,1.2637281386416934
19.00000124424696,50.300001710653305,0.3000000074505806,1.22214628652442
18.9500012435019,50.35000171139836,0.2500000067055225,1.2637281386416934
18.650001239031553,50.35000171139836,0.3000000074505806,1.22214628652442
18.600001238286495,50.40000171214342,0.2500000067055225,1.2637281386416934
18.300001233816147,50.40000171214342,0.3000000074505806,1.22214628652442
18.25000123307109,50.45000171288848,0.2500000067055225,1.2637281386416934
17.95000122860074,50.45000171288848,0.3000000074505806,1.22214628652442
17.900001227855682,50.50000171363354,0.25276926365365854,1.2637281386416934
17.650001224130392,50.50000171363354,0.3000000074505806,1.22214628652442
17.600001223385334,50.550001714378595,0.2500000067055225,1.2637281386416934
17.300001218914986,50.550001714378595,0.3000000074505806,1.22214628652442
17.250001218169928,50.60000171512365,0.2500000067055225,1.2637281386416934
16.95000121369958,50.60000171512365,0.3000000074505806,1.22214628652442
16.90000121295452,50.65000171586871,0.2500000067055225,1.2637281386416934
16.600001208484173,50.65000171586871,0.3000000074505806,1.22214628652442
16.550001207739115,50.70000171661377,0.2500000067055225,1.2637281386416934
16.250001203268766,50.70000171661377,0.3000000074505806,1.22214628652442
16.20000120252371,50.75000171735883,0.25276926365365854,1.2637281386416934
15.950001198798418,50.75000171735883,0.3000000074505806,1.22214628652442
15.90000119805336,50.800001718103886,0.2500000067055225,1.2637281386416934
15.600001193583012,50.800001718103886,0.3000000074505806,1.22214628652442
15.550001192837954,50.850001718848944,0.2500000067055225,1.2637281386416934
15.250001188367605,50.850001718848944,0.3000000074505806,1.22214628652442
15.200001187622547,50.900001719594,0.2500000067055225,1.2637281386416934
14.900001183152199,50.900001719594,0.3000000074505806,1.22214628652442
14.85000118240714,50.95000172033906,0.2500000067055225,1.2637281386416934
14.550001177936792,50.95000172033906,0.3000000074505806,1.22214628652442
14.500001177191734,51.00000172108412,0.25276926365365854,1.2637281386416934
14.250001173466444,51.00000172108412,0.3000000074505806,1.22214628652442
14.200001172721386,51.050001721829176,0.2500000067055225,1.2637281386416934
13.900001168251038,51.050001721829176,0.3000000074505806,1.22214628652442
13.85000116750598,51.100001722574234,0.2500000067055225,1.2637281386416934
13.550001163035631,51.100001722574234,0.3000000074505806,1.22214628652442
13.500001162290573,51.15000172331929,0.2500000067055225,1.2637281386416934
13.200001157820225,51.15000172331929,0.3000000074505806,1.22214628652442
13.150001157075167,51.20000172406435,0.2500000067055225,1.2637281386416934
12.850001152604818,51.20000172406435,0.3000000074505806,1.22214628652442
12.80000115185976,51.25000172480941,0.25276926365365854,1.2637281386416934
12.55000114813447,51.25000172480941,0.3000000074505806,1.22214628652442
12.500001147389412,51.300001725554466,0.2500000067055225,1.2637281386416934
12.200001142919064,51.300001725554466,0.3000000074505806,1.22214628652442
12.150001142174006,51.350001726299524,0.2500000067055225,1.2637281386416934
11.850001137703657,51.350001726299524,0.3000000074505806,1.22214628652442
11.800001136958599,51.40000172704458,0.2500000067055225,1.2637281386416934
11.50000113248825,51.40000172704458,0.3000000074505806,1.22214628652442
11.450001131743193,51.45000172778964,0.2500000067055225,1.2637281386416934
11.150001127272844,51.45000172778964,0.3000000074505806,1.22214628652442
11.100001126527786,51.5000017285347,0.25276926365365854,1.2637281386416934
10.850001122802496,51.5000017285347,0.3000000074505806,1.22214628652442
10.800001122057438,51.55000172927976,0.2500000067055225,1.2637281386416934
10.50000111758709,51.55000172927976,0.3000000074505806,1.22214628652442
10.450001116842031,51.600001730024815,0.2500000067055225,1.2637281386416934
10.150001112371683,51.600001730024815,0.3000000074505806,1.22214628652442
10.100001111626625,51.65000173076987,0.2500000067055225,1.2637281386416934
9.800001107156277,51.65000173076987,0.3000000074505806,1.22214628652442
9.750001106411219,51.70000173151493,0.2500000067055225,1.2637281386416934
9.45000110194087,51.70000173151493,0.3000000074505806,1.22214628652442
9.400001101195812,51.75000173225999,0.25276926365365854,1.2637281386416934
9.150001097470522,51.75000173225999,0.3000000074505806,1.22214628652442
9.100001096725464,51.80000173300505,0.2500000067055225,1.2637281386416934
8.800001092255116,51.80000173300505,0.3000000074505806,1.22214628652442
8.750001091510057,51.850001733750105,0.2500000067055225,1.2637281386416934
8.450001087039709,51.850001733750105,0.3000000074505806,1.22214628652442
8.400001086294651,51.90000173449516,0.2500000067055225,1.2637281386416934
8.100001081824303,51.90000173449516,0.3000000074505806,1.22214628652442
8.050001081079245,51.95000173524022,0.25276926365365854,1.2637281386416934
7.750001076608896,51.95000173524022,0.3000000074505806,1.22214628652442
7.700001075863838,52.00000173598528,0.25276926365365854,1.2637281386416934
7.450001072138548,52.00000173598528,0.3000000074505806,1.22214628652442
7.40000107139349,52.05000173673034,0.2500000067055225,1.2637281386416934
7.1000010669231415,52.05000173673034,0.3000000074505806,1.22214628652442
7.050001066178083,52.100001737475395,0.2500000067055225,1.2637281386416934
6.750001061707735,52.100001737475395,0.3000000074505806,1.22214628652442
6.700001060962677,52.15000173822045,0.2500000067055225,1.2637281386416934
6.400001056492329,52.15000173822045,0.3000000074505806,1.22214628652442
6.350001055747271,52.20000173896551,0.25276926365365854,1.2637281386416934
5.800001047551632,52.20000173896551,0.3000000074505806,1.22214628652442
5.750001046806574,52.25000173971057,0.2500000067055225,1.2637281386416934
4.850001033395529,52.25000173971057,0.3000000074505806,1.22214628652442
4.800001032650471,52.30000174045563,0.25276926365365854,1.2637281386416934
3.9500010199844837,52.30000174045563,0.3000000074505806,1.22214628652442
3.9000010192394257,52.350001741200686,0.25276926365365854,1.2637281386416934
