#x_m,y_m,w_tr_right_m,w_tr_left_m
3.7000010162591934,51.40000172704458,0.1000000074505806,1.02214628652442
3.7500010170042515,51.350001726299524,0.05276926365365855,1.0637281386416935
4.6000010296702385,51.350001726299524,0.1000000074505806,1.02214628652442
4.6500010304152966,51.300001725554466,0.05276926365365855,1.0637281386416935
5.550001043826342,51.300001725554466,0.1000000074505806,1.0142135834465194
5.6000010445714,51.25000172480941,0.05276926365365855,1.0577379954333137
6.150001052767038,51.25000172480941,0.1000000074505806,1.02214628652442
6.200001053512096,51.20000172406435,0.05276926365365855,1.0637281386416935
6.500001057982445,51.20000172406435,0.1000000074505806,1.0142135834465194
6.550001058727503,51.15000172331929,0.05276926365365855,1.0577379954333137
6.850001063197851,51.15000172331929,0.1000000074505806,1.0142135834465194
6.900001063942909,51.100001722574234,0.05276926365365855,1.0577379954333137
7.200001068413258,51.100001722574234,0.1000000074505806,1.0142135834465194
7.250001069158316,51.050001721829176,0.05276926365365855,1.0577379954333137
7.500001072883606,51.050001721829176,0.1000000074505806,1.02214628652442
7.550001073628664,51.00000172108412,0.05276926365365855,1.0637281386416935
7.850001078099012,51.00000172108412,0.1000000074505806,1.02214628652442
7.90000107884407,50.95000172033906,0.05276926365365855,1.0637281386416935
8.200001083314419,50.95000172033906,0.1000000074505806,1.0142135834465194
8.250001084059477,50.900001719594,0.05276926365365855,1.0577379954333137
8.550001088529825,50.900001719594,0.1000000074505806,1.0142135834465194
8.600001089274883,50.850001718848944,0.05276926365365855,1.0577379954333137
8.900001093745232,50.850001718848944,0.1000000074505806,1.0142135834465194
8.95000109449029,50.800001718103886,0.05276926365365855,1.0577379954333137
9.20000109821558,50.800001718103886,0.1000000074505806,1.02214628652442
9.250001098960638,50.75000171735883,0.05276926365365855,1.0637281386416935
9.550001103430986,50.75000171735883,0.1000000074505806,1.0142135834465194
9.600001104176044,50.70000171661377,0.05276926365365855,1.0577379954333137
9.900001108646393,50.70000171661377,0.1000000074505806,1.0142135834465194
9.95000110939145,50.65000171586871,0.05276926365365855,1.0577379954333137
10.2500011138618,50.65000171586871,0.1000000074505806,1.0142135834465194
10.300001114606857,50.60000171512365,0.05276926365365855,1.0577379954333137
10.600001119077206,50.60000171512365,0.1000000074505806,1.0142135834465194
10.650001119822264,50.550001714378595,0.05276926365365855,1.0577379954333137
10.900001123547554,50.550001714378595,0.1000000074505806,1.02214628652442
10.950001124292612,50.50000171363354,0.05276926365365855,1.0637281386416935
11.25000112876296,50.50000171363354,0.1000000074505806,1.0142135834465194
11.300001129508018,50.45000171288848,0.05276926365365855,1.0577379954333137
11.600001133978367,50.45000171288848,0.1000000074505806,1.0142135834465194
11.650001134723425,50.40000171214342,0.05276926365365855,1.0577379954333137
11.950001139193773,50.40000171214342,0.1000000074505806,1.0142135834465194
12.000001139938831,50.35000171139836,0.05276926365365855,1.0577379954333137
12.30000114440918,50.35000171139836,0.1000000074505806,1.0142135834465194
12.350001145154238,50.300001710653305,0.05276926365365855,1.0577379954333137
12.600001148879528,50.300001710653305,0.1000000074505806,1.02214628652442
12.650001149624586,50.25000170990825,0.05276926365365855,1.0637281386416935
12.950001154094934,50.25000170990825,0.1000000074505806,1.0142135834465194
13.000001154839993,50.20000170916319,0.05276926365365855,1.0577379954333137
13.30000115931034,50.20000170916319,0.1000000074505806,1.0142135834465194
13.350001160055399,50.15000170841813,0.05276926365365855,1.0577379954333137
13.650001164525747,50.15000170841813,0.1000000074505806,1.0142135834465194
13.700001165270805,50.10000170767307,0.05276926365365855,1.0577379954333137
14.000001169741154,50.10000170767307,0.1000000074505806,1.0142135834465194
14.050001170486212,50.050001706928015,0.05276926365365855,1.0577379954333137
14.300001174211502,50.050001706928015,0.1000000074505806,1.02214628652442
14.35000117495656,50.00000170618296,0.05276926365365855,1.0637281386416935
14.650001179426908,50.00000170618296,0.1000000074505806,1.0142135834465194
14.700001180171967,49.9500017054379,0.05276926365365855,1.0577379954333137
15.000001184642315,49.9500017054379,0.1000000074505806,1.0142135834465194
15.050001185387373,49.90000170469284,0.05276926365365855,1.0577379954333137
15.350001189857721,49.90000170469284,0.1000000074505806,1.0142135834465194
15.40000119060278,49.85000170394778,0.05276926365365855,1.0577379954333137
15.700001195073128,49.85000170394778,0.1000000074505806,1.0142135834465194
15.750001195818186,49.800001703202724,0.05276926365365855,1.0577379954333137
16.000001199543476,49.800001703202724,0.1000000074505806,1.02214628652442
16.050001200288534,49.750001702457666,0.05276926365365855,1.0637281386416935
16.350001204758883,49.750001702457666,0.1000000074505806,1.0142135834465194
16.40000120550394,49.70000170171261,0.05276926365365855,1.0577379954333137
16.70000120997429,49.70000170171261,0.1000000074505806,1.0142135834465194
16.750001210719347,49.65000170096755,0.05276926365365855,1.0577379954333137
17.050001215189695,49.65000170096755,0.1000000074505806,1.0142135834465194
17.100001215934753,49.60000170022249,0.05276926365365855,1.0577379954333137
17.4000012204051,49.60000170022249,0.1000000074505806,1.0142135834465194
17.45000122115016,49.550001699477434,0.05276926365365855,1.0577379954333137
17.70000122487545,49.550001699477434,0.1000000074505806,1.02214628652442
17.750001225620508,49.500001698732376,0.05276926365365855,1.0637281386416935
18.050001230090857,49.500001698732376,0.1000000074505806,1.0142135834465194
18.100001230835915,49.45000169798732,0.05276926365365855,1.0577379954333137
18.400001235306263,49.45000169798732,0.1000000074505806,1.0142135834465194
18.45000123605132,49.40000169724226,0.05276926365365855,1.0577379954333137
18.75000124052167,49.40000169724226,0.1000000074505806,1.0142135834465194
18.800001241266727,49.3500016964972,0.05276926365365855,1.0577379954333137
19.050001244992018,49.3500016964972,0.1000000074505806,1.02214628652442
19.100001245737076,49.300001695752144,0.05276926365365855,1.0637281386416935
19.400001250207424,49.300001695752144,0.1000000074505806,1.02214628652442
19.450001250952482,49.250001695007086,0.05276926365365855,1.0637281386416935
19.75000125542283,49.250001695007086,0.1000000074505806,1.0142135834465194
19.80000125616789,49.20000169426203,0.05276926365365855,1.0577379954333137
20.100001260638237,49.20000169426203,0.1000000074505806,1.0142135834465194
20.150001261383295,49.15000169351697,0.05276926365365855,1.0577379954333137
20.450001265853643,49.15000169351697,0.1000000074505806,1.0142135834465194
20.5000012665987,49.10000169277191,0.05276926365365855,1.0577379954333137
20.75000127032399,49.10000169277191,0.1000000074505806,1.02214628652442
20.80000127106905,49.050001692026854,0.05276926365365855,1.0637281386416935
21.100001275539398,49.050001692026854,0.1000000074505806,1.0142135834465194
21.150001276284456,49.000001691281796,0.05276926365365855,1.0577379954333137
21.450001280754805,49.000001691281796,0.1000000074505806,1.0142135834465194
21.500001281499863,48.95000169053674,0.05276926365365855,1.0577379954333137
21.80000128597021,48.95000169053674,0.1000000074505806,1.0142135834465194
21.85000128671527,48.90000168979168,0.05276926365365855,1.0577379954333137
22.150001291185617,48.90000168979168,0.1000000074505806,1.0142135834465194
22.200001291930676,48.85000168904662,0.05276926365365855,1.0577379954333137
22.450001295655966,48.85000168904662,0.1000000074505806,1.02214628652442
22.500001296401024,48.80000168830156,0.05276926365365855,1.0637281386416935
22.800001300871372,48.80000168830156,0.1000000074505806,1.0142135834465194
22.85000130161643,48.750001687556505,0.05276926365365855,1.0577379954333137
23.15000130608678,48.750001687556505,0.1000000074505806,1.0142135834465194
23.200001306831837,48.70000168681145,0.05276926365365855,1.0577379954333137
23.500001311302185,48.70000168681145,0.1000000074505806,1.0142135834465194
23.550001312047243,48.65000168606639,0.05276926365365855,1.0577379954333137
23.85000131651759,48.65000168606639,0.1000000074505806,1.0142135834465194
23.90000131726265,48.60000168532133,0.05276926365365855,1.0577379954333137
24.15000132098794,48.60000168532133,0.1000000074505806,1.02214628652442
24.200001321732998,48.55000168457627,0.05276926365365855,1.0637281386416935
24.500001326203346,48.55000168457627,0.1000000074505806,1.0142135834465194
24.550001326948404,48.500001683831215,0.05276926365365855,1.0577379954333137
24.850001331418753,48.500001683831215,0.1000000074505806,1.0142135834465194
24.90000133216381,48.45000168308616,0.05276926365365855,1.0577379954333137
25.20000133663416,48.45000168308616,0.1000000074505806,1.0142135834465194
25.250001337379217,48.4000016823411,0.05276926365365855,1.0577379954333137
25.550001341849566,48.4000016823411,0.1000000074505806,1.0142135834465194
25.600001342594624,48.35000168159604,0.05276926365365855,1.0577379954333137
25.850001346319914,48.35000168159604,0.1000000074505806,1.02214628652442
25.900001347064972,48.30000168085098,0.05276926365365855,1.0637281386416935
26.20000135153532,48.30000168085098,0.1000000074505806,1.0142135834465194
26.25000135228038,48.250001680105925,0.05276926365365855,1.0577379954333137
26.550001356750727,48.250001680105925,0.1000000074505806,1.0142135834465194
26.600001357495785,48.20000167936087,0.05276926365365855,1.0577379954333137
26.900001361966133,48.20000167936087,0.1000000074505806,1.0142135834465194
26.95000136271119,48.15000167861581,0.05276926365365855,1.0577379954333137
27.25000136718154,48.15000167861581,0.1000000074505806,1.0142135834465194
27.300001367926598,48.10000167787075,0.05276926365365855,1.0577379954333137
27.550001371651888,48.10000167787075,0.1000000074505806,1.02214628652442
27.600001372396946,48.05000167712569,0.05276926365365855,1.0637281386416935
27.900001376867294,48.05000167712569,0.1000000074505806,1.0142135834465194
27.950001377612352,48.000001676380634,0.05276926365365855,1.0577379954333137
28.2500013820827,48.000001676380634,0.1000000074505806,1.0142135834465194
28.30000138282776,47.950001675635576,0.05276926365365855,1.0577379954333137
28.55000138655305,47.950001675635576,0.1000000074505806,1.02214628652442
28.600001387298107,47.90000167489052,0.05276926365365855,1.0637281386416935
28.900001391768456,47.90000167489052,0.1000000074505806,1.0142135834465194
28.950001392513514,47.85000167414546,0.05276926365365855,1.0577379954333137
29.250001396983862,47.85000167414546,0.1000000074505806,1.0142135834465194
29.30000139772892,47.8000016734004,0.05276926365365855,1.0577379954333137
29.55000140145421,47.8000016734004,0.1000000074505806,1.02214628652442
29.60000140219927,47.750001672655344,0.05276926365365855,1.0637281386416935
29.900001406669617,47.750001672655344,0.1000000074505806,1.0142135834465194
29.950001407414675,47.700001671910286,0.05276926365365855,1.0577379954333137
30.250001411885023,47.700001671910286,0.1000000074505806,1.0142135834465194
30.30000141263008,47.65000167116523,0.05276926365365855,1.0577379954333137
30.55000141635537,47.65000167116523,0.1000000074505806,1.02214628652442
30.60000141710043,47.60000167042017,0.05276926365365855,1.0637281386416935
30.80000142008066,47.60000167042017,0.10249378854378532,1.02214628652442
30.85000142082572,47.55000166967511,0.06097722973374026,1.0637281386416935
31.000001423060894,47.55000166967511,0.1000000074505806,1.0230249682804948
31.050001423805952,47.500001668930054,0.05276926365365855,1.0560219995525217
31.200001426041126,47.500001668930054,0.09244289742777607,1.0080128050138977
31.250001426786184,47.450001668184996,0.05276926365365855,1.0396180263407768
31.40000142902136,47.450001668184996,0.09244289742777607,0.9928388484733279
31.450001429766417,47.40000166743994,0.07169906363169383,1.0230249682804948
31.500001430511475,47.40000166743994,0.09244289742777607,1.0080128050138977
31.550001431256533,47.35000166669488,0.06097722973374026,1.0430869904698528
31.65000143274665,47.35000166669488,0.09244289742777607,1.02214628652442
31.700001433491707,47.30000166594982,0.07169906363169383,1.0534442070328693
31.750001434236765,47.30000166594982,0.09244289742777607,1.0317821276628512
31.800001434981823,47.25000166520476,0.07169906363169383,1.0534442070328693
31.85000143572688,47.25000166520476,0.09244289742777607,1.0317821276628512
31.90000143647194,47.200001664459705,0.06097722973374026,1.0534442070328693
32.000001437962055,47.200001664459705,0.09244289742777607,1.0089003013547875
32.05000143870711,47.15000166371465,0.07169906363169383,1.0317821276628512
32.10000143945217,47.15000166371465,0.09244289742777607,1.0089003013547875
32.15000144019723,47.10000166296959,0.07169906363169383,1.0317821276628512
32.20000144094229,47.10000166296959,0.09244289742777607,1.0089003013547875
32.250001441687346,47.05000166222453,0.07169906363169383,1.0317821276628512
32.300001442432404,47.05000166222453,0.1000000074505806,1.0089003013547875
32.40000144392252,46.950001660734415,0.07169906363169383,1.0422205316763558
32.45000144466758,46.950001660734415,0.1000000074505806,1.0150971908950817
32.550001446157694,46.8500016592443,0.07169906363169383,1.0422205316763558
32.60000144690275,46.8500016592443,0.09244289742777607,1.0150971908950817
32.65000144764781,46.80000165849924,0.07169906363169383,1.0212670615337187
32.70000144839287,46.80000165849924,0.1000000074505806,0.9901438981605425
32.800001449882984,46.700001657009125,0.07169906363169383,1.0150971908950817
32.85000145062804,46.700001657009125,0.1000000074505806,0.9829316892012206
33.15000145509839,46.400001652538776,0.07169906363169383,1.0495689230326823
33.20000145584345,46.400001652538776,0.1000000074505806,1.0142135834465194
33.70000146329403,45.900001645088196,0.09497475420628175,1.0142135834465194
33.70000146329403,45.85000164434314,0.06097722973374026,1.0495689230326823
33.95000146701932,45.60000164061785,0.09497475420628175,1.000892593487116
33.95000146701932,45.55000163987279,0.06097722973374026,1.0300349859166906
34.100001469254494,45.400001637637615,0.09497475420628175,1.000892593487116
34.100001469254494,45.35000163689256,0.06097722973374026,1.0300349859166906
34.20000147074461,45.25000163540244,0.09244289742777607,1.000892593487116
34.20000147074461,45.20000163465738,0.06097722973374026,1.0300349859166906
34.25000147148967,45.150001633912325,0.07169906363169383,1.0212670615337187
34.25000147148967,45.10000163316727,0.04721360216395983,1.0534442070328693
34.350001472979784,45.00000163167715,0.09244289742777607,1.0300349859166906
34.350001472979784,44.95000163093209,0.06097722973374026,1.0577379954333137
34.40000147372484,44.900001630187035,0.07169906363169383,1.0422205316763558
34.40000147372484,44.85000162944198,0.04721360216395983,1.070544138898089
34.50000147521496,44.75000162795186,0.09244289742777607,1.0317821276628512
34.50000147521496,44.7000016272068,0.06097722973374026,1.0534442070328693
34.550001475960016,44.650001626461744,0.07169906363169383,1.0317821276628512
34.550001475960016,44.600001625716686,0.04721360216395983,1.0534442070328693
34.600001476705074,44.55000162497163,0.07169906363169383,1.0317821276628512
34.600001476705074,44.50000162422657,0.04721360216395983,1.0534442070328693
34.65000147745013,44.45000162348151,0.07169906363169383,1.0317821276628512
34.65000147745013,44.400001622736454,0.04721360216395983,1.0534442070328693
34.70000147819519,44.350001621991396,0.07434165609349828,1.0317821276628512
34.70000147819519,44.30000162124634,0.06097722973374026,1.0534442070328693
34.75000147894025,44.25000162050128,0.09244289742777607,1.0317821276628512
34.75000147894025,44.20000161975622,0.07169906363169383,1.0534442070328693
34.80000147968531,44.150001619011164,0.09244289742777607,1.0317821276628512
34.80000147968531,44.05000161752105,0.06097722973374026,1.076482328024641
34.850001480430365,44.00000161677599,0.09244289742777607,1.0534442070328693
34.850001480430365,43.95000161603093,0.07169906363169383,1.070544138898089
34.90000148117542,43.90000161528587,0.09244289742777607,1.0396180263407768
34.90000148117542,43.850001614540815,0.07169906363169383,1.0577379954333137
34.95000148192048,43.80000161379576,0.09244289742777607,1.0317821276628512
34.95000148192048,43.70000161230564,0.06097722973374026,1.070544138898089
35.00000148266554,43.65000161156058,0.09244289742777607,1.0396180263407768
35.00000148266554,43.600001610815525,0.07169906363169383,1.0560219995525217
35.0500014834106,43.55000161007047,0.09244289742777607,1.0230249682804948
35.0500014834106,43.45000160858035,0.06097722973374026,1.0577379954333137
35.100001484155655,43.40000160783529,0.09244289742777607,1.0317821276628512
35.100001484155655,43.350001607090235,0.07169906363169383,1.0534442070328693
35.15000148490071,43.30000160634518,0.09244289742777607,1.0230249682804948
35.15000148490071,43.20000160485506,0.04721360216395983,1.0560219995525217
35.20000148564577,43.15000160411,0.07434165609349828,1.0230249682804948
35.20000148564577,43.100001603364944,0.06097722973374026,1.0396180263407768
35.25000148639083,43.050001602619886,0.09244289742777607,1.0080128050138977
35.25000148639083,42.95000160112977,0.04721360216395983,1.0396180263407768
35.30000148713589,42.90000160038471,0.07434165609349828,1.0115594423831848
35.30000148713589,42.800001598894596,0.04721360216395983,1.0534442070328693
35.350001487880945,42.75000159814954,0.07434165609349828,1.0230249682804948
35.350001487880945,42.70000159740448,0.06097722973374026,1.0396180263407768
35.400001488626,42.65000159665942,0.10249378854378532,1.0080128050138977
35.400001488626,42.50000159442425,0.06097722973374026,1.0577379954333137
35.45000148937106,42.45000159367919,0.09244289742777607,1.0317821276628512
35.45000148937106,42.350001592189074,0.06097722973374026,1.070544138898089
35.50000149011612,42.300001591444016,0.10249378854378532,1.0317821276628512
35.50000149011612,42.15000158920884,0.06097722973374026,1.0637281386416935
35.55000149086118,42.10000158846378,0.10249378854378532,1.02214628652442
35.55000149086118,41.95000158622861,0.06097722973374026,1.0560219995525217
35.600001491606236,41.90000158548355,0.09244289742777607,1.0142135834465194
35.600001491606236,41.75000158324838,0.05276926365365855,1.0430869904698528
35.650001492351294,41.70000158250332,0.09244289742777607,1.0080128050138977
35.650001492351294,41.550001580268145,0.05276926365365855,1.0430869904698528
35.70000149309635,41.50000157952309,0.09244289742777607,1.0080128050138977
35.70000149309635,41.250001575797796,0.050000006705522536,1.0560219995525217
35.75000149384141,41.20000157505274,0.1000000074505806,1.02214628652442
35.75000149384141,40.95000157132745,0.05276926365365855,1.0713939188816939
35.80000149458647,40.90000157058239,0.1000000074505806,1.0317821276628512
35.80000149458647,40.55000156536698,0.06097722973374026,1.0713939188816939
35.850001495331526,40.500001564621925,0.10249378854378532,1.0317821276628512
35.850001495331526,39.95000155642629,0.050000006705522536,1.0713939188816939
35.900001496076584,39.90000155568123,0.1000000074505806,1.0317821276628512
35.900001496076584,39.30000154674053,0.050000006705522536,1.0713939188816939
35.95000149682164,39.250001545995474,0.1000000074505806,1.0317821276628512
35.95000149682164,38.00000152736902,0.07434165609349828,1.1000000223517419
36.0000014975667,37.950001526623964,0.10990195895740962,1.0500000216066838
36.0000014975667,36.100001499056816,0.07434165609349828,1.1000000223517419
36.05000149831176,36.05000149831176,0.10990195895740962,1.0500000216066838
36.05000149831176,33.20000145584345,0.1000000074505806,1.0317821276628512
36.0000014975667,33.15000145509839,0.050000006705522536,1.0713939188816939
36.0000014975667,31.65000143274665,0.1000000074505806,1.0317821276628512
35.95000149682164,31.60000143200159,0.050000006705522536,1.0713939188816939
35.95000149682164,30.55000141635537,0.1000000074505806,1.0317821276628512
35.900001496076584,30.500001415610313,0.050000006705522536,1.0713939188816939
35.900001496076584,30.150001410394907,0.1000000074505806,1.0317821276628512
35.850001495331526,30.10000140964985,0.050000006705522536,1.0713939188816939
35.850001495331526,29.700001403689384,0.1000000074505806,1.0317821276628512
35.80000149458647,29.650001402944326,0.050000006705522536,1.0713939188816939
35.80000149458647,29.30000139772892,0.1000000074505806,1.0317821276628512
35.75000149384141,29.250001396983862,0.050000006705522536,1.0713939188816939
35.75000149384141,28.850001391023397,0.1000000074505806,1.0317821276628512
35.70000149309635,28.80000139027834,0.050000006705522536,1.0713939188816939
35.70000149309635,28.400001384317875,0.1000000074505806,1.02214628652442
35.650001492351294,28.350001383572817,0.050000006705522536,1.0637281386416935
35.650001492351294,27.950001377612352,0.1000000074505806,1.02214628652442
35.600001491606236,27.900001376867294,0.050000006705522536,1.0637281386416935
35.600001491606236,27.550001371651888,0.1000000074505806,1.02214628652442
35.55000149086118,27.50000137090683,0.050000006705522536,1.0637281386416935
35.55000149086118,27.100001364946365,0.1000000074505806,1.02214628652442
35.50000149011612,27.050001364201307,0.050000006705522536,1.0637281386416935
35.50000149011612,26.7000013589859,0.1000000074505806,1.02214628652442
35.45000148937106,26.650001358240843,0.05276926365365855,1.0637281386416935
35.45000148937106,26.400001354515553,0.10249378854378532,1.02214628652442
35.400001488626,26.350001353770494,0.06097722973374026,1.0637281386416935
35.400001488626,26.150001350790262,0.10249378854378532,1.02214628652442
35.350001487880945,26.100001350045204,0.06097722973374026,1.0637281386416935
35.350001487880945,25.900001347064972,0.1000000074505806,1.02214628652442
35.30000148713589,25.850001346319914,0.05276926365365855,1.0637281386416935
35.30000148713589,25.65000134333968,0.1000000074505806,1.02214628652442
35.25000148639083,25.600001342594624,0.05276926365365855,1.0637281386416935
35.25000148639083,25.40000133961439,0.1000000074505806,1.02214628652442
35.20000148564577,25.350001338869333,0.05276926365365855,1.0637281386416935
35.20000148564577,25.1500013358891,0.1000000074505806,1.02214628652442
35.15000148490071,25.100001335144043,0.05276926365365855,1.0637281386416935
35.15000148490071,24.90000133216381,0.1000000074505806,1.02214628652442
35.100001484155655,24.850001331418753,0.05276926365365855,1.0637281386416935
35.100001484155655,24.600001327693462,0.1000000074505806,1.02214628652442
35.0500014834106,24.550001326948404,0.05276926365365855,1.0637281386416935
35.0500014834106,24.350001323968172,0.1000000074505806,1.02214628652442
35.00000148266554,24.300001323223114,0.05276926365365855,1.0637281386416935
35.00000148266554,24.10000132024288,0.1000000074505806,1.02214628652442
34.95000148192048,24.050001319497824,0.05276926365365855,1.0637281386416935
34.95000148192048,23.85000131651759,0.1000000074505806,1.02214628652442
34.90000148117542,23.800001315772533,0.05276926365365855,1.0637281386416935
34.90000148117542,23.6000013127923,0.1000000074505806,1.02214628652442
34.850001480430365,23.550001312047243,0.05276926365365855,1.0637281386416935
34.850001480430365,23.35000130906701,0.1000000074505806,1.02214628652442
34.80000147968531,23.300001308321953,0.050000006705522536,1.0637281386416935
34.80000147968531,23.050001304596663,0.1000000074505806,1.0142135834465194
34.75000147894025,23.000001303851604,0.05276926365365855,1.0560219995525217
34.75000147894025,22.800001300871372,0.10249378854378532,1.0142135834465194
34.70000147819519,22.750001300126314,0.06097722973374026,1.0560219995525217
34.70000147819519,22.60000129789114,0.10249378854378532,1.0080128050138977
34.65000147745013,22.550001297146082,0.06097722973374026,1.0430869904698528
34.65000147745013,22.450001295655966,0.09244289742777607,1.02214628652442
34.600001476705074,22.400001294910908,0.06097722973374026,1.0560219995525217
34.600001476705074,22.250001292675734,0.10249378854378532,1.02214628652442
34.550001475960016,22.200001291930676,0.06097722973374026,1.0560219995525217
34.550001475960016,22.0500012896955,0.10249378854378532,1.02214628652442
34.50000147521496,22.000001288950443,0.06097722973374026,1.0560219995525217
34.50000147521496,21.85000128671527,0.10249378854378532,1.02214628652442
34.4500014744699,21.80000128597021,0.06097722973374026,1.0560219995525217
34.4500014744699,21.650001283735037,0.10249378854378532,1.02214628652442
34.40000147372484,21.60000128298998,0.06097722973374026,1.0560219995525217
34.40000147372484,21.500001281499863,0.09244289742777607,1.0230249682804948
34.350001472979784,21.450001280754805,0.06097722973374026,1.0560219995525217
34.350001472979784,21.30000127851963,0.10249378854378532,1.02214628652442
34.300001472234726,21.250001277774572,0.06097722973374026,1.0560219995525217
34.300001472234726,21.100001275539398,0.10249378854378532,1.02214628652442
34.25000147148967,21.05000127479434,0.06097722973374026,1.0560219995525217
34.25000147148967,20.900001272559166,0.10249378854378532,1.02214628652442
34.20000147074461,20.850001271814108,0.06097722973374026,1.0560219995525217
34.20000147074461,20.700001269578934,0.10249378854378532,1.02214628652442
34.15000146999955,20.650001268833876,0.06097722973374026,1.0560219995525217
34.15000146999955,20.5000012665987,0.10249378854378532,1.02214628652442
34.100001469254494,20.450001265853643,0.06097722973374026,1.0560219995525217
34.100001469254494,20.350001264363527,0.09244289742777607,1.0230249682804948
34.050001468509436,20.30000126361847,0.06097722973374026,1.0560219995525217
34.050001468509436,20.150001261383295,0.10249378854378532,1.02214628652442
34.00000146776438,20.100001260638237,0.06097722973374026,1.0560219995525217
34.00000146776438,19.950001258403063,0.10249378854378532,1.02214628652442
33.95000146701932,19.900001257658005,0.06097722973374026,1.0560219995525217
33.95000146701932,19.75000125542283,0.10249378854378532,1.02214628652442
33.90000146627426,19.700001254677773,0.06097722973374026,1.0560219995525217
33.90000146627426,19.5500012524426,0.10249378854378532,1.02214628652442
33.8500014655292,19.50000125169754,0.06097722973374026,1.0560219995525217
33.8500014655292,19.400001250207424,0.09244289742777607,1.0317821276628512
33.800001464784145,19.350001249462366,0.06097722973374026,1.070544138898089
33.800001464784145,19.200001247227192,0.10249378854378532,1.0230249682804948
33.75000146403909,19.150001246482134,0.06097722973374026,1.0560219995525217
33.75000146403909,19.00000124424696,0.10249378854378532,1.02214628652442
33.70000146329403,18.9500012435019,0.06097722973374026,1.0560219995525217
33.70000146329403,18.800001241266727,0.10249378854378532,1.02214628652442
33.65000146254897,18.75000124052167,0.06097722973374026,1.0560219995525217
33.65000146254897,18.600001238286495,0.10249378854378532,1.02214628652442
33.60000146180391,18.550001237541437,0.06097722973374026,1.0560219995525217
33.60000146180391,18.400001235306263,0.1000000074505806,1.02214628652442
33.550001461058855,18.350001234561205,0.05276926365365855,1.0560219995525217
33.550001461058855,18.150001231580973,0.1000000074505806,1.0080128050138977
33.5000014603138,18.100001230835915,0.05276926365365855,1.0430869904698528
33.5000014603138,17.900001227855682,0.1000000074505806,1.0080128050138977
33.45000145956874,17.850001227110624,0.05276926365365855,1.0430869904698528
33.45000145956874,17.650001224130392,0.10249378854378532,1.0080128050138977
33.40000145882368,17.600001223385334,0.06097722973374026,1.0430869904698528
33.40000145882368,17.45000122115016,0.1000000074505806,1.0142135834465194
33.35000145807862,17.4000012204051,0.05276926365365855,1.0577379954333137
33.35000145807862,17.20000121742487,0.1000000074505806,1.02214628652442
33.300001457333565,17.15000121667981,0.05276926365365855,1.0637281386416935
33.300001457333565,16.95000121369958,0.1000000074505806,1.02214628652442
33.25000145658851,16.90000121295452,0.05276926365365855,1.0637281386416935
33.25000145658851,16.70000120997429,0.10249378854378532,1.02214628652442
33.20000145584345,16.65000120922923,0.06097722973374026,1.0637281386416935
33.20000145584345,16.450001206249,0.10249378854378532,1.02214628652442
33.15000145509839,16.40000120550394,0.06097722973374026,1.0637281386416935
33.15000145509839,16.20000120252371,0.10249378854378532,1.0317821276628512
33.10000145435333,16.15000120177865,0.06097722973374026,1.0713939188816939
33.10000145435333,15.950001198798418,0.10249378854378532,1.0317821276628512
33.050001453608274,15.90000119805336,0.06097722973374026,1.0713939188816939
33.050001453608274,15.700001195073128,0.1000000074505806,1.0317821276628512
33.000001452863216,15.65000119432807,0.050000006705522536,1.0713939188816939
33.000001452863216,15.350001189857721,0.1000000074505806,1.0142135834465194
32.95000145211816,15.300001189112663,0.050000006705522536,1.0577379954333137
32.95000145211816,14.60000117868185,0.1000000074505806,1.0317821276628512
32.9000014513731,14.550001177936792,0.050000006705522536,1.0713939188816939
32.9000014513731,13.950001168996096,0.10990195895740962,1.0500000216066838
32.85000145062804,13.900001168251038,0.07434165609349828,1.1000000223517419
32.85000145062804,12.250001143664122,0.050000006705522536,1.0713939188816939
32.9000014513731,12.200001142919064,0.1000000074505806,1.0317821276628512
32.9000014513731,11.650001134723425,0.06097722973374026,1.0807093115603725
32.95000145211816,11.600001133978367,0.10249378854378532,1.0430869904698528
32.95000145211816,11.200001128017902,0.05276926365365855,1.0637281386416935
33.000001452863216,11.150001127272844,0.1000000074505806,1.02214628652442
33.000001452863216,10.900001123547554,0.050000006705522536,1.0534442070328693
33.050001453608274,10.850001122802496,0.1000000074505806,1.0080128050138977
33.050001453608274,10.650001119822264,0.05276926365365855,1.0430869904698528
33.10000145435333,10.600001119077206,0.1000000074505806,1.0080128050138977
33.10000145435333,10.450001116842031,0.06097722973374026,1.0560219995525217
33.15000145509839,10.400001116096973,0.10249378854378532,1.02214628652442
33.15000145509839,10.2500011138618,0.06097722973374026,1.0560219995525217
33.20000145584345,10.200001113116741,0.09244289742777607,1.02214628652442
33.20000145584345,10.100001111626625,0.06097722973374026,1.0430869904698528
33.25000145658851,10.050001110881567,0.09244289742777607,1.0080128050138977
33.25000145658851,9.95000110939145,0.04721360216395983,1.0396180263407768
33.300001457333565,9.900001108646393,0.07434165609349828,1.0115594423831848
33.300001457333565,9.800001107156277,0.04721360216395983,1.0534442070328693
33.35000145807862,9.750001106411219,0.07169906363169383,1.0230249682804948
33.35000145807862,9.70000110566616,0.04721360216395983,1.0396180263407768
33.40000145882368,9.650001104921103,0.07434165609349828,1.0115594423831848
33.40000145882368,9.550001103430986,0.04721360216395983,1.0534442070328693
33.45000145956874,9.500001102685928,0.07434165609349828,1.0230249682804948
33.45000145956874,9.45000110194087,0.06097722973374026,1.0396180263407768
33.5000014603138,9.400001101195812,0.09244289742777607,1.0115594423831848
33.5000014603138,9.300001099705696,0.04721360216395983,1.0534442070328693
33.550001461058855,9.250001098960638,0.07434165609349828,1.0230249682804948
33.550001461058855,9.20000109821558,0.06097722973374026,1.0396180263407768
33.60000146180391,9.150001097470522,0.09244289742777607,1.0115594423831848
33.60000146180391,9.050001095980406,0.04721360216395983,1.0534442070328693
33.65000146254897,9.000001095235348,0.07434165609349828,1.0230249682804948
33.65000146254897,8.95000109449029,0.06097722973374026,1.0396180263407768
33.70000146329403,8.900001093745232,0.09244289742777607,1.0115594423831848
33.70000146329403,8.800001092255116,0.06097722973374026,1.0534442070328693
33.75000146403909,8.750001091510057,0.09244289742777607,1.0230249682804948
33.75000146403909,8.650001090019941,0.06097722973374026,1.0577379954333137
33.800001464784145,8.600001089274883,0.09244289742777607,1.0317821276628512
33.800001464784145,8.550001088529825,0.07169906363169383,1.0534442070328693
33.8500014655292,8.500001087784767,0.09244289742777607,1.02214628652442
33.8500014655292,8.400001086294651,0.06097722973374026,1.0430869904698528
33.90000146627426,8.350001085549593,0.09244289742777607,1.0080128050138977
33.90000146627426,8.250001084059477,0.06097722973374026,1.0396180263407768
33.95000146701932,8.200001083314419,0.09244289742777607,1.0080128050138977
33.95000146701932,8.050001081079245,0.05276926365365855,1.0430869904698528
34.00000146776438,8.000001080334187,0.09244289742777607,1.0080128050138977
34.00000146776438,7.850001078099012,0.05276926365365855,1.0560219995525217
34.050001468509436,7.800001077353954,0.1000000074505806,1.02214628652442
34.050001468509436,7.450001072138548,0.050000006705522536,1.0713939188816939
34.100001469254494,7.40000107139349,0.1000000074505806,1.0317821276628512
34.100001469254494,6.850001063197851,0.1000000074505806,1.0317821276628512
34.050001468509436,6.800001062452793,0.050000006705522536,1.0713939188816939
34.050001468509436,6.500001057982445,0.1000000074505806,1.0142135834465194
34.00000146776438,6.450001057237387,0.05276926365365855,1.0560219995525217
34.00000146776438,6.3000010550022125,0.09244289742777607,1.02214628652442
33.95000146701932,6.2500010542571545,0.06097722973374026,1.0560219995525217
33.95000146701932,6.150001052767038,0.09244289742777607,1.0230249682804948
33.90000146627426,6.10000105202198,0.06097722973374026,1.0534442070328693
33.90000146627426,6.000001050531864,0.09244289742777607,1.0115594423831848
33.8500014655292,5.950001049786806,0.06097722973374026,1.0396180263407768
33.8500014655292,5.900001049041748,0.07434165609349828,1.0230249682804948
33.800001464784145,5.85000104829669,0.04721360216395983,1.0560219995525217
33.800001464784145,5.750001046806574,0.09244289742777607,1.0230249682804948
33.75000146403909,5.700001046061516,0.07169906363169383,1.0534442070328693
33.75000146403909,5.650001045316458,0.09244289742777607,1.0317821276628512
33.70000146329403,5.6000010445714,0.07169906363169383,1.0534442070328693
33.70000146329403,5.550001043826342,0.09244289742777607,1.0317821276628512
33.65000146254897,5.500001043081284,0.07169906363169383,1.0534442070328693
33.65000146254897,5.4500010423362255,0.09244289742777607,1.0317821276628512
33.60000146180391,5.4000010415911674,0.06097722973374026,1.0534442070328693
33.60000146180391,5.350001040846109,0.07434165609349828,1.0317821276628512
33.550001461058855,5.300001040101051,0.04721360216395983,1.0534442070328693
33.550001461058855,5.250001039355993,0.07169906363169383,1.0317821276628512
33.5000014603138,5.200001038610935,0.04721360216395983,1.0534442070328693
33.5000014603138,5.150001037865877,0.07169906363169383,1.0317821276628512
33.45000145956874,5.100001037120819,0.04721360216395983,1.0534442070328693
33.45000145956874,5.050001036375761,0.07169906363169383,1.0317821276628512
33.40000145882368,5.000001035630703,0.06097722973374026,1.0534442070328693
33.40000145882368,4.950001034885645,0.09244289742777607,1.0300349859166906
33.300001457333565,4.850001033395529,0.06097722973374026,1.0534442070328693
33.300001457333565,4.800001032650471,0.09244289742777607,1.0212670615337187
33.20000145584345,4.700001031160355,0.06097722973374026,1.0422205316763558
33.20000145584345,4.6500010304152966,0.09497475420628175,1.0150971908950817
33.050001453608274,4.500001028180122,0.06097722973374026,1.0422205316763558
33.050001453608274,4.450001027435064,0.09244289742777607,1.0150971908950817
32.95000145211816,4.350001025944948,0.06097722973374026,1.0422205316763558
32.95000145211816,4.30000102519989,0.09497475420628175,1.0150971908950817
32.800001449882984,4.150001022964716,0.06097722973374026,1.0422205316763558
32.800001449882984,4.100001022219658,0.09244289742777607,1.0150971908950817
32.70000144839287,4.000001020729542,0.06097722973374026,1.0300349859166906
32.70000144839287,3.9500010199844837,0.09497475420628175,1.000892593487116
32.550001446157694,3.8000010177493095,0.06097722973374026,1.0422205316763558
32.550001446157694,3.7500010170042515,0.09244289742777607,1.0150971908950817
32.45000144466758,3.6500010155141354,0.06097722973374026,1.0300349859166906
32.45000144466758,3.6000010147690773,0.09244289742777607,1.000892593487116
32.35000144317746,3.500001013278961,0.06097722973374026,1.0300349859166906
32.35000144317746,3.450001012533903,0.09244289742777607,1.000892593487116
32.250001441687346,3.350001011043787,0.06097722973374026,1.0300349859166906
32.250001441687346,3.300001010298729,0.09244289742777607,1.000892593487116
32.15000144019723,3.200001008808613,0.06097722973374026,1.0300349859166906
32.15000144019723,3.1500010080635548,0.09497475420628175,1.000892593487116
32.000001437962055,3.0000010058283806,0.06097722973374026,1.0422205316763558
32.000001437962055,2.9500010050833225,0.09244289742777607,1.0150971908950817
31.90000143647194,2.8500010035932064,0.06097722973374026,1.0422205316763558
31.90000143647194,2.8000010028481483,0.09244289742777607,1.0150971908950817
31.800001434981823,2.7000010013580322,0.06097722973374026,1.0422205316763558
31.800001434981823,2.650001000612974,0.09244289742777607,1.0150971908950817
31.700001433491707,2.550000999122858,0.06097722973374026,1.0422205316763558
31.700001433491707,2.5000009983778,0.09244289742777607,1.0150971908950817
31.60000143200159,2.400000996887684,0.06097722973374026,1.0422205316763558
31.60000143200159,2.350000996142626,0.09497475420628175,1.0150971908950817
31.450001429766417,2.2000009939074516,0.06097722973374026,1.0577379954333137
31.450001429766417,2.1500009931623936,0.09244289742777607,1.0300349859166906
31.3500014282763,2.0500009916722775,0.06097722973374026,1.0577379954333137
31.3500014282763,2.0000009909272194,0.09244289742777607,1.0300349859166906
31.250001426786184,1.9000009894371033,0.06097722973374026,1.0577379954333137
31.250001426786184,1.8500009886920452,0.09244289742777607,1.0300349859166906
31.150001425296068,1.750000987201929,0.06097722973374026,1.0577379954333137
31.150001425296068,1.700000986456871,0.09497475420628175,1.0300349859166906
31.000001423060894,1.5500009842216969,0.06097722973374026,1.070544138898089
31.000001423060894,1.5000009834766388,0.09244289742777607,1.0422205316763558
30.900001421570778,1.4000009819865227,0.06097722973374026,1.070544138898089
30.900001421570778,1.3500009812414646,0.09244289742777607,1.0422205316763558
30.80000142008066,1.2500009797513485,0.04721360216395983,1.070544138898089
30.80000142008066,1.2000009790062904,0.07169906363169383,1.0422205316763558
30.750001419335604,1.1500009782612324,0.04721360216395983,1.0577379954333137
30.750001419335604,1.1000009775161743,0.07169906363169383,1.0300349859166906
30.700001418590546,1.0500009767711163,0.04721360216395983,1.0422205316763558
30.700001418590546,1.0000009760260582,0.07169906363169383,1.0150971908950817
30.650001417845488,0.9500009752810001,0.06097722973374026,1.0326548995376617
30.650001417845488,0.9000009745359421,0.09244289742777607,1.0089003013547875
30.55000141635537,0.800000973045826,0.04721360216395983,1.0534442070328693
30.55000141635537,0.7500009723007679,0.07169906363169383,1.0317821276628512
30.500001415610313,0.7000009715557098,0.04721360216395983,1.0534442070328693
30.500001415610313,0.6500009708106518,0.07169906363169383,1.0317821276628512
30.450001414865255,0.6000009700655937,0.04721360216395983,1.0534442070328693
30.450001414865255,0.5500009693205357,0.07169906363169383,1.0317821276628512
30.400001414120197,0.5000009685754776,0.06097722973374026,1.0534442070328693
30.400001414120197,0.45000096783041954,0.09244289742777607,1.0317821276628512
30.35000141337514,0.4000009670853615,0.07169906363169383,1.0534442070328693
30.35000141337514,0.3500009663403034,0.09244289742777607,1.0317821276628512
30.30000141263008,0.30000096559524536,0.07169906363169383,1.0534442070328693
30.30000141263008,0.2500009648501873,0.09244289742777607,1.0317821276628512
30.250001411885023,0.20000096410512924,0.07169906363169383,1.0534442070328693
30.250001411885023,0.15000096336007118,0.09244289742777607,1.0317821276628512
30.150001410394907,0.05000096186995506,0.06097722973374026,1.076482328024641
30.150001410394907,9.611248970031738e-07,0.09244289742777607,1.0534442070328693
30.10000140964985,-0.049999039620161057,0.07169906363169383,1.076482328024641
30.10000140964985,-0.09999904036521912,0.09244289742777607,1.0534442070328693
30.05000140890479,-0.14999904111027718,0.07169906363169383,1.076482328024641
30.05000140890479,-0.19999904185533524,0.09244289742777607,1.0534442070328693
30.000001408159733,-0.2499990426003933,0.06097722973374026,1.076482328024641
30.000001408159733,-0.3499990440905094,0.09244289742777607,1.0317821276628512
29.950001407414675,-0.3999990448355675,0.07169906363169383,1.0534442070328693
29.950001407414675,-0.44999904558062553,0.09244289742777607,1.0317821276628512
29.900001406669617,-0.4999990463256836,0.06097722973374026,1.0534442070328693
29.900001406669617,-0.5499990470707417,0.07434165609349828,1.0317821276628512
29.85000140592456,-0.5999990478157997,0.04721360216395983,1.0534442070328693
29.85000140592456,-0.6999990493059158,0.09244289742777607,1.0115594423831848
29.8000014051795,-0.7499990500509739,0.06097722973374026,1.0396180263407768
29.8000014051795,-0.799999050796032,0.07434165609349828,1.0230249682804948
29.750001404434443,-0.84999905154109,0.04721360216395983,1.0560219995525217
29.750001404434443,-0.9499990530312061,0.09244289742777607,1.0230249682804948
29.700001403689384,-0.9999990537762642,0.06097722973374026,1.0560219995525217
29.700001403689384,-1.0999990552663803,0.09244289742777607,1.0230249682804948
29.650001402944326,-1.1499990560114384,0.07169906363169383,1.0560219995525217
29.650001402944326,-1.1999990567564964,0.09244289742777607,1.0396180263407768
29.60000140219927,-1.2499990575015545,0.06097722973374026,1.070544138898089
29.60000140219927,-1.3999990597367287,0.10249378854378532,1.0230249682804948
29.55000140145421,-1.4499990604817867,0.06097722973374026,1.0560219995525217
29.55000140145421,-1.599999062716961,0.10249378854378532,1.0080128050138977
29.500001400709152,-1.649999063462019,0.06097722973374026,1.0396180263407768
29.500001400709152,-1.7999990656971931,0.1000000074505806,0.9946325888797801
29.450001399964094,-1.8499990664422512,0.05276926365365855,1.0317821276628512
29.450001399964094,-2.0499990694224834,0.10249378854378532,1.0035669056765961
29.400001399219036,-2.0999990701675415,0.06097722973374026,1.0430869904698528
29.400001399219036,-2.2499990724027157,0.10249378854378532,1.0142135834465194
29.350001398473978,-2.2999990731477737,0.06097722973374026,1.0577379954333137
29.350001398473978,-2.499999076128006,0.1000000074505806,1.0317821276628512
29.30000139772892,-2.549999076873064,0.050000006705522536,1.0713939188816939
29.30000139772892,-3.9499990977346897,0.050000006705522536,1.0637281386416935
29.350001398473978,-3.9999990984797478,0.1000000074505806,1.02214628652442
29.350001398473978,-4.249999102205038,0.050000006705522536,1.0637281386416935
29.400001399219036,-4.299999102950096,0.1000000074505806,1.02214628652442
29.400001399219036,-4.44999910518527,0.06097722973374026,1.0534442070328693
29.450001399964094,-4.499999105930328,0.10249378854378532,1.0080128050138977
29.450001399964094,-4.699999108910561,0.05276926365365855,1.0430869904698528
29.500001400709152,-4.749999109655619,0.09244289742777607,1.0080128050138977
29.500001400709152,-4.849999111145735,0.06097722973374026,1.0396180263407768
29.55000140145421,-4.899999111890793,0.09244289742777607,1.0080128050138977
29.55000140145421,-4.999999113380909,0.06097722973374026,1.0396180263407768
29.60000140219927,-5.049999114125967,0.10249378854378532,1.0080128050138977
29.60000140219927,-5.199999116361141,0.06097722973374026,1.0560219995525217
29.650001402944326,-5.249999117106199,0.09244289742777607,1.0230249682804948
29.650001402944326,-5.349999118596315,0.06097722973374026,1.0560219995525217
29.700001403689384,-5.399999119341373,0.10249378854378532,1.0230249682804948
29.700001403689384,-5.549999121576548,0.06097722973374026,1.0773286922833285
29.750001404434443,-5.599999122321606,0.09244289742777607,1.0534442070328693
29.750001404434443,-5.649999123066664,0.07169906363169383,1.070544138898089
29.8000014051795,-5.699999123811722,0.09244289742777607,1.0396180263407768
29.8000014051795,-5.74999912455678,0.07169906363169383,1.0560219995525217
29.85000140592456,-5.799999125301838,0.09244289742777607,1.0230249682804948
29.85000140592456,-5.899999126791954,0.06097722973374026,1.0560219995525217
29.900001406669617,-5.949999127537012,0.09244289742777607,1.0230249682804948
29.900001406669617,-6.049999129027128,0.04721360216395983,1.0560219995525217
29.950001407414675,-6.099999129772186,0.07434165609349828,1.0230249682804948
29.950001407414675,-6.149999130517244,0.06097722973374026,1.0396180263407768
30.000001408159733,-6.199999131262302,0.09244289742777607,1.0115594423831848
30.000001408159733,-6.2999991327524185,0.04721360216395983,1.0534442070328693
30.05000140890479,-6.349999133497477,0.07169906363169383,1.0230249682804948
30.05000140890479,-6.399999134242535,0.04721360216395983,1.0396180263407768
30.10000140964985,-6.449999134987593,0.07434165609349828,1.0115594423831848
30.10000140964985,-6.549999136477709,0.04721360216395983,1.0534442070328693
30.150001410394907,-6.599999137222767,0.07169906363169383,1.0230249682804948
30.150001410394907,-6.649999137967825,0.04721360216395983,1.0396180263407768
30.200001411139965,-6.699999138712883,0.07434165609349828,1.0115594423831848
30.200001411139965,-6.799999140202999,0.04721360216395983,1.0534442070328693
30.250001411885023,-6.849999140948057,0.07169906363169383,1.0317821276628512
30.250001411885023,-6.899999141693115,0.04721360216395983,1.0534442070328693
30.30000141263008,-6.949999142438173,0.07169906363169383,1.0230249682804948
30.30000141263008,-6.999999143183231,0.04721360216395983,1.0396180263407768
30.35000141337514,-7.049999143928289,0.07434165609349828,1.0115594423831848
30.35000141337514,-7.1499991454184055,0.04721360216395983,1.0534442070328693
30.400001414120197,-7.199999146163464,0.07169906363169383,1.0230249682804948
30.400001414120197,-7.249999146908522,0.04721360216395983,1.0396180263407768
30.450001414865255,-7.29999914765358,0.07434165609349828,1.0115594423831848
30.450001414865255,-7.399999149143696,0.04721360216395983,1.0534442070328693
30.500001415610313,-7.449999149888754,0.07434165609349828,1.0230249682804948
30.500001415610313,-7.499999150633812,0.06097722973374026,1.0396180263407768
30.55000141635537,-7.54999915137887,0.09244289742777607,1.0115594423831848
30.55000141635537,-7.649999152868986,0.06097722973374026,1.0534442070328693
30.60000141710043,-7.699999153614044,0.09244289742777607,1.0230249682804948
30.60000141710043,-7.79999915510416,0.06097722973374026,1.0577379954333137
30.650001417845488,-7.849999155849218,0.09244289742777607,1.0317821276628512
30.650001417845488,-7.899999156594276,0.07169906363169383,1.0534442070328693
30.700001418590546,-7.9499991573393345,0.09244289742777607,1.0230249682804948
30.700001418590546,-8.04999915882945,0.06097722973374026,1.0560219995525217
30.750001419335604,-8.099999159574509,0.09244289742777607,1.02214628652442
30.750001419335604,-8.199999161064625,0.06097722973374026,1.0430869904698528
30.80000142008066,-8.249999161809683,0.09244289742777607,1.0080128050138977
30.80000142008066,-8.399999164044857,0.05276926365365855,1.0430869904698528
30.85000142082572,-8.449999164789915,0.1000000074505806,1.0080128050138977
30.85000142082572,-8.649999167770147,0.05276926365365855,1.0560219995525217
30.900001421570778,-8.699999168515205,0.1000000074505806,1.02214628652442
30.900001421570778,-9.049999173730612,0.050000006705522536,1.0713939188816939
30.950001422315836,-9.09999917447567,0.1000000074505806,1.0317821276628512
30.950001422315836,-9.749999184161425,0.1000000074505806,1.0317821276628512
30.900001421570778,-9.799999184906483,0.050000006705522536,1.0713939188816939
30.900001421570778,-10.199999190866947,0.1000000074505806,1.02214628652442
30.85000142082572,-10.249999191612005,0.05276926365365855,1.0560219995525217
30.85000142082572,-10.39999919384718,0.09244289742777607,1.02214628652442
30.80000142008066,-10.449999194592237,0.06097722973374026,1.0560219995525217
30.80000142008066,-10.599999196827412,0.10249378854378532,1.02214628652442
30.750001419335604,-10.64999919757247,0.06097722973374026,1.0534442070328693
30.750001419335604,-10.749999199062586,0.09244289742777607,1.0115594423831848
30.700001418590546,-10.799999199807644,0.06097722973374026,1.0396180263407768
30.700001418590546,-10.849999200552702,0.07434165609349828,1.0230249682804948
30.650001417845488,-10.89999920129776,0.04721360216395983,1.0534442070328693
30.650001417845488,-10.949999202042818,0.07169906363169383,1.0317821276628512
30.60000141710043,-10.999999202787876,0.04721360216395983,1.0577379954333137
30.60000141710043,-11.099999204277992,0.09244289742777607,1.0230249682804948
30.55000141635537,-11.14999920502305,0.06097722973374026,1.0534442070328693
30.55000141635537,-11.199999205768108,0.07434165609349828,1.0317821276628512
30.500001415610313,-11.249999206513166,0.04721360216395983,1.0534442070328693
30.500001415610313,-11.299999207258224,0.07169906363169383,1.0317821276628512
30.450001414865255,-11.349999208003283,0.04721360216395983,1.0577379954333137
30.450001414865255,-11.39999920874834,0.07169906363169383,1.0326548995376617
30.400001414120197,-11.449999209493399,0.04721360216395983,1.0534442070328693
30.400001414120197,-11.499999210238457,0.07169906363169383,1.0300349859166906
30.35000141337514,-11.549999210983515,0.06097722973374026,1.0422205316763558
30.35000141337514,-11.599999211728573,0.09244289742777607,1.0150971908950817
30.250001411885023,-11.699999213218689,0.04721360216395983,1.0422205316763558
30.250001411885023,-11.749999213963747,0.07169906363169383,1.0150971908950817
30.200001411139965,-11.799999214708805,0.06097722973374026,1.0326548995376617
30.200001411139965,-11.849999215453863,0.09244289742777607,1.0089003013547875
30.10000140964985,-11.94999921694398,0.06097722973374026,1.0422205316763558
30.10000140964985,-11.999999217689037,0.09244289742777607,1.0150971908950817
30.000001408159733,-12.099999219179153,0.06097722973374026,1.0422205316763558
30.000001408159733,-12.149999219924212,0.09497475420628175,1.0142135834465194
29.750001404434443,-12.399999223649502,0.06097722973374026,1.0300349859166906
29.750001404434443,-12.44999922439456,0.09497475420628175,1.000892593487116
29.350001398473978,-12.849999230355024,0.09497475420628175,1.000892593487116
29.30000139772892,-12.849999230355024,0.06097722973374026,1.0300349859166906
29.05000139400363,-13.099999234080315,0.09497475420628175,1.000892593487116
29.00000139325857,-13.099999234080315,0.06097722973374026,1.0300349859166906
28.950001392513514,-13.149999234825373,0.07169906363169383,1.0212670615337187
28.900001391768456,-13.149999234825373,0.04721360216395983,1.0534442070328693
28.80000139027834,-13.249999236315489,0.09244289742777607,1.0300349859166906
28.75000138953328,-13.249999236315489,0.06097722973374026,1.0534442070328693
28.700001388788223,-13.299999237060547,0.07169906363169383,1.0317821276628512
28.650001388043165,-13.299999237060547,0.04721360216395983,1.0534442070328693
28.55000138655305,-13.399999238550663,0.09244289742777607,1.0150971908950817
28.50000138580799,-13.399999238550663,0.06097722973374026,1.0422205316763558
28.450001385062933,-13.449999239295721,0.07169906363169383,1.0300349859166906
28.400001384317875,-13.449999239295721,0.04721360216395983,1.0534442070328693
28.350001383572817,-13.49999924004078,0.07169906363169383,1.0317821276628512
28.30000138282776,-13.49999924004078,0.04721360216395983,1.0534442070328693
28.2500013820827,-13.549999240785837,0.07169906363169383,1.0326548995376617
28.200001381337643,-13.549999240785837,0.04721360216395983,1.0560219995525217
28.150001380592585,-13.599999241530895,0.07434165609349828,1.0230249682804948
28.100001379847527,-13.599999241530895,0.06097722973374026,1.0396180263407768
28.05000137910247,-13.649999242275953,0.09244289742777607,1.0115594423831848
27.950001377612352,-13.649999242275953,0.06097722973374026,1.0534442070328693
27.900001376867294,-13.699999243021011,0.09244289742777607,1.0230249682804948
27.800001375377178,-13.699999243021011,0.04721360216395983,1.0560219995525217
27.75000137463212,-13.74999924376607,0.07434165609349828,1.0230249682804948
27.700001373887062,-13.74999924376607,0.06097722973374026,1.0396180263407768
27.650001373142004,-13.799999244511127,0.09244289742777607,1.0115594423831848
27.550001371651888,-13.799999244511127,0.06097722973374026,1.0534442070328693
27.50000137090683,-13.849999245256186,0.09244289742777607,1.0230249682804948
27.400001369416714,-13.849999245256186,0.04721360216395983,1.0560219995525217
27.350001368671656,-13.899999246001244,0.07434165609349828,1.0230249682804948
27.300001367926598,-13.899999246001244,0.06097722973374026,1.0396180263407768
27.25000136718154,-13.949999246746302,0.09244289742777607,1.0115594423831848
27.150001365691423,-13.949999246746302,0.06097722973374026,1.0430869904698528
27.100001364946365,-13.99999924749136,0.10249378854378532,1.0080128050138977
26.95000136271119,-13.99999924749136,0.06097722973374026,1.0430869904698528
26.900001361966133,-14.049999248236418,0.10249378854378532,1.0080128050138977
26.75000135973096,-14.049999248236418,0.06097722973374026,1.0560219995525217
26.7000013589859,-14.099999248981476,0.10249378854378532,1.02214628652442
26.550001356750727,-14.099999248981476,0.06097722973374026,1.0560219995525217
26.50000135600567,-14.149999249726534,0.09244289742777607,1.02214628652442
26.400001354515553,-14.149999249726534,0.06097722973374026,1.0430869904698528
26.350001353770494,-14.199999250471592,0.10249378854378532,1.0080128050138977
26.20000135153532,-14.199999250471592,0.06097722973374026,1.0430869904698528
26.150001350790262,-14.24999925121665,0.10249378854378532,1.0080128050138977
26.000001348555088,-14.24999925121665,0.06097722973374026,1.0430869904698528
25.95000134781003,-14.299999251961708,0.10249378854378532,1.0080128050138977
25.800001345574856,-14.299999251961708,0.06097722973374026,1.0560219995525217
25.750001344829798,-14.349999252706766,0.10249378854378532,1.02214628652442
25.600001342594624,-14.349999252706766,0.06097722973374026,1.0560219995525217
25.550001341849566,-14.399999253451824,0.09244289742777607,1.02214628652442
25.45000134035945,-14.399999253451824,0.06097722973374026,1.0430869904698528
25.40000133961439,-14.449999254196882,0.10249378854378532,1.0080128050138977
25.250001337379217,-14.449999254196882,0.06097722973374026,1.0560219995525217
25.20000133663416,-14.49999925494194,0.10249378854378532,1.02214628652442
25.050001334398985,-14.49999925494194,0.06097722973374026,1.0560219995525217
25.000001333653927,-14.549999255686998,0.10249378854378532,1.0230249682804948
24.850001331418753,-14.549999255686998,0.06097722973374026,1.070544138898089
24.800001330673695,-14.599999256432056,0.09244289742777607,1.0396180263407768
24.70000132918358,-14.599999256432056,0.06097722973374026,1.070544138898089
24.65000132843852,-14.649999257177114,0.10249378854378532,1.0317821276628512
24.500001326203346,-14.649999257177114,0.06097722973374026,1.070544138898089
24.450001325458288,-14.699999257922173,0.10249378854378532,1.0396180263407768
24.300001323223114,-14.699999257922173,0.06097722973374026,1.0807093115603725
24.250001322478056,-14.74999925866723,0.09244289742777607,1.0430869904698528
24.15000132098794,-14.74999925866723,0.06097722973374026,1.070544138898089
24.10000132024288,-14.799999259412289,0.09244289742777607,1.0396180263407768
24.050001319497824,-14.799999259412289,0.07169906363169383,1.0560219995525217
24.000001318752766,-14.849999260157347,0.09244289742777607,1.0230249682804948
23.90000131726265,-14.849999260157347,0.06097722973374026,1.0560219995525217
23.85000131651759,-14.899999260902405,0.09244289742777607,1.02214628652442
23.750001315027475,-14.899999260902405,0.06097722973374026,1.0430869904698528
23.700001314282417,-14.949999261647463,0.09244289742777607,1.0080128050138977
23.6000013127923,-14.949999261647463,0.04721360216395983,1.0396180263407768
23.550001312047243,-14.999999262392521,0.07434165609349828,1.0080128050138977
23.450001310557127,-14.999999262392521,0.04721360216395983,1.0396180263407768
23.40000130981207,-15.049999263137579,0.07434165609349828,1.0080128050138977
23.300001308321953,-15.049999263137579,0.04721360216395983,1.0396180263407768
23.250001307576895,-15.099999263882637,0.07434165609349828,1.0115594423831848
23.15000130608678,-15.099999263882637,0.04721360216395983,1.0534442070328693
23.10000130534172,-15.149999264627695,0.07169906363169383,1.0317821276628512
23.050001304596663,-15.149999264627695,0.04721360216395983,1.0534442070328693
23.000001303851604,-15.199999265372753,0.07434165609349828,1.0317821276628512
22.950001303106546,-15.199999265372753,0.06097722973374026,1.0534442070328693
22.90000130236149,-15.249999266117811,0.09244289742777607,1.0317821276628512
22.800001300871372,-15.249999266117811,0.06097722973374026,1.070544138898089
22.750001300126314,-15.29999926686287,0.09244289742777607,1.0396180263407768
22.700001299381256,-15.29999926686287,0.07169906363169383,1.0577379954333137
22.650001298636198,-15.349999267607927,0.09244289742777607,1.0317821276628512
22.60000129789114,-15.349999267607927,0.07169906363169383,1.0534442070328693
22.550001297146082,-15.399999268352985,0.09244289742777607,1.0317821276628512
22.500001296401024,-15.399999268352985,0.07169906363169383,1.0534442070328693
22.450001295655966,-15.449999269098043,0.09244289742777607,1.0317821276628512
22.400001294910908,-15.449999269098043,0.06097722973374026,1.0534442070328693
22.35000129416585,-15.499999269843102,0.07169906363169383,1.0317821276628512
22.30000129342079,-15.499999269843102,0.04721360216395983,1.0534442070328693
22.250001292675734,-15.54999927058816,0.07169906363169383,1.0317821276628512
22.200001291930676,-15.54999927058816,0.04721360216395983,1.0534442070328693
22.150001291185617,-15.599999271333218,0.07169906363169383,1.0317821276628512
22.10000129044056,-15.599999271333218,0.04721360216395983,1.0534442070328693
22.000001288950443,-15.699999272823334,0.09244289742777607,1.0089003013547875
21.950001288205385,-15.699999272823334,0.06097722973374026,1.0317821276628512
21.900001287460327,-15.749999273568392,0.07169906363169383,1.0089003013547875
21.85000128671527,-15.749999273568392,0.04721360216395983,1.0317821276628512
21.80000128597021,-15.79999927431345,0.07169906363169383,1.0089003013547875
21.750001285225153,-15.79999927431345,0.04721360216395983,1.0326548995376617
21.700001284480095,-15.849999275058508,0.07169906363169383,1.0150971908950817
21.650001283735037,-15.849999275058508,0.04721360216395983,1.0422205316763558
21.55000128224492,-15.949999276548624,0.09244289742777607,1.0212670615337187
21.500001281499863,-15.949999276548624,0.06097722973374026,1.0534442070328693
21.450001280754805,-15.999999277293682,0.07169906363169383,1.0422205316763558
21.400001280009747,-15.999999277293682,0.04721360216395983,1.070544138898089
21.250001277774572,-16.149999279528856,0.09497475420628175,1.0300349859166906
21.200001277029514,-16.149999279528856,0.06097722973374026,1.0577379954333137
21.000001274049282,-16.34999928250909,0.09497475420628175,1.000892593487116
20.950001273304224,-16.34999928250909,0.06097722973374026,1.0300349859166906
20.80000127106905,-16.499999284744263,0.09497475420628175,0.989244419646335
20.75000127032399,-16.499999284744263,0.05961941462011876,1.0150971908950817
20.5000012665987,-16.749999288469553,0.09497475420628175,0.9788582438603561
20.450001265853643,-16.749999288469553,0.06097722973374026,1.0142135834465194
20.25000126287341,-16.949999291449785,0.09497475420628175,1.0142135834465194
20.200001262128353,-16.949999291449785,0.06097722973374026,1.0495689230326823
19.25000124797225,-17.89999930560589,0.06097722973374026,1.0495689230326823
19.25000124797225,-17.949999306350946,0.09497475420628175,1.0142135834465194
18.800001241266727,-18.39999931305647,0.06097722973374026,1.0495689230326823
18.800001241266727,-18.449999313801527,0.09497475420628175,1.0142135834465194
18.350001234561205,-18.89999932050705,0.06097722973374026,1.0495689230326823
18.350001234561205,-18.949999321252108,0.09497475420628175,1.0142135834465194
17.900001227855682,-19.39999932795763,0.06097722973374026,1.0495689230326823
17.900001227855682,-19.449999328702688,0.09497475420628175,1.0142135834465194
17.500001221895218,-19.849999334663153,0.06097722973374026,1.0495689230326823
17.500001221895218,-19.89999933540821,0.09497475420628175,1.0142135834465194
17.050001215189695,-20.349999342113733,0.06097722973374026,1.0495689230326823
17.050001215189695,-20.39999934285879,0.09497475420628175,1.0142135834465194
16.600001208484173,-20.849999349564314,0.06097722973374026,1.0495689230326823
16.600001208484173,-20.899999350309372,0.09497475420628175,1.0142135834465194
16.15000120177865,-21.349999357014894,0.06097722973374026,1.0495689230326823
16.15000120177865,-21.399999357759953,0.09497475420628175,1.0142135834465194
15.700001195073128,-21.849999364465475,0.06097722973374026,1.0495689230326823
15.700001195073128,-21.899999365210533,0.09497475420628175,1.0142135834465194
15.250001188367605,-22.349999371916056,0.06097722973374026,1.0495689230326823
15.250001188367605,-22.399999372661114,0.09497475420628175,1.0142135834465194
14.800001181662083,-22.849999379366636,0.06097722973374026,1.0495689230326823
14.800001181662083,-22.899999380111694,0.09497475420628175,1.0142135834465194
14.35000117495656,-23.349999386817217,0.06097722973374026,1.0495689230326823
14.35000117495656,-23.399999387562275,0.09497475420628175,1.0142135834465194
13.900001168251038,-23.849999394267797,0.06097722973374026,1.0495689230326823
13.900001168251038,-23.899999395012856,0.09497475420628175,1.0142135834465194
13.450001161545515,-24.349999401718378,0.06097722973374026,1.0495689230326823
13.450001161545515,-24.399999402463436,0.09497475420628175,1.0142135834465194
13.000001154839993,-24.84999940916896,0.06097722973374026,1.0495689230326823
13.000001154839993,-24.899999409914017,0.09497475420628175,1.0142135834465194
12.55000114813447,-25.34999941661954,0.06097722973374026,1.0495689230326823
12.55000114813447,-25.399999417364597,0.09497475420628175,1.0142135834465194
12.150001142174006,-25.799999423325062,0.06097722973374026,1.0495689230326823
12.150001142174006,-25.84999942407012,0.09497475420628175,1.0142135834465194
11.700001135468483,-26.299999430775642,0.06097722973374026,1.0495689230326823
11.700001135468483,-26.3499994315207,0.09497475420628175,1.0142135834465194
11.25000112876296,-26.799999438226223,0.06097722973374026,1.0495689230326823
11.25000112876296,-26.84999943897128,0.09497475420628175,1.0142135834465194
10.800001122057438,-27.299999445676804,0.06097722973374026,1.0495689230326823
10.800001122057438,-27.34999944642186,0.09497475420628175,1.0142135834465194
10.350001115351915,-27.799999453127384,0.06097722973374026,1.0495689230326823
10.350001115351915,-27.849999453872442,0.09497475420628175,1.0142135834465194
9.900001108646393,-28.299999460577965,0.06097722973374026,1.0495689230326823
9.900001108646393,-28.349999461323023,0.09497475420628175,1.0142135834465194
9.45000110194087,-28.799999468028545,0.06097722973374026,1.0495689230326823
9.45000110194087,-28.849999468773603,0.09497475420628175,1.0142135834465194
9.000001095235348,-29.299999475479126,0.06097722973374026,1.0495689230326823
9.000001095235348,-29.349999476224184,0.09497475420628175,1.0142135834465194
8.550001088529825,-29.799999482929707,0.06097722973374026,1.0495689230326823
8.550001088529825,-29.849999483674765,0.09497475420628175,1.0142135834465194
8.100001081824303,-30.299999490380287,0.06097722973374026,1.0495689230326823
8.100001081824303,-30.349999491125345,0.09497475420628175,1.0142135834465194
7.65000107511878,-30.799999497830868,0.06097722973374026,1.0495689230326823
7.65000107511878,-30.849999498575926,0.09497475420628175,1.0142135834465194
7.200001068413258,-31.29999950528145,0.06097722973374026,1.0495689230326823
7.200001068413258,-31.349999506026506,0.09497475420628175,1.0142135834465194
6.800001062452793,-31.74999951198697,0.06097722973374026,1.0495689230326823
6.800001062452793,-31.79999951273203,0.09497475420628175,1.0142135834465194
6.350001055747271,-32.24999951943755,0.06097722973374026,1.0495689230326823
6.350001055747271,-32.29999952018261,0.09497475420628175,1.0142135834465194
5.900001049041748,-32.74999952688813,0.06097722973374026,1.0495689230326823
5.900001049041748,-32.79999952763319,0.09497475420628175,1.0142135834465194
5.4500010423362255,-33.24999953433871,0.06097722973374026,1.0495689230326823
5.4500010423362255,-33.29999953508377,0.09497475420628175,1.0142135834465194
5.000001035630703,-33.74999954178929,0.06097722973374026,1.0495689230326823
5.000001035630703,-33.79999954253435,0.09497475420628175,1.0142135834465194
4.55000102892518,-34.249999549239874,0.06097722973374026,1.0495689230326823
4.55000102892518,-34.29999954998493,0.09497475420628175,1.0142135834465194
4.100001022219658,-34.749999556690454,0.06097722973374026,1.0495689230326823
4.100001022219658,-34.79999955743551,0.09497475420628175,1.0142135834465194
3.6500010155141354,-35.249999564141035,0.06097722973374026,1.0495689230326823
3.6500010155141354,-35.29999956488609,0.09497475420628175,1.0142135834465194
3.200001008808613,-35.749999571591616,0.06097722973374026,1.0495689230326823
3.200001008808613,-35.799999572336674,0.09497475420628175,1.0142135834465194
2.7500010021030903,-36.249999579042196,0.06097722973374026,1.0495689230326823
2.7500010021030903,-36.299999579787254,0.09497475420628175,1.0142135834465194
2.3000009953975677,-36.74999958649278,0.06097722973374026,1.0495689230326823
2.3000009953975677,-36.799999587237835,0.09497475420628175,1.0142135834465194
1.8500009886920452,-37.24999959394336,0.06097722973374026,1.0495689230326823
1.8500009886920452,-37.299999594688416,0.09497475420628175,1.0142135834465194
1.4500009827315807,-37.69999960064888,0.06097722973374026,1.0495689230326823
1.4500009827315807,-37.74999960139394,0.09497475420628175,1.0142135834465194
1.0000009760260582,-38.19999960809946,0.06097722973374026,1.0495689230326823
1.0000009760260582,-38.24999960884452,0.09497475420628175,1.0142135834465194
0.5500009693205357,-38.69999961555004,0.06097722973374026,1.0495689230326823
0.5500009693205357,-38.7499996162951,0.09497475420628175,1.0142135834465194
0.10000096261501312,-39.19999962300062,0.06097722973374026,1.0495689230326823
0.10000096261501312,-39.24999962374568,0.09497475420628175,1.0142135834465194
-0.3499990440905094,-39.6999996304512,0.06097722973374026,1.0495689230326823
-0.3499990440905094,-39.74999963119626,0.09497475420628175,1.0142135834465194
-0.799999050796032,-40.19999963790178,0.06097722973374026,1.0495689230326823
-0.799999050796032,-40.24999963864684,0.09497475420628175,1.0142135834465194
-1.2499990575015545,-40.699999645352364,0.06097722973374026,1.0495689230326823
-1.2499990575015545,-40.74999964609742,0.09497475420628175,1.0142135834465194
-1.699999064207077,-41.199999652802944,0.06097722973374026,1.0495689230326823
-1.699999064207077,-41.249999653548,0.09497475420628175,1.0142135834465194
-6.899999141693115,-46.44999973103404,0.06097722973374026,1.0495689230326823
-6.899999141693115,-46.4999997317791,0.09497475420628175,1.0142135834465194
-9.049999173730612,-48.649999763816595,0.09497475420628175,0.9788582438603561
-9.09999917447567,-48.649999763816595,0.06097722973374026,1.0142135834465194
-9.84999918565154,-49.399999774992466,0.09497475420628175,0.9788582438603561
-9.899999186396599,-49.399999774992466,0.06097722973374026,1.0142135834465194
-10.549999196082354,-50.04999978467822,0.09497475420628175,0.9829316892012206
-10.599999196827412,-50.04999978467822,0.06097722973374026,1.0159802469503794
-11.14999920502305,-50.59999979287386,0.09497475420628175,1.0142135834465194
-11.199999205768108,-50.59999979287386,0.06097722973374026,1.0495689230326823
-11.649999212473631,-51.04999979957938,0.09497475420628175,0.9829316892012206
-11.699999213218689,-51.04999979957938,0.06097722973374026,1.0159802469503794
-11.899999216198921,-51.249999802559614,0.09497475420628175,0.9901438981605425
-11.94999921694398,-51.249999802559614,0.06097722973374026,1.0212670615337187
-12.149999219924212,-51.449999805539846,0.09497475420628175,1.000892593487116
-12.19999922066927,-51.449999805539846,0.06097722973374026,1.0300349859166906
-12.399999223649502,-51.64999980852008,0.09497475420628175,1.0142135834465194
-12.44999922439456,-51.64999980852008,0.06097722973374026,1.0422205316763558
-12.649999227374792,-51.84999981150031,0.09497475420628175,1.0142135834465194
-12.69999922811985,-51.84999981150031,0.06097722973374026,1.0495689230326823
-12.849999230355024,-51.999999813735485,0.09497475420628175,1.000892593487116
-12.899999231100082,-51.999999813735485,0.06097722973374026,1.0300349859166906
-12.94999923184514,-52.04999981448054,0.07169906363169383,1.0089003013547875
-12.999999232590199,-52.04999981448054,0.04721360216395983,1.0317821276628512
-13.049999233335257,-52.0999998152256,0.07169906363169383,1.0089003013547875
-13.099999234080315,-52.0999998152256,0.04721360216395983,1.0326548995376617
-13.149999234825373,-52.14999981597066,0.07169906363169383,1.0150971908950817
-13.19999923557043,-52.14999981597066,0.04721360216395983,1.0422205316763558
-13.249999236315489,-52.19999981671572,0.07169906363169383,1.0300349859166906
-13.299999237060547,-52.19999981671572,0.04721360216395983,1.0534442070328693
-13.399999238550663,-52.29999981820583,0.09244289742777607,1.0089003013547875
-13.449999239295721,-52.29999981820583,0.06097722973374026,1.0326548995376617
-13.49999924004078,-52.34999981895089,0.07169906363169383,1.0150971908950817
-13.549999240785837,-52.34999981895089,0.04721360216395983,1.0422205316763558
-13.599999241530895,-52.39999981969595,0.07169906363169383,1.0300349859166906
-13.649999242275953,-52.39999981969595,0.04721360216395983,1.0534442070328693
-13.699999243021011,-52.44999982044101,0.07169906363169383,1.0326548995376617
-13.74999924376607,-52.44999982044101,0.04721360216395983,1.0577379954333137
-13.799999244511127,-52.499999821186066,0.07169906363169383,1.0422205316763558
-13.849999245256186,-52.499999821186066,0.04721360216395983,1.070544138898089
-13.949999246746302,-52.59999982267618,0.09244289742777607,1.0317821276628512
-13.99999924749136,-52.59999982267618,0.06097722973374026,1.0534442070328693
-14.049999248236418,-52.64999982342124,0.07169906363169383,1.0326548995376617
-14.099999248981476,-52.64999982342124,0.04721360216395983,1.0577379954333137
-14.149999249726534,-52.6999998241663,0.07169906363169383,1.0422205316763558
-14.199999250471592,-52.6999998241663,0.04721360216395983,1.070544138898089
-14.299999251961708,-52.799999825656414,0.09244289742777607,1.0230249682804948
-14.399999253451824,-52.799999825656414,0.04721360216395983,1.0577379954333137
-14.449999254196882,-52.84999982640147,0.07169906363169383,1.0317821276628512
-14.49999925494194,-52.84999982640147,0.04721360216395983,1.0534442070328693
-14.549999255686998,-52.89999982714653,0.07434165609349828,1.0230249682804948
-14.599999256432056,-52.89999982714653,0.06097722973374026,1.0396180263407768
-14.649999257177114,-52.94999982789159,0.09244289742777607,1.0115594423831848
-14.74999925866723,-52.94999982789159,0.06097722973374026,1.0534442070328693
-14.799999259412289,-52.999999828636646,0.09244289742777607,1.0230249682804948
-14.899999260902405,-52.999999828636646,0.04721360216395983,1.0577379954333137
-14.949999261647463,-53.049999829381704,0.07434165609349828,1.02214628652442
-15.099999263882637,-53.049999829381704,0.050000006705522536,1.0560219995525217
-15.149999264627695,-53.09999983012676,0.1000000074505806,1.02214628652442
-15.399999268352985,-53.09999983012676,0.050000006705522536,1.0713939188816939
-15.449999269098043,-53.14999983087182,0.1000000074505806,1.0317821276628512
-16.499999284744263,-53.14999983087182,0.1000000074505806,1.0317821276628512
-16.54999928548932,-53.09999983012676,0.050000006705522536,1.0713939188816939
-16.84999928995967,-53.09999983012676,0.1000000074505806,1.02214628652442
-16.899999290704727,-53.049999829381704,0.050000006705522536,1.0560219995525217
-17.09999929368496,-53.049999829381704,0.09244289742777607,1.0080128050138977
-17.149999294430017,-52.999999828636646,0.05276926365365855,1.0430869904698528
-17.29999929666519,-52.999999828636646,0.09244289742777607,1.0080128050138977
-17.34999929741025,-52.94999982789159,0.06097722973374026,1.0430869904698528
-17.449999298900366,-52.94999982789159,0.09244289742777607,1.02214628652442
-17.499999299645424,-52.89999982714653,0.06097722973374026,1.0560219995525217
-17.649999301880598,-52.89999982714653,0.10249378854378532,1.0115594423831848
-17.699999302625656,-52.84999982640147,0.06097722973374026,1.0396180263407768
-17.749999303370714,-52.84999982640147,0.07434165609349828,1.0230249682804948
-17.799999304115772,-52.799999825656414,0.04721360216395983,1.0534442070328693
-17.84999930486083,-52.799999825656414,0.07169906363169383,1.0317821276628512
-17.89999930560589,-52.749999824911356,0.04721360216395983,1.0534442070328693
-17.999999307096004,-52.749999824911356,0.07434165609349828,1.0089003013547875
-18.049999307841063,-52.6999998241663,0.04721360216395983,1.0317821276628512
-18.09999930858612,-52.6999998241663,0.07169906363169383,1.0089003013547875
-18.14999930933118,-52.64999982342124,0.04721360216395983,1.0317821276628512
-18.199999310076237,-52.64999982342124,0.07169906363169383,1.0115594423831848
-18.249999310821295,-52.59999982267618,0.04721360216395983,1.0396180263407768
-18.299999311566353,-52.59999982267618,0.07169906363169383,1.0230249682804948
-18.34999931231141,-52.549999821931124,0.04721360216395983,1.0534442070328693
-18.39999931305647,-52.549999821931124,0.07169906363169383,1.0317821276628512
-18.449999313801527,-52.499999821186066,0.06097722973374026,1.0534442070328693
-18.499999314546585,-52.499999821186066,0.09244289742777607,1.0317821276628512
-18.5999993160367,-52.39999981969595,0.04721360216395983,1.070544138898089
-18.64999931678176,-52.39999981969595,0.07169906363169383,1.0422205316763558
-18.699999317526817,-52.34999981895089,0.04721360216395983,1.0577379954333137
-18.749999318271875,-52.34999981895089,0.07169906363169383,1.0300349859166906
-18.799999319016933,-52.29999981820583,0.06097722973374026,1.0422205316763558
-18.84999931976199,-52.29999981820583,0.09244289742777607,1.0150971908950817
-18.949999321252108,-52.19999981671572,0.04721360216395983,1.0422205316763558
-18.999999321997166,-52.19999981671572,0.07169906363169383,1.0150971908950817
-19.049999322742224,-52.14999981597066,0.06097722973374026,1.0300349859166906
-19.099999323487282,-52.14999981597066,0.09497475420628175,1.000892593487116
-19.249999325722456,-51.999999813735485,0.06097722973374026,1.0422205316763558
-19.299999326467514,-51.999999813735485,0.09497475420628175,1.0142135834465194
-19.549999330192804,-51.749999810010195,0.06097722973374026,1.0495689230326823
-19.599999330937862,-51.749999810010195,0.09497475420628175,1.0142135834465194
-20.1499993391335,-51.199999801814556,0.1000000074505806,0.9901438981605425
-20.1499993391335,-51.1499998010695,0.07169906363169383,1.0212670615337187
-20.39999934285879,-50.89999979734421,0.1000000074505806,0.979311442966714
-20.39999934285879,-50.84999979659915,0.07169906363169383,1.0142135834465194
-20.44999934360385,-50.79999979585409,0.09244289742777607,1.000892593487116
-20.44999934360385,-50.749999795109034,0.07169906363169383,1.0300349859166906
-20.549999345093966,-50.64999979361892,0.1000000074505806,1.0150971908950817
-20.549999345093966,-50.59999979287386,0.07169906363169383,1.0422205316763558
-20.599999345839024,-50.5499997921288,0.09244289742777607,1.0300349859166906
-20.599999345839024,-50.49999979138374,0.07169906363169383,1.0534442070328693
-20.69999934732914,-50.39999978989363,0.1000000074505806,1.0089003013547875
-20.69999934732914,-50.34999978914857,0.07169906363169383,1.0317821276628512
-20.749999348074198,-50.29999978840351,0.09244289742777607,1.0089003013547875
-20.749999348074198,-50.24999978765845,0.07169906363169383,1.0317821276628512
-20.799999348819256,-50.199999786913395,0.09244289742777607,1.0089003013547875
-20.799999348819256,-50.14999978616834,0.07169906363169383,1.0317821276628512
-20.849999349564314,-50.09999978542328,0.09244289742777607,1.0089003013547875
-20.849999349564314,-50.04999978467822,0.07169906363169383,1.0317821276628512
-20.899999350309372,-49.99999978393316,0.09244289742777607,1.0089003013547875
-20.899999350309372,-49.949999783188105,0.07169906363169383,1.0326548995376617
-20.94999935105443,-49.89999978244305,0.09244289742777607,1.0150971908950817
-20.94999935105443,-49.79999978095293,0.06097722973374026,1.070544138898089
-20.999999351799488,-49.74999978020787,0.09244289742777607,1.0396180263407768
-20.999999351799488,-49.699999779462814,0.07169906363169383,1.0560219995525217
-21.049999352544546,-49.649999778717756,0.09244289742777607,1.0230249682804948
-21.049999352544546,-49.5999997779727,0.07169906363169383,1.0396180263407768
-21.099999353289604,-49.54999977722764,0.09244289742777607,1.0080128050138977
-21.099999353289604,-49.449999775737524,0.06097722973374026,1.0396180263407768
-21.149999354034662,-49.399999774992466,0.09244289742777607,1.0080128050138977
-21.149999354034662,-49.34999977424741,0.07169906363169383,1.0230249682804948
-21.19999935477972,-49.29999977350235,0.09244289742777607,0.9928388484733279
-21.19999935477972,-49.149999771267176,0.05276926365365855,1.0396180263407768
-21.24999935552478,-49.09999977052212,0.09244289742777607,1.0080128050138977
-21.24999935552478,-48.999999769032,0.06097722973374026,1.0396180263407768
-21.299999356269836,-48.94999976828694,0.10249378854378532,1.0115594423831848
-21.299999356269836,-48.74999976530671,0.06097722973374026,1.0713939188816939
-21.349999357014894,-48.69999976456165,0.10249378854378532,1.0317821276628512
-21.349999357014894,-48.54999976232648,0.06097722973374026,1.0637281386416935
-21.399999357759953,-48.49999976158142,0.10249378854378532,1.02214628652442
-21.399999357759953,-48.34999975934625,0.06097722973374026,1.0560219995525217
-21.44999935850501,-48.29999975860119,0.10249378854378532,1.02214628652442
-21.44999935850501,-48.149999756366014,0.06097722973374026,1.0560219995525217
-21.49999935925007,-48.099999755620956,0.10249378854378532,1.0142135834465194
-21.49999935925007,-47.94999975338578,0.06097722973374026,1.0430869904698528
-21.549999359995127,-47.899999752640724,0.10249378854378532,1.0080128050138977
-21.549999359995127,-47.649999748915434,0.050000006705522536,1.0560219995525217
-21.599999360740185,-47.599999748170376,0.1000000074505806,1.0142135834465194
-21.599999360740185,-47.399999745190144,0.05276926365365855,1.0560219995525217
-21.649999361485243,-47.349999744445086,0.1000000074505806,1.0142135834465194
-21.649999361485243,-47.04999973997474,0.07434165609349828,1.0807093115603725
-21.6999993622303,-46.99999973922968,0.10990195895740962,1.0430869904698528
-21.6999993622303,-46.54999973252416,0.05276926365365855,1.0713939188816939
-21.74999936297536,-46.4999997317791,0.1000000074505806,1.0317821276628512
-21.74999936297536,-46.099999725818634,0.05276926365365855,1.0577379954333137
-21.799999363720417,-46.049999725073576,0.1000000074505806,1.0142135834465194
-21.799999363720417,-45.69999971985817,0.05276926365365855,1.0500000216066838
-21.849999364465475,-45.64999971911311,0.1000000074505806,1.000892593487116
-21.849999364465475,-45.19999971240759,0.05276926365365855,1.0500000216066838
-21.899999365210533,-45.14999971166253,0.1000000074505806,1.0000000208616258
-21.899999365210533,-44.69999970495701,0.05276926365365855,1.0500000216066838
-21.94999936595559,-44.64999970421195,0.1000000074505806,1.000892593487116
-21.94999936595559,-44.249999698251486,0.06097722973374026,1.0637281386416935
-21.99999936670065,-44.19999969750643,0.10249378854378532,1.02214628652442
-21.99999936670065,-43.999999694526196,0.06097722973374026,1.0577379954333137
-22.049999367445707,-43.94999969378114,0.10249378854378532,1.0142135834465194
-22.049999367445707,-43.79999969154596,0.06097722973374026,1.0430869904698528
-22.099999368190765,-43.749999690800905,0.10249378854378532,1.0080128050138977
-22.099999368190765,-43.54999968782067,0.05276926365365855,1.0430869904698528
-22.149999368935823,-43.499999687075615,0.09244289742777607,1.0080128050138977
-22.149999368935823,-43.3999996855855,0.06097722973374026,1.0396180263407768
-22.19999936968088,-43.34999968484044,0.10249378854378532,1.0080128050138977
-22.19999936968088,-43.19999968260527,0.06097722973374026,1.0560219995525217
-22.24999937042594,-43.14999968186021,0.09244289742777607,1.0230249682804948
-22.24999937042594,-43.09999968111515,0.07169906363169383,1.0396180263407768
-22.299999371170998,-43.04999968037009,0.09244289742777607,1.0080128050138977
-22.299999371170998,-42.999999679625034,0.07169906363169383,1.0230249682804948
-22.349999371916056,-42.949999678879976,0.09244289742777607,0.9928388484733279
-22.349999371916056,-42.84999967738986,0.06097722973374026,1.0317821276628512
-22.399999372661114,-42.7999996766448,0.09244289742777607,1.0089003013547875
-22.399999372661114,-42.749999675899744,0.07169906363169383,1.0317821276628512
-22.449999373406172,-42.699999675154686,0.09244289742777607,1.0089003013547875
-22.449999373406172,-42.64999967440963,0.07169906363169383,1.0317821276628512
-22.49999937415123,-42.59999967366457,0.09244289742777607,1.0089003013547875
-22.49999937415123,-42.54999967291951,0.07434165609349828,1.0326548995376617
-22.549999374896288,-42.499999672174454,0.1000000074505806,1.0150971908950817
-22.549999374896288,-42.449999671429396,0.07169906363169383,1.0422205316763558
-22.599999375641346,-42.39999967068434,0.09244289742777607,1.0300349859166906
-22.599999375641346,-42.34999966993928,0.07169906363169383,1.0534442070328693
-22.649999376386404,-42.29999966919422,0.09244289742777607,1.0317821276628512
-22.649999376386404,-42.24999966844916,0.07169906363169383,1.0534442070328693
-22.699999377131462,-42.199999667704105,0.09244289742777607,1.0317821276628512
-22.699999377131462,-42.14999966695905,0.07169906363169383,1.0534442070328693
-22.74999937787652,-42.09999966621399,0.09244289742777607,1.0317821276628512
-22.74999937787652,-42.04999966546893,0.07169906363169383,1.0534442070328693
-22.799999378621578,-41.99999966472387,0.09244289742777607,1.0317821276628512
-22.799999378621578,-41.949999663978815,0.07169906363169383,1.0534442070328693
-22.849999379366636,-41.89999966323376,0.09244289742777607,1.0317821276628512
-22.849999379366636,-41.8499996624887,0.07169906363169383,1.0534442070328693
-22.899999380111694,-41.79999966174364,0.09244289742777607,1.0317821276628512
-22.899999380111694,-41.74999966099858,0.07169906363169383,1.0534442070328693
-22.949999380856752,-41.699999660253525,0.09244289742777607,1.0317821276628512
-22.949999380856752,-41.64999965950847,0.07169906363169383,1.0534442070328693
-22.99999938160181,-41.59999965876341,0.09244289742777607,1.0317821276628512
-22.99999938160181,-41.54999965801835,0.07169906363169383,1.0534442070328693
-23.04999938234687,-41.49999965727329,0.09244289742777607,1.0317821276628512
-23.04999938234687,-41.449999656528234,0.07169906363169383,1.0534442070328693
-23.149999383836985,-41.34999965503812,0.1000000074505806,1.0089003013547875
-23.149999383836985,-41.29999965429306,0.07169906363169383,1.0317821276628512
-23.199999384582043,-41.249999653548,0.09244289742777607,1.0089003013547875
-23.199999384582043,-41.199999652802944,0.07169906363169383,1.0317821276628512
-23.2499993853271,-41.149999652057886,0.09244289742777607,1.0089003013547875
-23.2499993853271,-41.09999965131283,0.07169906363169383,1.0317821276628512
-23.29999938607216,-41.04999965056777,0.09244289742777607,1.0089003013547875
-23.29999938607216,-40.99999964982271,0.07169906363169383,1.0317821276628512
-23.349999386817217,-40.949999649077654,0.09244289742777607,1.0089003013547875
-23.349999386817217,-40.899999648332596,0.07169906363169383,1.0317821276628512
-23.399999387562275,-40.84999964758754,0.09244289742777607,1.0089003013547875
-23.399999387562275,-40.79999964684248,0.07169906363169383,1.0317821276628512
-23.449999388307333,-40.74999964609742,0.09244289742777607,1.0089003013547875
-23.449999388307333,-40.699999645352364,0.07169906363169383,1.0317821276628512
-23.49999938905239,-40.649999644607306,0.09244289742777607,1.0089003013547875
-23.49999938905239,-40.59999964386225,0.07169906363169383,1.0317821276628512
-23.54999938979745,-40.54999964311719,0.09244289742777607,1.0089003013547875
-23.54999938979745,-40.49999964237213,0.07169906363169383,1.0317821276628512
-23.599999390542507,-40.44999964162707,0.09244289742777607,1.0089003013547875
-23.599999390542507,-40.399999640882015,0.07169906363169383,1.0326548995376617
-23.649999391287565,-40.34999964013696,0.09244289742777607,1.0150971908950817
-23.649999391287565,-40.2999996393919,0.07169906363169383,1.0422205316763558
-23.699999392032623,-40.24999963864684,0.09244289742777607,1.0300349859166906
-23.699999392032623,-40.19999963790178,0.07169906363169383,1.0534442070328693
-23.74999939277768,-40.149999637156725,0.09244289742777607,1.0317821276628512
-23.74999939277768,-40.09999963641167,0.07169906363169383,1.0534442070328693
-23.79999939352274,-40.04999963566661,0.09244289742777607,1.0317821276628512
-23.79999939352274,-39.99999963492155,0.07169906363169383,1.0534442070328693
-23.849999394267797,-39.94999963417649,0.09244289742777607,1.0317821276628512
-23.849999394267797,-39.899999633431435,0.07169906363169383,1.0534442070328693
-23.899999395012856,-39.84999963268638,0.09244289742777607,1.0317821276628512
-23.899999395012856,-39.79999963194132,0.07169906363169383,1.0534442070328693
-23.949999395757914,-39.74999963119626,0.09244289742777607,1.0317821276628512
-23.949999395757914,-39.6999996304512,0.07169906363169383,1.0534442070328693
-23.99999939650297,-39.649999629706144,0.09244289742777607,1.0317821276628512
-23.99999939650297,-39.599999628961086,0.07169906363169383,1.0534442070328693
-24.04999939724803,-39.54999962821603,0.09244289742777607,1.0317821276628512
-24.04999939724803,-39.49999962747097,0.07169906363169383,1.0534442070328693
-24.099999397993088,-39.44999962672591,0.09244289742777607,1.0317821276628512
-24.099999397993088,-39.399999625980854,0.07169906363169383,1.0534442070328693
-24.149999398738146,-39.349999625235796,0.09244289742777607,1.0317821276628512
-24.149999398738146,-39.29999962449074,0.07169906363169383,1.0534442070328693
-24.199999399483204,-39.24999962374568,0.09244289742777607,1.0317821276628512
-24.199999399483204,-39.19999962300062,0.07169906363169383,1.0534442070328693
-24.249999400228262,-39.149999622255564,0.09244289742777607,1.0317821276628512
-24.249999400228262,-39.099999621510506,0.07169906363169383,1.0534442070328693
-24.29999940097332,-39.04999962076545,0.09244289742777607,1.0317821276628512
-24.29999940097332,-38.99999962002039,0.07169906363169383,1.0534442070328693
-24.399999402463436,-38.89999961853027,0.1000000074505806,1.0089003013547875
-24.399999402463436,-38.849999617785215,0.07169906363169383,1.0317821276628512
-24.449999403208494,-38.79999961704016,0.09244289742777607,1.0089003013547875
-24.449999403208494,-38.7499996162951,0.07169906363169383,1.0317821276628512
-24.499999403953552,-38.69999961555004,0.09244289742777607,1.0089003013547875
-24.499999403953552,-38.64999961480498,0.07169906363169383,1.0317821276628512
-24.54999940469861,-38.599999614059925,0.09244289742777607,1.0089003013547875
-24.54999940469861,-38.54999961331487,0.07169906363169383,1.0317821276628512
-24.59999940544367,-38.49999961256981,0.09244289742777607,1.0089003013547875
-24.59999940544367,-38.44999961182475,0.07169906363169383,1.0317821276628512
-24.649999406188726,-38.39999961107969,0.09244289742777607,1.0089003013547875
-24.649999406188726,-38.349999610334635,0.07169906363169383,1.0317821276628512
-24.699999406933784,-38.29999960958958,0.09244289742777607,1.0089003013547875
-24.699999406933784,-38.24999960884452,0.07169906363169383,1.0317821276628512
-24.749999407678843,-38.19999960809946,0.09244289742777607,1.0089003013547875
-24.749999407678843,-38.1499996073544,0.07169906363169383,1.0317821276628512
-24.7999994084239,-38.099999606609344,0.09244289742777607,1.0089003013547875
-24.7999994084239,-38.049999605864286,0.07169906363169383,1.0317821276628512
-24.84999940916896,-37.99999960511923,0.09244289742777607,1.0089003013547875
-24.84999940916896,-37.94999960437417,0.07169906363169383,1.0326548995376617
-24.899999409914017,-37.89999960362911,0.09244289742777607,1.0150971908950817
-24.899999409914017,-37.849999602884054,0.07169906363169383,1.0422205316763558
-24.949999410659075,-37.799999602138996,0.09244289742777607,1.0300349859166906
-24.949999410659075,-37.74999960139394,0.07169906363169383,1.0534442070328693
-24.999999411404133,-37.69999960064888,0.09244289742777607,1.0317821276628512
-24.999999411404133,-37.64999959990382,0.07169906363169383,1.0534442070328693
-25.04999941214919,-37.599999599158764,0.09244289742777607,1.0317821276628512
-25.04999941214919,-37.549999598413706,0.07169906363169383,1.0534442070328693
-25.09999941289425,-37.49999959766865,0.09244289742777607,1.0317821276628512
-25.09999941289425,-37.44999959692359,0.07169906363169383,1.0534442070328693
-25.149999413639307,-37.39999959617853,0.09244289742777607,1.0317821276628512
-25.149999413639307,-37.349999595433474,0.07169906363169383,1.0534442070328693
-25.199999414384365,-37.299999594688416,0.09244289742777607,1.0317821276628512
-25.199999414384365,-37.24999959394336,0.07169906363169383,1.0534442070328693
-25.249999415129423,-37.1999995931983,0.09244289742777607,1.0317821276628512
-25.249999415129423,-37.14999959245324,0.07169906363169383,1.0534442070328693
-25.29999941587448,-37.09999959170818,0.09244289742777607,1.0317821276628512
-25.29999941587448,-37.049999590963125,0.07169906363169383,1.0534442070328693
-25.34999941661954,-36.99999959021807,0.09244289742777607,1.0317821276628512
-25.34999941661954,-36.94999958947301,0.07169906363169383,1.0534442070328693
-25.399999417364597,-36.89999958872795,0.09244289742777607,1.0317821276628512
-25.399999417364597,-36.84999958798289,0.07169906363169383,1.0534442070328693
-25.449999418109655,-36.799999587237835,0.09244289742777607,1.0317821276628512
-25.449999418109655,-36.74999958649278,0.07169906363169383,1.0534442070328693
-25.499999418854713,-36.69999958574772,0.09244289742777607,1.0317821276628512
-25.499999418854713,-36.64999958500266,0.07169906363169383,1.0534442070328693
-25.54999941959977,-36.5999995842576,0.09244289742777607,1.0317821276628512
-25.54999941959977,-36.549999583512545,0.07169906363169383,1.0534442070328693
-25.649999421089888,-36.44999958202243,0.1000000074505806,1.0089003013547875
-25.649999421089888,-36.39999958127737,0.07169906363169383,1.0317821276628512
-25.699999421834946,-36.34999958053231,0.09244289742777607,1.0089003013547875
-25.699999421834946,-36.299999579787254,0.07169906363169383,1.0317821276628512
-25.749999422580004,-36.249999579042196,0.09244289742777607,1.0089003013547875
-25.749999422580004,-36.19999957829714,0.07169906363169383,1.0317821276628512
-25.799999423325062,-36.14999957755208,0.09244289742777607,1.0089003013547875
-25.799999423325062,-36.09999957680702,0.07169906363169383,1.0317821276628512
-25.84999942407012,-36.049999576061964,0.09244289742777607,1.0089003013547875
-25.84999942407012,-35.999999575316906,0.07169906363169383,1.0317821276628512
-25.899999424815178,-35.94999957457185,0.09244289742777607,1.0089003013547875
-25.899999424815178,-35.89999957382679,0.07169906363169383,1.0317821276628512
-25.949999425560236,-35.84999957308173,0.09244289742777607,1.0089003013547875
-25.949999425560236,-35.799999572336674,0.07169906363169383,1.0317821276628512
-25.999999426305294,-35.749999571591616,0.09244289742777607,1.0089003013547875
-25.999999426305294,-35.69999957084656,0.07169906363169383,1.0317821276628512
-26.049999427050352,-35.6499995701015,0.09244289742777607,1.0089003013547875
-26.049999427050352,-35.59999956935644,0.07169906363169383,1.0317821276628512
-26.09999942779541,-35.54999956861138,0.09244289742777607,1.0089003013547875
-26.09999942779541,-35.499999567866325,0.07169906363169383,1.0326548995376617
-26.149999428540468,-35.44999956712127,0.09244289742777607,1.0150971908950817
-26.149999428540468,-35.39999956637621,0.07169906363169383,1.0422205316763558
-26.199999429285526,-35.34999956563115,0.09244289742777607,1.0300349859166906
-26.199999429285526,-35.29999956488609,0.07169906363169383,1.0534442070328693
-26.249999430030584,-35.249999564141035,0.09244289742777607,1.0317821276628512
-26.249999430030584,-35.19999956339598,0.07169906363169383,1.0534442070328693
-26.299999430775642,-35.14999956265092,0.09244289742777607,1.0317821276628512
-26.299999430775642,-35.09999956190586,0.07169906363169383,1.0534442070328693
-26.3499994315207,-35.0499995611608,0.09244289742777607,1.0317821276628512
-26.3499994315207,-34.999999560415745,0.07169906363169383,1.0534442070328693
-26.39999943226576,-34.94999955967069,0.09244289742777607,1.0317821276628512
-26.39999943226576,-34.89999955892563,0.07169906363169383,1.0534442070328693
-26.449999433010817,-34.84999955818057,0.09244289742777607,1.0317821276628512
-26.449999433010817,-34.79999955743551,0.07169906363169383,1.0534442070328693
-26.499999433755875,-34.749999556690454,0.09244289742777607,1.0317821276628512
-26.499999433755875,-34.699999555945396,0.07169906363169383,1.0534442070328693
-26.549999434500933,-34.64999955520034,0.09244289742777607,1.0317821276628512
-26.549999434500933,-34.59999955445528,0.07169906363169383,1.0534442070328693
-26.59999943524599,-34.54999955371022,0.09244289742777607,1.0317821276628512
-26.59999943524599,-34.499999552965164,0.07169906363169383,1.0534442070328693
-26.64999943599105,-34.449999552220106,0.09244289742777607,1.0317821276628512
-26.64999943599105,-34.39999955147505,0.07169906363169383,1.0534442070328693
-26.699999436736107,-34.34999955072999,0.09244289742777607,1.0317821276628512
-26.699999436736107,-34.29999954998493,0.07169906363169383,1.0534442070328693
-26.749999437481165,-34.249999549239874,0.09244289742777607,1.0317821276628512
-26.749999437481165,-34.199999548494816,0.07169906363169383,1.0534442070328693
-26.799999438226223,-34.14999954774976,0.09244289742777607,1.0317821276628512
-26.799999438226223,-34.0999995470047,0.07169906363169383,1.0534442070328693
-26.89999943971634,-33.999999545514584,0.1000000074505806,1.0089003013547875
-26.89999943971634,-33.949999544769526,0.07169906363169383,1.0317821276628512
-26.949999440461397,-33.89999954402447,0.09244289742777607,1.0089003013547875
-26.949999440461397,-33.84999954327941,0.07169906363169383,1.0317821276628512
-26.999999441206455,-33.79999954253435,0.09244289742777607,1.0089003013547875
-26.999999441206455,-33.74999954178929,0.07169906363169383,1.0317821276628512
-27.049999441951513,-33.699999541044235,0.09244289742777607,1.0089003013547875
-27.049999441951513,-33.64999954029918,0.07169906363169383,1.0317821276628512
-27.09999944269657,-33.59999953955412,0.09244289742777607,1.0089003013547875
-27.09999944269657,-33.54999953880906,0.07169906363169383,1.0317821276628512
-27.14999944344163,-33.499999538064,0.09244289742777607,1.0089003013547875
-27.14999944344163,-33.449999537318945,0.07169906363169383,1.0317821276628512
-27.199999444186687,-33.39999953657389,0.09244289742777607,1.0089003013547875
-27.199999444186687,-33.34999953582883,0.07169906363169383,1.0317821276628512
-27.249999444931746,-33.29999953508377,0.09244289742777607,1.0089003013547875
-27.249999444931746,-33.24999953433871,0.07169906363169383,1.0317821276628512
-27.299999445676804,-33.199999533593655,0.09244289742777607,1.0089003013547875
-27.299999445676804,-33.1499995328486,0.07169906363169383,1.0317821276628512
-27.34999944642186,-33.09999953210354,0.09244289742777607,1.0089003013547875
-27.34999944642186,-33.04999953135848,0.07169906363169383,1.0326548995376617
-27.39999944716692,-32.99999953061342,0.09244289742777607,1.0150971908950817
-27.39999944716692,-32.949999529868364,0.07169906363169383,1.0422205316763558
-27.449999447911978,-32.899999529123306,0.09244289742777607,1.0300349859166906
-27.449999447911978,-32.84999952837825,0.07169906363169383,1.0534442070328693
-27.499999448657036,-32.79999952763319,0.09244289742777607,1.0317821276628512
-27.499999448657036,-32.74999952688813,0.07169906363169383,1.0534442070328693
-27.549999449402094,-32.699999526143074,0.09244289742777607,1.0317821276628512
-27.549999449402094,-32.649999525398016,0.07169906363169383,1.0534442070328693
-27.599999450147152,-32.59999952465296,0.09244289742777607,1.0317821276628512
-27.599999450147152,-32.5499995239079,0.07169906363169383,1.0534442070328693
-27.64999945089221,-32.49999952316284,0.09244289742777607,1.0317821276628512
-27.64999945089221,-32.449999522417784,0.07169906363169383,1.0534442070328693
-27.699999451637268,-32.399999521672726,0.09244289742777607,1.0317821276628512
-27.699999451637268,-32.34999952092767,0.07169906363169383,1.0534442070328693
-27.749999452382326,-32.29999952018261,0.09244289742777607,1.0317821276628512
-27.749999452382326,-32.24999951943755,0.07169906363169383,1.0534442070328693
-27.799999453127384,-32.19999951869249,0.09244289742777607,1.0317821276628512
-27.799999453127384,-32.149999517947435,0.07169906363169383,1.0534442070328693
-27.849999453872442,-32.09999951720238,0.09244289742777607,1.0317821276628512
-27.849999453872442,-32.04999951645732,0.07169906363169383,1.0534442070328693
-27.8999994546175,-31.99999951571226,0.09244289742777607,1.0317821276628512
-27.8999994546175,-31.949999514967203,0.07169906363169383,1.0534442070328693
-27.94999945536256,-31.899999514222145,0.09244289742777607,1.0317821276628512
-27.94999945536256,-31.849999513477087,0.07169906363169383,1.0534442070328693
-27.999999456107616,-31.79999951273203,0.09244289742777607,1.0317821276628512
-27.999999456107616,-31.74999951198697,0.07169906363169383,1.0534442070328693
-28.049999456852674,-31.699999511241913,0.09244289742777607,1.0317821276628512
-28.049999456852674,-31.649999510496855,0.07169906363169383,1.0534442070328693
-28.14999945834279,-31.54999950900674,0.1000000074505806,1.0089003013547875
-28.14999945834279,-31.49999950826168,0.07169906363169383,1.0317821276628512
-28.19999945908785,-31.449999507516623,0.09244289742777607,1.0089003013547875
-28.19999945908785,-31.399999506771564,0.07169906363169383,1.0317821276628512
-28.249999459832907,-31.349999506026506,0.09244289742777607,1.0089003013547875
-28.249999459832907,-31.29999950528145,0.07169906363169383,1.0317821276628512
-28.299999460577965,-31.24999950453639,0.09244289742777607,1.0089003013547875
-28.299999460577965,-31.199999503791332,0.07169906363169383,1.0317821276628512
-28.349999461323023,-31.149999503046274,0.09244289742777607,1.0089003013547875
-28.349999461323023,-31.099999502301216,0.07169906363169383,1.0317821276628512
-28.39999946206808,-31.049999501556158,0.09244289742777607,1.0089003013547875
-28.39999946206808,-30.9999995008111,0.07169906363169383,1.0317821276628512
-28.44999946281314,-30.949999500066042,0.09244289742777607,1.0089003013547875
-28.44999946281314,-30.899999499320984,0.07169906363169383,1.0317821276628512
-28.499999463558197,-30.849999498575926,0.09244289742777607,1.0089003013547875
-28.499999463558197,-30.799999497830868,0.07169906363169383,1.0317821276628512
-28.549999464303255,-30.74999949708581,0.09244289742777607,1.0089003013547875
-28.549999464303255,-30.69999949634075,0.07169906363169383,1.0317821276628512
-28.599999465048313,-30.649999495595694,0.09244289742777607,1.0089003013547875
-28.599999465048313,-30.599999494850636,0.07169906363169383,1.0326548995376617
-28.64999946579337,-30.549999494105577,0.09244289742777607,1.0150971908950817
-28.64999946579337,-30.49999949336052,0.07169906363169383,1.0422205316763558
-28.69999946653843,-30.44999949261546,0.09244289742777607,1.0300349859166906
-28.69999946653843,-30.399999491870403,0.07169906363169383,1.0534442070328693
-28.749999467283487,-30.349999491125345,0.09244289742777607,1.0317821276628512
-28.749999467283487,-30.299999490380287,0.07169906363169383,1.0534442070328693
-28.799999468028545,-30.24999948963523,0.09244289742777607,1.0317821276628512
-28.799999468028545,-30.19999948889017,0.07169906363169383,1.0534442070328693
-28.849999468773603,-30.149999488145113,0.09244289742777607,1.0317821276628512
-28.849999468773603,-30.099999487400055,0.07169906363169383,1.0534442070328693
-28.89999946951866,-30.049999486654997,0.09244289742777607,1.0317821276628512
-28.89999946951866,-29.99999948590994,0.07169906363169383,1.0534442070328693
-28.94999947026372,-29.94999948516488,0.09244289742777607,1.0317821276628512
-28.94999947026372,-29.899999484419823,0.07169906363169383,1.0534442070328693
-28.999999471008778,-29.849999483674765,0.09244289742777607,1.0317821276628512
-28.999999471008778,-29.799999482929707,0.07169906363169383,1.0534442070328693
-29.049999471753836,-29.74999948218465,0.09244289742777607,1.0317821276628512
-29.049999471753836,-29.69999948143959,0.07169906363169383,1.0534442070328693
-29.099999472498894,-29.649999480694532,0.09244289742777607,1.0317821276628512
-29.099999472498894,-29.599999479949474,0.07169906363169383,1.0534442070328693
-29.149999473243952,-29.549999479204416,0.09244289742777607,1.0317821276628512
-29.149999473243952,-29.499999478459358,0.07169906363169383,1.0534442070328693
-29.19999947398901,-29.4499994777143,0.09244289742777607,1.0317821276628512
-29.19999947398901,-29.399999476969242,0.07169906363169383,1.0534442070328693
-29.249999474734068,-29.349999476224184,0.09244289742777607,1.0317821276628512
-29.249999474734068,-29.299999475479126,0.07169906363169383,1.0534442070328693
-29.299999475479126,-29.249999474734068,0.09244289742777607,1.0317821276628512
-29.299999475479126,-29.19999947398901,0.07169906363169383,1.0534442070328693
-29.349999476224184,-29.149999473243952,0.09244289742777607,1.0317821276628512
-29.349999476224184,-29.099999472498894,0.07169906363169383,1.0534442070328693
-29.399999476969242,-29.049999471753836,0.09244289742777607,1.0317821276628512
-29.399999476969242,-28.999999471008778,0.07169906363169383,1.0534442070328693
-29.4499994777143,-28.94999947026372,0.09244289742777607,1.0230249682804948
-29.4499994777143,-28.89999946951866,0.07169906363169383,1.0396180263407768
-29.499999478459358,-28.849999468773603,0.09244289742777607,1.0115594423831848
-29.499999478459358,-28.749999467283487,0.06097722973374026,1.0534442070328693
-29.549999479204416,-28.69999946653843,0.09244289742777607,1.0317821276628512
-29.549999479204416,-28.64999946579337,0.07169906363169383,1.0534442070328693
-29.599999479949474,-28.599999465048313,0.09244289742777607,1.0317821276628512
-29.599999479949474,-28.549999464303255,0.07169906363169383,1.0534442070328693
-29.649999480694532,-28.499999463558197,0.09244289742777607,1.0230249682804948
-29.649999480694532,-28.44999946281314,0.07169906363169383,1.0396180263407768
-29.69999948143959,-28.39999946206808,0.09244289742777607,1.0115594423831848
-29.69999948143959,-28.349999461323023,0.07169906363169383,1.0317821276628512
-29.74999948218465,-28.299999460577965,0.09244289742777607,1.0089003013547875
-29.74999948218465,-28.249999459832907,0.07169906363169383,1.0326548995376617
-29.849999483674765,-28.14999945834279,0.1000000074505806,1.000892593487116
-29.849999483674765,-28.099999457597733,0.07169906363169383,1.0300349859166906
-29.99999948590994,-27.94999945536256,0.1000000074505806,1.0142135834465194
-29.99999948590994,-27.8999994546175,0.07169906363169383,1.0495689230326823
-30.24999948963523,-27.64999945089221,0.06097722973374026,1.0500000216066838
-30.299999490380287,-27.64999945089221,0.09497475420628175,1.0159802469503794
-30.44999949261546,-27.499999448657036,0.06097722973374026,1.0422205316763558
-30.49999949336052,-27.499999448657036,0.09244289742777607,1.0150971908950817
-30.599999494850636,-27.39999944716692,0.04721360216395983,1.0534442070328693
-30.649999495595694,-27.39999944716692,0.07169906363169383,1.0317821276628512
-30.69999949634075,-27.34999944642186,0.04721360216395983,1.0577379954333137
-30.799999497830868,-27.34999944642186,0.09244289742777607,1.0230249682804948
-30.849999498575926,-27.299999445676804,0.07169906363169383,1.0560219995525217
-30.899999499320984,-27.299999445676804,0.09244289742777607,1.0396180263407768
-30.949999500066042,-27.249999444931746,0.06097722973374026,1.070544138898089
-31.049999501556158,-27.249999444931746,0.09244289742777607,1.0430869904698528
-31.099999502301216,-27.199999444186687,0.06097722973374026,1.0807093115603725
-31.849999513477087,-27.199999444186687,0.06097722973374026,1.0713939188816939
-31.899999514222145,-27.249999444931746,0.10249378854378532,1.0317821276628512
-31.99999951571226,-27.249999444931746,0.07169906363169383,1.0560219995525217
-32.04999951645732,-27.299999445676804,0.09244289742777607,1.0230249682804948
-32.149999517947435,-27.299999445676804,0.06097722973374026,1.0577379954333137
-32.19999951869249,-27.34999944642186,0.09244289742777607,1.0317821276628512
-32.24999951943755,-27.34999944642186,0.07169906363169383,1.0534442070328693
-32.29999952018261,-27.39999944716692,0.09244289742777607,1.0317821276628512
-32.34999952092767,-27.39999944716692,0.06097722973374026,1.0534442070328693
-32.399999521672726,-27.449999447911978,0.07169906363169383,1.0317821276628512
-32.449999522417784,-27.449999447911978,0.04721360216395983,1.0534442070328693
-32.5499995239079,-27.549999449402094,0.09244289742777607,1.0150971908950817
-32.59999952465296,-27.549999449402094,0.06097722973374026,1.0422205316763558
-32.74999952688813,-27.699999451637268,0.09497475420628175,1.0150971908950817
-32.79999952763319,-27.699999451637268,0.06097722973374026,1.0422205316763558
-32.899999529123306,-27.799999453127384,0.09244289742777607,1.0212670615337187
-32.949999529868364,-27.799999453127384,0.06097722973374026,1.0534442070328693
-33.09999953210354,-27.94999945536256,0.09497475420628175,1.0150971908950817
-33.1499995328486,-27.94999945536256,0.06097722973374026,1.0422205316763558
-33.24999953433871,-28.049999456852674,0.09244289742777607,1.0089003013547875
-33.29999953508377,-28.049999456852674,0.06097722973374026,1.0326548995376617
-33.34999953582883,-28.099999457597733,0.07169906363169383,1.0150971908950817
-33.39999953657389,-28.099999457597733,0.04721360216395983,1.0422205316763558
-33.449999537318945,-28.14999945834279,0.07169906363169383,1.0300349859166906
-33.499999538064,-28.14999945834279,0.04721360216395983,1.0534442070328693
-33.54999953880906,-28.19999945908785,0.07169906363169383,1.0326548995376617
-33.59999953955412,-28.19999945908785,0.04721360216395983,1.0577379954333137
-33.64999954029918,-28.249999459832907,0.07169906363169383,1.0422205316763558
-33.699999541044235,-28.249999459832907,0.04721360216395983,1.070544138898089
-33.74999954178929,-28.299999460577965,0.07169906363169383,1.0396180263407768
-33.79999954253435,-28.299999460577965,0.04721360216395983,1.0577379954333137
-33.84999954327941,-28.349999461323023,0.07169906363169383,1.0317821276628512
-33.89999954402447,-28.349999461323023,0.04721360216395983,1.0534442070328693
-33.949999544769526,-28.39999946206808,0.07434165609349828,1.0230249682804948
-33.999999545514584,-28.39999946206808,0.06097722973374026,1.0396180263407768
-34.04999954625964,-28.44999946281314,0.09244289742777607,1.0115594423831848
-34.14999954774976,-28.44999946281314,0.06097722973374026,1.0534442070328693
-34.199999548494816,-28.499999463558197,0.10249378854378532,1.0142135834465194
-34.499999552965164,-28.499999463558197,0.050000006705522536,1.0713939188816939
-34.54999955371022,-28.549999464303255,0.1000000074505806,1.0317821276628512
-35.34999956563115,-28.549999464303255,0.1000000074505806,1.0317821276628512
-35.39999956637621,-28.499999463558197,0.050000006705522536,1.0713939188816939
-35.69999957084656,-28.499999463558197,0.09244289742777607,1.0080128050138977
-35.749999571591616,-28.44999946281314,0.06097722973374026,1.0430869904698528
-35.89999957382679,-28.44999946281314,0.10249378854378532,1.0080128050138977
-35.94999957457185,-28.39999946206808,0.06097722973374026,1.0430869904698528
-35.999999575316906,-28.39999946206808,0.07434165609349828,1.0317821276628512
-36.049999576061964,-28.349999461323023,0.04721360216395983,1.0534442070328693
-36.14999957755208,-28.349999461323023,0.09244289742777607,1.0115594423831848
-36.19999957829714,-28.299999460577965,0.06097722973374026,1.0396180263407768
-36.249999579042196,-28.299999460577965,0.07434165609349828,1.0230249682804948
-36.299999579787254,-28.249999459832907,0.04721360216395983,1.0534442070328693
-36.34999958053231,-28.249999459832907,0.07169906363169383,1.0317821276628512
-36.39999958127737,-28.19999945908785,0.04721360216395983,1.0534442070328693
-36.44999958202243,-28.19999945908785,0.07169906363169383,1.0317821276628512
-36.49999958276749,-28.14999945834279,0.04721360216395983,1.0534442070328693
-36.549999583512545,-28.14999945834279,0.07169906363169383,1.0317821276628512
-36.5999995842576,-28.099999457597733,0.04721360216395983,1.0534442070328693
-36.64999958500266,-28.099999457597733,0.07169906363169383,1.0300349859166906
-36.69999958574772,-28.049999456852674,0.06097722973374026,1.0422205316763558
-36.74999958649278,-28.049999456852674,0.09244289742777607,1.0150971908950817
-36.84999958798289,-27.94999945536256,0.06097722973374026,1.0422205316763558
-36.89999958872795,-27.94999945536256,0.09244289742777607,1.0150971908950817
-36.99999959021807,-27.849999453872442,0.06097722973374026,1.0300349859166906
-37.049999590963125,-27.849999453872442,0.09497475420628175,1.000892593487116
-37.299999594688416,-27.599999450147152,0.06097722973374026,1.0495689230326823
-37.349999595433474,-27.599999450147152,0.09497475420628175,1.0142135834465194
-37.799999602138996,-27.14999944344163,0.1000000074505806,1.000892593487116
-37.799999602138996,-27.09999944269657,0.07169906363169383,1.0300349859166906
-38.049999605864286,-26.84999943897128,0.1000000074505806,0.9901438981605425
-38.049999605864286,-26.799999438226223,0.07169906363169383,1.0212670615337187
-38.24999960884452,-26.59999943524599,0.1000000074505806,0.9829316892012206
-38.24999960884452,-26.549999434500933,0.07169906363169383,1.0159802469503794
-38.39999961107969,-26.39999943226576,0.1000000074505806,0.9901438981605425
-38.39999961107969,-26.3499994315207,0.07169906363169383,1.0212670615337187
-38.44999961182475,-26.299999430775642,0.09244289742777607,1.0089003013547875
-38.44999961182475,-26.249999430030584,0.07169906363169383,1.0317821276628512
-38.49999961256981,-26.199999429285526,0.09244289742777607,1.0089003013547875
-38.49999961256981,-26.149999428540468,0.07169906363169383,1.0326548995376617
-38.599999614059925,-26.049999427050352,0.1000000074505806,1.000892593487116
-38.599999614059925,-25.999999426305294,0.07169906363169383,1.0300349859166906
-38.64999961480498,-25.949999425560236,0.09244289742777607,1.0089003013547875
-38.64999961480498,-25.899999424815178,0.07169906363169383,1.0317821276628512
-38.69999961555004,-25.84999942407012,0.09244289742777607,1.0089003013547875
-38.69999961555004,-25.799999423325062,0.07169906363169383,1.0317821276628512
-38.7499996162951,-25.749999422580004,0.09244289742777607,1.0089003013547875
-38.7499996162951,-25.699999421834946,0.07169906363169383,1.0326548995376617
-38.79999961704016,-25.649999421089888,0.09244289742777607,1.0150971908950817
-38.79999961704016,-25.59999942034483,0.07169906363169383,1.0422205316763558
-38.849999617785215,-25.54999941959977,0.09244289742777607,1.0300349859166906
-38.849999617785215,-25.499999418854713,0.07169906363169383,1.0534442070328693
-38.89999961853027,-25.449999418109655,0.09244289742777607,1.0230249682804948
-38.89999961853027,-25.399999417364597,0.07169906363169383,1.0396180263407768
-38.94999961927533,-25.34999941661954,0.09244289742777607,1.0080128050138977
-38.94999961927533,-25.29999941587448,0.07169906363169383,1.0230249682804948
-38.99999962002039,-25.249999415129423,0.09244289742777607,0.9928388484733279
-38.99999962002039,-25.149999413639307,0.06097722973374026,1.0317821276628512
-39.04999962076545,-25.09999941289425,0.09244289742777607,1.0080128050138977
-39.04999962076545,-24.999999411404133,0.06097722973374026,1.0396180263407768
-39.099999621510506,-24.949999410659075,0.09244289742777607,1.0080128050138977
-39.099999621510506,-24.84999940916896,0.06097722973374026,1.0396180263407768
-39.149999622255564,-24.7999994084239,0.09244289742777607,1.0115594423831848
-39.149999622255564,-24.699999406933784,0.06097722973374026,1.0534442070328693
-39.19999962300062,-24.649999406188726,0.09244289742777607,1.02214628652442
-39.19999962300062,-24.499999403953552,0.05276926365365855,1.0534442070328693
-39.24999962374568,-24.449999403208494,0.1000000074505806,1.0080128050138977
-39.24999962374568,-24.199999399483204,0.05276926365365855,1.0560219995525217
-39.29999962449074,-24.149999398738146,0.1000000074505806,1.0142135834465194
-39.29999962449074,-23.899999395012856,0.05276926365365855,1.0637281386416935
-39.349999625235796,-23.849999394267797,0.1000000074505806,1.02214628652442
-39.349999625235796,-22.549999374896288,0.1000000074505806,1.0000000208616258
-39.29999962449074,-22.49999937415123,0.05276926365365855,1.0500000216066838
-39.29999962449074,-22.099999368190765,0.1000000074505806,1.000892593487116
-39.24999962374568,-22.049999367445707,0.05276926365365855,1.0500000216066838
-39.24999962374568,-21.6999993622303,0.1000000074505806,1.0142135834465194
-39.19999962300062,-21.649999361485243,0.05276926365365855,1.0577379954333137
-39.19999962300062,-21.349999357014894,0.1000000074505806,1.02214628652442
-39.149999622255564,-21.299999356269836,0.050000006705522536,1.0560219995525217
-39.149999622255564,-21.099999353289604,0.09244289742777607,1.0080128050138977
-39.099999621510506,-21.049999352544546,0.06097722973374026,1.0430869904698528
-39.099999621510506,-20.94999935105443,0.09244289742777607,1.02214628652442
-39.04999962076545,-20.899999350309372,0.06097722973374026,1.0560219995525217
-39.04999962076545,-20.749999348074198,0.10249378854378532,1.02214628652442
-38.99999962002039,-20.69999934732914,0.06097722973374026,1.0534442070328693
-38.99999962002039,-20.599999345839024,0.09244289742777607,1.0089003013547875
-38.94999961927533,-20.549999345093966,0.07169906363169383,1.0317821276628512
-38.94999961927533,-20.499999344348907,0.09244289742777607,1.0115594423831848
-38.89999961853027,-20.44999934360385,0.06097722973374026,1.0396180263407768
-38.89999961853027,-20.349999342113733,0.09244289742777607,1.0080128050138977
-38.849999617785215,-20.299999341368675,0.07169906363169383,1.0317821276628512
-38.849999617785215,-20.249999340623617,0.09244289742777607,1.0115594423831848
-38.79999961704016,-20.19999933987856,0.07169906363169383,1.0396180263407768
-38.79999961704016,-20.1499993391335,0.09244289742777607,1.0150971908950817
-38.7499996162951,-20.099999338388443,0.07169906363169383,1.0326548995376617
-38.7499996162951,-20.049999337643385,0.09244289742777607,1.0089003013547875
-38.69999961555004,-19.999999336898327,0.07169906363169383,1.0300349859166906
-38.69999961555004,-19.94999933615327,0.09244289742777607,1.000892593487116
-38.64999961480498,-19.89999933540821,0.07169906363169383,1.0150971908950817
-38.64999961480498,-19.849999334663153,0.1000000074505806,0.989244419646335
-38.54999961331487,-19.749999333173037,0.07169906363169383,1.0300349859166906
-38.54999961331487,-19.69999933242798,0.1000000074505806,1.000892593487116
-38.44999961182475,-19.599999330937862,0.07169906363169383,1.0326548995376617
-38.44999961182475,-19.549999330192804,0.1000000074505806,1.0089003013547875
-38.349999610334635,-19.449999328702688,0.07169906363169383,1.0422205316763558
-38.349999610334635,-19.39999932795763,0.1000000074505806,1.0142135834465194
-38.19999960809946,-19.249999325722456,0.07169906363169383,1.0300349859166906
-38.19999960809946,-19.199999324977398,0.1000000074505806,1.000892593487116
-38.099999606609344,-19.099999323487282,0.07169906363169383,1.0142135834465194
-38.099999606609344,-19.049999322742224,0.1000000074505806,0.979311442966714
-36.69999958574772,-17.649999301880598,0.1000000074505806,1.0142135834465194
-36.64999958500266,-17.649999301880598,0.07169906363169383,1.0422205316763558
-36.39999958127737,-17.399999298155308,0.1000000074505806,1.0142135834465194
-36.34999958053231,-17.399999298155308,0.07169906363169383,1.0495689230326823
-36.14999957755208,-17.199999295175076,0.1000000074505806,1.0159802469503794
-36.09999957680702,-17.199999295175076,0.07169906363169383,1.0500000216066838
-35.84999957308173,-16.949999291449785,0.1000000074505806,1.0142135834465194
-35.799999572336674,-16.949999291449785,0.07169906363169383,1.0422205316763558
-35.59999956935644,-16.749999288469553,0.1000000074505806,1.0142135834465194
-35.54999956861138,-16.749999288469553,0.07169906363169383,1.0422205316763558
-35.29999956488609,-16.499999284744263,0.1000000074505806,1.0142135834465194
-35.249999564141035,-16.499999284744263,0.07169906363169383,1.0422205316763558
-34.999999560415745,-16.249999281018972,0.1000000074505806,1.0142135834465194
-34.94999955967069,-16.249999281018972,0.07169906363169383,1.0422205316763558
-34.54999955371022,-15.849999275058508,0.1000000074505806,1.0142135834465194
-34.499999552965164,-15.849999275058508,0.07169906363169383,1.0422205316763558
-34.0999995470047,-15.449999269098043,0.1000000074505806,1.000892593487116
-34.04999954625964,-15.449999269098043,0.07169906363169383,1.0300349859166906
-33.699999541044235,-15.099999263882637,0.1000000074505806,1.0142135834465194
-33.64999954029918,-15.099999263882637,0.07169906363169383,1.0422205316763558
-33.24999953433871,-14.699999257922173,0.1000000074505806,1.0142135834465194
-33.199999533593655,-14.699999257922173,0.07169906363169383,1.0422205316763558
-32.79999952763319,-14.299999251961708,0.1000000074505806,1.0142135834465194
-32.74999952688813,-14.299999251961708,0.07169906363169383,1.0422205316763558
-32.34999952092767,-13.899999246001244,0.1000000074505806,1.0142135834465194
-32.29999952018261,-13.899999246001244,0.07169906363169383,1.0422205316763558
-31.899999514222145,-13.49999924004078,0.1000000074505806,1.0142135834465194
-31.849999513477087,-13.49999924004078,0.07169906363169383,1.0422205316763558
-31.449999507516623,-13.099999234080315,0.1000000074505806,1.0142135834465194
-31.399999506771564,-13.099999234080315,0.07169906363169383,1.0422205316763558
-30.9999995008111,-12.69999922811985,0.1000000074505806,1.000892593487116
-30.949999500066042,-12.69999922811985,0.07169906363169383,1.0300349859166906
-30.599999494850636,-12.349999222904444,0.1000000074505806,1.0142135834465194
-30.549999494105577,-12.349999222904444,0.07169906363169383,1.0422205316763558
-30.149999488145113,-11.94999921694398,0.1000000074505806,1.0142135834465194
-30.099999487400055,-11.94999921694398,0.07169906363169383,1.0422205316763558
-29.69999948143959,-11.549999210983515,0.1000000074505806,1.0142135834465194
-29.649999480694532,-11.549999210983515,0.07169906363169383,1.0422205316763558
-29.249999474734068,-11.14999920502305,0.1000000074505806,1.0142135834465194
-29.19999947398901,-11.14999920502305,0.07169906363169383,1.0422205316763558
-28.799999468028545,-10.749999199062586,0.1000000074505806,1.0142135834465194
-28.749999467283487,-10.749999199062586,0.07169906363169383,1.0422205316763558
-28.349999461323023,-10.349999193102121,0.1000000074505806,1.0142135834465194
-28.299999460577965,-10.349999193102121,0.07169906363169383,1.0422205316763558
-27.94999945536256,-9.999999187886715,0.1000000074505806,1.0142135834465194
-27.8999994546175,-9.999999187886715,0.07169906363169383,1.0422205316763558
-27.499999448657036,-9.59999918192625,0.1000000074505806,1.0142135834465194
-27.449999447911978,-9.59999918192625,0.07169906363169383,1.0422205316763558
-27.049999441951513,-9.199999175965786,0.1000000074505806,1.0142135834465194
-26.999999441206455,-9.199999175965786,0.07169906363169383,1.0422205316763558
-26.59999943524599,-8.799999170005322,0.1000000074505806,1.0142135834465194
-26.549999434500933,-8.799999170005322,0.07169906363169383,1.0422205316763558
-26.149999428540468,-8.399999164044857,0.1000000074505806,1.0142135834465194
-26.09999942779541,-8.399999164044857,0.07169906363169383,1.0422205316763558
-25.699999421834946,-7.9999991580843925,0.1000000074505806,1.0142135834465194
-25.649999421089888,-7.9999991580843925,0.07169906363169383,1.0422205316763558
-25.249999415129423,-7.599999152123928,0.1000000074505806,1.0142135834465194
-25.199999414384365,-7.599999152123928,0.07169906363169383,1.0422205316763558
-24.84999940916896,-7.249999146908522,0.1000000074505806,1.0142135834465194
-24.7999994084239,-7.249999146908522,0.07169906363169383,1.0422205316763558
-24.399999402463436,-6.849999140948057,0.1000000074505806,1.0142135834465194
-24.349999401718378,-6.849999140948057,0.07169906363169383,1.0422205316763558
-23.949999395757914,-6.449999134987593,0.1000000074505806,1.0142135834465194
-23.899999395012856,-6.449999134987593,0.07169906363169383,1.0422205316763558
-23.49999938905239,-6.049999129027128,0.1000000074505806,1.0142135834465194
-23.449999388307333,-6.049999129027128,0.07169906363169383,1.0422205316763558
-23.04999938234687,-5.649999123066664,0.1000000074505806,1.0142135834465194
-22.99999938160181,-5.649999123066664,0.07169906363169383,1.0422205316763558
-22.599999375641346,-5.249999117106199,0.1000000074505806,1.0142135834465194
-22.549999374896288,-5.249999117106199,0.07169906363169383,1.0422205316763558
-22.149999368935823,-4.849999111145735,0.1000000074505806,1.0142135834465194
-22.099999368190765,-4.849999111145735,0.07169906363169383,1.0422205316763558
-21.74999936297536,-4.499999105930328,0.1000000074505806,1.0142135834465194
-21.6999993622303,-4.499999105930328,0.07169906363169383,1.0422205316763558
-21.299999356269836,-4.099999099969864,0.1000000074505806,1.0142135834465194
-21.24999935552478,-4.099999099969864,0.07169906363169383,1.0422205316763558
-20.849999349564314,-3.6999990940093994,0.1000000074505806,1.0142135834465194
-20.799999348819256,-3.6999990940093994,0.07169906363169383,1.0422205316763558
-20.39999934285879,-3.299999088048935,0.1000000074505806,1.0142135834465194
-20.349999342113733,-3.299999088048935,0.07169906363169383,1.0422205316763558
-19.94999933615327,-2.8999990820884705,0.1000000074505806,1.0142135834465194
-19.89999933540821,-2.8999990820884705,0.07169906363169383,1.0422205316763558
-19.499999329447746,-2.499999076128006,0.1000000074505806,1.0142135834465194
-19.449999328702688,-2.499999076128006,0.07169906363169383,1.0422205316763558
-19.049999322742224,-2.0999990701675415,0.1000000074505806,1.0142135834465194
-18.999999321997166,-2.0999990701675415,0.07169906363169383,1.0422205316763558
-18.64999931678176,-1.749999064952135,0.1000000074505806,1.0142135834465194
-18.5999993160367,-1.749999064952135,0.07169906363169383,1.0422205316763558
-18.199999310076237,-1.3499990589916706,0.1000000074505806,1.0142135834465194
-18.14999930933118,-1.3499990589916706,0.07169906363169383,1.0422205316763558
-17.749999303370714,-0.9499990530312061,0.1000000074505806,1.0142135834465194
-17.699999302625656,-0.9499990530312061,0.07169906363169383,1.0422205316763558
-17.29999929666519,-0.5499990470707417,0.1000000074505806,1.0142135834465194
-17.249999295920134,-0.5499990470707417,0.07169906363169383,1.0422205316763558
-16.84999928995967,-0.14999904111027718,0.1000000074505806,1.0142135834465194
-16.79999928921461,-0.14999904111027718,0.07169906363169383,1.0422205316763558
-16.399999283254147,0.2500009648501873,0.1000000074505806,1.0142135834465194
-16.34999928250909,0.2500009648501873,0.07169906363169383,1.0422205316763558
-15.949999276548624,0.6500009708106518,0.1000000074505806,1.0142135834465194
-15.899999275803566,0.6500009708106518,0.07169906363169383,1.0422205316763558
-15.54999927058816,1.0000009760260582,0.1000000074505806,1.0142135834465194
-15.499999269843102,1.0000009760260582,0.07169906363169383,1.0422205316763558
-15.099999263882637,1.4000009819865227,0.1000000074505806,1.0142135834465194
-15.049999263137579,1.4000009819865227,0.07169906363169383,1.0422205316763558
-14.649999257177114,1.8000009879469872,0.1000000074505806,1.000892593487116
-14.599999256432056,1.8000009879469872,0.07169906363169383,1.0300349859166906
-14.449999254196882,1.9500009901821613,0.1000000074505806,1.000892593487116
-14.399999253451824,1.9500009901821613,0.07169906363169383,1.0300349859166906
-14.299999251961708,2.0500009916722775,0.1000000074505806,1.0150971908950817
-14.24999925121665,2.0500009916722775,0.07169906363169383,1.0422205316763558
-14.099999248981476,2.2000009939074516,0.1000000074505806,0.989244419646335
-14.049999248236418,2.2000009939074516,0.07169906363169383,1.0150971908950817
-13.99999924749136,2.2500009946525097,0.09244289742777607,1.000892593487116
-13.949999246746302,2.2500009946525097,0.07169906363169383,1.0300349859166906
-13.899999246001244,2.3000009953975677,0.09244289742777607,1.0089003013547875
-13.849999245256186,2.3000009953975677,0.07169906363169383,1.0317821276628512
-13.799999244511127,2.350000996142626,0.09244289742777607,1.0089003013547875
-13.74999924376607,2.350000996142626,0.07169906363169383,1.0326548995376617
-13.649999242275953,2.450000997632742,0.1000000074505806,1.000892593487116
-13.599999241530895,2.450000997632742,0.07169906363169383,1.0300349859166906
-13.549999240785837,2.5000009983778,0.09244289742777607,1.0089003013547875
-13.449999239295721,2.5000009983778,0.06097722973374026,1.0534442070328693
-13.399999238550663,2.550000999122858,0.09244289742777607,1.0230249682804948
-13.349999237805605,2.550000999122858,0.07169906363169383,1.0396180263407768
-13.299999237060547,2.600000999867916,0.09244289742777607,1.0080128050138977
-13.19999923557043,2.600000999867916,0.06097722973374026,1.0396180263407768
-13.149999234825373,2.650001000612974,0.09244289742777607,1.0115594423831848
-13.049999233335257,2.650001000612974,0.06097722973374026,1.0534442070328693
-12.999999232590199,2.7000010013580322,0.10249378854378532,1.0142135834465194
-12.799999229609966,2.7000010013580322,0.05276926365365855,1.0560219995525217
-12.749999228864908,2.7500010021030903,0.1000000074505806,1.0142135834465194
-12.19999922066927,2.7500010021030903,0.05276926365365855,1.0534442070328693
-12.149999219924212,2.8000010028481483,0.1000000074505806,1.000892593487116
-12.099999219179153,2.7500010021030903,0.05276926365365855,1.0500000216066838
-11.699999213218689,2.7500010021030903,0.1000000074505806,1.0142135834465194
-11.649999212473631,2.7000010013580322,0.050000006705522536,1.0560219995525217
-11.449999209493399,2.7000010013580322,0.09244289742777607,1.0080128050138977
-11.39999920874834,2.650001000612974,0.06097722973374026,1.0430869904698528
-11.249999206513166,2.650001000612974,0.10249378854378532,1.0142135834465194
-11.199999205768108,2.600000999867916,0.06097722973374026,1.0560219995525217
-11.099999204277992,2.600000999867916,0.09244289742777607,1.0230249682804948
-11.049999203532934,2.550000999122858,0.06097722973374026,1.0534442070328693
-10.949999202042818,2.550000999122858,0.09244289742777607,1.0115594423831848
-10.89999920129776,2.5000009983778,0.06097722973374026,1.0396180263407768
-10.799999199807644,2.5000009983778,0.09244289742777607,1.0080128050138977
-10.749999199062586,2.450000997632742,0.07169906363169383,1.0396180263407768
-10.699999198317528,2.450000997632742,0.09244289742777607,1.0230249682804948
-10.64999919757247,2.400000996887684,0.07169906363169383,1.0534442070328693
-10.599999196827412,2.400000996887684,0.09244289742777607,1.0317821276628512
-10.549999196082354,2.350000996142626,0.07169906363169383,1.0577379954333137
-10.499999195337296,2.350000996142626,0.09244289742777607,1.0396180263407768
-10.449999194592237,2.3000009953975677,0.06097722973374026,1.070544138898089
-10.349999193102121,2.3000009953975677,0.09244289742777607,1.0150971908950817
-10.299999192357063,2.2500009946525097,0.07169906363169383,1.0326548995376617
-10.249999191612005,2.2500009946525097,0.09244289742777607,1.0089003013547875
-10.199999190866947,2.2000009939074516,0.07169906363169383,1.0317821276628512
-10.14999919012189,2.2000009939074516,0.09244289742777607,1.0089003013547875
-10.099999189376831,2.1500009931623936,0.07169906363169383,1.0300349859166906
-10.049999188631773,2.1500009931623936,0.09244289742777607,1.000892593487116
-9.999999187886715,2.1000009924173355,0.07169906363169383,1.0150971908950817
-9.949999187141657,2.1000009924173355,0.09244289742777607,0.989244419646335
-9.899999186396599,2.0500009916722775,0.07169906363169383,1.0089003013547875
-9.84999918565154,2.0500009916722775,0.1000000074505806,0.9865424830472975
-9.749999184161425,1.9500009901821613,0.07169906363169383,1.0300349859166906
-9.699999183416367,1.9500009901821613,0.09244289742777607,1.000892593487116
-9.649999182671309,1.9000009894371033,0.07169906363169383,1.0150971908950817
-9.59999918192625,1.9000009894371033,0.1000000074505806,0.989244419646335
-9.499999180436134,1.8000009879469872,0.07169906363169383,1.0317821276628512
-9.449999179691076,1.8000009879469872,0.1000000074505806,1.0089003013547875
-9.34999917820096,1.700000986456871,0.07169906363169383,1.0422205316763558
-9.299999177455902,1.700000986456871,0.1000000074505806,1.0150971908950817
-9.199999175965786,1.600000984966755,0.07169906363169383,1.0534442070328693
-9.149999175220728,1.600000984966755,0.09244289742777607,1.0317821276628512
-9.09999917447567,1.5500009842216969,0.07169906363169383,1.0534442070328693
-9.049999173730612,1.5500009842216969,0.1000000074505806,1.0300349859166906
-8.949999172240496,1.4500009827315807,0.07169906363169383,1.0577379954333137
-8.899999171495438,1.4500009827315807,0.1000000074505806,1.0300349859166906
-8.799999170005322,1.3500009812414646,0.07169906363169383,1.0577379954333137
-8.749999169260263,1.3500009812414646,0.09244289742777607,1.0300349859166906
-8.699999168515205,1.3000009804964066,0.07169906363169383,1.0422205316763558
-8.649999167770147,1.3000009804964066,0.1000000074505806,1.0150971908950817
-8.549999166280031,1.2000009790062904,0.07169906363169383,1.0422205316763558
-8.499999165534973,1.2000009790062904,0.1000000074505806,1.0150971908950817
-8.399999164044857,1.1000009775161743,0.07169906363169383,1.0422205316763558
-8.349999163299799,1.1000009775161743,0.1000000074505806,1.0150971908950817
-8.249999161809683,1.0000009760260582,0.07169906363169383,1.0422205316763558
-8.199999161064625,1.0000009760260582,0.09244289742777607,1.0150971908950817
-8.149999160319567,0.9500009752810001,0.07169906363169383,1.0326548995376617
-8.099999159574509,0.9500009752810001,0.1000000074505806,1.0089003013547875
-7.9999991580843925,0.850000973790884,0.07169906363169383,1.0422205316763558
-7.9499991573393345,0.850000973790884,0.1000000074505806,1.0150971908950817
-7.849999155849218,0.7500009723007679,0.07169906363169383,1.0422205316763558
-7.79999915510416,0.7500009723007679,0.1000000074505806,1.0150971908950817
-7.699999153614044,0.6500009708106518,0.07169906363169383,1.0422205316763558
-7.649999152868986,0.6500009708106518,0.1000000074505806,1.0150971908950817
-7.54999915137887,0.5500009693205357,0.07169906363169383,1.0422205316763558
-7.499999150633812,0.5500009693205357,0.1000000074505806,1.0150971908950817
-7.399999149143696,0.45000096783041954,0.07169906363169383,1.0422205316763558
-7.349999148398638,0.45000096783041954,0.1000000074505806,1.0150971908950817
-7.249999146908522,0.3500009663403034,0.07169906363169383,1.0422205316763558
-7.199999146163464,0.3500009663403034,0.09244289742777607,1.0150971908950817
-7.1499991454184055,0.30000096559524536,0.07169906363169383,1.0300349859166906
-7.0999991446733475,0.30000096559524536,0.1000000074505806,1.000892593487116
-6.999999143183231,0.20000096410512924,0.07169906363169383,1.0326548995376617
-6.949999142438173,0.20000096410512924,0.09244289742777607,1.0089003013547875
-6.899999141693115,0.15000096336007118,0.07169906363169383,1.0317821276628512
-6.849999140948057,0.15000096336007118,0.09244289742777607,1.0089003013547875
-6.799999140202999,0.10000096261501312,0.07169906363169383,1.0317821276628512
-6.749999139457941,0.10000096261501312,0.09244289742777607,1.0089003013547875
-6.699999138712883,0.05000096186995506,0.07169906363169383,1.0317821276628512
-6.649999137967825,0.05000096186995506,0.09244289742777607,1.0089003013547875
-6.599999137222767,9.611248970031738e-07,0.07169906363169383,1.0317821276628512
-6.549999136477709,9.611248970031738e-07,0.09244289742777607,1.0089003013547875
-6.499999135732651,-0.049999039620161057,0.07169906363169383,1.0317821276628512
-6.449999134987593,-0.049999039620161057,0.1000000074505806,1.0089003013547875
-6.349999133497477,-0.14999904111027718,0.07169906363169383,1.0534442070328693
-6.2999991327524185,-0.14999904111027718,0.09244289742777607,1.0300349859166906
-6.2499991320073605,-0.19999904185533524,0.07169906363169383,1.0422205316763558
-6.199999131262302,-0.19999904185533524,0.09244289742777607,1.0150971908950817
-6.149999130517244,-0.2499990426003933,0.07169906363169383,1.0326548995376617
-6.099999129772186,-0.2499990426003933,0.09244289742777607,1.0089003013547875
-6.049999129027128,-0.29999904334545135,0.07169906363169383,1.0317821276628512
-5.99999912828207,-0.29999904334545135,0.09244289742777607,1.0089003013547875
-5.949999127537012,-0.3499990440905094,0.07169906363169383,1.0317821276628512
-5.899999126791954,-0.3499990440905094,0.1000000074505806,1.0089003013547875
-5.799999125301838,-0.44999904558062553,0.07169906363169383,1.0534442070328693
-5.74999912455678,-0.44999904558062553,0.09244289742777607,1.0317821276628512
-5.699999123811722,-0.4999990463256836,0.07169906363169383,1.0534442070328693
-5.649999123066664,-0.4999990463256836,0.09244289742777607,1.0317821276628512
-5.599999122321606,-0.5499990470707417,0.07169906363169383,1.0534442070328693
-5.549999121576548,-0.5499990470707417,0.09244289742777607,1.0317821276628512
-5.49999912083149,-0.5999990478157997,0.07169906363169383,1.0534442070328693
-5.4499991200864315,-0.5999990478157997,0.09244289742777607,1.0317821276628512
-5.399999119341373,-0.6499990485608578,0.07169906363169383,1.0534442070328693
-5.349999118596315,-0.6499990485608578,0.1000000074505806,1.0300349859166906
-5.249999117106199,-0.7499990500509739,0.07169906363169383,1.0577379954333137
-5.199999116361141,-0.7499990500509739,0.09244289742777607,1.0326548995376617
-5.149999115616083,-0.799999050796032,0.07169906363169383,1.0534442070328693
-5.099999114871025,-0.799999050796032,0.09244289742777607,1.0317821276628512
-5.049999114125967,-0.84999905154109,0.07169906363169383,1.0534442070328693
-4.999999113380909,-0.84999905154109,0.09244289742777607,1.0317821276628512
-4.949999112635851,-0.8999990522861481,0.07169906363169383,1.0534442070328693
-4.899999111890793,-0.8999990522861481,0.09244289742777607,1.0317821276628512
-4.849999111145735,-0.9499990530312061,0.07169906363169383,1.0534442070328693
-4.799999110400677,-0.9499990530312061,0.09244289742777607,1.0317821276628512
-4.749999109655619,-0.9999990537762642,0.07169906363169383,1.0534442070328693
-4.699999108910561,-0.9999990537762642,0.09244289742777607,1.0317821276628512
-4.6499991081655025,-1.0499990545213223,0.06097722973374026,1.0534442070328693
-4.549999106675386,-1.0499990545213223,0.09244289742777607,1.0089003013547875
-4.499999105930328,-1.0999990552663803,0.07169906363169383,1.0317821276628512
-4.44999910518527,-1.0999990552663803,0.09244289742777607,1.0089003013547875
-4.399999104440212,-1.1499990560114384,0.06097722973374026,1.0317821276628512
-4.299999102950096,-1.1499990560114384,0.09244289742777607,0.9928388484733279
-4.249999102205038,-1.1999990567564964,0.07169906363169383,1.0230249682804948
-4.19999910145998,-1.1999990567564964,0.09244289742777607,1.0080128050138977
-4.149999100714922,-1.2499990575015545,0.07169906363169383,1.0317821276628512
-4.099999099969864,-1.2499990575015545,0.09244289742777607,1.0115594423831848
-4.049999099224806,-1.2999990582466125,0.06097722973374026,1.0396180263407768
-3.9499990977346897,-1.2999990582466125,0.09244289742777607,1.0080128050138977
-3.8999990969896317,-1.3499990589916706,0.07169906363169383,1.0317821276628512
-3.8499990962445736,-1.3499990589916706,0.09244289742777607,1.0115594423831848
-3.7999990954995155,-1.3999990597367287,0.06097722973374026,1.0396180263407768
-3.6999990940093994,-1.3999990597367287,0.09244289742777607,1.0080128050138977
-3.6499990932643414,-1.4499990604817867,0.07169906363169383,1.0317821276628512
-3.5999990925192833,-1.4499990604817867,0.09244289742777607,1.0115594423831848
-3.5499990917742252,-1.4999990612268448,0.06097722973374026,1.0396180263407768
-3.449999090284109,-1.4999990612268448,0.09244289742777607,1.0080128050138977
-3.399999089539051,-1.5499990619719028,0.07169906363169383,1.0396180263407768
-3.349999088793993,-1.5499990619719028,0.09244289742777607,1.0230249682804948
-3.299999088048935,-1.599999062716961,0.07169906363169383,1.0534442070328693
-3.249999087303877,-1.599999062716961,0.09244289742777607,1.0317821276628512
-3.199999086558819,-1.649999063462019,0.06097722973374026,1.0577379954333137
-3.0999990850687027,-1.649999063462019,0.09244289742777607,1.0230249682804948
-3.0499990843236446,-1.699999064207077,0.07169906363169383,1.0534442070328693
-2.9999990835785866,-1.699999064207077,0.09244289742777607,1.0317821276628512
-2.9499990828335285,-1.749999064952135,0.06097722973374026,1.0577379954333137
-2.8499990813434124,-1.749999064952135,0.09244289742777607,1.0230249682804948
-2.7999990805983543,-1.7999990656971931,0.07169906363169383,1.0534442070328693
-2.7499990798532963,-1.7999990656971931,0.09244289742777607,1.0317821276628512
-2.699999079108238,-1.8499990664422512,0.06097722973374026,1.0577379954333137
-2.599999077618122,-1.8499990664422512,0.09244289742777607,1.0230249682804948
-2.549999076873064,-1.8999990671873093,0.07169906363169383,1.0560219995525217
-2.499999076128006,-1.8999990671873093,0.09244289742777607,1.0396180263407768
-2.449999075382948,-1.9499990679323673,0.07169906363169383,1.070544138898089
-2.349999073892832,-1.9499990679323673,0.10990195895740962,1.0317821276628512
-2.2999990731477737,-1.9999990686774254,0.07434165609349828,1.0577379954333137
-2.2499990724027157,-1.9999990686774254,0.09244289742777607,1.0396180263407768
-2.1999990716576576,-2.0499990694224834,0.06097722973374026,1.070544138898089
-2.0999990701675415,-2.0499990694224834,0.09244289742777607,1.0317821276628512
-2.0499990694224834,-2.0999990701675415,0.06097722973374026,1.0577379954333137
-1.9499990679323673,-2.0999990701675415,0.09244289742777607,1.0230249682804948
-1.8999990671873093,-2.1499990709125996,0.06097722973374026,1.0560219995525217
-1.7999990656971931,-2.1499990709125996,0.09244289742777607,1.0230249682804948
-1.749999064952135,-2.1999990716576576,0.06097722973374026,1.0560219995525217
-1.599999062716961,-2.1999990716576576,0.10249378854378532,1.02214628652442
-1.5499990619719028,-2.2499990724027157,0.06097722973374026,1.0560219995525217
-1.3999990597367287,-2.2499990724027157,0.10249378854378532,1.02214628652442
-1.3499990589916706,-2.2999990731477737,0.06097722973374026,1.0560219995525217
-1.1999990567564964,-2.2999990731477737,0.1000000074505806,1.02214628652442
-1.1499990560114384,-2.349999073892832,0.05276926365365855,1.0637281386416935
-0.9499990530312061,-2.349999073892832,0.10249378854378532,1.02214628652442
-0.8999990522861481,-2.39999907463789,0.06097722973374026,1.0560219995525217
-0.7499990500509739,-2.39999907463789,0.10249378854378532,1.02214628652442
-0.6999990493059158,-2.449999075382948,0.06097722973374026,1.0560219995525217
-0.5499990470707417,-2.449999075382948,0.1000000074505806,1.02214628652442
-0.4999990463256836,-2.499999076128006,0.05276926365365855,1.0560219995525217
-0.29999904334545135,-2.499999076128006,0.10249378854378532,1.0080128050138977
-0.2499990426003933,-2.549999076873064,0.06097722973374026,1.0430869904698528
-0.09999904036521912,-2.549999076873064,0.1000000074505806,1.0142135834465194
-0.049999039620161057,-2.599999077618122,0.05276926365365855,1.0577379954333137
0.6000009700655937,-2.599999077618122,0.1000000074505806,1.0080128050138977
0.6500009708106518,-2.64999907836318,0.05276926365365855,1.0534442070328693
1.700000986456871,-2.64999907836318,0.05276926365365855,1.0534442070328693
1.750000987201929,-2.599999077618122,0.1000000074505806,1.0080128050138977
2.2000009939074516,-2.599999077618122,0.05276926365365855,1.0508618344742164
2.2500009946525097,-2.549999076873064,0.1000000074505806,1.0035669056765961
2.650001000612974,-2.549999076873064,0.06097722973374026,1.0637281386416935
2.7000010013580322,-2.499999076128006,0.10249378854378532,1.02214628652442
2.8500010035932064,-2.499999076128006,0.06097722973374026,1.0560219995525217
2.9000010043382645,-2.449999075382948,0.10249378854378532,1.02214628652442
3.0500010065734386,-2.449999075382948,0.06097722973374026,1.0560219995525217
3.1000010073184967,-2.39999907463789,0.09244289742777607,1.0142135834465194
3.250001009553671,-2.39999907463789,0.05276926365365855,1.0430869904698528
3.300001010298729,-2.349999073892832,0.09244289742777607,1.0080128050138977
3.450001012533903,-2.349999073892832,0.05276926365365855,1.0430869904698528
3.500001013278961,-2.2999990731477737,0.09244289742777607,1.0080128050138977
3.6500010155141354,-2.2999990731477737,0.05276926365365855,1.0430869904698528
3.7000010162591934,-2.2499990724027157,0.09244289742777607,1.0080128050138977
3.8500010184943676,-2.2499990724027157,0.05276926365365855,1.0430869904698528
3.9000010192394257,-2.1999990716576576,0.09244289742777607,1.0080128050138977
4.0500010214746,-2.1999990716576576,0.05276926365365855,1.0430869904698528
4.100001022219658,-2.1499990709125996,0.09244289742777607,1.0080128050138977
4.200001023709774,-2.1499990709125996,0.06097722973374026,1.0396180263407768
4.250001024454832,-2.0999990701675415,0.10249378854378532,1.0115594423831848
4.350001025944948,-2.0999990701675415,0.07169906363169383,1.0534442070328693
4.400001026690006,-2.0499990694224834,0.09244289742777607,1.0230249682804948
4.500001028180122,-2.0499990694224834,0.06097722973374026,1.0577379954333137
4.55000102892518,-1.9999990686774254,0.09244289742777607,1.0317821276628512
4.6000010296702385,-1.9999990686774254,0.07169906363169383,1.0534442070328693
4.6500010304152966,-1.9499990679323673,0.09244289742777607,1.0230249682804948
4.700001031160355,-1.9499990679323673,0.07169906363169383,1.0396180263407768
4.750001031905413,-1.8999990671873093,0.09244289742777607,1.0115594423831848
4.850001033395529,-1.8999990671873093,0.06097722973374026,1.0534442070328693
4.900001034140587,-1.8499990664422512,0.09244289742777607,1.0230249682804948
4.950001034885645,-1.8499990664422512,0.07169906363169383,1.0396180263407768
5.000001035630703,-1.7999990656971931,0.09244289742777607,1.0115594423831848
5.050001036375761,-1.7999990656971931,0.07169906363169383,1.0317821276628512
5.100001037120819,-1.749999064952135,0.09244289742777607,1.0089003013547875
5.200001038610935,-1.749999064952135,0.06097722973374026,1.0534442070328693
5.250001039355993,-1.699999064207077,0.09244289742777607,1.0230249682804948
5.300001040101051,-1.699999064207077,0.07169906363169383,1.0396180263407768
5.350001040846109,-1.649999063462019,0.09244289742777607,1.0115594423831848
5.4000010415911674,-1.649999063462019,0.07169906363169383,1.0317821276628512
5.4500010423362255,-1.599999062716961,0.09244289742777607,1.0080128050138977
5.550001043826342,-1.599999062716961,0.06097722973374026,1.0396180263407768
5.6000010445714,-1.5499990619719028,0.09244289742777607,1.0115594423831848
5.650001045316458,-1.5499990619719028,0.07169906363169383,1.0317821276628512
5.700001046061516,-1.4999990612268448,0.09244289742777607,1.0089003013547875
5.800001047551632,-1.4999990612268448,0.06097722973374026,1.0534442070328693
5.85000104829669,-1.4499990604817867,0.09244289742777607,1.0317821276628512
5.900001049041748,-1.4499990604817867,0.07169906363169383,1.0534442070328693
5.950001049786806,-1.3999990597367287,0.09244289742777607,1.0317821276628512
6.000001050531864,-1.3999990597367287,0.07169906363169383,1.0534442070328693
6.10000105202198,-1.2999990582466125,0.1000000074505806,1.0089003013547875
6.150001052767038,-1.2999990582466125,0.07169906363169383,1.0317821276628512
6.200001053512096,-1.2499990575015545,0.09244289742777607,1.0089003013547875
6.2500010542571545,-1.2499990575015545,0.07169906363169383,1.0326548995376617
6.3000010550022125,-1.1999990567564964,0.09244289742777607,1.0150971908950817
6.350001055747271,-1.1999990567564964,0.07169906363169383,1.0422205316763558
6.450001057237387,-1.0999990552663803,0.1000000074505806,1.0089003013547875
6.500001057982445,-1.0999990552663803,0.07169906363169383,1.0326548995376617
6.550001058727503,-1.0499990545213223,0.09244289742777607,1.0150971908950817
6.600001059472561,-1.0499990545213223,0.07169906363169383,1.0422205316763558
6.700001060962677,-0.9499990530312061,0.1000000074505806,1.0089003013547875
6.750001061707735,-0.9499990530312061,0.07169906363169383,1.0317821276628512
6.800001062452793,-0.8999990522861481,0.09244289742777607,1.0089003013547875
6.850001063197851,-0.8999990522861481,0.07169906363169383,1.0326548995376617
6.900001063942909,-0.84999905154109,0.09244289742777607,1.0150971908950817
6.950001064687967,-0.84999905154109,0.07169906363169383,1.0422205316763558
7.050001066178083,-0.7499990500509739,0.1000000074505806,1.0089003013547875
7.1000010669231415,-0.7499990500509739,0.07169906363169383,1.0317821276628512
7.1500010676681995,-0.6999990493059158,0.09244289742777607,1.0089003013547875
7.200001068413258,-0.6999990493059158,0.07169906363169383,1.0326548995376617
7.250001069158316,-0.6499990485608578,0.09244289742777607,1.0150971908950817
7.300001069903374,-0.6499990485608578,0.07169906363169383,1.0422205316763558
7.40000107139349,-0.5499990470707417,0.1000000074505806,1.0089003013547875
7.450001072138548,-0.5499990470707417,0.07169906363169383,1.0317821276628512
7.500001072883606,-0.4999990463256836,0.09244289742777607,1.0089003013547875
7.550001073628664,-0.4999990463256836,0.07169906363169383,1.0326548995376617
7.65000107511878,-0.3999990448355675,0.1000000074505806,1.000892593487116
7.700001075863838,-0.3999990448355675,0.07169906363169383,1.0300349859166906
7.750001076608896,-0.3499990440905094,0.09244289742777607,1.0089003013547875
7.800001077353954,-0.3499990440905094,0.07169906363169383,1.0317821276628512
7.850001078099012,-0.29999904334545135,0.09244289742777607,1.0089003013547875
7.90000107884407,-0.29999904334545135,0.07169906363169383,1.0326548995376617
8.000001080334187,-0.19999904185533524,0.1000000074505806,1.000892593487116
8.050001081079245,-0.19999904185533524,0.07169906363169383,1.0300349859166906
8.100001081824303,-0.14999904111027718,0.09244289742777607,1.0150971908950817
8.15000108256936,-0.14999904111027718,0.07169906363169383,1.0422205316763558
8.250001084059477,-0.049999039620161057,0.1000000074505806,1.0089003013547875
8.300001084804535,-0.049999039620161057,0.07169906363169383,1.0326548995376617
8.400001086294651,0.05000096186995506,0.1000000074505806,1.000892593487116
8.450001087039709,0.05000096186995506,0.07169906363169383,1.0300349859166906
8.500001087784767,0.10000096261501312,0.09244289742777607,1.0150971908950817
8.550001088529825,0.10000096261501312,0.07169906363169383,1.0422205316763558
8.650001090019941,0.20000096410512924,0.1000000074505806,1.0089003013547875
8.700001090765,0.20000096410512924,0.07169906363169383,1.0326548995376617
8.800001092255116,0.30000096559524536,0.1000000074505806,1.000892593487116
8.850001093000174,0.30000096559524536,0.07169906363169383,1.0300349859166906
8.95000109449029,0.4000009670853615,0.1000000074505806,1.000892593487116
9.000001095235348,0.4000009670853615,0.07169906363169383,1.0300349859166906
9.050001095980406,0.45000096783041954,0.09244289742777607,1.0150971908950817
9.100001096725464,0.45000096783041954,0.07169906363169383,1.0422205316763558
9.20000109821558,0.5500009693205357,0.1000000074505806,1.0089003013547875
9.250001098960638,0.5500009693205357,0.07169906363169383,1.0326548995376617
9.350001100450754,0.6500009708106518,0.1000000074505806,1.000892593487116
9.400001101195812,0.6500009708106518,0.07169906363169383,1.0300349859166906
9.45000110194087,0.7000009715557098,0.09244289742777607,1.0150971908950817
9.500001102685928,0.7000009715557098,0.07169906363169383,1.0422205316763558
9.600001104176044,0.800000973045826,0.1000000074505806,1.0089003013547875
9.650001104921103,0.800000973045826,0.07169906363169383,1.0326548995376617
9.750001106411219,0.9000009745359421,0.1000000074505806,1.000892593487116
9.800001107156277,0.9000009745359421,0.07169906363169383,1.0300349859166906
9.95000110939145,1.0500009767711163,0.1000000074505806,0.9901438981605425
10.000001110136509,1.0500009767711163,0.07169906363169383,1.0212670615337187
10.150001112371683,1.2000009790062904,0.1000000074505806,0.9901438981605425
10.200001113116741,1.2000009790062904,0.07169906363169383,1.0212670615337187
10.350001115351915,1.3500009812414646,0.1000000074505806,0.9901438981605425
10.400001116096973,1.3500009812414646,0.07169906363169383,1.0212670615337187
10.600001119077206,1.5500009842216969,0.1000000074505806,0.9901438981605425
10.650001119822264,1.5500009842216969,0.07169906363169383,1.0212670615337187
10.800001122057438,1.700000986456871,0.1000000074505806,1.000892593487116
10.850001122802496,1.700000986456871,0.07169906363169383,1.0300349859166906
11.00000112503767,1.8500009886920452,0.1000000074505806,1.0142135834465194
11.050001125782728,1.8500009886920452,0.07169906363169383,1.0422205316763558
11.200001128017902,2.0000009909272194,0.1000000074505806,1.0150971908950817
11.25000112876296,2.0000009909272194,0.07169906363169383,1.0422205316763558
11.400001130998135,2.1500009931623936,0.1000000074505806,1.0159802469503794
11.450001131743193,2.1500009931623936,0.07169906363169383,1.0500000216066838
11.650001134723425,2.350000996142626,0.1000000074505806,1.0159802469503794
11.700001135468483,2.350000996142626,0.07169906363169383,1.0500000216066838
11.850001137703657,2.5000009983778,0.1000000074505806,1.0212670615337187
11.900001138448715,2.5000009983778,0.07169906363169383,1.0534442070328693
12.100001141428947,2.7000010013580322,0.11478151472019225,1.0212670615337187
12.150001142174006,2.7000010013580322,0.09244289742777607,1.0534442070328693
12.350001145154238,2.9000010043382645,0.11478151472019225,1.0212670615337187
12.400001145899296,2.9000010043382645,0.09244289742777607,1.0534442070328693
12.600001148879528,3.1000010073184967,0.1000000074505806,1.0212670615337187
12.650001149624586,3.1000010073184967,0.07169906363169383,1.0534442070328693
12.850001152604818,3.300001010298729,0.1000000074505806,1.0212670615337187
12.900001153349876,3.300001010298729,0.07169906363169383,1.0534442070328693
13.150001157075167,3.5500010140240192,0.1000000074505806,1.0150971908950817
13.200001157820225,3.5500010140240192,0.07169906363169383,1.0422205316763558
13.400001160800457,3.7500010170042515,0.1000000074505806,1.0142135834465194
13.450001161545515,3.7500010170042515,0.07169906363169383,1.0422205316763558
13.700001165270805,4.000001020729542,0.1000000074505806,0.9901438981605425
13.750001166015863,4.000001020729542,0.07169906363169383,1.0212670615337187
14.000001169741154,4.250001024454832,0.1000000074505806,0.9829316892012206
14.050001170486212,4.250001024454832,0.07169906363169383,1.0150971908950817
14.200001172721386,4.400001026690006,0.1000000074505806,0.9829316892012206
14.250001173466444,4.400001026690006,0.07169906363169383,1.0159802469503794
14.35000117495656,4.500001028180122,0.1000000074505806,1.000892593487116
14.400001175701618,4.500001028180122,0.07169906363169383,1.0300349859166906
14.450001176446676,4.55000102892518,0.09244289742777607,1.0089003013547875
14.500001177191734,4.55000102892518,0.07169906363169383,1.0326548995376617
14.60000117868185,4.6500010304152966,0.1000000074505806,1.000892593487116
14.650001179426908,4.6500010304152966,0.07169906363169383,1.0300349859166906
14.700001180171967,4.700001031160355,0.09244289742777607,1.0089003013547875
14.85000118240714,4.700001031160355,0.05276926365365855,1.070544138898089
14.900001183152199,4.750001031905413,0.1000000074505806,1.0317821276628512
15.300001189112663,4.750001031905413,0.1000000074505806,1.02214628652442
15.350001189857721,4.700001031160355,0.05276926365365855,1.0560219995525217
15.500001192092896,4.700001031160355,0.09244289742777607,1.0080128050138977
15.550001192837954,4.6500010304152966,0.07169906363169383,1.0300349859166906
15.600001193583012,4.6500010304152966,0.1000000074505806,1.000892593487116
15.700001195073128,4.55000102892518,0.09497475420628175,1.000892593487116
15.700001195073128,4.500001028180122,0.06097722973374026,1.0300349859166906
15.750001195818186,4.450001027435064,0.07169906363169383,1.0212670615337187
15.750001195818186,4.400001026690006,0.04721360216395983,1.0534442070328693
15.800001196563244,4.350001025944948,0.07434165609349828,1.0317821276628512
15.800001196563244,4.30000102519989,0.06097722973374026,1.0534442070328693
15.850001197308302,4.250001024454832,0.09244289742777607,1.0230249682804948
15.850001197308302,4.150001022964716,0.06097722973374026,1.0560219995525217
15.90000119805336,4.100001022219658,0.10249378854378532,1.0142135834465194
15.90000119805336,3.8000010177493095,0.050000006705522536,1.0713939188816939
15.950001198798418,3.7500010170042515,0.1000000074505806,1.0317821276628512
15.950001198798418,3.400001011788845,0.050000006705522536,1.0713939188816939
16.000001199543476,3.350001011043787,0.1000000074505806,1.0317821276628512
16.000001199543476,2.550000999122858,0.05276926365365855,1.0713939188816939
16.050001200288534,2.5000009983778,0.1000000074505806,1.0317821276628512
16.050001200288534,1.4500009827315807,0.050000006705522536,1.0713939188816939
16.100001201033592,1.4000009819865227,0.1000000074505806,1.0317821276628512
16.100001201033592,0.4000009670853615,0.050000006705522536,1.0713939188816939
16.15000120177865,0.3500009663403034,0.1000000074505806,1.0317821276628512
16.15000120177865,-0.6499990485608578,0.050000006705522536,1.0637281386416935
16.20000120252371,-0.6999990493059158,0.1000000074505806,1.02214628652442
16.20000120252371,-0.9499990530312061,0.05276926365365855,1.0637281386416935
16.250001203268766,-0.9999990537762642,0.1000000074505806,1.02214628652442
16.250001203268766,-1.2999990582466125,0.050000006705522536,1.0713939188816939
16.300001204013824,-1.3499990589916706,0.1000000074505806,1.0317821276628512
16.300001204013824,-1.5499990619719028,0.06097722973374026,1.0637281386416935
16.350001204758883,-1.599999062716961,0.10249378854378532,1.02214628652442
16.350001204758883,-1.7999990656971931,0.05276926365365855,1.0577379954333137
16.40000120550394,-1.8499990664422512,0.1000000074505806,1.0142135834465194
16.40000120550394,-1.9999990686774254,0.06097722973374026,1.0430869904698528
16.450001206249,-2.0499990694224834,0.10249378854378532,1.0080128050138977
16.450001206249,-2.1999990716576576,0.06097722973374026,1.0430869904698528
16.500001206994057,-2.2499990724027157,0.10249378854378532,1.0080128050138977
16.500001206994057,-2.39999907463789,0.06097722973374026,1.0560219995525217
16.550001207739115,-2.449999075382948,0.10249378854378532,1.02214628652442
16.550001207739115,-2.599999077618122,0.06097722973374026,1.0560219995525217
16.600001208484173,-2.64999907836318,0.09244289742777607,1.0230249682804948
16.600001208484173,-2.7499990798532963,0.06097722973374026,1.0560219995525217
16.65000120922923,-2.7999990805983543,0.09244289742777607,1.0230249682804948
16.65000120922923,-2.8999990820884705,0.04721360216395983,1.0577379954333137
16.70000120997429,-2.9499990828335285,0.07434165609349828,1.0317821276628512
16.70000120997429,-2.9999990835785866,0.06097722973374026,1.0534442070328693
16.750001210719347,-3.0499990843236446,0.09244289742777607,1.0317821276628512
16.750001210719347,-3.0999990850687027,0.07169906363169383,1.0534442070328693
16.800001211464405,-3.1499990858137608,0.09244289742777607,1.0317821276628512
16.800001211464405,-3.199999086558819,0.07169906363169383,1.0534442070328693
16.850001212209463,-3.249999087303877,0.09244289742777607,1.0317821276628512
16.850001212209463,-3.299999088048935,0.07169906363169383,1.0534442070328693
16.95000121369958,-3.399999089539051,0.09497475420628175,1.0150971908950817
16.95000121369958,-3.449999090284109,0.06097722973374026,1.0422205316763558
17.100001215934753,-3.5999990925192833,0.09497475420628175,1.0159802469503794
17.100001215934753,-3.6499990932643414,0.06097722973374026,1.0500000216066838
17.250001218169928,-3.7999990954995155,0.07169906363169383,1.0495689230326823
17.300001218914986,-3.7999990954995155,0.1000000074505806,1.0142135834465194
17.500001221895218,-3.9999990984797478,0.07169906363169383,1.0300349859166906
17.550001222640276,-3.9999990984797478,0.1000000074505806,1.000892593487116
17.650001224130392,-4.099999099969864,0.07169906363169383,1.0326548995376617
17.70000122487545,-4.099999099969864,0.09244289742777607,1.0089003013547875
17.750001225620508,-4.149999100714922,0.07169906363169383,1.0317821276628512
17.800001226365566,-4.149999100714922,0.09244289742777607,1.0115594423831848
17.850001227110624,-4.19999910145998,0.07169906363169383,1.0396180263407768
17.95000122860074,-4.19999910145998,0.10249378854378532,1.0080128050138977
18.0000012293458,-4.249999102205038,0.06097722973374026,1.0430869904698528
18.150001231580973,-4.249999102205038,0.10249378854378532,1.0142135834465194
18.20000123232603,-4.299999102950096,0.06097722973374026,1.0577379954333137
18.900001242756844,-4.299999102950096,0.06097722973374026,1.0577379954333137
18.9500012435019,-4.249999102205038,0.10249378854378532,1.0142135834465194
19.100001245737076,-4.249999102205038,0.06097722973374026,1.0430869904698528
19.150001246482134,-4.19999910145998,0.10249378854378532,1.0080128050138977
19.25000124797225,-4.19999910145998,0.07169906363169383,1.0396180263407768
19.300001248717308,-4.149999100714922,0.09244289742777607,1.0080128050138977
19.400001250207424,-4.149999100714922,0.06097722973374026,1.0396180263407768
19.450001250952482,-4.099999099969864,0.09244289742777607,1.0115594423831848
19.50000125169754,-4.099999099969864,0.07169906363169383,1.0317821276628512
19.5500012524426,-4.049999099224806,0.09244289742777607,1.0089003013547875
19.600001253187656,-4.049999099224806,0.07169906363169383,1.0326548995376617
19.700001254677773,-3.9499990977346897,0.1000000074505806,1.000892593487116
19.75000125542283,-3.9499990977346897,0.07169906363169383,1.0300349859166906
19.80000125616789,-3.8999990969896317,0.09244289742777607,1.0089003013547875
19.850001256912947,-3.8999990969896317,0.07169906363169383,1.0326548995376617
19.950001258403063,-3.7999990954995155,0.1000000074505806,1.000892593487116
20.00000125914812,-3.7999990954995155,0.07169906363169383,1.0300349859166906
20.100001260638237,-3.6999990940093994,0.1000000074505806,1.000892593487116
20.150001261383295,-3.6999990940093994,0.07169906363169383,1.0300349859166906
20.30000126361847,-3.5499990917742252,0.1000000074505806,1.0142135834465194
20.350001264363527,-3.5499990917742252,0.07169906363169383,1.0422205316763558
20.75000127032399,-3.1499990858137608,0.1000000074505806,0.979311442966714
20.80000127106905,-3.1499990858137608,0.07169906363169383,1.0142135834465194
21.150001276284456,-2.7999990805983543,0.1000000074505806,1.0142135834465194
21.200001277029514,-2.7999990805983543,0.07169906363169383,1.0495689230326823
21.55000128224492,-2.449999075382948,0.07169906363169383,1.0495689230326823
21.55000128224492,-2.39999907463789,0.1000000074505806,1.0142135834465194
21.85000128671527,-2.0999990701675415,0.07169906363169383,1.0159802469503794
21.85000128671527,-2.0499990694224834,0.1000000074505806,0.9829316892012206
22.150001291185617,-1.749999064952135,0.07169906363169383,1.0422205316763558
22.150001291185617,-1.699999064207077,0.1000000074505806,1.0150971908950817
22.35000129416585,-1.4999990612268448,0.09244289742777607,1.0534442070328693
22.35000129416585,-1.4499990604817867,0.11478151472019225,1.0212670615337187
22.500001296401024,-1.2999990582466125,0.07169906363169383,1.0534442070328693
22.500001296401024,-1.2499990575015545,0.1000000074505806,1.0212670615337187
22.60000129789114,-1.1499990560114384,0.07169906363169383,1.0422205316763558
22.60000129789114,-1.0999990552663803,0.1000000074505806,1.0150971908950817
22.700001299381256,-0.9999990537762642,0.07169906363169383,1.0300349859166906
22.700001299381256,-0.9499990530312061,0.1000000074505806,1.000892593487116
22.800001300871372,-0.84999905154109,0.07169906363169383,1.0300349859166906
22.800001300871372,-0.799999050796032,0.1000000074505806,1.000892593487116
22.90000130236149,-0.6999990493059158,0.07169906363169383,1.0300349859166906
22.90000130236149,-0.6499990485608578,0.09244289742777607,1.000892593487116
22.950001303106546,-0.5999990478157997,0.07169906363169383,1.0150971908950817
22.950001303106546,-0.5499990470707417,0.1000000074505806,0.989244419646335
23.050001304596663,-0.44999904558062553,0.07169906363169383,1.0150971908950817
23.050001304596663,-0.3999990448355675,0.1000000074505806,0.989244419646335
23.15000130608678,-0.29999904334545135,0.07169906363169383,1.0150971908950817
23.15000130608678,-0.2499990426003933,0.1000000074505806,0.989244419646335
23.250001307576895,-0.14999904111027718,0.07169906363169383,1.0300349859166906
23.250001307576895,-0.09999904036521912,0.1000000074505806,1.000892593487116
23.35000130906701,9.611248970031738e-07,0.07169906363169383,1.0300349859166906
23.35000130906701,0.05000096186995506,0.1000000074505806,1.000892593487116
23.450001310557127,0.15000096336007118,0.07169906363169383,1.0300349859166906
23.450001310557127,0.20000096410512924,0.1000000074505806,1.000892593487116
23.550001312047243,0.30000096559524536,0.07169906363169383,1.0300349859166906
23.550001312047243,0.3500009663403034,0.1000000074505806,1.000892593487116
23.65000131353736,0.45000096783041954,0.07169906363169383,1.0300349859166906
23.65000131353736,0.5000009685754776,0.1000000074505806,1.000892593487116
23.750001315027475,0.6000009700655937,0.07169906363169383,1.0300349859166906
23.750001315027475,0.6500009708106518,0.1000000074505806,1.000892593487116
23.85000131651759,0.7500009723007679,0.07169906363169383,1.0326548995376617
23.85000131651759,0.800000973045826,0.1000000074505806,1.0089003013547875
23.950001318007708,0.9000009745359421,0.07169906363169383,1.0422205316763558
23.950001318007708,0.9500009752810001,0.09244289742777607,1.0150971908950817
24.000001318752766,1.0000009760260582,0.07169906363169383,1.0326548995376617
24.000001318752766,1.0500009767711163,0.09244289742777607,1.0089003013547875
24.050001319497824,1.1000009775161743,0.07169906363169383,1.0317821276628512
24.050001319497824,1.1500009782612324,0.1000000074505806,1.0089003013547875
24.15000132098794,1.2500009797513485,0.07169906363169383,1.0534442070328693
24.15000132098794,1.3000009804964066,0.09244289742777607,1.0300349859166906
24.200001321732998,1.3500009812414646,0.07169906363169383,1.0422205316763558
24.200001321732998,1.4000009819865227,0.09244289742777607,1.0150971908950817
24.250001322478056,1.4500009827315807,0.07169906363169383,1.0326548995376617
24.250001322478056,1.5000009834766388,0.1000000074505806,1.0089003013547875
24.350001323968172,1.600000984966755,0.07169906363169383,1.0534442070328693
24.350001323968172,1.650000985711813,0.09244289742777607,1.0317821276628512
24.40000132471323,1.700000986456871,0.07169906363169383,1.0534442070328693
24.40000132471323,1.750000987201929,0.09244289742777607,1.0317821276628512
24.450001325458288,1.8000009879469872,0.07169906363169383,1.0534442070328693
24.450001325458288,1.8500009886920452,0.09244289742777607,1.0317821276628512
24.500001326203346,1.9000009894371033,0.07169906363169383,1.0534442070328693
24.500001326203346,1.9500009901821613,0.1000000074505806,1.0317821276628512
24.550001326948404,2.0000009909272194,0.09244289742777607,1.0534442070328693
24.550001326948404,2.0500009916722775,0.11478151472019225,1.0300349859166906
24.65000132843852,2.1500009931623936,0.07169906363169383,1.0577379954333137
24.65000132843852,2.2000009939074516,0.09244289742777607,1.0326548995376617
24.70000132918358,2.2500009946525097,0.07169906363169383,1.0534442070328693
24.70000132918358,2.3000009953975677,0.1000000074505806,1.0317821276628512
24.750001329928637,2.350000996142626,0.07434165609349828,1.0534442070328693
24.750001329928637,2.400000996887684,0.09244289742777607,1.0317821276628512
24.800001330673695,2.450000997632742,0.07169906363169383,1.0534442070328693
24.800001330673695,2.5000009983778,0.09244289742777607,1.0317821276628512
24.850001331418753,2.550000999122858,0.06097722973374026,1.0534442070328693
24.850001331418753,2.650001000612974,0.09244289742777607,1.0089003013547875
24.90000133216381,2.7000010013580322,0.07169906363169383,1.0317821276628512
24.90000133216381,2.7500010021030903,0.09244289742777607,1.0089003013547875
24.95000133290887,2.8000010028481483,0.06097722973374026,1.0317821276628512
24.95000133290887,2.9000010043382645,0.09244289742777607,0.9928388484733279
25.000001333653927,2.9500010050833225,0.07169906363169383,1.0230249682804948
25.000001333653927,3.0000010058283806,0.09244289742777607,1.0080128050138977
25.050001334398985,3.0500010065734386,0.06097722973374026,1.0396180263407768
25.050001334398985,3.1500010080635548,0.09244289742777607,1.0080128050138977
25.100001335144043,3.200001008808613,0.07169906363169383,1.0396180263407768
25.100001335144043,3.250001009553671,0.09244289742777607,1.0230249682804948
25.1500013358891,3.300001010298729,0.06097722973374026,1.0560219995525217
25.1500013358891,3.400001011788845,0.09244289742777607,1.0230249682804948
25.20000133663416,3.450001012533903,0.07169906363169383,1.0560219995525217
25.20000133663416,3.5500010140240192,0.1000000074505806,1.0230249682804948
25.250001337379217,3.6000010147690773,0.05276926365365855,1.0560219995525217
25.250001337379217,3.7500010170042515,0.09244289742777607,1.0080128050138977
25.300001338124275,3.8000010177493095,0.05276926365365855,1.0430869904698528
25.300001338124275,4.000001020729542,0.1000000074505806,1.0080128050138977
25.350001338869333,4.0500010214746,0.05276926365365855,1.0430869904698528
25.350001338869333,4.250001024454832,0.10249378854378532,1.0080128050138977
25.40000133961439,4.30000102519989,0.06097722973374026,1.0534442070328693
25.40000133961439,4.450001027435064,0.1000000074505806,1.02214628652442
25.45000134035945,4.500001028180122,0.05276926365365855,1.0637281386416935
25.45000134035945,5.050001036375761,0.1000000074505806,1.0000000208616258
25.500001341104507,5.100001037120819,0.05276926365365855,1.0500000216066838
25.500001341104507,6.200001053512096,0.05276926365365855,1.0500000216066838
25.45000134035945,6.2500010542571545,0.1000000074505806,1.0000000208616258
25.45000134035945,6.800001062452793,0.05276926365365855,1.0534442070328693
25.40000133961439,6.850001063197851,0.1000000074505806,1.0080128050138977
25.40000133961439,7.1500010676681995,0.06097722973374026,1.0577379954333137
25.350001338869333,7.200001068413258,0.10249378854378532,1.0142135834465194
25.350001338869333,7.350001070648432,0.06097722973374026,1.0430869904698528
25.300001338124275,7.40000107139349,0.10249378854378532,1.0080128050138977
25.300001338124275,7.600001074373722,0.05276926365365855,1.0430869904698528
25.250001337379217,7.65000107511878,0.09244289742777607,1.0080128050138977
25.250001337379217,7.750001076608896,0.06097722973374026,1.0396180263407768
25.20000133663416,7.800001077353954,0.10249378854378532,1.0080128050138977
25.20000133663416,7.9500010795891285,0.06097722973374026,1.0560219995525217
25.1500013358891,8.000001080334187,0.09244289742777607,1.0230249682804948
25.1500013358891,8.050001081079245,0.07169906363169383,1.0396180263407768
25.100001335144043,8.100001081824303,0.09244289742777607,1.0080128050138977
25.100001335144043,8.200001083314419,0.06097722973374026,1.0396180263407768
25.050001334398985,8.250001084059477,0.09244289742777607,1.0080128050138977
25.050001334398985,8.300001084804535,0.07169906363169383,1.0230249682804948
25.000001333653927,8.350001085549593,0.09244289742777607,0.9928388484733279
25.000001333653927,8.400001086294651,0.07169906363169383,1.0115594423831848
24.95000133290887,8.450001087039709,0.09244289742777607,0.9865424830472975
24.95000133290887,8.550001088529825,0.06097722973374026,1.0326548995376617
24.90000133216381,8.600001089274883,0.09244289742777607,1.0150971908950817
24.90000133216381,8.650001090019941,0.07169906363169383,1.0422205316763558
24.850001331418753,8.700001090765,0.09244289742777607,1.0300349859166906
24.850001331418753,8.750001091510057,0.07169906363169383,1.0534442070328693
24.800001330673695,8.800001092255116,0.09244289742777607,1.0317821276628512
24.800001330673695,8.850001093000174,0.07169906363169383,1.0534442070328693
24.750001329928637,8.900001093745232,0.09244289742777607,1.0317821276628512
24.750001329928637,8.95000109449029,0.07169906363169383,1.0534442070328693
24.65000132843852,9.050001095980406,0.1000000074505806,1.0089003013547875
24.65000132843852,9.100001096725464,0.07169906363169383,1.0317821276628512
24.550001326948404,9.20000109821558,0.1000000074505806,0.989244419646335
24.550001326948404,9.250001098960638,0.07169906363169383,1.0150971908950817
24.450001325458288,9.350001100450754,0.1000000074505806,0.989244419646335
24.450001325458288,9.400001101195812,0.07169906363169383,1.0150971908950817
24.350001323968172,9.500001102685928,0.1000000074505806,0.989244419646335
24.350001323968172,9.550001103430986,0.07169906363169383,1.0150971908950817
24.250001322478056,9.650001104921103,0.1000000074505806,0.989244419646335
24.250001322478056,9.70000110566616,0.07169906363169383,1.0150971908950817
24.200001321732998,9.750001106411219,0.09244289742777607,1.000892593487116
24.200001321732998,9.800001107156277,0.07169906363169383,1.0300349859166906
24.10000132024288,9.900001108646393,0.1000000074505806,1.000892593487116
24.10000132024288,9.95000110939145,0.07169906363169383,1.0300349859166906
24.000001318752766,10.050001110881567,0.1000000074505806,1.0150971908950817
24.000001318752766,10.100001111626625,0.07169906363169383,1.0422205316763558
23.85000131651759,10.2500011138618,0.1000000074505806,1.000892593487116
23.85000131651759,10.300001114606857,0.07169906363169383,1.0300349859166906
23.750001315027475,10.400001116096973,0.1000000074505806,1.000892593487116
23.750001315027475,10.450001116842031,0.07169906363169383,1.0300349859166906
23.6000013127923,10.600001119077206,0.1000000074505806,1.000892593487116
23.6000013127923,10.650001119822264,0.07169906363169383,1.0300349859166906
23.500001311302185,10.75000112131238,0.1000000074505806,1.0150971908950817
23.500001311302185,10.800001122057438,0.07169906363169383,1.0422205316763558
23.35000130906701,10.950001124292612,0.1000000074505806,1.000892593487116
23.35000130906701,11.00000112503767,0.07169906363169383,1.0300349859166906
23.250001307576895,11.100001126527786,0.1000000074505806,1.0150971908950817
23.250001307576895,11.150001127272844,0.07169906363169383,1.0422205316763558
23.10000130534172,11.300001129508018,0.1000000074505806,1.0150971908950817
23.10000130534172,11.350001130253077,0.07169906363169383,1.0422205316763558
23.000001303851604,11.450001131743193,0.1000000074505806,1.0150971908950817
23.000001303851604,11.50000113248825,0.07169906363169383,1.0422205316763558
22.85000130161643,11.650001134723425,0.1000000074505806,1.0150971908950817
22.85000130161643,11.700001135468483,0.07169906363169383,1.0422205316763558
22.750001300126314,11.800001136958599,0.1000000074505806,1.0150971908950817
22.750001300126314,11.850001137703657,0.07169906363169383,1.0422205316763558
22.60000129789114,12.000001139938831,0.1000000074505806,1.0150971908950817
22.60000129789114,12.05000114068389,0.07169906363169383,1.0422205316763558
22.500001296401024,12.150001142174006,0.1000000074505806,1.0150971908950817
22.500001296401024,12.200001142919064,0.07169906363169383,1.0422205316763558
22.35000129416585,12.350001145154238,0.1000000074505806,1.000892593487116
22.35000129416585,12.400001145899296,0.07169906363169383,1.0300349859166906
22.200001291930676,12.55000114813447,0.1000000074505806,1.000892593487116
22.200001291930676,12.600001148879528,0.07169906363169383,1.0300349859166906
22.10000129044056,12.700001150369644,0.1000000074505806,1.000892593487116
22.10000129044056,12.750001151114702,0.07169906363169383,1.0300349859166906
21.950001288205385,12.900001153349876,0.1000000074505806,1.000892593487116
21.950001288205385,12.950001154094934,0.07169906363169383,1.0300349859166906
21.85000128671527,13.05000115558505,0.1000000074505806,1.000892593487116
21.85000128671527,13.100001156330109,0.07169906363169383,1.0300349859166906
21.750001285225153,13.200001157820225,0.1000000074505806,1.000892593487116
21.750001285225153,13.250001158565283,0.07169906363169383,1.0300349859166906
21.60000128298998,13.400001160800457,0.1000000074505806,1.000892593487116
21.60000128298998,13.450001161545515,0.07169906363169383,1.0300349859166906
21.500001281499863,13.550001163035631,0.1000000074505806,1.000892593487116
21.500001281499863,13.60000116378069,0.07169906363169383,1.0300349859166906
21.35000127926469,13.750001166015863,0.1000000074505806,1.000892593487116
21.35000127926469,13.800001166760921,0.07169906363169383,1.0300349859166906
21.250001277774572,13.900001168251038,0.1000000074505806,1.000892593487116
21.250001277774572,13.950001168996096,0.07169906363169383,1.0300349859166906
21.100001275539398,14.10000117123127,0.1000000074505806,1.000892593487116
21.100001275539398,14.150001171976328,0.07169906363169383,1.0300349859166906
21.000001274049282,14.250001173466444,0.1000000074505806,1.000892593487116
21.000001274049282,14.300001174211502,0.07169906363169383,1.0300349859166906
20.900001272559166,14.400001175701618,0.1000000074505806,1.0150971908950817
20.900001272559166,14.450001176446676,0.07169906363169383,1.0422205316763558
20.75000127032399,14.60000117868185,0.1000000074505806,1.000892593487116
20.75000127032399,14.650001179426908,0.07169906363169383,1.0300349859166906
20.650001268833876,14.750001180917025,0.1000000074505806,1.000892593487116
20.650001268833876,14.800001181662083,0.07169906363169383,1.0300349859166906
20.5000012665987,14.950001183897257,0.1000000074505806,1.000892593487116
20.5000012665987,15.000001184642315,0.07169906363169383,1.0300349859166906
20.400001265108585,15.100001186132431,0.1000000074505806,1.000892593487116
20.400001265108585,15.150001186877489,0.07169906363169383,1.0300349859166906
20.25000126287341,15.300001189112663,0.1000000074505806,1.000892593487116
20.25000126287341,15.350001189857721,0.07169906363169383,1.0300349859166906
20.150001261383295,15.450001191347837,0.1000000074505806,1.000892593487116
20.150001261383295,15.500001192092896,0.07169906363169383,1.0300349859166906
20.05000125989318,15.600001193583012,0.1000000074505806,1.0150971908950817
20.05000125989318,15.65000119432807,0.07169906363169383,1.0422205316763558
19.900001257658005,15.800001196563244,0.1000000074505806,1.000892593487116
19.900001257658005,15.850001197308302,0.07169906363169383,1.0300349859166906
19.80000125616789,15.950001198798418,0.1000000074505806,1.000892593487116
19.80000125616789,16.000001199543476,0.07169906363169383,1.0300349859166906
19.650001253932714,16.15000120177865,0.1000000074505806,1.000892593487116
19.650001253932714,16.20000120252371,0.07169906363169383,1.0300349859166906
19.5500012524426,16.300001204013824,0.1000000074505806,1.000892593487116
19.5500012524426,16.350001204758883,0.07169906363169383,1.0300349859166906
19.400001250207424,16.500001206994057,0.1000000074505806,1.000892593487116
19.400001250207424,16.550001207739115,0.07169906363169383,1.0300349859166906
19.300001248717308,16.65000120922923,0.1000000074505806,1.000892593487116
19.300001248717308,16.70000120997429,0.07169906363169383,1.0300349859166906
19.200001247227192,16.800001211464405,0.1000000074505806,1.0150971908950817
19.200001247227192,16.850001212209463,0.07169906363169383,1.0422205316763558
19.050001244992018,17.000001214444637,0.1000000074505806,1.000892593487116
19.050001244992018,17.050001215189695,0.07169906363169383,1.0300349859166906
18.9500012435019,17.15000121667981,0.1000000074505806,1.000892593487116
18.9500012435019,17.20000121742487,0.07169906363169383,1.0300349859166906
18.800001241266727,17.350001219660044,0.1000000074505806,1.000892593487116
18.800001241266727,17.4000012204051,0.07169906363169383,1.0300349859166906
18.70000123977661,17.500001221895218,0.1000000074505806,1.000892593487116
18.70000123977661,17.550001222640276,0.07169906363169383,1.0300349859166906
18.550001237541437,17.70000122487545,0.1000000074505806,1.000892593487116
18.550001237541437,17.750001225620508,0.07169906363169383,1.0300349859166906
18.45000123605132,17.850001227110624,0.1000000074505806,1.000892593487116
18.45000123605132,17.900001227855682,0.07169906363169383,1.0300349859166906
18.350001234561205,18.0000012293458,0.1000000074505806,1.0150971908950817
18.350001234561205,18.050001230090857,0.07169906363169383,1.0422205316763558
18.20000123232603,18.20000123232603,0.1000000074505806,1.000892593487116
18.20000123232603,18.25000123307109,0.07169906363169383,1.0300349859166906
18.100001230835915,18.350001234561205,0.1000000074505806,1.000892593487116
18.100001230835915,18.400001235306263,0.07169906363169383,1.0300349859166906
17.95000122860074,18.550001237541437,0.1000000074505806,1.000892593487116
17.95000122860074,18.600001238286495,0.07169906363169383,1.0300349859166906
17.850001227110624,18.70000123977661,0.1000000074505806,1.000892593487116
17.850001227110624,18.75000124052167,0.07169906363169383,1.0300349859166906
17.70000122487545,18.900001242756844,0.1000000074505806,1.000892593487116
17.70000122487545,18.9500012435019,0.07169906363169383,1.0300349859166906
17.600001223385334,19.050001244992018,0.1000000074505806,1.000892593487116
17.600001223385334,19.100001245737076,0.07169906363169383,1.0300349859166906
17.45000122115016,19.25000124797225,0.1000000074505806,1.000892593487116
17.45000122115016,19.300001248717308,0.07169906363169383,1.0300349859166906
17.350001219660044,19.400001250207424,0.1000000074505806,1.000892593487116
17.350001219660044,19.450001250952482,0.07169906363169383,1.0300349859166906
17.250001218169928,19.5500012524426,0.1000000074505806,1.0150971908950817
17.250001218169928,19.600001253187656,0.07169906363169383,1.0422205316763558
17.100001215934753,19.75000125542283,0.1000000074505806,1.000892593487116
17.100001215934753,19.80000125616789,0.07169906363169383,1.0300349859166906
17.000001214444637,19.900001257658005,0.1000000074505806,1.000892593487116
17.000001214444637,19.950001258403063,0.07169906363169383,1.0300349859166906
16.850001212209463,20.100001260638237,0.1000000074505806,1.000892593487116
16.850001212209463,20.150001261383295,0.07169906363169383,1.0300349859166906
16.750001210719347,20.25000126287341,0.1000000074505806,1.000892593487116
16.750001210719347,20.30000126361847,0.07169906363169383,1.0300349859166906
16.600001208484173,20.450001265853643,0.1000000074505806,1.000892593487116
16.600001208484173,20.5000012665987,0.07169906363169383,1.0300349859166906
16.500001206994057,20.600001268088818,0.1000000074505806,1.000892593487116
16.500001206994057,20.650001268833876,0.07169906363169383,1.0300349859166906
16.40000120550394,20.75000127032399,0.1000000074505806,1.0150971908950817
16.40000120550394,20.80000127106905,0.07169906363169383,1.0422205316763558
16.250001203268766,20.950001273304224,0.1000000074505806,1.000892593487116
16.250001203268766,21.000001274049282,0.07169906363169383,1.0300349859166906
16.15000120177865,21.100001275539398,0.1000000074505806,1.000892593487116
16.15000120177865,21.150001276284456,0.07169906363169383,1.0300349859166906
16.000001199543476,21.30000127851963,0.1000000074505806,1.000892593487116
16.000001199543476,21.35000127926469,0.07169906363169383,1.0300349859166906
15.90000119805336,21.450001280754805,0.1000000074505806,1.000892593487116
15.90000119805336,21.500001281499863,0.07169906363169383,1.0300349859166906
15.750001195818186,21.650001283735037,0.1000000074505806,1.000892593487116
15.750001195818186,21.700001284480095,0.07169906363169383,1.0300349859166906
15.65000119432807,21.80000128597021,0.1000000074505806,1.000892593487116
15.65000119432807,21.85000128671527,0.07169906363169383,1.0300349859166906
15.550001192837954,21.950001288205385,0.1000000074505806,1.0150971908950817
15.550001192837954,22.000001288950443,0.07169906363169383,1.0422205316763558
15.40000119060278,22.150001291185617,0.1000000074505806,1.000892593487116
15.40000119060278,22.200001291930676,0.07169906363169383,1.0300349859166906
15.300001189112663,22.30000129342079,0.1000000074505806,1.000892593487116
15.300001189112663,22.35000129416585,0.07169906363169383,1.0300349859166906
15.150001186877489,22.500001296401024,0.1000000074505806,1.000892593487116
15.150001186877489,22.550001297146082,0.07169906363169383,1.0300349859166906
15.050001185387373,22.650001298636198,0.1000000074505806,1.000892593487116
15.050001185387373,22.700001299381256,0.07169906363169383,1.0300349859166906
14.900001183152199,22.85000130161643,0.1000000074505806,1.000892593487116
14.900001183152199,22.90000130236149,0.07169906363169383,1.0300349859166906
14.800001181662083,23.000001303851604,0.1000000074505806,1.000892593487116
14.800001181662083,23.050001304596663,0.07169906363169383,1.0300349859166906
14.700001180171967,23.15000130608678,0.1000000074505806,1.0150971908950817
14.700001180171967,23.200001306831837,0.07169906363169383,1.0422205316763558
14.550001177936792,23.35000130906701,0.1000000074505806,1.000892593487116
14.550001177936792,23.40000130981207,0.07169906363169383,1.0300349859166906
14.450001176446676,23.500001311302185,0.1000000074505806,1.000892593487116
14.450001176446676,23.550001312047243,0.07169906363169383,1.0300349859166906
14.300001174211502,23.700001314282417,0.1000000074505806,1.000892593487116
14.300001174211502,23.750001315027475,0.07169906363169383,1.0300349859166906
14.200001172721386,23.85000131651759,0.1000000074505806,1.000892593487116
14.200001172721386,23.90000131726265,0.07169906363169383,1.0300349859166906
14.050001170486212,24.050001319497824,0.1000000074505806,1.000892593487116
14.050001170486212,24.10000132024288,0.07169906363169383,1.0300349859166906
13.950001168996096,24.200001321732998,0.1000000074505806,1.000892593487116
13.950001168996096,24.250001322478056,0.07169906363169383,1.0300349859166906
13.800001166760921,24.40000132471323,0.1000000074505806,1.000892593487116
13.800001166760921,24.450001325458288,0.07169906363169383,1.0300349859166906
13.700001165270805,24.550001326948404,0.1000000074505806,1.000892593487116
13.700001165270805,24.600001327693462,0.07169906363169383,1.0300349859166906
13.60000116378069,24.70000132918358,0.1000000074505806,1.0150971908950817
13.60000116378069,24.750001329928637,0.07169906363169383,1.0422205316763558
13.450001161545515,24.90000133216381,0.1000000074505806,1.000892593487116
13.450001161545515,24.95000133290887,0.07169906363169383,1.0300349859166906
13.350001160055399,25.050001334398985,0.1000000074505806,1.000892593487116
13.350001160055399,25.100001335144043,0.07169906363169383,1.0300349859166906
13.200001157820225,25.250001337379217,0.1000000074505806,1.000892593487116
13.200001157820225,25.300001338124275,0.07169906363169383,1.0300349859166906
13.100001156330109,25.40000133961439,0.1000000074505806,1.000892593487116
13.100001156330109,25.45000134035945,0.07169906363169383,1.0300349859166906
12.950001154094934,25.600001342594624,0.1000000074505806,1.000892593487116
12.950001154094934,25.65000134333968,0.07169906363169383,1.0300349859166906
12.850001152604818,25.750001344829798,0.1000000074505806,1.000892593487116
12.850001152604818,25.800001345574856,0.07169906363169383,1.0300349859166906
12.750001151114702,25.900001347064972,0.1000000074505806,1.0150971908950817
12.750001151114702,25.95000134781003,0.07169906363169383,1.0422205316763558
12.600001148879528,26.100001350045204,0.1000000074505806,1.000892593487116
12.600001148879528,26.150001350790262,0.07169906363169383,1.0300349859166906
12.500001147389412,26.25000135228038,0.1000000074505806,1.000892593487116
12.500001147389412,26.300001353025436,0.07169906363169383,1.0300349859166906
12.350001145154238,26.45000135526061,0.1000000074505806,1.000892593487116
12.350001145154238,26.50000135600567,0.07169906363169383,1.0300349859166906
12.250001143664122,26.600001357495785,0.1000000074505806,1.000892593487116
12.250001143664122,26.650001358240843,0.07169906363169383,1.0300349859166906
12.100001141428947,26.800001360476017,0.1000000074505806,1.000892593487116
12.100001141428947,26.850001361221075,0.07169906363169383,1.0300349859166906
12.000001139938831,26.95000136271119,0.1000000074505806,1.000892593487116
12.000001139938831,27.00000136345625,0.07169906363169383,1.0300349859166906
11.900001138448715,27.100001364946365,0.1000000074505806,1.0150971908950817
11.900001138448715,27.150001365691423,0.07169906363169383,1.0422205316763558
11.750001136213541,27.300001367926598,0.1000000074505806,1.000892593487116
11.750001136213541,27.350001368671656,0.07169906363169383,1.0300349859166906
11.650001134723425,27.45000137016177,0.1000000074505806,1.000892593487116
11.650001134723425,27.50000137090683,0.07169906363169383,1.0300349859166906
11.50000113248825,27.650001373142004,0.1000000074505806,1.000892593487116
11.50000113248825,27.700001373887062,0.07169906363169383,1.0300349859166906
11.400001130998135,27.800001375377178,0.1000000074505806,1.000892593487116
11.400001130998135,27.850001376122236,0.07169906363169383,1.0300349859166906
11.25000112876296,28.00000137835741,0.1000000074505806,1.000892593487116
11.25000112876296,28.05000137910247,0.07169906363169383,1.0300349859166906
11.150001127272844,28.150001380592585,0.1000000074505806,1.000892593487116
11.150001127272844,28.200001381337643,0.07169906363169383,1.0300349859166906
11.050001125782728,28.30000138282776,0.1000000074505806,1.0150971908950817
11.050001125782728,28.350001383572817,0.07169906363169383,1.0422205316763558
10.900001123547554,28.50000138580799,0.1000000074505806,1.000892593487116
10.900001123547554,28.55000138655305,0.07169906363169383,1.0300349859166906
10.800001122057438,28.650001388043165,0.1000000074505806,1.000892593487116
10.800001122057438,28.700001388788223,0.07169906363169383,1.0300349859166906
10.650001119822264,28.850001391023397,0.1000000074505806,1.000892593487116
10.650001119822264,28.900001391768456,0.07169906363169383,1.0300349859166906
10.550001118332148,29.00000139325857,0.1000000074505806,1.000892593487116
10.550001118332148,29.05000139400363,0.07169906363169383,1.0300349859166906
10.400001116096973,29.200001396238804,0.1000000074505806,1.000892593487116
10.400001116096973,29.250001396983862,0.07169906363169383,1.0300349859166906
10.300001114606857,29.350001398473978,0.1000000074505806,1.000892593487116
10.300001114606857,29.400001399219036,0.07169906363169383,1.0300349859166906
10.150001112371683,29.55000140145421,0.1000000074505806,1.000892593487116
10.150001112371683,29.60000140219927,0.07169906363169383,1.0300349859166906
10.050001110881567,29.700001403689384,0.1000000074505806,1.000892593487116
10.050001110881567,29.750001404434443,0.07169906363169383,1.0300349859166906
9.95000110939145,29.85000140592456,0.1000000074505806,1.0150971908950817
9.95000110939145,29.900001406669617,0.07169906363169383,1.0422205316763558
9.800001107156277,30.05000140890479,0.1000000074505806,1.000892593487116
9.800001107156277,30.10000140964985,0.07169906363169383,1.0300349859166906
9.70000110566616,30.200001411139965,0.1000000074505806,1.000892593487116
9.70000110566616,30.250001411885023,0.07169906363169383,1.0300349859166906
9.550001103430986,30.400001414120197,0.1000000074505806,1.000892593487116
9.550001103430986,30.450001414865255,0.07169906363169383,1.0300349859166906
9.400001101195812,30.60000141710043,0.1000000074505806,1.000892593487116
9.400001101195812,30.650001417845488,0.07169906363169383,1.0300349859166906
9.250001098960638,30.80000142008066,0.1000000074505806,1.000892593487116
9.250001098960638,30.85000142082572,0.07169906363169383,1.0300349859166906
9.050001095980406,31.050001423805952,0.1000000074505806,0.9901438981605425
9.050001095980406,31.10000142455101,0.07169906363169383,1.0212670615337187
8.900001093745232,31.250001426786184,0.1000000074505806,1.0142135834465194
8.900001093745232,31.300001427531242,0.07169906363169383,1.0422205316763558
8.750001091510057,31.450001429766417,0.1000000074505806,1.0159802469503794
8.750001091510057,31.500001430511475,0.07169906363169383,1.0500000216066838
8.550001088529825,31.700001433491707,0.1000000074505806,1.0159802469503794
8.550001088529825,31.750001434236765,0.07169906363169383,1.0500000216066838
8.400001086294651,31.90000143647194,0.1000000074505806,1.0212670615337187
8.400001086294651,31.950001437216997,0.07169906363169383,1.0534442070328693
8.15000108256936,32.20000144094229,0.11478151472019225,1.0212670615337187
8.15000108256936,32.250001441687346,0.09244289742777607,1.0534442070328693
7.9500010795891285,32.45000144466758,0.1000000074505806,1.0212670615337187
7.9500010795891285,32.500001445412636,0.07169906363169383,1.0534442070328693
7.700001075863838,32.750001449137926,0.1000000074505806,1.0212670615337187
7.700001075863838,32.800001449882984,0.07169906363169383,1.0534442070328693
7.450001072138548,33.050001453608274,0.1000000074505806,1.0159802469503794
7.450001072138548,33.10000145435333,0.07169906363169383,1.0500000216066838
7.200001068413258,33.35000145807862,0.1000000074505806,1.0142135834465194
7.200001068413258,33.40000145882368,0.07169906363169383,1.0495689230326823
6.950001064687967,33.65000146254897,0.1000000074505806,1.0142135834465194
6.950001064687967,33.70000146329403,0.07169906363169383,1.0422205316763558
6.650001060217619,34.00000146776438,0.1000000074505806,0.9901438981605425
6.650001060217619,34.050001468509436,0.07169906363169383,1.0212670615337187
6.400001056492329,34.300001472234726,0.1000000074505806,0.9901438981605425
6.400001056492329,34.350001472979784,0.07169906363169383,1.0212670615337187
6.150001052767038,34.600001476705074,0.1000000074505806,0.9829316892012206
6.150001052767038,34.65000147745013,0.07169906363169383,1.0159802469503794
5.900001049041748,34.90000148117542,0.1000000074505806,0.9829316892012206
5.900001049041748,34.95000148192048,0.07169906363169383,1.0159802469503794
5.650001045316458,35.20000148564577,0.1000000074505806,0.9901438981605425
5.650001045316458,35.25000148639083,0.07169906363169383,1.0212670615337187
5.350001040846109,35.55000149086118,0.1000000074505806,1.000892593487116
5.350001040846109,35.600001491606236,0.07169906363169383,1.0300349859166906
5.100001037120819,35.850001495331526,0.1000000074505806,1.0142135834465194
5.100001037120819,35.900001496076584,0.07169906363169383,1.0495689230326823
4.700001031160355,36.30000150203705,0.1000000074505806,1.0142135834465194
4.700001031160355,36.350001502782106,0.07169906363169383,1.0495689230326823
4.30000102519989,36.75000150874257,0.1000000074505806,1.0142135834465194
4.30000102519989,36.80000150948763,0.07169906363169383,1.0495689230326823
3.9000010192394257,37.20000151544809,0.1000000074505806,1.0142135834465194
3.9000010192394257,37.25000151619315,0.07169906363169383,1.0495689230326823
3.450001012533903,37.700001522898674,0.1000000074505806,1.0142135834465194
3.450001012533903,37.75000152364373,0.07169906363169383,1.0495689230326823
3.0500010065734386,38.1500015296042,0.1000000074505806,1.0142135834465194
3.0500010065734386,38.200001530349255,0.07169906363169383,1.0495689230326823
2.600000999867916,38.65000153705478,0.1000000074505806,1.000892593487116
2.600000999867916,38.700001537799835,0.07169906363169383,1.0300349859166906
2.2000009939074516,39.1000015437603,0.1000000074505806,1.000892593487116
2.2000009939074516,39.15000154450536,0.07169906363169383,1.0300349859166906
1.8000009879469872,39.55000155046582,0.1000000074505806,1.000892593487116
1.8000009879469872,39.60000155121088,0.07169906363169383,1.0300349859166906
1.4000009819865227,40.000001557171345,0.1000000074505806,1.000892593487116
1.4000009819865227,40.0500015579164,0.07169906363169383,1.0300349859166906
1.0500009767711163,40.40000156313181,0.1000000074505806,1.0142135834465194
1.0500009767711163,40.45000156387687,0.07169906363169383,1.0422205316763558
0.7500009723007679,40.750001568347216,0.1000000074505806,1.0142135834465194
0.7500009723007679,40.800001569092274,0.07169906363169383,1.0495689230326823
0.45000096783041954,41.10000157356262,0.1000000074505806,1.0142135834465194
0.45000096783041954,41.15000157430768,0.07169906363169383,1.0495689230326823
-0.14999904111027718,41.75000158324838,0.1000000074505806,1.0142135834465194
-0.14999904111027718,41.800001583993435,0.07169906363169383,1.0495689230326823
-0.2499990426003933,41.90000158548355,0.06097722973374026,1.0495689230326823
-0.29999904334545135,41.90000158548355,0.09497475420628175,1.0142135834465194
-0.5499990470707417,42.15000158920884,0.06097722973374026,1.0422205316763558
-0.5999990478157997,42.15000158920884,0.09497475420628175,1.0142135834465194
-0.799999050796032,42.350001592189074,0.06097722973374026,1.0422205316763558
-0.84999905154109,42.350001592189074,0.09244289742777607,1.0150971908950817
-0.9499990530312061,42.45000159367919,0.04721360216395983,1.0534442070328693
-0.9999990537762642,42.45000159367919,0.07169906363169383,1.0300349859166906
-1.0499990545213223,42.50000159442425,0.06097722973374026,1.0422205316763558
-1.0999990552663803,42.50000159442425,0.09244289742777607,1.0150971908950817
-1.1999990567564964,42.600001595914364,0.04721360216395983,1.0534442070328693
-1.2999990582466125,42.600001595914364,0.09244289742777607,1.0115594423831848
-1.3499990589916706,42.65000159665942,0.06097722973374026,1.0396180263407768
-1.3999990597367287,42.65000159665942,0.07434165609349828,1.0230249682804948
-1.4499990604817867,42.70000159740448,0.04721360216395983,1.0560219995525217
-1.5499990619719028,42.70000159740448,0.09244289742777607,1.0230249682804948
-1.599999062716961,42.75000159814954,0.06097722973374026,1.0560219995525217
-1.749999064952135,42.75000159814954,0.10249378854378532,1.02214628652442
-1.7999990656971931,42.800001598894596,0.06097722973374026,1.0637281386416935
-1.9999990686774254,42.800001598894596,0.1000000074505806,1.02214628652442
-2.0499990694224834,42.850001599639654,0.050000006705522536,1.0637281386416935
-2.449999075382948,42.850001599639654,0.050000006705522536,1.0637281386416935
-2.499999076128006,42.800001598894596,0.1000000074505806,1.02214628652442
-2.699999079108238,42.800001598894596,0.06097722973374026,1.0577379954333137
-2.7499990798532963,42.75000159814954,0.10249378854378532,1.0142135834465194
-2.8999990820884705,42.75000159814954,0.06097722973374026,1.0430869904698528
-2.9499990828335285,42.70000159740448,0.10249378854378532,1.0080128050138977
-3.0999990850687027,42.70000159740448,0.04721360216395983,1.0577379954333137
-3.1499990858137608,42.65000159665942,0.07169906363169383,1.0317821276628512
-3.199999086558819,42.65000159665942,0.04721360216395983,1.0534442070328693
-3.249999087303877,42.600001595914364,0.07169906363169383,1.0317821276628512
-3.299999088048935,42.600001595914364,0.04721360216395983,1.0534442070328693
-3.349999088793993,42.550001595169306,0.07169906363169383,1.0317821276628512
-3.399999089539051,42.550001595169306,0.04721360216395983,1.0534442070328693
-3.499999091029167,42.45000159367919,0.09244289742777607,1.0150971908950817
-3.5499990917742252,42.45000159367919,0.06097722973374026,1.0422205316763558
-3.6999990940093994,42.300001591444016,0.09497475420628175,1.000892593487116
-3.7499990947544575,42.300001591444016,0.06097722973374026,1.0300349859166906
-4.349999103695154,41.70000158250332,0.06097722973374026,1.0300349859166906
-4.349999103695154,41.65000158175826,0.09497475420628175,1.000892593487116
-4.549999106675386,41.45000157877803,0.04721360216395983,1.0422205316763558
-4.549999106675386,41.40000157803297,0.07169906363169383,1.0150971908950817
-4.5999991074204445,41.35000157728791,0.06097722973374026,1.0326548995376617
-4.5999991074204445,41.300001576542854,0.09244289742777607,1.0089003013547875
-4.699999108910561,41.20000157505274,0.06097722973374026,1.0534442070328693
-4.699999108910561,41.15000157430768,0.09244289742777607,1.0300349859166906
-4.799999110400677,41.050001572817564,0.04721360216395983,1.0577379954333137
-4.799999110400677,41.000001572072506,0.07169906363169383,1.0326548995376617
-4.849999111145735,40.95000157132745,0.04721360216395983,1.0534442070328693
-4.849999111145735,40.85000156983733,0.09244289742777607,1.0115594423831848
-4.899999111890793,40.800001569092274,0.06097722973374026,1.0396180263407768
-4.899999111890793,40.750001568347216,0.07434165609349828,1.0230249682804948
-4.949999112635851,40.70000156760216,0.04721360216395983,1.0534442070328693
-4.949999112635851,40.60000156611204,0.09244289742777607,1.0115594423831848
-4.999999113380909,40.55000156536698,0.06097722973374026,1.0396180263407768
-4.999999113380909,40.500001564621925,0.07434165609349828,1.0230249682804948
-5.049999114125967,40.45000156387687,0.04721360216395983,1.0534442070328693
-5.049999114125967,40.35000156238675,0.09244289742777607,1.0115594423831848
-5.099999114871025,40.30000156164169,0.06097722973374026,1.0396180263407768
-5.099999114871025,40.250001560896635,0.07434165609349828,1.0230249682804948
-5.149999115616083,40.20000156015158,0.04721360216395983,1.0534442070328693
-5.149999115616083,40.15000155940652,0.07169906363169383,1.0317821276628512
-5.199999116361141,40.10000155866146,0.04721360216395983,1.0577379954333137
-5.199999116361141,40.000001557171345,0.09244289742777607,1.0230249682804948
-5.249999117106199,39.95000155642629,0.06097722973374026,1.0534442070328693
-5.249999117106199,39.90000155568123,0.07434165609349828,1.0317821276628512
-5.299999117851257,39.85000155493617,0.04721360216395983,1.0577379954333137
-5.299999117851257,39.750001553446054,0.09244289742777607,1.0230249682804948
-5.349999118596315,39.700001552700996,0.06097722973374026,1.0560219995525217
-5.349999118596315,39.60000155121088,0.09244289742777607,1.0230249682804948
-5.399999119341373,39.55000155046582,0.06097722973374026,1.0560219995525217
-5.399999119341373,39.450001548975706,0.09244289742777607,1.0230249682804948
-5.4499991200864315,39.40000154823065,0.06097722973374026,1.0560219995525217
-5.4499991200864315,39.30000154674053,0.09244289742777607,1.0230249682804948
-5.49999912083149,39.250001545995474,0.06097722973374026,1.0560219995525217
-5.49999912083149,39.15000154450536,0.09244289742777607,1.0230249682804948
-5.549999121576548,39.1000015437603,0.06097722973374026,1.0560219995525217
-5.549999121576548,38.950001541525126,0.10249378854378532,1.0080128050138977
-5.599999122321606,38.90000154078007,0.06097722973374026,1.0396180263407768
-5.599999122321606,38.80000153928995,0.09244289742777607,1.0080128050138977
-5.649999123066664,38.75000153854489,0.06097722973374026,1.0430869904698528
-5.649999123066664,38.65000153705478,0.09244289742777607,1.02214628652442
-5.699999123811722,38.60000153630972,0.06097722973374026,1.0560219995525217
-5.699999123811722,38.5000015348196,0.09244289742777607,1.0230249682804948
-5.74999912455678,38.450001534074545,0.06097722973374026,1.0560219995525217
-5.74999912455678,38.35000153258443,0.09244289742777607,1.0230249682804948
-5.799999125301838,38.30000153183937,0.06097722973374026,1.0560219995525217
-5.799999125301838,38.200001530349255,0.09244289742777607,1.0230249682804948
-5.849999126046896,38.1500015296042,0.06097722973374026,1.0560219995525217
-5.849999126046896,38.05000152811408,0.09244289742777607,1.0230249682804948
-5.899999126791954,38.00000152736902,0.06097722973374026,1.0560219995525217
-5.899999126791954,37.900001525878906,0.09244289742777607,1.0230249682804948
-5.949999127537012,37.85000152513385,0.06097722973374026,1.0560219995525217
-5.949999127537012,37.75000152364373,0.09244289742777607,1.0230249682804948
-5.99999912828207,37.700001522898674,0.06097722973374026,1.0534442070328693
-5.99999912828207,37.650001522153616,0.07434165609349828,1.0317821276628512
-6.049999129027128,37.60000152140856,0.04721360216395983,1.0534442070328693
-6.049999129027128,37.50000151991844,0.09244289742777607,1.0115594423831848
-6.099999129772186,37.450001519173384,0.06097722973374026,1.0396180263407768
-6.099999129772186,37.400001518428326,0.07434165609349828,1.0230249682804948
-6.149999130517244,37.35000151768327,0.04721360216395983,1.0534442070328693
-6.149999130517244,37.30000151693821,0.07169906363169383,1.0317821276628512
-6.199999131262302,37.25000151619315,0.04721360216395983,1.0534442070328693
-6.199999131262302,37.20000151544809,0.07169906363169383,1.0317821276628512
-6.2499991320073605,37.150001514703035,0.04721360216395983,1.0534442070328693
-6.2499991320073605,37.05000151321292,0.07434165609349828,1.0115594423831848
-6.2999991327524185,37.00000151246786,0.04721360216395983,1.0396180263407768
-6.2999991327524185,36.9500015117228,0.07169906363169383,1.0230249682804948
-6.349999133497477,36.900001510977745,0.04721360216395983,1.0534442070328693
-6.349999133497477,36.85000151023269,0.07169906363169383,1.0317821276628512
-6.399999134242535,36.80000150948763,0.04721360216395983,1.0534442070328693
-6.399999134242535,36.75000150874257,0.07169906363169383,1.0317821276628512
-6.449999134987593,36.70000150799751,0.04721360216395983,1.0577379954333137
-6.449999134987593,36.650001507252455,0.07169906363169383,1.0396180263407768
-6.499999135732651,36.6000015065074,0.04721360216395983,1.070544138898089
-6.499999135732651,36.55000150576234,0.07169906363169383,1.0422205316763558
-6.549999136477709,36.50000150501728,0.04721360216395983,1.0577379954333137
-6.549999136477709,36.45000150427222,0.07169906363169383,1.0326548995376617
-6.599999137222767,36.400001503527164,0.04721360216395983,1.0534442070328693
-6.599999137222767,36.350001502782106,0.07169906363169383,1.0300349859166906
-6.649999137967825,36.30000150203705,0.04721360216395983,1.0422205316763558
-6.649999137967825,36.25000150129199,0.07169906363169383,1.0150971908950817
-6.699999138712883,36.20000150054693,0.06097722973374026,1.0326548995376617
-6.699999138712883,36.150001499801874,0.09244289742777607,1.0089003013547875
-6.799999140202999,36.05000149831176,0.06097722973374026,1.0422205316763558
-6.799999140202999,36.0000014975667,0.09497475420628175,1.0142135834465194
-7.1499991454184055,35.650001492351294,0.09497475420628175,1.0150971908950817
-7.199999146163464,35.650001492351294,0.06097722973374026,1.0422205316763558
-7.249999146908522,35.600001491606236,0.07169906363169383,1.0300349859166906
-7.29999914765358,35.600001491606236,0.04721360216395983,1.0534442070328693
-7.349999148398638,35.55000149086118,0.07169906363169383,1.0326548995376617
-7.399999149143696,35.55000149086118,0.04721360216395983,1.0577379954333137
-7.449999149888754,35.50000149011612,0.07169906363169383,1.0317821276628512
-7.499999150633812,35.50000149011612,0.04721360216395983,1.0534442070328693
-7.54999915137887,35.45000148937106,0.07434165609349828,1.0230249682804948
-7.599999152123928,35.45000148937106,0.06097722973374026,1.0396180263407768
-7.649999152868986,35.400001488626,0.09244289742777607,1.0115594423831848
-7.749999154359102,35.400001488626,0.04721360216395983,1.0534442070328693
-7.79999915510416,35.350001487880945,0.07434165609349828,1.0317821276628512
-7.849999155849218,35.350001487880945,0.06097722973374026,1.0534442070328693
-7.899999156594276,35.30000148713589,0.09244289742777607,1.0230249682804948
-7.9999991580843925,35.30000148713589,0.04721360216395983,1.0577379954333137
-8.04999915882945,35.25000148639083,0.07434165609349828,1.0317821276628512
-8.099999159574509,35.25000148639083,0.06097722973374026,1.0430869904698528
-8.149999160319567,35.20000148564577,0.10249378854378532,1.0080128050138977
-8.299999162554741,35.20000148564577,0.06097722973374026,1.0430869904698528
-8.349999163299799,35.15000148490071,0.10249378854378532,1.0080128050138977
-8.549999166280031,35.15000148490071,0.05276926365365855,1.0560219995525217
-8.59999916702509,35.100001484155655,0.1000000074505806,1.02214628652442
-8.999999172985554,35.100001484155655,0.050000006705522536,1.0713939188816939
-9.049999173730612,35.0500014834106,0.1000000074505806,1.0317821276628512
-9.449999179691076,35.0500014834106,0.1000000074505806,1.0317821276628512
-9.499999180436134,35.100001484155655,0.050000006705522536,1.0713939188816939
-9.84999918565154,35.100001484155655,0.10249378854378532,1.0142135834465194
-9.899999186396599,35.15000148490071,0.06097722973374026,1.0560219995525217
-10.049999188631773,35.15000148490071,0.10249378854378532,1.0115594423831848
-10.099999189376831,35.20000148564577,0.06097722973374026,1.0396180263407768
-10.14999919012189,35.20000148564577,0.07434165609349828,1.0230249682804948
-10.199999190866947,35.25000148639083,0.04721360216395983,1.0560219995525217
-10.299999192357063,35.25000148639083,0.09244289742777607,1.0230249682804948
-10.349999193102121,35.30000148713589,0.06097722973374026,1.0534442070328693
-10.39999919384718,35.30000148713589,0.07434165609349828,1.0317821276628512
-10.449999194592237,35.350001487880945,0.04721360216395983,1.0577379954333137
-10.499999195337296,35.350001487880945,0.07169906363169383,1.0326548995376617
-10.549999196082354,35.400001488626,0.04721360216395983,1.0534442070328693
-10.599999196827412,35.400001488626,0.07169906363169383,1.0300349859166906
-10.64999919757247,35.45000148937106,0.04721360216395983,1.0422205316763558
-10.699999198317528,35.45000148937106,0.07169906363169383,1.0150971908950817
-10.749999199062586,35.50000149011612,0.06097722973374026,1.0326548995376617
-10.799999199807644,35.50000149011612,0.09244289742777607,1.0089003013547875
-10.89999920129776,35.600001491606236,0.06097722973374026,1.0495689230326823
-10.949999202042818,35.600001491606236,0.09497475420628175,1.0142135834465194
-11.099999204277992,35.75000149384141,0.06097722973374026,1.0300349859166906
-11.14999920502305,35.75000149384141,0.09497475420628175,1.000892593487116
-11.499999210238457,36.100001499056816,0.1000000074505806,0.9901438981605425
-11.499999210238457,36.150001499801874,0.07169906363169383,1.0212670615337187
-11.599999211728573,36.25000150129199,0.1000000074505806,1.0089003013547875
-11.599999211728573,36.30000150203705,0.07169906363169383,1.0326548995376617
-11.699999213218689,36.400001503527164,0.1000000074505806,1.000892593487116
-11.699999213218689,36.45000150427222,0.07169906363169383,1.0300349859166906
-11.749999213963747,36.50000150501728,0.09244289742777607,1.0150971908950817
-11.749999213963747,36.55000150576234,0.07169906363169383,1.0396180263407768
-11.799999214708805,36.6000015065074,0.09244289742777607,1.0115594423831848
-11.799999214708805,36.650001507252455,0.07169906363169383,1.0317821276628512
-11.849999215453863,36.70000150799751,0.09244289742777607,1.0080128050138977
-11.849999215453863,36.80000150948763,0.06097722973374026,1.0396180263407768
-11.899999216198921,36.85000151023269,0.09244289742777607,1.0115594423831848
-11.899999216198921,36.9500015117228,0.06097722973374026,1.0430869904698528
-11.94999921694398,37.00000151246786,0.10249378854378532,1.0080128050138977
-11.94999921694398,37.20000151544809,0.05276926365365855,1.0534442070328693
-11.999999217689037,37.25000151619315,0.1000000074505806,1.0080128050138977
-11.999999217689037,37.900001525878906,0.1000000074505806,1.0035669056765961
-11.94999921694398,37.950001526623964,0.05276926365365855,1.0508618344742164
-11.94999921694398,38.1500015296042,0.1000000074505806,1.0142135834465194
-11.899999216198921,38.200001530349255,0.05276926365365855,1.0560219995525217
-11.899999216198921,38.40000153332949,0.10249378854378532,1.0080128050138977
-11.849999215453863,38.450001534074545,0.06097722973374026,1.0430869904698528
-11.849999215453863,38.55000153556466,0.09244289742777607,1.02214628652442
-11.799999214708805,38.60000153630972,0.06097722973374026,1.0534442070328693
-11.799999214708805,38.700001537799835,0.09244289742777607,1.0089003013547875
-11.749999213963747,38.75000153854489,0.07169906363169383,1.0317821276628512
-11.749999213963747,38.80000153928995,0.09244289742777607,1.0115594423831848
-11.699999213218689,38.85000154003501,0.07169906363169383,1.0396180263407768
-11.699999213218689,38.90000154078007,0.09244289742777607,1.0230249682804948
-11.649999212473631,38.950001541525126,0.06097722973374026,1.0534442070328693
-11.649999212473631,39.05000154301524,0.09244289742777607,1.0115594423831848
-11.599999211728573,39.1000015437603,0.07169906363169383,1.0396180263407768
-11.599999211728573,39.15000154450536,0.09244289742777607,1.0230249682804948
-11.549999210983515,39.200001545250416,0.07169906363169383,1.0534442070328693
-11.549999210983515,39.250001545995474,0.09244289742777607,1.0300349859166906
-11.499999210238457,39.30000154674053,0.07169906363169383,1.0422205316763558
-11.499999210238457,39.35000154748559,0.09244289742777607,1.0150971908950817
-11.449999209493399,39.40000154823065,0.07169906363169383,1.0326548995376617
-11.449999209493399,39.450001548975706,0.09244289742777607,1.0089003013547875
-11.39999920874834,39.500001549720764,0.07169906363169383,1.0300349859166906
-11.39999920874834,39.55000155046582,0.1000000074505806,1.000892593487116
-11.299999207258224,39.65000155195594,0.07169906363169383,1.0326548995376617
-11.299999207258224,39.700001552700996,0.1000000074505806,1.0089003013547875
-11.199999205768108,39.80000155419111,0.07169906363169383,1.0422205316763558
-11.199999205768108,39.85000155493617,0.09244289742777607,1.0150971908950817
-11.14999920502305,39.90000155568123,0.07169906363169383,1.0326548995376617
-11.14999920502305,39.95000155642629,0.1000000074505806,1.0089003013547875
-11.049999203532934,40.0500015579164,0.07169906363169383,1.0422205316763558
-11.049999203532934,40.10000155866146,0.1000000074505806,1.0150971908950817
-10.949999202042818,40.20000156015158,0.07169906363169383,1.0422205316763558
-10.949999202042818,40.250001560896635,0.09244289742777607,1.0150971908950817
-10.89999920129776,40.30000156164169,0.07169906363169383,1.0212670615337187
-10.89999920129776,40.35000156238675,0.1000000074505806,0.9901438981605425
-10.699999198317528,40.55000156536698,0.07169906363169383,1.0300349859166906
-10.699999198317528,40.60000156611204,0.1000000074505806,1.000892593487116
-10.499999195337296,40.800001569092274,0.07169906363169383,1.0422205316763558
-10.499999195337296,40.85000156983733,0.1000000074505806,1.0150971908950817
-10.349999193102121,41.000001572072506,0.07169906363169383,1.0422205316763558
-10.349999193102121,41.050001572817564,0.1000000074505806,1.0142135834465194
-10.14999919012189,41.250001575797796,0.07169906363169383,1.0422205316763558
-10.14999919012189,41.300001576542854,0.1000000074505806,1.0142135834465194
-9.949999187141657,41.50000157952309,0.07169906363169383,1.0422205316763558
-9.949999187141657,41.550001580268145,0.1000000074505806,1.0142135834465194
-9.799999184906483,41.70000158250332,0.07169906363169383,1.0300349859166906
-9.799999184906483,41.75000158324838,0.1000000074505806,1.000892593487116
-9.59999918192625,41.95000158622861,0.07169906363169383,1.0300349859166906
-9.59999918192625,42.00000158697367,0.1000000074505806,1.000892593487116
-9.399999178946018,42.2000015899539,0.07169906363169383,1.0300349859166906
-9.399999178946018,42.25000159069896,0.1000000074505806,1.000892593487116
-9.249999176710844,42.40000159293413,0.07169906363169383,1.0300349859166906
-9.249999176710844,42.45000159367919,0.1000000074505806,1.000892593487116
-9.049999173730612,42.65000159665942,0.07169906363169383,1.0300349859166906
-9.049999173730612,42.70000159740448,0.1000000074505806,1.000892593487116
-8.84999917075038,42.90000160038471,0.07169906363169383,1.0300349859166906
-8.84999917075038,42.95000160112977,0.1000000074505806,1.000892593487116
-8.549999166280031,43.25000160560012,0.07169906363169383,1.0500000216066838
-8.549999166280031,43.30000160634518,0.1000000074505806,1.0159802469503794
-8.299999162554741,43.55000161007047,0.07169906363169383,1.0495689230326823
-8.299999162554741,43.600001610815525,0.1000000074505806,1.0142135834465194
-8.04999915882945,43.850001614540815,0.07169906363169383,1.0495689230326823
-8.04999915882945,43.90000161528587,0.1000000074505806,1.0142135834465194
-7.749999154359102,44.20000161975622,0.07169906363169383,1.0300349859166906
-7.749999154359102,44.25000162050128,0.1000000074505806,1.000892593487116
-7.499999150633812,44.50000162422657,0.07169906363169383,1.0142135834465194
-7.499999150633812,44.55000162497163,0.1000000074505806,0.979311442966714
-7.199999146163464,44.85000162944198,0.07169906363169383,1.0142135834465194
-7.199999146163464,44.900001630187035,0.1000000074505806,0.9788582438603561
-5.649999123066664,46.450001653283834,0.1000000074505806,1.0142135834465194
-5.599999122321606,46.450001653283834,0.07169906363169383,1.0422205316763558
-4.5999991074204445,47.450001668184996,0.1000000074505806,0.9788582438603561
-4.549999106675386,47.450001668184996,0.07169906363169383,1.0142135834465194
-4.349999103695154,47.65000167116523,0.1000000074505806,0.9829316892012206
-4.299999102950096,47.65000167116523,0.07169906363169383,1.0159802469503794
-4.099999099969864,47.85000167414546,0.1000000074505806,1.0142135834465194
-4.049999099224806,47.85000167414546,0.07169906363169383,1.0495689230326823
-3.7999990954995155,48.10000167787075,0.1000000074505806,1.0212670615337187
-3.7499990947544575,48.10000167787075,0.07169906363169383,1.0534442070328693
-3.499999091029167,48.35000168159604,0.11478151472019225,1.0212670615337187
-3.449999090284109,48.35000168159604,0.09244289742777607,1.0534442070328693
-3.299999088048935,48.500001683831215,0.1000000074505806,1.0212670615337187
-3.249999087303877,48.500001683831215,0.07169906363169383,1.0534442070328693
-3.0499990843236446,48.70000168681145,0.1000000074505806,1.000892593487116
-2.9999990835785866,48.70000168681145,0.07169906363169383,1.0300349859166906
-2.7499990798532963,48.95000169053674,0.1000000074505806,0.9829316892012206
-2.699999079108238,48.95000169053674,0.07169906363169383,1.0150971908950817
-2.499999076128006,49.15000169351697,0.1000000074505806,0.9729530422331926
-2.449999075382948,49.15000169351697,0.07169906363169383,1.000892593487116
-2.2999990731477737,49.300001695752144,0.09497475420628175,0.9729530422331926
-2.2499990724027157,49.300001695752144,0.06097722973374026,1.000892593487116
-2.1499990709125996,49.40000169724226,0.09244289742777607,0.9829316892012206
-2.0999990701675415,49.40000169724226,0.07169906363169383,1.0150971908950817
-1.9999990686774254,49.500001698732376,0.1000000074505806,0.9901438981605425
-1.9499990679323673,49.500001698732376,0.07169906363169383,1.0212670615337187
-1.8499990664422512,49.60000170022249,0.1000000074505806,1.000892593487116
-1.7999990656971931,49.60000170022249,0.07169906363169383,1.0300349859166906
-1.699999064207077,49.70000170171261,0.1000000074505806,1.0150971908950817
-1.649999063462019,49.70000170171261,0.07169906363169383,1.0422205316763558
-1.5499990619719028,49.800001703202724,0.1000000074505806,1.0212670615337187
-1.4999990612268448,49.800001703202724,0.07169906363169383,1.0534442070328693
-1.3999990597367287,49.90000170469284,0.1000000074505806,1.0150971908950817
-1.3499990589916706,49.90000170469284,0.07169906363169383,1.0422205316763558
-1.2499990575015545,50.00000170618296,0.1000000074505806,1.0089003013547875
-1.1999990567564964,50.00000170618296,0.07169906363169383,1.0317821276628512
-1.0999990552663803,50.10000170767307,0.1000000074505806,0.989244419646335
-1.0499990545213223,50.10000170767307,0.07169906363169383,1.0150971908950817
-0.9999990537762642,50.15000170841813,0.09244289742777607,1.000892593487116
-0.9499990530312061,50.15000170841813,0.07169906363169383,1.0300349859166906
-0.84999905154109,50.25000170990825,0.1000000074505806,0.9865424830472975
-0.799999050796032,50.25000170990825,0.07169906363169383,1.0089003013547875
-0.7499990500509739,50.300001710653305,0.09244289742777607,0.9865424830472975
-0.6999990493059158,50.300001710653305,0.06097722973374026,1.0089003013547875
-0.5999990478157997,50.40000171214342,0.09244289742777607,0.9729530422331926
-0.5499990470707417,50.40000171214342,0.07169906363169383,1.000892593487116
-0.4999990463256836,50.45000171288848,0.09244289742777607,0.9865424830472975
-0.44999904558062553,50.45000171288848,0.07169906363169383,1.0089003013547875
-0.3999990448355675,50.50000171363354,0.09244289742777607,0.9865424830472975
-0.3499990440905094,50.50000171363354,0.07169906363169383,1.0089003013547875
-0.29999904334545135,50.550001714378595,0.09244289742777607,0.989244419646335
-0.2499990426003933,50.550001714378595,0.07169906363169383,1.0150971908950817
-0.19999904185533524,50.60000171512365,0.09244289742777607,1.000892593487116
-0.14999904111027718,50.60000171512365,0.07169906363169383,1.0300349859166906
-0.09999904036521912,50.65000171586871,0.09244289742777607,1.0089003013547875
-0.049999039620161057,50.65000171586871,0.07169906363169383,1.0317821276628512
9.611248970031738e-07,50.70000171661377,0.09244289742777607,1.0089003013547875
0.05000096186995506,50.70000171661377,0.07169906363169383,1.0317821276628512
0.10000096261501312,50.75000171735883,0.09244289742777607,1.0089003013547875
0.15000096336007118,50.75000171735883,0.07169906363169383,1.0326548995376617
0.20000096410512924,50.800001718103886,0.09244289742777607,1.0150971908950817
0.2500009648501873,50.800001718103886,0.07169906363169383,1.0396180263407768
0.30000096559524536,50.850001718848944,0.09244289742777607,1.0115594423831848
0.3500009663403034,50.850001718848944,0.07169906363169383,1.0317821276628512
0.4000009670853615,50.900001719594,0.09244289742777607,1.0080128050138977
0.45000096783041954,50.900001719594,0.07169906363169383,1.0230249682804948
0.5000009685754776,50.95000172033906,0.09244289742777607,0.9928388484733279
0.6000009700655937,50.95000172033906,0.06097722973374026,1.0230249682804948
0.6500009708106518,51.00000172108412,0.09244289742777607,0.9928388484733279
0.7500009723007679,51.00000172108412,0.06097722973374026,1.0317821276628512
0.800000973045826,51.050001721829176,0.09244289742777607,1.0080128050138977
0.9000009745359421,51.050001721829176,0.06097722973374026,1.0396180263407768
0.9500009752810001,51.100001722574234,0.09244289742777607,1.0080128050138977
1.0500009767711163,51.100001722574234,0.06097722973374026,1.0396180263407768
1.1000009775161743,51.15000172331929,0.09244289742777607,1.0115594423831848
1.2000009790062904,51.15000172331929,0.06097722973374026,1.0534442070328693
1.2500009797513485,51.20000172406435,0.09244289742777607,1.0230249682804948
1.3500009812414646,51.20000172406435,0.06097722973374026,1.0560219995525217
1.4000009819865227,51.25000172480941,0.10249378854378532,1.0142135834465194
1.600000984966755,51.25000172480941,0.05276926365365855,1.0560219995525217
1.650000985711813,51.300001725554466,0.1000000074505806,1.0142135834465194
1.8500009886920452,51.300001725554466,0.05276926365365855,1.0560219995525217
1.9000009894371033,51.350001726299524,0.1000000074505806,1.0142135834465194
2.1500009931623936,51.350001726299524,0.05276926365365855,1.0637281386416935
2.2000009939074516,51.40000172704458,0.1000000074505806,1.02214628652442
