#x_m,y_m,w_tr_right_m,w_tr_left_m
2.2000009939074516,51.40000172704458,1.22214628652442,0.3000000074505806
2.1500009931623936,51.350001726299524,1.2637281386416934,0.25276926365365854
1.9000009894371033,51.350001726299524,1.2142135834465193,0.3000000074505806
1.8500009886920452,51.300001725554466,1.256021999552522,0.25276926365365854
1.650000985711813,51.300001725554466,1.2142135834465193,0.3000000074505806
1.600000984966755,51.25000172480941,1.256021999552522,0.25276926365365854
1.4000009819865227,51.25000172480941,1.2142135834465193,0.30249378854378534
1.3500009812414646,51.20000172406435,1.256021999552522,0.26097722973374027
1.2500009797513485,51.20000172406435,1.2230249682804948,0.29244289742777607
1.2000009790062904,51.15000172331929,1.2534442070328695,0.26097722973374027
1.1000009775161743,51.15000172331929,1.2115594423831848,0.29244289742777607
1.0500009767711163,51.100001722574234,1.2396180263407768,0.26097722973374027
0.9500009752810001,51.100001722574234,1.2080128050138979,0.29244289742777607
0.9000009745359421,51.050001721829176,1.2396180263407768,0.26097722973374027
0.800000973045826,51.050001721829176,1.2080128050138979,0.29244289742777607
0.7500009723007679,51.00000172108412,1.2317821276628513,0.26097722973374027
0.6500009708106518,51.00000172108412,1.1928388484733279,0.29244289742777607
0.6000009700655937,50.95000172033906,1.2230249682804948,0.26097722973374027
0.5000009685754776,50.95000172033906,1.1928388484733279,0.29244289742777607
0.45000096783041954,50.900001719594,1.2230249682804948,0.2716990636316938
0.4000009670853615,50.900001719594,1.2080128050138979,0.29244289742777607
0.3500009663403034,50.850001718848944,1.2317821276628513,0.2716990636316938
0.30000096559524536,50.850001718848944,1.2115594423831848,0.29244289742777607
0.2500009648501873,50.800001718103886,1.2396180263407768,0.2716990636316938
0.20000096410512924,50.800001718103886,1.2150971908950816,0.29244289742777607
0.15000096336007118,50.75000171735883,1.2326548995376616,0.2716990636316938
0.10000096261501312,50.75000171735883,1.2089003013547874,0.29244289742777607
0.05000096186995506,50.70000171661377,1.2317821276628513,0.2716990636316938
9.611248970031738e-07,50.70000171661377,1.2089003013547874,0.29244289742777607
-0.049999039620161057,50.65000171586871,1.2317821276628513,0.2716990636316938
-0.09999904036521912,50.65000171586871,1.2089003013547874,0.29244289742777607
-0.14999904111027718,50.60000171512365,1.2300349859166906,0.2716990636316938
-0.19999904185533524,50.60000171512365,1.2008925934871162,0.29244289742777607
-0.2499990426003933,50.550001714378595,1.2150971908950816,0.2716990636316938
-0.29999904334545135,50.550001714378595,1.1892444196463352,0.29244289742777607
-0.3499990440905094,50.50000171363354,1.2089003013547874,0.2716990636316938
-0.3999990448355675,50.50000171363354,1.1865424830472975,0.29244289742777607
-0.44999904558062553,50.45000171288848,1.2089003013547874,0.2716990636316938
-0.4999990463256836,50.45000171288848,1.1865424830472975,0.29244289742777607
-0.5499990470707417,50.40000171214342,1.2008925934871162,0.2716990636316938
-0.5999990478157997,50.40000171214342,1.1729530422331924,0.29244289742777607
-0.6999990493059158,50.300001710653305,1.2089003013547874,0.26097722973374027
-0.7499990500509739,50.300001710653305,1.1865424830472975,0.29244289742777607
-0.799999050796032,50.25000170990825,1.2089003013547874,0.2716990636316938
-0.84999905154109,50.25000170990825,1.1865424830472975,0.3000000074505806
-0.9499990530312061,50.15000170841813,1.2300349859166906,0.2716990636316938
-0.9999990537762642,50.15000170841813,1.2008925934871162,0.29244289742777607
-1.0499990545213223,50.10000170767307,1.2150971908950816,0.2716990636316938
-1.0999990552663803,50.10000170767307,1.1892444196463352,0.3000000074505806
-1.1999990567564964,50.00000170618296,1.2317821276628513,0.2716990636316938
-1.2499990575015545,50.00000170618296,1.2089003013547874,0.3000000074505806
-1.3499990589916706,49.90000170469284,1.242220531676356,0.2716990636316938
-1.3999990597367287,49.90000170469284,1.2150971908950816,0.3000000074505806
-1.4999990612268448,49.800001703202724,1.2534442070328695,0.2716990636316938
-1.5499990619719028,49.800001703202724,1.221267061533719,0.3000000074505806
-1.649999063462019,49.70000170171261,1.242220531676356,0.2716990636316938
-1.699999064207077,49.70000170171261,1.2150971908950816,0.3000000074505806
-1.7999990656971931,49.60000170022249,1.2300349859166906,0.2716990636316938
-1.8499990664422512,49.60000170022249,1.2008925934871162,0.3000000074505806
-1.9499990679323673,49.500001698732376,1.221267061533719,0.2716990636316938
-1.9999990686774254,49.500001698732376,1.1901438981605426,0.3000000074505806
-2.0999990701675415,49.40000169724226,1.2150971908950816,0.2716990636316938
-2.1499990709125996,49.40000169724226,1.1829316892012207,0.29244289742777607
-2.2499990724027157,49.300001695752144,1.2008925934871162,0.26097722973374027
-2.2999990731477737,49.300001695752144,1.1729530422331924,0.2949747542062818
-2.449999075382948,49.15000169351697,1.2008925934871162,0.2716990636316938
-2.499999076128006,49.15000169351697,1.1729530422331924,0.3000000074505806
-2.699999079108238,48.95000169053674,1.2150971908950816,0.2716990636316938
-2.7499990798532963,48.95000169053674,1.1829316892012207,0.3000000074505806
-2.9999990835785866,48.70000168681145,1.2300349859166906,0.2716990636316938
-3.0499990843236446,48.70000168681145,1.2008925934871162,0.3000000074505806
-3.249999087303877,48.500001683831215,1.2534442070328695,0.2716990636316938
-3.299999088048935,48.500001683831215,1.221267061533719,0.3000000074505806
-3.449999090284109,48.35000168159604,1.2534442070328695,0.29244289742777607
-3.499999091029167,48.35000168159604,1.221267061533719,0.3147815147201923
-3.7499990947544575,48.10000167787075,1.2534442070328695,0.2716990636316938
-3.7999990954995155,48.10000167787075,1.221267061533719,0.3000000074505806
-4.049999099224806,47.85000167414546,1.2495689230326823,0.2716990636316938
-4.099999099969864,47.85000167414546,1.2142135834465193,0.3000000074505806
-4.299999102950096,47.65000167116523,1.2159802469503793,0.2716990636316938
-4.349999103695154,47.65000167116523,1.1829316892012207,0.3000000074505806
-4.549999106675386,47.450001668184996,1.2142135834465193,0.2716990636316938
-4.5999991074204445,47.450001668184996,1.1788582438603563,0.3000000074505806
-5.599999122321606,46.450001653283834,1.242220531676356,0.2716990636316938
-5.649999123066664,46.450001653283834,1.2142135834465193,0.3000000074505806
-7.199999146163464,44.900001630187035,1.1788582438603563,0.3000000074505806
-7.199999146163464,44.85000162944198,1.2142135834465193,0.2716990636316938
-7.499999150633812,44.55000162497163,1.1793114429667142,0.3000000074505806
-7.499999150633812,44.50000162422657,1.2142135834465193,0.2716990636316938
-7.749999154359102,44.25000162050128,1.2008925934871162,0.3000000074505806
-7.749999154359102,44.20000161975622,1.2300349859166906,0.2716990636316938
-8.04999915882945,43.90000161528587,1.2142135834465193,0.3000000074505806
-8.04999915882945,43.850001614540815,1.2495689230326823,0.2716990636316938
-8.299999162554741,43.600001610815525,1.2142135834465193,0.3000000074505806
-8.299999162554741,43.55000161007047,1.2495689230326823,0.2716990636316938
-8.549999166280031,43.30000160634518,1.2159802469503793,0.3000000074505806
-8.549999166280031,43.25000160560012,1.2500000216066838,0.2716990636316938
-8.84999917075038,42.95000160112977,1.2008925934871162,0.3000000074505806
-8.84999917075038,42.90000160038471,1.2300349859166906,0.2716990636316938
-9.049999173730612,42.70000159740448,1.2008925934871162,0.3000000074505806
-9.049999173730612,42.65000159665942,1.2300349859166906,0.2716990636316938
-9.249999176710844,42.45000159367919,1.2008925934871162,0.3000000074505806
-9.249999176710844,42.40000159293413,1.2300349859166906,0.2716990636316938
-9.399999178946018,42.25000159069896,1.2008925934871162,0.3000000074505806
-9.399999178946018,42.2000015899539,1.2300349859166906,0.2716990636316938
-9.59999918192625,42.00000158697367,1.2008925934871162,0.3000000074505806
-9.59999918192625,41.95000158622861,1.2300349859166906,0.2716990636316938
-9.799999184906483,41.75000158324838,1.2008925934871162,0.3000000074505806
-9.799999184906483,41.70000158250332,1.2300349859166906,0.2716990636316938
-9.949999187141657,41.550001580268145,1.2142135834465193,0.3000000074505806
-9.949999187141657,41.50000157952309,1.242220531676356,0.2716990636316938
-10.14999919012189,41.300001576542854,1.2142135834465193,0.3000000074505806
-10.14999919012189,41.250001575797796,1.242220531676356,0.2716990636316938
-10.349999193102121,41.050001572817564,1.2142135834465193,0.3000000074505806
-10.349999193102121,41.000001572072506,1.242220531676356,0.2716990636316938
-10.499999195337296,40.85000156983733,1.2150971908950816,0.3000000074505806
-10.499999195337296,40.800001569092274,1.242220531676356,0.2716990636316938
-10.699999198317528,40.60000156611204,1.2008925934871162,0.3000000074505806
-10.699999198317528,40.55000156536698,1.2300349859166906,0.2716990636316938
-10.89999920129776,40.35000156238675,1.1901438981605426,0.3000000074505806
-10.89999920129776,40.30000156164169,1.221267061533719,0.2716990636316938
-10.949999202042818,40.250001560896635,1.2150971908950816,0.29244289742777607
-10.949999202042818,40.20000156015158,1.242220531676356,0.2716990636316938
-11.049999203532934,40.10000155866146,1.2150971908950816,0.3000000074505806
-11.049999203532934,40.0500015579164,1.242220531676356,0.2716990636316938
-11.14999920502305,39.95000155642629,1.2089003013547874,0.3000000074505806
-11.14999920502305,39.90000155568123,1.2326548995376616,0.2716990636316938
-11.199999205768108,39.85000155493617,1.2150971908950816,0.29244289742777607
-11.199999205768108,39.80000155419111,1.242220531676356,0.2716990636316938
-11.299999207258224,39.700001552700996,1.2089003013547874,0.3000000074505806
-11.299999207258224,39.65000155195594,1.2326548995376616,0.2716990636316938
-11.39999920874834,39.55000155046582,1.2008925934871162,0.3000000074505806
-11.39999920874834,39.500001549720764,1.2300349859166906,0.2716990636316938
-11.449999209493399,39.450001548975706,1.2089003013547874,0.29244289742777607
-11.449999209493399,39.40000154823065,1.2326548995376616,0.2716990636316938
-11.499999210238457,39.35000154748559,1.2150971908950816,0.29244289742777607
-11.499999210238457,39.30000154674053,1.242220531676356,0.2716990636316938
-11.549999210983515,39.250001545995474,1.2300349859166906,0.29244289742777607
-11.549999210983515,39.200001545250416,1.2534442070328695,0.2716990636316938
-11.599999211728573,39.15000154450536,1.2230249682804948,0.29244289742777607
-11.599999211728573,39.1000015437603,1.2396180263407768,0.2716990636316938
-11.649999212473631,39.05000154301524,1.2115594423831848,0.29244289742777607
-11.649999212473631,38.950001541525126,1.2534442070328695,0.26097722973374027
-11.699999213218689,38.90000154078007,1.2230249682804948,0.29244289742777607
-11.699999213218689,38.85000154003501,1.2396180263407768,0.2716990636316938
-11.749999213963747,38.80000153928995,1.2115594423831848,0.29244289742777607
-11.749999213963747,38.75000153854489,1.2317821276628513,0.2716990636316938
-11.799999214708805,38.700001537799835,1.2089003013547874,0.29244289742777607
-11.799999214708805,38.60000153630972,1.2534442070328695,0.26097722973374027
-11.849999215453863,38.55000153556466,1.22214628652442,0.29244289742777607
-11.849999215453863,38.450001534074545,1.2430869904698527,0.26097722973374027
-11.899999216198921,38.40000153332949,1.2080128050138979,0.30249378854378534
-11.899999216198921,38.200001530349255,1.256021999552522,0.25276926365365854
-11.94999921694398,38.1500015296042,1.2142135834465193,0.3000000074505806
-11.94999921694398,37.950001526623964,1.2508618344742166,0.25276926365365854
-11.999999217689037,37.900001525878906,1.2035669056765963,0.3000000074505806
-11.999999217689037,37.25000151619315,1.2080128050138979,0.3000000074505806
-11.94999921694398,37.20000151544809,1.2534442070328695,0.25276926365365854
-11.94999921694398,37.00000151246786,1.2080128050138979,0.30249378854378534
-11.899999216198921,36.9500015117228,1.2430869904698527,0.26097722973374027
-11.899999216198921,36.85000151023269,1.2115594423831848,0.29244289742777607
-11.849999215453863,36.80000150948763,1.2396180263407768,0.26097722973374027
-11.849999215453863,36.70000150799751,1.2080128050138979,0.29244289742777607
-11.799999214708805,36.650001507252455,1.2317821276628513,0.2716990636316938
-11.799999214708805,36.6000015065074,1.2115594423831848,0.29244289742777607
-11.749999213963747,36.55000150576234,1.2396180263407768,0.2716990636316938
-11.749999213963747,36.50000150501728,1.2150971908950816,0.29244289742777607
-11.699999213218689,36.45000150427222,1.2300349859166906,0.2716990636316938
-11.699999213218689,36.400001503527164,1.2008925934871162,0.3000000074505806
-11.599999211728573,36.30000150203705,1.2326548995376616,0.2716990636316938
-11.599999211728573,36.25000150129199,1.2089003013547874,0.3000000074505806
-11.499999210238457,36.150001499801874,1.221267061533719,0.2716990636316938
-11.499999210238457,36.100001499056816,1.1901438981605426,0.3000000074505806
-11.14999920502305,35.75000149384141,1.2008925934871162,0.2949747542062818
-11.099999204277992,35.75000149384141,1.2300349859166906,0.26097722973374027
-10.949999202042818,35.600001491606236,1.2142135834465193,0.2949747542062818
-10.89999920129776,35.600001491606236,1.2495689230326823,0.26097722973374027
-10.799999199807644,35.50000149011612,1.2089003013547874,0.29244289742777607
-10.749999199062586,35.50000149011612,1.2326548995376616,0.26097722973374027
-10.699999198317528,35.45000148937106,1.2150971908950816,0.2716990636316938
-10.64999919757247,35.45000148937106,1.242220531676356,0.24721360216395982
-10.599999196827412,35.400001488626,1.2300349859166906,0.2716990636316938
-10.549999196082354,35.400001488626,1.2534442070328695,0.24721360216395982
-10.499999195337296,35.350001487880945,1.2326548995376616,0.2716990636316938
-10.449999194592237,35.350001487880945,1.2577379954333137,0.24721360216395982
-10.39999919384718,35.30000148713589,1.2317821276628513,0.27434165609349825
-10.349999193102121,35.30000148713589,1.2534442070328695,0.26097722973374027
-10.299999192357063,35.25000148639083,1.2230249682804948,0.29244289742777607
-10.199999190866947,35.25000148639083,1.256021999552522,0.24721360216395982
-10.14999919012189,35.20000148564577,1.2230249682804948,0.27434165609349825
-10.099999189376831,35.20000148564577,1.2396180263407768,0.26097722973374027
-10.049999188631773,35.15000148490071,1.2115594423831848,0.30249378854378534
-9.899999186396599,35.15000148490071,1.256021999552522,0.26097722973374027
-9.84999918565154,35.100001484155655,1.2142135834465193,0.30249378854378534
-9.499999180436134,35.100001484155655,1.2713939188816938,0.2500000067055225
-9.449999179691076,35.0500014834106,1.2317821276628513,0.3000000074505806
-9.049999173730612,35.0500014834106,1.2317821276628513,0.3000000074505806
-8.999999172985554,35.100001484155655,1.2713939188816938,0.2500000067055225
-8.59999916702509,35.100001484155655,1.22214628652442,0.3000000074505806
-8.549999166280031,35.15000148490071,1.256021999552522,0.25276926365365854
-8.349999163299799,35.15000148490071,1.2080128050138979,0.30249378854378534
-8.299999162554741,35.20000148564577,1.2430869904698527,0.26097722973374027
-8.149999160319567,35.20000148564577,1.2080128050138979,0.30249378854378534
-8.099999159574509,35.25000148639083,1.2430869904698527,0.26097722973374027
-8.04999915882945,35.25000148639083,1.2317821276628513,0.27434165609349825
-7.9999991580843925,35.30000148713589,1.2577379954333137,0.24721360216395982
-7.899999156594276,35.30000148713589,1.2230249682804948,0.29244289742777607
-7.849999155849218,35.350001487880945,1.2534442070328695,0.26097722973374027
-7.79999915510416,35.350001487880945,1.2317821276628513,0.27434165609349825
-7.749999154359102,35.400001488626,1.2534442070328695,0.24721360216395982
-7.649999152868986,35.400001488626,1.2115594423831848,0.29244289742777607
-7.599999152123928,35.45000148937106,1.2396180263407768,0.26097722973374027
-7.54999915137887,35.45000148937106,1.2230249682804948,0.27434165609349825
-7.499999150633812,35.50000149011612,1.2534442070328695,0.24721360216395982
-7.449999149888754,35.50000149011612,1.2317821276628513,0.2716990636316938
-7.399999149143696,35.55000149086118,1.2577379954333137,0.24721360216395982
-7.349999148398638,35.55000149086118,1.2326548995376616,0.2716990636316938
-7.29999914765358,35.600001491606236,1.2534442070328695,0.24721360216395982
-7.249999146908522,35.600001491606236,1.2300349859166906,0.2716990636316938
-7.199999146163464,35.650001492351294,1.242220531676356,0.26097722973374027
-7.1499991454184055,35.650001492351294,1.2150971908950816,0.2949747542062818
-6.799999140202999,36.0000014975667,1.2142135834465193,0.2949747542062818
-6.799999140202999,36.05000149831176,1.242220531676356,0.26097722973374027
-6.699999138712883,36.150001499801874,1.2089003013547874,0.29244289742777607
-6.699999138712883,36.20000150054693,1.2326548995376616,0.26097722973374027
-6.649999137967825,36.25000150129199,1.2150971908950816,0.2716990636316938
-6.649999137967825,36.30000150203705,1.242220531676356,0.24721360216395982
-6.599999137222767,36.350001502782106,1.2300349859166906,0.2716990636316938
-6.599999137222767,36.400001503527164,1.2534442070328695,0.24721360216395982
-6.549999136477709,36.45000150427222,1.2326548995376616,0.2716990636316938
-6.549999136477709,36.50000150501728,1.2577379954333137,0.24721360216395982
-6.499999135732651,36.55000150576234,1.242220531676356,0.2716990636316938
-6.499999135732651,36.6000015065074,1.2705441388980891,0.24721360216395982
-6.449999134987593,36.650001507252455,1.2396180263407768,0.2716990636316938
-6.449999134987593,36.70000150799751,1.2577379954333137,0.24721360216395982
-6.399999134242535,36.75000150874257,1.2317821276628513,0.2716990636316938
-6.399999134242535,36.80000150948763,1.2534442070328695,0.24721360216395982
-6.349999133497477,36.85000151023269,1.2317821276628513,0.2716990636316938
-6.349999133497477,36.900001510977745,1.2534442070328695,0.24721360216395982
-6.2999991327524185,36.9500015117228,1.2230249682804948,0.2716990636316938
-6.2999991327524185,37.00000151246786,1.2396180263407768,0.24721360216395982
-6.2499991320073605,37.05000151321292,1.2115594423831848,0.27434165609349825
-6.2499991320073605,37.150001514703035,1.2534442070328695,0.24721360216395982
-6.199999131262302,37.20000151544809,1.2317821276628513,0.2716990636316938
-6.199999131262302,37.25000151619315,1.2534442070328695,0.24721360216395982
-6.149999130517244,37.30000151693821,1.2317821276628513,0.2716990636316938
-6.149999130517244,37.35000151768327,1.2534442070328695,0.24721360216395982
-6.099999129772186,37.400001518428326,1.2230249682804948,0.27434165609349825
-6.099999129772186,37.450001519173384,1.2396180263407768,0.26097722973374027
-6.049999129027128,37.50000151991844,1.2115594423831848,0.29244289742777607
-6.049999129027128,37.60000152140856,1.2534442070328695,0.24721360216395982
-5.99999912828207,37.650001522153616,1.2317821276628513,0.27434165609349825
-5.99999912828207,37.700001522898674,1.2534442070328695,0.26097722973374027
-5.949999127537012,37.75000152364373,1.2230249682804948,0.29244289742777607
-5.949999127537012,37.85000152513385,1.256021999552522,0.26097722973374027
-5.899999126791954,37.900001525878906,1.2230249682804948,0.29244289742777607
-5.899999126791954,38.00000152736902,1.256021999552522,0.26097722973374027
-5.849999126046896,38.05000152811408,1.2230249682804948,0.29244289742777607
-5.849999126046896,38.1500015296042,1.256021999552522,0.26097722973374027
-5.799999125301838,38.200001530349255,1.2230249682804948,0.29244289742777607
-5.799999125301838,38.30000153183937,1.256021999552522,0.26097722973374027
-5.74999912455678,38.35000153258443,1.2230249682804948,0.29244289742777607
-5.74999912455678,38.450001534074545,1.256021999552522,0.26097722973374027
-5.699999123811722,38.5000015348196,1.2230249682804948,0.29244289742777607
-5.699999123811722,38.60000153630972,1.256021999552522,0.26097722973374027
-5.649999123066664,38.65000153705478,1.22214628652442,0.29244289742777607
-5.649999123066664,38.75000153854489,1.2430869904698527,0.26097722973374027
-5.599999122321606,38.80000153928995,1.2080128050138979,0.29244289742777607
-5.599999122321606,38.90000154078007,1.2396180263407768,0.26097722973374027
-5.549999121576548,38.950001541525126,1.2080128050138979,0.30249378854378534
-5.549999121576548,39.1000015437603,1.256021999552522,0.26097722973374027
-5.49999912083149,39.15000154450536,1.2230249682804948,0.29244289742777607
-5.49999912083149,39.250001545995474,1.256021999552522,0.26097722973374027
-5.4499991200864315,39.30000154674053,1.2230249682804948,0.29244289742777607
-5.4499991200864315,39.40000154823065,1.256021999552522,0.26097722973374027
-5.399999119341373,39.450001548975706,1.2230249682804948,0.29244289742777607
-5.399999119341373,39.55000155046582,1.256021999552522,0.26097722973374027
-5.349999118596315,39.60000155121088,1.2230249682804948,0.29244289742777607
-5.349999118596315,39.700001552700996,1.256021999552522,0.26097722973374027
-5.299999117851257,39.750001553446054,1.2230249682804948,0.29244289742777607
-5.299999117851257,39.85000155493617,1.2577379954333137,0.24721360216395982
-5.249999117106199,39.90000155568123,1.2317821276628513,0.27434165609349825
-5.249999117106199,39.95000155642629,1.2534442070328695,0.26097722973374027
-5.199999116361141,40.000001557171345,1.2230249682804948,0.29244289742777607
-5.199999116361141,40.10000155866146,1.2577379954333137,0.24721360216395982
-5.149999115616083,40.15000155940652,1.2317821276628513,0.2716990636316938
-5.149999115616083,40.20000156015158,1.2534442070328695,0.24721360216395982
-5.099999114871025,40.250001560896635,1.2230249682804948,0.27434165609349825
-5.099999114871025,40.30000156164169,1.2396180263407768,0.26097722973374027
-5.049999114125967,40.35000156238675,1.2115594423831848,0.29244289742777607
-5.049999114125967,40.45000156387687,1.2534442070328695,0.24721360216395982
-4.999999113380909,40.500001564621925,1.2230249682804948,0.27434165609349825
-4.999999113380909,40.55000156536698,1.2396180263407768,0.26097722973374027
-4.949999112635851,40.60000156611204,1.2115594423831848,0.29244289742777607
-4.949999112635851,40.70000156760216,1.2534442070328695,0.24721360216395982
-4.899999111890793,40.750001568347216,1.2230249682804948,0.27434165609349825
-4.899999111890793,40.800001569092274,1.2396180263407768,0.26097722973374027
-4.849999111145735,40.85000156983733,1.2115594423831848,0.29244289742777607
-4.849999111145735,40.95000157132745,1.2534442070328695,0.24721360216395982
-4.799999110400677,41.000001572072506,1.2326548995376616,0.2716990636316938
-4.799999110400677,41.050001572817564,1.2577379954333137,0.24721360216395982
-4.699999108910561,41.15000157430768,1.2300349859166906,0.29244289742777607
-4.699999108910561,41.20000157505274,1.2534442070328695,0.26097722973374027
-4.5999991074204445,41.300001576542854,1.2089003013547874,0.29244289742777607
-4.5999991074204445,41.35000157728791,1.2326548995376616,0.26097722973374027
-4.549999106675386,41.40000157803297,1.2150971908950816,0.2716990636316938
-4.549999106675386,41.45000157877803,1.242220531676356,0.24721360216395982
-4.349999103695154,41.65000158175826,1.2008925934871162,0.2949747542062818
-4.349999103695154,41.70000158250332,1.2300349859166906,0.26097722973374027
-3.7499990947544575,42.300001591444016,1.2300349859166906,0.26097722973374027
-3.6999990940093994,42.300001591444016,1.2008925934871162,0.2949747542062818
-3.5499990917742252,42.45000159367919,1.242220531676356,0.26097722973374027
-3.499999091029167,42.45000159367919,1.2150971908950816,0.29244289742777607
-3.399999089539051,42.550001595169306,1.2534442070328695,0.24721360216395982
-3.349999088793993,42.550001595169306,1.2317821276628513,0.2716990636316938
-3.299999088048935,42.600001595914364,1.2534442070328695,0.24721360216395982
-3.249999087303877,42.600001595914364,1.2317821276628513,0.2716990636316938
-3.199999086558819,42.65000159665942,1.2534442070328695,0.24721360216395982
-3.1499990858137608,42.65000159665942,1.2317821276628513,0.2716990636316938
-3.0999990850687027,42.70000159740448,1.2577379954333137,0.24721360216395982
-2.9499990828335285,42.70000159740448,1.2080128050138979,0.30249378854378534
-2.8999990820884705,42.75000159814954,1.2430869904698527,0.26097722973374027
-2.7499990798532963,42.75000159814954,1.2142135834465193,0.30249378854378534
-2.699999079108238,42.800001598894596,1.2577379954333137,0.26097722973374027
-2.499999076128006,42.800001598894596,1.22214628652442,0.3000000074505806
-2.449999075382948,42.850001599639654,1.2637281386416934,0.2500000067055225
-2.0499990694224834,42.850001599639654,1.2637281386416934,0.2500000067055225
-1.9999990686774254,42.800001598894596,1.22214628652442,0.3000000074505806
-1.7999990656971931,42.800001598894596,1.2637281386416934,0.26097722973374027
-1.749999064952135,42.75000159814954,1.22214628652442,0.30249378854378534
-1.599999062716961,42.75000159814954,1.256021999552522,0.26097722973374027
-1.5499990619719028,42.70000159740448,1.2230249682804948,0.29244289742777607
-1.4499990604817867,42.70000159740448,1.256021999552522,0.24721360216395982
-1.3999990597367287,42.65000159665942,1.2230249682804948,0.27434165609349825
-1.3499990589916706,42.65000159665942,1.2396180263407768,0.26097722973374027
-1.2999990582466125,42.600001595914364,1.2115594423831848,0.29244289742777607
-1.1999990567564964,42.600001595914364,1.2534442070328695,0.24721360216395982
-1.0999990552663803,42.50000159442425,1.2150971908950816,0.29244289742777607
-1.0499990545213223,42.50000159442425,1.242220531676356,0.26097722973374027
-0.9999990537762642,42.45000159367919,1.2300349859166906,0.2716990636316938
-0.9499990530312061,42.45000159367919,1.2534442070328695,0.24721360216395982
-0.84999905154109,42.350001592189074,1.2150971908950816,0.29244289742777607
-0.799999050796032,42.350001592189074,1.242220531676356,0.26097722973374027
-0.5999990478157997,42.15000158920884,1.2142135834465193,0.2949747542062818
-0.5499990470707417,42.15000158920884,1.242220531676356,0.26097722973374027
-0.29999904334545135,41.90000158548355,1.2142135834465193,0.2949747542062818
-0.2499990426003933,41.90000158548355,1.2495689230326823,0.26097722973374027
-0.14999904111027718,41.800001583993435,1.2495689230326823,0.2716990636316938
-0.14999904111027718,41.75000158324838,1.2142135834465193,0.3000000074505806
0.45000096783041954,41.15000157430768,1.2495689230326823,0.2716990636316938
0.45000096783041954,41.10000157356262,1.2142135834465193,0.3000000074505806
0.7500009723007679,40.800001569092274,1.2495689230326823,0.2716990636316938
0.7500009723007679,40.750001568347216,1.2142135834465193,0.3000000074505806
1.0500009767711163,40.45000156387687,1.242220531676356,0.2716990636316938
1.0500009767711163,40.40000156313181,1.2142135834465193,0.3000000074505806
1.4000009819865227,40.0500015579164,1.2300349859166906,0.2716990636316938
1.4000009819865227,40.000001557171345,1.2008925934871162,0.3000000074505806
1.8000009879469872,39.60000155121088,1.2300349859166906,0.2716990636316938
1.8000009879469872,39.55000155046582,1.2008925934871162,0.3000000074505806
2.2000009939074516,39.15000154450536,1.2300349859166906,0.2716990636316938
2.2000009939074516,39.1000015437603,1.2008925934871162,0.3000000074505806
2.600000999867916,38.700001537799835,1.2300349859166906,0.2716990636316938
2.600000999867916,38.65000153705478,1.2008925934871162,0.3000000074505806
3.0500010065734386,38.200001530349255,1.2495689230326823,0.2716990636316938
3.0500010065734386,38.1500015296042,1.2142135834465193,0.3000000074505806
3.450001012533903,37.75000152364373,1.2495689230326823,0.2716990636316938
3.450001012533903,37.700001522898674,1.2142135834465193,0.3000000074505806
3.9000010192394257,37.25000151619315,1.2495689230326823,0.2716990636316938
3.9000010192394257,37.20000151544809,1.2142135834465193,0.3000000074505806
4.30000102519989,36.80000150948763,1.2495689230326823,0.2716990636316938
4.30000102519989,36.75000150874257,1.2142135834465193,0.3000000074505806
4.700001031160355,36.350001502782106,1.2495689230326823,0.2716990636316938
4.700001031160355,36.30000150203705,1.2142135834465193,0.3000000074505806
5.100001037120819,35.900001496076584,1.2495689230326823,0.2716990636316938
5.100001037120819,35.850001495331526,1.2142135834465193,0.3000000074505806
5.350001040846109,35.600001491606236,1.2300349859166906,0.2716990636316938
5.350001040846109,35.55000149086118,1.2008925934871162,0.3000000074505806
5.650001045316458,35.25000148639083,1.221267061533719,0.2716990636316938
5.650001045316458,35.20000148564577,1.1901438981605426,0.3000000074505806
5.900001049041748,34.95000148192048,1.2159802469503793,0.2716990636316938
5.900001049041748,34.90000148117542,1.1829316892012207,0.3000000074505806
6.150001052767038,34.65000147745013,1.2159802469503793,0.2716990636316938
6.150001052767038,34.600001476705074,1.1829316892012207,0.3000000074505806
6.400001056492329,34.350001472979784,1.221267061533719,0.2716990636316938
6.400001056492329,34.300001472234726,1.1901438981605426,0.3000000074505806
6.650001060217619,34.050001468509436,1.221267061533719,0.2716990636316938
6.650001060217619,34.00000146776438,1.1901438981605426,0.3000000074505806
6.950001064687967,33.70000146329403,1.242220531676356,0.2716990636316938
6.950001064687967,33.65000146254897,1.2142135834465193,0.3000000074505806
7.200001068413258,33.40000145882368,1.2495689230326823,0.2716990636316938
7.200001068413258,33.35000145807862,1.2142135834465193,0.3000000074505806
7.450001072138548,33.10000145435333,1.2500000216066838,0.2716990636316938
7.450001072138548,33.050001453608274,1.2159802469503793,0.3000000074505806
7.700001075863838,32.800001449882984,1.2534442070328695,0.2716990636316938
7.700001075863838,32.750001449137926,1.221267061533719,0.3000000074505806
7.9500010795891285,32.500001445412636,1.2534442070328695,0.2716990636316938
7.9500010795891285,32.45000144466758,1.221267061533719,0.3000000074505806
8.15000108256936,32.250001441687346,1.2534442070328695,0.29244289742777607
8.15000108256936,32.20000144094229,1.221267061533719,0.3147815147201923
8.400001086294651,31.950001437216997,1.2534442070328695,0.2716990636316938
8.400001086294651,31.90000143647194,1.221267061533719,0.3000000074505806
8.550001088529825,31.750001434236765,1.2500000216066838,0.2716990636316938
8.550001088529825,31.700001433491707,1.2159802469503793,0.3000000074505806
8.750001091510057,31.500001430511475,1.2500000216066838,0.2716990636316938
8.750001091510057,31.450001429766417,1.2159802469503793,0.3000000074505806
8.900001093745232,31.300001427531242,1.242220531676356,0.2716990636316938
8.900001093745232,31.250001426786184,1.2142135834465193,0.3000000074505806
9.050001095980406,31.10000142455101,1.221267061533719,0.2716990636316938
9.050001095980406,31.050001423805952,1.1901438981605426,0.3000000074505806
9.250001098960638,30.85000142082572,1.2300349859166906,0.2716990636316938
9.250001098960638,30.80000142008066,1.2008925934871162,0.3000000074505806
9.400001101195812,30.650001417845488,1.2300349859166906,0.2716990636316938
9.400001101195812,30.60000141710043,1.2008925934871162,0.3000000074505806
9.550001103430986,30.450001414865255,1.2300349859166906,0.2716990636316938
9.550001103430986,30.400001414120197,1.2008925934871162,0.3000000074505806
9.70000110566616,30.250001411885023,1.2300349859166906,0.2716990636316938
9.70000110566616,30.200001411139965,1.2008925934871162,0.3000000074505806
9.800001107156277,30.10000140964985,1.2300349859166906,0.2716990636316938
9.800001107156277,30.05000140890479,1.2008925934871162,0.3000000074505806
9.95000110939145,29.900001406669617,1.242220531676356,0.2716990636316938
9.95000110939145,29.85000140592456,1.2150971908950816,0.3000000074505806
10.050001110881567,29.750001404434443,1.2300349859166906,0.2716990636316938
10.050001110881567,29.700001403689384,1.2008925934871162,0.3000000074505806
10.150001112371683,29.60000140219927,1.2300349859166906,0.2716990636316938
10.150001112371683,29.55000140145421,1.2008925934871162,0.3000000074505806
10.300001114606857,29.400001399219036,1.2300349859166906,0.2716990636316938
10.300001114606857,29.350001398473978,1.2008925934871162,0.3000000074505806
10.400001116096973,29.250001396983862,1.2300349859166906,0.2716990636316938
10.400001116096973,29.200001396238804,1.2008925934871162,0.3000000074505806
10.550001118332148,29.05000139400363,1.2300349859166906,0.2716990636316938
10.550001118332148,29.00000139325857,1.2008925934871162,0.3000000074505806
10.650001119822264,28.900001391768456,1.2300349859166906,0.2716990636316938
10.650001119822264,28.850001391023397,1.2008925934871162,0.3000000074505806
10.800001122057438,28.700001388788223,1.2300349859166906,0.2716990636316938
10.800001122057438,28.650001388043165,1.2008925934871162,0.3000000074505806
10.900001123547554,28.55000138655305,1.2300349859166906,0.2716990636316938
10.900001123547554,28.50000138580799,1.2008925934871162,0.3000000074505806
11.050001125782728,28.350001383572817,1.242220531676356,0.2716990636316938
11.050001125782728,28.30000138282776,1.2150971908950816,0.3000000074505806
11.150001127272844,28.200001381337643,1.2300349859166906,0.2716990636316938
11.150001127272844,28.150001380592585,1.2008925934871162,0.3000000074505806
11.25000112876296,28.05000137910247,1.2300349859166906,0.2716990636316938
11.25000112876296,28.00000137835741,1.2008925934871162,0.3000000074505806
11.400001130998135,27.850001376122236,1.2300349859166906,0.2716990636316938
11.400001130998135,27.800001375377178,1.2008925934871162,0.3000000074505806
11.50000113248825,27.700001373887062,1.2300349859166906,0.2716990636316938
11.50000113248825,27.650001373142004,1.2008925934871162,0.3000000074505806
11.650001134723425,27.50000137090683,1.2300349859166906,0.2716990636316938
11.650001134723425,27.45000137016177,1.2008925934871162,0.3000000074505806
11.750001136213541,27.350001368671656,1.2300349859166906,0.2716990636316938
11.750001136213541,27.300001367926598,1.2008925934871162,0.3000000074505806
11.900001138448715,27.150001365691423,1.242220531676356,0.2716990636316938
11.900001138448715,27.100001364946365,1.2150971908950816,0.3000000074505806
12.000001139938831,27.00000136345625,1.2300349859166906,0.2716990636316938
12.000001139938831,26.95000136271119,1.2008925934871162,0.3000000074505806
12.100001141428947,26.850001361221075,1.2300349859166906,0.2716990636316938
12.100001141428947,26.800001360476017,1.2008925934871162,0.3000000074505806
12.250001143664122,26.650001358240843,1.2300349859166906,0.2716990636316938
12.250001143664122,26.600001357495785,1.2008925934871162,0.3000000074505806
12.350001145154238,26.50000135600567,1.2300349859166906,0.2716990636316938
12.350001145154238,26.45000135526061,1.2008925934871162,0.3000000074505806
12.500001147389412,26.300001353025436,1.2300349859166906,0.2716990636316938
12.500001147389412,26.25000135228038,1.2008925934871162,0.3000000074505806
12.600001148879528,26.150001350790262,1.2300349859166906,0.2716990636316938
12.600001148879528,26.100001350045204,1.2008925934871162,0.3000000074505806
12.750001151114702,25.95000134781003,1.242220531676356,0.2716990636316938
12.750001151114702,25.900001347064972,1.2150971908950816,0.3000000074505806
12.850001152604818,25.800001345574856,1.2300349859166906,0.2716990636316938
12.850001152604818,25.750001344829798,1.2008925934871162,0.3000000074505806
12.950001154094934,25.65000134333968,1.2300349859166906,0.2716990636316938
12.950001154094934,25.600001342594624,1.2008925934871162,0.3000000074505806
13.100001156330109,25.45000134035945,1.2300349859166906,0.2716990636316938
13.100001156330109,25.40000133961439,1.2008925934871162,0.3000000074505806
13.200001157820225,25.300001338124275,1.2300349859166906,0.2716990636316938
13.200001157820225,25.250001337379217,1.2008925934871162,0.3000000074505806
13.350001160055399,25.100001335144043,1.2300349859166906,0.2716990636316938
13.350001160055399,25.050001334398985,1.2008925934871162,0.3000000074505806
13.450001161545515,24.95000133290887,1.2300349859166906,0.2716990636316938
13.450001161545515,24.90000133216381,1.2008925934871162,0.3000000074505806
13.60000116378069,24.750001329928637,1.242220531676356,0.2716990636316938
13.60000116378069,24.70000132918358,1.2150971908950816,0.3000000074505806
13.700001165270805,24.600001327693462,1.2300349859166906,0.2716990636316938
13.700001165270805,24.550001326948404,1.2008925934871162,0.3000000074505806
13.800001166760921,24.450001325458288,1.2300349859166906,0.2716990636316938
13.800001166760921,24.40000132471323,1.2008925934871162,0.3000000074505806
13.950001168996096,24.250001322478056,1.2300349859166906,0.2716990636316938
13.950001168996096,24.200001321732998,1.2008925934871162,0.3000000074505806
14.050001170486212,24.10000132024288,1.2300349859166906,0.2716990636316938
14.050001170486212,24.050001319497824,1.2008925934871162,0.3000000074505806
14.200001172721386,23.90000131726265,1.2300349859166906,0.2716990636316938
14.200001172721386,23.85000131651759,1.2008925934871162,0.3000000074505806
14.300001174211502,23.750001315027475,1.2300349859166906,0.2716990636316938
14.300001174211502,23.700001314282417,1.2008925934871162,0.3000000074505806
14.450001176446676,23.550001312047243,1.2300349859166906,0.2716990636316938
14.450001176446676,23.500001311302185,1.2008925934871162,0.3000000074505806
14.550001177936792,23.40000130981207,1.2300349859166906,0.2716990636316938
14.550001177936792,23.35000130906701,1.2008925934871162,0.3000000074505806
14.700001180171967,23.200001306831837,1.242220531676356,0.2716990636316938
14.700001180171967,23.15000130608678,1.2150971908950816,0.3000000074505806
14.800001181662083,23.050001304596663,1.2300349859166906,0.2716990636316938
14.800001181662083,23.000001303851604,1.2008925934871162,0.3000000074505806
14.900001183152199,22.90000130236149,1.2300349859166906,0.2716990636316938
14.900001183152199,22.85000130161643,1.2008925934871162,0.3000000074505806
15.050001185387373,22.700001299381256,1.2300349859166906,0.2716990636316938
15.050001185387373,22.650001298636198,1.2008925934871162,0.3000000074505806
15.150001186877489,22.550001297146082,1.2300349859166906,0.2716990636316938
15.150001186877489,22.500001296401024,1.2008925934871162,0.3000000074505806
15.300001189112663,22.35000129416585,1.2300349859166906,0.2716990636316938
15.300001189112663,22.30000129342079,1.2008925934871162,0.3000000074505806
15.40000119060278,22.200001291930676,1.2300349859166906,0.2716990636316938
15.40000119060278,22.150001291185617,1.2008925934871162,0.3000000074505806
15.550001192837954,22.000001288950443,1.242220531676356,0.2716990636316938
15.550001192837954,21.950001288205385,1.2150971908950816,0.3000000074505806
15.65000119432807,21.85000128671527,1.2300349859166906,0.2716990636316938
15.65000119432807,21.80000128597021,1.2008925934871162,0.3000000074505806
15.750001195818186,21.700001284480095,1.2300349859166906,0.2716990636316938
15.750001195818186,21.650001283735037,1.2008925934871162,0.3000000074505806
15.90000119805336,21.500001281499863,1.2300349859166906,0.2716990636316938
15.90000119805336,21.450001280754805,1.2008925934871162,0.3000000074505806
16.000001199543476,21.35000127926469,1.2300349859166906,0.2716990636316938
16.000001199543476,21.30000127851963,1.2008925934871162,0.3000000074505806
16.15000120177865,21.150001276284456,1.2300349859166906,0.2716990636316938
16.15000120177865,21.100001275539398,1.2008925934871162,0.3000000074505806
16.250001203268766,21.000001274049282,1.2300349859166906,0.2716990636316938
16.250001203268766,20.950001273304224,1.2008925934871162,0.3000000074505806
16.40000120550394,20.80000127106905,1.242220531676356,0.2716990636316938
16.40000120550394,20.75000127032399,1.2150971908950816,0.3000000074505806
16.500001206994057,20.650001268833876,1.2300349859166906,0.2716990636316938
16.500001206994057,20.600001268088818,1.2008925934871162,0.3000000074505806
16.600001208484173,20.5000012665987,1.2300349859166906,0.2716990636316938
16.600001208484173,20.450001265853643,1.2008925934871162,0.3000000074505806
16.750001210719347,20.30000126361847,1.2300349859166906,0.2716990636316938
16.750001210719347,20.25000126287341,1.2008925934871162,0.3000000074505806
16.850001212209463,20.150001261383295,1.2300349859166906,0.2716990636316938
16.850001212209463,20.100001260638237,1.2008925934871162,0.3000000074505806
17.000001214444637,19.950001258403063,1.2300349859166906,0.2716990636316938
17.000001214444637,19.900001257658005,1.2008925934871162,0.3000000074505806
17.100001215934753,19.80000125616789,1.2300349859166906,0.2716990636316938
17.100001215934753,19.75000125542283,1.2008925934871162,0.3000000074505806
17.250001218169928,19.600001253187656,1.242220531676356,0.2716990636316938
17.250001218169928,19.5500012524426,1.2150971908950816,0.3000000074505806
17.350001219660044,19.450001250952482,1.2300349859166906,0.2716990636316938
17.350001219660044,19.400001250207424,1.2008925934871162,0.3000000074505806
17.45000122115016,19.300001248717308,1.2300349859166906,0.2716990636316938
17.45000122115016,19.25000124797225,1.2008925934871162,0.3000000074505806
17.600001223385334,19.100001245737076,1.2300349859166906,0.2716990636316938
17.600001223385334,19.050001244992018,1.2008925934871162,0.3000000074505806
17.70000122487545,18.9500012435019,1.2300349859166906,0.2716990636316938
17.70000122487545,18.900001242756844,1.2008925934871162,0.3000000074505806
17.850001227110624,18.75000124052167,1.2300349859166906,0.2716990636316938
17.850001227110624,18.70000123977661,1.2008925934871162,0.3000000074505806
17.95000122860074,18.600001238286495,1.2300349859166906,0.2716990636316938
17.95000122860074,18.550001237541437,1.2008925934871162,0.3000000074505806
18.100001230835915,18.400001235306263,1.2300349859166906,0.2716990636316938
18.100001230835915,18.350001234561205,1.2008925934871162,0.3000000074505806
18.20000123232603,18.25000123307109,1.2300349859166906,0.2716990636316938
18.20000123232603,18.20000123232603,1.2008925934871162,0.3000000074505806
18.350001234561205,18.050001230090857,1.242220531676356,0.2716990636316938
18.350001234561205,18.0000012293458,1.2150971908950816,0.3000000074505806
18.45000123605132,17.900001227855682,1.2300349859166906,0.2716990636316938
18.45000123605132,17.850001227110624,1.2008925934871162,0.3000000074505806
18.550001237541437,17.750001225620508,1.2300349859166906,0.2716990636316938
18.550001237541437,17.70000122487545,1.2008925934871162,0.3000000074505806
18.70000123977661,17.550001222640276,1.2300349859166906,0.2716990636316938
18.70000123977661,17.500001221895218,1.2008925934871162,0.3000000074505806
18.800001241266727,17.4000012204051,1.2300349859166906,0.2716990636316938
18.800001241266727,17.350001219660044,1.2008925934871162,0.3000000074505806
18.9500012435019,17.20000121742487,1.2300349859166906,0.2716990636316938
18.9500012435019,17.15000121667981,1.2008925934871162,0.3000000074505806
19.050001244992018,17.050001215189695,1.2300349859166906,0.2716990636316938
19.050001244992018,17.000001214444637,1.2008925934871162,0.3000000074505806
19.200001247227192,16.850001212209463,1.242220531676356,0.2716990636316938
19.200001247227192,16.800001211464405,1.2150971908950816,0.3000000074505806
19.300001248717308,16.70000120997429,1.2300349859166906,0.2716990636316938
19.300001248717308,16.65000120922923,1.2008925934871162,0.3000000074505806
19.400001250207424,16.550001207739115,1.2300349859166906,0.2716990636316938
19.400001250207424,16.500001206994057,1.2008925934871162,0.3000000074505806
19.5500012524426,16.350001204758883,1.2300349859166906,0.2716990636316938
19.5500012524426,16.300001204013824,1.2008925934871162,0.3000000074505806
19.650001253932714,16.20000120252371,1.2300349859166906,0.2716990636316938
19.650001253932714,16.15000120177865,1.2008925934871162,0.3000000074505806
19.80000125616789,16.000001199543476,1.2300349859166906,0.2716990636316938
19.80000125616789,15.950001198798418,1.2008925934871162,0.3000000074505806
19.900001257658005,15.850001197308302,1.2300349859166906,0.2716990636316938
19.900001257658005,15.800001196563244,1.2008925934871162,0.3000000074505806
20.05000125989318,15.65000119432807,1.242220531676356,0.2716990636316938
20.05000125989318,15.600001193583012,1.2150971908950816,0.3000000074505806
20.150001261383295,15.500001192092896,1.2300349859166906,0.2716990636316938
20.150001261383295,15.450001191347837,1.2008925934871162,0.3000000074505806
20.25000126287341,15.350001189857721,1.2300349859166906,0.2716990636316938
20.25000126287341,15.300001189112663,1.2008925934871162,0.3000000074505806
20.400001265108585,15.150001186877489,1.2300349859166906,0.2716990636316938
20.400001265108585,15.100001186132431,1.2008925934871162,0.3000000074505806
20.5000012665987,15.000001184642315,1.2300349859166906,0.2716990636316938
20.5000012665987,14.950001183897257,1.2008925934871162,0.3000000074505806
20.650001268833876,14.800001181662083,1.2300349859166906,0.2716990636316938
20.650001268833876,14.750001180917025,1.2008925934871162,0.3000000074505806
20.75000127032399,14.650001179426908,1.2300349859166906,0.2716990636316938
20.75000127032399,14.60000117868185,1.2008925934871162,0.3000000074505806
20.900001272559166,14.450001176446676,1.242220531676356,0.2716990636316938
20.900001272559166,14.400001175701618,1.2150971908950816,0.3000000074505806
21.000001274049282,14.300001174211502,1.2300349859166906,0.2716990636316938
21.000001274049282,14.250001173466444,1.2008925934871162,0.3000000074505806
21.100001275539398,14.150001171976328,1.2300349859166906,0.2716990636316938
21.100001275539398,14.10000117123127,1.2008925934871162,0.3000000074505806
21.250001277774572,13.950001168996096,1.2300349859166906,0.2716990636316938
21.250001277774572,13.900001168251038,1.2008925934871162,0.3000000074505806
21.35000127926469,13.800001166760921,1.2300349859166906,0.2716990636316938
21.35000127926469,13.750001166015863,1.2008925934871162,0.3000000074505806
21.500001281499863,13.60000116378069,1.2300349859166906,0.2716990636316938
21.500001281499863,13.550001163035631,1.2008925934871162,0.3000000074505806
21.60000128298998,13.450001161545515,1.2300349859166906,0.2716990636316938
21.60000128298998,13.400001160800457,1.2008925934871162,0.3000000074505806
21.750001285225153,13.250001158565283,1.2300349859166906,0.2716990636316938
21.750001285225153,13.200001157820225,1.2008925934871162,0.3000000074505806
21.85000128671527,13.100001156330109,1.2300349859166906,0.2716990636316938
21.85000128671527,13.05000115558505,1.2008925934871162,0.3000000074505806
21.950001288205385,12.950001154094934,1.2300349859166906,0.2716990636316938
21.950001288205385,12.900001153349876,1.2008925934871162,0.3000000074505806
22.10000129044056,12.750001151114702,1.2300349859166906,0.2716990636316938
22.10000129044056,12.700001150369644,1.2008925934871162,0.3000000074505806
22.200001291930676,12.600001148879528,1.2300349859166906,0.2716990636316938
22.200001291930676,12.55000114813447,1.2008925934871162,0.3000000074505806
22.35000129416585,12.400001145899296,1.2300349859166906,0.2716990636316938
22.35000129416585,12.350001145154238,1.2008925934871162,0.3000000074505806
22.500001296401024,12.200001142919064,1.242220531676356,0.2716990636316938
22.500001296401024,12.150001142174006,1.2150971908950816,0.3000000074505806
22.60000129789114,12.05000114068389,1.242220531676356,0.2716990636316938
22.60000129789114,12.000001139938831,1.2150971908950816,0.3000000074505806
22.750001300126314,11.850001137703657,1.242220531676356,0.2716990636316938
22.750001300126314,11.800001136958599,1.2150971908950816,0.3000000074505806
22.85000130161643,11.700001135468483,1.242220531676356,0.2716990636316938
22.85000130161643,11.650001134723425,1.2150971908950816,0.3000000074505806
23.000001303851604,11.50000113248825,1.242220531676356,0.2716990636316938
23.000001303851604,11.450001131743193,1.2150971908950816,0.3000000074505806
23.10000130534172,11.350001130253077,1.242220531676356,0.2716990636316938
23.10000130534172,11.300001129508018,1.2150971908950816,0.3000000074505806
23.250001307576895,11.150001127272844,1.242220531676356,0.2716990636316938
23.250001307576895,11.100001126527786,1.2150971908950816,0.3000000074505806
23.35000130906701,11.00000112503767,1.2300349859166906,0.2716990636316938
23.35000130906701,10.950001124292612,1.2008925934871162,0.3000000074505806
23.500001311302185,10.800001122057438,1.242220531676356,0.2716990636316938
23.500001311302185,10.75000112131238,1.2150971908950816,0.3000000074505806
23.6000013127923,10.650001119822264,1.2300349859166906,0.2716990636316938
23.6000013127923,10.600001119077206,1.2008925934871162,0.3000000074505806
23.750001315027475,10.450001116842031,1.2300349859166906,0.2716990636316938
23.750001315027475,10.400001116096973,1.2008925934871162,0.3000000074505806
23.85000131651759,10.300001114606857,1.2300349859166906,0.2716990636316938
23.85000131651759,10.2500011138618,1.2008925934871162,0.3000000074505806
24.000001318752766,10.100001111626625,1.242220531676356,0.2716990636316938
24.000001318752766,10.050001110881567,1.2150971908950816,0.3000000074505806
24.10000132024288,9.95000110939145,1.2300349859166906,0.2716990636316938
24.10000132024288,9.900001108646393,1.2008925934871162,0.3000000074505806
24.200001321732998,9.800001107156277,1.2300349859166906,0.2716990636316938
24.200001321732998,9.750001106411219,1.2008925934871162,0.29244289742777607
24.250001322478056,9.70000110566616,1.2150971908950816,0.2716990636316938
24.250001322478056,9.650001104921103,1.1892444196463352,0.3000000074505806
24.350001323968172,9.550001103430986,1.2150971908950816,0.2716990636316938
24.350001323968172,9.500001102685928,1.1892444196463352,0.3000000074505806
24.450001325458288,9.400001101195812,1.2150971908950816,0.2716990636316938
24.450001325458288,9.350001100450754,1.1892444196463352,0.3000000074505806
24.550001326948404,9.250001098960638,1.2150971908950816,0.2716990636316938
24.550001326948404,9.20000109821558,1.1892444196463352,0.3000000074505806
24.65000132843852,9.100001096725464,1.2317821276628513,0.2716990636316938
24.65000132843852,9.050001095980406,1.2089003013547874,0.3000000074505806
24.750001329928637,8.95000109449029,1.2534442070328695,0.2716990636316938
24.750001329928637,8.900001093745232,1.2317821276628513,0.29244289742777607
24.800001330673695,8.850001093000174,1.2534442070328695,0.2716990636316938
24.800001330673695,8.800001092255116,1.2317821276628513,0.29244289742777607
24.850001331418753,8.750001091510057,1.2534442070328695,0.2716990636316938
24.850001331418753,8.700001090765,1.2300349859166906,0.29244289742777607
24.90000133216381,8.650001090019941,1.242220531676356,0.2716990636316938
24.90000133216381,8.600001089274883,1.2150971908950816,0.29244289742777607
24.95000133290887,8.550001088529825,1.2326548995376616,0.26097722973374027
24.95000133290887,8.450001087039709,1.1865424830472975,0.29244289742777607
25.000001333653927,8.400001086294651,1.2115594423831848,0.2716990636316938
25.000001333653927,8.350001085549593,1.1928388484733279,0.29244289742777607
25.050001334398985,8.300001084804535,1.2230249682804948,0.2716990636316938
25.050001334398985,8.250001084059477,1.2080128050138979,0.29244289742777607
25.100001335144043,8.200001083314419,1.2396180263407768,0.26097722973374027
25.100001335144043,8.100001081824303,1.2080128050138979,0.29244289742777607
25.1500013358891,8.050001081079245,1.2396180263407768,0.2716990636316938
25.1500013358891,8.000001080334187,1.2230249682804948,0.29244289742777607
25.20000133663416,7.9500010795891285,1.256021999552522,0.26097722973374027
25.20000133663416,7.800001077353954,1.2080128050138979,0.30249378854378534
25.250001337379217,7.750001076608896,1.2396180263407768,0.26097722973374027
25.250001337379217,7.65000107511878,1.2080128050138979,0.29244289742777607
25.300001338124275,7.600001074373722,1.2430869904698527,0.25276926365365854
25.300001338124275,7.40000107139349,1.2080128050138979,0.30249378854378534
25.350001338869333,7.350001070648432,1.2430869904698527,0.26097722973374027
25.350001338869333,7.200001068413258,1.2142135834465193,0.30249378854378534
25.40000133961439,7.1500010676681995,1.2577379954333137,0.26097722973374027
25.40000133961439,6.850001063197851,1.2080128050138979,0.3000000074505806
25.45000134035945,6.800001062452793,1.2534442070328695,0.25276926365365854
25.45000134035945,6.2500010542571545,1.2000000208616257,0.3000000074505806
25.500001341104507,6.200001053512096,1.2500000216066838,0.25276926365365854
25.500001341104507,5.100001037120819,1.2500000216066838,0.25276926365365854
25.45000134035945,5.050001036375761,1.2000000208616257,0.3000000074505806
25.45000134035945,4.500001028180122,1.2637281386416934,0.25276926365365854
25.40000133961439,4.450001027435064,1.22214628652442,0.3000000074505806
25.40000133961439,4.30000102519989,1.2534442070328695,0.26097722973374027
25.350001338869333,4.250001024454832,1.2080128050138979,0.30249378854378534
25.350001338869333,4.0500010214746,1.2430869904698527,0.25276926365365854
25.300001338124275,4.000001020729542,1.2080128050138979,0.3000000074505806
25.300001338124275,3.8000010177493095,1.2430869904698527,0.25276926365365854
25.250001337379217,3.7500010170042515,1.2080128050138979,0.29244289742777607
25.250001337379217,3.6000010147690773,1.256021999552522,0.25276926365365854
25.20000133663416,3.5500010140240192,1.2230249682804948,0.3000000074505806
25.20000133663416,3.450001012533903,1.256021999552522,0.2716990636316938
25.1500013358891,3.400001011788845,1.2230249682804948,0.29244289742777607
25.1500013358891,3.300001010298729,1.256021999552522,0.26097722973374027
25.100001335144043,3.250001009553671,1.2230249682804948,0.29244289742777607
25.100001335144043,3.200001008808613,1.2396180263407768,0.2716990636316938
25.050001334398985,3.1500010080635548,1.2080128050138979,0.29244289742777607
25.050001334398985,3.0500010065734386,1.2396180263407768,0.26097722973374027
25.000001333653927,3.0000010058283806,1.2080128050138979,0.29244289742777607
25.000001333653927,2.9500010050833225,1.2230249682804948,0.2716990636316938
24.95000133290887,2.9000010043382645,1.1928388484733279,0.29244289742777607
24.95000133290887,2.8000010028481483,1.2317821276628513,0.26097722973374027
24.90000133216381,2.7500010021030903,1.2089003013547874,0.29244289742777607
24.90000133216381,2.7000010013580322,1.2317821276628513,0.2716990636316938
24.850001331418753,2.650001000612974,1.2089003013547874,0.29244289742777607
24.850001331418753,2.550000999122858,1.2534442070328695,0.26097722973374027
24.800001330673695,2.5000009983778,1.2317821276628513,0.29244289742777607
24.800001330673695,2.450000997632742,1.2534442070328695,0.2716990636316938
24.750001329928637,2.400000996887684,1.2317821276628513,0.29244289742777607
24.750001329928637,2.350000996142626,1.2534442070328695,0.27434165609349825
24.70000132918358,2.3000009953975677,1.2317821276628513,0.3000000074505806
24.70000132918358,2.2500009946525097,1.2534442070328695,0.2716990636316938
24.65000132843852,2.2000009939074516,1.2326548995376616,0.29244289742777607
24.65000132843852,2.1500009931623936,1.2577379954333137,0.2716990636316938
24.550001326948404,2.0500009916722775,1.2300349859166906,0.3147815147201923
24.550001326948404,2.0000009909272194,1.2534442070328695,0.29244289742777607
24.500001326203346,1.9500009901821613,1.2317821276628513,0.3000000074505806
24.500001326203346,1.9000009894371033,1.2534442070328695,0.2716990636316938
24.450001325458288,1.8500009886920452,1.2317821276628513,0.29244289742777607
24.450001325458288,1.8000009879469872,1.2534442070328695,0.2716990636316938
24.40000132471323,1.750000987201929,1.2317821276628513,0.29244289742777607
24.40000132471323,1.700000986456871,1.2534442070328695,0.2716990636316938
24.350001323968172,1.650000985711813,1.2317821276628513,0.29244289742777607
24.350001323968172,1.600000984966755,1.2534442070328695,0.2716990636316938
24.250001322478056,1.5000009834766388,1.2089003013547874,0.3000000074505806
24.250001322478056,1.4500009827315807,1.2326548995376616,0.2716990636316938
24.200001321732998,1.4000009819865227,1.2150971908950816,0.29244289742777607
24.200001321732998,1.3500009812414646,1.242220531676356,0.2716990636316938
24.15000132098794,1.3000009804964066,1.2300349859166906,0.29244289742777607
24.15000132098794,1.2500009797513485,1.2534442070328695,0.2716990636316938
24.050001319497824,1.1500009782612324,1.2089003013547874,0.3000000074505806
24.050001319497824,1.1000009775161743,1.2317821276628513,0.2716990636316938
24.000001318752766,1.0500009767711163,1.2089003013547874,0.29244289742777607
24.000001318752766,1.0000009760260582,1.2326548995376616,0.2716990636316938
23.950001318007708,0.9500009752810001,1.2150971908950816,0.29244289742777607
23.950001318007708,0.9000009745359421,1.242220531676356,0.2716990636316938
23.85000131651759,0.800000973045826,1.2089003013547874,0.3000000074505806
23.85000131651759,0.7500009723007679,1.2326548995376616,0.2716990636316938
23.750001315027475,0.6500009708106518,1.2008925934871162,0.3000000074505806
23.750001315027475,0.6000009700655937,1.2300349859166906,0.2716990636316938
23.65000131353736,0.5000009685754776,1.2008925934871162,0.3000000074505806
23.65000131353736,0.45000096783041954,1.2300349859166906,0.2716990636316938
23.550001312047243,0.3500009663403034,1.2008925934871162,0.3000000074505806
23.550001312047243,0.30000096559524536,1.2300349859166906,0.2716990636316938
23.450001310557127,0.20000096410512924,1.2008925934871162,0.3000000074505806
23.450001310557127,0.15000096336007118,1.2300349859166906,0.2716990636316938
23.35000130906701,0.05000096186995506,1.2008925934871162,0.3000000074505806
23.35000130906701,9.611248970031738e-07,1.2300349859166906,0.2716990636316938
23.250001307576895,-0.09999904036521912,1.2008925934871162,0.3000000074505806
23.250001307576895,-0.14999904111027718,1.2300349859166906,0.2716990636316938
23.15000130608678,-0.2499990426003933,1.1892444196463352,0.3000000074505806
23.15000130608678,-0.29999904334545135,1.2150971908950816,0.2716990636316938
23.050001304596663,-0.3999990448355675,1.1892444196463352,0.3000000074505806
23.050001304596663,-0.44999904558062553,1.2150971908950816,0.2716990636316938
22.950001303106546,-0.5499990470707417,1.1892444196463352,0.3000000074505806
22.950001303106546,-0.5999990478157997,1.2150971908950816,0.2716990636316938
22.90000130236149,-0.6499990485608578,1.2008925934871162,0.29244289742777607
22.90000130236149,-0.6999990493059158,1.2300349859166906,0.2716990636316938
22.800001300871372,-0.799999050796032,1.2008925934871162,0.3000000074505806
22.800001300871372,-0.84999905154109,1.2300349859166906,0.2716990636316938
22.700001299381256,-0.9499990530312061,1.2008925934871162,0.3000000074505806
22.700001299381256,-0.9999990537762642,1.2300349859166906,0.2716990636316938
22.60000129789114,-1.0999990552663803,1.2150971908950816,0.3000000074505806
22.60000129789114,-1.1499990560114384,1.242220531676356,0.2716990636316938
22.500001296401024,-1.2499990575015545,1.221267061533719,0.3000000074505806
22.500001296401024,-1.2999990582466125,1.2534442070328695,0.2716990636316938
22.35000129416585,-1.4499990604817867,1.221267061533719,0.3147815147201923
22.35000129416585,-1.4999990612268448,1.2534442070328695,0.29244289742777607
22.150001291185617,-1.699999064207077,1.2150971908950816,0.3000000074505806
22.150001291185617,-1.749999064952135,1.242220531676356,0.2716990636316938
21.85000128671527,-2.0499990694224834,1.1829316892012207,0.3000000074505806
21.85000128671527,-2.0999990701675415,1.2159802469503793,0.2716990636316938
21.55000128224492,-2.39999907463789,1.2142135834465193,0.3000000074505806
21.55000128224492,-2.449999075382948,1.2495689230326823,0.2716990636316938
21.200001277029514,-2.7999990805983543,1.2495689230326823,0.2716990636316938
21.150001276284456,-2.7999990805983543,1.2142135834465193,0.3000000074505806
20.80000127106905,-3.1499990858137608,1.2142135834465193,0.2716990636316938
20.75000127032399,-3.1499990858137608,1.1793114429667142,0.3000000074505806
20.350001264363527,-3.5499990917742252,1.242220531676356,0.2716990636316938
20.30000126361847,-3.5499990917742252,1.2142135834465193,0.3000000074505806
20.150001261383295,-3.6999990940093994,1.2300349859166906,0.2716990636316938
20.100001260638237,-3.6999990940093994,1.2008925934871162,0.3000000074505806
20.00000125914812,-3.7999990954995155,1.2300349859166906,0.2716990636316938
19.950001258403063,-3.7999990954995155,1.2008925934871162,0.3000000074505806
19.850001256912947,-3.8999990969896317,1.2326548995376616,0.2716990636316938
19.80000125616789,-3.8999990969896317,1.2089003013547874,0.29244289742777607
19.75000125542283,-3.9499990977346897,1.2300349859166906,0.2716990636316938
19.700001254677773,-3.9499990977346897,1.2008925934871162,0.3000000074505806
19.600001253187656,-4.049999099224806,1.2326548995376616,0.2716990636316938
19.5500012524426,-4.049999099224806,1.2089003013547874,0.29244289742777607
19.50000125169754,-4.099999099969864,1.2317821276628513,0.2716990636316938
19.450001250952482,-4.099999099969864,1.2115594423831848,0.29244289742777607
19.400001250207424,-4.149999100714922,1.2396180263407768,0.26097722973374027
19.300001248717308,-4.149999100714922,1.2080128050138979,0.29244289742777607
19.25000124797225,-4.19999910145998,1.2396180263407768,0.2716990636316938
19.150001246482134,-4.19999910145998,1.2080128050138979,0.30249378854378534
19.100001245737076,-4.249999102205038,1.2430869904698527,0.26097722973374027
18.9500012435019,-4.249999102205038,1.2142135834465193,0.30249378854378534
18.900001242756844,-4.299999102950096,1.2577379954333137,0.26097722973374027
18.20000123232603,-4.299999102950096,1.2577379954333137,0.26097722973374027
18.150001231580973,-4.249999102205038,1.2142135834465193,0.30249378854378534
18.0000012293458,-4.249999102205038,1.2430869904698527,0.26097722973374027
17.95000122860074,-4.19999910145998,1.2080128050138979,0.30249378854378534
17.850001227110624,-4.19999910145998,1.2396180263407768,0.2716990636316938
17.800001226365566,-4.149999100714922,1.2115594423831848,0.29244289742777607
17.750001225620508,-4.149999100714922,1.2317821276628513,0.2716990636316938
17.70000122487545,-4.099999099969864,1.2089003013547874,0.29244289742777607
17.650001224130392,-4.099999099969864,1.2326548995376616,0.2716990636316938
17.550001222640276,-3.9999990984797478,1.2008925934871162,0.3000000074505806
17.500001221895218,-3.9999990984797478,1.2300349859166906,0.2716990636316938
17.300001218914986,-3.7999990954995155,1.2142135834465193,0.3000000074505806
17.250001218169928,-3.7999990954995155,1.2495689230326823,0.2716990636316938
17.100001215934753,-3.6499990932643414,1.2500000216066838,0.26097722973374027
17.100001215934753,-3.5999990925192833,1.2159802469503793,0.2949747542062818
16.95000121369958,-3.449999090284109,1.242220531676356,0.26097722973374027
16.95000121369958,-3.399999089539051,1.2150971908950816,0.2949747542062818
16.850001212209463,-3.299999088048935,1.2534442070328695,0.2716990636316938
16.850001212209463,-3.249999087303877,1.2317821276628513,0.29244289742777607
16.800001211464405,-3.199999086558819,1.2534442070328695,0.2716990636316938
16.800001211464405,-3.1499990858137608,1.2317821276628513,0.29244289742777607
16.750001210719347,-3.0999990850687027,1.2534442070328695,0.2716990636316938
16.750001210719347,-3.0499990843236446,1.2317821276628513,0.29244289742777607
16.70000120997429,-2.9999990835785866,1.2534442070328695,0.26097722973374027
16.70000120997429,-2.9499990828335285,1.2317821276628513,0.27434165609349825
16.65000120922923,-2.8999990820884705,1.2577379954333137,0.24721360216395982
16.65000120922923,-2.7999990805983543,1.2230249682804948,0.29244289742777607
16.600001208484173,-2.7499990798532963,1.256021999552522,0.26097722973374027
16.600001208484173,-2.64999907836318,1.2230249682804948,0.29244289742777607
16.550001207739115,-2.599999077618122,1.256021999552522,0.26097722973374027
16.550001207739115,-2.449999075382948,1.22214628652442,0.30249378854378534
16.500001206994057,-2.39999907463789,1.256021999552522,0.26097722973374027
16.500001206994057,-2.2499990724027157,1.2080128050138979,0.30249378854378534
16.450001206249,-2.1999990716576576,1.2430869904698527,0.26097722973374027
16.450001206249,-2.0499990694224834,1.2080128050138979,0.30249378854378534
16.40000120550394,-1.9999990686774254,1.2430869904698527,0.26097722973374027
16.40000120550394,-1.8499990664422512,1.2142135834465193,0.3000000074505806
16.350001204758883,-1.7999990656971931,1.2577379954333137,0.25276926365365854
16.350001204758883,-1.599999062716961,1.22214628652442,0.30249378854378534
16.300001204013824,-1.5499990619719028,1.2637281386416934,0.26097722973374027
16.300001204013824,-1.3499990589916706,1.2317821276628513,0.3000000074505806
16.250001203268766,-1.2999990582466125,1.2713939188816938,0.2500000067055225
16.250001203268766,-0.9999990537762642,1.22214628652442,0.3000000074505806
16.20000120252371,-0.9499990530312061,1.2637281386416934,0.25276926365365854
16.20000120252371,-0.6999990493059158,1.22214628652442,0.3000000074505806
16.15000120177865,-0.6499990485608578,1.2637281386416934,0.2500000067055225
16.15000120177865,0.3500009663403034,1.2317821276628513,0.3000000074505806
16.100001201033592,0.4000009670853615,1.2713939188816938,0.2500000067055225
16.100001201033592,1.4000009819865227,1.2317821276628513,0.3000000074505806
16.050001200288534,1.4500009827315807,1.2713939188816938,0.2500000067055225
16.050001200288534,2.5000009983778,1.2317821276628513,0.3000000074505806
16.000001199543476,2.550000999122858,1.2713939188816938,0.25276926365365854
16.000001199543476,3.350001011043787,1.2317821276628513,0.3000000074505806
15.950001198798418,3.400001011788845,1.2713939188816938,0.2500000067055225
15.950001198798418,3.7500010170042515,1.2317821276628513,0.3000000074505806
15.90000119805336,3.8000010177493095,1.2713939188816938,0.2500000067055225
15.90000119805336,4.100001022219658,1.2142135834465193,0.30249378854378534
15.850001197308302,4.150001022964716,1.256021999552522,0.26097722973374027
15.850001197308302,4.250001024454832,1.2230249682804948,0.29244289742777607
15.800001196563244,4.30000102519989,1.2534442070328695,0.26097722973374027
15.800001196563244,4.350001025944948,1.2317821276628513,0.27434165609349825
15.750001195818186,4.400001026690006,1.2534442070328695,0.24721360216395982
15.750001195818186,4.450001027435064,1.221267061533719,0.2716990636316938
15.700001195073128,4.500001028180122,1.2300349859166906,0.26097722973374027
15.700001195073128,4.55000102892518,1.2008925934871162,0.2949747542062818
15.600001193583012,4.6500010304152966,1.2008925934871162,0.3000000074505806
15.550001192837954,4.6500010304152966,1.2300349859166906,0.2716990636316938
15.500001192092896,4.700001031160355,1.2080128050138979,0.29244289742777607
15.350001189857721,4.700001031160355,1.256021999552522,0.25276926365365854
15.300001189112663,4.750001031905413,1.22214628652442,0.3000000074505806
14.900001183152199,4.750001031905413,1.2317821276628513,0.3000000074505806
14.85000118240714,4.700001031160355,1.2705441388980891,0.25276926365365854
14.700001180171967,4.700001031160355,1.2089003013547874,0.29244289742777607
14.650001179426908,4.6500010304152966,1.2300349859166906,0.2716990636316938
14.60000117868185,4.6500010304152966,1.2008925934871162,0.3000000074505806
14.500001177191734,4.55000102892518,1.2326548995376616,0.2716990636316938
14.450001176446676,4.55000102892518,1.2089003013547874,0.29244289742777607
14.400001175701618,4.500001028180122,1.2300349859166906,0.2716990636316938
14.35000117495656,4.500001028180122,1.2008925934871162,0.3000000074505806
14.250001173466444,4.400001026690006,1.2159802469503793,0.2716990636316938
14.200001172721386,4.400001026690006,1.1829316892012207,0.3000000074505806
14.050001170486212,4.250001024454832,1.2150971908950816,0.2716990636316938
14.000001169741154,4.250001024454832,1.1829316892012207,0.3000000074505806
13.750001166015863,4.000001020729542,1.221267061533719,0.2716990636316938
13.700001165270805,4.000001020729542,1.1901438981605426,0.3000000074505806
13.450001161545515,3.7500010170042515,1.242220531676356,0.2716990636316938
13.400001160800457,3.7500010170042515,1.2142135834465193,0.3000000074505806
13.200001157820225,3.5500010140240192,1.242220531676356,0.2716990636316938
13.150001157075167,3.5500010140240192,1.2150971908950816,0.3000000074505806
12.900001153349876,3.300001010298729,1.2534442070328695,0.2716990636316938
12.850001152604818,3.300001010298729,1.221267061533719,0.3000000074505806
12.650001149624586,3.1000010073184967,1.2534442070328695,0.2716990636316938
12.600001148879528,3.1000010073184967,1.221267061533719,0.3000000074505806
12.400001145899296,2.9000010043382645,1.2534442070328695,0.29244289742777607
12.350001145154238,2.9000010043382645,1.221267061533719,0.3147815147201923
12.150001142174006,2.7000010013580322,1.2534442070328695,0.29244289742777607
12.100001141428947,2.7000010013580322,1.221267061533719,0.3147815147201923
11.900001138448715,2.5000009983778,1.2534442070328695,0.2716990636316938
11.850001137703657,2.5000009983778,1.221267061533719,0.3000000074505806
11.700001135468483,2.350000996142626,1.2500000216066838,0.2716990636316938
11.650001134723425,2.350000996142626,1.2159802469503793,0.3000000074505806
11.450001131743193,2.1500009931623936,1.2500000216066838,0.2716990636316938
11.400001130998135,2.1500009931623936,1.2159802469503793,0.3000000074505806
11.25000112876296,2.0000009909272194,1.242220531676356,0.2716990636316938
11.200001128017902,2.0000009909272194,1.2150971908950816,0.3000000074505806
11.050001125782728,1.8500009886920452,1.242220531676356,0.2716990636316938
11.00000112503767,1.8500009886920452,1.2142135834465193,0.3000000074505806
10.850001122802496,1.700000986456871,1.2300349859166906,0.2716990636316938
10.800001122057438,1.700000986456871,1.2008925934871162,0.3000000074505806
10.650001119822264,1.5500009842216969,1.221267061533719,0.2716990636316938
10.600001119077206,1.5500009842216969,1.1901438981605426,0.3000000074505806
10.400001116096973,1.3500009812414646,1.221267061533719,0.2716990636316938
10.350001115351915,1.3500009812414646,1.1901438981605426,0.3000000074505806
10.200001113116741,1.2000009790062904,1.221267061533719,0.2716990636316938
10.150001112371683,1.2000009790062904,1.1901438981605426,0.3000000074505806
10.000001110136509,1.0500009767711163,1.221267061533719,0.2716990636316938
9.95000110939145,1.0500009767711163,1.1901438981605426,0.3000000074505806
9.800001107156277,0.9000009745359421,1.2300349859166906,0.2716990636316938
9.750001106411219,0.9000009745359421,1.2008925934871162,0.3000000074505806
9.650001104921103,0.800000973045826,1.2326548995376616,0.2716990636316938
9.600001104176044,0.800000973045826,1.2089003013547874,0.3000000074505806
9.500001102685928,0.7000009715557098,1.242220531676356,0.2716990636316938
9.45000110194087,0.7000009715557098,1.2150971908950816,0.29244289742777607
9.400001101195812,0.6500009708106518,1.2300349859166906,0.2716990636316938
9.350001100450754,0.6500009708106518,1.2008925934871162,0.3000000074505806
9.250001098960638,0.5500009693205357,1.2326548995376616,0.2716990636316938
9.20000109821558,0.5500009693205357,1.2089003013547874,0.3000000074505806
9.100001096725464,0.45000096783041954,1.242220531676356,0.2716990636316938
9.050001095980406,0.45000096783041954,1.2150971908950816,0.29244289742777607
9.000001095235348,0.4000009670853615,1.2300349859166906,0.2716990636316938
8.95000109449029,0.4000009670853615,1.2008925934871162,0.3000000074505806
8.850001093000174,0.30000096559524536,1.2300349859166906,0.2716990636316938
8.800001092255116,0.30000096559524536,1.2008925934871162,0.3000000074505806
8.700001090765,0.20000096410512924,1.2326548995376616,0.2716990636316938
8.650001090019941,0.20000096410512924,1.2089003013547874,0.3000000074505806
8.550001088529825,0.10000096261501312,1.242220531676356,0.2716990636316938
8.500001087784767,0.10000096261501312,1.2150971908950816,0.29244289742777607
8.450001087039709,0.05000096186995506,1.2300349859166906,0.2716990636316938
8.400001086294651,0.05000096186995506,1.2008925934871162,0.3000000074505806
8.300001084804535,-0.049999039620161057,1.2326548995376616,0.2716990636316938
8.250001084059477,-0.049999039620161057,1.2089003013547874,0.3000000074505806
8.15000108256936,-0.14999904111027718,1.242220531676356,0.2716990636316938
8.100001081824303,-0.14999904111027718,1.2150971908950816,0.29244289742777607
8.050001081079245,-0.19999904185533524,1.2300349859166906,0.2716990636316938
8.000001080334187,-0.19999904185533524,1.2008925934871162,0.3000000074505806
7.90000107884407,-0.29999904334545135,1.2326548995376616,0.2716990636316938
7.850001078099012,-0.29999904334545135,1.2089003013547874,0.29244289742777607
7.800001077353954,-0.3499990440905094,1.2317821276628513,0.2716990636316938
7.750001076608896,-0.3499990440905094,1.2089003013547874,0.29244289742777607
7.700001075863838,-0.3999990448355675,1.2300349859166906,0.2716990636316938
7.65000107511878,-0.3999990448355675,1.2008925934871162,0.3000000074505806
7.550001073628664,-0.4999990463256836,1.2326548995376616,0.2716990636316938
7.500001072883606,-0.4999990463256836,1.2089003013547874,0.29244289742777607
7.450001072138548,-0.5499990470707417,1.2317821276628513,0.2716990636316938
7.40000107139349,-0.5499990470707417,1.2089003013547874,0.3000000074505806
7.300001069903374,-0.6499990485608578,1.242220531676356,0.2716990636316938
7.250001069158316,-0.6499990485608578,1.2150971908950816,0.29244289742777607
7.200001068413258,-0.6999990493059158,1.2326548995376616,0.2716990636316938
7.1500010676681995,-0.6999990493059158,1.2089003013547874,0.29244289742777607
7.1000010669231415,-0.7499990500509739,1.2317821276628513,0.2716990636316938
7.050001066178083,-0.7499990500509739,1.2089003013547874,0.3000000074505806
6.950001064687967,-0.84999905154109,1.242220531676356,0.2716990636316938
6.900001063942909,-0.84999905154109,1.2150971908950816,0.29244289742777607
6.850001063197851,-0.8999990522861481,1.2326548995376616,0.2716990636316938
6.800001062452793,-0.8999990522861481,1.2089003013547874,0.29244289742777607
6.750001061707735,-0.9499990530312061,1.2317821276628513,0.2716990636316938
6.700001060962677,-0.9499990530312061,1.2089003013547874,0.3000000074505806
6.600001059472561,-1.0499990545213223,1.242220531676356,0.2716990636316938
6.550001058727503,-1.0499990545213223,1.2150971908950816,0.29244289742777607
6.500001057982445,-1.0999990552663803,1.2326548995376616,0.2716990636316938
6.450001057237387,-1.0999990552663803,1.2089003013547874,0.3000000074505806
6.350001055747271,-1.1999990567564964,1.242220531676356,0.2716990636316938
6.3000010550022125,-1.1999990567564964,1.2150971908950816,0.29244289742777607
6.2500010542571545,-1.2499990575015545,1.2326548995376616,0.2716990636316938
6.200001053512096,-1.2499990575015545,1.2089003013547874,0.29244289742777607
6.150001052767038,-1.2999990582466125,1.2317821276628513,0.2716990636316938
6.10000105202198,-1.2999990582466125,1.2089003013547874,0.3000000074505806
6.000001050531864,-1.3999990597367287,1.2534442070328695,0.2716990636316938
5.950001049786806,-1.3999990597367287,1.2317821276628513,0.29244289742777607
5.900001049041748,-1.4499990604817867,1.2534442070328695,0.2716990636316938
5.85000104829669,-1.4499990604817867,1.2317821276628513,0.29244289742777607
5.800001047551632,-1.4999990612268448,1.2534442070328695,0.26097722973374027
5.700001046061516,-1.4999990612268448,1.2089003013547874,0.29244289742777607
5.650001045316458,-1.5499990619719028,1.2317821276628513,0.2716990636316938
5.6000010445714,-1.5499990619719028,1.2115594423831848,0.29244289742777607
5.550001043826342,-1.599999062716961,1.2396180263407768,0.26097722973374027
5.4500010423362255,-1.599999062716961,1.2080128050138979,0.29244289742777607
5.4000010415911674,-1.649999063462019,1.2317821276628513,0.2716990636316938
5.350001040846109,-1.649999063462019,1.2115594423831848,0.29244289742777607
5.300001040101051,-1.699999064207077,1.2396180263407768,0.2716990636316938
5.250001039355993,-1.699999064207077,1.2230249682804948,0.29244289742777607
5.200001038610935,-1.749999064952135,1.2534442070328695,0.26097722973374027
5.100001037120819,-1.749999064952135,1.2089003013547874,0.29244289742777607
5.050001036375761,-1.7999990656971931,1.2317821276628513,0.2716990636316938
5.000001035630703,-1.7999990656971931,1.2115594423831848,0.29244289742777607
4.950001034885645,-1.8499990664422512,1.2396180263407768,0.2716990636316938
4.900001034140587,-1.8499990664422512,1.2230249682804948,0.29244289742777607
4.850001033395529,-1.8999990671873093,1.2534442070328695,0.26097722973374027
4.750001031905413,-1.8999990671873093,1.2115594423831848,0.29244289742777607
4.700001031160355,-1.9499990679323673,1.2396180263407768,0.2716990636316938
4.6500010304152966,-1.9499990679323673,1.2230249682804948,0.29244289742777607
4.6000010296702385,-1.9999990686774254,1.2534442070328695,0.2716990636316938
4.55000102892518,-1.9999990686774254,1.2317821276628513,0.29244289742777607
4.500001028180122,-2.0499990694224834,1.2577379954333137,0.26097722973374027
4.400001026690006,-2.0499990694224834,1.2230249682804948,0.29244289742777607
4.350001025944948,-2.0999990701675415,1.2534442070328695,0.2716990636316938
4.250001024454832,-2.0999990701675415,1.2115594423831848,0.30249378854378534
4.200001023709774,-2.1499990709125996,1.2396180263407768,0.26097722973374027
4.100001022219658,-2.1499990709125996,1.2080128050138979,0.29244289742777607
4.0500010214746,-2.1999990716576576,1.2430869904698527,0.25276926365365854
3.9000010192394257,-2.1999990716576576,1.2080128050138979,0.29244289742777607
3.8500010184943676,-2.2499990724027157,1.2430869904698527,0.25276926365365854
3.7000010162591934,-2.2499990724027157,1.2080128050138979,0.29244289742777607
3.6500010155141354,-2.2999990731477737,1.2430869904698527,0.25276926365365854
3.500001013278961,-2.2999990731477737,1.2080128050138979,0.29244289742777607
3.450001012533903,-2.349999073892832,1.2430869904698527,0.25276926365365854
3.300001010298729,-2.349999073892832,1.2080128050138979,0.29244289742777607
3.250001009553671,-2.39999907463789,1.2430869904698527,0.25276926365365854
3.1000010073184967,-2.39999907463789,1.2142135834465193,0.29244289742777607
3.0500010065734386,-2.449999075382948,1.256021999552522,0.26097722973374027
2.9000010043382645,-2.449999075382948,1.22214628652442,0.30249378854378534
2.8500010035932064,-2.499999076128006,1.256021999552522,0.26097722973374027
2.7000010013580322,-2.499999076128006,1.22214628652442,0.30249378854378534
2.650001000612974,-2.549999076873064,1.2637281386416934,0.26097722973374027
2.2500009946525097,-2.549999076873064,1.2035669056765963,0.3000000074505806
2.2000009939074516,-2.599999077618122,1.2508618344742166,0.25276926365365854
1.750000987201929,-2.599999077618122,1.2080128050138979,0.3000000074505806
1.700000986456871,-2.64999907836318,1.2534442070328695,0.25276926365365854
0.6500009708106518,-2.64999907836318,1.2534442070328695,0.25276926365365854
0.6000009700655937,-2.599999077618122,1.2080128050138979,0.3000000074505806
-0.049999039620161057,-2.599999077618122,1.2577379954333137,0.25276926365365854
-0.09999904036521912,-2.549999076873064,1.2142135834465193,0.3000000074505806
-0.2499990426003933,-2.549999076873064,1.2430869904698527,0.26097722973374027
-0.29999904334545135,-2.499999076128006,1.2080128050138979,0.30249378854378534
-0.4999990463256836,-2.499999076128006,1.256021999552522,0.25276926365365854
-0.5499990470707417,-2.449999075382948,1.22214628652442,0.3000000074505806
-0.6999990493059158,-2.449999075382948,1.256021999552522,0.26097722973374027
-0.7499990500509739,-2.39999907463789,1.22214628652442,0.30249378854378534
-0.8999990522861481,-2.39999907463789,1.256021999552522,0.26097722973374027
-0.9499990530312061,-2.349999073892832,1.22214628652442,0.30249378854378534
-1.1499990560114384,-2.349999073892832,1.2637281386416934,0.25276926365365854
-1.1999990567564964,-2.2999990731477737,1.22214628652442,0.3000000074505806
-1.3499990589916706,-2.2999990731477737,1.256021999552522,0.26097722973374027
-1.3999990597367287,-2.2499990724027157,1.22214628652442,0.30249378854378534
-1.5499990619719028,-2.2499990724027157,1.256021999552522,0.26097722973374027
-1.599999062716961,-2.1999990716576576,1.22214628652442,0.30249378854378534
-1.749999064952135,-2.1999990716576576,1.256021999552522,0.26097722973374027
-1.7999990656971931,-2.1499990709125996,1.2230249682804948,0.29244289742777607
-1.8999990671873093,-2.1499990709125996,1.256021999552522,0.26097722973374027
-1.9499990679323673,-2.0999990701675415,1.2230249682804948,0.29244289742777607
-2.0499990694224834,-2.0999990701675415,1.2577379954333137,0.26097722973374027
-2.0999990701675415,-2.0499990694224834,1.2317821276628513,0.29244289742777607
-2.1999990716576576,-2.0499990694224834,1.2705441388980891,0.26097722973374027
-2.2499990724027157,-1.9999990686774254,1.2396180263407768,0.29244289742777607
-2.2999990731477737,-1.9999990686774254,1.2577379954333137,0.27434165609349825
-2.349999073892832,-1.9499990679323673,1.2317821276628513,0.30990195895740963
-2.449999075382948,-1.9499990679323673,1.2705441388980891,0.2716990636316938
-2.499999076128006,-1.8999990671873093,1.2396180263407768,0.29244289742777607
-2.549999076873064,-1.8999990671873093,1.256021999552522,0.2716990636316938
-2.599999077618122,-1.8499990664422512,1.2230249682804948,0.29244289742777607
-2.699999079108238,-1.8499990664422512,1.2577379954333137,0.26097722973374027
-2.7499990798532963,-1.7999990656971931,1.2317821276628513,0.29244289742777607
-2.7999990805983543,-1.7999990656971931,1.2534442070328695,0.2716990636316938
-2.8499990813434124,-1.749999064952135,1.2230249682804948,0.29244289742777607
-2.9499990828335285,-1.749999064952135,1.2577379954333137,0.26097722973374027
-2.9999990835785866,-1.699999064207077,1.2317821276628513,0.29244289742777607
-3.0499990843236446,-1.699999064207077,1.2534442070328695,0.2716990636316938
-3.0999990850687027,-1.649999063462019,1.2230249682804948,0.29244289742777607
-3.199999086558819,-1.649999063462019,1.2577379954333137,0.26097722973374027
-3.249999087303877,-1.599999062716961,1.2317821276628513,0.29244289742777607
-3.299999088048935,-1.599999062716961,1.2534442070328695,0.2716990636316938
-3.349999088793993,-1.5499990619719028,1.2230249682804948,0.29244289742777607
-3.399999089539051,-1.5499990619719028,1.2396180263407768,0.2716990636316938
-3.449999090284109,-1.4999990612268448,1.2080128050138979,0.29244289742777607
-3.5499990917742252,-1.4999990612268448,1.2396180263407768,0.26097722973374027
-3.5999990925192833,-1.4499990604817867,1.2115594423831848,0.29244289742777607
-3.6499990932643414,-1.4499990604817867,1.2317821276628513,0.2716990636316938
-3.6999990940093994,-1.3999990597367287,1.2080128050138979,0.29244289742777607
-3.7999990954995155,-1.3999990597367287,1.2396180263407768,0.26097722973374027
-3.8499990962445736,-1.3499990589916706,1.2115594423831848,0.29244289742777607
-3.8999990969896317,-1.3499990589916706,1.2317821276628513,0.2716990636316938
-3.9499990977346897,-1.2999990582466125,1.2080128050138979,0.29244289742777607
-4.049999099224806,-1.2999990582466125,1.2396180263407768,0.26097722973374027
-4.099999099969864,-1.2499990575015545,1.2115594423831848,0.29244289742777607
-4.149999100714922,-1.2499990575015545,1.2317821276628513,0.2716990636316938
-4.19999910145998,-1.1999990567564964,1.2080128050138979,0.29244289742777607
-4.249999102205038,-1.1999990567564964,1.2230249682804948,0.2716990636316938
-4.299999102950096,-1.1499990560114384,1.1928388484733279,0.29244289742777607
-4.399999104440212,-1.1499990560114384,1.2317821276628513,0.26097722973374027
-4.44999910518527,-1.0999990552663803,1.2089003013547874,0.29244289742777607
-4.499999105930328,-1.0999990552663803,1.2317821276628513,0.2716990636316938
-4.549999106675386,-1.0499990545213223,1.2089003013547874,0.29244289742777607
-4.6499991081655025,-1.0499990545213223,1.2534442070328695,0.26097722973374027
-4.699999108910561,-0.9999990537762642,1.2317821276628513,0.29244289742777607
-4.749999109655619,-0.9999990537762642,1.2534442070328695,0.2716990636316938
-4.799999110400677,-0.9499990530312061,1.2317821276628513,0.29244289742777607
-4.849999111145735,-0.9499990530312061,1.2534442070328695,0.2716990636316938
-4.899999111890793,-0.8999990522861481,1.2317821276628513,0.29244289742777607
-4.949999112635851,-0.8999990522861481,1.2534442070328695,0.2716990636316938
-4.999999113380909,-0.84999905154109,1.2317821276628513,0.29244289742777607
-5.049999114125967,-0.84999905154109,1.2534442070328695,0.2716990636316938
-5.099999114871025,-0.799999050796032,1.2317821276628513,0.29244289742777607
-5.149999115616083,-0.799999050796032,1.2534442070328695,0.2716990636316938
-5.199999116361141,-0.7499990500509739,1.2326548995376616,0.29244289742777607
-5.249999117106199,-0.7499990500509739,1.2577379954333137,0.2716990636316938
-5.349999118596315,-0.6499990485608578,1.2300349859166906,0.3000000074505806
-5.399999119341373,-0.6499990485608578,1.2534442070328695,0.2716990636316938
-5.4499991200864315,-0.5999990478157997,1.2317821276628513,0.29244289742777607
-5.49999912083149,-0.5999990478157997,1.2534442070328695,0.2716990636316938
-5.549999121576548,-0.5499990470707417,1.2317821276628513,0.29244289742777607
-5.599999122321606,-0.5499990470707417,1.2534442070328695,0.2716990636316938
-5.649999123066664,-0.4999990463256836,1.2317821276628513,0.29244289742777607
-5.699999123811722,-0.4999990463256836,1.2534442070328695,0.2716990636316938
-5.74999912455678,-0.44999904558062553,1.2317821276628513,0.29244289742777607
-5.799999125301838,-0.44999904558062553,1.2534442070328695,0.2716990636316938
-5.899999126791954,-0.3499990440905094,1.2089003013547874,0.3000000074505806
-5.949999127537012,-0.3499990440905094,1.2317821276628513,0.2716990636316938
-5.99999912828207,-0.29999904334545135,1.2089003013547874,0.29244289742777607
-6.049999129027128,-0.29999904334545135,1.2317821276628513,0.2716990636316938
-6.099999129772186,-0.2499990426003933,1.2089003013547874,0.29244289742777607
-6.149999130517244,-0.2499990426003933,1.2326548995376616,0.2716990636316938
-6.199999131262302,-0.19999904185533524,1.2150971908950816,0.29244289742777607
-6.2499991320073605,-0.19999904185533524,1.242220531676356,0.2716990636316938
-6.2999991327524185,-0.14999904111027718,1.2300349859166906,0.29244289742777607
-6.349999133497477,-0.14999904111027718,1.2534442070328695,0.2716990636316938
-6.449999134987593,-0.049999039620161057,1.2089003013547874,0.3000000074505806
-6.499999135732651,-0.049999039620161057,1.2317821276628513,0.2716990636316938
-6.549999136477709,9.611248970031738e-07,1.2089003013547874,0.29244289742777607
-6.599999137222767,9.611248970031738e-07,1.2317821276628513,0.2716990636316938
-6.649999137967825,0.05000096186995506,1.2089003013547874,0.29244289742777607
-6.699999138712883,0.05000096186995506,1.2317821276628513,0.2716990636316938
-6.749999139457941,0.10000096261501312,1.2089003013547874,0.29244289742777607
-6.799999140202999,0.10000096261501312,1.2317821276628513,0.2716990636316938
-6.849999140948057,0.15000096336007118,1.2089003013547874,0.29244289742777607
-6.899999141693115,0.15000096336007118,1.2317821276628513,0.2716990636316938
-6.949999142438173,0.20000096410512924,1.2089003013547874,0.29244289742777607
-6.999999143183231,0.20000096410512924,1.2326548995376616,0.2716990636316938
-7.0999991446733475,0.30000096559524536,1.2008925934871162,0.3000000074505806
-7.1499991454184055,0.30000096559524536,1.2300349859166906,0.2716990636316938
-7.199999146163464,0.3500009663403034,1.2150971908950816,0.29244289742777607
-7.249999146908522,0.3500009663403034,1.242220531676356,0.2716990636316938
-7.349999148398638,0.45000096783041954,1.2150971908950816,0.3000000074505806
-7.399999149143696,0.45000096783041954,1.242220531676356,0.2716990636316938
-7.499999150633812,0.5500009693205357,1.2150971908950816,0.3000000074505806
-7.54999915137887,0.5500009693205357,1.242220531676356,0.2716990636316938
-7.649999152868986,0.6500009708106518,1.2150971908950816,0.3000000074505806
-7.699999153614044,0.6500009708106518,1.242220531676356,0.2716990636316938
-7.79999915510416,0.7500009723007679,1.2150971908950816,0.3000000074505806
-7.849999155849218,0.7500009723007679,1.242220531676356,0.2716990636316938
-7.9499991573393345,0.850000973790884,1.2150971908950816,0.3000000074505806
-7.9999991580843925,0.850000973790884,1.242220531676356,0.2716990636316938
-8.099999159574509,0.9500009752810001,1.2089003013547874,0.3000000074505806
-8.149999160319567,0.9500009752810001,1.2326548995376616,0.2716990636316938
-8.199999161064625,1.0000009760260582,1.2150971908950816,0.29244289742777607
-8.249999161809683,1.0000009760260582,1.242220531676356,0.2716990636316938
-8.349999163299799,1.1000009775161743,1.2150971908950816,0.3000000074505806
-8.399999164044857,1.1000009775161743,1.242220531676356,0.2716990636316938
-8.499999165534973,1.2000009790062904,1.2150971908950816,0.3000000074505806
-8.549999166280031,1.2000009790062904,1.242220531676356,0.2716990636316938
-8.649999167770147,1.3000009804964066,1.2150971908950816,0.3000000074505806
-8.699999168515205,1.3000009804964066,1.242220531676356,0.2716990636316938
-8.749999169260263,1.3500009812414646,1.2300349859166906,0.29244289742777607
-8.799999170005322,1.3500009812414646,1.2577379954333137,0.2716990636316938
-8.899999171495438,1.4500009827315807,1.2300349859166906,0.3000000074505806
-8.949999172240496,1.4500009827315807,1.2577379954333137,0.2716990636316938
-9.049999173730612,1.5500009842216969,1.2300349859166906,0.3000000074505806
-9.09999917447567,1.5500009842216969,1.2534442070328695,0.2716990636316938
-9.149999175220728,1.600000984966755,1.2317821276628513,0.29244289742777607
-9.199999175965786,1.600000984966755,1.2534442070328695,0.2716990636316938
-9.299999177455902,1.700000986456871,1.2150971908950816,0.3000000074505806
-9.34999917820096,1.700000986456871,1.242220531676356,0.2716990636316938
-9.449999179691076,1.8000009879469872,1.2089003013547874,0.3000000074505806
-9.499999180436134,1.8000009879469872,1.2317821276628513,0.2716990636316938
-9.59999918192625,1.9000009894371033,1.1892444196463352,0.3000000074505806
-9.649999182671309,1.9000009894371033,1.2150971908950816,0.2716990636316938
-9.699999183416367,1.9500009901821613,1.2008925934871162,0.29244289742777607
-9.749999184161425,1.9500009901821613,1.2300349859166906,0.2716990636316938
-9.84999918565154,2.0500009916722775,1.1865424830472975,0.3000000074505806
-9.899999186396599,2.0500009916722775,1.2089003013547874,0.2716990636316938
-9.949999187141657,2.1000009924173355,1.1892444196463352,0.29244289742777607
-9.999999187886715,2.1000009924173355,1.2150971908950816,0.2716990636316938
-10.049999188631773,2.1500009931623936,1.2008925934871162,0.29244289742777607
-10.099999189376831,2.1500009931623936,1.2300349859166906,0.2716990636316938
-10.14999919012189,2.2000009939074516,1.2089003013547874,0.29244289742777607
-10.199999190866947,2.2000009939074516,1.2317821276628513,0.2716990636316938
-10.249999191612005,2.2500009946525097,1.2089003013547874,0.29244289742777607
-10.299999192357063,2.2500009946525097,1.2326548995376616,0.2716990636316938
-10.349999193102121,2.3000009953975677,1.2150971908950816,0.29244289742777607
-10.449999194592237,2.3000009953975677,1.2705441388980891,0.26097722973374027
-10.499999195337296,2.350000996142626,1.2396180263407768,0.29244289742777607
-10.549999196082354,2.350000996142626,1.2577379954333137,0.2716990636316938
-10.599999196827412,2.400000996887684,1.2317821276628513,0.29244289742777607
-10.64999919757247,2.400000996887684,1.2534442070328695,0.2716990636316938
-10.699999198317528,2.450000997632742,1.2230249682804948,0.29244289742777607
-10.749999199062586,2.450000997632742,1.2396180263407768,0.2716990636316938
-10.799999199807644,2.5000009983778,1.2080128050138979,0.29244289742777607
-10.89999920129776,2.5000009983778,1.2396180263407768,0.26097722973374027
-10.949999202042818,2.550000999122858,1.2115594423831848,0.29244289742777607
-11.049999203532934,2.550000999122858,1.2534442070328695,0.26097722973374027
-11.099999204277992,2.600000999867916,1.2230249682804948,0.29244289742777607
-11.199999205768108,2.600000999867916,1.256021999552522,0.26097722973374027
-11.249999206513166,2.650001000612974,1.2142135834465193,0.30249378854378534
-11.39999920874834,2.650001000612974,1.2430869904698527,0.26097722973374027
-11.449999209493399,2.7000010013580322,1.2080128050138979,0.29244289742777607
-11.649999212473631,2.7000010013580322,1.256021999552522,0.2500000067055225
-11.699999213218689,2.7500010021030903,1.2142135834465193,0.3000000074505806
-12.099999219179153,2.7500010021030903,1.2500000216066838,0.25276926365365854
-12.149999219924212,2.8000010028481483,1.2008925934871162,0.3000000074505806
-12.19999922066927,2.7500010021030903,1.2534442070328695,0.25276926365365854
-12.749999228864908,2.7500010021030903,1.2142135834465193,0.3000000074505806
-12.799999229609966,2.7000010013580322,1.256021999552522,0.25276926365365854
-12.999999232590199,2.7000010013580322,1.2142135834465193,0.30249378854378534
-13.049999233335257,2.650001000612974,1.2534442070328695,0.26097722973374027
-13.149999234825373,2.650001000612974,1.2115594423831848,0.29244289742777607
-13.19999923557043,2.600000999867916,1.2396180263407768,0.26097722973374027
-13.299999237060547,2.600000999867916,1.2080128050138979,0.29244289742777607
-13.349999237805605,2.550000999122858,1.2396180263407768,0.2716990636316938
-13.399999238550663,2.550000999122858,1.2230249682804948,0.29244289742777607
-13.449999239295721,2.5000009983778,1.2534442070328695,0.26097722973374027
-13.549999240785837,2.5000009983778,1.2089003013547874,0.29244289742777607
-13.599999241530895,2.450000997632742,1.2300349859166906,0.2716990636316938
-13.649999242275953,2.450000997632742,1.2008925934871162,0.3000000074505806
-13.74999924376607,2.350000996142626,1.2326548995376616,0.2716990636316938
-13.799999244511127,2.350000996142626,1.2089003013547874,0.29244289742777607
-13.849999245256186,2.3000009953975677,1.2317821276628513,0.2716990636316938
-13.899999246001244,2.3000009953975677,1.2089003013547874,0.29244289742777607
-13.949999246746302,2.2500009946525097,1.2300349859166906,0.2716990636316938
-13.99999924749136,2.2500009946525097,1.2008925934871162,0.29244289742777607
-14.049999248236418,2.2000009939074516,1.2150971908950816,0.2716990636316938
-14.099999248981476,2.2000009939074516,1.1892444196463352,0.3000000074505806
-14.24999925121665,2.0500009916722775,1.242220531676356,0.2716990636316938
-14.299999251961708,2.0500009916722775,1.2150971908950816,0.3000000074505806
-14.399999253451824,1.9500009901821613,1.2300349859166906,0.2716990636316938
-14.449999254196882,1.9500009901821613,1.2008925934871162,0.3000000074505806
-14.599999256432056,1.8000009879469872,1.2300349859166906,0.2716990636316938
-14.649999257177114,1.8000009879469872,1.2008925934871162,0.3000000074505806
-15.049999263137579,1.4000009819865227,1.242220531676356,0.2716990636316938
-15.099999263882637,1.4000009819865227,1.2142135834465193,0.3000000074505806
-15.499999269843102,1.0000009760260582,1.242220531676356,0.2716990636316938
-15.54999927058816,1.0000009760260582,1.2142135834465193,0.3000000074505806
-15.899999275803566,0.6500009708106518,1.242220531676356,0.2716990636316938
-15.949999276548624,0.6500009708106518,1.2142135834465193,0.3000000074505806
-16.34999928250909,0.2500009648501873,1.242220531676356,0.2716990636316938
-16.399999283254147,0.2500009648501873,1.2142135834465193,0.3000000074505806
-16.79999928921461,-0.14999904111027718,1.242220531676356,0.2716990636316938
-16.84999928995967,-0.14999904111027718,1.2142135834465193,0.3000000074505806
-17.249999295920134,-0.5499990470707417,1.242220531676356,0.2716990636316938
-17.29999929666519,-0.5499990470707417,1.2142135834465193,0.3000000074505806
-17.699999302625656,-0.9499990530312061,1.242220531676356,0.2716990636316938
-17.749999303370714,-0.9499990530312061,1.2142135834465193,0.3000000074505806
-18.14999930933118,-1.3499990589916706,1.242220531676356,0.2716990636316938
-18.199999310076237,-1.3499990589916706,1.2142135834465193,0.3000000074505806
-18.5999993160367,-1.749999064952135,1.242220531676356,0.2716990636316938
-18.64999931678176,-1.749999064952135,1.2142135834465193,0.3000000074505806
-18.999999321997166,-2.0999990701675415,1.242220531676356,0.2716990636316938
-19.049999322742224,-2.0999990701675415,1.2142135834465193,0.3000000074505806
-19.449999328702688,-2.499999076128006,1.242220531676356,0.2716990636316938
-19.499999329447746,-2.499999076128006,1.2142135834465193,0.3000000074505806
-19.89999933540821,-2.8999990820884705,1.242220531676356,0.2716990636316938
-19.94999933615327,-2.8999990820884705,1.2142135834465193,0.3000000074505806
-20.349999342113733,-3.299999088048935,1.242220531676356,0.2716990636316938
-20.39999934285879,-3.299999088048935,1.2142135834465193,0.3000000074505806
-20.799999348819256,-3.6999990940093994,1.242220531676356,0.2716990636316938
-20.849999349564314,-3.6999990940093994,1.2142135834465193,0.3000000074505806
-21.24999935552478,-4.099999099969864,1.242220531676356,0.2716990636316938
-21.299999356269836,-4.099999099969864,1.2142135834465193,0.3000000074505806
-21.6999993622303,-4.499999105930328,1.242220531676356,0.2716990636316938
-21.74999936297536,-4.499999105930328,1.2142135834465193,0.3000000074505806
-22.099999368190765,-4.849999111145735,1.242220531676356,0.2716990636316938
-22.149999368935823,-4.849999111145735,1.2142135834465193,0.3000000074505806
-22.549999374896288,-5.249999117106199,1.242220531676356,0.2716990636316938
-22.599999375641346,-5.249999117106199,1.2142135834465193,0.3000000074505806
-22.99999938160181,-5.649999123066664,1.242220531676356,0.2716990636316938
-23.04999938234687,-5.649999123066664,1.2142135834465193,0.3000000074505806
-23.449999388307333,-6.049999129027128,1.242220531676356,0.2716990636316938
-23.49999938905239,-6.049999129027128,1.2142135834465193,0.3000000074505806
-23.899999395012856,-6.449999134987593,1.242220531676356,0.2716990636316938
-23.949999395757914,-6.449999134987593,1.2142135834465193,0.3000000074505806
-24.349999401718378,-6.849999140948057,1.242220531676356,0.2716990636316938
-24.399999402463436,-6.849999140948057,1.2142135834465193,0.3000000074505806
-24.7999994084239,-7.249999146908522,1.242220531676356,0.2716990636316938
-24.84999940916896,-7.249999146908522,1.2142135834465193,0.3000000074505806
-25.199999414384365,-7.599999152123928,1.242220531676356,0.2716990636316938
-25.249999415129423,-7.599999152123928,1.2142135834465193,0.3000000074505806
-25.649999421089888,-7.9999991580843925,1.242220531676356,0.2716990636316938
-25.699999421834946,-7.9999991580843925,1.2142135834465193,0.3000000074505806
-26.09999942779541,-8.399999164044857,1.242220531676356,0.2716990636316938
-26.149999428540468,-8.399999164044857,1.2142135834465193,0.3000000074505806
-26.549999434500933,-8.799999170005322,1.242220531676356,0.2716990636316938
-26.59999943524599,-8.799999170005322,1.2142135834465193,0.3000000074505806
-26.999999441206455,-9.199999175965786,1.242220531676356,0.2716990636316938
-27.049999441951513,-9.199999175965786,1.2142135834465193,0.3000000074505806
-27.449999447911978,-9.59999918192625,1.242220531676356,0.2716990636316938
-27.499999448657036,-9.59999918192625,1.2142135834465193,0.3000000074505806
-27.8999994546175,-9.999999187886715,1.242220531676356,0.2716990636316938
-27.94999945536256,-9.999999187886715,1.2142135834465193,0.3000000074505806
-28.299999460577965,-10.349999193102121,1.242220531676356,0.2716990636316938
-28.349999461323023,-10.349999193102121,1.2142135834465193,0.3000000074505806
-28.749999467283487,-10.749999199062586,1.242220531676356,0.2716990636316938
-28.799999468028545,-10.749999199062586,1.2142135834465193,0.3000000074505806
-29.19999947398901,-11.14999920502305,1.242220531676356,0.2716990636316938
-29.249999474734068,-11.14999920502305,1.2142135834465193,0.3000000074505806
-29.649999480694532,-11.549999210983515,1.242220531676356,0.2716990636316938
-29.69999948143959,-11.549999210983515,1.2142135834465193,0.3000000074505806
-30.099999487400055,-11.94999921694398,1.242220531676356,0.2716990636316938
-30.149999488145113,-11.94999921694398,1.2142135834465193,0.3000000074505806
-30.549999494105577,-12.349999222904444,1.242220531676356,0.2716990636316938
-30.599999494850636,-12.349999222904444,1.2142135834465193,0.3000000074505806
-30.949999500066042,-12.69999922811985,1.2300349859166906,0.2716990636316938
-30.9999995008111,-12.69999922811985,1.2008925934871162,0.3000000074505806
-31.399999506771564,-13.099999234080315,1.242220531676356,0.2716990636316938
-31.449999507516623,-13.099999234080315,1.2142135834465193,0.3000000074505806
-31.849999513477087,-13.49999924004078,1.242220531676356,0.2716990636316938
-31.899999514222145,-13.49999924004078,1.2142135834465193,0.3000000074505806
-32.29999952018261,-13.899999246001244,1.242220531676356,0.2716990636316938
-32.34999952092767,-13.899999246001244,1.2142135834465193,0.3000000074505806
-32.74999952688813,-14.299999251961708,1.242220531676356,0.2716990636316938
-32.79999952763319,-14.299999251961708,1.2142135834465193,0.3000000074505806
-33.199999533593655,-14.699999257922173,1.242220531676356,0.2716990636316938
-33.24999953433871,-14.699999257922173,1.2142135834465193,0.3000000074505806
-33.64999954029918,-15.099999263882637,1.242220531676356,0.2716990636316938
-33.699999541044235,-15.099999263882637,1.2142135834465193,0.3000000074505806
-34.04999954625964,-15.449999269098043,1.2300349859166906,0.2716990636316938
-34.0999995470047,-15.449999269098043,1.2008925934871162,0.3000000074505806
-34.499999552965164,-15.849999275058508,1.242220531676356,0.2716990636316938
-34.54999955371022,-15.849999275058508,1.2142135834465193,0.3000000074505806
-34.94999955967069,-16.249999281018972,1.242220531676356,0.2716990636316938
-34.999999560415745,-16.249999281018972,1.2142135834465193,0.3000000074505806
-35.249999564141035,-16.499999284744263,1.242220531676356,0.2716990636316938
-35.29999956488609,-16.499999284744263,1.2142135834465193,0.3000000074505806
-35.54999956861138,-16.749999288469553,1.242220531676356,0.2716990636316938
-35.59999956935644,-16.749999288469553,1.2142135834465193,0.3000000074505806
-35.799999572336674,-16.949999291449785,1.242220531676356,0.2716990636316938
-35.84999957308173,-16.949999291449785,1.2142135834465193,0.3000000074505806
-36.09999957680702,-17.199999295175076,1.2500000216066838,0.2716990636316938
-36.14999957755208,-17.199999295175076,1.2159802469503793,0.3000000074505806
-36.34999958053231,-17.399999298155308,1.2495689230326823,0.2716990636316938
-36.39999958127737,-17.399999298155308,1.2142135834465193,0.3000000074505806
-36.64999958500266,-17.649999301880598,1.242220531676356,0.2716990636316938
-36.69999958574772,-17.649999301880598,1.2142135834465193,0.3000000074505806
-38.099999606609344,-19.049999322742224,1.1793114429667142,0.3000000074505806
-38.099999606609344,-19.099999323487282,1.2142135834465193,0.2716990636316938
-38.19999960809946,-19.199999324977398,1.2008925934871162,0.3000000074505806
-38.19999960809946,-19.249999325722456,1.2300349859166906,0.2716990636316938
-38.349999610334635,-19.39999932795763,1.2142135834465193,0.3000000074505806
-38.349999610334635,-19.449999328702688,1.242220531676356,0.2716990636316938
-38.44999961182475,-19.549999330192804,1.2089003013547874,0.3000000074505806
-38.44999961182475,-19.599999330937862,1.2326548995376616,0.2716990636316938
-38.54999961331487,-19.69999933242798,1.2008925934871162,0.3000000074505806
-38.54999961331487,-19.749999333173037,1.2300349859166906,0.2716990636316938
-38.64999961480498,-19.849999334663153,1.1892444196463352,0.3000000074505806
-38.64999961480498,-19.89999933540821,1.2150971908950816,0.2716990636316938
-38.69999961555004,-19.94999933615327,1.2008925934871162,0.29244289742777607
-38.69999961555004,-19.999999336898327,1.2300349859166906,0.2716990636316938
-38.7499996162951,-20.049999337643385,1.2089003013547874,0.29244289742777607
-38.7499996162951,-20.099999338388443,1.2326548995376616,0.2716990636316938
-38.79999961704016,-20.1499993391335,1.2150971908950816,0.29244289742777607
-38.79999961704016,-20.19999933987856,1.2396180263407768,0.2716990636316938
-38.849999617785215,-20.249999340623617,1.2115594423831848,0.29244289742777607
-38.849999617785215,-20.299999341368675,1.2317821276628513,0.2716990636316938
-38.89999961853027,-20.349999342113733,1.2080128050138979,0.29244289742777607
-38.89999961853027,-20.44999934360385,1.2396180263407768,0.26097722973374027
-38.94999961927533,-20.499999344348907,1.2115594423831848,0.29244289742777607
-38.94999961927533,-20.549999345093966,1.2317821276628513,0.2716990636316938
-38.99999962002039,-20.599999345839024,1.2089003013547874,0.29244289742777607
-38.99999962002039,-20.69999934732914,1.2534442070328695,0.26097722973374027
-39.04999962076545,-20.749999348074198,1.22214628652442,0.30249378854378534
-39.04999962076545,-20.899999350309372,1.256021999552522,0.26097722973374027
-39.099999621510506,-20.94999935105443,1.22214628652442,0.29244289742777607
-39.099999621510506,-21.049999352544546,1.2430869904698527,0.26097722973374027
-39.149999622255564,-21.099999353289604,1.2080128050138979,0.29244289742777607
-39.149999622255564,-21.299999356269836,1.256021999552522,0.2500000067055225
-39.19999962300062,-21.349999357014894,1.22214628652442,0.3000000074505806
-39.19999962300062,-21.649999361485243,1.2577379954333137,0.25276926365365854
-39.24999962374568,-21.6999993622303,1.2142135834465193,0.3000000074505806
-39.24999962374568,-22.049999367445707,1.2500000216066838,0.25276926365365854
-39.29999962449074,-22.099999368190765,1.2008925934871162,0.3000000074505806
-39.29999962449074,-22.49999937415123,1.2500000216066838,0.25276926365365854
-39.349999625235796,-22.549999374896288,1.2000000208616257,0.3000000074505806
-39.349999625235796,-23.849999394267797,1.22214628652442,0.3000000074505806
-39.29999962449074,-23.899999395012856,1.2637281386416934,0.25276926365365854
-39.29999962449074,-24.149999398738146,1.2142135834465193,0.3000000074505806
-39.24999962374568,-24.199999399483204,1.256021999552522,0.25276926365365854
-39.24999962374568,-24.449999403208494,1.2080128050138979,0.3000000074505806
-39.19999962300062,-24.499999403953552,1.2534442070328695,0.25276926365365854
-39.19999962300062,-24.649999406188726,1.22214628652442,0.29244289742777607
-39.149999622255564,-24.699999406933784,1.2534442070328695,0.26097722973374027
-39.149999622255564,-24.7999994084239,1.2115594423831848,0.29244289742777607
-39.099999621510506,-24.84999940916896,1.2396180263407768,0.26097722973374027
-39.099999621510506,-24.949999410659075,1.2080128050138979,0.29244289742777607
-39.04999962076545,-24.999999411404133,1.2396180263407768,0.26097722973374027
-39.04999962076545,-25.09999941289425,1.2080128050138979,0.29244289742777607
-38.99999962002039,-25.149999413639307,1.2317821276628513,0.26097722973374027
-38.99999962002039,-25.249999415129423,1.1928388484733279,0.29244289742777607
-38.94999961927533,-25.29999941587448,1.2230249682804948,0.2716990636316938
-38.94999961927533,-25.34999941661954,1.2080128050138979,0.29244289742777607
-38.89999961853027,-25.399999417364597,1.2396180263407768,0.2716990636316938
-38.89999961853027,-25.449999418109655,1.2230249682804948,0.29244289742777607
-38.849999617785215,-25.499999418854713,1.2534442070328695,0.2716990636316938
-38.849999617785215,-25.54999941959977,1.2300349859166906,0.29244289742777607
-38.79999961704016,-25.59999942034483,1.242220531676356,0.2716990636316938
-38.79999961704016,-25.649999421089888,1.2150971908950816,0.29244289742777607
-38.7499996162951,-25.699999421834946,1.2326548995376616,0.2716990636316938
-38.7499996162951,-25.749999422580004,1.2089003013547874,0.29244289742777607
-38.69999961555004,-25.799999423325062,1.2317821276628513,0.2716990636316938
-38.69999961555004,-25.84999942407012,1.2089003013547874,0.29244289742777607
-38.64999961480498,-25.899999424815178,1.2317821276628513,0.2716990636316938
-38.64999961480498,-25.949999425560236,1.2089003013547874,0.29244289742777607
-38.599999614059925,-25.999999426305294,1.2300349859166906,0.2716990636316938
-38.599999614059925,-26.049999427050352,1.2008925934871162,0.3000000074505806
-38.49999961256981,-26.149999428540468,1.2326548995376616,0.2716990636316938
-38.49999961256981,-26.199999429285526,1.2089003013547874,0.29244289742777607
-38.44999961182475,-26.249999430030584,1.2317821276628513,0.2716990636316938
-38.44999961182475,-26.299999430775642,1.2089003013547874,0.29244289742777607
-38.39999961107969,-26.3499994315207,1.221267061533719,0.2716990636316938
-38.39999961107969,-26.39999943226576,1.1901438981605426,0.3000000074505806
-38.24999960884452,-26.549999434500933,1.2159802469503793,0.2716990636316938
-38.24999960884452,-26.59999943524599,1.1829316892012207,0.3000000074505806
-38.049999605864286,-26.799999438226223,1.221267061533719,0.2716990636316938
-38.049999605864286,-26.84999943897128,1.1901438981605426,0.3000000074505806
-37.799999602138996,-27.09999944269657,1.2300349859166906,0.2716990636316938
-37.799999602138996,-27.14999944344163,1.2008925934871162,0.3000000074505806
-37.349999595433474,-27.599999450147152,1.2142135834465193,0.2949747542062818
-37.299999594688416,-27.599999450147152,1.2495689230326823,0.26097722973374027
-37.049999590963125,-27.849999453872442,1.2008925934871162,0.2949747542062818
-36.99999959021807,-27.849999453872442,1.2300349859166906,0.26097722973374027
-36.89999958872795,-27.94999945536256,1.2150971908950816,0.29244289742777607
-36.84999958798289,-27.94999945536256,1.242220531676356,0.26097722973374027
-36.74999958649278,-28.049999456852674,1.2150971908950816,0.29244289742777607
-36.69999958574772,-28.049999456852674,1.242220531676356,0.26097722973374027
-36.64999958500266,-28.099999457597733,1.2300349859166906,0.2716990636316938
-36.5999995842576,-28.099999457597733,1.2534442070328695,0.24721360216395982
-36.549999583512545,-28.14999945834279,1.2317821276628513,0.2716990636316938
-36.49999958276749,-28.14999945834279,1.2534442070328695,0.24721360216395982
-36.44999958202243,-28.19999945908785,1.2317821276628513,0.2716990636316938
-36.39999958127737,-28.19999945908785,1.2534442070328695,0.24721360216395982
-36.34999958053231,-28.249999459832907,1.2317821276628513,0.2716990636316938
-36.299999579787254,-28.249999459832907,1.2534442070328695,0.24721360216395982
-36.249999579042196,-28.299999460577965,1.2230249682804948,0.27434165609349825
-36.19999957829714,-28.299999460577965,1.2396180263407768,0.26097722973374027
-36.14999957755208,-28.349999461323023,1.2115594423831848,0.29244289742777607
-36.049999576061964,-28.349999461323023,1.2534442070328695,0.24721360216395982
-35.999999575316906,-28.39999946206808,1.2317821276628513,0.27434165609349825
-35.94999957457185,-28.39999946206808,1.2430869904698527,0.26097722973374027
-35.89999957382679,-28.44999946281314,1.2080128050138979,0.30249378854378534
-35.749999571591616,-28.44999946281314,1.2430869904698527,0.26097722973374027
-35.69999957084656,-28.499999463558197,1.2080128050138979,0.29244289742777607
-35.39999956637621,-28.499999463558197,1.2713939188816938,0.2500000067055225
-35.34999956563115,-28.549999464303255,1.2317821276628513,0.3000000074505806
-34.54999955371022,-28.549999464303255,1.2317821276628513,0.3000000074505806
-34.499999552965164,-28.499999463558197,1.2713939188816938,0.2500000067055225
-34.199999548494816,-28.499999463558197,1.2142135834465193,0.30249378854378534
-34.14999954774976,-28.44999946281314,1.2534442070328695,0.26097722973374027
-34.04999954625964,-28.44999946281314,1.2115594423831848,0.29244289742777607
-33.999999545514584,-28.39999946206808,1.2396180263407768,0.26097722973374027
-33.949999544769526,-28.39999946206808,1.2230249682804948,0.27434165609349825
-33.89999954402447,-28.349999461323023,1.2534442070328695,0.24721360216395982
-33.84999954327941,-28.349999461323023,1.2317821276628513,0.2716990636316938
-33.79999954253435,-28.299999460577965,1.2577379954333137,0.24721360216395982
-33.74999954178929,-28.299999460577965,1.2396180263407768,0.2716990636316938
-33.699999541044235,-28.249999459832907,1.2705441388980891,0.24721360216395982
-33.64999954029918,-28.249999459832907,1.242220531676356,0.2716990636316938
-33.59999953955412,-28.19999945908785,1.2577379954333137,0.24721360216395982
-33.54999953880906,-28.19999945908785,1.2326548995376616,0.2716990636316938
-33.499999538064,-28.14999945834279,1.2534442070328695,0.24721360216395982
-33.449999537318945,-28.14999945834279,1.2300349859166906,0.2716990636316938
-33.39999953657389,-28.099999457597733,1.242220531676356,0.24721360216395982
-33.34999953582883,-28.099999457597733,1.2150971908950816,0.2716990636316938
-33.29999953508377,-28.049999456852674,1.2326548995376616,0.26097722973374027
-33.24999953433871,-28.049999456852674,1.2089003013547874,0.29244289742777607
-33.1499995328486,-27.94999945536256,1.242220531676356,0.26097722973374027
-33.09999953210354,-27.94999945536256,1.2150971908950816,0.2949747542062818
-32.949999529868364,-27.799999453127384,1.2534442070328695,0.26097722973374027
-32.899999529123306,-27.799999453127384,1.221267061533719,0.29244289742777607
-32.79999952763319,-27.699999451637268,1.242220531676356,0.26097722973374027
-32.74999952688813,-27.699999451637268,1.2150971908950816,0.2949747542062818
-32.59999952465296,-27.549999449402094,1.242220531676356,0.26097722973374027
-32.5499995239079,-27.549999449402094,1.2150971908950816,0.29244289742777607
-32.449999522417784,-27.449999447911978,1.2534442070328695,0.24721360216395982
-32.399999521672726,-27.449999447911978,1.2317821276628513,0.2716990636316938
-32.34999952092767,-27.39999944716692,1.2534442070328695,0.26097722973374027
-32.29999952018261,-27.39999944716692,1.2317821276628513,0.29244289742777607
-32.24999951943755,-27.34999944642186,1.2534442070328695,0.2716990636316938
-32.19999951869249,-27.34999944642186,1.2317821276628513,0.29244289742777607
-32.149999517947435,-27.299999445676804,1.2577379954333137,0.26097722973374027
-32.04999951645732,-27.299999445676804,1.2230249682804948,0.29244289742777607
-31.99999951571226,-27.249999444931746,1.256021999552522,0.2716990636316938
-31.899999514222145,-27.249999444931746,1.2317821276628513,0.30249378854378534
-31.849999513477087,-27.199999444186687,1.2713939188816938,0.26097722973374027
-31.099999502301216,-27.199999444186687,1.2807093115603727,0.26097722973374027
-31.049999501556158,-27.249999444931746,1.2430869904698527,0.29244289742777607
-30.949999500066042,-27.249999444931746,1.2705441388980891,0.26097722973374027
-30.899999499320984,-27.299999445676804,1.2396180263407768,0.29244289742777607
-30.849999498575926,-27.299999445676804,1.256021999552522,0.2716990636316938
-30.799999497830868,-27.34999944642186,1.2230249682804948,0.29244289742777607
-30.69999949634075,-27.34999944642186,1.2577379954333137,0.24721360216395982
-30.649999495595694,-27.39999944716692,1.2317821276628513,0.2716990636316938
-30.599999494850636,-27.39999944716692,1.2534442070328695,0.24721360216395982
-30.49999949336052,-27.499999448657036,1.2150971908950816,0.29244289742777607
-30.44999949261546,-27.499999448657036,1.242220531676356,0.26097722973374027
-30.299999490380287,-27.64999945089221,1.2159802469503793,0.2949747542062818
-30.24999948963523,-27.64999945089221,1.2500000216066838,0.26097722973374027
-29.99999948590994,-27.8999994546175,1.2495689230326823,0.2716990636316938
-29.99999948590994,-27.94999945536256,1.2142135834465193,0.3000000074505806
-29.849999483674765,-28.099999457597733,1.2300349859166906,0.2716990636316938
-29.849999483674765,-28.14999945834279,1.2008925934871162,0.3000000074505806
-29.74999948218465,-28.249999459832907,1.2326548995376616,0.2716990636316938
-29.74999948218465,-28.299999460577965,1.2089003013547874,0.29244289742777607
-29.69999948143959,-28.349999461323023,1.2317821276628513,0.2716990636316938
-29.69999948143959,-28.39999946206808,1.2115594423831848,0.29244289742777607
-29.649999480694532,-28.44999946281314,1.2396180263407768,0.2716990636316938
-29.649999480694532,-28.499999463558197,1.2230249682804948,0.29244289742777607
-29.599999479949474,-28.549999464303255,1.2534442070328695,0.2716990636316938
-29.599999479949474,-28.599999465048313,1.2317821276628513,0.29244289742777607
-29.549999479204416,-28.64999946579337,1.2534442070328695,0.2716990636316938
-29.549999479204416,-28.69999946653843,1.2317821276628513,0.29244289742777607
-29.499999478459358,-28.749999467283487,1.2534442070328695,0.26097722973374027
-29.499999478459358,-28.849999468773603,1.2115594423831848,0.29244289742777607
-29.4499994777143,-28.89999946951866,1.2396180263407768,0.2716990636316938
-29.4499994777143,-28.94999947026372,1.2230249682804948,0.29244289742777607
-29.399999476969242,-28.999999471008778,1.2534442070328695,0.2716990636316938
-29.399999476969242,-29.049999471753836,1.2317821276628513,0.29244289742777607
-29.349999476224184,-29.099999472498894,1.2534442070328695,0.2716990636316938
-29.349999476224184,-29.149999473243952,1.2317821276628513,0.29244289742777607
-29.299999475479126,-29.19999947398901,1.2534442070328695,0.2716990636316938
-29.299999475479126,-29.249999474734068,1.2317821276628513,0.29244289742777607
-29.249999474734068,-29.299999475479126,1.2534442070328695,0.2716990636316938
-29.249999474734068,-29.349999476224184,1.2317821276628513,0.29244289742777607
-29.19999947398901,-29.399999476969242,1.2534442070328695,0.2716990636316938
-29.19999947398901,-29.4499994777143,1.2317821276628513,0.29244289742777607
-29.149999473243952,-29.499999478459358,1.2534442070328695,0.2716990636316938
-29.149999473243952,-29.549999479204416,1.2317821276628513,0.29244289742777607
-29.099999472498894,-29.599999479949474,1.2534442070328695,0.2716990636316938
-29.099999472498894,-29.649999480694532,1.2317821276628513,0.29244289742777607
-29.049999471753836,-29.69999948143959,1.2534442070328695,0.2716990636316938
-29.049999471753836,-29.74999948218465,1.2317821276628513,0.29244289742777607
-28.999999471008778,-29.799999482929707,1.2534442070328695,0.2716990636316938
-28.999999471008778,-29.849999483674765,1.2317821276628513,0.29244289742777607
-28.94999947026372,-29.899999484419823,1.2534442070328695,0.2716990636316938
-28.94999947026372,-29.94999948516488,1.2317821276628513,0.29244289742777607
-28.89999946951866,-29.99999948590994,1.2534442070328695,0.2716990636316938
-28.89999946951866,-30.049999486654997,1.2317821276628513,0.29244289742777607
-28.849999468773603,-30.099999487400055,1.2534442070328695,0.2716990636316938
-28.849999468773603,-30.149999488145113,1.2317821276628513,0.29244289742777607
-28.799999468028545,-30.19999948889017,1.2534442070328695,0.2716990636316938
-28.799999468028545,-30.24999948963523,1.2317821276628513,0.29244289742777607
-28.749999467283487,-30.299999490380287,1.2534442070328695,0.2716990636316938
-28.749999467283487,-30.349999491125345,1.2317821276628513,0.29244289742777607
-28.69999946653843,-30.399999491870403,1.2534442070328695,0.2716990636316938
-28.69999946653843,-30.44999949261546,1.2300349859166906,0.29244289742777607
-28.64999946579337,-30.49999949336052,1.242220531676356,0.2716990636316938
-28.64999946579337,-30.549999494105577,1.2150971908950816,0.29244289742777607
-28.599999465048313,-30.599999494850636,1.2326548995376616,0.2716990636316938
-28.599999465048313,-30.649999495595694,1.2089003013547874,0.29244289742777607
-28.549999464303255,-30.69999949634075,1.2317821276628513,0.2716990636316938
-28.549999464303255,-30.74999949708581,1.2089003013547874,0.29244289742777607
-28.499999463558197,-30.799999497830868,1.2317821276628513,0.2716990636316938
-28.499999463558197,-30.849999498575926,1.2089003013547874,0.29244289742777607
-28.44999946281314,-30.899999499320984,1.2317821276628513,0.2716990636316938
-28.44999946281314,-30.949999500066042,1.2089003013547874,0.29244289742777607
-28.39999946206808,-30.9999995008111,1.2317821276628513,0.2716990636316938
-28.39999946206808,-31.049999501556158,1.2089003013547874,0.29244289742777607
-28.349999461323023,-31.099999502301216,1.2317821276628513,0.2716990636316938
-28.349999461323023,-31.149999503046274,1.2089003013547874,0.29244289742777607
-28.299999460577965,-31.199999503791332,1.2317821276628513,0.2716990636316938
-28.299999460577965,-31.24999950453639,1.2089003013547874,0.29244289742777607
-28.249999459832907,-31.29999950528145,1.2317821276628513,0.2716990636316938
-28.249999459832907,-31.349999506026506,1.2089003013547874,0.29244289742777607
-28.19999945908785,-31.399999506771564,1.2317821276628513,0.2716990636316938
-28.19999945908785,-31.449999507516623,1.2089003013547874,0.29244289742777607
-28.14999945834279,-31.49999950826168,1.2317821276628513,0.2716990636316938
-28.14999945834279,-31.54999950900674,1.2089003013547874,0.3000000074505806
-28.049999456852674,-31.649999510496855,1.2534442070328695,0.2716990636316938
-28.049999456852674,-31.699999511241913,1.2317821276628513,0.29244289742777607
-27.999999456107616,-31.74999951198697,1.2534442070328695,0.2716990636316938
-27.999999456107616,-31.79999951273203,1.2317821276628513,0.29244289742777607
-27.94999945536256,-31.849999513477087,1.2534442070328695,0.2716990636316938
-27.94999945536256,-31.899999514222145,1.2317821276628513,0.29244289742777607
-27.8999994546175,-31.949999514967203,1.2534442070328695,0.2716990636316938
-27.8999994546175,-31.99999951571226,1.2317821276628513,0.29244289742777607
-27.849999453872442,-32.04999951645732,1.2534442070328695,0.2716990636316938
-27.849999453872442,-32.09999951720238,1.2317821276628513,0.29244289742777607
-27.799999453127384,-32.149999517947435,1.2534442070328695,0.2716990636316938
-27.799999453127384,-32.19999951869249,1.2317821276628513,0.29244289742777607
-27.749999452382326,-32.24999951943755,1.2534442070328695,0.2716990636316938
-27.749999452382326,-32.29999952018261,1.2317821276628513,0.29244289742777607
-27.699999451637268,-32.34999952092767,1.2534442070328695,0.2716990636316938
-27.699999451637268,-32.399999521672726,1.2317821276628513,0.29244289742777607
-27.64999945089221,-32.449999522417784,1.2534442070328695,0.2716990636316938
-27.64999945089221,-32.49999952316284,1.2317821276628513,0.29244289742777607
-27.599999450147152,-32.5499995239079,1.2534442070328695,0.2716990636316938
-27.599999450147152,-32.59999952465296,1.2317821276628513,0.29244289742777607
-27.549999449402094,-32.649999525398016,1.2534442070328695,0.2716990636316938
-27.549999449402094,-32.699999526143074,1.2317821276628513,0.29244289742777607
-27.499999448657036,-32.74999952688813,1.2534442070328695,0.2716990636316938
-27.499999448657036,-32.79999952763319,1.2317821276628513,0.29244289742777607
-27.449999447911978,-32.84999952837825,1.2534442070328695,0.2716990636316938
-27.449999447911978,-32.899999529123306,1.2300349859166906,0.29244289742777607
-27.39999944716692,-32.949999529868364,1.242220531676356,0.2716990636316938
-27.39999944716692,-32.99999953061342,1.2150971908950816,0.29244289742777607
-27.34999944642186,-33.04999953135848,1.2326548995376616,0.2716990636316938
-27.34999944642186,-33.09999953210354,1.2089003013547874,0.29244289742777607
-27.299999445676804,-33.1499995328486,1.2317821276628513,0.2716990636316938
-27.299999445676804,-33.199999533593655,1.2089003013547874,0.29244289742777607
-27.249999444931746,-33.24999953433871,1.2317821276628513,0.2716990636316938
-27.249999444931746,-33.29999953508377,1.2089003013547874,0.29244289742777607
-27.199999444186687,-33.34999953582883,1.2317821276628513,0.2716990636316938
-27.199999444186687,-33.39999953657389,1.2089003013547874,0.29244289742777607
-27.14999944344163,-33.449999537318945,1.2317821276628513,0.2716990636316938
-27.14999944344163,-33.499999538064,1.2089003013547874,0.29244289742777607
-27.09999944269657,-33.54999953880906,1.2317821276628513,0.2716990636316938
-27.09999944269657,-33.59999953955412,1.2089003013547874,0.29244289742777607
-27.049999441951513,-33.64999954029918,1.2317821276628513,0.2716990636316938
-27.049999441951513,-33.699999541044235,1.2089003013547874,0.29244289742777607
-26.999999441206455,-33.74999954178929,1.2317821276628513,0.2716990636316938
-26.999999441206455,-33.79999954253435,1.2089003013547874,0.29244289742777607
-26.949999440461397,-33.84999954327941,1.2317821276628513,0.2716990636316938
-26.949999440461397,-33.89999954402447,1.2089003013547874,0.29244289742777607
-26.89999943971634,-33.949999544769526,1.2317821276628513,0.2716990636316938
-26.89999943971634,-33.999999545514584,1.2089003013547874,0.3000000074505806
-26.799999438226223,-34.0999995470047,1.2534442070328695,0.2716990636316938
-26.799999438226223,-34.14999954774976,1.2317821276628513,0.29244289742777607
-26.749999437481165,-34.199999548494816,1.2534442070328695,0.2716990636316938
-26.749999437481165,-34.249999549239874,1.2317821276628513,0.29244289742777607
-26.699999436736107,-34.29999954998493,1.2534442070328695,0.2716990636316938
-26.699999436736107,-34.34999955072999,1.2317821276628513,0.29244289742777607
-26.64999943599105,-34.39999955147505,1.2534442070328695,0.2716990636316938
-26.64999943599105,-34.449999552220106,1.2317821276628513,0.29244289742777607
-26.59999943524599,-34.499999552965164,1.2534442070328695,0.2716990636316938
-26.59999943524599,-34.54999955371022,1.2317821276628513,0.29244289742777607
-26.549999434500933,-34.59999955445528,1.2534442070328695,0.2716990636316938
-26.549999434500933,-34.64999955520034,1.2317821276628513,0.29244289742777607
-26.499999433755875,-34.699999555945396,1.2534442070328695,0.2716990636316938
-26.499999433755875,-34.749999556690454,1.2317821276628513,0.29244289742777607
-26.449999433010817,-34.79999955743551,1.2534442070328695,0.2716990636316938
-26.449999433010817,-34.84999955818057,1.2317821276628513,0.29244289742777607
-26.39999943226576,-34.89999955892563,1.2534442070328695,0.2716990636316938
-26.39999943226576,-34.94999955967069,1.2317821276628513,0.29244289742777607
-26.3499994315207,-34.999999560415745,1.2534442070328695,0.2716990636316938
-26.3499994315207,-35.0499995611608,1.2317821276628513,0.29244289742777607
-26.299999430775642,-35.09999956190586,1.2534442070328695,0.2716990636316938
-26.299999430775642,-35.14999956265092,1.2317821276628513,0.29244289742777607
-26.249999430030584,-35.19999956339598,1.2534442070328695,0.2716990636316938
-26.249999430030584,-35.249999564141035,1.2317821276628513,0.29244289742777607
-26.199999429285526,-35.29999956488609,1.2534442070328695,0.2716990636316938
-26.199999429285526,-35.34999956563115,1.2300349859166906,0.29244289742777607
-26.149999428540468,-35.39999956637621,1.242220531676356,0.2716990636316938
-26.149999428540468,-35.44999956712127,1.2150971908950816,0.29244289742777607
-26.09999942779541,-35.499999567866325,1.2326548995376616,0.2716990636316938
-26.09999942779541,-35.54999956861138,1.2089003013547874,0.29244289742777607
-26.049999427050352,-35.59999956935644,1.2317821276628513,0.2716990636316938
-26.049999427050352,-35.6499995701015,1.2089003013547874,0.29244289742777607
-25.999999426305294,-35.69999957084656,1.2317821276628513,0.2716990636316938
-25.999999426305294,-35.749999571591616,1.2089003013547874,0.29244289742777607
-25.949999425560236,-35.799999572336674,1.2317821276628513,0.2716990636316938
-25.949999425560236,-35.84999957308173,1.2089003013547874,0.29244289742777607
-25.899999424815178,-35.89999957382679,1.2317821276628513,0.2716990636316938
-25.899999424815178,-35.94999957457185,1.2089003013547874,0.29244289742777607
-25.84999942407012,-35.999999575316906,1.2317821276628513,0.2716990636316938
-25.84999942407012,-36.049999576061964,1.2089003013547874,0.29244289742777607
-25.799999423325062,-36.09999957680702,1.2317821276628513,0.2716990636316938
-25.799999423325062,-36.14999957755208,1.2089003013547874,0.29244289742777607
-25.749999422580004,-36.19999957829714,1.2317821276628513,0.2716990636316938
-25.749999422580004,-36.249999579042196,1.2089003013547874,0.29244289742777607
-25.699999421834946,-36.299999579787254,1.2317821276628513,0.2716990636316938
-25.699999421834946,-36.34999958053231,1.2089003013547874,0.29244289742777607
-25.649999421089888,-36.39999958127737,1.2317821276628513,0.2716990636316938
-25.649999421089888,-36.44999958202243,1.2089003013547874,0.3000000074505806
-25.54999941959977,-36.549999583512545,1.2534442070328695,0.2716990636316938
-25.54999941959977,-36.5999995842576,1.2317821276628513,0.29244289742777607
-25.499999418854713,-36.64999958500266,1.2534442070328695,0.2716990636316938
-25.499999418854713,-36.69999958574772,1.2317821276628513,0.29244289742777607
-25.449999418109655,-36.74999958649278,1.2534442070328695,0.2716990636316938
-25.449999418109655,-36.799999587237835,1.2317821276628513,0.29244289742777607
-25.399999417364597,-36.84999958798289,1.2534442070328695,0.2716990636316938
-25.399999417364597,-36.89999958872795,1.2317821276628513,0.29244289742777607
-25.34999941661954,-36.94999958947301,1.2534442070328695,0.2716990636316938
-25.34999941661954,-36.99999959021807,1.2317821276628513,0.29244289742777607
-25.29999941587448,-37.049999590963125,1.2534442070328695,0.2716990636316938
-25.29999941587448,-37.09999959170818,1.2317821276628513,0.29244289742777607
-25.249999415129423,-37.14999959245324,1.2534442070328695,0.2716990636316938
-25.249999415129423,-37.1999995931983,1.2317821276628513,0.29244289742777607
-25.199999414384365,-37.24999959394336,1.2534442070328695,0.2716990636316938
-25.199999414384365,-37.299999594688416,1.2317821276628513,0.29244289742777607
-25.149999413639307,-37.349999595433474,1.2534442070328695,0.2716990636316938
-25.149999413639307,-37.39999959617853,1.2317821276628513,0.29244289742777607
-25.09999941289425,-37.44999959692359,1.2534442070328695,0.2716990636316938
-25.09999941289425,-37.49999959766865,1.2317821276628513,0.29244289742777607
-25.04999941214919,-37.549999598413706,1.2534442070328695,0.2716990636316938
-25.04999941214919,-37.599999599158764,1.2317821276628513,0.29244289742777607
-24.999999411404133,-37.64999959990382,1.2534442070328695,0.2716990636316938
-24.999999411404133,-37.69999960064888,1.2317821276628513,0.29244289742777607
-24.949999410659075,-37.74999960139394,1.2534442070328695,0.2716990636316938
-24.949999410659075,-37.799999602138996,1.2300349859166906,0.29244289742777607
-24.899999409914017,-37.849999602884054,1.242220531676356,0.2716990636316938
-24.899999409914017,-37.89999960362911,1.2150971908950816,0.29244289742777607
-24.84999940916896,-37.94999960437417,1.2326548995376616,0.2716990636316938
-24.84999940916896,-37.99999960511923,1.2089003013547874,0.29244289742777607
-24.7999994084239,-38.049999605864286,1.2317821276628513,0.2716990636316938
-24.7999994084239,-38.099999606609344,1.2089003013547874,0.29244289742777607
-24.749999407678843,-38.1499996073544,1.2317821276628513,0.2716990636316938
-24.749999407678843,-38.19999960809946,1.2089003013547874,0.29244289742777607
-24.699999406933784,-38.24999960884452,1.2317821276628513,0.2716990636316938
-24.699999406933784,-38.29999960958958,1.2089003013547874,0.29244289742777607
-24.649999406188726,-38.349999610334635,1.2317821276628513,0.2716990636316938
-24.649999406188726,-38.39999961107969,1.2089003013547874,0.29244289742777607
-24.59999940544367,-38.44999961182475,1.2317821276628513,0.2716990636316938
-24.59999940544367,-38.49999961256981,1.2089003013547874,0.29244289742777607
-24.54999940469861,-38.54999961331487,1.2317821276628513,0.2716990636316938
-24.54999940469861,-38.599999614059925,1.2089003013547874,0.29244289742777607
-24.499999403953552,-38.64999961480498,1.2317821276628513,0.2716990636316938
-24.499999403953552,-38.69999961555004,1.2089003013547874,0.29244289742777607
-24.449999403208494,-38.7499996162951,1.2317821276628513,0.2716990636316938
-24.449999403208494,-38.79999961704016,1.2089003013547874,0.29244289742777607
-24.399999402463436,-38.849999617785215,1.2317821276628513,0.2716990636316938
-24.399999402463436,-38.89999961853027,1.2089003013547874,0.3000000074505806
-24.29999940097332,-38.99999962002039,1.2534442070328695,0.2716990636316938
-24.29999940097332,-39.04999962076545,1.2317821276628513,0.29244289742777607
-24.249999400228262,-39.099999621510506,1.2534442070328695,0.2716990636316938
-24.249999400228262,-39.149999622255564,1.2317821276628513,0.29244289742777607
-24.199999399483204,-39.19999962300062,1.2534442070328695,0.2716990636316938
-24.199999399483204,-39.24999962374568,1.2317821276628513,0.29244289742777607
-24.149999398738146,-39.29999962449074,1.2534442070328695,0.2716990636316938
-24.149999398738146,-39.349999625235796,1.2317821276628513,0.29244289742777607
-24.099999397993088,-39.399999625980854,1.2534442070328695,0.2716990636316938
-24.099999397993088,-39.44999962672591,1.2317821276628513,0.29244289742777607
-24.04999939724803,-39.49999962747097,1.2534442070328695,0.2716990636316938
-24.04999939724803,-39.54999962821603,1.2317821276628513,0.29244289742777607
-23.99999939650297,-39.599999628961086,1.2534442070328695,0.2716990636316938
-23.99999939650297,-39.649999629706144,1.2317821276628513,0.29244289742777607
-23.949999395757914,-39.6999996304512,1.2534442070328695,0.2716990636316938
-23.949999395757914,-39.74999963119626,1.2317821276628513,0.29244289742777607
-23.899999395012856,-39.79999963194132,1.2534442070328695,0.2716990636316938
-23.899999395012856,-39.84999963268638,1.2317821276628513,0.29244289742777607
-23.849999394267797,-39.899999633431435,1.2534442070328695,0.2716990636316938
-23.849999394267797,-39.94999963417649,1.2317821276628513,0.29244289742777607
-23.79999939352274,-39.99999963492155,1.2534442070328695,0.2716990636316938
-23.79999939352274,-40.04999963566661,1.2317821276628513,0.29244289742777607
-23.74999939277768,-40.09999963641167,1.2534442070328695,0.2716990636316938
-23.74999939277768,-40.149999637156725,1.2317821276628513,0.29244289742777607
-23.699999392032623,-40.19999963790178,1.2534442070328695,0.2716990636316938
-23.699999392032623,-40.24999963864684,1.2300349859166906,0.29244289742777607
-23.649999391287565,-40.2999996393919,1.242220531676356,0.2716990636316938
-23.649999391287565,-40.34999964013696,1.2150971908950816,0.29244289742777607
-23.599999390542507,-40.399999640882015,1.2326548995376616,0.2716990636316938
-23.599999390542507,-40.44999964162707,1.2089003013547874,0.29244289742777607
-23.54999938979745,-40.49999964237213,1.2317821276628513,0.2716990636316938
-23.54999938979745,-40.54999964311719,1.2089003013547874,0.29244289742777607
-23.49999938905239,-40.59999964386225,1.2317821276628513,0.2716990636316938
-23.49999938905239,-40.649999644607306,1.2089003013547874,0.29244289742777607
-23.449999388307333,-40.699999645352364,1.2317821276628513,0.2716990636316938
-23.449999388307333,-40.74999964609742,1.2089003013547874,0.29244289742777607
-23.399999387562275,-40.79999964684248,1.2317821276628513,0.2716990636316938
-23.399999387562275,-40.84999964758754,1.2089003013547874,0.29244289742777607
-23.349999386817217,-40.899999648332596,1.2317821276628513,0.2716990636316938
-23.349999386817217,-40.949999649077654,1.2089003013547874,0.29244289742777607
-23.29999938607216,-40.99999964982271,1.2317821276628513,0.2716990636316938
-23.29999938607216,-41.04999965056777,1.2089003013547874,0.29244289742777607
-23.2499993853271,-41.09999965131283,1.2317821276628513,0.2716990636316938
-23.2499993853271,-41.149999652057886,1.2089003013547874,0.29244289742777607
-23.199999384582043,-41.199999652802944,1.2317821276628513,0.2716990636316938
-23.199999384582043,-41.249999653548,1.2089003013547874,0.29244289742777607
-23.149999383836985,-41.29999965429306,1.2317821276628513,0.2716990636316938
-23.149999383836985,-41.34999965503812,1.2089003013547874,0.3000000074505806
-23.04999938234687,-41.449999656528234,1.2534442070328695,0.2716990636316938
-23.04999938234687,-41.49999965727329,1.2317821276628513,0.29244289742777607
-22.99999938160181,-41.54999965801835,1.2534442070328695,0.2716990636316938
-22.99999938160181,-41.59999965876341,1.2317821276628513,0.29244289742777607
-22.949999380856752,-41.64999965950847,1.2534442070328695,0.2716990636316938
-22.949999380856752,-41.699999660253525,1.2317821276628513,0.29244289742777607
-22.899999380111694,-41.74999966099858,1.2534442070328695,0.2716990636316938
-22.899999380111694,-41.79999966174364,1.2317821276628513,0.29244289742777607
-22.849999379366636,-41.8499996624887,1.2534442070328695,0.2716990636316938
-22.849999379366636,-41.89999966323376,1.2317821276628513,0.29244289742777607
-22.799999378621578,-41.949999663978815,1.2534442070328695,0.2716990636316938
-22.799999378621578,-41.99999966472387,1.2317821276628513,0.29244289742777607
-22.74999937787652,-42.04999966546893,1.2534442070328695,0.2716990636316938
-22.74999937787652,-42.09999966621399,1.2317821276628513,0.29244289742777607
-22.699999377131462,-42.14999966695905,1.2534442070328695,0.2716990636316938
-22.699999377131462,-42.199999667704105,1.2317821276628513,0.29244289742777607
-22.649999376386404,-42.24999966844916,1.2534442070328695,0.2716990636316938
-22.649999376386404,-42.29999966919422,1.2317821276628513,0.29244289742777607
-22.599999375641346,-42.34999966993928,1.2534442070328695,0.2716990636316938
-22.599999375641346,-42.39999967068434,1.2300349859166906,0.29244289742777607
-22.549999374896288,-42.449999671429396,1.242220531676356,0.2716990636316938
-22.549999374896288,-42.499999672174454,1.2150971908950816,0.3000000074505806
-22.49999937415123,-42.54999967291951,1.2326548995376616,0.27434165609349825
-22.49999937415123,-42.59999967366457,1.2089003013547874,0.29244289742777607
-22.449999373406172,-42.64999967440963,1.2317821276628513,0.2716990636316938
-22.449999373406172,-42.699999675154686,1.2089003013547874,0.29244289742777607
-22.399999372661114,-42.749999675899744,1.2317821276628513,0.2716990636316938
-22.399999372661114,-42.7999996766448,1.2089003013547874,0.29244289742777607
-22.349999371916056,-42.84999967738986,1.2317821276628513,0.26097722973374027
-22.349999371916056,-42.949999678879976,1.1928388484733279,0.29244289742777607
-22.299999371170998,-42.999999679625034,1.2230249682804948,0.2716990636316938
-22.299999371170998,-43.04999968037009,1.2080128050138979,0.29244289742777607
-22.24999937042594,-43.09999968111515,1.2396180263407768,0.2716990636316938
-22.24999937042594,-43.14999968186021,1.2230249682804948,0.29244289742777607
-22.19999936968088,-43.19999968260527,1.256021999552522,0.26097722973374027
-22.19999936968088,-43.34999968484044,1.2080128050138979,0.30249378854378534
-22.149999368935823,-43.3999996855855,1.2396180263407768,0.26097722973374027
-22.149999368935823,-43.499999687075615,1.2080128050138979,0.29244289742777607
-22.099999368190765,-43.54999968782067,1.2430869904698527,0.25276926365365854
-22.099999368190765,-43.749999690800905,1.2080128050138979,0.30249378854378534
-22.049999367445707,-43.79999969154596,1.2430869904698527,0.26097722973374027
-22.049999367445707,-43.94999969378114,1.2142135834465193,0.30249378854378534
-21.99999936670065,-43.999999694526196,1.2577379954333137,0.26097722973374027
-21.99999936670065,-44.19999969750643,1.22214628652442,0.30249378854378534
-21.94999936595559,-44.249999698251486,1.2637281386416934,0.26097722973374027
-21.94999936595559,-44.64999970421195,1.2008925934871162,0.3000000074505806
-21.899999365210533,-44.69999970495701,1.2500000216066838,0.25276926365365854
-21.899999365210533,-45.14999971166253,1.2000000208616257,0.3000000074505806
-21.849999364465475,-45.19999971240759,1.2500000216066838,0.25276926365365854
-21.849999364465475,-45.64999971911311,1.2008925934871162,0.3000000074505806
-21.799999363720417,-45.69999971985817,1.2500000216066838,0.25276926365365854
-21.799999363720417,-46.049999725073576,1.2142135834465193,0.3000000074505806
-21.74999936297536,-46.099999725818634,1.2577379954333137,0.25276926365365854
-21.74999936297536,-46.4999997317791,1.2317821276628513,0.3000000074505806
-21.6999993622303,-46.54999973252416,1.2713939188816938,0.25276926365365854
-21.6999993622303,-46.99999973922968,1.2430869904698527,0.30990195895740963
-21.649999361485243,-47.04999973997474,1.2807093115603727,0.27434165609349825
-21.649999361485243,-47.349999744445086,1.2142135834465193,0.3000000074505806
-21.599999360740185,-47.399999745190144,1.256021999552522,0.25276926365365854
-21.599999360740185,-47.599999748170376,1.2142135834465193,0.3000000074505806
-21.549999359995127,-47.649999748915434,1.256021999552522,0.2500000067055225
-21.549999359995127,-47.899999752640724,1.2080128050138979,0.30249378854378534
-21.49999935925007,-47.94999975338578,1.2430869904698527,0.26097722973374027
-21.49999935925007,-48.099999755620956,1.2142135834465193,0.30249378854378534
-21.44999935850501,-48.149999756366014,1.256021999552522,0.26097722973374027
-21.44999935850501,-48.29999975860119,1.22214628652442,0.30249378854378534
-21.399999357759953,-48.34999975934625,1.256021999552522,0.26097722973374027
-21.399999357759953,-48.49999976158142,1.22214628652442,0.30249378854378534
-21.349999357014894,-48.54999976232648,1.2637281386416934,0.26097722973374027
-21.349999357014894,-48.69999976456165,1.2317821276628513,0.30249378854378534
-21.299999356269836,-48.74999976530671,1.2713939188816938,0.26097722973374027
-21.299999356269836,-48.94999976828694,1.2115594423831848,0.30249378854378534
-21.24999935552478,-48.999999769032,1.2396180263407768,0.26097722973374027
-21.24999935552478,-49.09999977052212,1.2080128050138979,0.29244289742777607
-21.19999935477972,-49.149999771267176,1.2396180263407768,0.25276926365365854
-21.19999935477972,-49.29999977350235,1.1928388484733279,0.29244289742777607
-21.149999354034662,-49.34999977424741,1.2230249682804948,0.2716990636316938
-21.149999354034662,-49.399999774992466,1.2080128050138979,0.29244289742777607
-21.099999353289604,-49.449999775737524,1.2396180263407768,0.26097722973374027
-21.099999353289604,-49.54999977722764,1.2080128050138979,0.29244289742777607
-21.049999352544546,-49.5999997779727,1.2396180263407768,0.2716990636316938
-21.049999352544546,-49.649999778717756,1.2230249682804948,0.29244289742777607
-20.999999351799488,-49.699999779462814,1.256021999552522,0.2716990636316938
-20.999999351799488,-49.74999978020787,1.2396180263407768,0.29244289742777607
-20.94999935105443,-49.79999978095293,1.2705441388980891,0.26097722973374027
-20.94999935105443,-49.89999978244305,1.2150971908950816,0.29244289742777607
-20.899999350309372,-49.949999783188105,1.2326548995376616,0.2716990636316938
-20.899999350309372,-49.99999978393316,1.2089003013547874,0.29244289742777607
-20.849999349564314,-50.04999978467822,1.2317821276628513,0.2716990636316938
-20.849999349564314,-50.09999978542328,1.2089003013547874,0.29244289742777607
-20.799999348819256,-50.14999978616834,1.2317821276628513,0.2716990636316938
-20.799999348819256,-50.199999786913395,1.2089003013547874,0.29244289742777607
-20.749999348074198,-50.24999978765845,1.2317821276628513,0.2716990636316938
-20.749999348074198,-50.29999978840351,1.2089003013547874,0.29244289742777607
-20.69999934732914,-50.34999978914857,1.2317821276628513,0.2716990636316938
-20.69999934732914,-50.39999978989363,1.2089003013547874,0.3000000074505806
-20.599999345839024,-50.49999979138374,1.2534442070328695,0.2716990636316938
-20.599999345839024,-50.5499997921288,1.2300349859166906,0.29244289742777607
-20.549999345093966,-50.59999979287386,1.242220531676356,0.2716990636316938
-20.549999345093966,-50.64999979361892,1.2150971908950816,0.3000000074505806
-20.44999934360385,-50.749999795109034,1.2300349859166906,0.2716990636316938
-20.44999934360385,-50.79999979585409,1.2008925934871162,0.29244289742777607
-20.39999934285879,-50.84999979659915,1.2142135834465193,0.2716990636316938
-20.39999934285879,-50.89999979734421,1.1793114429667142,0.3000000074505806
-20.1499993391335,-51.1499998010695,1.221267061533719,0.2716990636316938
-20.1499993391335,-51.199999801814556,1.1901438981605426,0.3000000074505806
-19.599999330937862,-51.749999810010195,1.2142135834465193,0.2949747542062818
-19.549999330192804,-51.749999810010195,1.2495689230326823,0.26097722973374027
-19.299999326467514,-51.999999813735485,1.2142135834465193,0.2949747542062818
-19.249999325722456,-51.999999813735485,1.242220531676356,0.26097722973374027
-19.099999323487282,-52.14999981597066,1.2008925934871162,0.2949747542062818
-19.049999322742224,-52.14999981597066,1.2300349859166906,0.26097722973374027
-18.999999321997166,-52.19999981671572,1.2150971908950816,0.2716990636316938
-18.949999321252108,-52.19999981671572,1.242220531676356,0.24721360216395982
-18.84999931976199,-52.29999981820583,1.2150971908950816,0.29244289742777607
-18.799999319016933,-52.29999981820583,1.242220531676356,0.26097722973374027
-18.749999318271875,-52.34999981895089,1.2300349859166906,0.2716990636316938
-18.699999317526817,-52.34999981895089,1.2577379954333137,0.24721360216395982
-18.64999931678176,-52.39999981969595,1.242220531676356,0.2716990636316938
-18.5999993160367,-52.39999981969595,1.2705441388980891,0.24721360216395982
-18.499999314546585,-52.499999821186066,1.2317821276628513,0.29244289742777607
-18.449999313801527,-52.499999821186066,1.2534442070328695,0.26097722973374027
-18.39999931305647,-52.549999821931124,1.2317821276628513,0.2716990636316938
-18.34999931231141,-52.549999821931124,1.2534442070328695,0.24721360216395982
-18.299999311566353,-52.59999982267618,1.2230249682804948,0.2716990636316938
-18.249999310821295,-52.59999982267618,1.2396180263407768,0.24721360216395982
-18.199999310076237,-52.64999982342124,1.2115594423831848,0.2716990636316938
-18.14999930933118,-52.64999982342124,1.2317821276628513,0.24721360216395982
-18.09999930858612,-52.6999998241663,1.2089003013547874,0.2716990636316938
-18.049999307841063,-52.6999998241663,1.2317821276628513,0.24721360216395982
-17.999999307096004,-52.749999824911356,1.2089003013547874,0.27434165609349825
-17.89999930560589,-52.749999824911356,1.2534442070328695,0.24721360216395982
-17.84999930486083,-52.799999825656414,1.2317821276628513,0.2716990636316938
-17.799999304115772,-52.799999825656414,1.2534442070328695,0.24721360216395982
-17.749999303370714,-52.84999982640147,1.2230249682804948,0.27434165609349825
-17.699999302625656,-52.84999982640147,1.2396180263407768,0.26097722973374027
-17.649999301880598,-52.89999982714653,1.2115594423831848,0.30249378854378534
-17.499999299645424,-52.89999982714653,1.256021999552522,0.26097722973374027
-17.449999298900366,-52.94999982789159,1.22214628652442,0.29244289742777607
-17.34999929741025,-52.94999982789159,1.2430869904698527,0.26097722973374027
-17.29999929666519,-52.999999828636646,1.2080128050138979,0.29244289742777607
-17.149999294430017,-52.999999828636646,1.2430869904698527,0.25276926365365854
-17.09999929368496,-53.049999829381704,1.2080128050138979,0.29244289742777607
-16.899999290704727,-53.049999829381704,1.256021999552522,0.2500000067055225
-16.84999928995967,-53.09999983012676,1.22214628652442,0.3000000074505806
-16.54999928548932,-53.09999983012676,1.2713939188816938,0.2500000067055225
-16.499999284744263,-53.14999983087182,1.2317821276628513,0.3000000074505806
-15.449999269098043,-53.14999983087182,1.2317821276628513,0.3000000074505806
-15.399999268352985,-53.09999983012676,1.2713939188816938,0.2500000067055225
-15.149999264627695,-53.09999983012676,1.22214628652442,0.3000000074505806
-15.099999263882637,-53.049999829381704,1.256021999552522,0.2500000067055225
-14.949999261647463,-53.049999829381704,1.22214628652442,0.27434165609349825
-14.899999260902405,-52.999999828636646,1.2577379954333137,0.24721360216395982
-14.799999259412289,-52.999999828636646,1.2230249682804948,0.29244289742777607
-14.74999925866723,-52.94999982789159,1.2534442070328695,0.26097722973374027
-14.649999257177114,-52.94999982789159,1.2115594423831848,0.29244289742777607
-14.599999256432056,-52.89999982714653,1.2396180263407768,0.26097722973374027
-14.549999255686998,-52.89999982714653,1.2230249682804948,0.27434165609349825
-14.49999925494194,-52.84999982640147,1.2534442070328695,0.24721360216395982
-14.449999254196882,-52.84999982640147,1.2317821276628513,0.2716990636316938
-14.399999253451824,-52.799999825656414,1.2577379954333137,0.24721360216395982
-14.299999251961708,-52.799999825656414,1.2230249682804948,0.29244289742777607
-14.199999250471592,-52.6999998241663,1.2705441388980891,0.24721360216395982
-14.149999249726534,-52.6999998241663,1.242220531676356,0.2716990636316938
-14.099999248981476,-52.64999982342124,1.2577379954333137,0.24721360216395982
-14.049999248236418,-52.64999982342124,1.2326548995376616,0.2716990636316938
-13.99999924749136,-52.59999982267618,1.2534442070328695,0.26097722973374027
-13.949999246746302,-52.59999982267618,1.2317821276628513,0.29244289742777607
-13.849999245256186,-52.499999821186066,1.2705441388980891,0.24721360216395982
-13.799999244511127,-52.499999821186066,1.242220531676356,0.2716990636316938
-13.74999924376607,-52.44999982044101,1.2577379954333137,0.24721360216395982
-13.699999243021011,-52.44999982044101,1.2326548995376616,0.2716990636316938
-13.649999242275953,-52.39999981969595,1.2534442070328695,0.24721360216395982
-13.599999241530895,-52.39999981969595,1.2300349859166906,0.2716990636316938
-13.549999240785837,-52.34999981895089,1.242220531676356,0.24721360216395982
-13.49999924004078,-52.34999981895089,1.2150971908950816,0.2716990636316938
-13.449999239295721,-52.29999981820583,1.2326548995376616,0.26097722973374027
-13.399999238550663,-52.29999981820583,1.2089003013547874,0.29244289742777607
-13.299999237060547,-52.19999981671572,1.2534442070328695,0.24721360216395982
-13.249999236315489,-52.19999981671572,1.2300349859166906,0.2716990636316938
-13.19999923557043,-52.14999981597066,1.242220531676356,0.24721360216395982
-13.149999234825373,-52.14999981597066,1.2150971908950816,0.2716990636316938
-13.099999234080315,-52.0999998152256,1.2326548995376616,0.24721360216395982
-13.049999233335257,-52.0999998152256,1.2089003013547874,0.2716990636316938
-12.999999232590199,-52.04999981448054,1.2317821276628513,0.24721360216395982
-12.94999923184514,-52.04999981448054,1.2089003013547874,0.2716990636316938
-12.899999231100082,-51.999999813735485,1.2300349859166906,0.26097722973374027
-12.849999230355024,-51.999999813735485,1.2008925934871162,0.2949747542062818
-12.69999922811985,-51.84999981150031,1.2495689230326823,0.26097722973374027
-12.649999227374792,-51.84999981150031,1.2142135834465193,0.2949747542062818
-12.44999922439456,-51.64999980852008,1.242220531676356,0.26097722973374027
-12.399999223649502,-51.64999980852008,1.2142135834465193,0.2949747542062818
-12.19999922066927,-51.449999805539846,1.2300349859166906,0.26097722973374027
-12.149999219924212,-51.449999805539846,1.2008925934871162,0.2949747542062818
-11.94999921694398,-51.249999802559614,1.221267061533719,0.26097722973374027
-11.899999216198921,-51.249999802559614,1.1901438981605426,0.2949747542062818
-11.699999213218689,-51.04999979957938,1.2159802469503793,0.26097722973374027
-11.649999212473631,-51.04999979957938,1.1829316892012207,0.2949747542062818
-11.199999205768108,-50.59999979287386,1.2495689230326823,0.26097722973374027
-11.14999920502305,-50.59999979287386,1.2142135834465193,0.2949747542062818
-10.599999196827412,-50.04999978467822,1.2159802469503793,0.26097722973374027
-10.549999196082354,-50.04999978467822,1.1829316892012207,0.2949747542062818
-9.899999186396599,-49.399999774992466,1.2142135834465193,0.26097722973374027
-9.84999918565154,-49.399999774992466,1.1788582438603563,0.2949747542062818
-9.09999917447567,-48.649999763816595,1.2142135834465193,0.26097722973374027
-9.049999173730612,-48.649999763816595,1.1788582438603563,0.2949747542062818
-6.899999141693115,-46.4999997317791,1.2142135834465193,0.2949747542062818
-6.899999141693115,-46.44999973103404,1.2495689230326823,0.26097722973374027
-1.699999064207077,-41.249999653548,1.2142135834465193,0.2949747542062818
-1.699999064207077,-41.199999652802944,1.2495689230326823,0.26097722973374027
-1.2499990575015545,-40.74999964609742,1.2142135834465193,0.2949747542062818
-1.2499990575015545,-40.699999645352364,1.2495689230326823,0.26097722973374027
-0.799999050796032,-40.24999963864684,1.2142135834465193,0.2949747542062818
-0.799999050796032,-40.19999963790178,1.2495689230326823,0.26097722973374027
-0.3499990440905094,-39.74999963119626,1.2142135834465193,0.2949747542062818
-0.3499990440905094,-39.6999996304512,1.2495689230326823,0.26097722973374027
0.10000096261501312,-39.24999962374568,1.2142135834465193,0.2949747542062818
0.10000096261501312,-39.19999962300062,1.2495689230326823,0.26097722973374027
0.5500009693205357,-38.7499996162951,1.2142135834465193,0.2949747542062818
0.5500009693205357,-38.69999961555004,1.2495689230326823,0.26097722973374027
1.0000009760260582,-38.24999960884452,1.2142135834465193,0.2949747542062818
1.0000009760260582,-38.19999960809946,1.2495689230326823,0.26097722973374027
1.4500009827315807,-37.74999960139394,1.2142135834465193,0.2949747542062818
1.4500009827315807,-37.69999960064888,1.2495689230326823,0.26097722973374027
1.8500009886920452,-37.299999594688416,1.2142135834465193,0.2949747542062818
1.8500009886920452,-37.24999959394336,1.2495689230326823,0.26097722973374027
2.3000009953975677,-36.799999587237835,1.2142135834465193,0.2949747542062818
2.3000009953975677,-36.74999958649278,1.2495689230326823,0.26097722973374027
2.7500010021030903,-36.299999579787254,1.2142135834465193,0.2949747542062818
2.7500010021030903,-36.249999579042196,1.2495689230326823,0.26097722973374027
3.200001008808613,-35.799999572336674,1.2142135834465193,0.2949747542062818
3.200001008808613,-35.749999571591616,1.2495689230326823,0.26097722973374027
3.6500010155141354,-35.29999956488609,1.2142135834465193,0.2949747542062818
3.6500010155141354,-35.249999564141035,1.2495689230326823,0.26097722973374027
4.100001022219658,-34.79999955743551,1.2142135834465193,0.2949747542062818
4.100001022219658,-34.749999556690454,1.2495689230326823,0.26097722973374027
4.55000102892518,-34.29999954998493,1.2142135834465193,0.2949747542062818
4.55000102892518,-34.249999549239874,1.2495689230326823,0.26097722973374027
5.000001035630703,-33.79999954253435,1.2142135834465193,0.2949747542062818
5.000001035630703,-33.74999954178929,1.2495689230326823,0.26097722973374027
5.4500010423362255,-33.29999953508377,1.2142135834465193,0.2949747542062818
5.4500010423362255,-33.24999953433871,1.2495689230326823,0.26097722973374027
5.900001049041748,-32.79999952763319,1.2142135834465193,0.2949747542062818
5.900001049041748,-32.74999952688813,1.2495689230326823,0.26097722973374027
6.350001055747271,-32.29999952018261,1.2142135834465193,0.2949747542062818
6.350001055747271,-32.24999951943755,1.2495689230326823,0.26097722973374027
6.800001062452793,-31.79999951273203,1.2142135834465193,0.2949747542062818
6.800001062452793,-31.74999951198697,1.2495689230326823,0.26097722973374027
7.200001068413258,-31.349999506026506,1.2142135834465193,0.2949747542062818
7.200001068413258,-31.29999950528145,1.2495689230326823,0.26097722973374027
7.65000107511878,-30.849999498575926,1.2142135834465193,0.2949747542062818
7.65000107511878,-30.799999497830868,1.2495689230326823,0.26097722973374027
8.100001081824303,-30.349999491125345,1.2142135834465193,0.2949747542062818
8.100001081824303,-30.299999490380287,1.2495689230326823,0.26097722973374027
8.550001088529825,-29.849999483674765,1.2142135834465193,0.2949747542062818
8.550001088529825,-29.799999482929707,1.2495689230326823,0.26097722973374027
9.000001095235348,-29.349999476224184,1.2142135834465193,0.2949747542062818
9.000001095235348,-29.299999475479126,1.2495689230326823,0.26097722973374027
9.45000110194087,-28.849999468773603,1.2142135834465193,0.2949747542062818
9.45000110194087,-28.799999468028545,1.2495689230326823,0.26097722973374027
9.900001108646393,-28.349999461323023,1.2142135834465193,0.2949747542062818
9.900001108646393,-28.299999460577965,1.2495689230326823,0.26097722973374027
10.350001115351915,-27.849999453872442,1.2142135834465193,0.2949747542062818
10.350001115351915,-27.799999453127384,1.2495689230326823,0.26097722973374027
10.800001122057438,-27.34999944642186,1.2142135834465193,0.2949747542062818
10.800001122057438,-27.299999445676804,1.2495689230326823,0.26097722973374027
11.25000112876296,-26.84999943897128,1.2142135834465193,0.2949747542062818
11.25000112876296,-26.799999438226223,1.2495689230326823,0.26097722973374027
11.700001135468483,-26.3499994315207,1.2142135834465193,0.2949747542062818
11.700001135468483,-26.299999430775642,1.2495689230326823,0.26097722973374027
12.150001142174006,-25.84999942407012,1.2142135834465193,0.2949747542062818
12.150001142174006,-25.799999423325062,1.2495689230326823,0.26097722973374027
12.55000114813447,-25.399999417364597,1.2142135834465193,0.2949747542062818
12.55000114813447,-25.34999941661954,1.2495689230326823,0.26097722973374027
13.000001154839993,-24.899999409914017,1.2142135834465193,0.2949747542062818
13.000001154839993,-24.84999940916896,1.2495689230326823,0.26097722973374027
13.450001161545515,-24.399999402463436,1.2142135834465193,0.2949747542062818
13.450001161545515,-24.349999401718378,1.2495689230326823,0.26097722973374027
13.900001168251038,-23.899999395012856,1.2142135834465193,0.2949747542062818
13.900001168251038,-23.849999394267797,1.2495689230326823,0.26097722973374027
14.35000117495656,-23.399999387562275,1.2142135834465193,0.2949747542062818
14.35000117495656,-23.349999386817217,1.2495689230326823,0.26097722973374027
14.800001181662083,-22.899999380111694,1.2142135834465193,0.2949747542062818
14.800001181662083,-22.849999379366636,1.2495689230326823,0.26097722973374027
15.250001188367605,-22.399999372661114,1.2142135834465193,0.2949747542062818
15.250001188367605,-22.349999371916056,1.2495689230326823,0.26097722973374027
15.700001195073128,-21.899999365210533,1.2142135834465193,0.2949747542062818
15.700001195073128,-21.849999364465475,1.2495689230326823,0.26097722973374027
16.15000120177865,-21.399999357759953,1.2142135834465193,0.2949747542062818
16.15000120177865,-21.349999357014894,1.2495689230326823,0.26097722973374027
16.600001208484173,-20.899999350309372,1.2142135834465193,0.2949747542062818
16.600001208484173,-20.849999349564314,1.2495689230326823,0.26097722973374027
17.050001215189695,-20.39999934285879,1.2142135834465193,0.2949747542062818
17.050001215189695,-20.349999342113733,1.2495689230326823,0.26097722973374027
17.500001221895218,-19.89999933540821,1.2142135834465193,0.2949747542062818
17.500001221895218,-19.849999334663153,1.2495689230326823,0.26097722973374027
17.900001227855682,-19.449999328702688,1.2142135834465193,0.2949747542062818
17.900001227855682,-19.39999932795763,1.2495689230326823,0.26097722973374027
18.350001234561205,-18.949999321252108,1.2142135834465193,0.2949747542062818
18.350001234561205,-18.89999932050705,1.2495689230326823,0.26097722973374027
18.800001241266727,-18.449999313801527,1.2142135834465193,0.2949747542062818
18.800001241266727,-18.39999931305647,1.2495689230326823,0.26097722973374027
19.25000124797225,-17.949999306350946,1.2142135834465193,0.2949747542062818
19.25000124797225,-17.89999930560589,1.2495689230326823,0.26097722973374027
20.200001262128353,-16.949999291449785,1.2495689230326823,0.26097722973374027
20.25000126287341,-16.949999291449785,1.2142135834465193,0.2949747542062818
20.450001265853643,-16.749999288469553,1.2142135834465193,0.26097722973374027
20.5000012665987,-16.749999288469553,1.1788582438603563,0.2949747542062818
20.75000127032399,-16.499999284744263,1.2150971908950816,0.2596194146201188
20.80000127106905,-16.499999284744263,1.1892444196463352,0.2949747542062818
20.950001273304224,-16.34999928250909,1.2300349859166906,0.26097722973374027
21.000001274049282,-16.34999928250909,1.2008925934871162,0.2949747542062818
21.200001277029514,-16.149999279528856,1.2577379954333137,0.26097722973374027
21.250001277774572,-16.149999279528856,1.2300349859166906,0.2949747542062818
21.400001280009747,-15.999999277293682,1.2705441388980891,0.24721360216395982
21.450001280754805,-15.999999277293682,1.242220531676356,0.2716990636316938
21.500001281499863,-15.949999276548624,1.2534442070328695,0.26097722973374027
21.55000128224492,-15.949999276548624,1.221267061533719,0.29244289742777607
21.650001283735037,-15.849999275058508,1.242220531676356,0.24721360216395982
21.700001284480095,-15.849999275058508,1.2150971908950816,0.2716990636316938
21.750001285225153,-15.79999927431345,1.2326548995376616,0.24721360216395982
21.80000128597021,-15.79999927431345,1.2089003013547874,0.2716990636316938
21.85000128671527,-15.749999273568392,1.2317821276628513,0.24721360216395982
21.900001287460327,-15.749999273568392,1.2089003013547874,0.2716990636316938
21.950001288205385,-15.699999272823334,1.2317821276628513,0.26097722973374027
22.000001288950443,-15.699999272823334,1.2089003013547874,0.29244289742777607
22.10000129044056,-15.599999271333218,1.2534442070328695,0.24721360216395982
22.150001291185617,-15.599999271333218,1.2317821276628513,0.2716990636316938
22.200001291930676,-15.54999927058816,1.2534442070328695,0.24721360216395982
22.250001292675734,-15.54999927058816,1.2317821276628513,0.2716990636316938
22.30000129342079,-15.499999269843102,1.2534442070328695,0.24721360216395982
22.35000129416585,-15.499999269843102,1.2317821276628513,0.2716990636316938
22.400001294910908,-15.449999269098043,1.2534442070328695,0.26097722973374027
22.450001295655966,-15.449999269098043,1.2317821276628513,0.29244289742777607
22.500001296401024,-15.399999268352985,1.2534442070328695,0.2716990636316938
22.550001297146082,-15.399999268352985,1.2317821276628513,0.29244289742777607
22.60000129789114,-15.349999267607927,1.2534442070328695,0.2716990636316938
22.650001298636198,-15.349999267607927,1.2317821276628513,0.29244289742777607
22.700001299381256,-15.29999926686287,1.2577379954333137,0.2716990636316938
22.750001300126314,-15.29999926686287,1.2396180263407768,0.29244289742777607
22.800001300871372,-15.249999266117811,1.2705441388980891,0.26097722973374027
22.90000130236149,-15.249999266117811,1.2317821276628513,0.29244289742777607
22.950001303106546,-15.199999265372753,1.2534442070328695,0.26097722973374027
23.000001303851604,-15.199999265372753,1.2317821276628513,0.27434165609349825
23.050001304596663,-15.149999264627695,1.2534442070328695,0.24721360216395982
23.10000130534172,-15.149999264627695,1.2317821276628513,0.2716990636316938
23.15000130608678,-15.099999263882637,1.2534442070328695,0.24721360216395982
23.250001307576895,-15.099999263882637,1.2115594423831848,0.27434165609349825
23.300001308321953,-15.049999263137579,1.2396180263407768,0.24721360216395982
23.40000130981207,-15.049999263137579,1.2080128050138979,0.27434165609349825
23.450001310557127,-14.999999262392521,1.2396180263407768,0.24721360216395982
23.550001312047243,-14.999999262392521,1.2080128050138979,0.27434165609349825
23.6000013127923,-14.949999261647463,1.2396180263407768,0.24721360216395982
23.700001314282417,-14.949999261647463,1.2080128050138979,0.29244289742777607
23.750001315027475,-14.899999260902405,1.2430869904698527,0.26097722973374027
23.85000131651759,-14.899999260902405,1.22214628652442,0.29244289742777607
23.90000131726265,-14.849999260157347,1.256021999552522,0.26097722973374027
24.000001318752766,-14.849999260157347,1.2230249682804948,0.29244289742777607
24.050001319497824,-14.799999259412289,1.256021999552522,0.2716990636316938
24.10000132024288,-14.799999259412289,1.2396180263407768,0.29244289742777607
24.15000132098794,-14.74999925866723,1.2705441388980891,0.26097722973374027
24.250001322478056,-14.74999925866723,1.2430869904698527,0.29244289742777607
24.300001323223114,-14.699999257922173,1.2807093115603727,0.26097722973374027
24.450001325458288,-14.699999257922173,1.2396180263407768,0.30249378854378534
24.500001326203346,-14.649999257177114,1.2705441388980891,0.26097722973374027
24.65000132843852,-14.649999257177114,1.2317821276628513,0.30249378854378534
24.70000132918358,-14.599999256432056,1.2705441388980891,0.26097722973374027
24.800001330673695,-14.599999256432056,1.2396180263407768,0.29244289742777607
24.850001331418753,-14.549999255686998,1.2705441388980891,0.26097722973374027
25.000001333653927,-14.549999255686998,1.2230249682804948,0.30249378854378534
25.050001334398985,-14.49999925494194,1.256021999552522,0.26097722973374027
25.20000133663416,-14.49999925494194,1.22214628652442,0.30249378854378534
25.250001337379217,-14.449999254196882,1.256021999552522,0.26097722973374027
25.40000133961439,-14.449999254196882,1.2080128050138979,0.30249378854378534
25.45000134035945,-14.399999253451824,1.2430869904698527,0.26097722973374027
25.550001341849566,-14.399999253451824,1.22214628652442,0.29244289742777607
25.600001342594624,-14.349999252706766,1.256021999552522,0.26097722973374027
25.750001344829798,-14.349999252706766,1.22214628652442,0.30249378854378534
25.800001345574856,-14.299999251961708,1.256021999552522,0.26097722973374027
25.95000134781003,-14.299999251961708,1.2080128050138979,0.30249378854378534
26.000001348555088,-14.24999925121665,1.2430869904698527,0.26097722973374027
26.150001350790262,-14.24999925121665,1.2080128050138979,0.30249378854378534
26.20000135153532,-14.199999250471592,1.2430869904698527,0.26097722973374027
26.350001353770494,-14.199999250471592,1.2080128050138979,0.30249378854378534
26.400001354515553,-14.149999249726534,1.2430869904698527,0.26097722973374027
26.50000135600567,-14.149999249726534,1.22214628652442,0.29244289742777607
26.550001356750727,-14.099999248981476,1.256021999552522,0.26097722973374027
26.7000013589859,-14.099999248981476,1.22214628652442,0.30249378854378534
26.75000135973096,-14.049999248236418,1.256021999552522,0.26097722973374027
26.900001361966133,-14.049999248236418,1.2080128050138979,0.30249378854378534
26.95000136271119,-13.99999924749136,1.2430869904698527,0.26097722973374027
27.100001364946365,-13.99999924749136,1.2080128050138979,0.30249378854378534
27.150001365691423,-13.949999246746302,1.2430869904698527,0.26097722973374027
27.25000136718154,-13.949999246746302,1.2115594423831848,0.29244289742777607
27.300001367926598,-13.899999246001244,1.2396180263407768,0.26097722973374027
27.350001368671656,-13.899999246001244,1.2230249682804948,0.27434165609349825
27.400001369416714,-13.849999245256186,1.256021999552522,0.24721360216395982
27.50000137090683,-13.849999245256186,1.2230249682804948,0.29244289742777607
27.550001371651888,-13.799999244511127,1.2534442070328695,0.26097722973374027
27.650001373142004,-13.799999244511127,1.2115594423831848,0.29244289742777607
27.700001373887062,-13.74999924376607,1.2396180263407768,0.26097722973374027
27.75000137463212,-13.74999924376607,1.2230249682804948,0.27434165609349825
27.800001375377178,-13.699999243021011,1.256021999552522,0.24721360216395982
27.900001376867294,-13.699999243021011,1.2230249682804948,0.29244289742777607
27.950001377612352,-13.649999242275953,1.2534442070328695,0.26097722973374027
28.05000137910247,-13.649999242275953,1.2115594423831848,0.29244289742777607
28.100001379847527,-13.599999241530895,1.2396180263407768,0.26097722973374027
28.150001380592585,-13.599999241530895,1.2230249682804948,0.27434165609349825
28.200001381337643,-13.549999240785837,1.256021999552522,0.24721360216395982
28.2500013820827,-13.549999240785837,1.2326548995376616,0.2716990636316938
28.30000138282776,-13.49999924004078,1.2534442070328695,0.24721360216395982
28.350001383572817,-13.49999924004078,1.2317821276628513,0.2716990636316938
28.400001384317875,-13.449999239295721,1.2534442070328695,0.24721360216395982
28.450001385062933,-13.449999239295721,1.2300349859166906,0.2716990636316938
28.50000138580799,-13.399999238550663,1.242220531676356,0.26097722973374027
28.55000138655305,-13.399999238550663,1.2150971908950816,0.29244289742777607
28.650001388043165,-13.299999237060547,1.2534442070328695,0.24721360216395982
28.700001388788223,-13.299999237060547,1.2317821276628513,0.2716990636316938
28.75000138953328,-13.249999236315489,1.2534442070328695,0.26097722973374027
28.80000139027834,-13.249999236315489,1.2300349859166906,0.29244289742777607
28.900001391768456,-13.149999234825373,1.2534442070328695,0.24721360216395982
28.950001392513514,-13.149999234825373,1.221267061533719,0.2716990636316938
29.00000139325857,-13.099999234080315,1.2300349859166906,0.26097722973374027
29.05000139400363,-13.099999234080315,1.2008925934871162,0.2949747542062818
29.30000139772892,-12.849999230355024,1.2300349859166906,0.26097722973374027
29.350001398473978,-12.849999230355024,1.2008925934871162,0.2949747542062818
29.750001404434443,-12.44999922439456,1.2008925934871162,0.2949747542062818
29.750001404434443,-12.399999223649502,1.2300349859166906,0.26097722973374027
30.000001408159733,-12.149999219924212,1.2142135834465193,0.2949747542062818
30.000001408159733,-12.099999219179153,1.242220531676356,0.26097722973374027
30.10000140964985,-11.999999217689037,1.2150971908950816,0.29244289742777607
30.10000140964985,-11.94999921694398,1.242220531676356,0.26097722973374027
30.200001411139965,-11.849999215453863,1.2089003013547874,0.29244289742777607
30.200001411139965,-11.799999214708805,1.2326548995376616,0.26097722973374027
30.250001411885023,-11.749999213963747,1.2150971908950816,0.2716990636316938
30.250001411885023,-11.699999213218689,1.242220531676356,0.24721360216395982
30.35000141337514,-11.599999211728573,1.2150971908950816,0.29244289742777607
30.35000141337514,-11.549999210983515,1.242220531676356,0.26097722973374027
30.400001414120197,-11.499999210238457,1.2300349859166906,0.2716990636316938
30.400001414120197,-11.449999209493399,1.2534442070328695,0.24721360216395982
30.450001414865255,-11.39999920874834,1.2326548995376616,0.2716990636316938
30.450001414865255,-11.349999208003283,1.2577379954333137,0.24721360216395982
30.500001415610313,-11.299999207258224,1.2317821276628513,0.2716990636316938
30.500001415610313,-11.249999206513166,1.2534442070328695,0.24721360216395982
30.55000141635537,-11.199999205768108,1.2317821276628513,0.27434165609349825
30.55000141635537,-11.14999920502305,1.2534442070328695,0.26097722973374027
30.60000141710043,-11.099999204277992,1.2230249682804948,0.29244289742777607
30.60000141710043,-10.999999202787876,1.2577379954333137,0.24721360216395982
30.650001417845488,-10.949999202042818,1.2317821276628513,0.2716990636316938
30.650001417845488,-10.89999920129776,1.2534442070328695,0.24721360216395982
30.700001418590546,-10.849999200552702,1.2230249682804948,0.27434165609349825
30.700001418590546,-10.799999199807644,1.2396180263407768,0.26097722973374027
30.750001419335604,-10.749999199062586,1.2115594423831848,0.29244289742777607
30.750001419335604,-10.64999919757247,1.2534442070328695,0.26097722973374027
30.80000142008066,-10.599999196827412,1.22214628652442,0.30249378854378534
30.80000142008066,-10.449999194592237,1.256021999552522,0.26097722973374027
30.85000142082572,-10.39999919384718,1.22214628652442,0.29244289742777607
30.85000142082572,-10.249999191612005,1.256021999552522,0.25276926365365854
30.900001421570778,-10.199999190866947,1.22214628652442,0.3000000074505806
30.900001421570778,-9.799999184906483,1.2713939188816938,0.2500000067055225
30.950001422315836,-9.749999184161425,1.2317821276628513,0.3000000074505806
30.950001422315836,-9.09999917447567,1.2317821276628513,0.3000000074505806
30.900001421570778,-9.049999173730612,1.2713939188816938,0.2500000067055225
30.900001421570778,-8.699999168515205,1.22214628652442,0.3000000074505806
30.85000142082572,-8.649999167770147,1.256021999552522,0.25276926365365854
30.85000142082572,-8.449999164789915,1.2080128050138979,0.3000000074505806
30.80000142008066,-8.399999164044857,1.2430869904698527,0.25276926365365854
30.80000142008066,-8.249999161809683,1.2080128050138979,0.29244289742777607
30.750001419335604,-8.199999161064625,1.2430869904698527,0.26097722973374027
30.750001419335604,-8.099999159574509,1.22214628652442,0.29244289742777607
30.700001418590546,-8.04999915882945,1.256021999552522,0.26097722973374027
30.700001418590546,-7.9499991573393345,1.2230249682804948,0.29244289742777607
30.650001417845488,-7.899999156594276,1.2534442070328695,0.2716990636316938
30.650001417845488,-7.849999155849218,1.2317821276628513,0.29244289742777607
30.60000141710043,-7.79999915510416,1.2577379954333137,0.26097722973374027
30.60000141710043,-7.699999153614044,1.2230249682804948,0.29244289742777607
30.55000141635537,-7.649999152868986,1.2534442070328695,0.26097722973374027
30.55000141635537,-7.54999915137887,1.2115594423831848,0.29244289742777607
30.500001415610313,-7.499999150633812,1.2396180263407768,0.26097722973374027
30.500001415610313,-7.449999149888754,1.2230249682804948,0.27434165609349825
30.450001414865255,-7.399999149143696,1.2534442070328695,0.24721360216395982
30.450001414865255,-7.29999914765358,1.2115594423831848,0.27434165609349825
30.400001414120197,-7.249999146908522,1.2396180263407768,0.24721360216395982
30.400001414120197,-7.199999146163464,1.2230249682804948,0.2716990636316938
30.35000141337514,-7.1499991454184055,1.2534442070328695,0.24721360216395982
30.35000141337514,-7.049999143928289,1.2115594423831848,0.27434165609349825
30.30000141263008,-6.999999143183231,1.2396180263407768,0.24721360216395982
30.30000141263008,-6.949999142438173,1.2230249682804948,0.2716990636316938
30.250001411885023,-6.899999141693115,1.2534442070328695,0.24721360216395982
30.250001411885023,-6.849999140948057,1.2317821276628513,0.2716990636316938
30.200001411139965,-6.799999140202999,1.2534442070328695,0.24721360216395982
30.200001411139965,-6.699999138712883,1.2115594423831848,0.27434165609349825
30.150001410394907,-6.649999137967825,1.2396180263407768,0.24721360216395982
30.150001410394907,-6.599999137222767,1.2230249682804948,0.2716990636316938
30.10000140964985,-6.549999136477709,1.2534442070328695,0.24721360216395982
30.10000140964985,-6.449999134987593,1.2115594423831848,0.27434165609349825
30.05000140890479,-6.399999134242535,1.2396180263407768,0.24721360216395982
30.05000140890479,-6.349999133497477,1.2230249682804948,0.2716990636316938
30.000001408159733,-6.2999991327524185,1.2534442070328695,0.24721360216395982
30.000001408159733,-6.199999131262302,1.2115594423831848,0.29244289742777607
29.950001407414675,-6.149999130517244,1.2396180263407768,0.26097722973374027
29.950001407414675,-6.099999129772186,1.2230249682804948,0.27434165609349825
29.900001406669617,-6.049999129027128,1.256021999552522,0.24721360216395982
29.900001406669617,-5.949999127537012,1.2230249682804948,0.29244289742777607
29.85000140592456,-5.899999126791954,1.256021999552522,0.26097722973374027
29.85000140592456,-5.799999125301838,1.2230249682804948,0.29244289742777607
29.8000014051795,-5.74999912455678,1.256021999552522,0.2716990636316938
29.8000014051795,-5.699999123811722,1.2396180263407768,0.29244289742777607
29.750001404434443,-5.649999123066664,1.2705441388980891,0.2716990636316938
29.750001404434443,-5.599999122321606,1.2534442070328695,0.29244289742777607
29.700001403689384,-5.549999121576548,1.2773286922833285,0.26097722973374027
29.700001403689384,-5.399999119341373,1.2230249682804948,0.30249378854378534
29.650001402944326,-5.349999118596315,1.256021999552522,0.26097722973374027
29.650001402944326,-5.249999117106199,1.2230249682804948,0.29244289742777607
29.60000140219927,-5.199999116361141,1.256021999552522,0.26097722973374027
29.60000140219927,-5.049999114125967,1.2080128050138979,0.30249378854378534
29.55000140145421,-4.999999113380909,1.2396180263407768,0.26097722973374027
29.55000140145421,-4.899999111890793,1.2080128050138979,0.29244289742777607
29.500001400709152,-4.849999111145735,1.2396180263407768,0.26097722973374027
29.500001400709152,-4.749999109655619,1.2080128050138979,0.29244289742777607
29.450001399964094,-4.699999108910561,1.2430869904698527,0.25276926365365854
29.450001399964094,-4.499999105930328,1.2080128050138979,0.30249378854378534
29.400001399219036,-4.44999910518527,1.2534442070328695,0.26097722973374027
29.400001399219036,-4.299999102950096,1.22214628652442,0.3000000074505806
29.350001398473978,-4.249999102205038,1.2637281386416934,0.2500000067055225
29.350001398473978,-3.9999990984797478,1.22214628652442,0.3000000074505806
29.30000139772892,-3.9499990977346897,1.2637281386416934,0.2500000067055225
29.30000139772892,-2.549999076873064,1.2713939188816938,0.2500000067055225
29.350001398473978,-2.499999076128006,1.2317821276628513,0.3000000074505806
29.350001398473978,-2.2999990731477737,1.2577379954333137,0.26097722973374027
29.400001399219036,-2.2499990724027157,1.2142135834465193,0.30249378854378534
29.400001399219036,-2.0999990701675415,1.2430869904698527,0.26097722973374027
29.450001399964094,-2.0499990694224834,1.2035669056765963,0.30249378854378534
29.450001399964094,-1.8499990664422512,1.2317821276628513,0.25276926365365854
29.500001400709152,-1.7999990656971931,1.19463258887978,0.3000000074505806
29.500001400709152,-1.649999063462019,1.2396180263407768,0.26097722973374027
29.55000140145421,-1.599999062716961,1.2080128050138979,0.30249378854378534
29.55000140145421,-1.4499990604817867,1.256021999552522,0.26097722973374027
29.60000140219927,-1.3999990597367287,1.2230249682804948,0.30249378854378534
29.60000140219927,-1.2499990575015545,1.2705441388980891,0.26097722973374027
29.650001402944326,-1.1999990567564964,1.2396180263407768,0.29244289742777607
29.650001402944326,-1.1499990560114384,1.256021999552522,0.2716990636316938
29.700001403689384,-1.0999990552663803,1.2230249682804948,0.29244289742777607
29.700001403689384,-0.9999990537762642,1.256021999552522,0.26097722973374027
29.750001404434443,-0.9499990530312061,1.2230249682804948,0.29244289742777607
29.750001404434443,-0.84999905154109,1.256021999552522,0.24721360216395982
29.8000014051795,-0.799999050796032,1.2230249682804948,0.27434165609349825
29.8000014051795,-0.7499990500509739,1.2396180263407768,0.26097722973374027
29.85000140592456,-0.6999990493059158,1.2115594423831848,0.29244289742777607
29.85000140592456,-0.5999990478157997,1.2534442070328695,0.24721360216395982
29.900001406669617,-0.5499990470707417,1.2317821276628513,0.27434165609349825
29.900001406669617,-0.4999990463256836,1.2534442070328695,0.26097722973374027
29.950001407414675,-0.44999904558062553,1.2317821276628513,0.29244289742777607
29.950001407414675,-0.3999990448355675,1.2534442070328695,0.2716990636316938
30.000001408159733,-0.3499990440905094,1.2317821276628513,0.29244289742777607
30.000001408159733,-0.2499990426003933,1.276482328024641,0.26097722973374027
30.05000140890479,-0.19999904185533524,1.2534442070328695,0.29244289742777607
30.05000140890479,-0.14999904111027718,1.276482328024641,0.2716990636316938
30.10000140964985,-0.09999904036521912,1.2534442070328695,0.29244289742777607
30.10000140964985,-0.049999039620161057,1.276482328024641,0.2716990636316938
30.150001410394907,9.611248970031738e-07,1.2534442070328695,0.29244289742777607
30.150001410394907,0.05000096186995506,1.276482328024641,0.26097722973374027
30.250001411885023,0.15000096336007118,1.2317821276628513,0.29244289742777607
30.250001411885023,0.20000096410512924,1.2534442070328695,0.2716990636316938
30.30000141263008,0.2500009648501873,1.2317821276628513,0.29244289742777607
30.30000141263008,0.30000096559524536,1.2534442070328695,0.2716990636316938
30.35000141337514,0.3500009663403034,1.2317821276628513,0.29244289742777607
30.35000141337514,0.4000009670853615,1.2534442070328695,0.2716990636316938
30.400001414120197,0.45000096783041954,1.2317821276628513,0.29244289742777607
30.400001414120197,0.5000009685754776,1.2534442070328695,0.26097722973374027
30.450001414865255,0.5500009693205357,1.2317821276628513,0.2716990636316938
30.450001414865255,0.6000009700655937,1.2534442070328695,0.24721360216395982
30.500001415610313,0.6500009708106518,1.2317821276628513,0.2716990636316938
30.500001415610313,0.7000009715557098,1.2534442070328695,0.24721360216395982
30.55000141635537,0.7500009723007679,1.2317821276628513,0.2716990636316938
30.55000141635537,0.800000973045826,1.2534442070328695,0.24721360216395982
30.650001417845488,0.9000009745359421,1.2089003013547874,0.29244289742777607
30.650001417845488,0.9500009752810001,1.2326548995376616,0.26097722973374027
30.700001418590546,1.0000009760260582,1.2150971908950816,0.2716990636316938
30.700001418590546,1.0500009767711163,1.242220531676356,0.24721360216395982
30.750001419335604,1.1000009775161743,1.2300349859166906,0.2716990636316938
30.750001419335604,1.1500009782612324,1.2577379954333137,0.24721360216395982
30.80000142008066,1.2000009790062904,1.242220531676356,0.2716990636316938
30.80000142008066,1.2500009797513485,1.2705441388980891,0.24721360216395982
30.900001421570778,1.3500009812414646,1.242220531676356,0.29244289742777607
30.900001421570778,1.4000009819865227,1.2705441388980891,0.26097722973374027
31.000001423060894,1.5000009834766388,1.242220531676356,0.29244289742777607
31.000001423060894,1.5500009842216969,1.2705441388980891,0.26097722973374027
31.150001425296068,1.700000986456871,1.2300349859166906,0.2949747542062818
31.150001425296068,1.750000987201929,1.2577379954333137,0.26097722973374027
31.250001426786184,1.8500009886920452,1.2300349859166906,0.29244289742777607
31.250001426786184,1.9000009894371033,1.2577379954333137,0.26097722973374027
31.3500014282763,2.0000009909272194,1.2300349859166906,0.29244289742777607
31.3500014282763,2.0500009916722775,1.2577379954333137,0.26097722973374027
31.450001429766417,2.1500009931623936,1.2300349859166906,0.29244289742777607
31.450001429766417,2.2000009939074516,1.2577379954333137,0.26097722973374027
31.60000143200159,2.350000996142626,1.2150971908950816,0.2949747542062818
31.60000143200159,2.400000996887684,1.242220531676356,0.26097722973374027
31.700001433491707,2.5000009983778,1.2150971908950816,0.29244289742777607
31.700001433491707,2.550000999122858,1.242220531676356,0.26097722973374027
31.800001434981823,2.650001000612974,1.2150971908950816,0.29244289742777607
31.800001434981823,2.7000010013580322,1.242220531676356,0.26097722973374027
31.90000143647194,2.8000010028481483,1.2150971908950816,0.29244289742777607
31.90000143647194,2.8500010035932064,1.242220531676356,0.26097722973374027
32.000001437962055,2.9500010050833225,1.2150971908950816,0.29244289742777607
32.000001437962055,3.0000010058283806,1.242220531676356,0.26097722973374027
32.15000144019723,3.1500010080635548,1.2008925934871162,0.2949747542062818
32.15000144019723,3.200001008808613,1.2300349859166906,0.26097722973374027
32.250001441687346,3.300001010298729,1.2008925934871162,0.29244289742777607
32.250001441687346,3.350001011043787,1.2300349859166906,0.26097722973374027
32.35000144317746,3.450001012533903,1.2008925934871162,0.29244289742777607
32.35000144317746,3.500001013278961,1.2300349859166906,0.26097722973374027
32.45000144466758,3.6000010147690773,1.2008925934871162,0.29244289742777607
32.45000144466758,3.6500010155141354,1.2300349859166906,0.26097722973374027
32.550001446157694,3.7500010170042515,1.2150971908950816,0.29244289742777607
32.550001446157694,3.8000010177493095,1.242220531676356,0.26097722973374027
32.70000144839287,3.9500010199844837,1.2008925934871162,0.2949747542062818
32.70000144839287,4.000001020729542,1.2300349859166906,0.26097722973374027
32.800001449882984,4.100001022219658,1.2150971908950816,0.29244289742777607
32.800001449882984,4.150001022964716,1.242220531676356,0.26097722973374027
32.95000145211816,4.30000102519989,1.2150971908950816,0.2949747542062818
32.95000145211816,4.350001025944948,1.242220531676356,0.26097722973374027
33.050001453608274,4.450001027435064,1.2150971908950816,0.29244289742777607
33.050001453608274,4.500001028180122,1.242220531676356,0.26097722973374027
33.20000145584345,4.6500010304152966,1.2150971908950816,0.2949747542062818
33.20000145584345,4.700001031160355,1.242220531676356,0.26097722973374027
33.300001457333565,4.800001032650471,1.221267061533719,0.29244289742777607
33.300001457333565,4.850001033395529,1.2534442070328695,0.26097722973374027
33.40000145882368,4.950001034885645,1.2300349859166906,0.29244289742777607
33.40000145882368,5.000001035630703,1.2534442070328695,0.26097722973374027
33.45000145956874,5.050001036375761,1.2317821276628513,0.2716990636316938
33.45000145956874,5.100001037120819,1.2534442070328695,0.24721360216395982
33.5000014603138,5.150001037865877,1.2317821276628513,0.2716990636316938
33.5000014603138,5.200001038610935,1.2534442070328695,0.24721360216395982
33.550001461058855,5.250001039355993,1.2317821276628513,0.2716990636316938
33.550001461058855,5.300001040101051,1.2534442070328695,0.24721360216395982
33.60000146180391,5.350001040846109,1.2317821276628513,0.27434165609349825
33.60000146180391,5.4000010415911674,1.2534442070328695,0.26097722973374027
33.65000146254897,5.4500010423362255,1.2317821276628513,0.29244289742777607
33.65000146254897,5.500001043081284,1.2534442070328695,0.2716990636316938
33.70000146329403,5.550001043826342,1.2317821276628513,0.29244289742777607
33.70000146329403,5.6000010445714,1.2534442070328695,0.2716990636316938
33.75000146403909,5.650001045316458,1.2317821276628513,0.29244289742777607
33.75000146403909,5.700001046061516,1.2534442070328695,0.2716990636316938
33.800001464784145,5.750001046806574,1.2230249682804948,0.29244289742777607
33.800001464784145,5.85000104829669,1.256021999552522,0.24721360216395982
33.8500014655292,5.900001049041748,1.2230249682804948,0.27434165609349825
33.8500014655292,5.950001049786806,1.2396180263407768,0.26097722973374027
33.90000146627426,6.000001050531864,1.2115594423831848,0.29244289742777607
33.90000146627426,6.10000105202198,1.2534442070328695,0.26097722973374027
33.95000146701932,6.150001052767038,1.2230249682804948,0.29244289742777607
33.95000146701932,6.2500010542571545,1.256021999552522,0.26097722973374027
34.00000146776438,6.3000010550022125,1.22214628652442,0.29244289742777607
34.00000146776438,6.450001057237387,1.256021999552522,0.25276926365365854
34.050001468509436,6.500001057982445,1.2142135834465193,0.3000000074505806
34.050001468509436,6.800001062452793,1.2713939188816938,0.2500000067055225
34.100001469254494,6.850001063197851,1.2317821276628513,0.3000000074505806
34.100001469254494,7.40000107139349,1.2317821276628513,0.3000000074505806
34.050001468509436,7.450001072138548,1.2713939188816938,0.2500000067055225
34.050001468509436,7.800001077353954,1.22214628652442,0.3000000074505806
34.00000146776438,7.850001078099012,1.256021999552522,0.25276926365365854
34.00000146776438,8.000001080334187,1.2080128050138979,0.29244289742777607
33.95000146701932,8.050001081079245,1.2430869904698527,0.25276926365365854
33.95000146701932,8.200001083314419,1.2080128050138979,0.29244289742777607
33.90000146627426,8.250001084059477,1.2396180263407768,0.26097722973374027
33.90000146627426,8.350001085549593,1.2080128050138979,0.29244289742777607
33.8500014655292,8.400001086294651,1.2430869904698527,0.26097722973374027
33.8500014655292,8.500001087784767,1.22214628652442,0.29244289742777607
33.800001464784145,8.550001088529825,1.2534442070328695,0.2716990636316938
33.800001464784145,8.600001089274883,1.2317821276628513,0.29244289742777607
33.75000146403909,8.650001090019941,1.2577379954333137,0.26097722973374027
33.75000146403909,8.750001091510057,1.2230249682804948,0.29244289742777607
33.70000146329403,8.800001092255116,1.2534442070328695,0.26097722973374027
33.70000146329403,8.900001093745232,1.2115594423831848,0.29244289742777607
33.65000146254897,8.95000109449029,1.2396180263407768,0.26097722973374027
33.65000146254897,9.000001095235348,1.2230249682804948,0.27434165609349825
33.60000146180391,9.050001095980406,1.2534442070328695,0.24721360216395982
33.60000146180391,9.150001097470522,1.2115594423831848,0.29244289742777607
33.550001461058855,9.20000109821558,1.2396180263407768,0.26097722973374027
33.550001461058855,9.250001098960638,1.2230249682804948,0.27434165609349825
33.5000014603138,9.300001099705696,1.2534442070328695,0.24721360216395982
33.5000014603138,9.400001101195812,1.2115594423831848,0.29244289742777607
33.45000145956874,9.45000110194087,1.2396180263407768,0.26097722973374027
33.45000145956874,9.500001102685928,1.2230249682804948,0.27434165609349825
33.40000145882368,9.550001103430986,1.2534442070328695,0.24721360216395982
33.40000145882368,9.650001104921103,1.2115594423831848,0.27434165609349825
33.35000145807862,9.70000110566616,1.2396180263407768,0.24721360216395982
33.35000145807862,9.750001106411219,1.2230249682804948,0.2716990636316938
33.300001457333565,9.800001107156277,1.2534442070328695,0.24721360216395982
33.300001457333565,9.900001108646393,1.2115594423831848,0.27434165609349825
33.25000145658851,9.95000110939145,1.2396180263407768,0.24721360216395982
33.25000145658851,10.050001110881567,1.2080128050138979,0.29244289742777607
33.20000145584345,10.100001111626625,1.2430869904698527,0.26097722973374027
33.20000145584345,10.200001113116741,1.22214628652442,0.29244289742777607
33.15000145509839,10.2500011138618,1.256021999552522,0.26097722973374027
33.15000145509839,10.400001116096973,1.22214628652442,0.30249378854378534
33.10000145435333,10.450001116842031,1.256021999552522,0.26097722973374027
33.10000145435333,10.600001119077206,1.2080128050138979,0.3000000074505806
33.050001453608274,10.650001119822264,1.2430869904698527,0.25276926365365854
33.050001453608274,10.850001122802496,1.2080128050138979,0.3000000074505806
33.000001452863216,10.900001123547554,1.2534442070328695,0.2500000067055225
33.000001452863216,11.150001127272844,1.22214628652442,0.3000000074505806
32.95000145211816,11.200001128017902,1.2637281386416934,0.25276926365365854
32.95000145211816,11.600001133978367,1.2430869904698527,0.30249378854378534
32.9000014513731,11.650001134723425,1.2807093115603727,0.26097722973374027
32.9000014513731,12.200001142919064,1.2317821276628513,0.3000000074505806
32.85000145062804,12.250001143664122,1.2713939188816938,0.2500000067055225
32.85000145062804,13.900001168251038,1.3000000223517418,0.27434165609349825
32.9000014513731,13.950001168996096,1.2500000216066838,0.30990195895740963
32.9000014513731,14.550001177936792,1.2713939188816938,0.2500000067055225
32.95000145211816,14.60000117868185,1.2317821276628513,0.3000000074505806
32.95000145211816,15.300001189112663,1.2577379954333137,0.2500000067055225
33.000001452863216,15.350001189857721,1.2142135834465193,0.3000000074505806
33.000001452863216,15.65000119432807,1.2713939188816938,0.2500000067055225
33.050001453608274,15.700001195073128,1.2317821276628513,0.3000000074505806
33.050001453608274,15.90000119805336,1.2713939188816938,0.26097722973374027
33.10000145435333,15.950001198798418,1.2317821276628513,0.30249378854378534
33.10000145435333,16.15000120177865,1.2713939188816938,0.26097722973374027
33.15000145509839,16.20000120252371,1.2317821276628513,0.30249378854378534
33.15000145509839,16.40000120550394,1.2637281386416934,0.26097722973374027
33.20000145584345,16.450001206249,1.22214628652442,0.30249378854378534
33.20000145584345,16.65000120922923,1.2637281386416934,0.26097722973374027
33.25000145658851,16.70000120997429,1.22214628652442,0.30249378854378534
33.25000145658851,16.90000121295452,1.2637281386416934,0.25276926365365854
33.300001457333565,16.95000121369958,1.22214628652442,0.3000000074505806
33.300001457333565,17.15000121667981,1.2637281386416934,0.25276926365365854
33.35000145807862,17.20000121742487,1.22214628652442,0.3000000074505806
33.35000145807862,17.4000012204051,1.2577379954333137,0.25276926365365854
33.40000145882368,17.45000122115016,1.2142135834465193,0.3000000074505806
33.40000145882368,17.600001223385334,1.2430869904698527,0.26097722973374027
33.45000145956874,17.650001224130392,1.2080128050138979,0.30249378854378534
33.45000145956874,17.850001227110624,1.2430869904698527,0.25276926365365854
33.5000014603138,17.900001227855682,1.2080128050138979,0.3000000074505806
33.5000014603138,18.100001230835915,1.2430869904698527,0.25276926365365854
33.550001461058855,18.150001231580973,1.2080128050138979,0.3000000074505806
33.550001461058855,18.350001234561205,1.256021999552522,0.25276926365365854
33.60000146180391,18.400001235306263,1.22214628652442,0.3000000074505806
33.60000146180391,18.550001237541437,1.256021999552522,0.26097722973374027
33.65000146254897,18.600001238286495,1.22214628652442,0.30249378854378534
33.65000146254897,18.75000124052167,1.256021999552522,0.26097722973374027
33.70000146329403,18.800001241266727,1.22214628652442,0.30249378854378534
33.70000146329403,18.9500012435019,1.256021999552522,0.26097722973374027
33.75000146403909,19.00000124424696,1.22214628652442,0.30249378854378534
33.75000146403909,19.150001246482134,1.256021999552522,0.26097722973374027
33.800001464784145,19.200001247227192,1.2230249682804948,0.30249378854378534
33.800001464784145,19.350001249462366,1.2705441388980891,0.26097722973374027
33.8500014655292,19.400001250207424,1.2317821276628513,0.29244289742777607
33.8500014655292,19.50000125169754,1.256021999552522,0.26097722973374027
33.90000146627426,19.5500012524426,1.22214628652442,0.30249378854378534
33.90000146627426,19.700001254677773,1.256021999552522,0.26097722973374027
33.95000146701932,19.75000125542283,1.22214628652442,0.30249378854378534
33.95000146701932,19.900001257658005,1.256021999552522,0.26097722973374027
34.00000146776438,19.950001258403063,1.22214628652442,0.30249378854378534
34.00000146776438,20.100001260638237,1.256021999552522,0.26097722973374027
34.050001468509436,20.150001261383295,1.22214628652442,0.30249378854378534
34.050001468509436,20.30000126361847,1.256021999552522,0.26097722973374027
34.100001469254494,20.350001264363527,1.2230249682804948,0.29244289742777607
34.100001469254494,20.450001265853643,1.256021999552522,0.26097722973374027
34.15000146999955,20.5000012665987,1.22214628652442,0.30249378854378534
34.15000146999955,20.650001268833876,1.256021999552522,0.26097722973374027
34.20000147074461,20.700001269578934,1.22214628652442,0.30249378854378534
34.20000147074461,20.850001271814108,1.256021999552522,0.26097722973374027
34.25000147148967,20.900001272559166,1.22214628652442,0.30249378854378534
34.25000147148967,21.05000127479434,1.256021999552522,0.26097722973374027
34.300001472234726,21.100001275539398,1.22214628652442,0.30249378854378534
34.300001472234726,21.250001277774572,1.256021999552522,0.26097722973374027
34.350001472979784,21.30000127851963,1.22214628652442,0.30249378854378534
34.350001472979784,21.450001280754805,1.256021999552522,0.26097722973374027
34.40000147372484,21.500001281499863,1.2230249682804948,0.29244289742777607
34.40000147372484,21.60000128298998,1.256021999552522,0.26097722973374027
34.4500014744699,21.650001283735037,1.22214628652442,0.30249378854378534
34.4500014744699,21.80000128597021,1.256021999552522,0.26097722973374027
34.50000147521496,21.85000128671527,1.22214628652442,0.30249378854378534
34.50000147521496,22.000001288950443,1.256021999552522,0.26097722973374027
34.550001475960016,22.0500012896955,1.22214628652442,0.30249378854378534
34.550001475960016,22.200001291930676,1.256021999552522,0.26097722973374027
34.600001476705074,22.250001292675734,1.22214628652442,0.30249378854378534
34.600001476705074,22.400001294910908,1.256021999552522,0.26097722973374027
34.65000147745013,22.450001295655966,1.22214628652442,0.29244289742777607
34.65000147745013,22.550001297146082,1.2430869904698527,0.26097722973374027
34.70000147819519,22.60000129789114,1.2080128050138979,0.30249378854378534
34.70000147819519,22.750001300126314,1.256021999552522,0.26097722973374027
34.75000147894025,22.800001300871372,1.2142135834465193,0.30249378854378534
34.75000147894025,23.000001303851604,1.256021999552522,0.25276926365365854
34.80000147968531,23.050001304596663,1.2142135834465193,0.3000000074505806
34.80000147968531,23.300001308321953,1.2637281386416934,0.2500000067055225
34.850001480430365,23.35000130906701,1.22214628652442,0.3000000074505806
34.850001480430365,23.550001312047243,1.2637281386416934,0.25276926365365854
34.90000148117542,23.6000013127923,1.22214628652442,0.3000000074505806
34.90000148117542,23.800001315772533,1.2637281386416934,0.25276926365365854
34.95000148192048,23.85000131651759,1.22214628652442,0.3000000074505806
34.95000148192048,24.050001319497824,1.2637281386416934,0.25276926365365854
35.00000148266554,24.10000132024288,1.22214628652442,0.3000000074505806
35.00000148266554,24.300001323223114,1.2637281386416934,0.25276926365365854
35.0500014834106,24.350001323968172,1.22214628652442,0.3000000074505806
35.0500014834106,24.550001326948404,1.2637281386416934,0.25276926365365854
35.100001484155655,24.600001327693462,1.22214628652442,0.3000000074505806
35.100001484155655,24.850001331418753,1.2637281386416934,0.25276926365365854
35.15000148490071,24.90000133216381,1.22214628652442,0.3000000074505806
35.15000148490071,25.100001335144043,1.2637281386416934,0.25276926365365854
35.20000148564577,25.1500013358891,1.22214628652442,0.3000000074505806
35.20000148564577,25.350001338869333,1.2637281386416934,0.25276926365365854
35.25000148639083,25.40000133961439,1.22214628652442,0.3000000074505806
35.25000148639083,25.600001342594624,1.2637281386416934,0.25276926365365854
35.30000148713589,25.65000134333968,1.22214628652442,0.3000000074505806
35.30000148713589,25.850001346319914,1.2637281386416934,0.25276926365365854
35.350001487880945,25.900001347064972,1.22214628652442,0.3000000074505806
35.350001487880945,26.100001350045204,1.2637281386416934,0.26097722973374027
35.400001488626,26.150001350790262,1.22214628652442,0.30249378854378534
35.400001488626,26.350001353770494,1.2637281386416934,0.26097722973374027
35.45000148937106,26.400001354515553,1.22214628652442,0.30249378854378534
35.45000148937106,26.650001358240843,1.2637281386416934,0.25276926365365854
35.50000149011612,26.7000013589859,1.22214628652442,0.3000000074505806
35.50000149011612,27.050001364201307,1.2637281386416934,0.2500000067055225
35.55000149086118,27.100001364946365,1.22214628652442,0.3000000074505806
35.55000149086118,27.50000137090683,1.2637281386416934,0.2500000067055225
35.600001491606236,27.550001371651888,1.22214628652442,0.3000000074505806
35.600001491606236,27.900001376867294,1.2637281386416934,0.2500000067055225
35.650001492351294,27.950001377612352,1.22214628652442,0.3000000074505806
35.650001492351294,28.350001383572817,1.2637281386416934,0.2500000067055225
35.70000149309635,28.400001384317875,1.22214628652442,0.3000000074505806
35.70000149309635,28.80000139027834,1.2713939188816938,0.2500000067055225
35.75000149384141,28.850001391023397,1.2317821276628513,0.3000000074505806
35.75000149384141,29.250001396983862,1.2713939188816938,0.2500000067055225
35.80000149458647,29.30000139772892,1.2317821276628513,0.3000000074505806
35.80000149458647,29.650001402944326,1.2713939188816938,0.2500000067055225
35.850001495331526,29.700001403689384,1.2317821276628513,0.3000000074505806
35.850001495331526,30.10000140964985,1.2713939188816938,0.2500000067055225
35.900001496076584,30.150001410394907,1.2317821276628513,0.3000000074505806
35.900001496076584,30.500001415610313,1.2713939188816938,0.2500000067055225
35.95000149682164,30.55000141635537,1.2317821276628513,0.3000000074505806
35.95000149682164,31.60000143200159,1.2713939188816938,0.2500000067055225
36.0000014975667,31.65000143274665,1.2317821276628513,0.3000000074505806
36.0000014975667,33.15000145509839,1.2713939188816938,0.2500000067055225
36.05000149831176,33.20000145584345,1.2317821276628513,0.3000000074505806
36.05000149831176,36.05000149831176,1.2500000216066838,0.30990195895740963
36.0000014975667,36.100001499056816,1.3000000223517418,0.27434165609349825
36.0000014975667,37.950001526623964,1.2500000216066838,0.30990195895740963
35.95000149682164,38.00000152736902,1.3000000223517418,0.27434165609349825
35.95000149682164,39.250001545995474,1.2317821276628513,0.3000000074505806
35.900001496076584,39.30000154674053,1.2713939188816938,0.2500000067055225
35.900001496076584,39.90000155568123,1.2317821276628513,0.3000000074505806
35.850001495331526,39.95000155642629,1.2713939188816938,0.2500000067055225
35.850001495331526,40.500001564621925,1.2317821276628513,0.30249378854378534
35.80000149458647,40.55000156536698,1.2713939188816938,0.26097722973374027
35.80000149458647,40.90000157058239,1.2317821276628513,0.3000000074505806
35.75000149384141,40.95000157132745,1.2713939188816938,0.25276926365365854
35.75000149384141,41.20000157505274,1.22214628652442,0.3000000074505806
35.70000149309635,41.250001575797796,1.256021999552522,0.2500000067055225
35.70000149309635,41.50000157952309,1.2080128050138979,0.29244289742777607
35.650001492351294,41.550001580268145,1.2430869904698527,0.25276926365365854
35.650001492351294,41.70000158250332,1.2080128050138979,0.29244289742777607
35.600001491606236,41.75000158324838,1.2430869904698527,0.25276926365365854
35.600001491606236,41.90000158548355,1.2142135834465193,0.29244289742777607
35.55000149086118,41.95000158622861,1.256021999552522,0.26097722973374027
35.55000149086118,42.10000158846378,1.22214628652442,0.30249378854378534
35.50000149011612,42.15000158920884,1.2637281386416934,0.26097722973374027
35.50000149011612,42.300001591444016,1.2317821276628513,0.30249378854378534
35.45000148937106,42.350001592189074,1.2705441388980891,0.26097722973374027
35.45000148937106,42.45000159367919,1.2317821276628513,0.29244289742777607
35.400001488626,42.50000159442425,1.2577379954333137,0.26097722973374027
35.400001488626,42.65000159665942,1.2080128050138979,0.30249378854378534
35.350001487880945,42.70000159740448,1.2396180263407768,0.26097722973374027
35.350001487880945,42.75000159814954,1.2230249682804948,0.27434165609349825
35.30000148713589,42.800001598894596,1.2534442070328695,0.24721360216395982
35.30000148713589,42.90000160038471,1.2115594423831848,0.27434165609349825
35.25000148639083,42.95000160112977,1.2396180263407768,0.24721360216395982
35.25000148639083,43.050001602619886,1.2080128050138979,0.29244289742777607
35.20000148564577,43.100001603364944,1.2396180263407768,0.26097722973374027
35.20000148564577,43.15000160411,1.2230249682804948,0.27434165609349825
35.15000148490071,43.20000160485506,1.256021999552522,0.24721360216395982
35.15000148490071,43.30000160634518,1.2230249682804948,0.29244289742777607
35.100001484155655,43.350001607090235,1.2534442070328695,0.2716990636316938
35.100001484155655,43.40000160783529,1.2317821276628513,0.29244289742777607
35.0500014834106,43.45000160858035,1.2577379954333137,0.26097722973374027
35.0500014834106,43.55000161007047,1.2230249682804948,0.29244289742777607
35.00000148266554,43.600001610815525,1.256021999552522,0.2716990636316938
35.00000148266554,43.65000161156058,1.2396180263407768,0.29244289742777607
34.95000148192048,43.70000161230564,1.2705441388980891,0.26097722973374027
34.95000148192048,43.80000161379576,1.2317821276628513,0.29244289742777607
34.90000148117542,43.850001614540815,1.2577379954333137,0.2716990636316938
34.90000148117542,43.90000161528587,1.2396180263407768,0.29244289742777607
34.850001480430365,43.95000161603093,1.2705441388980891,0.2716990636316938
34.850001480430365,44.00000161677599,1.2534442070328695,0.29244289742777607
34.80000147968531,44.05000161752105,1.276482328024641,0.26097722973374027
34.80000147968531,44.150001619011164,1.2317821276628513,0.29244289742777607
34.75000147894025,44.20000161975622,1.2534442070328695,0.2716990636316938
34.75000147894025,44.25000162050128,1.2317821276628513,0.29244289742777607
34.70000147819519,44.30000162124634,1.2534442070328695,0.26097722973374027
34.70000147819519,44.350001621991396,1.2317821276628513,0.27434165609349825
34.65000147745013,44.400001622736454,1.2534442070328695,0.24721360216395982
34.65000147745013,44.45000162348151,1.2317821276628513,0.2716990636316938
34.600001476705074,44.50000162422657,1.2534442070328695,0.24721360216395982
34.600001476705074,44.55000162497163,1.2317821276628513,0.2716990636316938
34.550001475960016,44.600001625716686,1.2534442070328695,0.24721360216395982
34.550001475960016,44.650001626461744,1.2317821276628513,0.2716990636316938
34.50000147521496,44.7000016272068,1.2534442070328695,0.26097722973374027
34.50000147521496,44.75000162795186,1.2317821276628513,0.29244289742777607
34.40000147372484,44.85000162944198,1.2705441388980891,0.24721360216395982
34.40000147372484,44.900001630187035,1.242220531676356,0.2716990636316938
34.350001472979784,44.95000163093209,1.2577379954333137,0.26097722973374027
34.350001472979784,45.00000163167715,1.2300349859166906,0.29244289742777607
34.25000147148967,45.10000163316727,1.2534442070328695,0.24721360216395982
34.25000147148967,45.150001633912325,1.221267061533719,0.2716990636316938
34.20000147074461,45.20000163465738,1.2300349859166906,0.26097722973374027
34.20000147074461,45.25000163540244,1.2008925934871162,0.29244289742777607
34.100001469254494,45.35000163689256,1.2300349859166906,0.26097722973374027
34.100001469254494,45.400001637637615,1.2008925934871162,0.2949747542062818
33.95000146701932,45.55000163987279,1.2300349859166906,0.26097722973374027
33.95000146701932,45.60000164061785,1.2008925934871162,0.2949747542062818
33.70000146329403,45.85000164434314,1.2495689230326823,0.26097722973374027
33.70000146329403,45.900001645088196,1.2142135834465193,0.2949747542062818
33.20000145584345,46.400001652538776,1.2142135834465193,0.3000000074505806
33.15000145509839,46.400001652538776,1.2495689230326823,0.2716990636316938
32.85000145062804,46.700001657009125,1.1829316892012207,0.3000000074505806
32.800001449882984,46.700001657009125,1.2150971908950816,0.2716990636316938
32.70000144839287,46.80000165849924,1.1901438981605426,0.3000000074505806
32.65000144764781,46.80000165849924,1.221267061533719,0.2716990636316938
32.60000144690275,46.8500016592443,1.2150971908950816,0.29244289742777607
32.550001446157694,46.8500016592443,1.242220531676356,0.2716990636316938
32.45000144466758,46.950001660734415,1.2150971908950816,0.3000000074505806
32.40000144392252,46.950001660734415,1.242220531676356,0.2716990636316938
32.300001442432404,47.05000166222453,1.2089003013547874,0.3000000074505806
32.250001441687346,47.05000166222453,1.2317821276628513,0.2716990636316938
32.20000144094229,47.10000166296959,1.2089003013547874,0.29244289742777607
32.15000144019723,47.10000166296959,1.2317821276628513,0.2716990636316938
32.10000143945217,47.15000166371465,1.2089003013547874,0.29244289742777607
32.05000143870711,47.15000166371465,1.2317821276628513,0.2716990636316938
32.000001437962055,47.200001664459705,1.2089003013547874,0.29244289742777607
31.90000143647194,47.200001664459705,1.2534442070328695,0.26097722973374027
31.85000143572688,47.25000166520476,1.2317821276628513,0.29244289742777607
31.800001434981823,47.25000166520476,1.2534442070328695,0.2716990636316938
31.750001434236765,47.30000166594982,1.2317821276628513,0.29244289742777607
31.700001433491707,47.30000166594982,1.2534442070328695,0.2716990636316938
31.65000143274665,47.35000166669488,1.22214628652442,0.29244289742777607
31.550001431256533,47.35000166669488,1.2430869904698527,0.26097722973374027
31.500001430511475,47.40000166743994,1.2080128050138979,0.29244289742777607
31.450001429766417,47.40000166743994,1.2230249682804948,0.2716990636316938
31.40000142902136,47.450001668184996,1.1928388484733279,0.29244289742777607
31.250001426786184,47.450001668184996,1.2396180263407768,0.25276926365365854
31.200001426041126,47.500001668930054,1.2080128050138979,0.29244289742777607
31.050001423805952,47.500001668930054,1.256021999552522,0.25276926365365854
31.000001423060894,47.55000166967511,1.2230249682804948,0.3000000074505806
30.85000142082572,47.55000166967511,1.2637281386416934,0.26097722973374027
30.80000142008066,47.60000167042017,1.22214628652442,0.30249378854378534
30.60000141710043,47.60000167042017,1.2637281386416934,0.25276926365365854
30.55000141635537,47.65000167116523,1.22214628652442,0.3000000074505806
30.30000141263008,47.65000167116523,1.2577379954333137,0.25276926365365854
30.250001411885023,47.700001671910286,1.2142135834465193,0.3000000074505806
29.950001407414675,47.700001671910286,1.2577379954333137,0.25276926365365854
29.900001406669617,47.750001672655344,1.2142135834465193,0.3000000074505806
29.60000140219927,47.750001672655344,1.2637281386416934,0.25276926365365854
29.55000140145421,47.8000016734004,1.22214628652442,0.3000000074505806
29.30000139772892,47.8000016734004,1.2577379954333137,0.25276926365365854
29.250001396983862,47.85000167414546,1.2142135834465193,0.3000000074505806
28.950001392513514,47.85000167414546,1.2577379954333137,0.25276926365365854
28.900001391768456,47.90000167489052,1.2142135834465193,0.3000000074505806
28.600001387298107,47.90000167489052,1.2637281386416934,0.25276926365365854
28.55000138655305,47.950001675635576,1.22214628652442,0.3000000074505806
28.30000138282776,47.950001675635576,1.2577379954333137,0.25276926365365854
28.2500013820827,48.000001676380634,1.2142135834465193,0.3000000074505806
27.950001377612352,48.000001676380634,1.2577379954333137,0.25276926365365854
27.900001376867294,48.05000167712569,1.2142135834465193,0.3000000074505806
27.600001372396946,48.05000167712569,1.2637281386416934,0.25276926365365854
27.550001371651888,48.10000167787075,1.22214628652442,0.3000000074505806
27.300001367926598,48.10000167787075,1.2577379954333137,0.25276926365365854
27.25000136718154,48.15000167861581,1.2142135834465193,0.3000000074505806
26.95000136271119,48.15000167861581,1.2577379954333137,0.25276926365365854
26.900001361966133,48.20000167936087,1.2142135834465193,0.3000000074505806
26.600001357495785,48.20000167936087,1.2577379954333137,0.25276926365365854
26.550001356750727,48.250001680105925,1.2142135834465193,0.3000000074505806
26.25000135228038,48.250001680105925,1.2577379954333137,0.25276926365365854
26.20000135153532,48.30000168085098,1.2142135834465193,0.3000000074505806
25.900001347064972,48.30000168085098,1.2637281386416934,0.25276926365365854
25.850001346319914,48.35000168159604,1.22214628652442,0.3000000074505806
25.600001342594624,48.35000168159604,1.2577379954333137,0.25276926365365854
25.550001341849566,48.4000016823411,1.2142135834465193,0.3000000074505806
25.250001337379217,48.4000016823411,1.2577379954333137,0.25276926365365854
25.20000133663416,48.45000168308616,1.2142135834465193,0.3000000074505806
24.90000133216381,48.45000168308616,1.2577379954333137,0.25276926365365854
24.850001331418753,48.500001683831215,1.2142135834465193,0.3000000074505806
24.550001326948404,48.500001683831215,1.2577379954333137,0.25276926365365854
24.500001326203346,48.55000168457627,1.2142135834465193,0.3000000074505806
24.200001321732998,48.55000168457627,1.2637281386416934,0.25276926365365854
24.15000132098794,48.60000168532133,1.22214628652442,0.3000000074505806
23.90000131726265,48.60000168532133,1.2577379954333137,0.25276926365365854
23.85000131651759,48.65000168606639,1.2142135834465193,0.3000000074505806
23.550001312047243,48.65000168606639,1.2577379954333137,0.25276926365365854
23.500001311302185,48.70000168681145,1.2142135834465193,0.3000000074505806
23.200001306831837,48.70000168681145,1.2577379954333137,0.25276926365365854
23.15000130608678,48.750001687556505,1.2142135834465193,0.3000000074505806
22.85000130161643,48.750001687556505,1.2577379954333137,0.25276926365365854
22.800001300871372,48.80000168830156,1.2142135834465193,0.3000000074505806
22.500001296401024,48.80000168830156,1.2637281386416934,0.25276926365365854
22.450001295655966,48.85000168904662,1.22214628652442,0.3000000074505806
22.200001291930676,48.85000168904662,1.2577379954333137,0.25276926365365854
22.150001291185617,48.90000168979168,1.2142135834465193,0.3000000074505806
21.85000128671527,48.90000168979168,1.2577379954333137,0.25276926365365854
21.80000128597021,48.95000169053674,1.2142135834465193,0.3000000074505806
21.500001281499863,48.95000169053674,1.2577379954333137,0.25276926365365854
21.450001280754805,49.000001691281796,1.2142135834465193,0.3000000074505806
21.150001276284456,49.000001691281796,1.2577379954333137,0.25276926365365854
21.100001275539398,49.050001692026854,1.2142135834465193,0.3000000074505806
20.80000127106905,49.050001692026854,1.2637281386416934,0.25276926365365854
20.75000127032399,49.10000169277191,1.22214628652442,0.3000000074505806
20.5000012665987,49.10000169277191,1.2577379954333137,0.25276926365365854
20.450001265853643,49.15000169351697,1.2142135834465193,0.3000000074505806
20.150001261383295,49.15000169351697,1.2577379954333137,0.25276926365365854
20.100001260638237,49.20000169426203,1.2142135834465193,0.3000000074505806
19.80000125616789,49.20000169426203,1.2577379954333137,0.25276926365365854
19.75000125542283,49.250001695007086,1.2142135834465193,0.3000000074505806
19.450001250952482,49.250001695007086,1.2637281386416934,0.25276926365365854
19.400001250207424,49.300001695752144,1.22214628652442,0.3000000074505806
19.100001245737076,49.300001695752144,1.2637281386416934,0.25276926365365854
19.050001244992018,49.3500016964972,1.22214628652442,0.3000000074505806
18.800001241266727,49.3500016964972,1.2577379954333137,0.25276926365365854
18.75000124052167,49.40000169724226,1.2142135834465193,0.3000000074505806
18.45000123605132,49.40000169724226,1.2577379954333137,0.25276926365365854
18.400001235306263,49.45000169798732,1.2142135834465193,0.3000000074505806
18.100001230835915,49.45000169798732,1.2577379954333137,0.25276926365365854
18.050001230090857,49.500001698732376,1.2142135834465193,0.3000000074505806
17.750001225620508,49.500001698732376,1.2637281386416934,0.25276926365365854
17.70000122487545,49.550001699477434,1.22214628652442,0.3000000074505806
17.45000122115016,49.550001699477434,1.2577379954333137,0.25276926365365854
17.4000012204051,49.60000170022249,1.2142135834465193,0.3000000074505806
17.100001215934753,49.60000170022249,1.2577379954333137,0.25276926365365854
17.050001215189695,49.65000170096755,1.2142135834465193,0.3000000074505806
16.750001210719347,49.65000170096755,1.2577379954333137,0.25276926365365854
16.70000120997429,49.70000170171261,1.2142135834465193,0.3000000074505806
16.40000120550394,49.70000170171261,1.2577379954333137,0.25276926365365854
16.350001204758883,49.750001702457666,1.2142135834465193,0.3000000074505806
16.050001200288534,49.750001702457666,1.2637281386416934,0.25276926365365854
16.000001199543476,49.800001703202724,1.22214628652442,0.3000000074505806
15.750001195818186,49.800001703202724,1.2577379954333137,0.25276926365365854
15.700001195073128,49.85000170394778,1.2142135834465193,0.3000000074505806
15.40000119060278,49.85000170394778,1.2577379954333137,0.25276926365365854
15.350001189857721,49.90000170469284,1.2142135834465193,0.3000000074505806
15.050001185387373,49.90000170469284,1.2577379954333137,0.25276926365365854
15.000001184642315,49.9500017054379,1.2142135834465193,0.3000000074505806
14.700001180171967,49.9500017054379,1.2577379954333137,0.25276926365365854
14.650001179426908,50.00000170618296,1.2142135834465193,0.3000000074505806
14.35000117495656,50.00000170618296,1.2637281386416934,0.25276926365365854
14.300001174211502,50.050001706928015,1.22214628652442,0.3000000074505806
14.050001170486212,50.050001706928015,1.2577379954333137,0.25276926365365854
14.000001169741154,50.10000170767307,1.2142135834465193,0.3000000074505806
13.700001165270805,50.10000170767307,1.2577379954333137,0.25276926365365854
13.650001164525747,50.15000170841813,1.2142135834465193,0.3000000074505806
13.350001160055399,50.15000170841813,1.2577379954333137,0.25276926365365854
13.30000115931034,50.20000170916319,1.2142135834465193,0.3000000074505806
13.000001154839993,50.20000170916319,1.2577379954333137,0.25276926365365854
12.950001154094934,50.25000170990825,1.2142135834465193,0.3000000074505806
12.650001149624586,50.25000170990825,1.2637281386416934,0.25276926365365854
12.600001148879528,50.300001710653305,1.22214628652442,0.3000000074505806
12.350001145154238,50.300001710653305,1.2577379954333137,0.25276926365365854
12.30000114440918,50.35000171139836,1.2142135834465193,0.3000000074505806
12.000001139938831,50.35000171139836,1.2577379954333137,0.25276926365365854
11.950001139193773,50.40000171214342,1.2142135834465193,0.3000000074505806
11.650001134723425,50.40000171214342,1.2577379954333137,0.25276926365365854
11.600001133978367,50.45000171288848,1.2142135834465193,0.3000000074505806
11.300001129508018,50.45000171288848,1.2577379954333137,0.25276926365365854
11.25000112876296,50.50000171363354,1.2142135834465193,0.3000000074505806
10.950001124292612,50.50000171363354,1.2637281386416934,0.25276926365365854
10.900001123547554,50.550001714378595,1.22214628652442,0.3000000074505806
10.650001119822264,50.550001714378595,1.2577379954333137,0.25276926365365854
10.600001119077206,50.60000171512365,1.2142135834465193,0.3000000074505806
10.300001114606857,50.60000171512365,1.2577379954333137,0.25276926365365854
10.2500011138618,50.65000171586871,1.2142135834465193,0.3000000074505806
9.95000110939145,50.65000171586871,1.2577379954333137,0.25276926365365854
9.900001108646393,50.70000171661377,1.2142135834465193,0.3000000074505806
9.600001104176044,50.70000171661377,1.2577379954333137,0.25276926365365854
9.550001103430986,50.75000171735883,1.2142135834465193,0.3000000074505806
9.250001098960638,50.75000171735883,1.2637281386416934,0.25276926365365854
9.20000109821558,50.800001718103886,1.22214628652442,0.3000000074505806
8.95000109449029,50.800001718103886,1.2577379954333137,0.25276926365365854
8.900001093745232,50.850001718848944,1.2142135834465193,0.3000000074505806
8.600001089274883,50.850001718848944,1.2577379954333137,0.25276926365365854
8.550001088529825,50.900001719594,1.2142135834465193,0.3000000074505806
8.250001084059477,50.900001719594,1.2577379954333137,0.25276926365365854
8.200001083314419,50.95000172033906,1.2142135834465193,0.3000000074505806
7.90000107884407,50.95000172033906,1.2637281386416934,0.25276926365365854
7.850001078099012,51.00000172108412,1.22214628652442,0.3000000074505806
7.550001073628664,51.00000172108412,1.2637281386416934,0.25276926365365854
7.500001072883606,51.050001721829176,1.22214628652442,0.3000000074505806
7.250001069158316,51.050001721829176,1.2577379954333137,0.25276926365365854
7.200001068413258,51.100001722574234,1.2142135834465193,0.3000000074505806
6.900001063942909,51.100001722574234,1.2577379954333137,0.25276926365365854
6.850001063197851,51.15000172331929,1.2142135834465193,0.3000000074505806
6.550001058727503,51.15000172331929,1.2577379954333137,0.25276926365365854
6.500001057982445,51.20000172406435,1.2142135834465193,0.3000000074505806
6.200001053512096,51.20000172406435,1.2637281386416934,0.25276926365365854
6.150001052767038,51.25000172480941,1.22214628652442,0.3000000074505806
5.6000010445714,51.25000172480941,1.2577379954333137,0.25276926365365854
5.550001043826342,51.300001725554466,1.2142135834465193,0.3000000074505806
4.6500010304152966,51.300001725554466,1.2637281386416934,0.25276926365365854
4.6000010296702385,51.350001726299524,1.22214628652442,0.3000000074505806
3.7500010170042515,51.350001726299524,1.2637281386416934,0.25276926365365854
3.7000010162591934,51.40000172704458,1.22214628652442,0.3000000074505806
