# s_m;x_m;y_m;psi_rad;kappa_radpm;vx_mps;ax_mps2
0.000000;2.250001;51.900002;-3.016778;0.208965;2.850000;0.000000
0.199993;2.052962;51.875280;-2.997183;0.197036;2.850000;0.000000
0.399986;1.856739;51.842813;-2.959175;0.185079;2.850000;0.000000
0.599978;1.661467;51.803062;-2.923464;0.173281;2.850000;0.000000
0.799971;1.467279;51.756487;-2.890006;0.161780;2.850000;0.000000
0.999964;1.274310;51.703550;-2.858745;0.150675;2.850000;0.000000
1.199957;1.082693;51.644711;-2.829610;0.140024;2.850000;0.000000
1.399949;0.892564;51.580431;-2.802528;0.129857;2.850000;0.000000
1.599942;0.704056;51.511171;-2.777423;0.120180;2.850000;0.000000
1.799935;0.517304;51.437393;-2.754215;0.110978;2.850000;0.000000
1.999928;0.332426;51.359549;-2.732737;0.102347;2.850000;0.000000
2.199921;0.149093;51.277857;-2.712628;0.097654;2.850000;0.000000
2.399913;-0.032311;51.192730;-2.693544;0.092790;2.850000;0.000000
2.599906;-0.211882;51.104355;-2.675472;0.087788;2.850000;0.000000
2.799899;-0.389717;51.012920;-2.658426;0.082678;2.850000;0.000000
2.999892;-0.565914;50.918615;-2.642421;0.077488;2.850000;0.000000
3.199884;-0.740569;50.821626;-2.627463;0.072241;2.850000;0.000000
3.399877;-0.913779;50.722143;-2.613561;0.066956;2.850000;0.000000
3.599870;-1.085642;50.620353;-2.600716;0.061650;2.850000;0.000000
3.799863;-1.256254;50.516445;-2.588931;0.056335;2.850000;0.000000
3.999855;-1.425713;50.410606;-2.578136;0.051309;2.850000;0.000000
4.199848;-1.594117;50.302991;-2.568045;0.049264;2.850000;0.000000
4.399841;-1.761487;50.193701;-2.558401;0.047224;2.850000;0.000000
4.599834;-1.927852;50.082814;-2.549163;0.045191;2.850000;0.000000
4.799827;-2.093240;49.970405;-2.540328;0.043166;2.850000;0.000000
4.999819;-2.257680;49.856553;-2.531896;0.041151;2.850000;0.000000
5.199812;-2.421202;49.741335;-2.523865;0.039145;2.850000;0.000000
5.399805;-2.583833;49.624827;-2.516234;0.037150;2.850000;0.000000
5.599798;-2.745604;49.507106;-2.509000;0.035165;2.850000;0.000000
5.799790;-2.906542;49.388250;-2.502161;0.033191;2.850000;0.000000
5.999783;-3.066684;49.268332;-2.495651;0.031612;2.850000;0.000000
6.199776;-3.226074;49.147381;-2.489231;0.032295;2.850000;0.000000
6.399769;-3.384660;49.025418;-2.482701;0.032981;2.850000;0.000000
6.599762;-3.542418;48.902426;-2.476035;0.033667;2.850000;0.000000
6.799754;-3.699325;48.778390;-2.469232;0.034355;2.850000;0.000000
6.999747;-3.855358;48.653293;-2.462293;0.035043;2.850000;0.000000
7.199740;-4.010496;48.527118;-2.455216;0.035732;2.850000;0.000000
7.399733;-4.164715;48.399849;-2.448003;0.036420;2.850000;0.000000
7.599725;-4.317992;48.271469;-2.440652;0.037108;2.850000;0.000000
7.799718;-4.470305;48.141962;-2.433165;0.037795;2.850000;0.000000
7.999711;-4.621636;48.011307;-2.425644;0.037742;2.850000;0.000000
8.199704;-4.772006;47.879505;-2.418417;0.034841;2.850000;0.000000
8.399696;-4.921459;47.746654;-2.411741;0.031939;2.850000;0.000000
8.599689;-5.070068;47.612844;-2.405644;0.029037;2.850000;0.000000
8.799682;-5.217906;47.478165;-2.400127;0.026136;2.850000;0.000000
8.999675;-5.365048;47.342706;-2.395190;0.023237;2.850000;0.000000
9.199668;-5.511566;47.206559;-2.390832;0.020341;2.850000;0.000000
9.399660;-5.657533;47.069812;-2.387053;0.017447;2.850000;0.000000
9.599653;-5.803024;46.932556;-2.383852;0.014556;2.850000;0.000000
9.799646;-5.948110;46.794880;-2.381227;0.011666;2.850000;0.000000
9.999639;-6.092880;46.656860;-2.378952;0.010612;2.850000;0.000000
10.199631;-6.237370;46.518495;-2.376388;0.014575;2.850000;0.000000
10.399624;-6.381440;46.379725;-2.373076;0.018541;2.850000;0.000000
10.599617;-6.524978;46.240437;-2.368971;0.022509;2.850000;0.000000
10.799610;-6.667872;46.100520;-2.364072;0.026480;2.850000;0.000000
10.999603;-6.810010;45.959861;-2.358380;0.030450;2.850000;0.000000
11.199595;-6.951279;45.818349;-2.351894;0.034419;2.850000;0.000000
11.399588;-7.091568;45.675872;-2.344616;0.038384;2.850000;0.000000
11.599581;-7.230762;45.532318;-2.336545;0.042340;2.850000;0.000000
11.799574;-7.368751;45.387575;-2.327690;0.046282;2.850000;0.000000
11.999566;-7.505371;45.241590;-2.318324;0.047812;2.850000;0.000000
12.199559;-7.640532;45.094388;-2.309127;0.044553;2.850000;0.000000
12.399552;-7.774416;44.945947;-2.300546;0.041304;2.850000;0.000000
12.599545;-7.907104;44.796365;-2.292611;0.038065;2.850000;0.000000
12.799538;-8.038681;44.645742;-2.285320;0.034839;2.850000;0.000000
12.999530;-8.169229;44.494178;-2.278673;0.031624;2.850000;0.000000
13.199523;-8.298833;44.341770;-2.272667;0.028421;2.850000;0.000000
13.399516;-8.427575;44.188620;-2.267300;0.025229;2.850000;0.000000
13.599509;-8.555540;44.034825;-2.262571;0.022045;2.850000;0.000000
13.799501;-8.682811;43.880485;-2.258476;0.018869;2.850000;0.000000
13.999494;-8.809504;43.725657;-2.254957;0.016247;2.850000;0.000000
14.199487;-8.935713;43.570390;-2.251877;0.014492;2.850000;0.000000
14.399480;-9.061444;43.414792;-2.249153;0.012733;2.850000;0.000000
14.599472;-9.186757;43.258902;-2.246783;0.010971;2.850000;0.000000
14.799465;-9.311709;43.102758;-2.244765;0.009205;2.850000;0.000000
14.999458;-9.436362;42.946401;-2.243101;0.007437;2.850000;0.000000
15.199451;-9.560774;42.789868;-2.241791;0.005668;2.850000;0.000000
15.399444;-9.685005;42.633199;-2.240835;0.003898;2.850000;0.000000
15.599436;-9.809114;42.476433;-2.240232;0.002127;2.850000;0.000000
15.799429;-9.933161;42.319609;-2.239975;0.000356;2.850000;0.000000
15.999422;-10.057179;42.162791;-2.239780;0.001334;2.850000;0.000000
16.199415;-10.181133;42.005958;-2.239061;0.005689;2.850000;0.000000
16.399407;-10.304919;41.848971;-2.237488;0.010042;2.850000;0.000000
16.599400;-10.428398;41.691724;-2.235045;0.014394;2.850000;0.000000
16.799393;-10.551435;41.534109;-2.231732;0.018744;2.850000;0.000000
16.999386;-10.673893;41.376019;-2.227549;0.023090;2.850000;0.000000
17.199379;-10.795634;41.217345;-2.222497;0.027432;2.850000;0.000000
17.399371;-10.916521;41.057981;-2.216576;0.031766;2.850000;0.000000
17.599364;-11.036417;40.897820;-2.209788;0.036090;2.850000;0.000000
17.799357;-11.155187;40.736753;-2.202109;0.040399;2.850000;0.000000
17.999350;-11.272627;40.574744;-2.192891;0.051201;2.850000;0.000000
18.199342;-11.388357;40.411584;-2.180897;0.068443;2.850000;0.000000
18.399335;-11.501814;40.246898;-2.165474;0.085814;2.850000;0.000000
18.599328;-11.612370;40.080377;-2.146572;0.103319;2.850000;0.000000
18.799321;-11.719397;39.911715;-2.124175;0.120916;2.850000;0.000000
18.999314;-11.822270;39.740603;-2.098274;0.138506;2.850000;0.000000
19.199306;-11.920360;39.566735;-2.068879;0.155926;2.850000;0.000000
19.399299;-12.013041;39.389802;-2.036025;0.172933;2.850000;0.000000
19.599292;-12.099685;39.209497;-1.999787;0.189211;2.850000;0.000000
19.799285;-12.179666;39.025513;-1.960287;0.204371;2.850000;0.000000
19.999277;-12.252392;38.837459;-1.917918;0.216056;2.850000;0.000000
20.199270;-12.317100;38.645619;-1.872990;0.228017;2.850000;0.000000
20.399263;-12.372919;38.450833;-1.825290;0.242866;2.850000;0.000000
20.599256;-12.419010;38.253862;-1.774366;0.260637;2.850000;-0.346037
20.799248;-12.454534;38.055469;-1.719752;0.281311;2.825613;-0.665226
20.999241;-12.478653;37.856419;-1.660990;0.304741;2.778131;-0.536377
21.199234;-12.490528;37.657473;-1.597663;0.330562;2.739246;-0.384574
21.399227;-12.489322;37.459395;-1.529420;0.358088;2.711022;-0.210248
21.599220;-12.474195;37.262948;-1.456034;0.386201;2.695468;-0.016194
21.799212;-12.444310;37.068894;-1.377612;0.413276;2.694266;-0.016194
21.999205;-12.398875;36.877924;-1.296950;0.409687;2.693064;0.012528
22.199198;-12.338082;36.690729;-1.218488;0.387343;2.693994;0.172631
22.399191;-12.262855;36.507949;-1.144025;0.365560;2.706779;0.305328
22.599183;-12.174132;36.330178;-1.073363;0.345364;2.729245;0.410840
22.799176;-12.072849;36.158012;-1.006140;0.327446;2.759186;0.490136
22.999169;-11.959939;35.992044;-0.941919;0.312232;2.794487;0.544310
23.199162;-11.836341;35.832868;-0.880219;0.299972;2.833174;0.239075
23.399155;-11.702988;35.681080;-0.820528;0.290808;2.850000;0.000000
23.599147;-11.560817;35.537273;-0.762320;0.284830;2.850000;0.000000
23.799140;-11.410764;35.402042;-0.705030;0.282121;2.850000;0.000000
23.999133;-11.253621;35.275872;-0.648145;0.282277;2.850000;0.000000
24.199126;-11.090077;35.159192;-0.591358;0.282857;2.850000;0.000000
24.399118;-10.920656;35.052278;-0.534588;0.283610;2.850000;0.000000
24.599111;-10.745825;34.955361;-0.477772;0.284562;2.850000;0.000000
24.799104;-10.566050;34.868670;-0.420833;0.285721;2.850000;0.000000
24.999097;-10.381797;34.792433;-0.363695;0.287074;2.850000;0.000000
25.199089;-10.193533;34.726880;-0.306285;0.288586;2.850000;0.000000
25.399082;-10.001725;34.672240;-0.248537;0.290200;2.850000;0.000000
25.599075;-9.806838;34.628742;-0.190393;0.291839;2.850000;0.000000
25.799068;-9.609339;34.596616;-0.132060;0.293405;2.850000;0.000000
25.999061;-9.410950;34.576155;-0.074048;0.287647;2.850000;0.000000
26.199053;-9.211535;34.567106;-0.017232;0.280871;2.850000;0.000000
26.399046;-9.011444;34.569271;0.038471;0.275728;2.850000;0.000000
26.599039;-8.811433;34.582506;0.093408;0.272275;2.850000;0.000000
26.799032;-8.612256;34.606667;0.147875;0.270547;2.850000;0.000000
26.999024;-8.414667;34.641609;0.202176;0.270563;2.850000;0.000000
27.199017;-8.219420;34.687189;0.256612;0.272332;2.850000;0.000000
27.399010;-8.027270;34.743261;0.311488;0.275853;2.850000;0.000000
27.599003;-7.838970;34.809682;0.367106;0.281109;2.850000;0.000000
27.798996;-7.655277;34.886306;0.424059;0.288064;2.850000;0.000000
27.998988;-7.474663;34.974148;0.481648;0.288280;2.850000;0.000000
28.198981;-7.299267;35.072395;0.539261;0.285843;2.850000;0.000000
28.398974;-7.130235;35.180263;0.596376;0.283535;2.850000;0.000000
28.598967;-6.967923;35.297321;0.652939;0.281486;2.850000;0.000000
28.798959;-6.812686;35.423141;0.709044;0.279803;2.850000;0.000000
28.998952;-6.664879;35.557293;0.764797;0.278566;2.850000;0.000000
29.198945;-6.524859;35.699347;0.820311;0.277834;2.850000;0.000000
29.398938;-6.392979;35.848873;0.875709;0.277640;2.850000;0.000000
29.598931;-6.269597;36.005443;0.931114;0.277998;2.850000;0.000000
29.798923;-6.155067;36.168627;0.985974;0.278898;2.850000;0.000000
29.998916;-6.050669;36.336109;1.038232;0.251429;2.850000;0.000000
30.198909;-5.954585;36.508791;1.084887;0.220300;2.850000;0.000000
30.398902;-5.865786;36.686171;1.125513;0.189271;2.850000;0.000000
30.598894;-5.783360;36.867564;1.160198;0.158943;2.850000;0.000000
30.798887;-5.706399;37.052287;1.189061;0.129602;2.850000;0.000000
30.998880;-5.633991;37.239659;1.212243;0.101292;2.850000;0.000000
31.198873;-5.565227;37.428996;1.229879;0.073881;2.850000;0.000000
31.398865;-5.499195;37.619614;1.242078;0.047111;2.850000;0.000000
31.598858;-5.434985;37.810832;1.248911;0.020641;2.850000;0.000000
31.798851;-5.371687;38.001965;1.250767;-0.005926;2.850000;0.000000
31.998844;-5.308443;38.192647;1.249701;-0.008386;2.850000;0.000000
32.198837;-5.245066;38.382660;1.247893;-0.009669;2.850000;0.000000
32.398829;-5.181467;38.572119;1.245834;-0.010937;2.850000;0.000000
32.598822;-5.117550;38.761152;1.243527;-0.012181;2.850000;0.000000
32.798815;-5.053224;38.949885;1.240977;-0.013393;2.850000;0.000000
32.998808;-4.988394;39.138445;1.238190;-0.014565;2.850000;0.000000
33.198800;-4.922968;39.326959;1.235171;-0.015689;2.850000;0.000000
33.398793;-4.856851;39.515552;1.231928;-0.016756;2.850000;0.000000
33.598786;-4.789950;39.704352;1.228471;-0.017760;2.850000;0.000000
33.798779;-4.722172;39.893484;1.224166;-0.019064;2.850000;0.000000
33.998772;-4.653229;40.082857;1.215892;-0.057009;2.850000;0.000000
34.198764;-4.582026;40.271648;1.200533;-0.095288;2.850000;0.000000
34.398757;-4.507289;40.458829;1.177377;-0.134605;2.850000;0.000000
34.598750;-4.427741;40.643368;1.146238;-0.175432;2.850000;-0.718067
34.798743;-4.342106;40.824238;1.106891;-0.217882;2.799158;-1.080183
34.998735;-4.249107;41.000407;1.059131;-0.261552;2.720887;-0.860454
35.198728;-4.147468;41.170848;1.002852;-0.305323;2.656889;-0.655218
35.398721;-4.035912;41.334530;0.938154;-0.347205;2.607102;-0.475619
35.598714;-3.913164;41.490424;0.865450;-0.384323;2.570358;-0.364585
35.798707;-3.777914;41.637534;0.786419;-0.410132;2.541832;-0.332654
35.998699;-3.628997;41.775172;0.705811;-0.392827;2.515522;-0.506211
36.198692;-3.468260;41.901443;0.626199;-0.386206;2.474950;-0.634156
36.398685;-3.297525;42.014929;0.546658;-0.389790;2.423164;-0.717968
36.598678;-3.118617;42.114207;0.465503;-0.403479;2.363164;-0.753417
36.798670;-2.933360;42.197856;0.381048;-0.427463;2.298519;-0.699570
36.998663;-2.743579;42.264457;0.291585;-0.462007;2.236822;-0.594207
37.198656;-2.551097;42.312589;0.195412;-0.507045;2.183048;-0.431212
37.398649;-2.357738;42.340830;0.090919;-0.561487;2.143180;-0.202618
37.598641;-2.165328;42.347759;-0.023183;-0.622194;2.124188;-0.010057
37.798634;-1.975783;42.331973;-0.144794;-0.665461;2.123241;-0.010057
37.998627;-1.790861;42.293157;-0.263789;-0.598611;2.122293;0.293730
38.198620;-1.610202;42.233236;-0.370334;-0.518594;2.149795;0.592946
38.398613;-1.433788;42.154524;-0.462742;-0.437506;2.204266;0.863412
38.598605;-1.261602;42.059331;-0.541410;-0.362499;2.281258;1.101895
38.798598;-1.093627;41.949968;-0.607384;-0.296476;2.375896;1.313834
38.998591;-0.929843;41.828748;-0.661931;-0.239641;2.484028;1.507554
39.198584;-0.770235;41.697980;-0.706279;-0.190809;2.602575;1.692465
39.398576;-0.614785;41.559978;-0.741471;-0.148209;2.729534;1.680418
39.598569;-0.463474;41.417051;-0.768310;-0.109862;2.850000;0.000000
39.798562;-0.316294;41.271518;-0.788214;-0.080045;2.850000;0.000000
39.998555;-0.173118;41.125056;-0.804169;-0.073231;2.850000;0.000000
40.198548;-0.033466;40.977868;-0.818261;-0.065594;2.850000;0.000000
40.398540;0.103141;40.830016;-0.830630;-0.057227;2.850000;0.000000
40.598533;0.237181;40.681559;-0.841183;-0.048235;2.850000;0.000000
40.798526;0.369132;40.532559;-0.849842;-0.038733;2.850000;0.000000
40.998519;0.499475;40.383076;-0.856547;-0.028842;2.850000;0.000000
41.198511;0.628686;40.233170;-0.861252;-0.018684;2.850000;0.000000
41.398504;0.757245;40.082902;-0.863929;-0.008386;2.850000;0.000000
41.598497;0.885631;39.932332;-0.864571;0.001926;2.850000;0.000000
41.798490;1.014316;39.781525;-0.863524;0.009323;2.850000;0.000000
41.998482;1.143595;39.630548;-0.861757;0.009127;2.850000;0.000000
42.198475;1.273462;39.479440;-0.859957;0.008947;2.850000;0.000000
42.398468;1.403866;39.328256;-0.858187;0.008781;2.850000;0.000000
42.598461;1.534752;39.177048;-0.856446;0.008630;2.850000;0.000000
42.798454;1.666071;39.025869;-0.854732;0.008492;2.850000;0.000000
42.998446;1.797771;38.874773;-0.853042;0.008368;2.850000;0.000000
43.198439;1.929798;38.723812;-0.851375;0.008255;2.850000;0.000000
43.398432;2.062102;38.573040;-0.849730;0.008156;2.850000;0.000000
43.598425;2.194630;38.422509;-0.848103;0.008068;2.850000;0.000000
43.798417;2.327336;38.272268;-0.846499;0.007947;2.850000;0.000000
43.998410;2.460194;38.122336;-0.844929;0.007733;2.850000;0.000000
44.198403;2.593197;37.972707;-0.843402;0.007516;2.850000;0.000000
44.398396;2.726352;37.823361;-0.841920;0.007296;2.850000;0.000000
44.598389;2.859663;37.674278;-0.840484;0.007072;2.850000;0.000000
44.798381;2.993137;37.525437;-0.839092;0.006845;2.850000;0.000000
44.998374;3.126780;37.376818;-0.837747;0.006615;2.850000;0.000000
45.198367;3.260596;37.228400;-0.836449;0.006382;2.850000;0.000000
45.398360;3.394593;37.080163;-0.835197;0.006147;2.850000;0.000000
45.598352;3.528775;36.932087;-0.833995;0.005910;2.850000;0.000000
45.798345;3.663162;36.784135;-0.832988;0.004340;2.850000;0.000000
45.998338;3.797717;36.636247;-0.832506;0.000618;2.850000;0.000000
46.198331;3.932310;36.488355;-0.832754;-0.003101;2.850000;0.000000
46.398324;4.066824;36.340364;-0.833746;-0.006818;2.850000;0.000000
46.598316;4.201146;36.192180;-0.835481;-0.010535;2.850000;0.000000
46.798309;4.335161;36.043706;-0.837960;-0.014252;2.850000;0.000000
46.998302;4.468755;35.894850;-0.841182;-0.017970;2.850000;0.000000
47.198295;4.601812;35.745514;-0.845149;-0.021690;2.850000;0.000000
47.398287;4.734218;35.595604;-0.849859;-0.025410;2.850000;0.000000
47.598280;4.865859;35.445026;-0.855302;-0.029132;2.850000;0.000000
47.798273;4.996607;35.293705;-0.861124;-0.029435;2.850000;0.000000
47.998266;5.126451;35.141644;-0.866584;-0.025394;2.850000;0.000000
48.198258;5.255528;34.988918;-0.871258;-0.021353;2.850000;0.000000
48.398251;5.383959;34.835634;-0.875124;-0.017313;2.850000;0.000000
48.598244;5.511866;34.681896;-0.878182;-0.013274;2.850000;0.000000
48.798237;5.639373;34.527810;-0.880434;-0.009237;2.850000;0.000000
48.998230;5.766599;34.373482;-0.881878;-0.005202;2.850000;0.000000
49.198222;5.893669;34.219017;-0.882515;-0.001167;2.850000;0.000000
49.398215;6.020704;34.064522;-0.882345;0.002867;2.850000;0.000000
49.598208;6.147826;33.910101;-0.881380;0.006902;2.850000;0.000000
49.798201;6.275159;33.755850;-0.879931;0.007849;2.850000;0.000000
49.998193;6.402731;33.601795;-0.878593;0.005662;2.850000;0.000000
50.198186;6.530472;33.447890;-0.877679;0.003474;2.850000;0.000000
50.398179;6.658317;33.294079;-0.877203;0.001286;2.850000;0.000000
50.598172;6.786197;33.140305;-0.877165;-0.000903;2.850000;0.000000
50.798165;6.914045;32.986514;-0.877564;-0.003091;2.850000;0.000000
50.998157;7.041793;32.832648;-0.878402;-0.005281;2.850000;0.000000
51.198150;7.169375;32.678653;-0.879677;-0.007470;2.850000;0.000000
51.398143;7.296723;32.524472;-0.881389;-0.009660;2.850000;0.000000
51.598136;7.423769;32.370050;-0.883536;-0.011850;2.850000;0.000000
51.798128;7.550464;32.215311;-0.886034;-0.013200;2.850000;0.000000
51.998121;7.676762;32.060225;-0.888739;-0.013870;2.850000;0.000000
52.198114;7.802626;31.904793;-0.891580;-0.014541;2.850000;0.000000
52.398107;7.928035;31.748999;-0.894555;-0.015212;2.850000;0.000000
52.598099;8.052967;31.592827;-0.897665;-0.015883;2.850000;0.000000
52.798092;8.177400;31.436263;-0.900908;-0.016553;2.850000;0.000000
52.998085;8.301312;31.279289;-0.904286;-0.017224;2.850000;0.000000
53.198078;8.424681;31.121892;-0.907797;-0.017895;2.850000;0.000000
53.398071;8.547485;30.964055;-0.911443;-0.018566;2.850000;0.000000
53.598063;8.669702;30.805764;-0.915217;-0.019236;2.850000;0.000000
53.798056;8.791306;30.647011;-0.919032;-0.018986;2.850000;0.000000
53.998049;8.912305;30.487801;-0.922744;-0.018150;2.850000;0.000000
54.198042;9.032728;30.328149;-0.926290;-0.017314;2.850000;0.000000
54.398034;9.152601;30.168077;-0.929669;-0.016479;2.850000;0.000000
54.598027;9.271949;30.007606;-0.932881;-0.015644;2.850000;0.000000
54.798020;9.390798;29.846757;-0.935926;-0.014808;2.850000;0.000000
54.998013;9.509174;29.685552;-0.938804;-0.013974;2.850000;0.000000
55.198006;9.627103;29.524012;-0.941515;-0.013139;2.850000;0.000000
55.397998;9.744609;29.362159;-0.944060;-0.012305;2.850000;0.000000
55.597991;9.861719;29.200013;-0.946435;-0.011472;2.850000;0.000000
55.797984;9.978447;29.037616;-0.948603;-0.010240;2.850000;0.000000
55.997977;10.094837;28.874987;-0.950507;-0.008811;2.850000;0.000000
56.197969;10.210942;28.712150;-0.952126;-0.007382;2.850000;0.000000
56.397962;10.326807;28.549141;-0.953460;-0.005954;2.850000;0.000000
56.597955;10.442480;28.385991;-0.954508;-0.004526;2.850000;0.000000
56.797948;10.558006;28.222736;-0.955270;-0.003098;2.850000;0.000000
56.997941;10.673431;28.059409;-0.955747;-0.001669;2.850000;0.000000
57.197933;10.788802;27.896044;-0.955938;-0.000241;2.850000;0.000000
57.397926;10.904163;27.732675;-0.955844;0.001187;2.850000;0.000000
57.597919;11.019562;27.569335;-0.955474;0.002615;2.850000;0.000000
57.797912;11.135049;27.406044;-0.954946;0.002788;2.850000;0.000000
57.997904;11.250627;27.242816;-0.954419;0.002489;2.850000;0.000000
58.197897;11.366285;27.079649;-0.953951;0.002189;2.850000;0.000000
58.397890;11.482012;26.916535;-0.953543;0.001889;2.850000;0.000000
58.597883;11.597799;26.753467;-0.953195;0.001590;2.850000;0.000000
58.797875;11.713636;26.590438;-0.952907;0.001290;2.850000;0.000000
58.997868;11.829514;26.427442;-0.952679;0.000990;2.850000;0.000000
59.197861;11.945423;26.264470;-0.952511;0.000690;2.850000;0.000000
59.397854;12.061352;26.101517;-0.952403;0.000391;2.850000;0.000000
59.597847;12.177293;25.938575;-0.952354;0.000091;2.850000;0.000000
59.797839;12.293245;25.775623;-0.952351;-0.000078;2.850000;0.000000
59.997832;12.409197;25.612668;-0.952380;-0.000211;2.850000;0.000000
60.197825;12.525140;25.449709;-0.952435;-0.000344;2.850000;0.000000
60.397818;12.641072;25.286743;-0.952517;-0.000476;2.850000;0.000000
60.597810;12.756986;25.123768;-0.952626;-0.000609;2.850000;0.000000
60.797803;12.872881;24.960780;-0.952761;-0.000742;2.850000;0.000000
60.997796;12.988750;24.797776;-0.952923;-0.000875;2.850000;0.000000
61.197789;13.104590;24.634752;-0.953111;-0.001007;2.850000;0.000000
61.397782;13.220397;24.471705;-0.953325;-0.001140;2.850000;0.000000
61.597774;13.336167;24.308633;-0.953559;-0.001273;2.850000;0.000000
61.797767;13.451891;24.145541;-0.953750;-0.000724;2.850000;0.000000
61.997760;13.567591;23.982434;-0.953827;-0.000048;2.850000;0.000000
62.197753;13.683291;23.819324;-0.953769;0.000629;2.850000;0.000000
62.397745;13.799013;23.656226;-0.953576;0.001305;2.850000;0.000000
62.597738;13.914780;23.493156;-0.953247;0.001982;2.850000;0.000000
62.797731;14.030614;23.330127;-0.952783;0.002658;2.850000;0.000000
62.997724;14.146538;23.167154;-0.952184;0.003334;2.850000;0.000000
63.197717;14.262576;23.004253;-0.951450;0.004010;2.850000;0.000000
63.397709;14.378749;22.841438;-0.950580;0.004685;2.850000;0.000000
63.597702;14.495081;22.678723;-0.949613;0.005361;2.850000;0.000000
63.797695;14.611566;22.516137;-0.948792;0.003234;2.850000;0.000000
63.997688;14.728160;22.353621;-0.948388;0.000796;2.850000;0.000000
64.197680;14.844781;22.191121;-0.948473;-0.001641;2.850000;0.000000
64.397673;14.961349;22.028584;-0.949045;-0.004079;2.850000;0.000000
64.597666;15.077781;21.865955;-0.950105;-0.006518;2.850000;0.000000
64.797659;15.193996;21.703181;-0.951652;-0.008957;2.850000;0.000000
64.997651;15.309913;21.540209;-0.953688;-0.011398;2.850000;0.000000
65.197644;15.425449;21.376986;-0.956212;-0.013841;2.850000;0.000000
65.397637;15.540523;21.213458;-0.959223;-0.016285;2.850000;0.000000
65.597630;15.655052;21.049572;-0.962637;-0.018731;2.850000;0.000000
65.797623;15.769042;20.885211;-0.965961;-0.015399;2.850000;0.000000
65.997615;15.882520;20.720509;-0.968681;-0.011800;2.850000;0.000000
66.197608;15.995602;20.555548;-0.970681;-0.008198;2.850000;0.000000
66.397601;16.108409;20.390408;-0.971961;-0.004595;2.850000;0.000000
66.597594;16.221062;20.225169;-0.972519;-0.000992;2.850000;0.000000
66.797586;16.333680;20.059911;-0.972357;0.002612;2.850000;0.000000
66.997579;16.446383;19.894713;-0.971475;0.006215;2.850000;0.000000
67.197572;16.559291;19.729656;-0.969871;0.009819;2.850000;0.000000
67.397565;16.672525;19.564818;-0.967547;0.013422;2.850000;0.000000
67.597558;16.786204;19.400280;-0.964603;0.016923;2.850000;0.000000
67.797550;16.900387;19.236140;-0.961513;0.014872;2.850000;0.000000
67.997543;17.015064;19.072330;-0.958744;0.012821;2.850000;0.000000
68.197536;17.130168;18.908806;-0.956385;0.010771;2.850000;0.000000
68.397529;17.245630;18.745521;-0.954436;0.008721;2.850000;0.000000
68.597521;17.361383;18.582429;-0.952897;0.006673;2.850000;0.000000
68.797514;17.477358;18.419484;-0.951767;0.004625;2.850000;0.000000
68.997507;17.593488;18.256641;-0.951047;0.002577;2.850000;0.000000
69.197500;17.709706;18.093853;-0.950736;0.000530;2.850000;0.000000
69.397492;17.825942;17.931075;-0.950835;-0.001517;2.850000;0.000000
69.597485;17.942129;17.768263;-0.951291;-0.003374;2.850000;0.000000
69.797478;18.058196;17.605407;-0.951892;-0.002954;2.850000;0.000000
69.997471;18.174168;17.442482;-0.952441;-0.002534;2.850000;0.000000
70.197464;18.290057;17.279498;-0.952906;-0.002114;2.850000;0.000000
70.397456;18.405879;17.116464;-0.953286;-0.001694;2.850000;0.000000
70.597449;18.521646;16.953388;-0.953583;-0.001274;2.850000;0.000000
70.797442;18.637374;16.790281;-0.953796;-0.000854;2.850000;0.000000
70.997435;18.753076;16.627152;-0.953925;-0.000434;2.850000;0.000000
71.197427;18.868765;16.464008;-0.953970;-0.000014;2.850000;0.000000
71.397420;18.984458;16.300861;-0.953930;0.000406;2.850000;0.000000
71.597413;19.100164;16.137722;-0.953816;0.000779;2.850000;0.000000
71.797406;19.215885;15.974613;-0.953656;0.000851;2.850000;0.000000
71.997399;19.331637;15.811520;-0.953479;0.000923;2.850000;0.000000
72.197391;19.447420;15.648446;-0.953287;0.000995;2.850000;0.000000
72.397384;19.563237;15.485394;-0.953081;0.001067;2.850000;0.000000
72.597377;19.679088;15.322367;-0.952860;0.001139;2.850000;0.000000
72.797370;19.794976;15.159367;-0.952625;0.001212;2.850000;0.000000
72.997362;19.910902;14.996398;-0.952375;0.001284;2.850000;0.000000
73.197355;20.026868;14.833461;-0.952111;0.001356;2.850000;0.000000
73.397348;20.142874;14.670561;-0.951833;0.001428;2.850000;0.000000
73.597341;20.258922;14.507700;-0.951569;0.001304;2.850000;0.000000
73.797334;20.375001;14.344880;-0.951414;0.000344;2.850000;0.000000
73.997326;20.491089;14.182070;-0.951441;-0.000617;2.850000;0.000000
74.197319;20.607157;14.019245;-0.951660;-0.001577;2.850000;0.000000
74.397312;20.723177;13.856380;-0.952072;-0.002537;2.850000;0.000000
74.597305;20.839120;13.693449;-0.952675;-0.003497;2.850000;0.000000
74.797297;20.954955;13.530426;-0.953470;-0.004456;2.850000;0.000000
74.997290;21.070656;13.367287;-0.954457;-0.005415;2.850000;0.000000
75.197283;21.186191;13.204005;-0.955636;-0.006372;2.850000;0.000000
75.397276;21.301533;13.040555;-0.957005;-0.007328;2.850000;0.000000
75.597268;21.416653;12.876913;-0.958420;-0.007150;2.850000;0.000000
75.797261;21.531565;12.713091;-0.959452;-0.003494;2.850000;0.000000
75.997254;21.646370;12.549177;-0.959785;0.000161;2.850000;0.000000
76.197247;21.761179;12.385270;-0.959387;0.003816;2.850000;0.000000
76.397240;21.876102;12.221466;-0.958258;0.007473;2.850000;0.000000
76.597232;21.991250;12.057862;-0.956396;0.011137;2.850000;0.000000
76.797225;22.106733;11.894556;-0.953802;0.014808;2.850000;0.000000
76.997218;22.222661;11.731646;-0.950473;0.018489;2.850000;0.000000
77.197211;22.339146;11.569228;-0.946409;0.022182;2.850000;0.000000
77.397203;22.456298;11.407400;-0.941612;0.025889;2.850000;0.000000
77.597196;22.574218;11.246267;-0.936493;0.026106;2.850000;0.000000
77.797189;22.692892;11.085822;-0.932140;0.018168;2.850000;0.000000
77.997182;22.812127;10.925833;-0.929310;0.010205;2.850000;0.000000
78.197175;22.931702;10.766069;-0.928068;0.002235;2.850000;0.000000
78.397167;23.051390;10.606301;-0.928417;-0.005722;2.850000;0.000000
78.597160;23.170970;10.446298;-0.930352;-0.013649;2.850000;0.000000
78.797153;23.290216;10.285831;-0.933869;-0.021528;2.850000;0.000000
78.997146;23.408904;10.124669;-0.938960;-0.029339;2.850000;0.000000
79.197138;23.526811;9.962583;-0.945616;-0.037060;2.850000;0.000000
79.397131;23.643712;9.799342;-0.953826;-0.044667;2.850000;0.000000
79.597124;23.759320;9.634802;-0.963915;-0.055243;2.850000;0.000000
79.797117;23.873171;9.468846;-0.976719;-0.071564;2.850000;0.000000
79.997109;23.984675;9.301179;-0.992802;-0.088213;2.850000;0.000000
80.197102;24.093113;9.131669;-1.012271;-0.105325;2.850000;0.000000
80.397095;24.197764;8.960182;-1.035202;-0.122996;2.850000;0.000000
80.597088;24.297907;8.786583;-1.061680;-0.141275;2.850000;0.000000
80.797081;24.392822;8.610740;-1.091793;-0.160141;2.850000;0.000000
80.997073;24.481788;8.432518;-1.125621;-0.179494;2.850000;0.000000
81.197066;24.564086;8.251784;-1.163223;-0.199131;2.850000;0.000000
81.397059;24.638994;8.068404;-1.204606;-0.218726;2.850000;0.000000
81.597052;24.705858;7.882092;-1.248333;-0.224366;2.850000;0.000000
81.797044;24.764496;7.692793;-1.291083;-0.208451;2.850000;0.000000
81.997037;24.815322;7.501007;-1.330825;-0.192035;2.850000;0.000000
82.197030;24.858891;7.307012;-1.367368;-0.175481;2.850000;0.000000
82.397023;24.895756;7.111084;-1.400719;-0.159063;2.850000;0.000000
82.597016;24.926471;6.913502;-1.430916;-0.142967;2.850000;0.000000
82.797008;24.951589;6.714541;-1.458014;-0.127308;2.850000;0.000000
82.997001;24.971665;6.514479;-1.482084;-0.112136;2.850000;0.000000
83.196994;24.987252;6.313593;-1.503195;-0.097452;2.850000;0.000000
83.396987;24.998904;6.112160;-1.521456;-0.083215;2.850000;0.000000
83.596979;25.007154;5.910555;-1.538133;-0.081022;2.850000;0.000000
83.796972;25.012076;5.709040;-1.555764;-0.093189;2.850000;0.000000
83.996965;25.013211;5.507700;-1.575786;-0.105714;2.850000;0.000000
84.196958;25.010068;5.306738;-1.598329;-0.118625;2.850000;0.000000
84.396951;25.002158;5.106355;-1.623449;-0.131922;2.850000;0.000000
84.596943;24.988988;4.906754;-1.651204;-0.145570;2.850000;0.000000
84.796936;24.970069;4.708135;-1.681638;-0.159494;2.850000;0.000000
84.996929;24.944909;4.510702;-1.714788;-0.173569;2.850000;0.000000
85.196922;24.913016;4.314656;-1.750666;-0.187614;2.850000;0.000000
85.396914;24.873901;4.120198;-1.789206;-0.201389;2.850000;0.000000
85.596907;24.827071;3.927428;-1.828872;-0.199605;2.850000;0.000000
85.796900;24.772598;3.736417;-1.866766;-0.182553;2.850000;0.000000
85.996893;24.711130;3.547202;-1.901383;-0.165381;2.850000;0.000000
86.196885;24.643322;3.359717;-1.932658;-0.148342;2.850000;0.000000
86.396878;24.569824;3.173898;-1.960628;-0.131603;2.850000;0.000000
86.596871;24.491288;2.989678;-1.985345;-0.115259;2.850000;0.000000
86.796864;24.408367;2.806992;-2.006869;-0.099337;2.850000;0.000000
86.996857;24.321712;2.625774;-2.025262;-0.083819;2.850000;0.000000
87.196849;24.231976;2.445959;-2.040579;-0.068642;2.850000;0.000000
87.396842;24.139809;2.267481;-2.052903;-0.053713;2.850000;0.000000
87.596835;24.045846;2.090269;-2.062928;-0.045703;2.850000;0.000000
87.796828;23.950420;1.914228;-2.071816;-0.042899;2.850000;0.000000
87.996820;23.853614;1.739242;-2.080107;-0.040006;2.850000;0.000000
88.196813;23.755499;1.565191;-2.087804;-0.037037;2.850000;0.000000
88.396806;23.656148;1.391956;-2.094898;-0.034003;2.850000;0.000000
88.596799;23.555634;1.219416;-2.101380;-0.030916;2.850000;0.000000
88.796792;23.454027;1.047451;-2.107243;-0.027789;2.850000;0.000000
88.996784;23.351400;0.875941;-2.112482;-0.024633;2.850000;0.000000
89.196777;23.247825;0.704766;-2.117093;-0.021459;2.850000;0.000000
89.396770;23.143375;0.533806;-2.121118;-0.018276;2.850000;0.000000
89.596763;23.038139;0.363006;-2.125211;-0.021989;2.850000;0.000000
89.796755;22.932026;0.192478;-2.130432;-0.029893;2.850000;0.000000
89.996748;22.824830;0.022497;-2.137239;-0.037866;2.850000;0.000000
90.196741;22.716364;-0.146632;-2.145659;-0.045958;2.850000;0.000000
90.396734;22.606440;-0.314603;-2.155712;-0.054216;2.850000;0.000000
90.596727;22.494867;-0.481110;-2.167425;-0.062682;2.850000;0.000000
90.796719;22.381459;-0.645847;-2.180831;-0.071395;2.850000;0.000000
90.996712;22.266026;-0.808508;-2.195965;-0.080386;2.850000;0.000000
91.196705;22.148380;-0.968787;-2.212869;-0.089681;2.850000;0.000000
91.396698;22.028332;-1.126378;-2.231506;-0.099295;2.850000;0.000000
91.596690;21.905621;-1.281121;-2.250861;-0.097640;2.850000;0.000000
91.796683;21.780239;-1.433132;-2.269327;-0.089829;2.850000;0.000000
91.996676;21.652262;-1.582818;-2.286185;-0.081310;2.850000;0.000000
92.196669;21.521725;-1.730637;-2.301330;-0.072256;2.850000;0.000000
92.396661;21.388664;-1.877051;-2.314696;-0.062838;2.850000;0.000000
92.596654;21.253116;-2.022519;-2.326234;-0.053224;2.850000;0.000000
92.796647;21.115116;-2.167502;-2.335919;-0.043576;2.850000;0.000000
92.996640;20.974700;-2.312460;-2.343747;-0.034036;2.850000;0.000000
93.196633;20.831905;-2.457852;-2.349731;-0.024736;2.850000;0.000000
93.396625;20.686767;-2.604140;-2.354282;-0.015787;2.850000;0.000000
93.596618;20.540100;-2.750776;-2.361289;-0.047680;2.850000;-0.524336
93.796611;20.391202;-2.896708;-2.376026;-0.093532;2.812965;-2.006245
93.996604;20.239482;-3.039701;-2.400541;-0.141994;2.666515;-1.760368
94.196596;20.084621;-3.177236;-2.435452;-0.195736;2.531044;-1.521506
94.396589;19.926299;-3.306796;-2.481700;-0.257249;2.407821;-1.274511
94.596582;19.764197;-3.425863;-2.540516;-0.328545;2.299525;-1.006036
94.796575;19.597996;-3.531919;-2.613284;-0.410377;2.210298;-0.705057
94.996568;19.427377;-3.622447;-2.701283;-0.500763;2.145554;-0.367628
95.196560;19.252020;-3.694929;-2.805219;-0.592931;2.111009;-0.009932
95.396553;19.071606;-3.746847;-2.925651;-0.673796;2.110067;-0.009932
95.596546;18.880524;-3.776421;-3.052097;-0.650313;2.109126;0.097218
95.796539;18.683658;-3.781660;3.108443;-0.599810;2.118324;0.298464
95.996531;18.485626;-3.763326;2.993037;-0.559300;2.146317;0.413208
96.196524;18.289155;-3.722619;2.883530;-0.531248;2.184481;0.454264
96.396517;18.096969;-3.660740;2.777676;-0.516527;2.225681;0.430255
96.596510;17.911795;-3.578890;2.673149;-0.515315;2.264012;-0.324885
96.796502;17.736359;-3.478268;2.567612;-0.527532;2.235129;-0.319558
96.996495;17.573386;-3.360075;2.458759;-0.552858;2.206350;-0.179240
97.196488;17.425601;-3.225510;2.344621;-0.590344;2.190043;-0.010690
97.396481;17.296231;-3.076429;2.227316;-0.626042;2.189067;-0.010690
97.596474;17.189647;-2.919293;2.113503;-0.559115;2.188090;0.312424
97.796466;17.099822;-2.750772;2.014184;-0.479043;2.216462;0.635644
97.996459;17.024886;-2.572373;1.929359;-0.397273;2.273093;0.935782
98.196452;16.962971;-2.385604;1.858773;-0.320607;2.353986;1.211075
98.396445;16.912208;-2.191973;1.801556;-0.251787;2.454722;1.469375
98.596437;16.870728;-1.992987;1.756635;-0.190918;2.571651;1.722634
98.796430;16.836662;-1.790153;1.723003;-0.136691;2.702299;1.985535
98.996423;16.808142;-1.584979;1.699854;-0.087146;2.845453;0.064740
99.196416;16.783300;-1.378973;1.686665;-0.040026;2.850000;0.000000
99.396409;16.760244;-1.173451;1.682092;0.001826;2.850000;0.000000
99.596401;16.737388;-0.968162;1.681672;-0.000033;2.850000;0.000000
99.796394;16.714743;-0.764757;1.681467;-0.001980;2.850000;0.000000
99.996387;16.692374;-0.563080;1.680861;-0.004006;2.850000;0.000000
100.196380;16.670342;-0.362975;1.679845;-0.006100;2.850000;0.000000
100.396372;16.648712;-0.164285;1.678411;-0.008253;2.850000;0.000000
100.596365;16.627548;0.033145;1.676555;-0.010451;2.850000;0.000000
100.796358;16.606913;0.229472;1.674272;-0.012680;2.850000;0.000000
100.996351;16.586871;0.424853;1.671562;-0.014927;2.850000;0.000000
101.196344;16.567484;0.619442;1.668423;-0.017177;2.850000;0.000000
101.396336;16.548824;0.813324;1.664693;-0.020595;2.850000;0.000000
101.596329;16.531032;1.006514;1.659825;-0.028977;2.850000;0.000000
101.796322;16.514323;1.199831;1.653416;-0.037048;2.850000;0.000000
101.996315;16.498961;1.393806;1.645465;-0.044616;2.850000;0.000000
102.196307;16.485212;1.588972;1.636055;-0.051506;2.850000;0.000000
102.396300;16.473340;1.785861;1.625289;-0.057571;2.850000;0.000000
102.596293;16.463610;1.985004;1.613290;-0.062694;2.850000;0.000000
102.796286;16.456287;2.186932;1.600198;-0.066799;2.850000;0.000000
102.996278;16.451635;2.392179;1.586162;-0.069847;2.850000;0.000000
103.196271;16.449920;2.601275;1.571377;-0.071840;2.850000;0.000000
103.396264;16.451390;2.814266;1.558337;-0.055930;2.850000;-1.184160
103.596257;16.455258;3.029711;1.553517;0.006239;2.765656;-2.574472
103.796250;16.458863;3.246697;1.561401;0.066519;2.572761;-2.262147
103.996242;16.459326;3.462703;1.582685;0.131355;2.390455;-1.990302
104.196235;16.453768;3.675209;1.618530;0.207530;2.217698;-1.729316
104.396228;16.439311;3.881693;1.671078;0.302879;2.055841;-1.454476
104.596221;16.413075;4.079635;1.743501;0.426276;1.909113;-1.140506
104.796213;16.372182;4.266514;1.839872;0.585414;1.785645;-0.757868
104.996206;16.313753;4.439810;1.964483;0.779295;1.698644;-0.280738
105.196199;16.234908;4.597000;2.120842;0.982817;1.665263;-0.006181
105.396192;16.131572;4.736924;2.303051;1.082787;1.664520;-0.006181
105.596185;15.998496;4.859976;2.482908;0.943132;1.663777;0.383089
105.796177;15.842406;4.960738;2.645003;0.796988;1.709206;0.665175
105.996170;15.667347;5.039420;2.786174;0.673346;1.785342;0.846636
106.196163;15.477362;5.096235;2.910477;0.580940;1.877788;0.943689
106.396156;15.276497;5.131395;3.022530;0.518777;1.975740;0.966221
106.596148;15.068796;5.145111;3.126767;0.483273;2.071237;0.917176
106.796141;14.858304;5.137596;-3.055911;0.471419;2.157981;0.794268
106.996134;14.649066;5.109060;-2.955289;0.481798;2.230376;0.592160
107.196127;14.445126;5.059716;-2.852694;0.514678;2.282856;0.306163
107.396120;14.255670;4.992137;-2.749911;0.501811;2.309522;0.311496
107.596112;14.078340;4.908225;-2.656479;0.440419;2.336340;0.583802
107.796105;13.908897;4.809344;-2.576930;0.369300;2.385791;0.885248
107.996098;13.746152;4.697795;-2.511276;0.295925;2.458879;1.197326
108.196091;13.588913;4.575883;-2.459506;0.224701;2.554408;1.519270
108.396083;13.435993;4.445909;-2.421208;0.157350;2.670709;1.861757
108.596076;13.286200;4.310177;-2.395864;0.093751;2.806664;0.612870
108.796069;13.138347;4.170989;-2.383043;0.032707;2.850000;0.000000
108.996062;12.991243;4.030648;-2.382514;-0.027515;2.850000;0.000000
109.196054;12.843699;3.891457;-2.394016;-0.088824;2.850000;0.000000
109.396047;12.693881;3.754969;-2.413174;-0.104182;2.850000;0.000000
109.596040;12.541739;3.622086;-2.432797;-0.090931;2.850000;0.000000
109.796033;12.387937;3.492641;-2.449678;-0.076952;2.850000;0.000000
109.996026;12.232745;3.366066;-2.463638;-0.062405;2.850000;0.000000
110.196018;12.076432;3.241792;-2.474609;-0.047433;2.850000;0.000000
110.396011;11.919269;3.119249;-2.482543;-0.032160;2.850000;0.000000
110.596004;11.761524;2.997870;-2.487407;-0.016699;2.850000;0.000000
110.795997;11.603469;2.877084;-2.489183;-0.001147;2.850000;0.000000
110.995989;11.445371;2.756324;-2.487864;0.014401;2.850000;0.000000
111.195982;11.287501;2.635020;-2.483607;0.029851;2.850000;0.000000
111.395975;11.130119;2.512671;-2.478185;0.026191;2.850000;0.000000
111.595968;10.973153;2.389332;-2.474185;0.014037;2.850000;0.000000
111.795961;10.816347;2.265405;-2.472586;0.001971;2.850000;0.000000
111.995953;10.659453;2.141308;-2.473393;-0.010039;2.850000;0.000000
112.195946;10.502221;2.017456;-2.476603;-0.022028;2.850000;0.000000
112.395939;10.344402;1.894266;-2.482214;-0.034026;2.850000;0.000000
112.595932;10.185747;1.772154;-2.490230;-0.046058;2.850000;0.000000
112.795924;10.026006;1.651535;-2.500658;-0.058140;2.850000;0.000000
112.995917;9.864931;1.532827;-2.513505;-0.070277;2.850000;0.000000
113.195910;9.702273;1.416444;-2.528620;-0.082457;2.850000;0.000000
113.395903;9.537850;1.302773;-2.544452;-0.077566;2.850000;0.000000
113.595895;9.371722;1.191686;-2.558868;-0.066749;2.850000;0.000000
113.795888;9.204113;1.082817;-2.571125;-0.055900;2.850000;0.000000
113.995881;9.035262;0.975805;-2.581215;-0.045047;2.850000;0.000000
114.195874;8.865408;0.870288;-2.589138;-0.034206;2.850000;0.000000
114.395867;8.694787;0.765906;-2.594898;-0.023385;2.850000;0.000000
114.595859;8.523638;0.662298;-2.598496;-0.012583;2.850000;0.000000
114.795852;8.352198;0.559103;-2.599934;-0.001794;2.850000;0.000000
114.995845;8.180707;0.455961;-2.599214;0.008990;2.850000;0.000000
115.195838;8.009401;0.352510;-2.596501;0.019777;2.850000;0.000000
115.395830;7.838432;0.248415;-2.593197;0.014921;2.850000;0.000000
115.595823;7.667780;0.143814;-2.591097;0.006090;2.850000;0.000000
115.795816;7.497282;0.039021;-2.590763;-0.002746;2.850000;0.000000
115.995809;7.326761;-0.065656;-2.592197;-0.011593;2.850000;0.000000
116.195802;7.156040;-0.169912;-2.595402;-0.020452;2.850000;0.000000
116.395794;6.984943;-0.273440;-2.600379;-0.029325;2.850000;0.000000
116.595787;6.813291;-0.375932;-2.607130;-0.038213;2.850000;0.000000
116.795780;6.640909;-0.477082;-2.615656;-0.047108;2.850000;0.000000
116.995773;6.467619;-0.576585;-2.625959;-0.056001;2.850000;0.000000
117.195765;6.293244;-0.674132;-2.637961;-0.064873;2.850000;0.000000
117.395758;6.117506;-0.769506;-2.651096;-0.067325;2.850000;0.000000
117.595751;5.940469;-0.862523;-2.664697;-0.068708;2.850000;0.000000
117.795744;5.762167;-0.953100;-2.678579;-0.070111;2.850000;0.000000
117.995737;5.582613;-1.041168;-2.692743;-0.071534;2.850000;0.000000
118.195729;5.401819;-1.126657;-2.707193;-0.072973;2.850000;0.000000
118.395722;5.219800;-1.209497;-2.721932;-0.074425;2.850000;0.000000
118.595715;5.036567;-1.289619;-2.736963;-0.075888;2.850000;0.000000
118.795708;4.852135;-1.366954;-2.752287;-0.077359;2.850000;0.000000
118.995700;4.666516;-1.441430;-2.767907;-0.078833;2.850000;0.000000
119.195693;4.479724;-1.512979;-2.783848;-0.080307;2.850000;0.000000
119.395686;4.291765;-1.581524;-2.800258;-0.083502;2.850000;0.000000
119.595679;4.102675;-1.646922;-2.817307;-0.086914;2.850000;0.000000
119.795671;3.912490;-1.709018;-2.835043;-0.090388;2.850000;0.000000
119.995664;3.721241;-1.767656;-2.853478;-0.093917;2.850000;0.000000
120.195657;3.528961;-1.822681;-2.872619;-0.097493;2.850000;0.000000
120.395650;3.335683;-1.873936;-2.892476;-0.101104;2.850000;0.000000
120.595643;3.141441;-1.921266;-2.913054;-0.104736;2.850000;0.000000
120.795635;2.946267;-1.964516;-2.934356;-0.108372;2.850000;0.000000
120.995628;2.750194;-2.003528;-2.956386;-0.111994;2.850000;0.000000
121.195621;2.553255;-2.038148;-2.979064;-0.115580;2.850000;0.000000
121.395614;2.355718;-2.068212;-3.002075;-0.115239;2.850000;0.000000
121.595606;2.157471;-2.093728;-3.025079;-0.114926;2.850000;0.000000
121.795599;1.958628;-2.114689;-3.048037;-0.114703;2.850000;0.000000
121.995592;1.759306;-2.131088;-3.070965;-0.114571;2.850000;0.000000
122.195585;1.559625;-2.142917;-3.093880;-0.114529;2.850000;0.000000
122.395578;1.359702;-2.150169;-3.116798;-0.114579;2.850000;0.000000
122.595570;1.159655;-2.152836;-3.139736;-0.114719;2.850000;0.000000
122.795563;0.959604;-2.150911;3.120474;-0.114949;2.850000;0.000000
122.995556;0.759666;-2.144387;3.097445;-0.115269;2.850000;0.000000
123.195549;0.559956;-2.133257;3.074375;-0.115610;2.850000;0.000000
123.395541;0.360517;-2.117517;3.051397;-0.114375;2.850000;0.000000
123.595534;0.161517;-2.097222;3.028637;-0.113175;2.850000;0.000000
123.795527;-0.036958;-2.072428;3.006115;-0.112015;2.850000;0.000000
123.995520;-0.234816;-2.043196;2.983821;-0.110902;2.850000;0.000000
124.195512;-0.431970;-2.009584;2.961745;-0.109840;2.850000;0.000000
124.395505;-0.628330;-1.971651;2.939878;-0.108834;2.850000;0.000000
124.595498;-0.823808;-1.929455;2.918206;-0.107889;2.850000;0.000000
124.795491;-1.018314;-1.883055;2.896719;-0.107008;2.850000;0.000000
124.995484;-1.211760;-1.832510;2.875405;-0.106194;2.850000;0.000000
125.195476;-1.404045;-1.777882;2.854453;-0.104583;2.850000;0.000000
125.395469;-1.595027;-1.719331;2.834639;-0.094829;2.850000;0.000000
125.595462;-1.784888;-1.657166;2.816673;-0.085015;2.850000;0.000000
125.795455;-1.973728;-1.591763;2.800664;-0.075190;2.850000;0.000000
125.995447;-2.161644;-1.523500;2.786612;-0.065384;2.850000;0.000000
126.195440;-2.348735;-1.452754;2.774511;-0.055616;2.850000;0.000000
126.395433;-2.535099;-1.379903;2.764355;-0.045895;2.850000;0.000000
126.595426;-2.720835;-1.305323;2.756138;-0.036217;2.850000;0.000000
126.795419;-2.906041;-1.229393;2.749854;-0.026575;2.850000;0.000000
126.995411;-3.090815;-1.152488;2.745497;-0.016952;2.850000;0.000000
127.195404;-3.275296;-1.074971;2.742754;-0.009171;2.850000;0.000000
127.395397;-3.459730;-0.997019;2.740510;-0.011973;2.850000;0.000000
127.595390;-3.643881;-0.918665;2.737834;-0.014778;2.850000;0.000000
127.795382;-3.827718;-0.839802;2.734597;-0.017584;2.850000;0.000000
127.995375;-4.011214;-0.760321;2.730800;-0.020389;2.850000;0.000000
128.195368;-4.194337;-0.680113;2.726444;-0.023190;2.850000;0.000000
128.395361;-4.377058;-0.599069;2.721529;-0.025984;2.850000;0.000000
128.595354;-4.559349;-0.517081;2.716057;-0.028767;2.850000;0.000000
128.795346;-4.741180;-0.434039;2.710030;-0.031535;2.850000;0.000000
128.995339;-4.922520;-0.349835;2.703450;-0.034285;2.850000;0.000000
129.195332;-5.103315;-0.264374;2.696314;-0.037073;2.850000;0.000000
129.395325;-5.283447;-0.177585;2.688596;-0.040082;2.850000;0.000000
129.595317;-5.462930;-0.089329;2.680277;-0.043111;2.850000;0.000000
129.795310;-5.641676;0.000487;2.671348;-0.046159;2.850000;0.000000
129.995303;-5.819595;0.091955;2.661807;-0.049229;2.850000;0.000000
130.195296;-5.996601;0.185168;2.651649;-0.052320;2.850000;0.000000
130.395288;-6.172604;0.280220;2.640872;-0.055431;2.850000;0.000000
130.595281;-6.347516;0.377202;2.629473;-0.058561;2.850000;0.000000
130.795274;-6.521249;0.476209;2.617448;-0.061706;2.850000;0.000000
130.995267;-6.693714;0.577332;2.604800;-0.064863;2.850000;0.000000
131.195260;-6.864822;0.680661;2.591936;-0.064677;2.850000;0.000000
131.395252;-7.034573;0.786153;2.580000;-0.055541;2.850000;0.000000
131.595245;-7.203154;0.893530;2.569814;-0.046384;2.850000;0.000000
131.795238;-7.370759;1.002482;2.561457;-0.037225;2.850000;0.000000
131.995231;-7.537585;1.112704;2.554929;-0.028072;2.850000;0.000000
132.195223;-7.703828;1.223885;2.550229;-0.018932;2.850000;0.000000
132.395216;-7.869683;1.335718;2.547355;-0.009803;2.850000;0.000000
132.595209;-8.035346;1.447895;2.546306;-0.000684;2.850000;0.000000
132.795202;-8.201013;1.560108;2.547081;0.008429;2.850000;0.000000
132.995195;-8.366880;1.672049;2.549679;0.017541;2.850000;0.000000
133.195187;-8.533067;1.783358;2.554162;0.027208;2.850000;0.000000
133.395180;-8.699699;1.893653;2.560688;0.038001;2.850000;0.000000
133.595173;-8.867149;2.002670;2.569360;0.048807;2.850000;0.000000
133.795166;-9.035635;2.110037;2.580192;0.059621;2.850000;0.000000
133.995158;-9.205377;2.215383;2.593183;0.070427;2.850000;0.000000
134.195151;-9.376595;2.318336;2.608330;0.081196;2.850000;0.000000
134.395144;-9.549508;2.418526;2.625626;0.091884;2.850000;0.000000
134.595137;-9.724335;2.515581;2.645057;0.102434;2.850000;0.000000
134.795130;-9.901297;2.609130;2.666599;0.112766;2.850000;0.000000
134.995122;-10.080611;2.698801;2.690226;0.122786;2.850000;0.000000
135.195115;-10.262580;2.784259;2.716052;0.133864;2.850000;0.000000
135.395108;-10.447298;2.864996;2.744456;0.147930;2.850000;0.000000
135.595101;-10.634408;2.940212;2.775810;0.163063;2.850000;0.000000
135.795093;-10.823675;3.009156;2.810291;0.179333;2.850000;0.000000
135.995086;-11.014861;3.071080;2.848079;0.196754;2.850000;0.000000
136.195079;-11.207733;3.125235;2.889350;0.215264;2.850000;0.000000
136.395072;-11.402053;3.170871;2.934264;0.234692;2.850000;0.000000
136.595064;-11.597585;3.207241;2.982948;0.254734;2.850000;0.000000
136.795057;-11.794095;3.233594;3.035479;0.274919;2.850000;0.000000
136.995050;-11.991346;3.249182;3.091857;0.294593;2.850000;0.000000
137.195043;-12.189357;3.253269;-3.132517;0.300051;2.850000;0.000000
137.395036;-12.387845;3.245583;-3.074202;0.288219;2.850000;0.000000
137.595028;-12.585957;3.226501;-3.017946;0.276849;2.850000;0.000000
137.795021;-12.783169;3.196452;-2.963757;0.266250;2.850000;0.000000
137.995014;-12.978957;3.155866;-2.911465;0.256654;2.850000;0.000000
138.195007;-13.172798;3.105171;-2.860875;0.248228;2.850000;0.000000
138.394999;-13.364169;3.044797;-2.811772;0.241092;2.850000;0.000000
138.594992;-13.552545;2.975174;-2.763925;0.235332;2.850000;0.000000
138.794985;-13.737404;2.896731;-2.717096;0.231015;2.850000;0.000000
138.994978;-13.918221;2.809897;-2.671112;0.228196;2.850000;0.000000
139.194971;-14.094239;2.715255;-2.626692;0.216887;2.850000;0.000000
139.394963;-14.265465;2.613423;-2.585581;0.195670;2.850000;0.000000
139.594956;-14.432553;2.505024;-2.548789;0.173656;2.850000;0.000000
139.794949;-14.595934;2.390811;-2.516391;0.151333;2.850000;0.000000
139.994942;-14.756037;2.271536;-2.488402;0.129038;2.850000;0.000000
140.194934;-14.913291;2.147953;-2.464801;0.106979;2.850000;0.000000
140.394927;-15.068126;2.020814;-2.445548;0.085245;2.850000;0.000000
140.594920;-15.220971;1.890872;-2.430597;0.063838;2.850000;0.000000
140.794913;-15.372254;1.758880;-2.419905;0.042691;2.850000;0.000000
140.994905;-15.522407;1.625590;-2.413385;0.021686;2.850000;0.000000
141.194898;-15.671850;1.491732;-2.410030;0.010957;2.850000;0.000000
141.394891;-15.820835;1.357681;-2.408138;0.007698;2.850000;0.000000
141.594884;-15.969475;1.223525;-2.406925;0.004418;2.850000;0.000000
141.794877;-16.117881;1.089341;-2.406370;0.001123;2.850000;0.000000
141.994869;-16.266166;0.955207;-2.406476;-0.002184;2.850000;0.000000
142.194862;-16.414439;0.821201;-2.407244;-0.005496;2.850000;0.000000
142.394855;-16.562814;0.687399;-2.408673;-0.008810;2.850000;0.000000
142.594848;-16.711401;0.553880;-2.410764;-0.012122;2.850000;0.000000
142.794840;-16.860311;0.420719;-2.413515;-0.015425;2.850000;0.000000
142.994833;-17.009657;0.287995;-2.416896;-0.018715;2.850000;0.000000
143.194826;-17.159498;0.155815;-2.420499;-0.017689;2.850000;0.000000
143.394819;-17.309837;0.024135;-2.423682;-0.014219;2.850000;0.000000
143.594812;-17.460600;-0.107160;-2.426179;-0.010757;2.850000;0.000000
143.794804;-17.611685;-0.238167;-2.427984;-0.007303;2.850000;0.000000
143.994797;-17.762995;-0.368980;-2.429100;-0.003855;2.850000;0.000000
144.194790;-17.914428;-0.499698;-2.429527;-0.000410;2.850000;0.000000
144.394783;-18.065886;-0.630414;-2.429264;0.003034;2.850000;0.000000
144.594775;-18.217268;-0.761225;-2.428313;0.006478;2.850000;0.000000
144.794768;-18.368474;-0.892228;-2.426672;0.009924;2.850000;0.000000
144.994761;-18.519405;-1.023517;-2.424368;0.013374;2.850000;0.000000
145.194754;-18.670005;-1.155214;-2.421715;0.013447;2.850000;0.000000
145.394747;-18.820244;-1.287308;-2.419171;0.012012;2.850000;0.000000
145.594739;-18.970146;-1.419746;-2.416912;0.010575;2.850000;0.000000
145.794732;-19.119751;-1.552487;-2.414941;0.009137;2.850000;0.000000
145.994725;-19.269101;-1.685489;-2.413258;0.007697;2.850000;0.000000
146.194718;-19.418237;-1.818713;-2.411862;0.006256;2.850000;0.000000
146.394710;-19.567199;-1.952117;-2.410756;0.004814;2.850000;0.000000
146.594703;-19.716028;-2.085661;-2.409937;0.003372;2.850000;0.000000
146.794696;-19.864765;-2.219303;-2.409407;0.001930;2.850000;0.000000
146.994689;-20.013450;-2.353002;-2.409160;0.000487;2.850000;0.000000
147.194681;-20.162130;-2.486726;-2.409149;-0.000424;2.850000;0.000000
147.394674;-20.310827;-2.620442;-2.409307;-0.001159;2.850000;0.000000
147.594667;-20.459558;-2.754126;-2.409612;-0.001893;2.850000;0.000000
147.794660;-20.608343;-2.887757;-2.410064;-0.002627;2.850000;0.000000
147.994653;-20.757201;-3.021312;-2.410663;-0.003361;2.850000;0.000000
148.194645;-20.906152;-3.154770;-2.411409;-0.004095;2.850000;0.000000
148.394638;-21.055215;-3.288109;-2.412301;-0.004829;2.850000;0.000000
148.594631;-21.204411;-3.421307;-2.413340;-0.005563;2.850000;0.000000
148.794624;-21.353758;-3.554342;-2.414526;-0.006297;2.850000;0.000000
148.994616;-21.503276;-3.687192;-2.415846;-0.007031;2.850000;0.000000
149.194609;-21.652955;-3.819816;-2.417191;-0.006552;2.850000;0.000000
149.394602;-21.802806;-3.952242;-2.418424;-0.005785;2.850000;0.000000
149.594595;-21.952814;-4.084498;-2.419505;-0.005019;2.850000;0.000000
149.794588;-22.102958;-4.216606;-2.420432;-0.004253;2.850000;0.000000
149.994580;-22.253217;-4.348589;-2.421206;-0.003487;2.850000;0.000000
150.194573;-22.403571;-4.480470;-2.421827;-0.002722;2.850000;0.000000
150.394566;-22.553998;-4.612270;-2.422294;-0.001956;2.850000;0.000000
150.594559;-22.704478;-4.744013;-2.422609;-0.001191;2.850000;0.000000
150.794551;-22.854990;-4.875720;-2.422771;-0.000425;2.850000;0.000000
150.994544;-23.005514;-5.007415;-2.422780;0.000340;2.850000;0.000000
151.194537;-23.156030;-5.139121;-2.422643;0.001035;2.850000;0.000000
151.394530;-23.306519;-5.270858;-2.422368;0.001719;2.850000;0.000000
151.594522;-23.456961;-5.402645;-2.421956;0.002403;2.850000;0.000000
151.794515;-23.607337;-5.534503;-2.421407;0.003087;2.850000;0.000000
151.994508;-23.757630;-5.666452;-2.420721;0.003772;2.850000;0.000000
152.194501;-23.907821;-5.798512;-2.419898;0.004456;2.850000;0.000000
152.394494;-24.057892;-5.930703;-2.418938;0.005140;2.850000;0.000000
152.594486;-24.207823;-6.063046;-2.417842;0.005825;2.850000;0.000000
152.794479;-24.357598;-6.195561;-2.416609;0.006509;2.850000;0.000000
152.994472;-24.507196;-6.328268;-2.415251;0.007194;2.850000;0.000000
153.194465;-24.656630;-6.461206;-2.413849;0.006964;2.850000;0.000000
153.394457;-24.805877;-6.594351;-2.412487;0.006656;2.850000;0.000000
153.594450;-24.954945;-6.727693;-2.411186;0.006349;2.850000;0.000000
153.794443;-25.103840;-6.861221;-2.409947;0.006041;2.850000;0.000000
153.994436;-25.252570;-6.994927;-2.408770;0.005734;2.850000;0.000000
154.194429;-25.401145;-7.128800;-2.407654;0.005426;2.850000;0.000000
154.394421;-25.549571;-7.262832;-2.406599;0.005118;2.850000;0.000000
154.594414;-25.697857;-7.397014;-2.405606;0.004811;2.850000;0.000000
154.794407;-25.846011;-7.531335;-2.404675;0.004503;2.850000;0.000000
154.994400;-25.994041;-7.665786;-2.403846;0.004196;2.850000;0.000000
155.194392;-26.141970;-7.800352;-2.403334;0.001336;2.850000;0.000000
155.394385;-26.289862;-7.934955;-2.403358;-0.001575;2.850000;0.000000
155.594378;-26.437796;-8.069511;-2.403964;-0.004486;2.850000;0.000000
155.794371;-26.585850;-8.203934;-2.405152;-0.007397;2.850000;0.000000
155.994364;-26.734106;-8.338140;-2.406922;-0.010308;2.850000;0.000000
156.194356;-26.882642;-8.472044;-2.409275;-0.013217;2.850000;0.000000
156.394349;-27.031537;-8.605561;-2.412209;-0.016125;2.850000;0.000000
156.594342;-27.180873;-8.738606;-2.415725;-0.019031;2.850000;0.000000
156.794335;-27.330727;-8.871093;-2.419821;-0.021933;2.850000;0.000000
156.994327;-27.481177;-9.002936;-2.424348;-0.024519;2.850000;0.000000
157.194320;-27.632172;-9.134015;-2.428628;-0.019450;2.850000;0.000000
157.394313;-27.783698;-9.264525;-2.432011;-0.014387;2.850000;0.000000
157.594306;-27.935617;-9.394613;-2.434383;-0.009330;2.850000;0.000000
157.794298;-28.087790;-9.524428;-2.435744;-0.004275;2.850000;0.000000
157.994291;-28.240079;-9.654117;-2.436094;0.000777;2.850000;0.000000
158.194284;-28.392345;-9.783828;-2.435433;0.005831;2.850000;0.000000
158.394277;-28.544452;-9.913709;-2.433761;0.010886;2.850000;0.000000
158.594270;-28.696260;-10.043908;-2.431078;0.015946;2.850000;0.000000
158.794262;-28.847631;-10.174572;-2.427383;0.021012;2.850000;0.000000
158.994255;-28.998436;-10.305857;-2.422854;0.025320;2.850000;0.000000
159.194248;-29.148665;-10.437928;-2.418220;0.022060;2.850000;0.000000
159.394241;-29.298291;-10.570645;-2.414135;0.018795;2.850000;0.000000
159.594233;-29.447405;-10.703911;-2.410703;0.015526;2.850000;0.000000
159.794226;-29.596097;-10.837634;-2.407925;0.012254;2.850000;0.000000
159.994219;-29.744459;-10.971718;-2.405802;0.008981;2.850000;0.000000
160.194212;-29.892579;-11.106069;-2.404333;0.005707;2.850000;0.000000
160.394205;-30.040550;-11.240592;-2.403519;0.002433;2.850000;0.000000
160.594197;-30.188462;-11.375193;-2.403360;-0.000840;2.850000;0.000000
160.794190;-30.336404;-11.509776;-2.403855;-0.004113;2.850000;0.000000
160.994183;-30.484460;-11.644240;-2.404915;-0.006852;2.850000;0.000000
161.194176;-30.632660;-11.778484;-2.406224;-0.006593;2.850000;0.000000
161.394168;-30.781047;-11.912542;-2.407516;-0.006334;2.850000;0.000000
161.594161;-30.929613;-12.046420;-2.408757;-0.006076;2.850000;0.000000
161.794154;-31.078348;-12.180124;-2.409947;-0.005819;2.850000;0.000000
161.994147;-31.227243;-12.313658;-2.411085;-0.005561;2.850000;0.000000
162.194140;-31.376289;-12.447029;-2.412172;-0.005304;2.850000;0.000000
162.394132;-31.525477;-12.580242;-2.413207;-0.005048;2.850000;0.000000
162.594125;-31.674798;-12.713303;-2.414191;-0.004791;2.850000;0.000000
162.794118;-31.824242;-12.846218;-2.415123;-0.004535;2.850000;0.000000
162.994111;-31.973802;-12.978992;-2.415989;-0.004171;2.850000;0.000000
163.194103;-32.123472;-13.111644;-2.416741;-0.003390;2.850000;0.000000
163.394096;-32.273227;-13.244190;-2.417341;-0.002609;2.850000;0.000000
163.594089;-32.423047;-13.376654;-2.417785;-0.001828;2.850000;0.000000
163.794082;-32.572915;-13.509062;-2.418072;-0.001047;2.850000;0.000000
163.994074;-32.722811;-13.641440;-2.418203;-0.000266;2.850000;0.000000
164.194067;-32.872716;-13.773811;-2.418178;0.000516;2.850000;0.000000
164.394060;-33.022612;-13.906202;-2.417997;0.001297;2.850000;0.000000
164.594053;-33.172481;-14.038638;-2.417660;0.002078;2.850000;0.000000
164.794046;-33.322303;-14.171144;-2.417167;0.002858;2.850000;0.000000
164.994038;-33.472053;-14.303738;-2.416633;0.002726;2.850000;0.000000
165.194031;-33.621727;-14.436398;-2.416381;0.000029;2.850000;0.000000
165.394024;-33.771408;-14.569065;-2.416645;-0.002668;2.850000;0.000000
165.594017;-33.921162;-14.701656;-2.417448;-0.005365;2.850000;0.000000
165.794009;-34.071059;-14.834085;-2.418791;-0.008062;2.850000;0.000000
165.994002;-34.221164;-14.966268;-2.420673;-0.010760;2.850000;0.000000
166.193995;-34.371546;-15.098122;-2.423096;-0.013460;2.850000;0.000000
166.393988;-34.522273;-15.229562;-2.426058;-0.016162;2.850000;0.000000
166.593981;-34.673412;-15.360503;-2.429560;-0.018866;2.850000;0.000000
166.793973;-34.825030;-15.490862;-2.433600;-0.021571;2.850000;0.000000
166.993966;-34.977219;-15.620576;-2.437948;-0.022287;2.850000;0.000000
167.193959;-35.130016;-15.749654;-2.442014;-0.018705;2.850000;0.000000
167.393952;-35.283287;-15.878153;-2.445396;-0.015120;2.850000;0.000000
167.593944;-35.436940;-16.006183;-2.448062;-0.011534;2.850000;0.000000
167.793937;-35.590883;-16.133854;-2.450010;-0.007947;2.850000;0.000000
167.993930;-35.745025;-16.261278;-2.451241;-0.004360;2.850000;0.000000
168.193923;-35.899275;-16.388564;-2.451754;-0.000772;2.850000;0.000000
168.393915;-36.053541;-16.515823;-2.451550;0.002816;2.850000;0.000000
168.593908;-36.207731;-16.643166;-2.450628;0.006404;2.850000;0.000000
168.793901;-36.361754;-16.770703;-2.448984;0.009993;2.850000;0.000000
168.993894;-36.515491;-16.898525;-2.446405;0.015547;2.850000;0.000000
169.193887;-36.668777;-17.026790;-2.442395;0.024365;2.850000;0.000000
169.393879;-36.821429;-17.155793;-2.436644;0.033186;2.850000;0.000000
169.593872;-36.973214;-17.285800;-2.429130;0.042007;2.850000;0.000000
169.793865;-37.123901;-17.417075;-2.419854;0.050822;2.850000;0.000000
169.993858;-37.273259;-17.549884;-2.408817;0.059616;2.850000;0.000000
170.193850;-37.421054;-17.684491;-2.396023;0.068369;2.850000;0.000000
170.393843;-37.567056;-17.821163;-2.381481;0.077053;2.850000;0.000000
170.593836;-37.711033;-17.960164;-2.365200;0.085628;2.850000;0.000000
170.793829;-37.852752;-18.101759;-2.347205;0.094049;2.850000;0.000000
170.993822;-37.991925;-18.246152;-2.327541;0.102078;2.850000;0.000000
171.193814;-38.128219;-18.393482;-2.306249;0.110069;2.850000;0.000000
171.393807;-38.261288;-18.543861;-2.283307;0.118453;2.850000;0.000000
171.593800;-38.390706;-18.697321;-2.258646;0.127249;2.850000;0.000000
171.793793;-38.516049;-18.853892;-2.232202;0.136460;2.850000;0.000000
171.993785;-38.636890;-19.013606;-2.203909;0.146074;2.850000;0.000000
172.193778;-38.752804;-19.176494;-2.173706;0.156061;2.850000;0.000000
172.393771;-38.863365;-19.342586;-2.141538;0.166363;2.850000;0.000000
172.593764;-38.968149;-19.511915;-2.107357;0.176898;2.850000;0.000000
172.793757;-39.066729;-19.684510;-2.071131;0.187546;2.850000;0.000000
172.993749;-39.158851;-19.860714;-2.033745;0.189144;2.850000;0.000000
173.193742;-39.244402;-20.040476;-1.997022;0.180479;2.850000;0.000000
173.393735;-39.323452;-20.223223;-1.961971;0.171506;2.850000;0.000000
173.593728;-39.396274;-20.408715;-1.928698;0.162374;2.850000;0.000000
173.793720;-39.463140;-20.596711;-1.897209;0.153211;2.850000;0.000000
173.993713;-39.524322;-20.786972;-1.867494;0.144118;2.850000;0.000000
174.193706;-39.580092;-20.979257;-1.839534;0.135176;2.850000;0.000000
174.393699;-39.630724;-21.173326;-1.813297;0.126443;2.850000;0.000000
174.593691;-39.676488;-21.368940;-1.788748;0.117956;2.850000;0.000000
174.793684;-39.717657;-21.565858;-1.765845;0.109739;2.850000;0.000000
174.993677;-39.754369;-21.763157;-1.743818;0.109124;2.850000;0.000000
175.193670;-39.786678;-21.960785;-1.721377;0.114523;2.850000;0.000000
175.393663;-39.814450;-22.159133;-1.697876;0.120151;2.850000;0.000000
175.593655;-39.837437;-22.358056;-1.673230;0.125997;2.850000;0.000000
175.793648;-39.855390;-22.557409;-1.647404;0.132041;2.850000;0.000000
175.993641;-39.868063;-22.757046;-1.620367;0.138259;2.850000;0.000000
176.193634;-39.875206;-22.956823;-1.592091;0.144615;2.850000;0.000000
176.393626;-39.876572;-23.156594;-1.562552;0.151065;2.850000;0.000000
176.593619;-39.871913;-23.356214;-1.531736;0.157550;2.850000;0.000000
176.793612;-39.860981;-23.555537;-1.499641;0.164003;2.850000;0.000000
176.993605;-39.843514;-23.754656;-1.466707;0.165882;2.850000;0.000000
177.193598;-39.819427;-23.953309;-1.433651;0.164692;2.850000;0.000000
177.393590;-39.788801;-24.151094;-1.400780;0.163749;2.850000;0.000000
177.593583;-39.751707;-24.347780;-1.368070;0.163061;2.850000;0.000000
177.793576;-39.708217;-24.543137;-1.335475;0.162634;2.850000;0.000000
177.993569;-39.658402;-24.736935;-1.302945;0.162471;2.850000;0.000000
178.193561;-39.602334;-24.928943;-1.270432;0.162576;2.850000;0.000000
178.393554;-39.540084;-25.118931;-1.237888;0.162950;2.850000;0.000000
178.593547;-39.471725;-25.306669;-1.205263;0.163593;2.850000;0.000000
178.793540;-39.397327;-25.491926;-1.172529;0.164504;2.850000;0.000000
178.993533;-39.316954;-25.674512;-1.139977;0.162062;2.850000;0.000000
179.193525;-39.230766;-25.854320;-1.108138;0.157292;2.850000;0.000000
179.393518;-39.138986;-26.031330;-1.077261;0.152359;2.850000;0.000000
179.593511;-39.041830;-26.205543;-1.047367;0.147324;2.850000;0.000000
179.793504;-38.939514;-26.376960;-1.018460;0.142244;2.850000;0.000000
179.993496;-38.832255;-26.545582;-0.990537;0.137166;2.850000;0.000000
180.193489;-38.720269;-26.711410;-0.963591;0.132133;2.850000;0.000000
180.393482;-38.603772;-26.874445;-0.937609;0.127180;2.850000;0.000000
180.593475;-38.482981;-27.034687;-0.912572;0.122336;2.850000;0.000000
180.793467;-38.358111;-27.192138;-0.888374;0.117624;2.850000;0.000000
180.993460;-38.229397;-27.346723;-0.863844;0.125266;2.850000;0.000000
181.193453;-38.096783;-27.498055;-0.837185;0.139604;2.850000;0.000000
181.393446;-37.960064;-27.645504;-0.807602;0.154659;2.850000;0.000000
181.593439;-37.819045;-27.788410;-0.774969;0.170436;2.850000;0.000000
181.793431;-37.673536;-27.926116;-0.739175;0.186881;2.850000;0.000000
181.993424;-37.523345;-28.057964;-0.700124;0.203863;2.850000;0.000000
182.193417;-37.368279;-28.183295;-0.657743;0.221157;2.850000;0.000000
182.393410;-37.208147;-28.301452;-0.611996;0.238431;2.850000;0.000000
182.593402;-37.042756;-28.411777;-0.562897;0.255233;2.850000;0.000000
182.793395;-36.871915;-28.513612;-0.510522;0.270996;2.850000;0.000000
182.993388;-36.694517;-28.606807;-0.456573;0.269585;2.850000;0.000000
183.193381;-36.511507;-28.690640;-0.403026;0.263036;2.850000;0.000000
183.393374;-36.324063;-28.764755;-0.350467;0.258397;2.850000;0.000000
183.593366;-36.132981;-28.829013;-0.298638;0.255717;2.850000;0.000000
183.793359;-35.939053;-28.883278;-0.247205;0.255043;2.850000;0.000000
183.993352;-35.743074;-28.927413;-0.195826;0.256426;2.850000;0.000000
184.193345;-35.545835;-28.961280;-0.144154;0.259926;2.850000;0.000000
184.393337;-35.348131;-28.984743;-0.091835;0.265616;2.850000;0.000000
184.593330;-35.150756;-28.997665;-0.038506;0.273574;2.850000;0.000000
184.793323;-34.954502;-28.999908;0.016207;0.283882;2.850000;0.000000
184.993316;-34.759507;-28.991323;0.071864;0.287264;2.850000;0.000000
185.193308;-34.566239;-28.971958;0.127486;0.285011;2.850000;0.000000
185.393301;-34.374554;-28.941980;0.182229;0.278705;2.850000;0.000000
185.593294;-34.184183;-28.901555;0.235551;0.268746;2.850000;0.000000
185.793287;-33.994860;-28.850851;0.286989;0.255729;2.850000;0.000000
185.993280;-33.806316;-28.790032;0.336158;0.240360;2.850000;0.000000
186.193272;-33.618284;-28.719267;0.382759;0.223380;2.850000;0.000000
186.393265;-33.430495;-28.638721;0.426581;0.205493;2.850000;0.000000
186.593258;-33.242683;-28.548561;0.467494;0.187319;2.850000;0.000000
186.793251;-33.054579;-28.448952;0.504224;0.169365;2.850000;-0.825949
186.993243;-32.866108;-28.340767;0.530775;0.087596;2.791439;-2.313847
187.193236;-32.677676;-28.227726;0.541744;0.012687;2.620425;-2.651560
187.393229;-32.489903;-28.114365;0.536367;-0.062244;2.409573;-2.295664
187.593222;-32.303409;-28.005223;0.514010;-0.146331;2.210839;-1.983894
187.793215;-32.118813;-27.904835;0.472657;-0.250408;2.023433;-1.679199
187.993207;-31.936738;-27.817740;0.408732;-0.388134;1.850034;-1.348194
188.193200;-31.757804;-27.748473;0.316992;-0.575105;1.698048;-0.952048
188.393193;-31.582630;-27.701573;0.191007;-0.820573;1.581948;-0.442341
188.593186;-31.411838;-27.681576;0.025331;-1.102001;1.525002;-0.005183
188.793178;-31.245908;-27.693041;-0.173569;-1.291124;1.524322;-0.005183
188.993171;-31.084487;-27.738971;-0.371086;-1.082767;1.523642;0.481194
189.193164;-30.928748;-27.816452;-0.538377;-0.836940;1.585546;0.890363
189.393157;-30.778743;-27.921569;-0.671779;-0.623955;1.694133;1.202793
189.593150;-30.634521;-28.050408;-0.776245;-0.461855;1.830625;1.444762
189.793142;-30.496131;-28.199055;-0.857675;-0.344278;1.982188;1.638543
189.993135;-30.363624;-28.363594;-0.921152;-0.259493;2.141136;1.800137
190.193128;-30.237049;-28.540113;-0.970559;-0.197176;2.303149;1.942250
190.393121;-30.116456;-28.724695;-1.008676;-0.149559;2.466042;2.076913
190.593113;-30.001895;-28.913427;-1.037335;-0.110875;2.629087;2.218198
190.793106;-29.893993;-29.101384;-1.058810;-0.085913;2.792731;0.807910
190.993099;-29.792911;-29.285304;-1.076364;-0.078791;2.850000;0.000000
191.193092;-29.696717;-29.467323;-1.091680;-0.069820;2.850000;0.000000
191.393084;-29.604640;-29.647722;-1.104756;-0.059125;2.850000;0.000000
191.593077;-29.515910;-29.826784;-1.115365;-0.046904;2.850000;0.000000
191.793070;-29.429758;-30.004790;-1.123320;-0.033427;2.850000;0.000000
191.993063;-29.345415;-30.182022;-1.128475;-0.019018;2.850000;0.000000
192.193056;-29.262110;-30.358762;-1.130733;-0.004048;2.850000;0.000000
192.393048;-29.179075;-30.535292;-1.130046;0.011087;2.850000;0.000000
192.593041;-29.095539;-30.711895;-1.126438;0.025983;2.850000;0.000000
192.793034;-29.010729;-30.888875;-1.120735;0.032972;2.850000;0.000000
192.993027;-28.924276;-31.066379;-1.114723;0.028651;2.850000;0.000000
193.193019;-28.836367;-31.244304;-1.109448;0.024524;2.850000;0.000000
193.393012;-28.747202;-31.422573;-1.104957;0.020560;2.850000;0.000000
193.593005;-28.656984;-31.601111;-1.101229;0.016728;2.850000;0.000000
193.792998;-28.565915;-31.779843;-1.098248;0.013002;2.850000;0.000000
193.992991;-28.474197;-31.958694;-1.096002;0.009353;2.850000;0.000000
194.192983;-28.382031;-32.137586;-1.094482;0.005756;2.850000;0.000000
194.392976;-28.289620;-32.316445;-1.093683;0.002184;2.850000;0.000000
194.592969;-28.197166;-32.495196;-1.093596;-0.001388;2.850000;0.000000
194.792962;-28.104884;-32.673728;-1.094033;-0.003135;2.850000;0.000000
194.992954;-28.012871;-32.852007;-1.094602;-0.002650;2.850000;0.000000
195.192947;-27.921073;-33.030102;-1.095084;-0.002160;2.850000;0.000000
195.392940;-27.829453;-33.208040;-1.095467;-0.001665;2.850000;0.000000
195.592933;-27.737974;-33.385849;-1.095750;-0.001166;2.850000;0.000000
195.792925;-27.646599;-33.563558;-1.095933;-0.000665;2.850000;0.000000
195.992918;-27.555291;-33.741194;-1.096016;-0.000162;2.850000;0.000000
196.192911;-27.464014;-33.918786;-1.095998;0.000341;2.850000;0.000000
196.392904;-27.372729;-34.096361;-1.095879;0.000845;2.850000;0.000000
196.592897;-27.281401;-34.273948;-1.095663;0.001348;2.850000;0.000000
196.792889;-27.189997;-34.451566;-1.095396;0.001366;2.850000;0.000000
196.992882;-27.098511;-34.629227;-1.095169;0.000917;2.850000;0.000000
197.192875;-27.006958;-34.806937;-1.095031;0.000470;2.850000;0.000000
197.392868;-26.915361;-34.984692;-1.094981;0.000023;2.850000;0.000000
197.592860;-26.823742;-35.162487;-1.095022;-0.000424;2.850000;0.000000
197.792853;-26.732122;-35.340321;-1.095151;-0.000870;2.850000;0.000000
197.992846;-26.640524;-35.518189;-1.095370;-0.001317;2.850000;0.000000
198.192839;-26.548970;-35.696087;-1.095678;-0.001763;2.850000;0.000000
198.392832;-26.457480;-35.874013;-1.096075;-0.002210;2.850000;0.000000
198.592824;-26.366078;-36.051963;-1.096560;-0.002658;2.850000;0.000000
198.792817;-26.274777;-36.229948;-1.097097;-0.002736;2.850000;0.000000
198.992810;-26.183580;-36.407967;-1.097622;-0.002523;2.850000;0.000000
199.192803;-26.092486;-36.586009;-1.098105;-0.002310;2.850000;0.000000
199.392795;-26.001482;-36.764076;-1.098546;-0.002096;2.850000;0.000000
199.592788;-25.910557;-36.942173;-1.098943;-0.001882;2.850000;0.000000
199.792781;-25.819700;-37.120302;-1.099298;-0.001667;2.850000;0.000000
199.992774;-25.728900;-37.298465;-1.099610;-0.001453;2.850000;0.000000
200.192767;-25.638147;-37.476666;-1.099879;-0.001238;2.850000;0.000000
200.392759;-25.547429;-37.654907;-1.100105;-0.001023;2.850000;0.000000
200.592752;-25.456734;-37.833191;-1.100292;-0.000808;2.850000;0.000000
200.792745;-25.366053;-38.011524;-1.100494;-0.001165;2.850000;0.000000
200.992738;-25.275401;-38.189904;-1.100799;-0.001877;2.850000;0.000000
201.192730;-25.184809;-38.368329;-1.101246;-0.002589;2.850000;0.000000
201.392723;-25.094312;-38.546798;-1.101835;-0.003302;2.850000;0.000000
201.592716;-25.003941;-38.725311;-1.102567;-0.004016;2.850000;0.000000
201.792709;-24.913729;-38.903866;-1.103442;-0.004733;2.850000;0.000000
201.992701;-24.823708;-39.082462;-1.104461;-0.005451;2.850000;0.000000
202.192694;-24.733911;-39.261097;-1.105623;-0.006173;2.850000;0.000000
202.392687;-24.644371;-39.439772;-1.106929;-0.006898;2.850000;0.000000
202.592680;-24.555119;-39.618484;-1.108346;-0.007627;2.850000;0.000000
202.792673;-24.466130;-39.797323;-1.109453;-0.003844;2.850000;0.000000
202.992665;-24.377291;-39.976199;-1.109618;0.002155;2.850000;0.000000
203.192658;-24.288395;-40.154997;-1.108589;0.008157;2.850000;0.000000
203.392651;-24.199208;-40.333650;-1.106361;0.014153;2.850000;0.000000
203.592644;-24.109497;-40.512090;-1.102937;0.020129;2.850000;0.000000
203.792636;-24.019028;-40.690248;-1.098321;0.026073;2.850000;0.000000
203.992629;-23.927568;-40.868058;-1.092518;0.031970;2.850000;0.000000
204.192622;-23.834883;-41.045450;-1.085534;0.037804;2.850000;0.000000
204.392615;-23.740740;-41.222356;-1.077381;0.043559;2.850000;0.000000
204.592608;-23.644905;-41.398710;-1.068292;0.049214;2.850000;0.000000
204.792600;-23.547330;-41.574293;-1.060475;0.030871;2.850000;0.000000
204.992593;-23.448576;-41.749437;-1.056964;0.004163;2.850000;0.000000
205.192586;-23.349638;-41.924561;-1.058806;-0.022481;2.850000;0.000000
205.392579;-23.251555;-42.100022;-1.066017;-0.049293;2.850000;0.000000
205.592571;-23.155363;-42.276175;-1.078634;-0.076481;2.850000;0.000000
205.792564;-23.062097;-42.453377;-1.096717;-0.104192;2.850000;0.000000
205.992557;-22.972795;-42.631983;-1.120343;-0.132476;2.850000;0.000000
206.192550;-22.888493;-42.812349;-1.149580;-0.161240;2.850000;0.000000
206.392543;-22.810228;-42.994831;-1.184476;-0.190204;2.850000;0.000000
206.592535;-22.739035;-43.179785;-1.224641;-0.218846;2.850000;0.000000
206.792528;-22.675804;-43.367527;-1.266613;-0.208668;2.850000;0.000000
206.992521;-22.620326;-43.557930;-1.305901;-0.187496;2.850000;0.000000
207.192514;-22.571869;-43.750672;-1.341052;-0.166187;2.850000;0.000000
207.392506;-22.529698;-43.945438;-1.372067;-0.145080;2.850000;0.000000
207.592499;-22.493078;-44.141910;-1.398991;-0.124381;2.850000;0.000000
207.792492;-22.461274;-44.339774;-1.421890;-0.104186;2.850000;0.000000
207.992485;-22.433551;-44.538711;-1.440836;-0.084500;2.850000;0.000000
208.192477;-22.409174;-44.738406;-1.455897;-0.065258;2.850000;0.000000
208.392470;-22.387408;-44.938542;-1.467128;-0.046345;2.850000;0.000000
208.592463;-22.367517;-45.138802;-1.474665;-0.027606;2.850000;0.000000
208.792456;-22.348800;-45.338921;-1.479249;-0.017036;2.850000;0.000000
208.992449;-22.330795;-45.538800;-1.481762;-0.007993;2.850000;0.000000
209.192441;-22.313135;-45.738432;-1.482452;0.001119;2.850000;0.000000
209.392434;-22.295452;-45.937816;-1.481311;0.010285;2.850000;0.000000
209.592427;-22.277378;-46.136951;-1.478334;0.019494;2.850000;0.000000
209.792420;-22.258546;-46.335835;-1.473518;0.028731;2.850000;0.000000
209.992412;-22.238586;-46.534468;-1.466859;0.037977;2.850000;0.000000
210.192405;-22.217132;-46.732847;-1.458360;0.047211;2.850000;0.000000
210.392398;-22.193816;-46.930972;-1.448024;0.056404;2.850000;0.000000
210.592391;-22.168269;-47.128841;-1.435940;0.065521;2.850000;0.000000
210.792384;-22.140172;-47.326340;-1.422618;0.068776;2.850000;0.000000
210.992376;-22.109355;-47.523518;-1.408638;0.071309;2.850000;0.000000
211.192369;-22.075718;-47.720330;-1.394146;0.073851;2.850000;0.000000
211.392362;-22.039164;-47.916721;-1.379138;0.076397;2.850000;0.000000
211.592355;-21.999596;-48.112631;-1.363614;0.078940;2.850000;0.000000
211.792347;-21.956917;-48.308006;-1.347574;0.081473;2.850000;0.000000
211.992340;-21.911029;-48.502786;-1.331017;0.083989;2.850000;0.000000
212.192333;-21.861835;-48.696915;-1.313947;0.086479;2.850000;0.000000
212.392326;-21.809238;-48.890336;-1.296365;0.088932;2.850000;0.000000
212.592318;-21.753141;-49.082991;-1.278176;0.091338;2.850000;0.000000
212.792311;-21.693420;-49.274770;-1.258773;0.100855;2.850000;0.000000
212.992304;-21.629799;-49.465375;-1.237466;0.111235;2.850000;0.000000
213.192297;-21.561960;-49.654437;-1.214042;0.122014;2.850000;0.000000
213.392290;-21.489585;-49.841585;-1.188437;0.133204;2.850000;0.000000
213.592282;-21.412356;-50.026447;-1.160590;0.144793;2.850000;0.000000
213.792275;-21.329956;-50.208653;-1.130439;0.156742;2.850000;0.000000
213.992268;-21.242065;-50.387833;-1.097934;0.168973;2.850000;0.000000
214.192261;-21.148367;-50.563614;-1.063035;0.181370;2.850000;0.000000
214.392253;-21.048544;-50.735627;-1.025722;0.193771;2.850000;0.000000
214.592246;-20.942278;-50.903501;-0.986284;0.205961;2.850000;0.000000
214.792239;-20.829176;-51.067181;-0.946446;0.197877;2.850000;0.000000
214.992232;-20.709648;-51.226375;-0.907909;0.189198;2.850000;0.000000
215.192225;-20.584071;-51.381119;-0.871063;0.180508;2.850000;0.000000
215.392217;-20.452821;-51.531456;-0.835889;0.171932;2.850000;0.000000
215.592210;-20.316270;-51.677427;-0.802354;0.163569;2.850000;0.000000
215.792203;-20.174794;-51.819075;-0.770414;0.155495;2.850000;0.000000
215.992196;-20.028767;-51.956441;-0.740013;0.147766;2.850000;0.000000
216.192188;-19.878563;-52.089567;-0.711092;0.140420;2.850000;0.000000
216.392181;-19.724557;-52.218496;-0.683586;0.133480;2.850000;0.000000
216.592174;-19.567120;-52.343272;-0.657187;0.127452;2.850000;0.000000
216.792167;-19.406468;-52.463936;-0.630779;0.133661;2.850000;0.000000
216.992160;-19.242772;-52.580146;-0.603292;0.140170;2.850000;0.000000
217.192152;-19.076060;-52.691581;-0.574503;0.146953;2.850000;0.000000
217.392145;-18.906359;-52.797920;-0.544367;0.153977;2.850000;0.000000
217.592138;-18.733695;-52.898842;-0.512848;0.161191;2.850000;0.000000
217.792131;-18.558098;-52.994027;-0.479914;0.168533;2.850000;0.000000
217.992123;-18.379593;-53.083153;-0.445545;0.175924;2.850000;0.000000
218.192116;-18.198208;-53.165900;-0.409731;0.183267;2.850000;0.000000
218.392109;-18.013970;-53.241947;-0.372476;0.190446;2.850000;0.000000
218.592102;-17.826900;-53.310976;-0.334020;0.196271;2.850000;0.000000
218.792094;-17.637039;-53.372750;-0.295246;0.193312;2.850000;0.000000
218.992087;-17.444749;-53.427201;-0.256861;0.190761;2.850000;0.000000
219.192080;-17.250365;-53.474315;-0.218913;0.188639;2.850000;0.000000
219.392073;-17.054226;-53.514084;-0.181323;0.186965;2.850000;0.000000
219.592066;-16.856666;-53.546495;-0.144009;0.185753;2.850000;0.000000
219.792058;-16.658024;-53.571538;-0.106888;0.185014;2.850000;0.000000
219.992051;-16.458637;-53.589202;-0.069876;0.184754;2.850000;0.000000
220.192044;-16.258841;-53.599477;-0.032887;0.184980;2.850000;0.000000
220.392037;-16.058972;-53.602351;0.004180;0.185694;2.850000;0.000000
220.592029;-15.859192;-53.597806;0.041420;0.186556;2.850000;0.000000
220.792022;-15.659170;-53.585782;0.078668;0.186057;2.850000;0.000000
220.992015;-15.459953;-53.566334;0.115873;0.185609;2.850000;0.000000
221.192008;-15.261761;-53.539525;0.152964;0.185224;2.850000;0.000000
221.392001;-15.064811;-53.505416;0.189963;0.184912;2.850000;0.000000
221.591993;-14.869325;-53.464067;0.226895;0.184681;2.850000;0.000000
221.791986;-14.675519;-53.415540;0.263785;0.184534;2.850000;0.000000
221.991979;-14.483614;-53.359895;0.300659;0.184474;2.850000;0.000000
222.191972;-14.293829;-53.297194;0.337541;0.184502;2.850000;0.000000
222.391964;-14.106381;-53.227497;0.374406;0.184612;2.850000;0.000000
222.591957;-13.921947;-53.151066;0.410783;0.181085;2.850000;0.000000
222.791950;-13.741235;-53.068453;0.445582;0.168750;2.850000;0.000000
222.991943;-13.563102;-52.979676;0.477946;0.156432;2.850000;0.000000
223.191935;-13.387483;-52.885208;0.507930;0.144270;2.850000;0.000000
223.391928;-13.214312;-52.785524;0.535568;0.132364;2.850000;0.000000
223.591921;-13.043522;-52.681094;0.560905;0.120773;2.850000;0.000000
223.791914;-12.875046;-52.572393;0.583992;0.109529;2.850000;0.000000
223.991907;-12.708819;-52.459893;0.604881;0.098633;2.850000;0.000000
224.191899;-12.544773;-52.344067;0.623625;0.088067;2.850000;0.000000
224.391892;-12.382844;-52.225387;0.640281;0.077795;2.850000;0.000000
224.591885;-12.222871;-52.104256;0.655071;0.069328;2.850000;0.000000
224.791878;-12.064669;-51.980954;0.668455;0.063959;2.850000;0.000000
224.991870;-11.908260;-51.855794;0.680720;0.058486;2.850000;0.000000
225.191863;-11.753482;-51.728939;0.691870;0.052933;2.850000;0.000000
225.391856;-11.600173;-51.600549;0.701894;0.047316;2.850000;0.000000
225.591849;-11.448167;-51.470785;0.710785;0.041651;2.850000;0.000000
225.791842;-11.297302;-51.339810;0.718537;0.035951;2.850000;0.000000
225.991834;-11.147416;-51.207784;0.725146;0.030228;2.850000;0.000000
226.191827;-10.998344;-51.074868;0.730611;0.024489;2.850000;0.000000
226.391820;-10.849923;-50.941225;0.734933;0.018741;2.850000;0.000000
226.591813;-10.701954;-50.806979;0.738311;0.014842;2.850000;0.000000
226.791805;-10.554311;-50.672218;0.741197;0.013858;2.850000;0.000000
226.991798;-10.407021;-50.537031;0.743869;0.012874;2.850000;0.000000
227.191791;-10.260061;-50.401447;0.746345;0.011892;2.850000;0.000000
227.391784;-10.113406;-50.265498;0.748625;0.010910;2.850000;0.000000
227.591777;-9.967031;-50.129213;0.750709;0.009930;2.850000;0.000000
227.791769;-9.820912;-49.992624;0.752597;0.008950;2.850000;0.000000
227.991762;-9.675023;-49.855759;0.754289;0.007971;2.850000;0.000000
228.191755;-9.529340;-49.718651;0.755786;0.006993;2.850000;0.000000
228.391748;-9.383837;-49.581328;0.757091;0.006016;2.850000;0.000000
228.591740;-9.238505;-49.443833;0.758311;0.006077;2.850000;0.000000
228.791733;-9.093352;-49.306169;0.759667;0.007413;2.850000;0.000000
228.991726;-8.948403;-49.168289;0.761283;0.008749;2.850000;0.000000
229.191719;-8.803699;-49.030159;0.763167;0.010087;2.850000;0.000000
229.391711;-8.659283;-48.891746;0.765319;0.011426;2.850000;0.000000
229.591704;-8.515198;-48.753017;0.767739;0.012768;2.850000;0.000000
229.791697;-8.371484;-48.613936;0.770426;0.014112;2.850000;0.000000
229.991690;-8.228185;-48.474472;0.773383;0.015458;2.850000;0.000000
230.191683;-8.085342;-48.334589;0.776608;0.016808;2.850000;0.000000
230.391675;-7.942997;-48.194254;0.780093;0.018160;2.850000;0.000000
230.591668;-7.801128;-48.053375;0.783585;0.016980;2.850000;0.000000
230.791661;-7.659701;-47.911984;0.786605;0.013334;2.850000;0.000000
230.991654;-7.518669;-47.770233;0.788907;0.009682;2.850000;0.000000
231.191646;-7.377921;-47.628220;0.790477;0.006027;2.850000;0.000000
231.391639;-7.237346;-47.486038;0.791317;0.002371;2.850000;0.000000
231.591632;-7.096832;-47.343784;0.791425;-0.001285;2.850000;0.000000
231.791625;-6.956270;-47.201553;0.790803;-0.004940;2.850000;0.000000
231.991618;-6.815546;-47.059441;0.789450;-0.008590;2.850000;0.000000
232.191610;-6.674552;-46.917543;0.787367;-0.012236;2.850000;0.000000
232.391603;-6.533174;-46.775955;0.784582;-0.015873;2.850000;0.000000
232.591596;-6.391429;-46.634882;0.781559;-0.014724;2.850000;0.000000
232.791589;-6.249317;-46.494268;0.779094;-0.010039;2.850000;0.000000
232.991581;-6.106886;-46.353904;0.777554;-0.005362;2.850000;0.000000
233.191574;-5.964278;-46.213666;0.776949;-0.000692;2.850000;0.000000
233.391567;-5.821633;-46.073431;0.777277;0.003976;2.850000;0.000000
233.591560;-5.679092;-45.933075;0.778539;0.008643;2.850000;0.000000
233.791553;-5.536795;-45.792474;0.780736;0.013313;2.850000;0.000000
233.991545;-5.394884;-45.651505;0.783866;0.017988;2.850000;0.000000
234.191538;-5.253498;-45.510044;0.787932;0.022669;2.850000;0.000000
234.391531;-5.112779;-45.367967;0.792892;0.027358;2.850000;0.000000
234.591524;-4.972798;-45.225105;0.798126;0.025507;2.850000;0.000000
234.791516;-4.833535;-45.081523;0.802643;0.019753;2.850000;0.000000
234.991509;-4.694857;-44.937408;0.806018;0.013993;2.850000;0.000000
235.191502;-4.556593;-44.792917;0.808240;0.008229;2.850000;0.000000
235.391495;-4.418573;-44.648205;0.809309;0.002462;2.850000;0.000000
235.591487;-4.280629;-44.503430;0.809225;-0.003305;2.850000;0.000000
235.791480;-4.142589;-44.358746;0.807988;-0.009072;2.850000;0.000000
235.991473;-4.004285;-44.214311;0.805597;-0.014838;2.850000;0.000000
236.191466;-3.865547;-44.070280;0.802053;-0.020601;2.850000;0.000000
236.391459;-3.726204;-43.926809;0.797417;-0.026358;2.850000;0.000000
236.591451;-3.586156;-43.784090;0.792392;-0.024548;2.850000;0.000000
236.791444;-3.445411;-43.642060;0.788016;-0.019280;2.850000;0.000000
236.991437;-3.304100;-43.500554;0.784686;-0.014018;2.850000;0.000000
237.191430;-3.162377;-43.359429;0.782409;-0.008760;2.850000;0.000000
237.391422;-3.020396;-43.218541;0.781182;-0.003506;2.850000;0.000000
237.591415;-2.878312;-43.077749;0.781006;0.001746;2.850000;0.000000
237.791408;-2.736278;-42.936908;0.781880;0.006999;2.850000;0.000000
237.991401;-2.594449;-42.795876;0.783806;0.012255;2.850000;0.000000
238.191394;-2.452979;-42.654510;0.786783;0.017514;2.850000;0.000000
238.391386;-2.312023;-42.512667;0.790772;0.022779;2.850000;0.000000
238.591379;-2.171663;-42.370155;0.795366;0.023584;2.850000;0.000000
238.791372;-2.031973;-42.226979;0.800004;0.022815;2.850000;0.000000
238.991365;-1.892953;-42.083182;0.804490;0.022043;2.850000;0.000000
239.191357;-1.754579;-41.938784;0.808821;0.021270;2.850000;0.000000
239.391350;-1.616828;-41.793808;0.812997;0.020495;2.850000;0.000000
239.591343;-1.479677;-41.648274;0.817018;0.019719;2.850000;0.000000
239.791336;-1.343104;-41.502203;0.820884;0.018941;2.850000;0.000000
239.991328;-1.207086;-41.355616;0.824594;0.018163;2.850000;0.000000
240.191321;-1.071600;-41.208535;0.828148;0.017384;2.850000;0.000000
240.391314;-0.936623;-41.060980;0.831530;0.016605;2.850000;0.000000
240.591307;-0.802133;-40.912985;0.834596;0.014231;2.850000;0.000000
240.791300;-0.668062;-40.764603;0.837164;0.011457;2.850000;0.000000
240.991292;-0.534326;-40.615910;0.839178;0.008683;2.850000;0.000000
241.191285;-0.400844;-40.466979;0.840637;0.005910;2.850000;0.000000
241.391278;-0.267535;-40.317888;0.841542;0.003138;2.850000;0.000000
241.591271;-0.134318;-40.168711;0.841892;0.000366;2.850000;0.000000
241.791263;-0.001112;-40.019524;0.841688;-0.002406;2.850000;0.000000
241.991256;0.132165;-39.870402;0.840930;-0.005178;2.850000;0.000000
242.191249;0.265593;-39.721421;0.839617;-0.007951;2.850000;0.000000
242.391242;0.399255;-39.572657;0.837805;-0.010724;2.850000;0.000000
242.591235;0.533215;-39.424169;0.835885;-0.009025;2.850000;0.000000
242.791227;0.667440;-39.275927;0.834324;-0.006584;2.850000;0.000000
242.991220;0.801858;-39.127863;0.833252;-0.004143;2.850000;0.000000
243.191213;0.936400;-38.979909;0.832667;-0.001702;2.850000;0.000000
243.391206;1.070994;-38.832000;0.832571;0.000739;2.850000;0.000000
243.591198;1.205570;-38.684067;0.832963;0.003180;2.850000;0.000000
243.791191;1.340055;-38.536044;0.833843;0.005620;2.850000;0.000000
243.991184;1.474380;-38.387864;0.835211;0.008059;2.850000;0.000000
244.191177;1.608472;-38.239459;0.837067;0.010498;2.850000;0.000000
244.391170;1.742263;-38.090763;0.839339;0.012935;2.850000;0.000000
244.591162;1.875656;-37.941778;0.841592;0.010304;2.850000;0.000000
244.791155;2.008747;-37.792511;0.843343;0.007214;2.850000;0.000000
244.991148;2.141631;-37.643043;0.844477;0.004126;2.850000;0.000000
245.191141;2.274397;-37.493460;0.844994;0.001039;2.850000;0.000000
245.391133;2.407134;-37.343847;0.844893;-0.002047;2.850000;0.000000
245.591126;2.539932;-37.194288;0.844175;-0.005134;2.850000;0.000000
245.791119;2.672881;-37.044868;0.842839;-0.008221;2.850000;0.000000
245.991112;2.806070;-36.895674;0.840886;-0.011310;2.850000;0.000000
246.191104;2.939588;-36.746790;0.838316;-0.014401;2.850000;0.000000
246.391097;3.073526;-36.598301;0.835221;-0.017493;2.850000;0.000000
246.591090;3.207989;-36.450217;0.832114;-0.014538;2.850000;0.000000
246.791083;3.342876;-36.302532;0.829519;-0.011407;2.850000;0.000000
246.991076;3.478093;-36.155162;0.827551;-0.008275;2.850000;0.000000
247.191068;3.613550;-36.008020;0.826209;-0.005143;2.850000;0.000000
247.391061;3.749153;-35.861022;0.825494;-0.002010;2.850000;0.000000
247.591054;3.884813;-35.714083;0.825405;0.001124;2.850000;0.000000
247.791047;4.020436;-35.567116;0.825943;0.004258;2.850000;0.000000
247.991039;4.155931;-35.420037;0.827108;0.007392;2.850000;0.000000
248.191032;4.291207;-35.272760;0.828900;0.010526;2.850000;0.000000
248.391025;4.426172;-35.125200;0.831229;0.013510;2.850000;0.000000
248.591018;4.560764;-34.977290;0.833678;0.011736;2.850000;0.000000
248.791011;4.695010;-34.829063;0.835848;0.009963;2.850000;0.000000
248.991003;4.828963;-34.680567;0.837663;0.008189;2.850000;0.000000
249.190996;4.962674;-34.531849;0.839124;0.006416;2.850000;0.000000
249.390989;5.096196;-34.382957;0.840229;0.004642;2.850000;0.000000
249.590982;5.229583;-34.233939;0.840980;0.002869;2.850000;0.000000
249.790974;5.362885;-34.084843;0.841377;0.001096;2.850000;0.000000
249.990967;5.496156;-33.935716;0.841419;-0.000677;2.850000;0.000000
250.190960;5.629448;-33.786606;0.841106;-0.002449;2.850000;0.000000
250.390953;5.762813;-33.637562;0.840491;-0.004008;2.850000;0.000000
250.590946;5.896283;-33.488622;0.839781;-0.003392;2.850000;0.000000
250.790938;6.029855;-33.339773;0.839164;-0.002776;2.850000;0.000000
250.990931;6.163509;-33.190998;0.838670;-0.002161;2.850000;0.000000
251.190924;6.297227;-33.042281;0.838300;-0.001545;2.850000;0.000000
251.390917;6.430991;-32.893605;0.838052;-0.000929;2.850000;0.000000
251.590909;6.564783;-32.744954;0.837928;-0.000313;2.850000;0.000000
251.790902;6.698583;-32.596312;0.837927;0.000303;2.850000;0.000000
251.990895;6.832375;-32.447662;0.838049;0.000919;2.850000;0.000000
252.190888;6.966138;-32.298988;0.838294;0.001534;2.850000;0.000000
252.390880;7.099856;-32.150273;0.838636;0.001991;2.850000;0.000000
252.590873;7.233522;-32.001504;0.838977;0.001531;2.850000;0.000000
252.790866;7.367142;-31.852694;0.839237;0.001071;2.850000;0.000000
252.990859;7.500729;-31.703856;0.839405;0.000611;2.850000;0.000000
253.190852;7.634297;-31.555003;0.839481;0.000151;2.850000;0.000000
253.390844;7.767860;-31.406147;0.839466;-0.000309;2.850000;0.000000
253.590837;7.901431;-31.257300;0.839358;-0.000769;2.850000;0.000000
253.790830;8.035025;-31.108474;0.839158;-0.001229;2.850000;0.000000
253.990823;8.168654;-30.959682;0.838866;-0.001689;2.850000;0.000000
254.190815;8.302333;-30.810935;0.838483;-0.002149;2.850000;0.000000
254.390808;8.436076;-30.662246;0.838036;-0.002403;2.850000;0.000000
254.590801;8.569891;-30.513616;0.837617;-0.001867;2.850000;0.000000
254.790794;8.703761;-30.365037;0.837298;-0.001331;2.850000;0.000000
254.990787;8.837670;-30.216493;0.837085;-0.000794;2.850000;0.000000
255.190779;8.971602;-30.067971;0.836980;-0.000258;2.850000;0.000000
255.390772;9.105542;-29.919456;0.836982;0.000278;2.850000;0.000000
255.590765;9.239474;-29.770933;0.837091;0.000814;2.850000;0.000000
255.790758;9.373382;-29.622388;0.837307;0.001350;2.850000;0.000000
255.990750;9.507251;-29.473806;0.837631;0.001886;2.850000;0.000000
256.190743;9.641064;-29.325173;0.838062;0.002422;2.850000;0.000000
256.390736;9.774804;-29.176477;0.838569;0.002718;2.850000;0.000000
256.590729;9.908462;-29.027713;0.839070;0.002350;2.850000;0.000000
256.790721;10.042051;-28.878885;0.839503;0.001982;2.850000;0.000000
256.990714;10.175582;-28.730003;0.839863;0.001613;2.850000;0.000000
257.190707;10.309065;-28.581077;0.840149;0.001245;2.850000;0.000000
257.390700;10.442513;-28.432117;0.840361;0.000877;2.850000;0.000000
257.590693;10.575934;-28.283133;0.840499;0.000509;2.850000;0.000000
257.790685;10.709342;-28.134135;0.840564;0.000141;2.850000;0.000000
257.990678;10.842745;-27.985132;0.840556;-0.000227;2.850000;0.000000
258.190671;10.976156;-27.836135;0.840474;-0.000595;2.850000;0.000000
258.390664;11.109584;-27.687154;0.840337;-0.000801;2.850000;0.000000
258.590656;11.243036;-27.538192;0.840193;-0.000670;2.850000;0.000000
258.790649;11.376508;-27.389249;0.840072;-0.000539;2.850000;0.000000
258.990642;11.509996;-27.240321;0.839977;-0.000409;2.850000;0.000000
259.190635;11.643495;-27.091404;0.839908;-0.000278;2.850000;0.000000
259.390628;11.777002;-26.942495;0.839866;-0.000147;2.850000;0.000000
259.590620;11.910512;-26.793592;0.839849;-0.000016;2.850000;0.000000
259.790613;12.044021;-26.644690;0.839859;0.000114;2.850000;0.000000
259.990606;12.177525;-26.495787;0.839895;0.000245;2.850000;0.000000
260.190599;12.311020;-26.346880;0.839957;0.000376;2.850000;0.000000
260.390591;12.444502;-26.197965;0.840036;0.000423;2.850000;0.000000
260.590584;12.577970;-26.049041;0.840111;0.000336;2.850000;0.000000
260.790577;12.711426;-25.900109;0.840169;0.000250;2.850000;0.000000
260.990570;12.844876;-25.751170;0.840211;0.000163;2.850000;0.000000
261.190563;12.978323;-25.602225;0.840235;0.000076;2.850000;0.000000
261.390555;13.111770;-25.453275;0.840241;-0.000011;2.850000;0.000000
261.590548;13.245220;-25.304321;0.840230;-0.000098;2.850000;0.000000
261.790541;13.378679;-25.155364;0.840202;-0.000184;2.850000;0.000000
261.990534;13.512149;-25.006405;0.840157;-0.000271;2.850000;0.000000
262.190526;13.645635;-24.857446;0.840094;-0.000358;2.850000;0.000000
262.390519;13.779120;-24.708507;0.840025;-0.000346;2.850000;0.000000
262.590512;13.912601;-24.559595;0.839970;-0.000211;2.850000;0.000000
262.790505;14.046094;-24.410681;0.839941;-0.000076;2.850000;0.000000
262.990497;14.179594;-24.261764;0.839939;0.000060;2.850000;0.000000
263.190490;14.313095;-24.112842;0.839965;0.000195;2.850000;0.000000
263.390483;14.446592;-23.963913;0.840017;0.000330;2.850000;0.000000
263.590476;14.580079;-23.814976;0.840097;0.000465;2.850000;0.000000
263.790469;14.713550;-23.666029;0.840203;0.000600;2.850000;0.000000
263.990461;14.846999;-23.517069;0.840337;0.000736;2.850000;0.000000
264.190454;14.980421;-23.368096;0.840496;0.000871;2.850000;0.000000
264.390447;15.113832;-23.219085;0.840650;0.000693;2.850000;0.000000
264.590440;15.247235;-23.070040;0.840738;0.000199;2.850000;0.000000
264.790432;15.380626;-22.920998;0.840728;-0.000296;2.850000;0.000000
264.990425;15.514019;-22.771971;0.840620;-0.000790;2.850000;0.000000
265.190418;15.647430;-22.622972;0.840412;-0.001284;2.850000;0.000000
265.390411;15.780873;-22.474014;0.840106;-0.001779;2.850000;0.000000
265.590404;15.914364;-22.325108;0.839701;-0.002273;2.850000;0.000000
265.790396;16.047918;-22.176269;0.839197;-0.002768;2.850000;0.000000
265.990389;16.181551;-22.027507;0.838594;-0.003262;2.850000;0.000000
266.190382;16.315277;-21.878837;0.837897;-0.003757;2.850000;0.000000
266.390375;16.449112;-21.730267;0.837202;-0.003274;2.850000;0.000000
266.590367;16.583042;-21.581786;0.836676;-0.002013;2.850000;0.000000
266.790360;16.717033;-21.433358;0.836399;-0.000752;2.850000;0.000000
266.990353;16.851049;-21.284947;0.836375;0.000509;2.850000;0.000000
267.190346;16.985054;-21.136517;0.836603;0.001770;2.850000;0.000000
267.390338;17.119013;-20.988033;0.837083;0.003030;2.850000;0.000000
267.590331;17.252891;-20.839458;0.837815;0.004290;2.850000;0.000000
267.790324;17.386651;-20.690757;0.838799;0.005548;2.850000;0.000000
267.990317;17.520259;-20.541893;0.840034;0.006806;2.850000;0.000000
268.190310;17.653679;-20.392831;0.841505;0.008063;2.850000;0.000000
268.390302;17.786850;-20.243573;0.842971;0.006789;2.850000;0.000000
268.590295;17.919815;-20.094140;0.844040;0.003939;2.850000;0.000000
268.790288;18.052672;-19.944593;0.844543;0.001091;2.850000;0.000000
268.990281;18.185498;-19.795013;0.844477;-0.001757;2.850000;0.000000
269.190273;18.318374;-19.645483;0.843840;-0.004605;2.850000;0.000000
269.390266;18.451379;-19.496086;0.842634;-0.007455;2.850000;0.000000
269.590259;18.584592;-19.346903;0.840858;-0.010307;2.850000;0.000000
269.790252;18.718092;-19.198018;0.838511;-0.013164;2.850000;0.000000
269.990245;18.851958;-19.049513;0.835593;-0.016025;2.850000;0.000000
270.190237;18.986270;-18.901470;0.832093;-0.018891;2.850000;0.000000
270.390230;19.121206;-18.753868;0.827895;-0.022995;2.850000;0.000000
270.590223;19.256836;-18.606872;0.822824;-0.027705;2.850000;0.000000
270.790216;19.393248;-18.460661;0.816813;-0.032417;2.850000;0.000000
270.990208;19.530582;-18.315362;0.809861;-0.037128;2.850000;0.000000
271.190201;19.668977;-18.171101;0.801968;-0.041832;2.850000;0.000000
271.390194;19.808571;-18.028005;0.793137;-0.046523;2.850000;0.000000
271.590187;19.949502;-17.886200;0.783368;-0.051193;2.850000;0.000000
271.790180;20.091909;-17.745815;0.772667;-0.055834;2.850000;0.000000
271.990172;20.235929;-17.606975;0.761037;-0.060432;2.850000;0.000000
272.190165;20.381703;-17.469807;0.748460;-0.064975;2.850000;0.000000
272.390158;20.529402;-17.334420;0.734712;-0.072031;2.850000;0.000000
272.590151;20.679123;-17.201106;0.719461;-0.080128;2.850000;0.000000
272.790143;20.830964;-17.070217;0.702570;-0.088388;2.850000;0.000000
272.990136;20.985036;-16.942092;0.684014;-0.096822;2.850000;0.000000
273.190129;21.141447;-16.817073;0.663766;-0.105428;2.850000;0.000000
273.390122;21.300309;-16.695499;0.641798;-0.114194;2.850000;0.000000
273.590114;21.461731;-16.577711;0.618089;-0.123090;2.850000;0.000000
273.790107;21.625824;-16.464049;0.592620;-0.132076;2.850000;0.000000
273.990100;21.792697;-16.354853;0.565379;-0.141089;2.850000;0.000000
274.190093;21.962460;-16.250464;0.536534;-0.150049;2.850000;0.000000
274.390086;22.135219;-16.151145;0.507519;-0.142866;2.850000;0.000000
274.590078;22.310797;-16.056751;0.480154;-0.131673;2.850000;0.000000
274.790071;22.488928;-15.966932;0.455006;-0.120425;2.850000;0.000000
274.990064;22.669351;-15.881331;0.432075;-0.109212;2.850000;0.000000
275.190057;22.851806;-15.799596;0.411352;-0.098098;2.850000;0.000000
275.390049;23.036033;-15.721370;0.392817;-0.087119;2.850000;0.000000
275.590042;23.221771;-15.646300;0.376449;-0.076294;2.850000;0.000000
275.790035;23.408759;-15.574031;0.362225;-0.065620;2.850000;0.000000
275.990028;23.596738;-15.504208;0.350124;-0.055081;2.850000;0.000000
276.190021;23.785447;-15.436476;0.340028;-0.044649;2.850000;0.000000
276.390013;23.974591;-15.370535;0.331244;-0.042039;2.850000;0.000000
276.590006;24.164154;-15.306233;0.322983;-0.040497;2.850000;0.000000
276.789999;24.354136;-15.243501;0.315037;-0.038933;2.850000;0.000000
276.989992;24.544526;-15.182274;0.307408;-0.037351;2.850000;0.000000
277.189984;24.735314;-15.122487;0.300100;-0.035753;2.850000;0.000000
277.389977;24.926489;-15.064077;0.293114;-0.034142;2.850000;0.000000
277.589970;25.118043;-15.006977;0.286452;-0.032518;2.850000;0.000000
277.789963;25.309965;-14.951123;0.280115;-0.030885;2.850000;0.000000
277.989956;25.502244;-14.896450;0.274105;-0.029244;2.850000;0.000000
278.189948;25.694871;-14.842894;0.268569;-0.027597;2.850000;0.000000
278.389941;25.887764;-14.790349;0.264340;-0.016156;2.850000;0.000000
278.589934;26.080859;-14.738417;0.262310;-0.004152;2.850000;0.000000
278.789927;26.274021;-14.686640;0.262679;0.007842;2.850000;0.000000
278.989919;26.467112;-14.634557;0.265447;0.019836;2.850000;0.000000
279.189912;26.659993;-14.581709;0.270613;0.031834;2.850000;0.000000
279.389905;26.852526;-14.527636;0.278180;0.043837;2.850000;0.000000
279.589898;27.044571;-14.471879;0.288146;0.055838;2.850000;0.000000
279.789890;27.235990;-14.413979;0.300511;0.067816;2.850000;0.000000
279.989883;27.426645;-14.353476;0.315270;0.079740;2.850000;0.000000
280.189876;27.616402;-14.289908;0.332443;0.091560;2.850000;0.000000
280.389869;27.805602;-14.222638;0.352031;0.103749;2.850000;0.000000
280.589862;27.993353;-14.151442;0.374122;0.116303;2.850000;0.000000
280.789854;28.179257;-14.075936;0.398756;0.129245;2.850000;0.000000
280.989847;28.362916;-13.995736;0.425992;0.142567;2.850000;0.000000
281.189840;28.543930;-13.910456;0.455887;0.156222;2.850000;0.000000
281.389833;28.721901;-13.819712;0.488487;0.170119;2.850000;0.000000
281.589825;28.896430;-13.723121;0.523824;0.184111;2.850000;0.000000
281.789818;29.067119;-13.620297;0.561905;0.197992;2.850000;0.000000
281.989811;29.233569;-13.510856;0.602695;0.211495;2.850000;0.000000
282.189804;29.395295;-13.394479;0.645605;0.222333;2.850000;0.000000
282.389797;29.551299;-13.271513;0.688980;0.215554;2.850000;0.000000
282.589789;29.702205;-13.141702;0.731261;0.209184;2.850000;0.000000
282.789782;29.847871;-13.005430;0.772408;0.203304;2.850000;0.000000
282.989775;29.988157;-12.863083;0.812513;0.197975;2.850000;0.000000
283.189768;30.122921;-12.715045;0.851677;0.193243;2.850000;0.000000
283.389760;30.252022;-12.561700;0.890006;0.189145;2.850000;0.000000
283.589753;30.375318;-12.403432;0.927612;0.185709;2.850000;0.000000
283.789746;30.492668;-12.240627;0.964608;0.182955;2.850000;0.000000
283.989739;30.603930;-12.073668;1.001124;0.180905;2.850000;0.000000
284.189731;30.709030;-11.902828;1.037451;0.180211;2.850000;0.000000
284.389724;30.808106;-11.727853;1.074045;0.183943;2.850000;0.000000
284.589717;30.900498;-11.549626;1.111384;0.187991;2.850000;0.000000
284.789710;30.985964;-11.368339;1.149502;0.192317;2.850000;0.000000
284.989703;31.064261;-11.184186;1.188450;0.196873;2.850000;0.000000
285.189695;31.135149;-10.997358;1.228271;0.201601;2.850000;0.000000
285.389688;31.198385;-10.808047;1.269002;0.206433;2.850000;0.000000
285.589681;31.253728;-10.616446;1.310669;0.211290;2.850000;0.000000
285.789674;31.300936;-10.422746;1.353285;0.216079;2.850000;0.000000
285.989666;31.339768;-10.227139;1.396833;0.220696;2.850000;0.000000
286.189659;31.369963;-10.029967;1.440937;0.222614;2.850000;0.000000
286.389652;31.391390;-9.831856;1.484651;0.216308;2.850000;0.000000
286.589645;31.404272;-9.632679;1.527254;0.210505;2.850000;0.000000
286.789638;31.408775;-9.432833;1.568817;0.205273;2.850000;0.000000
286.989630;31.405064;-9.232720;1.609447;0.200668;2.850000;0.000000
287.189623;31.393303;-9.032736;1.649257;0.196733;2.850000;0.000000
287.389616;31.373659;-8.833282;1.688366;0.193500;2.850000;0.000000
287.589609;31.346296;-8.634756;1.726897;0.190998;2.850000;0.000000
287.789601;31.311380;-8.437557;1.764975;0.189249;2.850000;0.000000
287.989594;31.269075;-8.242085;1.802726;0.188276;2.850000;0.000000
288.189587;31.219537;-8.048689;1.839583;0.182244;2.850000;0.000000
288.389580;31.163130;-7.857463;1.873612;0.160412;2.850000;0.000000
288.589573;31.100681;-7.668259;1.903335;0.137866;2.850000;0.000000
288.789565;31.033033;-7.480767;1.928539;0.114997;2.850000;0.000000
288.989558;30.961026;-7.294677;1.949198;0.092071;2.850000;0.000000
289.189551;30.885503;-7.109679;1.965315;0.069253;2.850000;0.000000
289.389544;30.807305;-6.925463;1.976907;0.046617;2.850000;0.000000
289.589536;30.727274;-6.741718;1.983999;0.024174;2.850000;0.000000
289.789529;30.646252;-6.558134;1.986612;0.001894;2.850000;0.000000
289.989522;30.565080;-6.374402;1.984771;-0.020275;2.850000;0.000000
290.189515;30.484637;-6.190297;1.978786;-0.039771;2.850000;0.000000
290.389507;30.405700;-6.005674;1.969394;-0.054135;2.850000;0.000000
290.589500;30.328797;-5.820256;1.957072;-0.068647;2.850000;0.000000
290.789493;30.254515;-5.633944;1.941830;-0.083354;2.850000;0.000000
290.989486;30.183441;-5.446641;1.923638;-0.098280;2.850000;0.000000
291.189479;30.116164;-5.258247;1.902464;-0.113415;2.850000;0.000000
291.389471;30.053270;-5.068664;1.878282;-0.128710;2.850000;0.000000
291.589464;29.995348;-4.877794;1.851074;-0.144070;2.850000;0.000000
291.789457;29.942985;-4.685537;1.820839;-0.159345;2.850000;0.000000
291.989450;29.896769;-4.491796;1.787606;-0.174327;2.850000;0.000000
292.189442;29.857266;-4.296387;1.752083;-0.182671;2.850000;0.000000
292.389435;29.824829;-4.099321;1.715819;-0.181198;2.850000;0.000000
292.589428;29.799525;-3.901028;1.679700;-0.180122;2.850000;0.000000
292.789421;29.781367;-3.701815;1.643732;-0.179446;2.850000;0.000000
292.989414;29.770369;-3.501987;1.607842;-0.179173;2.850000;0.000000
293.189406;29.766543;-3.301849;1.571959;-0.179303;2.850000;0.000000
293.389399;29.769904;-3.101707;1.536011;-0.179834;2.850000;0.000000
293.589392;29.780463;-2.901865;1.499925;-0.180762;2.850000;0.000000
293.789385;29.798234;-2.702631;1.463631;-0.182080;2.850000;0.000000
293.989377;29.823231;-2.504308;1.427077;-0.183780;2.850000;0.000000
294.189370;29.855458;-2.307208;1.390738;-0.180563;2.850000;0.000000
294.389363;29.894731;-2.111512;1.355731;-0.170466;2.850000;0.000000
294.589356;29.940642;-1.917250;1.322723;-0.160191;2.850000;0.000000
294.789348;29.992770;-1.724453;1.291754;-0.149880;2.850000;0.000000
294.989341;30.050692;-1.533154;1.262817;-0.139643;2.850000;0.000000
295.189334;30.113989;-1.343382;1.235889;-0.129563;2.850000;0.000000
295.389327;30.182237;-1.155171;1.210937;-0.119694;2.850000;0.000000
295.589320;30.255016;-0.968550;1.187925;-0.110069;2.850000;0.000000
295.789312;30.331905;-0.783553;1.166813;-0.100699;2.850000;0.000000
295.989305;30.412481;-0.600209;1.147544;-0.091581;2.850000;0.000000
296.189298;30.496399;-0.418399;1.129880;-0.084676;2.850000;0.000000
296.389291;30.583365;-0.238088;1.113419;-0.079749;2.850000;0.000000
296.589283;30.673126;-0.059332;1.097969;-0.074722;2.850000;0.000000
296.789276;30.765500;0.117972;1.083539;-0.069618;2.850000;0.000000
296.989269;30.860307;0.293926;1.070139;-0.064459;2.850000;0.000000
297.189262;30.957367;0.468633;1.057776;-0.059262;2.850000;0.000000
297.389255;31.056497;0.642194;1.046452;-0.054041;2.850000;0.000000
297.589247;31.157520;0.814712;1.036171;-0.048810;2.850000;0.000000
297.789240;31.260252;0.986289;1.026933;-0.043576;2.850000;0.000000
297.989233;31.364515;1.157027;1.018725;-0.038348;2.850000;0.000000
298.189226;31.470046;1.326886;1.011252;-0.036145;2.850000;0.000000
298.389218;31.576778;1.495934;1.004007;-0.036241;2.850000;0.000000
298.589211;31.684762;1.664252;0.996749;-0.036349;2.850000;0.000000
298.789204;31.793990;1.831815;0.989466;-0.036471;2.850000;0.000000
298.989197;31.904451;1.998598;0.982157;-0.036606;2.850000;0.000000
299.189190;32.016137;2.164576;0.974819;-0.036755;2.850000;0.000000
299.389182;32.129036;2.329724;0.967450;-0.036916;2.850000;0.000000
299.589175;32.243141;2.494016;0.960048;-0.037091;2.850000;0.000000
299.789168;32.358440;2.657429;0.952611;-0.037280;2.850000;0.000000
299.989161;32.474925;2.819935;0.945198;-0.037482;2.850000;0.000000
300.189153;32.592551;2.981504;0.938667;-0.028587;2.850000;0.000000
300.389146;32.711055;3.142348;0.934397;-0.014276;2.850000;0.000000
300.589139;32.830003;3.302836;0.932977;0.000050;2.850000;0.000000
300.789132;32.948949;3.463325;0.934418;0.014376;2.850000;0.000000
300.989124;33.067448;3.624173;0.938720;0.028687;2.850000;0.000000
301.189117;33.185053;3.785738;0.945879;0.042962;2.850000;0.000000
301.389110;33.301317;3.948378;0.955890;0.057171;2.850000;0.000000
301.589103;33.415794;4.112452;0.968739;0.071266;2.850000;0.000000
301.789096;33.528037;4.278316;0.984409;0.085183;2.850000;0.000000
301.989088;33.637601;4.446330;1.002859;0.098830;2.850000;0.000000
302.189081;33.743955;4.616713;1.024049;0.112162;2.850000;0.000000
302.389074;33.846550;4.789636;1.047988;0.125953;2.850000;0.000000
302.589067;33.944742;4.965122;1.074767;0.140407;2.850000;0.000000
302.789059;34.037852;5.143140;1.104495;0.155569;2.850000;0.000000
302.989052;34.125203;5.323661;1.137284;0.171437;2.850000;0.000000
303.189045;34.206115;5.506655;1.173239;0.187948;2.850000;0.000000
303.389038;34.279912;5.692090;1.212453;0.204960;2.850000;0.000000
303.589031;34.345914;5.879937;1.254992;0.222235;2.850000;0.000000
303.789023;34.403444;6.070165;1.300885;0.239430;2.850000;0.000000
303.989016;34.451823;6.262743;1.349987;0.256082;2.850000;0.000000
304.189009;34.490469;6.457858;1.400671;0.255125;2.850000;0.000000
304.389002;34.519210;6.655021;1.450824;0.248318;2.850000;0.000000
304.588994;34.538183;6.853652;1.499762;0.242067;2.850000;0.000000
304.788987;34.547546;7.053257;1.547587;0.236484;2.850000;0.000000
304.988980;34.547461;7.253346;1.594433;0.231657;2.850000;0.000000
305.188973;34.538086;7.453425;1.640441;0.227652;2.850000;0.000000
305.388966;34.519582;7.653003;1.685764;0.224517;2.850000;0.000000
305.588958;34.492108;7.851587;1.730559;0.222293;2.850000;0.000000
305.788951;34.455823;8.048684;1.774986;0.221009;2.850000;0.000000
305.988944;34.410889;8.243804;1.818880;0.220691;2.850000;0.000000
306.188937;34.357618;8.436386;1.859674;0.190500;2.850000;0.000000
306.388929;34.297091;8.626716;1.893861;0.151762;2.850000;0.000000
306.588922;34.230770;8.815270;1.920312;0.112891;2.850000;0.000000
306.788915;34.160129;9.002489;1.939033;0.074256;2.850000;0.000000
306.988908;34.086644;9.188812;1.950064;0.035920;2.850000;0.000000
307.188900;34.011788;9.374678;1.953437;-0.002247;2.850000;0.000000
307.388893;33.937036;9.560529;1.949160;-0.040471;2.850000;0.000000
307.588886;33.863862;9.746804;1.937212;-0.078973;2.850000;0.000000
307.788879;33.793740;9.933943;1.917547;-0.117867;2.850000;0.000000
307.988872;33.728145;10.122386;1.890579;-0.157060;2.850000;0.000000
308.188864;33.668269;10.312840;1.859877;-0.155561;2.850000;0.000000
308.388857;33.614343;10.505026;1.829713;-0.146683;2.850000;0.000000
308.588850;33.566063;10.698722;1.801328;-0.137657;2.850000;0.000000
308.788843;33.523105;10.893763;1.774740;-0.128580;2.850000;0.000000
308.988835;33.485143;11.089981;1.749945;-0.119528;2.850000;0.000000
309.188828;33.451855;11.287213;1.726933;-0.110559;2.850000;0.000000
309.388821;33.422915;11.485290;1.705686;-0.101713;2.850000;0.000000
309.588814;33.397999;11.684049;1.686183;-0.093014;2.850000;0.000000
309.788807;33.376782;11.883323;1.668399;-0.084473;2.850000;0.000000
309.988799;33.358941;12.082946;1.652206;-0.076087;2.850000;0.000000
310.188792;33.344203;12.282632;1.636927;-0.075393;2.850000;0.000000
310.388785;33.332484;12.482442;1.621843;-0.075318;2.850000;0.000000
310.588778;33.323781;12.682346;1.606779;-0.075251;2.850000;0.000000
310.788770;33.318090;12.882305;1.591731;-0.075192;2.850000;0.000000
310.988763;33.315407;13.082280;1.576698;-0.075141;2.850000;0.000000
311.188756;33.315729;13.282230;1.561677;-0.075099;2.850000;0.000000
311.388749;33.319053;13.482116;1.546667;-0.075065;2.850000;0.000000
311.588741;33.325375;13.681899;1.531665;-0.075040;2.850000;0.000000
311.788734;33.334691;13.881539;1.516668;-0.075025;2.850000;0.000000
311.988727;33.346998;14.080996;1.501773;-0.075018;2.850000;0.000000
312.188720;33.362250;14.280169;1.487457;-0.069228;2.850000;0.000000
312.388713;33.380256;14.479132;1.474212;-0.063371;2.850000;0.000000
312.588705;33.400784;14.677896;1.462135;-0.057503;2.850000;0.000000
312.788698;33.423602;14.876474;1.451227;-0.051636;2.850000;0.000000
312.988691;33.448478;15.074878;1.441488;-0.045779;2.850000;0.000000
313.188684;33.475179;15.273120;1.432915;-0.039939;2.850000;0.000000
313.388676;33.503474;15.471211;1.425506;-0.034116;2.850000;0.000000
313.588669;33.533129;15.669165;1.419258;-0.028312;2.850000;0.000000
313.788662;33.563913;15.866993;1.414169;-0.022526;2.850000;0.000000
313.988655;33.595592;16.064698;1.410069;-0.017241;2.850000;0.000000
314.188648;33.627978;16.262148;1.406212;-0.020086;2.850000;0.000000
314.388640;33.661157;16.459462;1.401908;-0.022936;2.850000;0.000000
314.588633;33.695239;16.656607;1.397034;-0.025791;2.850000;0.000000
314.788626;33.730333;16.853552;1.391589;-0.028652;2.850000;0.000000
314.988619;33.766550;17.050265;1.385571;-0.031519;2.850000;0.000000
315.188611;33.804001;17.246713;1.378981;-0.034391;2.850000;0.000000
315.388604;33.842794;17.442865;1.371816;-0.037269;2.850000;0.000000
315.588597;33.883042;17.638688;1.364078;-0.040150;2.850000;0.000000
315.788590;33.924853;17.834151;1.355764;-0.043032;2.850000;0.000000
315.988583;33.968340;18.029233;1.347044;-0.045075;2.850000;0.000000
316.188575;34.013569;18.224003;1.338575;-0.040518;2.850000;0.000000
316.388568;34.060373;18.418397;1.330930;-0.035953;2.850000;0.000000
316.588561;34.108575;18.612458;1.324197;-0.031385;2.850000;0.000000
316.788554;34.157998;18.806225;1.318378;-0.026817;2.850000;0.000000
316.988546;34.208463;18.999741;1.313471;-0.022251;2.850000;0.000000
317.188539;34.259793;19.193047;1.309478;-0.017687;2.850000;0.000000
317.388532;34.311811;19.386184;1.306396;-0.013127;2.850000;0.000000
317.588525;34.364338;19.579193;1.304226;-0.008569;2.850000;0.000000
317.788517;34.417197;19.772117;1.302967;-0.004013;2.850000;0.000000
317.988510;34.470216;19.965013;1.302590;0.000346;2.850000;0.000000
318.188503;34.523245;20.157984;1.302992;0.003780;2.850000;0.000000
318.388496;34.576123;20.350979;1.304092;0.007215;2.850000;0.000000
318.588489;34.628717;20.544028;1.305880;0.010653;2.850000;0.000000
318.788481;34.680891;20.737159;1.308355;0.014095;2.850000;0.000000
318.988474;34.732511;20.930402;1.311519;0.017541;2.850000;0.000000
319.188467;34.783443;21.123786;1.315372;0.020993;2.850000;0.000000
319.388460;34.833552;21.317341;1.319915;0.024449;2.850000;0.000000
319.588452;34.882703;21.511096;1.325148;0.027910;2.850000;0.000000
319.788445;34.930763;21.705080;1.331070;0.031375;2.850000;0.000000
319.988438;34.977603;21.899349;1.337438;0.032939;2.850000;0.000000
320.188431;35.023198;22.093971;1.343522;0.028516;2.850000;0.000000
320.388424;35.067680;22.288840;1.348779;0.024082;2.850000;0.000000
320.588416;35.111226;22.483927;1.353149;0.019642;2.850000;0.000000
320.788409;35.154009;22.679202;1.356632;0.015199;2.850000;0.000000
320.988402;35.196206;22.874639;1.359226;0.010757;2.850000;0.000000
321.188395;35.237991;23.070207;1.360934;0.006317;2.850000;0.000000
321.388387;35.279540;23.265880;1.361753;0.001882;2.850000;0.000000
321.588380;35.321028;23.461629;1.361687;-0.002547;2.850000;0.000000
321.788373;35.362630;23.657425;1.360740;-0.006968;2.850000;0.000000
321.988366;35.404497;23.853136;1.359303;-0.008027;2.850000;0.000000
322.188359;35.446624;24.048633;1.358382;-0.001757;2.850000;0.000000
322.388351;35.488830;24.244167;1.358657;0.004503;2.850000;0.000000
322.588344;35.530867;24.439771;1.360184;0.010761;2.850000;0.000000
322.788337;35.572485;24.635473;1.362963;0.017022;2.850000;0.000000
322.988330;35.613433;24.831303;1.366996;0.023292;2.850000;0.000000
323.188322;35.653462;25.027292;1.372283;0.029575;2.850000;0.000000
323.388315;35.692322;25.223469;1.378827;0.035874;2.850000;0.000000
323.588308;35.729763;25.419864;1.386631;0.042189;2.850000;0.000000
323.788301;35.765535;25.616506;1.395686;0.048519;2.850000;0.000000
323.988293;35.799404;25.813487;1.405459;0.049927;2.850000;0.000000
324.188286;35.831337;26.010853;1.414679;0.042891;2.850000;0.000000
324.388279;35.861573;26.208468;1.422549;0.035835;2.850000;0.000000
324.588272;35.890394;26.406298;1.429006;0.028768;2.850000;0.000000
324.788265;35.918078;26.604307;1.434051;0.021699;2.850000;0.000000
324.988257;35.944907;26.802461;1.437684;0.014632;2.850000;0.000000
325.188250;35.971160;27.000725;1.439904;0.007569;2.850000;0.000000
325.388243;35.997118;27.199064;1.440712;0.000512;2.850000;0.000000
325.588236;36.023060;27.397443;1.440109;-0.006538;2.850000;0.000000
325.788228;36.049267;27.595827;1.438115;-0.013581;2.850000;0.000000
325.988221;36.076002;27.794108;1.435343;-0.014722;2.850000;0.000000
326.188214;36.103295;27.992253;1.433096;-0.008150;2.850000;0.000000
326.388207;36.130916;28.190381;1.432123;-0.001585;2.850000;0.000000
326.588200;36.158601;28.388512;1.432462;0.004977;2.850000;0.000000
326.788192;36.186088;28.586668;1.434114;0.011541;2.850000;0.000000
326.988185;36.213116;28.784871;1.437080;0.018111;2.850000;0.000000
327.188178;36.239422;28.983143;1.441360;0.024690;2.850000;0.000000
327.388171;36.264744;29.181505;1.446956;0.031279;2.850000;0.000000
327.588163;36.288819;29.379980;1.453869;0.037878;2.850000;0.000000
327.788156;36.311386;29.578589;1.462084;0.044484;2.850000;0.000000
327.988149;36.332199;29.777440;1.471125;0.046352;2.850000;0.000000
328.188142;36.351183;29.976542;1.480061;0.043245;2.850000;0.000000
328.388134;36.368442;30.175786;1.488398;0.040132;2.850000;0.000000
328.588127;36.384102;30.375158;1.496113;0.037015;2.850000;0.000000
328.788120;36.398286;30.574642;1.503204;0.033898;2.850000;0.000000
328.988113;36.411117;30.774220;1.509671;0.030781;2.850000;0.000000
329.188106;36.422720;30.973877;1.515516;0.027666;2.850000;0.000000
329.388098;36.433217;31.173597;1.520737;0.024553;2.850000;0.000000
329.588091;36.442734;31.373364;1.525337;0.021444;2.850000;0.000000
329.788084;36.451394;31.573162;1.529322;0.018337;2.850000;0.000000
329.988077;36.459317;31.772965;1.532823;0.016578;2.850000;0.000000
330.188069;36.466576;31.972773;1.536074;0.015906;2.850000;0.000000
330.388062;36.473199;32.172596;1.539187;0.015231;2.850000;0.000000
330.588055;36.479213;32.372441;1.542164;0.014554;2.850000;0.000000
330.788048;36.484647;32.572313;1.545006;0.013875;2.850000;0.000000
330.988041;36.489526;32.772217;1.547712;0.013194;2.850000;0.000000
331.188033;36.493878;32.972159;1.550283;0.012511;2.850000;0.000000
331.388026;36.497731;33.172144;1.552717;0.011828;2.850000;0.000000
331.588019;36.501111;33.372177;1.555015;0.011143;2.850000;0.000000
331.788012;36.504046;33.572265;1.557181;0.010458;2.850000;0.000000
331.988004;36.506559;33.772256;1.559299;0.010653;2.850000;0.000000
332.187997;36.508644;33.972204;1.561506;0.011397;2.850000;0.000000
332.387990;36.510275;34.172193;1.563860;0.012143;2.850000;0.000000
332.587983;36.511419;34.372210;1.566363;0.012891;2.850000;0.000000
332.787976;36.512048;34.572244;1.569017;0.013643;2.850000;0.000000
332.987968;36.512131;34.772281;1.571822;0.014397;2.850000;0.000000
333.187961;36.511638;34.972310;1.574777;0.015155;2.850000;0.000000
333.387954;36.510538;35.172317;1.577885;0.015916;2.850000;0.000000
333.587947;36.508803;35.372290;1.581144;0.016682;2.850000;0.000000
333.787939;36.506400;35.572216;1.584543;0.017452;2.850000;0.000000
333.987932;36.503304;35.772256;1.587900;0.016270;2.850000;0.000000
334.187925;36.499556;35.972324;1.590937;0.014109;2.850000;0.000000
334.387918;36.495245;36.172338;1.593543;0.011944;2.850000;0.000000
334.587910;36.490457;36.372306;1.595715;0.009775;2.850000;0.000000
334.787903;36.485278;36.572235;1.597453;0.007604;2.850000;0.000000
334.987896;36.479796;36.772129;1.598756;0.005431;2.850000;0.000000
335.187889;36.474098;36.971996;1.599625;0.003257;2.850000;0.000000
335.387882;36.468270;37.171842;1.600058;0.001081;2.850000;0.000000
335.587874;36.462399;37.371674;1.600057;-0.001096;2.850000;0.000000
335.787867;36.456572;37.571497;1.599665;-0.003273;2.850000;0.000000
335.987860;36.450858;37.771352;1.599346;-0.000394;2.850000;0.000000
336.187853;36.445157;37.971218;1.599744;0.004351;2.850000;0.000000
336.387845;36.439283;38.171077;1.601088;0.009096;2.850000;0.000000
336.587838;36.433046;38.370928;1.603381;0.013840;2.850000;0.000000
336.787831;36.426255;38.570767;1.606622;0.018582;2.850000;0.000000
336.987824;36.418721;38.770591;1.610812;0.023320;2.850000;0.000000
337.187817;36.410255;38.970396;1.615949;0.028053;2.850000;0.000000
337.387809;36.400667;39.170180;1.622032;0.032776;2.850000;0.000000
337.587802;36.389766;39.369940;1.629061;0.037486;2.850000;0.000000
337.787795;36.377364;39.569671;1.637019;0.042176;2.850000;0.000000
337.987788;36.363289;39.769181;1.645830;0.046001;2.850000;0.000000
338.187780;36.347377;39.968566;1.655396;0.049633;2.850000;0.000000
338.387773;36.329484;40.167815;1.665690;0.053292;2.850000;0.000000
338.587766;36.309466;40.366870;1.676721;0.056979;2.850000;0.000000
338.787759;36.287183;40.565673;1.688491;0.060693;2.850000;0.000000
338.987751;36.262490;40.764167;1.701005;0.064432;2.850000;0.000000
339.187744;36.235245;40.962293;1.714267;0.068193;2.850000;0.000000
339.387737;36.205307;41.159993;1.728280;0.071969;2.850000;0.000000
339.587730;36.172533;41.357210;1.743047;0.075754;2.850000;0.000000
339.787723;36.136780;41.553885;1.758538;0.079538;2.850000;0.000000
339.987715;36.097904;41.750037;1.774499;0.080469;2.850000;0.000000
340.187708;36.055875;41.945547;1.790636;0.080920;2.850000;0.000000
340.387701;36.010689;42.140349;1.806865;0.081390;2.850000;0.000000
340.587694;35.962338;42.334388;1.823190;0.081878;2.850000;0.000000
340.787686;35.910817;42.527609;1.839615;0.082384;2.850000;0.000000
340.987679;35.856118;42.719960;1.856143;0.082906;2.850000;0.000000
341.187672;35.798235;42.911386;1.872777;0.083442;2.850000;0.000000
341.387665;35.737162;43.101833;1.889521;0.083991;2.850000;0.000000
341.587658;35.672891;43.291246;1.906378;0.084551;2.850000;0.000000
341.787650;35.605416;43.479572;1.923393;0.085121;2.850000;0.000000
341.987643;35.534717;43.666746;1.940839;0.088842;2.850000;0.000000
342.187636;35.460699;43.852639;1.959027;0.092955;2.850000;0.000000
342.387629;35.383245;44.037104;1.978044;0.097144;2.850000;0.000000
342.587621;35.302236;44.219994;1.997902;0.101399;2.850000;0.000000
342.787614;35.217554;44.401161;2.018612;0.105707;2.850000;0.000000
342.987607;35.129082;44.580458;2.040182;0.110051;2.850000;0.000000
343.187600;35.036702;44.757736;2.062619;0.114411;2.850000;0.000000
343.387593;34.940294;44.932850;2.085927;0.118762;2.850000;0.000000
343.587585;34.839743;45.105650;2.110105;0.123075;2.850000;0.000000
343.787578;34.734928;45.275990;2.135117;0.127318;2.850000;0.000000
343.987571;34.625898;45.443485;2.160911;0.130762;2.850000;0.000000
344.187564;34.512482;45.608138;2.187419;0.134389;2.850000;0.000000
344.387556;34.394657;45.769718;2.214678;0.138212;2.850000;0.000000
344.587549;34.272403;45.927989;2.242721;0.142209;2.850000;0.000000
344.787542;34.145703;46.082714;2.271578;0.146357;2.850000;0.000000
344.987535;34.014536;46.233655;2.301275;0.150624;2.850000;0.000000
345.187527;33.878885;46.380575;2.331834;0.154975;2.850000;0.000000
345.387520;33.738729;46.523237;2.363272;0.159369;2.850000;0.000000
345.587513;33.594051;46.661405;2.395599;0.163757;2.850000;0.000000
345.787506;33.444831;46.794840;2.428767;0.168041;2.850000;0.000000
345.987499;33.291068;46.923320;2.462522;0.169388;2.850000;0.000000
346.187491;33.132952;47.046567;2.496668;0.171242;2.850000;0.000000
346.387484;32.970688;47.164319;2.531238;0.173588;2.850000;0.000000
346.587477;32.804482;47.276314;2.566314;0.176412;2.850000;0.000000
346.787470;32.634540;47.382290;2.601978;0.179694;2.850000;0.000000
346.987462;32.461068;47.481987;2.638307;0.183411;2.850000;0.000000
347.187455;32.284270;47.575141;2.675377;0.187534;2.850000;0.000000
347.387448;32.104353;47.661491;2.713257;0.192028;2.850000;0.000000
347.587441;31.921522;47.740775;2.752013;0.196847;2.850000;0.000000
347.787434;31.735969;47.812736;2.791229;0.200417;2.850000;0.000000
347.987426;31.547706;47.877382;2.828738;0.180007;2.850000;0.000000
348.187419;31.357219;47.935253;2.862495;0.159023;2.850000;0.000000
348.387412;31.164790;47.987118;2.892082;0.137850;2.850000;0.000000
348.587405;30.970697;48.033747;2.917493;0.116753;2.850000;0.000000
348.787397;30.775224;48.075911;2.938752;0.095886;2.850000;0.000000
348.987390;30.578649;48.114379;2.955895;0.075310;2.850000;0.000000
349.187383;30.381254;48.149923;2.968963;0.055017;2.850000;0.000000
349.387376;30.183319;48.183311;2.977990;0.034940;2.850000;0.000000
349.587369;29.985125;48.215315;2.983001;0.014978;2.850000;0.000000
349.787361;29.786935;48.246707;2.984522;-0.002353;2.850000;0.000000
349.987354;29.588836;48.278077;2.984516;-0.000221;2.850000;0.000000
350.187347;29.390955;48.309423;2.984686;0.001922;2.850000;0.000000
350.387340;29.193246;48.340662;2.985286;0.004075;2.850000;0.000000
350.587332;28.995662;48.371717;2.986317;0.006232;2.850000;0.000000
350.787325;28.798159;48.402508;2.987779;0.008392;2.850000;0.000000
350.987318;28.600690;48.432953;2.989671;0.010552;2.850000;0.000000
351.187311;28.403209;48.462975;2.991994;0.012706;2.850000;0.000000
351.387303;28.205670;48.492493;2.994747;0.014853;2.850000;0.000000
351.587296;28.008027;48.521427;2.997926;0.016989;2.850000;0.000000
351.787289;27.810242;48.549696;3.001354;0.017910;2.850000;0.000000
351.987282;27.612317;48.577287;3.004443;0.013586;2.850000;0.000000
352.187275;27.414250;48.604350;3.006728;0.009272;2.850000;0.000000
352.387267;27.216074;48.631053;3.008151;0.004967;2.850000;0.000000
352.587260;27.017829;48.657565;3.008715;0.000668;2.850000;0.000000
352.787253;26.819550;48.684054;3.008419;-0.003627;2.850000;0.000000
352.987246;26.621273;48.710690;3.007264;-0.007922;2.850000;0.000000
353.187238;26.423036;48.737640;3.005249;-0.012218;2.850000;0.000000
353.387231;26.224874;48.765074;3.002375;-0.016518;2.850000;0.000000
353.587224;26.026826;48.793159;2.998642;-0.020824;2.850000;0.000000
353.787217;25.828913;48.822065;2.994323;-0.022990;2.850000;0.000000
353.987210;25.631125;48.851859;2.990211;-0.018731;2.850000;0.000000
354.187202;25.433474;48.882389;2.986891;-0.014467;2.850000;0.000000
354.387195;25.235927;48.913489;2.984425;-0.010198;2.850000;0.000000
354.587188;25.038453;48.944990;2.982812;-0.005928;2.850000;0.000000
354.787181;24.841018;48.976725;2.982054;-0.001657;2.850000;0.000000
354.987173;24.643590;49.008526;2.982150;0.002615;2.850000;0.000000
355.187166;24.446138;49.040225;2.983099;0.006885;2.850000;0.000000
355.387159;24.248629;49.071654;2.984903;0.011153;2.850000;0.000000
355.587152;24.051032;49.102646;2.987557;0.015417;2.850000;0.000000
355.787144;23.853350;49.133028;2.990824;0.017637;2.850000;0.000000
355.987137;23.655614;49.162718;2.994102;0.015481;2.850000;0.000000
356.187130;23.457760;49.191800;2.996983;0.013328;2.850000;0.000000
356.387123;23.259810;49.220358;2.999433;0.011178;2.850000;0.000000
356.587116;23.061782;49.248475;3.001454;0.009031;2.850000;0.000000
356.787108;22.863695;49.276235;3.003046;0.006885;2.850000;0.000000
356.987101;22.665571;49.303722;3.004209;0.004740;2.850000;0.000000
357.187094;22.467428;49.331021;3.004942;0.002595;2.850000;0.000000
357.387087;22.269286;49.358214;3.005247;0.000450;2.850000;0.000000
357.587079;22.071165;49.385387;3.005123;-0.001696;2.850000;0.000000
357.787072;21.873035;49.412629;3.004615;-0.003434;2.850000;0.000000
357.987065;21.674874;49.440012;3.003826;-0.004503;2.850000;0.000000
358.187058;21.476766;49.467569;3.002818;-0.005572;2.850000;0.000000
358.387051;21.278712;49.495345;3.001597;-0.006640;2.850000;0.000000
358.587043;21.080711;49.523380;3.000163;-0.007708;2.850000;0.000000
358.787036;20.882763;49.551720;2.998514;-0.008776;2.850000;0.000000
358.987029;20.684868;49.580407;2.996653;-0.009842;2.850000;0.000000
359.187022;20.487027;49.609483;2.994578;-0.010907;2.850000;0.000000
359.387014;20.289239;49.638992;2.992291;-0.011971;2.850000;0.000000
359.587007;20.091505;49.668978;2.989799;-0.013032;2.850000;0.000000
359.787000;19.893881;49.699471;2.987336;-0.011815;2.850000;0.000000
359.986993;19.696372;49.730418;2.985391;-0.007785;2.850000;0.000000
360.186986;19.498885;49.761676;2.984237;-0.003759;2.850000;0.000000
360.386978;19.301399;49.793087;2.983888;0.000264;2.850000;0.000000
360.586971;19.103892;49.824490;2.984343;0.004286;2.850000;0.000000
360.786964;18.906343;49.855727;2.985602;0.008307;2.850000;0.000000
360.986957;18.708729;49.886637;2.987665;0.012326;2.850000;0.000000
361.186949;18.511030;49.917061;2.990533;0.016345;2.850000;0.000000
361.386942;18.313224;49.946841;2.994205;0.020364;2.850000;0.000000
361.586935;18.115289;49.975815;2.998659;0.024381;2.850000;0.000000
361.786928;17.917229;50.003830;3.003406;0.023484;2.850000;0.000000
361.986920;17.719052;50.030921;3.007520;0.017841;2.850000;0.000000
362.186913;17.520770;50.057306;3.010524;0.012200;2.850000;0.000000
362.386906;17.322419;50.083207;3.012401;0.006563;2.850000;0.000000
362.586899;17.124038;50.108847;3.013150;0.000925;2.850000;0.000000
362.786892;16.925661;50.134450;3.012771;-0.004713;2.850000;0.000000
362.986884;16.727328;50.160237;3.011264;-0.010355;2.850000;0.000000
363.186877;16.529073;50.186431;3.008629;-0.016002;2.850000;0.000000
363.386870;16.330936;50.213255;3.004864;-0.021655;2.850000;0.000000
363.586863;16.132951;50.240932;3.000001;-0.027315;2.850000;0.000000
363.786855;15.935050;50.269687;2.994629;-0.026878;2.850000;0.000000
363.986848;15.737255;50.299507;2.989777;-0.021787;2.850000;0.000000
364.186841;15.539612;50.330186;2.985929;-0.016691;2.850000;0.000000
364.386834;15.342087;50.361522;2.983101;-0.011591;2.850000;0.000000
364.586827;15.144644;50.393315;2.981293;-0.006489;2.850000;0.000000
364.786819;14.947248;50.425363;2.980506;-0.001386;2.850000;0.000000
364.986812;14.749866;50.457464;2.980739;0.003717;2.850000;0.000000
365.186805;14.552462;50.489419;2.981992;0.008821;2.850000;0.000000
365.386798;14.355001;50.521025;2.984267;0.013924;2.850000;0.000000
365.586790;14.157449;50.552083;2.987528;0.019025;2.850000;0.000000
365.786783;13.959821;50.582395;2.991315;0.019247;2.850000;0.000000
365.986776;13.762091;50.611947;2.994900;0.016677;2.850000;0.000000
366.186769;13.564247;50.640843;2.997978;0.014108;2.850000;0.000000
366.386761;13.366305;50.669182;3.000542;0.011540;2.850000;0.000000
366.586754;13.168280;50.697067;3.002593;0.008973;2.850000;0.000000
366.786747;12.970186;50.724600;3.004131;0.006407;2.850000;0.000000
366.986740;12.772040;50.751881;3.005156;0.003843;2.850000;0.000000
367.186733;12.573857;50.779012;3.005668;0.001279;2.850000;0.000000
367.386725;12.375651;50.806094;3.005668;-0.001283;2.850000;0.000000
367.586718;12.177439;50.833229;3.005167;-0.003845;2.850000;0.000000
367.786711;11.979292;50.860506;3.004292;-0.005022;2.850000;0.000000
367.986704;11.781187;50.887979;3.003230;-0.005607;2.850000;0.000000
368.186696;11.583108;50.915675;3.002050;-0.006194;2.850000;0.000000
368.386689;11.385060;50.943617;3.000752;-0.006780;2.850000;0.000000
368.586682;11.187051;50.971828;2.999338;-0.007367;2.850000;0.000000
368.786675;10.989087;51.000329;2.997805;-0.007955;2.850000;0.000000
368.986668;10.791177;51.029145;2.996156;-0.008543;2.850000;0.000000
369.186660;10.593326;51.058297;2.994388;-0.009132;2.850000;0.000000
369.386653;10.395541;51.087809;2.992503;-0.009721;2.850000;0.000000
369.586646;10.197830;51.117702;2.990519;-0.010312;2.850000;0.000000
369.786639;10.000162;51.147998;2.988612;-0.008954;2.850000;0.000000
369.986631;9.802551;51.178648;2.987020;-0.006982;2.850000;0.000000
370.186624;9.604991;51.209572;2.985821;-0.005010;2.850000;0.000000
370.386617;9.407465;51.240694;2.985016;-0.003037;2.850000;0.000000
370.586610;9.209955;51.271936;2.984606;-0.001063;2.850000;0.000000
370.786603;9.012444;51.303222;2.984591;0.000910;2.850000;0.000000
370.986595;8.814913;51.334473;2.984970;0.002882;2.850000;0.000000
371.186588;8.617347;51.365614;2.985743;0.004853;2.850000;0.000000
371.386581;8.419726;51.396566;2.986911;0.006822;2.850000;0.000000
371.586574;8.222034;51.427254;2.988487;0.008789;2.850000;0.000000
371.786566;8.024242;51.457595;2.990583;0.012018;2.850000;0.000000
371.986559;7.826356;51.487463;2.993339;0.015520;2.850000;0.000000
372.186552;7.628377;51.516717;2.996796;0.019028;2.850000;0.000000
372.386545;7.430307;51.545214;3.000955;0.022544;2.850000;0.000000
372.586537;7.232143;51.572813;3.005819;0.026071;2.850000;0.000000
372.786530;7.033887;51.599371;3.011387;0.029610;2.850000;0.000000
372.986523;6.835539;51.624746;3.017663;0.033162;2.850000;0.000000
373.186516;6.637098;51.648798;3.024649;0.036728;2.850000;0.000000
373.386509;6.438565;51.671383;3.032345;0.040307;2.850000;0.000000
373.586501;6.239939;51.692360;3.040635;0.043899;2.850000;0.000000
373.786494;6.041215;51.711635;3.048730;0.038381;2.850000;0.000000
373.986487;5.842385;51.729384;3.055722;0.031669;2.850000;0.000000
374.186480;5.643437;51.745877;3.061372;0.024931;2.850000;0.000000
374.386472;5.444355;51.761383;3.065676;0.018182;2.850000;0.000000
374.586465;5.245126;51.776174;3.068634;0.011435;2.850000;0.000000
374.786458;5.045737;51.790518;3.070247;0.004703;2.850000;0.000000
374.986451;4.846172;51.804685;3.070516;-0.002006;2.850000;0.000000
375.186444;4.646419;51.818947;3.069446;-0.008681;2.850000;0.000000
375.386436;4.446462;51.833573;3.067040;-0.015312;2.850000;0.000000
375.586429;4.246289;51.848834;3.063729;-0.021889;2.850000;0.000000
375.786422;4.046189;51.864803;3.061882;-0.000703;2.850000;0.000000
375.986415;3.845960;51.880812;3.064003;0.021822;2.850000;0.000000
376.186407;3.645679;51.895941;3.070654;0.044426;2.850000;0.000000
376.386400;3.445439;51.909272;3.081857;0.067251;2.850000;0.000000
376.586393;3.245332;51.919885;3.097650;0.090401;2.850000;0.000000
376.786386;3.045449;51.926860;3.118079;0.113920;2.850000;0.000000
376.986379;2.845882;51.929279;-3.139991;0.137764;2.850000;0.000000
377.186371;2.646724;51.926222;-3.110157;0.161778;2.850000;0.000000
377.386364;2.448066;51.916769;-3.094046;0.185664;2.850000;0.000000
