# s_m;x_m;y_m;psi_rad;kappa_radpm;vx_mps;ax_mps2
0.000000;3.700001;51.400002;-0.040573;-0.041930;2.850000;0.000000
0.199897;3.900295;51.391871;-0.044703;-0.041238;2.850000;0.000000
0.399794;4.100362;51.382092;-0.052894;-0.040537;2.850000;0.000000
0.599690;4.300203;51.370698;-0.060937;-0.039826;2.850000;0.000000
0.799587;4.499818;51.357721;-0.068832;-0.039108;2.850000;0.000000
0.999484;4.699204;51.343191;-0.076578;-0.038382;2.850000;0.000000
1.199381;4.898363;51.327141;-0.084174;-0.037650;2.850000;0.000000
1.399278;5.097293;51.309603;-0.091619;-0.036912;2.850000;0.000000
1.599175;5.295994;51.290609;-0.098913;-0.036169;2.850000;0.000000
1.799071;5.494465;51.270189;-0.106055;-0.035421;2.850000;0.000000
1.998968;5.692722;51.248375;-0.112972;-0.034540;2.850000;0.000000
2.198865;5.891258;51.225171;-0.119280;-0.029336;2.850000;0.000000
2.398762;6.089607;51.200809;-0.124621;-0.024112;2.850000;0.000000
2.598659;6.287810;51.175495;-0.128916;-0.018875;2.850000;0.000000
2.798555;6.485911;51.149434;-0.132163;-0.013631;2.850000;0.000000
2.998452;6.683952;51.122832;-0.134363;-0.008384;2.850000;0.000000
3.198349;6.881977;51.095895;-0.135514;-0.003137;2.850000;0.000000
3.398246;7.080027;51.068828;-0.135617;0.002104;2.850000;0.000000
3.598143;7.278146;51.041836;-0.134673;0.007337;2.850000;0.000000
3.798039;7.476376;51.015125;-0.132683;0.012559;2.850000;0.000000
3.997936;7.674719;50.988906;-0.129877;0.016880;2.850000;0.000000
4.197833;7.872785;50.963350;-0.127168;0.011560;2.850000;0.000000
4.397730;8.070996;50.938239;-0.125388;0.006256;2.850000;0.000000
4.597627;8.269308;50.913368;-0.124667;0.000963;2.850000;0.000000
4.797524;8.467677;50.888528;-0.125003;-0.004323;2.850000;0.000000
4.997420;8.666059;50.863513;-0.126395;-0.009605;2.850000;0.000000
5.197317;8.864410;50.838114;-0.128845;-0.014889;2.850000;0.000000
5.397214;9.062687;50.812125;-0.132351;-0.020177;2.850000;0.000000
5.597111;9.260845;50.785337;-0.136914;-0.025471;2.850000;0.000000
5.797008;9.458842;50.757544;-0.142537;-0.030775;2.850000;0.000000
5.996904;9.656640;50.728537;-0.148941;-0.034697;2.850000;0.000000
6.196801;9.854272;50.698209;-0.155049;-0.027825;2.850000;0.000000
6.396698;10.051711;50.666786;-0.159924;-0.020944;2.850000;0.000000
6.596595;10.249002;50.634538;-0.163423;-0.014059;2.850000;0.000000
6.796492;10.446192;50.601738;-0.165545;-0.007171;2.850000;0.000000
6.996388;10.643327;50.568657;-0.166290;-0.000281;2.850000;0.000000
7.196285;10.840453;50.535565;-0.165658;0.006609;2.850000;0.000000
7.396182;11.037616;50.502736;-0.163648;0.013501;2.850000;0.000000
7.596079;11.234863;50.470439;-0.160261;0.020392;2.850000;0.000000
7.795976;11.432240;50.438946;-0.155497;0.027282;2.850000;0.000000
7.995873;11.629783;50.408530;-0.149659;0.032386;2.850000;0.000000
8.195769;11.827481;50.379349;-0.143825;0.027234;2.850000;0.000000
8.395666;12.025355;50.351241;-0.138897;0.022085;2.850000;0.000000
8.595563;12.223372;50.324005;-0.134996;0.016940;2.850000;0.000000
8.795460;12.421499;50.297436;-0.132124;0.011798;2.850000;0.000000
8.995357;12.619704;50.271333;-0.130279;0.006660;2.850000;0.000000
9.195253;12.817951;50.245492;-0.129461;0.001523;2.850000;0.000000
9.395150;13.016209;50.219712;-0.129670;-0.003613;2.850000;0.000000
9.595047;13.214443;50.193789;-0.130906;-0.008750;2.850000;0.000000
9.794944;13.412620;50.167521;-0.133168;-0.013889;2.850000;0.000000
9.994841;13.610710;50.140705;-0.136274;-0.017823;2.850000;0.000000
10.194737;13.808698;50.113209;-0.139612;-0.016199;2.850000;0.000000
10.394634;14.006584;50.085074;-0.142688;-0.014574;2.850000;0.000000
10.594531;14.204382;50.056364;-0.145438;-0.012947;2.850000;0.000000
10.794428;14.402105;50.027142;-0.147863;-0.011318;2.850000;0.000000
10.994325;14.599766;49.997471;-0.149962;-0.009688;2.850000;0.000000
11.194222;14.797379;49.967417;-0.151736;-0.008058;2.850000;0.000000
11.394118;14.994957;49.937042;-0.153184;-0.006428;2.850000;0.000000
11.594015;15.192513;49.906411;-0.154306;-0.004799;2.850000;0.000000
11.793912;15.390061;49.875587;-0.155103;-0.003169;2.850000;0.000000
11.993809;15.587590;49.844637;-0.155575;-0.001552;2.850000;0.000000
12.193706;15.785045;49.813637;-0.155728;0.000026;2.850000;0.000000
12.393602;15.982520;49.782634;-0.155565;0.001602;2.850000;0.000000
12.593499;16.180020;49.751692;-0.155087;0.003178;2.850000;0.000000
12.793396;16.377547;49.720874;-0.154295;0.004754;2.850000;0.000000
12.993293;16.575106;49.690244;-0.153187;0.006331;2.850000;0.000000
13.193190;16.772701;49.659864;-0.151763;0.007908;2.850000;0.000000
13.393087;16.970335;49.629798;-0.150025;0.009486;2.850000;0.000000
13.592983;17.168013;49.600108;-0.147971;0.011066;2.850000;0.000000
13.792880;17.365738;49.570859;-0.145601;0.012648;2.850000;0.000000
13.992777;17.563544;49.542108;-0.143055;0.013172;2.850000;0.000000
14.192674;17.761495;49.513854;-0.140746;0.010264;2.850000;0.000000
14.392571;17.959483;49.486010;-0.138984;0.007354;2.850000;0.000000
14.592467;18.157494;49.458460;-0.137805;0.004443;2.850000;0.000000
14.792364;18.355514;49.431087;-0.137208;0.001530;2.850000;0.000000
14.992261;18.553530;49.403777;-0.137193;-0.001384;2.850000;0.000000
15.192158;18.751527;49.376413;-0.137761;-0.004299;2.850000;0.000000
15.392055;18.949492;49.348881;-0.138912;-0.007214;2.850000;0.000000
15.591951;19.147411;49.321064;-0.140645;-0.010130;2.850000;0.000000
15.791848;19.345270;49.292846;-0.142960;-0.013045;2.850000;0.000000
15.991745;19.543059;49.264114;-0.145690;-0.014623;2.850000;0.000000
16.191642;19.740779;49.234813;-0.148374;-0.012554;2.850000;0.000000
16.391539;19.938430;49.205016;-0.150676;-0.010485;2.850000;0.000000
16.591436;20.136023;49.174805;-0.152565;-0.008416;2.850000;0.000000
16.791332;20.333571;49.144260;-0.154041;-0.006347;2.850000;0.000000
16.991229;20.531083;49.113463;-0.155103;-0.004279;2.850000;0.000000
17.191126;20.728573;49.082497;-0.155752;-0.002211;2.850000;0.000000
17.391023;20.926052;49.051444;-0.155987;-0.000143;2.850000;0.000000
17.590920;21.123531;49.020384;-0.155809;0.001925;2.850000;0.000000
17.790816;21.321023;48.989401;-0.155218;0.003993;2.850000;0.000000
17.990713;21.518530;48.958577;-0.154258;0.005683;2.850000;0.000000
18.190610;21.716050;48.927977;-0.153049;0.006494;2.850000;0.000000
18.390507;21.913610;48.897634;-0.151669;0.007306;2.850000;0.000000
18.590404;22.111216;48.867578;-0.150128;0.008117;2.850000;0.000000
18.790300;22.308874;48.837843;-0.148425;0.008927;2.850000;0.000000
18.990197;22.506589;48.808460;-0.146559;0.009737;2.850000;0.000000
19.190094;22.704369;48.779461;-0.144532;0.010547;2.850000;0.000000
19.389991;22.902219;48.750878;-0.142343;0.011356;2.850000;0.000000
19.589888;23.100145;48.722742;-0.139992;0.012165;2.850000;0.000000
19.789785;23.298153;48.695085;-0.137482;0.012972;2.850000;0.000000
19.989681;23.496230;48.667942;-0.134996;0.012168;2.850000;0.000000
20.189578;23.694350;48.641273;-0.132991;0.008126;2.850000;0.000000
20.389475;23.892525;48.614925;-0.131770;0.004087;2.850000;0.000000
20.589372;24.090728;48.588738;-0.131357;0.000049;2.850000;0.000000
20.789269;24.288932;48.562553;-0.131751;-0.003989;2.850000;0.000000
20.989165;24.487110;48.536210;-0.132952;-0.008028;2.850000;0.000000
21.189062;24.685233;48.509551;-0.134961;-0.012069;2.850000;0.000000
21.388959;24.883274;48.482417;-0.137777;-0.016113;2.850000;0.000000
21.588856;25.081206;48.454647;-0.141402;-0.020161;2.850000;0.000000
21.788753;25.279002;48.426084;-0.145829;-0.024211;2.850000;0.000000
21.988649;25.476692;48.396561;-0.150691;-0.024906;2.850000;0.000000
22.188546;25.674321;48.366058;-0.155103;-0.019642;2.850000;0.000000
22.388443;25.871811;48.334781;-0.158504;-0.014375;2.850000;0.000000
22.588340;26.069195;48.302939;-0.160852;-0.009106;2.850000;0.000000
22.788237;26.266505;48.270740;-0.162145;-0.003835;2.850000;0.000000
22.988134;26.463774;48.238393;-0.162385;0.001439;2.850000;0.000000
23.188030;26.661034;48.206106;-0.161570;0.006714;2.850000;0.000000
23.387927;26.858316;48.174086;-0.159701;0.011993;2.850000;0.000000
23.587824;27.055654;48.142543;-0.156776;0.017275;2.850000;0.000000
23.787721;27.253080;48.111685;-0.152806;0.022558;2.850000;0.000000
23.987618;27.450543;48.081728;-0.148150;0.024476;2.850000;0.000000
24.187514;27.648022;48.052742;-0.143613;0.021275;2.850000;0.000000
24.387411;27.845643;48.024593;-0.139686;0.018067;2.850000;0.000000
24.587308;28.043406;47.997151;-0.136400;0.014854;2.850000;0.000000
24.787205;28.241313;47.970286;-0.133754;0.011640;2.850000;0.000000
24.987102;28.439367;47.943871;-0.131749;0.008429;2.850000;0.000000
25.186998;28.637568;47.917776;-0.130385;0.005222;2.850000;0.000000
25.386895;28.835919;47.891872;-0.129661;0.002024;2.850000;0.000000
25.586792;29.034420;47.866029;-0.129575;-0.001164;2.850000;0.000000
25.786689;29.233075;47.840120;-0.130143;-0.004339;2.850000;0.000000
25.986586;29.431825;47.814016;-0.131975;-0.013320;2.850000;0.000000
26.186483;29.630557;47.787356;-0.136383;-0.030212;2.850000;0.000000
26.386379;29.829137;47.759491;-0.144141;-0.047169;2.850000;0.000000
26.586276;30.027350;47.729763;-0.155307;-0.064266;2.850000;0.000000
26.786173;30.224978;47.697515;-0.169905;-0.081552;2.850000;0.000000
26.986070;30.421808;47.662090;-0.187962;-0.099044;2.850000;0.000000
27.185967;30.617623;47.622831;-0.209507;-0.116716;2.850000;0.000000
27.385863;30.812208;47.579080;-0.234559;-0.134488;2.850000;0.000000
27.585760;31.005346;47.530181;-0.263124;-0.152214;2.850000;0.000000
27.785657;31.196823;47.475477;-0.295179;-0.169671;2.850000;0.000000
27.985554;31.386648;47.414242;-0.329937;-0.179392;2.850000;0.000000
28.185451;31.574607;47.346103;-0.365819;-0.180255;2.850000;0.000000
28.385348;31.760090;47.271191;-0.402014;-0.181585;2.850000;0.000000
28.585244;31.942774;47.189570;-0.438529;-0.183365;2.850000;0.000000
28.785141;32.122334;47.101304;-0.475444;-0.185579;2.850000;0.000000
28.985038;32.298448;47.006457;-0.512833;-0.188204;2.850000;0.000000
29.184935;32.470792;46.905093;-0.550770;-0.191216;2.850000;0.000000
29.384832;32.639042;46.797276;-0.589324;-0.194581;2.850000;0.000000
29.584728;32.802874;46.683070;-0.628559;-0.198261;2.850000;0.000000
29.784625;32.961965;46.562540;-0.668500;-0.202208;2.850000;0.000000
29.984522;33.115935;46.435810;-0.708591;-0.200273;2.850000;0.000000
30.184419;33.264660;46.303106;-0.747670;-0.191926;2.850000;0.000000
30.384316;33.408268;46.164743;-0.785116;-0.183535;2.850000;0.000000
30.584212;33.546832;46.021094;-0.820924;-0.175229;2.850000;0.000000
30.784109;33.680420;45.872533;-0.855127;-0.167111;2.850000;0.000000
30.984006;33.809104;45.719435;-0.887766;-0.159262;2.850000;0.000000
31.183903;33.932955;45.562174;-0.918896;-0.151744;2.850000;0.000000
31.383800;34.052042;45.401123;-0.948575;-0.144598;2.850000;0.000000
31.583697;34.166437;45.236658;-0.976868;-0.137853;2.850000;0.000000
31.783593;34.276209;45.069152;-1.003843;-0.131526;2.850000;0.000000
31.983490;34.381433;44.898974;-1.029576;-0.125660;2.850000;0.000000
32.183387;34.482244;44.726383;-1.054108;-0.119777;2.850000;0.000000
32.383284;34.578840;44.551531;-1.077436;-0.113748;2.850000;0.000000
32.583181;34.671419;44.374568;-1.099544;-0.107624;2.850000;0.000000
32.783077;34.760180;44.195643;-1.120425;-0.101446;2.850000;0.000000
32.982974;34.845320;44.014908;-1.140075;-0.095251;2.850000;0.000000
33.182871;34.927037;43.832511;-1.158495;-0.089066;2.850000;0.000000
33.382768;35.005530;43.648603;-1.175690;-0.082914;2.850000;0.000000
33.582665;35.080997;43.463335;-1.191666;-0.076811;2.850000;0.000000
33.782561;35.153636;43.276855;-1.206459;-0.070766;2.850000;0.000000
33.982458;35.223596;43.089415;-1.220616;-0.070314;2.850000;0.000000
34.182355;35.290887;42.901066;-1.235078;-0.074139;2.850000;0.000000
34.382252;35.355375;42.711746;-1.250294;-0.078018;2.850000;0.000000
34.582149;35.416893;42.521468;-1.266289;-0.081946;2.850000;0.000000
34.782046;35.475273;42.330248;-1.283070;-0.085917;2.850000;0.000000
34.981942;35.530346;42.138099;-1.300645;-0.089923;2.850000;0.000000
35.181839;35.581946;41.945037;-1.319018;-0.093951;2.850000;0.000000
35.381736;35.629903;41.751075;-1.338194;-0.097988;2.850000;0.000000
35.581633;35.674051;41.556227;-1.358175;-0.102018;2.850000;0.000000
35.781530;35.714221;41.360509;-1.378903;-0.106020;2.850000;0.000000
35.981426;35.750219;41.164181;-1.399683;-0.102696;2.850000;0.000000
36.181323;35.782180;40.967229;-1.419344;-0.094413;2.850000;0.000000
36.381220;35.810442;40.769588;-1.437370;-0.086150;2.850000;0.000000
36.581117;35.835316;40.571354;-1.453761;-0.077934;2.850000;0.000000
36.781014;35.857114;40.372627;-1.468526;-0.069783;2.850000;0.000000
36.980910;35.876147;40.173503;-1.481677;-0.061705;2.850000;0.000000
37.180807;35.892726;39.974083;-1.493223;-0.053701;2.850000;0.000000
37.380704;35.907164;39.774463;-1.503176;-0.045764;2.850000;0.000000
37.580601;35.919771;39.574742;-1.511546;-0.037880;2.850000;0.000000
37.780498;35.930859;39.375019;-1.518359;-0.030034;2.850000;0.000000
37.980395;35.940747;39.175081;-1.523876;-0.024899;2.850000;0.000000
38.180291;35.949639;38.975065;-1.528525;-0.021515;2.850000;0.000000
38.380188;35.957663;38.775155;-1.532488;-0.018106;2.850000;0.000000
38.580085;35.964959;38.575335;-1.535766;-0.014679;2.850000;0.000000
38.779982;35.971666;38.375585;-1.538356;-0.011237;2.850000;0.000000
38.979879;35.977922;38.175889;-1.540256;-0.007783;2.850000;0.000000
39.179775;35.983866;37.976228;-1.541465;-0.004323;2.850000;0.000000
39.379672;35.989637;37.776584;-1.541983;-0.000858;2.850000;0.000000
39.579569;35.995374;37.576941;-1.541808;0.002607;2.850000;0.000000
39.779466;36.001215;37.377279;-1.540973;0.006069;2.850000;0.000000
39.979363;36.007287;37.177608;-1.539909;0.004943;2.850000;0.000000
40.179260;36.013555;36.977911;-1.539301;0.001207;2.850000;0.000000
40.379156;36.019872;36.778175;-1.539432;-0.002525;2.850000;0.000000
40.579053;36.026089;36.578402;-1.540310;-0.006255;2.850000;0.000000
40.778950;36.032057;36.378594;-1.541933;-0.009983;2.850000;0.000000
40.978847;36.037627;36.178752;-1.544301;-0.013710;2.850000;0.000000
41.178744;36.042650;35.978879;-1.547415;-0.017436;2.850000;0.000000
41.378640;36.046976;35.778977;-1.551274;-0.021163;2.850000;0.000000
41.578537;36.050457;35.579048;-1.555878;-0.024889;2.850000;0.000000
41.778434;36.052942;35.379093;-1.561193;-0.028615;2.850000;0.000000
41.978331;36.054297;35.179226;-1.566797;-0.027832;2.850000;0.000000
42.178228;36.054541;34.979394;-1.572053;-0.024807;2.850000;0.000000
42.378124;36.053794;34.779544;-1.576709;-0.021783;2.850000;0.000000
42.578021;36.052178;34.579679;-1.580761;-0.018761;2.850000;0.000000
42.777918;36.049811;34.379801;-1.584209;-0.015741;2.850000;0.000000
42.977815;36.046815;34.179913;-1.587054;-0.012723;2.850000;0.000000
43.177712;36.043311;33.980018;-1.589296;-0.009707;2.850000;0.000000
43.377609;36.039419;33.780119;-1.590936;-0.006693;2.850000;0.000000
43.577505;36.035258;33.580219;-1.591973;-0.003681;2.850000;0.000000
43.777402;36.030951;33.380320;-1.592446;-0.000668;2.850000;0.000000
43.977299;36.026600;33.180347;-1.592802;-0.002477;2.850000;0.000000
44.177196;36.022148;32.980353;-1.593698;-0.006447;2.850000;0.000000
44.377093;36.017439;32.780387;-1.595385;-0.010421;2.850000;0.000000
44.576989;36.012313;32.580461;-1.597867;-0.014399;2.850000;0.000000
44.776886;36.006613;32.380590;-1.601144;-0.018384;2.850000;0.000000
44.976783;36.000180;32.180787;-1.605218;-0.022376;2.850000;0.000000
45.176680;35.992855;31.981065;-1.610090;-0.026374;2.850000;0.000000
45.376577;35.984480;31.781437;-1.615760;-0.030380;2.850000;0.000000
45.576473;35.974896;31.581916;-1.622229;-0.034391;2.850000;0.000000
45.776370;35.963945;31.382517;-1.629454;-0.038406;2.850000;0.000000
45.976267;35.951477;31.183122;-1.636938;-0.037028;2.850000;0.000000
46.176164;35.937534;30.983800;-1.643984;-0.033530;2.850000;0.000000
46.376061;35.922257;30.784585;-1.650333;-0.030020;2.850000;0.000000
46.575958;35.905784;30.585457;-1.655979;-0.026503;2.850000;0.000000
46.775854;35.888256;30.386397;-1.660924;-0.022981;2.850000;0.000000
46.975751;35.869810;30.187387;-1.665165;-0.019459;2.850000;0.000000
47.175648;35.850586;29.988408;-1.668703;-0.015937;2.850000;0.000000
47.375545;35.830723;29.789440;-1.671537;-0.012417;2.850000;0.000000
47.575442;35.810361;29.590465;-1.673669;-0.008901;2.850000;0.000000
47.775338;35.789637;29.391464;-1.675143;-0.005390;2.850000;0.000000
47.975235;35.768698;29.192638;-1.676381;-0.006537;2.850000;0.000000
48.175132;35.747499;28.993856;-1.677954;-0.009183;2.850000;0.000000
48.375029;35.725932;28.795077;-1.680055;-0.011831;2.850000;0.000000
48.574926;35.703892;28.596331;-1.682686;-0.014481;2.850000;0.000000
48.774822;35.681277;28.397648;-1.685847;-0.017135;2.850000;0.000000
48.974719;35.657983;28.199056;-1.689539;-0.019796;2.850000;0.000000
49.174616;35.633906;28.000587;-1.693764;-0.022465;2.850000;0.000000
49.374513;35.608944;27.802270;-1.698522;-0.025143;2.850000;0.000000
49.574410;35.582992;27.604134;-1.703814;-0.027831;2.850000;0.000000
49.774307;35.555948;27.406210;-1.709602;-0.030530;2.850000;0.000000
49.974203;35.527695;27.208317;-1.715489;-0.028844;2.850000;0.000000
50.174100;35.498302;27.010590;-1.720959;-0.025901;2.850000;0.000000
50.373997;35.467891;26.813056;-1.725841;-0.022947;2.850000;0.000000
50.573894;35.436578;26.615685;-1.730131;-0.019984;2.850000;0.000000
50.773791;35.404479;26.418446;-1.733827;-0.017014;2.850000;0.000000
50.973687;35.371707;26.221308;-1.736930;-0.014041;2.850000;0.000000
51.173584;35.338378;26.024240;-1.739439;-0.011066;2.850000;0.000000
51.373481;35.304608;25.827212;-1.741354;-0.008091;2.850000;0.000000
51.573378;35.270511;25.630192;-1.742675;-0.005117;2.850000;0.000000
51.773275;35.236202;25.433150;-1.743464;-0.002147;2.850000;0.000000
51.973171;35.201809;25.236268;-1.744237;-0.004935;2.850000;0.000000
52.173068;35.167219;25.039412;-1.745632;-0.009021;2.850000;0.000000
52.372965;35.132268;24.842579;-1.747844;-0.013105;2.850000;0.000000
52.572862;35.096797;24.645816;-1.750873;-0.017192;2.850000;0.000000
52.772759;35.060648;24.449166;-1.754719;-0.021282;2.850000;0.000000
52.972656;35.023663;24.252677;-1.759384;-0.025378;2.850000;0.000000
53.172552;34.985685;24.056392;-1.764867;-0.029482;2.850000;0.000000
53.372449;34.946555;23.860358;-1.771172;-0.033592;2.850000;0.000000
53.572346;34.906115;23.664619;-1.778297;-0.037711;2.850000;0.000000
53.772243;34.864208;23.469221;-1.786153;-0.041834;2.850000;0.000000
53.972140;34.820699;23.274142;-1.794034;-0.037978;2.850000;0.000000
54.172036;34.775711;23.079403;-1.801085;-0.032582;2.850000;0.000000
54.371933;34.729456;22.884963;-1.807057;-0.027179;2.850000;0.000000
54.571830;34.682145;22.690772;-1.811949;-0.021775;2.850000;0.000000
54.771727;34.633987;22.496778;-1.815762;-0.016371;2.850000;0.000000
54.971624;34.585190;22.302930;-1.818494;-0.010968;2.850000;0.000000
55.171521;34.535966;22.109177;-1.820147;-0.005567;2.850000;0.000000
55.371417;34.486523;21.915468;-1.820720;-0.000168;2.850000;0.000000
55.571314;34.437071;21.721751;-1.820214;0.005229;2.850000;0.000000
55.771211;34.387820;21.527975;-1.818705;0.010626;2.850000;0.000000
55.971108;34.338949;21.334096;-1.816723;0.009961;2.850000;0.000000
56.171005;34.290465;21.140118;-1.814892;0.008360;2.850000;0.000000
56.370901;34.242305;20.946061;-1.813380;0.006760;2.850000;0.000000
56.570798;34.194408;20.751945;-1.812189;0.005160;2.850000;0.000000
56.770695;34.146715;20.557790;-1.811317;0.003560;2.850000;0.000000
56.970592;34.099164;20.363617;-1.810765;0.001960;2.850000;0.000000
57.170489;34.051694;20.169446;-1.810533;0.000360;2.850000;0.000000
57.370385;34.004244;19.975297;-1.810621;-0.001242;2.850000;0.000000
57.570282;33.956753;19.781190;-1.811030;-0.002845;2.850000;0.000000
57.770179;33.909161;19.587147;-1.811725;-0.004450;2.850000;0.000000
57.970076;33.861393;19.393078;-1.812486;-0.003511;2.850000;0.000000
58.169973;33.813494;19.199060;-1.813064;-0.002265;2.850000;0.000000
58.369870;33.765511;19.005081;-1.813392;-0.001019;2.850000;0.000000
58.569766;33.717489;18.811115;-1.813471;0.000228;2.850000;0.000000
58.769663;33.669475;18.617138;-1.813301;0.001474;2.850000;0.000000
58.969560;33.621511;18.423126;-1.812882;0.002720;2.850000;0.000000
59.169457;33.573645;18.229053;-1.812214;0.003963;2.850000;0.000000
59.369354;33.525921;18.034894;-1.811297;0.005204;2.850000;0.000000
59.569250;33.478385;17.840626;-1.810132;0.006442;2.850000;0.000000
59.769147;33.431080;17.646222;-1.808635;0.007676;2.850000;0.000000
59.969044;33.384135;17.451849;-1.806294;0.014883;2.850000;0.000000
60.168941;33.337758;17.257299;-1.802549;0.022567;2.850000;0.000000
60.368838;33.292256;17.062522;-1.797265;0.030263;2.850000;0.000000
60.568734;33.247936;16.867483;-1.790441;0.037979;2.850000;0.000000
60.768631;33.205107;16.672148;-1.782072;0.045721;2.850000;0.000000
60.968528;33.164076;16.476483;-1.772155;0.053490;2.850000;0.000000
61.168425;33.125152;16.280454;-1.760686;0.061283;2.850000;0.000000
61.368322;33.088643;16.084026;-1.747662;0.069090;2.850000;0.000000
61.568219;33.054858;15.887164;-1.733082;0.076897;2.850000;0.000000
61.768115;33.024105;15.689836;-1.717121;0.084678;2.850000;0.000000
61.968012;32.996620;15.492002;-1.700773;0.080761;2.850000;0.000000
62.167909;32.972326;15.293716;-1.685095;0.076204;2.850000;0.000000
62.367806;32.951049;15.095037;-1.670322;0.071654;2.850000;0.000000
62.567703;32.932614;14.896021;-1.656453;0.067122;2.850000;0.000000
62.767599;32.916847;14.696723;-1.643485;0.062615;2.850000;0.000000
62.967496;32.903573;14.497201;-1.631412;0.058137;2.850000;0.000000
63.167393;32.892619;14.297510;-1.620229;0.053693;2.850000;0.000000
63.367290;32.883809;14.097708;-1.609932;0.049281;2.850000;0.000000
63.567187;32.876970;13.897850;-1.600515;0.044901;2.850000;0.000000
63.767083;32.871927;13.697993;-1.591847;0.040551;2.850000;0.000000
63.966980;32.868549;13.497873;-1.583286;0.043857;2.850000;0.000000
64.166877;32.866928;13.297812;-1.574158;0.047394;2.850000;0.000000
64.366774;32.867204;13.097832;-1.564326;0.050936;2.850000;0.000000
64.566671;32.869516;12.897942;-1.553789;0.054479;2.850000;0.000000
64.766568;32.874002;12.698154;-1.542548;0.058018;2.850000;0.000000
64.966464;32.880803;12.498477;-1.530604;0.061545;2.850000;0.000000
65.166361;32.890057;12.298924;-1.517959;0.065052;2.850000;0.000000
65.366258;32.901903;12.099504;-1.504615;0.068530;2.850000;0.000000
65.566155;32.916482;11.900228;-1.490578;0.071969;2.850000;0.000000
65.766052;32.933931;11.701109;-1.475757;0.075421;2.850000;0.000000
65.965948;32.954412;11.502330;-1.459653;0.084749;2.850000;0.000000
66.165845;32.978263;11.303880;-1.441769;0.094198;2.850000;0.000000
66.365742;33.005845;11.105923;-1.421985;0.103765;2.850000;0.000000
66.565639;33.037520;10.908621;-1.400284;0.113429;2.850000;0.000000
66.765536;33.073649;10.712137;-1.376650;0.123155;2.850000;0.000000
66.965433;33.114594;10.516633;-1.351075;0.132886;2.850000;0.000000
67.165329;33.160716;10.322272;-1.323561;0.142544;2.850000;0.000000
67.365226;33.212377;10.129217;-1.294119;0.152031;2.850000;0.000000
67.565123;33.269939;9.937631;-1.262779;0.161224;2.850000;0.000000
67.765020;33.333758;9.747687;-1.230697;0.167505;2.850000;0.000000
67.964917;33.403683;9.559660;-1.202801;0.118866;2.850000;0.000000
68.164813;33.478243;9.372945;-1.183710;0.071130;2.850000;0.000000
68.364710;33.555563;9.187090;-1.174136;0.024035;2.850000;0.000000
68.564607;33.633767;9.001645;-1.174025;-0.022961;2.850000;0.000000
68.764504;33.710981;8.816157;-1.183403;-0.070496;2.850000;0.000000
68.964401;33.785331;8.630175;-1.202379;-0.119131;2.850000;0.000000
69.164297;33.854940;8.443249;-1.231117;-0.169156;2.850000;0.000000
69.364194;33.917934;8.254927;-1.269789;-0.220365;2.850000;0.000000
69.564091;33.972439;8.064758;-1.318497;-0.271785;2.850000;0.000000
69.763988;34.016589;7.872239;-1.376078;-0.317748;2.850000;0.000000
69.963885;34.049029;7.676401;-1.437077;-0.305978;2.850000;0.000000
70.163782;34.069549;7.478548;-1.496864;-0.294879;2.850000;0.000000
70.363678;34.078437;7.279366;-1.554672;-0.284775;2.850000;0.000000
70.563575;34.075983;7.079543;-1.610712;-0.275905;2.850000;0.000000
70.763472;34.062478;6.879766;-1.665224;-0.268439;2.850000;0.000000
70.963369;34.038211;6.680723;-1.718467;-0.262498;2.850000;0.000000
71.163266;34.003472;6.483101;-1.770713;-0.258170;2.850000;0.000000
71.363162;33.958552;6.287587;-1.822247;-0.255521;2.850000;0.000000
71.563059;33.903740;6.094869;-1.873351;-0.254608;2.850000;0.000000
71.762956;33.839350;5.905695;-1.923688;-0.252407;2.850000;0.000000
71.962853;33.765993;5.720869;-1.971250;-0.227824;2.850000;0.000000
72.162750;33.684404;5.539677;-2.013959;-0.201822;2.850000;0.000000
72.362646;33.595531;5.361737;-2.051465;-0.175205;2.850000;0.000000
72.562543;33.500323;5.186667;-2.083726;-0.148543;2.850000;0.000000
72.762440;33.399729;5.014084;-2.110765;-0.122189;2.850000;0.000000
72.962337;33.294697;4.843606;-2.132636;-0.096306;2.850000;0.000000
73.162234;33.186175;4.674849;-2.149408;-0.070916;2.850000;0.000000
73.362131;33.075113;4.507433;-2.161142;-0.045926;2.850000;0.000000
73.562027;32.962460;4.340973;-2.167885;-0.021171;2.850000;0.000000
73.761924;32.849171;4.175102;-2.170315;-0.000449;2.850000;0.000000
73.961821;32.735983;4.009591;-2.170734;-0.001183;2.850000;0.000000
74.161718;32.622896;3.844312;-2.171045;-0.001920;2.850000;0.000000
74.361615;32.509863;3.679248;-2.171503;-0.002659;2.850000;0.000000
74.561511;32.396837;3.514383;-2.172109;-0.003399;2.850000;0.000000
74.761408;32.283770;3.349699;-2.172862;-0.004139;2.850000;0.000000
74.961305;32.170617;3.185179;-2.173762;-0.004877;2.850000;0.000000
75.161202;32.057328;3.020806;-2.174809;-0.005612;2.850000;0.000000
75.361099;31.943858;2.856564;-2.176002;-0.006342;2.850000;0.000000
75.560995;31.830159;2.692435;-2.177340;-0.007067;2.850000;0.000000
75.760892;31.716189;2.528409;-2.178573;-0.006103;2.850000;0.000000
75.960789;31.602008;2.364450;-2.178884;0.002178;2.850000;0.000000
76.160686;31.487853;2.200377;-2.177623;0.010444;2.850000;0.000000
76.360583;31.374014;2.036025;-2.174709;0.018705;2.850000;0.000000
76.560480;31.260775;1.871229;-2.170143;0.026970;2.850000;0.000000
76.760376;31.148427;1.705823;-2.163922;0.035247;2.850000;0.000000
76.960273;31.037255;1.539642;-2.156046;0.043538;2.850000;0.000000
77.160170;30.927548;1.372521;-2.146513;0.051842;2.850000;0.000000
77.360067;30.819593;1.204293;-2.135319;0.060153;2.850000;0.000000
77.559964;30.713677;1.034795;-2.122469;0.068458;2.850000;0.000000
77.759860;30.610113;0.863902;-2.108125;0.075589;2.850000;0.000000
77.959757;30.509204;0.691607;-2.092779;0.078492;2.850000;0.000000
78.159654;30.410997;0.517732;-2.076812;0.081415;2.850000;0.000000
78.359551;30.315617;0.342261;-2.060259;0.084351;2.850000;0.000000
78.559448;30.223194;0.165181;-2.043115;0.087292;2.850000;0.000000
78.759344;30.133852;-0.013524;-2.025380;0.090229;2.850000;0.000000
78.959241;30.047719;-0.193867;-2.007054;0.093149;2.850000;0.000000
79.159138;29.964923;-0.375864;-1.988139;0.096042;2.850000;0.000000
79.359035;29.885589;-0.559529;-1.968637;0.098892;2.850000;0.000000
79.558932;29.809845;-0.744876;-1.948553;0.101686;2.850000;0.000000
79.758829;29.737813;-0.931934;-1.927723;0.105680;2.850000;0.000000
79.958725;29.669698;-1.120707;-1.905626;0.114153;2.850000;0.000000
80.158622;29.605913;-1.311034;-1.881823;0.123022;2.850000;0.000000
80.358519;29.546875;-1.502787;-1.856211;0.132296;2.850000;0.000000
80.558416;29.493002;-1.695838;-1.828726;0.141971;2.850000;0.000000
80.758313;29.444710;-1.890060;-1.799305;0.152022;2.850000;0.000000
80.958209;29.402418;-2.085327;-1.767893;0.162399;2.850000;0.000000
81.158106;29.366541;-2.281511;-1.734441;0.173027;2.850000;0.000000
81.358003;29.337499;-2.478485;-1.698912;0.183796;2.850000;0.000000
81.557900;29.315707;-2.676122;-1.661283;0.194561;2.850000;0.000000
81.757797;29.301576;-2.874399;-1.622171;0.200103;2.850000;0.000000
81.957694;29.295280;-3.073387;-1.583488;0.190135;2.850000;0.000000
82.157590;29.296522;-3.272594;-1.546608;0.180041;2.850000;0.000000
82.357487;29.304920;-3.471841;-1.511700;0.169983;2.850000;0.000000
82.557384;29.320091;-3.670950;-1.478742;0.160085;2.850000;0.000000
82.757281;29.341652;-3.869741;-1.447693;0.150442;2.850000;0.000000
82.957178;29.369222;-4.068038;-1.418506;0.141121;2.850000;0.000000
83.157074;29.402417;-4.265660;-1.391124;0.132164;2.850000;0.000000
83.356971;29.440855;-4.462429;-1.365486;0.123593;2.850000;0.000000
83.556868;29.484154;-4.658167;-1.341534;0.115414;2.850000;0.000000
83.756765;29.531916;-4.852633;-1.319181;0.107837;2.850000;0.000000
83.956662;29.583763;-5.045654;-1.298314;0.100799;2.850000;0.000000
84.156558;29.639448;-5.237456;-1.278900;0.093592;2.850000;0.000000
84.356455;29.698689;-5.428128;-1.260943;0.086265;2.850000;0.000000
84.556352;29.761207;-5.617758;-1.244456;0.078864;2.850000;0.000000
84.756249;29.826724;-5.806436;-1.229447;0.071423;2.850000;0.000000
84.956146;29.894959;-5.994252;-1.215919;0.063970;2.850000;0.000000
85.156043;29.965633;-6.181294;-1.203873;0.056525;2.850000;0.000000
85.355939;30.038467;-6.367651;-1.193306;0.049102;2.850000;0.000000
85.555836;30.113181;-6.553413;-1.184223;0.041711;2.850000;0.000000
85.755733;30.189506;-6.738705;-1.177278;0.028654;2.850000;0.000000
85.955630;30.266926;-6.923729;-1.174157;0.003436;2.850000;0.000000
86.155527;30.344469;-7.108689;-1.175996;-0.021782;2.850000;0.000000
86.355423;30.421156;-7.293872;-1.182900;-0.047122;2.850000;0.000000
86.555320;30.496010;-7.479569;-1.194890;-0.072682;2.850000;0.000000
86.755217;30.568052;-7.666068;-1.212001;-0.098505;2.850000;0.000000
86.955114;30.636304;-7.853658;-1.234264;-0.124552;2.850000;0.000000
87.155011;30.699788;-8.042628;-1.261699;-0.150662;2.850000;0.000000
87.354907;30.757526;-8.233268;-1.294294;-0.176526;2.850000;0.000000
87.554804;30.808540;-8.425867;-1.331953;-0.201655;2.850000;0.000000
87.754701;30.851826;-8.620548;-1.373618;-0.217351;2.850000;0.000000
87.954598;30.886707;-8.817142;-1.417067;-0.218546;2.850000;0.000000
88.154495;30.913016;-9.015445;-1.461024;-0.220890;2.850000;0.000000
88.354392;30.930549;-9.214928;-1.505609;-0.224337;2.850000;0.000000
88.554288;30.939103;-9.415065;-1.551005;-0.228837;2.850000;0.000000
88.754185;30.938474;-9.615326;-1.597391;-0.234332;2.850000;0.000000
88.954082;30.928459;-9.815184;-1.644936;-0.240746;2.850000;0.000000
89.153979;30.908854;-10.014110;-1.693794;-0.247983;2.850000;0.000000
89.353876;30.879456;-10.211578;-1.744110;-0.255915;2.850000;0.000000
89.553772;30.840061;-10.407057;-1.795983;-0.264379;2.850000;0.000000
89.753669;30.790486;-10.599970;-1.848769;-0.266393;2.850000;0.000000
89.953566;30.730822;-10.789868;-1.900772;-0.256531;2.850000;0.000000
90.153463;30.661494;-10.976592;-1.950904;-0.246656;2.850000;0.000000
90.353360;30.582979;-11.159902;-1.999147;-0.237026;2.850000;0.000000
90.553256;30.495755;-11.339557;-2.045579;-0.227848;2.850000;0.000000
90.753153;30.400296;-11.515318;-2.090303;-0.219281;2.850000;0.000000
90.953050;30.297081;-11.686945;-2.133441;-0.211447;2.850000;0.000000
91.152947;30.186586;-11.854197;-2.175129;-0.204436;2.850000;0.000000
91.352844;30.069287;-12.016836;-2.215513;-0.198315;2.850000;0.000000
91.552741;29.945660;-12.174620;-2.254796;-0.193133;2.850000;0.000000
91.752637;29.815877;-12.327655;-2.293357;-0.190654;2.850000;0.000000
91.952534;29.680037;-12.475913;-2.331739;-0.191578;2.850000;0.000000
92.152431;29.538842;-12.618581;-2.370317;-0.192725;2.850000;0.000000
92.352328;29.392484;-12.755457;-2.409081;-0.194094;2.850000;0.000000
92.552225;29.241156;-12.886335;-2.448081;-0.195676;2.850000;0.000000
92.752121;29.085050;-13.011014;-2.487360;-0.197460;2.850000;0.000000
92.952018;28.924359;-13.129288;-2.526964;-0.199428;2.850000;0.000000
93.151915;28.759275;-13.240956;-2.566932;-0.201559;2.850000;0.000000
93.351812;28.589992;-13.345812;-2.607304;-0.203826;2.850000;0.000000
93.551709;28.416702;-13.443654;-2.648053;-0.206197;2.850000;0.000000
93.751606;28.239857;-13.534165;-2.688216;-0.199018;2.850000;0.000000
93.951502;28.059828;-13.617532;-2.725700;-0.179019;2.850000;0.000000
94.151399;27.876670;-13.694568;-2.759267;-0.158790;2.850000;0.000000
94.351296;27.690765;-13.765936;-2.788883;-0.138644;2.850000;0.000000
94.551193;27.502499;-13.832301;-2.814575;-0.118782;2.850000;0.000000
94.751090;27.312254;-13.894326;-2.836392;-0.099307;2.850000;0.000000
94.950986;27.120416;-13.952674;-2.854390;-0.080240;2.850000;0.000000
95.150883;26.927367;-14.008009;-2.868623;-0.061540;2.850000;0.000000
95.350780;26.733493;-14.060996;-2.879139;-0.043119;2.850000;0.000000
95.550677;26.539176;-14.112297;-2.885990;-0.024853;2.850000;0.000000
95.750574;26.344844;-14.162557;-2.889767;-0.012258;2.850000;0.000000
95.950470;26.150713;-14.212244;-2.891626;-0.005991;2.850000;0.000000
96.150367;25.956756;-14.261639;-2.892194;0.000319;2.850000;0.000000
96.350264;25.762991;-14.310997;-2.891497;0.006660;2.850000;0.000000
96.550161;25.569438;-14.360577;-2.889531;0.013019;2.850000;0.000000
96.750058;25.376116;-14.410633;-2.886296;0.019382;2.850000;0.000000
96.949955;25.183044;-14.461422;-2.881792;0.025735;2.850000;0.000000
97.149851;24.990242;-14.513201;-2.876022;0.032063;2.850000;0.000000
97.349748;24.797729;-14.566226;-2.868992;0.038348;2.850000;0.000000
97.549645;24.605524;-14.620753;-2.860708;0.044570;2.850000;0.000000
97.749542;24.413681;-14.677029;-2.851163;0.050903;2.850000;0.000000
97.949439;24.222297;-14.735292;-2.840322;0.057458;2.850000;0.000000
98.149335;24.031513;-14.795779;-2.828159;0.064090;2.850000;0.000000
98.349232;23.841502;-14.858715;-2.814658;0.070812;2.850000;0.000000
98.549129;23.652442;-14.924323;-2.799805;0.077631;2.850000;0.000000
98.749026;23.464506;-14.992831;-2.783585;0.084548;2.850000;0.000000
98.948923;23.277871;-15.064462;-2.765982;0.091557;2.850000;0.000000
99.148819;23.092711;-15.139441;-2.746984;0.098647;2.850000;0.000000
99.348716;22.909202;-15.217995;-2.726578;0.105797;2.850000;0.000000
99.548613;22.727520;-15.300347;-2.704768;0.112978;2.850000;0.000000
99.748510;22.547625;-15.386818;-2.682095;0.114635;2.850000;0.000000
99.948407;22.369622;-15.477443;-2.659568;0.111214;2.850000;0.000000
100.148304;22.193693;-15.571991;-2.637699;0.107754;2.850000;0.000000
100.348200;22.019824;-15.670311;-2.616522;0.104277;2.850000;0.000000
100.548097;21.848003;-15.772254;-2.596035;0.100800;2.850000;0.000000
100.747994;21.678216;-15.877671;-2.576234;0.097339;2.850000;0.000000
100.947891;21.510449;-15.986411;-2.557116;0.093908;2.850000;0.000000
101.147788;21.344690;-16.098327;-2.538673;0.090518;2.850000;0.000000
101.347684;21.180924;-16.213267;-2.520896;0.087178;2.850000;0.000000
101.547581;21.019139;-16.331083;-2.503779;0.083897;2.850000;0.000000
101.747478;20.859500;-16.451491;-2.487195;0.081854;2.850000;0.000000
101.947375;20.701961;-16.574411;-2.470941;0.080729;2.850000;0.000000
102.147272;20.546399;-16.699879;-2.454917;0.079629;2.850000;0.000000
102.347168;20.392830;-16.827825;-2.439107;0.078555;2.850000;0.000000
102.547065;20.241269;-16.958185;-2.423507;0.077509;2.850000;0.000000
102.746962;20.091732;-17.090891;-2.408112;0.076494;2.850000;0.000000
102.946859;19.944233;-17.225875;-2.392916;0.075512;2.850000;0.000000
103.146756;19.798788;-17.363073;-2.377912;0.074563;2.850000;0.000000
103.346653;19.655412;-17.502416;-2.363096;0.073650;2.850000;0.000000
103.546549;19.514121;-17.643837;-2.348490;0.072774;2.850000;0.000000
103.746446;19.374941;-17.787243;-2.334560;0.067008;2.850000;0.000000
103.946343;19.237718;-17.932466;-2.322089;0.057899;2.850000;0.000000
104.146240;19.102178;-18.079276;-2.311432;0.048772;2.850000;0.000000
104.346137;18.968054;-18.227421;-2.302598;0.039642;2.850000;0.000000
104.546033;18.835083;-18.376653;-2.295586;0.030521;2.850000;0.000000
104.745930;18.703000;-18.526722;-2.290395;0.021411;2.850000;0.000000
104.945827;18.571540;-18.677379;-2.287023;0.012313;2.850000;0.000000
105.145724;18.440438;-18.828374;-2.285470;0.003222;2.850000;0.000000
105.345621;18.309430;-18.979457;-2.285734;-0.005866;2.850000;0.000000
105.545518;18.178251;-19.130380;-2.287773;-0.014958;2.850000;0.000000
105.745414;18.046638;-19.280917;-2.290948;-0.017330;2.850000;0.000000
105.945311;17.914517;-19.430987;-2.294233;-0.015623;2.850000;0.000000
106.145208;17.781941;-19.580630;-2.297185;-0.013914;2.850000;0.000000
106.345105;17.648960;-19.729892;-2.299796;-0.012203;2.850000;0.000000
106.545002;17.515623;-19.878819;-2.302064;-0.010491;2.850000;0.000000
106.744898;17.381981;-20.027459;-2.303990;-0.008778;2.850000;0.000000
106.944795;17.248084;-20.175859;-2.305574;-0.007065;2.850000;0.000000
107.144692;17.113980;-20.324066;-2.306814;-0.005351;2.850000;0.000000
107.344589;16.979720;-20.472127;-2.307713;-0.003636;2.850000;0.000000
107.544486;16.845354;-20.620089;-2.308274;-0.001922;2.850000;0.000000
107.744382;16.710922;-20.768005;-2.308577;-0.001040;2.850000;0.000000
107.944279;16.576454;-20.915899;-2.308742;-0.000610;2.850000;0.000000
108.144176;16.441967;-21.063777;-2.308821;-0.000179;2.850000;0.000000
108.344073;16.307474;-21.211652;-2.308814;0.000251;2.850000;0.000000
108.543970;16.172987;-21.359536;-2.308721;0.000681;2.850000;0.000000
108.743867;16.038517;-21.507440;-2.308542;0.001112;2.850000;0.000000
108.943763;15.904077;-21.655377;-2.308277;0.001542;2.850000;0.000000
109.143660;15.769680;-21.803359;-2.307925;0.001972;2.850000;0.000000
109.343557;15.635338;-21.951399;-2.307488;0.002402;2.850000;0.000000
109.543454;15.501062;-22.099507;-2.306968;0.002832;2.850000;0.000000
109.743351;15.366882;-22.247677;-2.306410;0.002790;2.850000;0.000000
109.943247;15.232789;-22.395916;-2.305880;0.002522;2.850000;0.000000
110.143144;15.098767;-22.544227;-2.305403;0.002253;2.850000;0.000000
110.343041;14.964809;-22.692601;-2.304979;0.001985;2.850000;0.000000
110.542938;14.830908;-22.841030;-2.304609;0.001717;2.850000;0.000000
110.742835;14.697058;-22.989506;-2.304293;0.001448;2.850000;0.000000
110.942731;14.563250;-23.138021;-2.304030;0.001180;2.850000;0.000000
111.142628;14.429479;-23.286565;-2.303821;0.000912;2.850000;0.000000
111.342525;14.295737;-23.435132;-2.303665;0.000644;2.850000;0.000000
111.542422;14.162017;-23.583713;-2.303562;0.000376;2.850000;0.000000
111.742319;14.028298;-23.732316;-2.303492;0.000309;2.850000;0.000000
111.942216;13.894587;-23.880930;-2.303428;0.000329;2.850000;0.000000
112.142112;13.760888;-24.029548;-2.303360;0.000349;2.850000;0.000000
112.342009;13.627204;-24.178173;-2.303288;0.000369;2.850000;0.000000
112.541906;13.493533;-24.326804;-2.303212;0.000389;2.850000;0.000000
112.741803;13.359876;-24.475442;-2.303133;0.000409;2.850000;0.000000
112.941700;13.226233;-24.624089;-2.303049;0.000429;2.850000;0.000000
113.141596;13.092605;-24.772745;-2.302961;0.000449;2.850000;0.000000
113.341493;12.958992;-24.921412;-2.302869;0.000469;2.850000;0.000000
113.541390;12.825394;-25.070090;-2.302776;0.000488;2.850000;0.000000
113.741287;12.691810;-25.218780;-2.302698;0.000305;2.850000;0.000000
113.941184;12.558236;-25.367478;-2.302663;0.000045;2.850000;0.000000
114.141080;12.424662;-25.516178;-2.302680;-0.000215;2.850000;0.000000
114.340977;12.291081;-25.664873;-2.302750;-0.000475;2.850000;0.000000
114.540874;12.157483;-25.813559;-2.302871;-0.000735;2.850000;0.000000
114.740771;12.023861;-25.962227;-2.303044;-0.000995;2.850000;0.000000
114.940668;11.890205;-26.110874;-2.303269;-0.001255;2.850000;0.000000
115.140565;11.756508;-26.259491;-2.303545;-0.001515;2.850000;0.000000
115.340461;11.622761;-26.408074;-2.303874;-0.001775;2.850000;0.000000
115.540358;11.488955;-26.556616;-2.304252;-0.002035;2.850000;0.000000
115.740255;11.355107;-26.705084;-2.304645;-0.001933;2.850000;0.000000
115.940152;11.221205;-26.853498;-2.305009;-0.001714;2.850000;0.000000
116.140049;11.087247;-27.001871;-2.305330;-0.001496;2.850000;0.000000
116.339945;10.953242;-27.150208;-2.305607;-0.001277;2.850000;0.000000
116.539842;10.819197;-27.298512;-2.305841;-0.001058;2.850000;0.000000
116.739739;10.685121;-27.446787;-2.306030;-0.000840;2.850000;0.000000
116.939636;10.551021;-27.595039;-2.306176;-0.000621;2.850000;0.000000
117.139533;10.416905;-27.743272;-2.306279;-0.000403;2.850000;0.000000
117.339429;10.282782;-27.891489;-2.306337;-0.000184;2.850000;0.000000
117.539326;10.148658;-28.039695;-2.306352;0.000034;2.850000;0.000000
117.739223;10.014518;-28.187923;-2.306316;0.000316;2.850000;0.000000
117.939120;9.880385;-28.336160;-2.306223;0.000615;2.850000;0.000000
118.139017;9.746277;-28.484407;-2.306070;0.000915;2.850000;0.000000
118.338914;9.612200;-28.632674;-2.305857;0.001214;2.850000;0.000000
118.538810;9.478163;-28.780969;-2.305584;0.001514;2.850000;0.000000
118.738707;9.344173;-28.929302;-2.305252;0.001814;2.850000;0.000000
118.938604;9.210239;-29.077682;-2.304859;0.002113;2.850000;0.000000
119.138501;9.076368;-29.226118;-2.304407;0.002413;2.850000;0.000000
119.338398;8.942568;-29.374619;-2.303895;0.002712;2.850000;0.000000
119.538294;8.808848;-29.523193;-2.303329;0.003011;2.850000;0.000000
119.738191;8.675216;-29.671846;-2.302758;0.002759;2.850000;0.000000
119.938088;8.541664;-29.820574;-2.302245;0.002373;2.850000;0.000000
120.137985;8.408181;-29.969368;-2.301810;0.001988;2.850000;0.000000
120.337882;8.274755;-30.118217;-2.301451;0.001602;2.850000;0.000000
120.537779;8.141375;-30.267110;-2.301169;0.001216;2.850000;0.000000
120.737675;8.008031;-30.416036;-2.300964;0.000831;2.850000;0.000000
120.937572;7.874711;-30.564985;-2.300837;0.000445;2.850000;0.000000
121.137469;7.741404;-30.713947;-2.300786;0.000060;2.850000;0.000000
121.337366;7.608098;-30.862910;-2.300813;-0.000326;2.850000;0.000000
121.537263;7.474784;-31.011863;-2.300912;-0.000712;2.850000;0.000000
121.737159;7.341450;-31.160799;-2.301050;-0.000712;2.850000;0.000000
121.937056;7.208096;-31.309714;-2.301185;-0.000635;2.850000;0.000000
122.136953;7.074724;-31.458611;-2.301304;-0.000557;2.850000;0.000000
122.336850;6.941335;-31.607494;-2.301408;-0.000480;2.850000;0.000000
122.536747;6.807933;-31.756363;-2.301496;-0.000402;2.850000;0.000000
122.736643;6.674518;-31.905222;-2.301568;-0.000324;2.850000;0.000000
122.936540;6.541094;-32.054072;-2.301625;-0.000247;2.850000;0.000000
123.136437;6.407662;-32.202916;-2.301667;-0.000169;2.850000;0.000000
123.336334;6.274225;-32.351755;-2.301693;-0.000092;2.850000;0.000000
123.536231;6.140784;-32.500594;-2.301704;-0.000014;2.850000;0.000000
123.736128;6.007344;-32.649429;-2.301703;0.000025;2.850000;0.000000
123.936024;5.873905;-32.798266;-2.301695;0.000059;2.850000;0.000000
124.135921;5.740467;-32.947104;-2.301680;0.000092;2.850000;0.000000
124.335818;5.607032;-33.095946;-2.301658;0.000125;2.850000;0.000000
124.535715;5.473600;-33.244791;-2.301630;0.000159;2.850000;0.000000
124.735612;5.340172;-33.393641;-2.301595;0.000192;2.850000;0.000000
124.935508;5.206751;-33.542496;-2.301553;0.000225;2.850000;0.000000
125.135405;5.073336;-33.691356;-2.301505;0.000259;2.850000;0.000000
125.335302;4.939929;-33.840223;-2.301450;0.000292;2.850000;0.000000
125.535199;4.806531;-33.989098;-2.301389;0.000325;2.850000;0.000000
125.735096;4.673140;-34.137983;-2.301334;0.000241;2.850000;0.000000
125.934992;4.539757;-34.286874;-2.301296;0.000141;2.850000;0.000000
126.134889;4.406379;-34.435768;-2.301278;0.000042;2.850000;0.000000
126.334786;4.273002;-34.584663;-2.301279;-0.000058;2.850000;0.000000
126.534683;4.139624;-34.733556;-2.301301;-0.000157;2.850000;0.000000
126.734580;4.006242;-34.882444;-2.301342;-0.000257;2.850000;0.000000
126.934477;3.872852;-35.031325;-2.301404;-0.000357;2.850000;0.000000
127.134373;3.739452;-35.180196;-2.301485;-0.000456;2.850000;0.000000
127.334270;3.606039;-35.329055;-2.301586;-0.000556;2.850000;0.000000
127.534167;3.472610;-35.477899;-2.301702;-0.000655;2.850000;0.000000
127.734064;3.339162;-35.626726;-2.301805;-0.000418;2.850000;0.000000
127.933961;3.205702;-35.775542;-2.301861;-0.000146;2.850000;0.000000
128.133857;3.072238;-35.924355;-2.301864;0.000125;2.850000;0.000000
128.333754;2.938777;-36.073170;-2.301812;0.000396;2.850000;0.000000
128.533651;2.805327;-36.221997;-2.301705;0.000667;2.850000;0.000000
128.733548;2.671897;-36.370843;-2.301545;0.000938;2.850000;0.000000
128.933445;2.538494;-36.519714;-2.301330;0.001209;2.850000;0.000000
129.133341;2.405126;-36.668618;-2.301061;0.001480;2.850000;0.000000
129.333238;2.271802;-36.817562;-2.300738;0.001751;2.850000;0.000000
129.533135;2.138528;-36.966555;-2.300378;0.002022;2.850000;0.000000
129.733032;2.005309;-37.115598;-2.300077;0.001152;2.850000;0.000000
129.932929;1.872124;-37.264672;-2.299942;0.000205;2.850000;0.000000
130.132826;1.738944;-37.413752;-2.299995;-0.000743;2.850000;0.000000
130.332722;1.605743;-37.562812;-2.300239;-0.001691;2.850000;0.000000
130.532619;1.472493;-37.711825;-2.300672;-0.002639;2.850000;0.000000
130.732516;1.339166;-37.860766;-2.301294;-0.003587;2.850000;0.000000
130.932413;1.205734;-38.009609;-2.302106;-0.004535;2.850000;0.000000
131.132310;1.072170;-38.158328;-2.303107;-0.005483;2.850000;0.000000
131.332206;0.938446;-38.306896;-2.304298;-0.006432;2.850000;0.000000
131.532103;0.804536;-38.455289;-2.305629;-0.007380;2.850000;0.000000
131.732000;0.670418;-38.603500;-2.306832;-0.005152;2.850000;0.000000
131.931897;0.536150;-38.751571;-2.307627;-0.002799;2.850000;0.000000
132.131794;0.401800;-38.899565;-2.307951;-0.000446;2.850000;0.000000
132.331691;0.267436;-39.047548;-2.307805;0.001907;2.850000;0.000000
132.531587;0.133126;-39.195585;-2.307189;0.004260;2.850000;0.000000
132.731484;-0.001061;-39.343740;-2.306102;0.006612;2.850000;0.000000
132.931381;-0.135056;-39.492077;-2.304545;0.008964;2.850000;0.000000
133.131278;-0.268793;-39.640662;-2.302519;0.011314;2.850000;0.000000
133.331175;-0.402202;-39.789559;-2.300022;0.013663;2.850000;0.000000
133.531071;-0.535215;-39.938832;-2.297199;0.016010;2.850000;0.000000
133.730968;-0.667772;-40.088470;-2.294786;0.009564;2.850000;0.000000
133.930865;-0.800053;-40.238372;-2.293527;0.003028;2.850000;0.000000
134.130762;-0.932248;-40.388359;-2.293575;-0.003508;2.850000;0.000000
134.330659;-1.064548;-40.538253;-2.294930;-0.010044;2.850000;0.000000
134.530555;-1.197142;-40.687874;-2.297591;-0.016582;2.850000;0.000000
134.730452;-1.330222;-40.837044;-2.301560;-0.023125;2.850000;0.000000
134.930349;-1.463977;-40.985583;-2.306837;-0.029673;2.850000;0.000000
135.130246;-1.598598;-41.133313;-2.313422;-0.036223;2.850000;0.000000
135.330143;-1.734276;-41.280054;-2.321316;-0.042772;2.850000;0.000000
135.530040;-1.871200;-41.425626;-2.330290;-0.049137;2.850000;0.000000
135.729936;-2.009442;-41.569858;-2.339251;-0.042639;2.850000;0.000000
135.929833;-2.148925;-41.712926;-2.347122;-0.036140;2.850000;0.000000
136.129730;-2.289462;-41.855006;-2.353695;-0.029644;2.850000;0.000000
136.329627;-2.430863;-41.996276;-2.358972;-0.023156;2.850000;0.000000
136.529524;-2.572939;-42.136913;-2.362953;-0.016675;2.850000;0.000000
136.729420;-2.715502;-42.277094;-2.365640;-0.010202;2.850000;0.000000
136.929317;-2.858363;-42.416995;-2.367033;-0.003733;2.850000;0.000000
137.129214;-3.001332;-42.556794;-2.367133;0.002734;2.850000;0.000000
137.329111;-3.144221;-42.696667;-2.365940;0.009202;2.850000;0.000000
137.529008;-3.286841;-42.836792;-2.363615;0.015377;2.850000;0.000000
137.728904;-3.429066;-42.977316;-2.360910;0.013016;2.850000;0.000000
137.928801;-3.570911;-43.118196;-2.358544;0.010652;2.850000;0.000000
138.128698;-3.712445;-43.259366;-2.356651;0.008287;2.850000;0.000000
138.328595;-3.853737;-43.400764;-2.355231;0.005920;2.850000;0.000000
138.528492;-3.994857;-43.542324;-2.354284;0.003553;2.850000;0.000000
138.728389;-4.135874;-43.683981;-2.353811;0.001185;2.850000;0.000000
138.928285;-4.276857;-43.825671;-2.353810;-0.001183;2.850000;0.000000
139.128182;-4.417875;-43.967330;-2.354283;-0.003551;2.850000;0.000000
139.328079;-4.558998;-44.108892;-2.355230;-0.005918;2.850000;0.000000
139.527976;-4.700295;-44.250295;-2.356551;-0.008009;2.850000;0.000000
139.727873;-4.841807;-44.391500;-2.357820;-0.005381;2.850000;0.000000
139.927769;-4.983477;-44.532558;-2.358633;-0.002753;2.850000;0.000000
140.127666;-5.125227;-44.673541;-2.358921;-0.000127;2.850000;0.000000
140.327563;-5.266981;-44.814521;-2.358683;0.002500;2.850000;0.000000
140.527460;-5.408660;-44.955567;-2.357921;0.005127;2.850000;0.000000
140.727357;-5.550188;-45.096751;-2.356633;0.007756;2.850000;0.000000
140.927253;-5.691486;-45.238145;-2.354820;0.010386;2.850000;0.000000
141.127150;-5.832479;-45.379820;-2.352481;0.013018;2.850000;0.000000
141.327047;-5.973088;-45.521846;-2.349616;0.015652;2.850000;0.000000
141.526944;-6.113241;-45.664300;-2.346346;0.017838;2.850000;0.000000
141.726841;-6.252951;-45.807277;-2.343181;0.014603;2.850000;0.000000
141.926738;-6.392233;-45.950650;-2.340586;0.011364;2.850000;0.000000
142.126634;-6.531182;-46.094332;-2.338638;0.008123;2.850000;0.000000
142.326531;-6.669895;-46.238236;-2.337339;0.004882;2.850000;0.000000
142.526428;-6.808468;-46.382277;-2.336687;0.001639;2.850000;0.000000
142.726325;-6.946998;-46.526367;-2.336683;-0.001603;2.850000;0.000000
142.926222;-7.085581;-46.670420;-2.337328;-0.004844;2.850000;0.000000
143.126118;-7.224314;-46.814349;-2.338620;-0.008083;2.850000;0.000000
143.326015;-7.363292;-46.958068;-2.340559;-0.011320;2.850000;0.000000
143.525912;-7.502608;-47.101484;-2.343098;-0.014334;2.850000;0.000000
143.725809;-7.642302;-47.244483;-2.346046;-0.015422;2.850000;0.000000
143.925706;-7.782450;-47.387065;-2.349239;-0.016512;2.850000;0.000000
144.125602;-7.923076;-47.529191;-2.352649;-0.017606;2.850000;0.000000
144.325499;-8.064202;-47.670822;-2.356279;-0.018702;2.850000;0.000000
144.525396;-8.205852;-47.811919;-2.360128;-0.019802;2.850000;0.000000
144.725293;-8.348050;-47.952445;-2.364197;-0.020906;2.850000;0.000000
144.925190;-8.490817;-48.092359;-2.368487;-0.022014;2.850000;0.000000
145.125087;-8.634178;-48.231624;-2.372998;-0.023126;2.850000;0.000000
145.324983;-8.778155;-48.370199;-2.377731;-0.024243;2.850000;0.000000
145.524880;-8.922777;-48.508052;-2.382560;-0.024693;2.850000;0.000000
145.724777;-9.068058;-48.645204;-2.387010;-0.020454;2.850000;0.000000
145.924674;-9.213882;-48.781747;-2.390672;-0.016206;2.850000;0.000000
146.124571;-9.360146;-48.917815;-2.393485;-0.011951;2.850000;0.000000
146.324467;-9.506745;-49.053544;-2.395447;-0.007694;2.850000;0.000000
146.524364;-9.653577;-49.189069;-2.396559;-0.003438;2.850000;0.000000
146.724261;-9.800536;-49.324525;-2.396821;0.000814;2.850000;0.000000
146.924158;-9.947519;-49.460048;-2.396234;0.005059;2.850000;0.000000
147.124055;-10.094422;-49.595772;-2.394799;0.009295;2.850000;0.000000
147.323952;-10.241141;-49.731832;-2.392517;0.013517;2.850000;0.000000
147.523848;-10.387569;-49.868360;-2.389760;0.015533;2.850000;0.000000
147.723745;-10.533668;-50.005352;-2.387838;0.005151;2.850000;0.000000
147.923642;-10.679666;-50.142533;-2.387844;-0.005211;2.850000;0.000000
148.123539;-10.825802;-50.279556;-2.389927;-0.015580;2.850000;0.000000
148.323436;-10.972316;-50.416076;-2.394088;-0.025986;2.850000;0.000000
148.523332;-11.119446;-50.551748;-2.400335;-0.036454;2.850000;0.000000
148.723229;-11.267431;-50.686224;-2.408678;-0.047002;2.850000;0.000000
148.923126;-11.416511;-50.819160;-2.419129;-0.057646;2.850000;0.000000
149.123023;-11.566925;-50.950209;-2.431700;-0.068389;2.850000;0.000000
149.322920;-11.718912;-51.079026;-2.446408;-0.079224;2.850000;0.000000
149.522816;-11.872816;-51.205350;-2.462933;-0.087806;2.850000;0.000000
149.722713;-12.029209;-51.329264;-2.480040;-0.085191;2.850000;0.000000
149.922610;-12.187580;-51.450424;-2.496754;-0.082429;2.850000;0.000000
150.122507;-12.347890;-51.568942;-2.512900;-0.079538;2.850000;0.000000
150.322404;-12.510097;-51.684930;-2.528463;-0.076538;2.850000;0.000000
150.522301;-12.674162;-51.798503;-2.543428;-0.073444;2.850000;0.000000
150.722197;-12.840045;-51.909772;-2.557783;-0.070274;2.850000;0.000000
150.922094;-13.007705;-52.018850;-2.571517;-0.067044;2.850000;0.000000
151.121991;-13.177102;-52.125851;-2.584622;-0.063769;2.850000;0.000000
151.321888;-13.348196;-52.230887;-2.597096;-0.060463;2.850000;0.000000
151.521785;-13.520893;-52.334036;-2.609668;-0.062738;2.850000;0.000000
151.721681;-13.695075;-52.435027;-2.624569;-0.083460;2.850000;0.000000
151.921578;-13.871008;-52.533117;-2.643513;-0.104667;2.850000;0.000000
152.121475;-14.048799;-52.627386;-2.666773;-0.126557;2.850000;0.000000
152.321372;-14.228552;-52.716911;-2.694461;-0.149254;2.850000;0.000000
152.521269;-14.410374;-52.800769;-2.726698;-0.172779;2.850000;0.000000
152.721165;-14.594370;-52.878040;-2.763598;-0.197021;2.850000;0.000000
152.921062;-14.780645;-52.947800;-2.805250;-0.221695;2.850000;0.000000
153.120959;-14.969306;-53.009128;-2.851688;-0.246305;2.850000;0.000000
153.320856;-15.160457;-53.061101;-2.902825;-0.270126;2.850000;0.000000
153.520753;-15.353968;-53.102759;-2.957296;-0.282568;2.850000;0.000000
153.720650;-15.549356;-53.133597;-3.011846;-0.269987;2.850000;0.000000
153.920546;-15.746711;-53.154004;-3.064233;-0.257911;2.850000;0.000000
154.120443;-15.945500;-53.164304;-3.114459;-0.246603;2.850000;0.000000
154.320340;-16.145193;-53.164819;3.120506;-0.236256;2.850000;0.000000
154.520237;-16.345256;-53.155873;3.074113;-0.227003;2.850000;0.000000
154.720134;-16.545158;-53.137788;3.029354;-0.218934;2.850000;0.000000
154.920030;-16.744368;-53.110888;2.986028;-0.212108;2.850000;0.000000
155.119927;-16.942352;-53.075496;2.943924;-0.206568;2.850000;0.000000
155.319824;-17.138580;-53.031934;2.902826;-0.202349;2.850000;0.000000
155.519721;-17.332529;-52.980523;2.862605;-0.198687;2.850000;0.000000
155.719618;-17.523848;-52.921570;2.823376;-0.193263;2.850000;0.000000
155.919514;-17.712435;-52.855377;2.785316;-0.187466;2.850000;0.000000
156.119411;-17.898239;-52.782238;2.748477;-0.181413;2.850000;0.000000
156.319308;-18.081210;-52.702446;2.712875;-0.175214;2.850000;0.000000
156.519205;-18.261297;-52.616295;2.678514;-0.168964;2.850000;0.000000
156.719102;-18.438450;-52.524080;2.645384;-0.162747;2.850000;0.000000
156.918999;-18.612619;-52.426093;2.613468;-0.156632;2.850000;0.000000
157.118895;-18.783753;-52.322630;2.582737;-0.150677;2.850000;0.000000
157.318792;-18.951801;-52.213983;2.553133;-0.144928;2.850000;0.000000
157.518689;-19.116935;-52.100288;2.524146;-0.143179;2.850000;0.000000
157.718586;-19.279248;-51.981476;2.494558;-0.150745;2.850000;0.000000
157.918483;-19.437784;-51.857875;2.463435;-0.158895;2.850000;0.000000
158.118379;-19.592099;-51.729437;2.430658;-0.167608;2.850000;0.000000
158.318276;-19.741749;-51.596114;2.396137;-0.176847;2.850000;0.000000
158.518173;-19.886289;-51.457857;2.359790;-0.186551;2.850000;0.000000
158.718070;-20.025276;-51.314618;2.321545;-0.196629;2.850000;0.000000
158.917967;-20.158266;-51.166349;2.281345;-0.206957;2.850000;0.000000
159.117864;-20.284813;-51.013001;2.239150;-0.217373;2.850000;0.000000
159.317760;-20.404475;-50.854525;2.194985;-0.227671;2.850000;0.000000
159.517657;-20.516714;-50.691029;2.149883;-0.228507;2.850000;0.000000
159.717554;-20.621373;-50.522808;2.106303;-0.212041;2.850000;0.000000
159.917451;-20.719041;-50.350031;2.065866;-0.195338;2.850000;0.000000
160.117348;-20.810154;-50.173159;2.028648;-0.178734;2.850000;0.000000
160.317244;-20.895147;-49.992655;1.994609;-0.162464;2.850000;0.000000
160.517141;-20.974455;-49.808979;1.963685;-0.146682;2.850000;0.000000
160.717038;-21.048514;-49.622594;1.935795;-0.131466;2.850000;0.000000
160.916935;-21.117758;-49.433961;1.910851;-0.116835;2.850000;0.000000
161.116832;-21.182622;-49.243541;1.888766;-0.102763;2.850000;0.000000
161.316728;-21.243542;-49.051796;1.869448;-0.089184;2.850000;0.000000
161.516625;-21.300954;-48.859172;1.852341;-0.080466;2.850000;0.000000
161.716522;-21.355142;-48.665940;1.836283;-0.079091;2.850000;0.000000
161.916419;-21.406184;-48.472160;1.820577;-0.077650;2.850000;0.000000
162.116316;-21.454146;-48.277854;1.805185;-0.076149;2.850000;0.000000
162.316213;-21.499097;-48.083043;1.790115;-0.074594;2.850000;0.000000
162.516109;-21.541103;-47.887747;1.775374;-0.072992;2.850000;0.000000
162.716006;-21.580232;-47.691990;1.760965;-0.071348;2.850000;0.000000
162.915903;-21.616553;-47.495791;1.746896;-0.069669;2.850000;0.000000
163.115800;-21.650131;-47.299172;1.733169;-0.067959;2.850000;0.000000
163.315697;-21.681036;-47.102154;1.719799;-0.066224;2.850000;0.000000
163.515593;-21.709328;-46.904831;1.707078;-0.061714;2.850000;0.000000
163.715490;-21.735189;-46.707254;1.695649;-0.053188;2.850000;0.000000
163.915387;-21.758965;-46.509338;1.685899;-0.044634;2.850000;0.000000
164.115284;-21.780991;-46.311099;1.677850;-0.036076;2.850000;0.000000
164.315181;-21.801605;-46.112554;1.671502;-0.027531;2.850000;0.000000
164.515077;-21.821145;-45.913720;1.666853;-0.019011;2.850000;0.000000
164.714974;-21.839947;-45.714616;1.663900;-0.010528;2.850000;0.000000
164.914871;-21.858351;-45.515257;1.662638;-0.002087;2.850000;0.000000
165.114768;-21.876691;-45.315661;1.663061;0.006307;2.850000;0.000000
165.314665;-21.895307;-45.115846;1.665181;0.014647;2.850000;0.000000
165.514562;-21.914550;-44.915744;1.669508;0.027870;2.850000;0.000000
165.714458;-21.934957;-44.715476;1.677145;0.047677;2.850000;0.000000
165.914355;-21.957281;-44.515456;1.688753;0.067704;2.850000;0.000000
166.114252;-21.982298;-44.315994;1.704410;0.088099;2.850000;0.000000
166.314149;-22.010786;-44.117399;1.724174;0.108967;2.850000;0.000000
166.514046;-22.043519;-43.919980;1.748116;0.130350;2.850000;0.000000
166.713942;-22.081275;-43.724045;1.776305;0.152206;2.850000;0.000000
166.913839;-22.124831;-43.529903;1.808798;0.174389;2.850000;0.000000
167.113736;-22.174963;-43.337865;1.845624;0.196620;2.850000;0.000000
167.313633;-22.232446;-43.148238;1.886659;0.218469;2.850000;0.000000
167.513530;-22.297951;-42.961527;1.929465;0.216133;2.850000;0.000000
167.713426;-22.371337;-42.777749;1.969146;0.185819;2.850000;0.000000
167.913323;-22.451651;-42.596314;2.003005;0.155449;2.850000;0.000000
168.113220;-22.537815;-42.416857;2.030965;0.125495;2.850000;0.000000
168.313117;-22.628749;-42.239016;2.053097;0.096177;2.850000;0.000000
168.513014;-22.723373;-42.062427;2.069489;0.067523;2.850000;0.000000
168.712911;-22.820608;-41.886726;2.080222;0.039423;2.850000;0.000000
168.912807;-22.919374;-41.711551;2.085357;0.011677;2.850000;0.000000
169.112704;-23.018592;-41.536536;2.084926;-0.015964;2.850000;0.000000
169.312601;-23.117182;-41.361321;2.078983;-0.043763;2.850000;0.000000
169.512498;-23.214155;-41.185423;2.069187;-0.055274;2.850000;0.000000
169.712395;-23.309092;-41.008683;2.058939;-0.047818;2.850000;0.000000
169.912291;-23.402181;-40.831328;2.050119;-0.040238;2.850000;0.000000
170.112188;-23.493719;-40.653460;2.042836;-0.032560;2.850000;0.000000
170.312085;-23.584008;-40.475177;2.037103;-0.024809;2.850000;0.000000
170.511982;-23.673347;-40.296580;2.032928;-0.017005;2.850000;0.000000
170.711879;-23.762035;-40.117770;2.030316;-0.009165;2.850000;0.000000
170.911775;-23.850372;-39.938846;2.029271;-0.001307;2.850000;0.000000
171.111672;-23.938658;-39.759908;2.029794;0.006554;2.850000;0.000000
171.311569;-24.027192;-39.581056;2.031867;0.014403;2.850000;0.000000
171.511466;-24.116265;-39.402394;2.035021;0.017593;2.850000;0.000000
171.711363;-24.205996;-39.223964;2.038350;0.015948;2.850000;0.000000
171.911260;-24.296332;-39.045749;2.041373;0.014312;2.850000;0.000000
172.111156;-24.387207;-38.867734;2.044071;0.012683;2.850000;0.000000
172.311053;-24.478558;-38.689902;2.046444;0.011059;2.850000;0.000000
172.510950;-24.570319;-38.512241;2.048493;0.009440;2.850000;0.000000
172.710847;-24.662425;-38.334733;2.050220;0.007825;2.850000;0.000000
172.910744;-24.754812;-38.157363;2.051623;0.006213;2.850000;0.000000
173.110640;-24.847414;-37.980117;2.052705;0.004603;2.850000;0.000000
173.310537;-24.940168;-37.802979;2.053462;0.002993;2.850000;0.000000
173.510434;-25.033028;-37.625896;2.053846;0.000889;2.850000;0.000000
173.710331;-25.125916;-37.448832;2.053764;-0.001691;2.850000;0.000000
173.910228;-25.218727;-37.271770;2.053168;-0.004273;2.850000;0.000000
174.110125;-25.311374;-37.094654;2.052056;-0.006856;2.850000;0.000000
174.310021;-25.403769;-36.917428;2.050428;-0.009439;2.850000;0.000000
174.509918;-25.495825;-36.740037;2.048283;-0.012020;2.850000;0.000000
174.709815;-25.587455;-36.562425;2.045623;-0.014600;2.850000;0.000000
174.909712;-25.678571;-36.384537;2.042448;-0.017175;2.850000;0.000000
175.109609;-25.769087;-36.206317;2.038758;-0.019745;2.850000;0.000000
175.309505;-25.858914;-36.027709;2.034573;-0.022307;2.850000;0.000000
175.509402;-25.947949;-35.848707;2.030275;-0.020998;2.850000;0.000000
175.709299;-26.036239;-35.669331;2.026553;-0.016351;2.850000;0.000000
175.909196;-26.123958;-35.489634;2.023747;-0.011713;2.850000;0.000000
176.109093;-26.211264;-35.309716;2.021868;-0.007082;2.850000;0.000000
176.308989;-26.298315;-35.129672;2.020914;-0.002453;2.850000;0.000000
176.508886;-26.385272;-34.949600;2.020887;0.002176;2.850000;0.000000
176.708783;-26.472292;-34.769596;2.021785;0.006811;2.850000;0.000000
176.908680;-26.559534;-34.589759;2.023610;0.011454;2.850000;0.000000
177.108577;-26.647157;-34.410184;2.026364;0.016108;2.850000;0.000000
177.308474;-26.735319;-34.230969;2.030028;0.020778;2.850000;0.000000
177.508370;-26.824217;-34.052120;2.034232;0.021613;2.850000;0.000000
177.708267;-26.913879;-33.873660;2.038313;0.019368;2.850000;0.000000
177.908164;-27.004210;-33.695589;2.041955;0.017105;2.850000;0.000000
178.108061;-27.095145;-33.517834;2.045143;0.014830;2.850000;0.000000
178.307958;-27.186619;-33.340324;2.047876;0.012546;2.850000;0.000000
178.507854;-27.278568;-33.162987;2.050154;0.010256;2.850000;0.000000
178.707751;-27.370925;-32.985749;2.051975;0.007966;2.850000;0.000000
178.907648;-27.463627;-32.808541;2.053339;0.005677;2.850000;0.000000
179.107545;-27.556609;-32.631288;2.054246;0.003394;2.850000;0.000000
179.307442;-27.649805;-32.453919;2.054697;0.001121;2.850000;0.000000
179.507338;-27.743107;-32.276445;2.054660;-0.001458;2.850000;0.000000
179.707235;-27.836413;-32.098834;2.054087;-0.004250;2.850000;0.000000
179.907132;-27.929605;-31.921075;2.052953;-0.007047;2.850000;0.000000
180.107029;-28.022532;-31.743209;2.051257;-0.009860;2.850000;0.000000
180.306926;-28.115044;-31.565280;2.048995;-0.012704;2.850000;0.000000
180.506823;-28.206992;-31.387331;2.046162;-0.015592;2.850000;0.000000
180.706719;-28.298226;-31.209404;2.042750;-0.018539;2.850000;0.000000
180.906616;-28.388595;-31.031543;2.038751;-0.021557;2.850000;0.000000
181.106513;-28.477951;-30.853791;2.034155;-0.024662;2.850000;0.000000
181.306410;-28.566143;-30.676190;2.028996;-0.027869;2.850000;0.000000
181.506307;-28.653061;-30.498749;2.024016;-0.023139;2.850000;0.000000
181.706203;-28.738937;-30.321401;2.020466;-0.013000;2.850000;0.000000
181.906100;-28.824275;-30.144010;2.018919;-0.002714;2.850000;0.000000
182.105997;-28.909593;-29.966416;2.019397;0.007548;2.850000;0.000000
182.305894;-28.995412;-29.788459;2.021885;0.017613;2.850000;0.000000
182.505791;-29.082249;-29.609982;2.026349;0.027317;2.850000;0.000000
182.705687;-29.170625;-29.430824;2.032730;0.036506;2.850000;0.000000
182.905584;-29.261059;-29.250826;2.040952;0.045042;2.850000;0.000000
183.105481;-29.354068;-29.069830;2.050916;0.052805;2.850000;0.000000
183.305378;-29.450173;-28.887677;2.062674;0.059694;2.850000;0.000000
183.505275;-29.550289;-28.703611;2.078069;0.085586;2.850000;-1.922308
183.705172;-29.654845;-28.519419;2.100299;0.124430;2.711821;-1.909456
183.905068;-29.764201;-28.338105;2.131174;0.167701;2.567213;-1.724500
184.104965;-29.878939;-28.162283;2.171616;0.218375;2.429226;-1.533012
184.304862;-29.999639;-27.994570;2.222948;0.279636;2.299620;-1.322404
184.504759;-30.126883;-27.837581;2.286893;0.354699;2.181642;-1.079137
184.704656;-30.261251;-27.693932;2.365499;0.446040;2.080416;-0.787653
184.904552;-30.403324;-27.566237;2.460890;0.553494;2.003305;-0.432192
185.104449;-30.553683;-27.457113;2.574740;0.670853;1.959705;-0.008560
185.304346;-30.712909;-27.369175;2.707432;0.781856;1.958832;-0.008560
185.504243;-30.883680;-27.304105;2.847554;0.758925;1.957958;0.082033
185.704140;-31.064062;-27.262840;2.979894;0.670914;1.966316;0.397353
185.904037;-31.251607;-27.244087;3.097769;0.577943;2.006304;0.664652
186.103933;-31.444686;-27.246149;-3.082083;0.492198;2.071468;0.878416
186.303830;-31.641669;-27.267327;-2.991866;0.419139;2.154568;1.043933
186.503727;-31.840929;-27.305924;-2.912891;0.359885;2.249338;1.167865
186.703624;-32.040836;-27.360243;-2.843225;0.313468;2.350836;1.255315
186.903521;-32.239762;-27.428585;-2.781060;0.278245;2.455259;1.309208
187.103417;-32.436077;-27.509253;-2.724776;0.252635;2.559630;1.330193
187.303314;-32.628154;-27.600549;-2.674209;0.235436;2.661486;1.316484
187.503211;-32.811264;-27.698602;-2.632213;0.171887;2.758592;1.282331
187.703108;-32.989750;-27.802517;-2.603510;0.105747;2.850000;0.000000
187.903005;-33.164862;-27.909638;-2.588713;0.038152;2.850000;0.000000
188.102901;-33.337760;-28.017265;-2.588031;-0.031879;2.850000;-1.436615
188.302798;-33.509609;-28.122698;-2.601849;-0.105790;2.747390;-1.748890
188.502695;-33.681569;-28.223235;-2.630731;-0.184902;2.617051;-1.308694
188.702592;-33.854804;-28.316176;-2.675348;-0.269599;2.515104;-0.872629
188.902489;-34.030477;-28.398823;-2.736279;-0.358164;2.444765;-0.426841
189.102386;-34.209750;-28.468473;-2.813643;-0.445403;2.409612;-0.012941
189.302282;-34.393727;-28.522413;-2.904269;-0.517147;2.408538;-0.012941
189.502179;-34.581795;-28.558464;-2.997856;-0.471663;2.407464;0.253369
189.702076;-34.774406;-28.577511;-3.084890;-0.426932;2.428410;0.469154
189.901973;-34.970366;-28.580521;3.118630;-0.385744;2.466727;0.639273
190.101870;-35.168479;-28.568460;3.045651;-0.349590;2.517999;0.769346
190.301766;-35.367550;-28.542297;2.978534;-0.319058;2.578352;0.864106
190.501663;-35.566382;-28.502998;2.916399;-0.294212;2.644497;0.926869
190.701560;-35.763780;-28.451529;2.858370;-0.274871;2.713654;0.959442
190.901457;-35.958550;-28.388858;2.803586;-0.260802;2.783433;0.937992
191.101354;-36.149494;-28.315952;2.751211;-0.251842;2.850000;0.000000
191.301250;-36.335452;-28.233762;2.700322;-0.247917;2.850000;0.000000
191.501147;-36.516492;-28.142607;2.650696;-0.243190;2.850000;0.000000
191.701044;-36.691493;-28.043444;2.602419;-0.236495;2.850000;0.000000
191.900941;-36.860663;-27.936687;2.555918;-0.228129;2.850000;0.000000
192.100838;-37.024212;-27.822748;2.511389;-0.218420;2.850000;0.000000
192.300735;-37.182350;-27.702040;2.468982;-0.207696;2.850000;0.000000
192.500631;-37.335286;-27.574975;2.428806;-0.196267;2.850000;0.000000
192.700528;-37.483228;-27.441966;2.390928;-0.184411;2.850000;0.000000
192.900425;-37.626386;-27.303425;2.355382;-0.172365;2.850000;0.000000
193.100322;-37.764970;-27.159765;2.322179;-0.160320;2.850000;0.000000
193.300219;-37.899147;-27.011447;2.291054;-0.149560;2.850000;0.000000
193.500115;-38.028583;-26.859360;2.260668;-0.152321;2.850000;0.000000
193.700012;-38.153530;-26.703150;2.229867;-0.155631;2.850000;0.000000
193.899909;-38.273662;-26.542973;2.198321;-0.159474;2.850000;0.000000
194.099806;-38.388655;-26.378987;2.165943;-0.163833;2.850000;0.000000
194.299703;-38.498184;-26.211347;2.132647;-0.168686;2.850000;0.000000
194.499599;-38.601925;-26.040211;2.098354;-0.174007;2.850000;0.000000
194.699496;-38.699553;-25.865734;2.062985;-0.179760;2.850000;0.000000
194.899393;-38.790742;-25.688073;2.026470;-0.185899;2.850000;0.000000
195.099290;-38.875169;-25.507385;1.988740;-0.192365;2.850000;0.000000
195.299187;-38.952523;-25.323790;1.949982;-0.197920;2.850000;0.000000
195.499084;-39.022710;-25.137116;1.911345;-0.191479;2.850000;0.000000
195.698980;-39.085698;-24.947966;1.873825;-0.184810;2.850000;0.000000
195.898877;-39.141687;-24.756582;1.837641;-0.178032;2.850000;0.000000
196.098774;-39.190877;-24.563207;1.802788;-0.171247;2.850000;0.000000
196.298671;-39.233468;-24.368082;1.769251;-0.164545;2.850000;0.000000
196.498568;-39.269660;-24.171452;1.737004;-0.157996;2.850000;0.000000
196.698464;-39.299652;-23.973557;1.706011;-0.151659;2.850000;0.000000
196.898361;-39.323644;-23.774641;1.676232;-0.145579;2.850000;0.000000
197.098258;-39.341836;-23.574946;1.647624;-0.139790;2.850000;0.000000
197.298155;-39.354425;-23.374777;1.620036;-0.134960;2.850000;0.000000
197.498052;-39.361557;-23.174756;1.592920;-0.135068;2.850000;0.000000
197.697949;-39.363279;-22.974607;1.565855;-0.135350;2.850000;0.000000
197.897845;-39.359579;-22.774507;1.538719;-0.135806;2.850000;0.000000
198.097742;-39.350445;-22.574628;1.511482;-0.136432;2.850000;0.000000
198.297639;-39.335863;-22.375144;1.484112;-0.137226;2.850000;0.000000
198.497536;-39.315823;-22.176231;1.456579;-0.138185;2.850000;0.000000
198.697433;-39.290312;-21.978061;1.428855;-0.139306;2.850000;0.000000
198.897329;-39.259317;-21.780809;1.400910;-0.140582;2.850000;0.000000
199.097226;-39.222826;-21.584649;1.372699;-0.142008;2.850000;0.000000
199.297123;-39.180777;-21.389537;1.344020;-0.144000;2.850000;0.000000
199.497020;-39.132775;-21.194387;1.314634;-0.149172;2.850000;0.000000
199.696917;-39.079009;-21.000988;1.284137;-0.154660;2.850000;0.000000
199.896813;-39.019352;-20.809613;1.252553;-0.160433;2.850000;0.000000
200.096710;-38.953673;-20.620535;1.219835;-0.166452;2.850000;0.000000
200.296607;-38.881843;-20.434027;1.185942;-0.172667;2.850000;0.000000
200.496504;-38.803733;-20.250362;1.150840;-0.179014;2.850000;0.000000
200.696401;-38.719214;-20.069813;1.114507;-0.185419;2.850000;0.000000
200.896298;-38.628156;-19.892653;1.076930;-0.191788;2.850000;0.000000
201.096194;-38.530431;-19.719154;1.038136;-0.198018;2.850000;0.000000
201.296091;-38.426047;-19.549802;0.998797;-0.199591;2.850000;0.000000
201.495988;-38.315464;-19.385247;0.960702;-0.185286;2.850000;0.000000
201.695885;-38.198693;-19.224573;0.925320;-0.170915;2.850000;0.000000
201.895782;-38.076250;-19.067603;0.892708;-0.156686;2.850000;0.000000
202.095678;-37.948652;-18.914157;0.862829;-0.142746;2.850000;0.000000
202.295575;-37.816415;-18.764057;0.835631;-0.129188;2.850000;0.000000
202.495472;-37.680055;-18.617124;0.811052;-0.116058;2.850000;0.000000
202.695369;-37.540090;-18.473178;0.789028;-0.103362;2.850000;0.000000
202.895266;-37.397036;-18.332043;0.769493;-0.091075;2.850000;0.000000
203.095162;-37.251409;-18.193537;0.752390;-0.079147;2.850000;0.000000
203.295059;-37.103740;-18.057497;0.737628;-0.067826;2.850000;0.000000
203.494956;-36.954492;-17.923714;0.725065;-0.057409;2.850000;0.000000
203.694853;-36.803895;-17.791813;0.714626;-0.046861;2.850000;0.000000
203.894750;-36.652203;-17.661447;0.706317;-0.036221;2.850000;0.000000
204.094647;-36.499674;-17.532269;0.700146;-0.025517;2.850000;0.000000
204.294543;-36.346562;-17.403933;0.696121;-0.014771;2.850000;0.000000
204.494440;-36.193125;-17.276092;0.694246;-0.003999;2.850000;0.000000
204.694337;-36.039616;-17.148400;0.694525;0.006787;2.850000;0.000000
204.894234;-35.886293;-17.020511;0.696956;0.017573;2.850000;0.000000
205.094131;-35.733411;-16.892077;0.701534;0.028346;2.850000;0.000000
205.294027;-35.581248;-16.762774;0.707690;0.034363;2.850000;0.000000
205.493924;-35.429956;-16.632464;0.713895;0.028758;2.850000;0.000000
205.693821;-35.279362;-16.501242;0.719081;0.023165;2.850000;0.000000
205.893718;-35.129326;-16.369280;0.723152;0.017583;2.850000;0.000000
206.093615;-34.979709;-16.236750;0.726110;0.012013;2.850000;0.000000
206.293511;-34.830371;-16.103827;0.727955;0.006453;2.850000;0.000000
206.493408;-34.681173;-15.970682;0.728690;0.000899;2.850000;0.000000
206.693305;-34.531974;-15.837490;0.728315;-0.004649;2.850000;0.000000
206.893202;-34.382637;-15.704422;0.726831;-0.010196;2.850000;0.000000
207.093099;-34.233020;-15.571652;0.724242;-0.015743;2.850000;0.000000
207.292996;-34.083013;-15.439375;0.720882;-0.018389;2.850000;0.000000
207.492892;-33.932592;-15.307687;0.717616;-0.014767;2.850000;0.000000
207.692789;-33.781785;-15.176445;0.715026;-0.011144;2.850000;0.000000
207.892686;-33.630688;-15.045541;0.713161;-0.007521;2.850000;0.000000
208.092583;-33.479396;-14.914867;0.712019;-0.003898;2.850000;0.000000
208.292480;-33.328008;-14.784314;0.711602;-0.000275;2.850000;0.000000
208.492376;-33.176618;-14.653775;0.711910;0.003349;2.850000;0.000000
208.692273;-33.025324;-14.523142;0.712941;0.006974;2.850000;0.000000
208.892170;-32.874221;-14.392306;0.714698;0.010601;2.850000;0.000000
209.092067;-32.723406;-14.261159;0.717176;0.014229;2.850000;0.000000
209.291964;-32.572952;-14.129574;0.720184;0.016148;2.850000;0.000000
209.491860;-32.422882;-13.997481;0.723245;0.014723;2.850000;0.000000
209.691757;-32.273210;-13.864954;0.726046;0.013296;2.850000;0.000000
209.891654;-32.123897;-13.732035;0.728561;0.011869;2.850000;0.000000
210.091551;-31.974904;-13.598767;0.730791;0.010441;2.850000;0.000000
210.291448;-31.826193;-13.465191;0.732735;0.009013;2.850000;0.000000
210.491345;-31.677726;-13.331350;0.734394;0.007584;2.850000;0.000000
210.691241;-31.529465;-13.197286;0.735767;0.006156;2.850000;0.000000
210.891138;-31.381372;-13.063043;0.736855;0.004727;2.850000;0.000000
211.091035;-31.233407;-12.928661;0.737656;0.003298;2.850000;0.000000
211.290932;-31.085532;-12.794183;0.738127;0.001474;2.850000;0.000000
211.490829;-30.937695;-12.659663;0.738166;-0.001040;2.850000;0.000000
211.690725;-30.789831;-12.525174;0.737707;-0.003553;2.850000;0.000000
211.890622;-30.641871;-12.390790;0.736746;-0.006066;2.850000;0.000000
212.090519;-30.493746;-12.256584;0.735282;-0.008579;2.850000;0.000000
212.290416;-30.345388;-12.122630;0.733316;-0.011091;2.850000;0.000000
212.490313;-30.196729;-11.989000;0.730848;-0.013603;2.850000;0.000000
212.690210;-30.047699;-11.855767;0.727878;-0.016112;2.850000;0.000000
212.890106;-29.898231;-11.723007;0.724406;-0.018620;2.850000;0.000000
213.090003;-29.748255;-11.590791;0.720441;-0.021124;2.850000;0.000000
213.289900;-29.597739;-11.459221;0.716279;-0.020851;2.850000;0.000000
213.489797;-29.446716;-11.328300;0.712597;-0.016256;2.850000;0.000000
213.689694;-29.295250;-11.197854;0.709806;-0.011667;2.850000;0.000000
213.889590;-29.143466;-11.067750;0.707932;-0.007080;2.850000;0.000000
214.089487;-28.991490;-10.937854;0.706975;-0.002497;2.850000;0.000000
214.289384;-28.839446;-10.808031;0.706934;0.002086;2.850000;0.000000
214.489281;-28.687460;-10.678148;0.707809;0.006670;2.850000;0.000000
214.689178;-28.535657;-10.548071;0.709601;0.011256;2.850000;0.000000
214.889074;-28.384162;-10.417665;0.712310;0.015846;2.850000;0.000000
215.088971;-28.233100;-10.286797;0.715928;0.020441;2.850000;0.000000
215.288868;-28.082559;-10.155304;0.720136;0.022002;2.850000;0.000000
215.488765;-27.932559;-10.023130;0.724230;0.019212;2.850000;0.000000
215.688662;-27.783084;-9.890394;0.727791;0.016418;2.850000;0.000000
215.888559;-27.634054;-9.757178;0.730794;0.013621;2.850000;0.000000
216.088455;-27.485394;-9.623561;0.733237;0.010822;2.850000;0.000000
216.288352;-27.337026;-9.489625;0.735120;0.008023;2.850000;0.000000
216.488249;-27.188872;-9.355451;0.736444;0.005222;2.850000;0.000000
216.688146;-27.040855;-9.221120;0.737208;0.002422;2.850000;0.000000
216.888043;-26.892898;-9.086712;0.737412;-0.000378;2.850000;0.000000
217.087939;-26.744922;-8.952308;0.737060;-0.003177;2.850000;0.000000
217.287836;-26.596872;-8.818006;0.736263;-0.004905;2.850000;0.000000
217.487733;-26.448707;-8.683859;0.735254;-0.005260;2.850000;0.000000
217.687630;-26.300391;-8.549861;0.734167;-0.005615;2.850000;0.000000
217.887527;-26.151919;-8.416023;0.733010;-0.005970;2.850000;0.000000
218.087423;-26.003281;-8.282357;0.731781;-0.006325;2.850000;0.000000
218.287320;-25.854470;-8.148876;0.730481;-0.006681;2.850000;0.000000
218.487217;-25.705479;-8.015591;0.729110;-0.007036;2.850000;0.000000
218.687114;-25.556299;-7.882515;0.727667;-0.007392;2.850000;0.000000
218.887011;-25.406923;-7.749659;0.726154;-0.007748;2.850000;0.000000
219.086908;-25.257343;-7.617037;0.724572;-0.008105;2.850000;0.000000
219.286804;-25.107552;-7.484659;0.722999;-0.007700;2.850000;0.000000
219.486701;-24.957560;-7.352512;0.721594;-0.006406;2.850000;0.000000
219.686598;-24.807402;-7.220560;0.720442;-0.005112;2.850000;0.000000
219.886495;-24.657111;-7.088763;0.719550;-0.003818;2.850000;0.000000
220.086392;-24.506720;-6.957081;0.718916;-0.002524;2.850000;0.000000
220.286288;-24.356263;-6.825475;0.718541;-0.001229;2.850000;0.000000
220.486185;-24.205773;-6.693905;0.718425;0.000065;2.850000;0.000000
220.686082;-24.055284;-6.562334;0.718567;0.001359;2.850000;0.000000
220.885979;-23.904829;-6.430720;0.718968;0.002654;2.850000;0.000000
221.085876;-23.754443;-6.299024;0.719625;0.003948;2.850000;0.000000
221.285772;-23.604156;-6.167208;0.720467;0.004537;2.850000;0.000000
221.485669;-23.453986;-6.035255;0.721355;0.004378;2.850000;0.000000
221.685566;-23.303930;-5.903168;0.722214;0.004218;2.850000;0.000000
221.885463;-23.153985;-5.770956;0.723041;0.004059;2.850000;0.000000
222.085360;-23.004149;-5.638623;0.723837;0.003900;2.850000;0.000000
222.285257;-22.854419;-5.506176;0.724600;0.003740;2.850000;0.000000
222.485153;-22.704792;-5.373620;0.725332;0.003582;2.850000;0.000000
222.685050;-22.555264;-5.240961;0.726032;0.003423;2.850000;0.000000
222.884947;-22.405834;-5.108206;0.726701;0.003264;2.850000;0.000000
223.084844;-22.256498;-4.975360;0.727337;0.003105;2.850000;0.000000
223.284741;-22.107233;-4.842412;0.727940;0.002930;2.850000;0.000000
223.484637;-21.958036;-4.709366;0.728506;0.002738;2.850000;0.000000
223.684534;-21.808917;-4.576245;0.729035;0.002546;2.850000;0.000000
223.884431;-21.659871;-4.443051;0.729524;0.002354;2.850000;0.000000
224.084328;-21.510889;-4.309789;0.729976;0.002162;2.850000;0.000000
224.284225;-21.361965;-4.176463;0.730389;0.001970;2.850000;0.000000
224.484122;-21.213091;-4.043076;0.730763;0.001778;2.850000;0.000000
224.684018;-21.064261;-3.909633;0.731100;0.001585;2.850000;0.000000
224.883915;-20.915467;-3.776137;0.731397;0.001393;2.850000;0.000000
225.083812;-20.766703;-3.642593;0.731653;0.001200;2.850000;0.000000
225.283709;-20.617982;-3.509025;0.731806;0.000375;2.850000;0.000000
225.483606;-20.469280;-3.375455;0.731741;-0.001001;2.850000;0.000000
225.683502;-20.320544;-3.241908;0.731404;-0.002377;2.850000;0.000000
225.883399;-20.171739;-3.108427;0.730791;-0.003753;2.850000;0.000000
226.083296;-20.022830;-2.975055;0.729903;-0.005128;2.850000;0.000000
226.283193;-19.873783;-2.841834;0.728741;-0.006504;2.850000;0.000000
226.483090;-19.724564;-2.708807;0.727303;-0.007880;2.850000;0.000000
226.682986;-19.575137;-2.576017;0.725590;-0.009257;2.850000;0.000000
226.882883;-19.425469;-2.443508;0.723602;-0.010634;2.850000;0.000000
227.082780;-19.275524;-2.311321;0.721349;-0.012012;2.850000;0.000000
227.282677;-19.125281;-2.179506;0.719028;-0.011366;2.850000;0.000000
227.482574;-18.974754;-2.048042;0.716987;-0.009116;2.850000;0.000000
227.682471;-18.823987;-1.916852;0.715390;-0.006866;2.850000;0.000000
227.882367;-18.673036;-1.785866;0.714242;-0.004614;2.850000;0.000000
228.082264;-18.521958;-1.655014;0.713545;-0.002363;2.850000;0.000000
228.282161;-18.370809;-1.524224;0.713298;-0.000113;2.850000;0.000000
228.482058;-18.219643;-1.393426;0.713500;0.002137;2.850000;0.000000
228.681955;-18.068516;-1.262550;0.714152;0.004385;2.850000;0.000000
228.881851;-17.917485;-1.131524;0.715253;0.006631;2.850000;0.000000
229.081748;-17.766606;-1.000279;0.716800;0.008875;2.850000;0.000000
229.281645;-17.615927;-0.868740;0.718733;0.010503;2.850000;0.000000
229.481542;-17.465503;-0.736865;0.720952;0.011690;2.850000;0.000000
229.681439;-17.315382;-0.604634;0.723410;0.012882;2.850000;0.000000
229.881335;-17.165611;-0.472025;0.726106;0.014078;2.850000;0.000000
230.081232;-17.016237;-0.339015;0.729042;0.015281;2.850000;0.000000
230.281129;-16.867305;-0.205580;0.732219;0.016490;2.850000;0.000000
230.481026;-16.718863;-0.071700;0.735636;0.017707;2.850000;0.000000
230.680923;-16.570957;0.062650;0.739297;0.018933;2.850000;0.000000
230.880820;-16.423633;0.197492;0.743202;0.020169;2.850000;0.000000
231.080716;-16.276937;0.332848;0.747303;0.021414;2.850000;0.000000
231.280613;-16.130920;0.468712;0.750842;0.014689;2.850000;0.000000
231.480510;-15.985381;0.604920;0.752559;0.002672;2.850000;0.000000
231.680407;-15.839939;0.741183;0.751893;-0.009358;2.850000;0.000000
231.880304;-15.694224;0.877192;0.748830;-0.021368;2.850000;0.000000
232.080200;-15.547864;1.012642;0.743376;-0.033323;2.850000;0.000000
232.280097;-15.400487;1.147224;0.735541;-0.045180;2.850000;0.000000
232.479994;-15.251723;1.280633;0.725341;-0.056892;2.850000;0.000000
232.679891;-15.101200;1.412561;0.712800;-0.068399;2.850000;0.000000
232.879788;-14.948547;1.542701;0.697949;-0.079630;2.850000;0.000000
233.079684;-14.793392;1.670747;0.680790;-0.090503;2.850000;0.000000
233.279581;-14.635350;1.796381;0.660788;-0.107180;2.850000;0.000000
233.479478;-14.474244;1.918842;0.636958;-0.128310;2.850000;0.000000
233.679375;-14.310029;2.037063;0.608742;-0.150668;2.850000;0.000000
233.879272;-14.142645;2.149983;0.575923;-0.174510;2.850000;0.000000
234.079169;-13.972034;2.256542;0.538266;-0.199983;2.850000;0.000000
234.279065;-13.798138;2.355679;0.495528;-0.227074;2.850000;0.000000
234.478962;-13.620898;2.446334;0.447483;-0.255549;2.850000;0.000000
234.678859;-13.440254;2.527447;0.393959;-0.284872;2.850000;0.000000
234.878756;-13.256149;2.597957;0.334877;-0.314134;2.850000;0.000000
235.078653;-13.068524;2.656803;0.270439;-0.342010;2.850000;0.000000
235.278549;-12.877040;2.703058;0.203450;-0.339954;2.850000;0.000000
235.478446;-12.682244;2.736494;0.138001;-0.322519;2.850000;0.000000
235.678343;-12.485027;2.757502;0.075672;-0.305705;2.850000;0.000000
235.878240;-12.286117;2.766527;0.016338;-0.290056;2.850000;0.000000
236.078137;-12.086241;2.764018;-0.040246;-0.275945;2.850000;0.000000
236.278033;-11.886126;2.750421;-0.094368;-0.263622;2.850000;0.000000
236.477930;-11.686500;2.726183;-0.146342;-0.253239;2.850000;0.000000
236.677827;-11.488089;2.691751;-0.196502;-0.244893;2.850000;0.000000
236.877724;-11.291620;2.647574;-0.245190;-0.238652;2.850000;0.000000
237.077621;-11.097822;2.594097;-0.292634;-0.234576;2.850000;0.000000
237.277518;-10.907674;2.531897;-0.338143;-0.220818;2.850000;0.000000
237.477414;-10.721065;2.461611;-0.380221;-0.200900;2.850000;0.000000
237.677311;-10.537577;2.383981;-0.418184;-0.180032;2.850000;0.000000
237.877208;-10.356926;2.299790;-0.451949;-0.158715;2.850000;0.000000
238.077105;-10.178829;2.209823;-0.481485;-0.137313;2.850000;0.000000
238.277002;-10.003003;2.114865;-0.506801;-0.116063;2.850000;0.000000
238.476898;-9.829163;2.015700;-0.527929;-0.095088;2.850000;0.000000
238.676795;-9.657026;1.913112;-0.544910;-0.074423;2.850000;0.000000
238.876692;-9.486308;1.807887;-0.557788;-0.054028;2.850000;0.000000
239.076589;-9.316725;1.700808;-0.566676;-0.033808;2.850000;0.000000
239.276486;-9.148022;1.592639;-0.572452;-0.022969;2.850000;0.000000
239.476383;-8.979971;1.483792;-0.576332;-0.015729;2.850000;0.000000
239.676279;-8.812384;1.374496;-0.578751;-0.008454;2.850000;0.000000
239.876176;-8.645085;1.264982;-0.579712;-0.001153;2.850000;0.000000
240.076073;-8.477893;1.155485;-0.579211;0.006167;2.850000;0.000000
240.275970;-8.310630;1.046235;-0.577247;0.013498;2.850000;0.000000
240.475867;-8.143117;0.937466;-0.573819;0.020832;2.850000;0.000000
240.675763;-7.975177;0.829409;-0.568927;0.028159;2.850000;0.000000
240.875660;-7.806630;0.722297;-0.562573;0.035470;2.850000;0.000000
241.075557;-7.637299;0.616363;-0.554821;0.042749;2.850000;0.000000
241.275454;-7.467010;0.511815;-0.546274;0.043432;2.850000;0.000000
241.475351;-7.295754;0.408707;-0.537751;0.041860;2.850000;0.000000
241.675247;-7.123594;0.307009;-0.529536;0.040309;2.850000;0.000000
241.875144;-6.950589;0.206684;-0.521628;0.038780;2.850000;0.000000
242.075041;-6.776800;0.107697;-0.514023;0.037270;2.850000;0.000000
242.274938;-6.602287;0.010014;-0.506718;0.035781;2.850000;0.000000
242.474835;-6.427111;-0.086400;-0.499711;0.034310;2.850000;0.000000
242.674732;-6.251331;-0.181582;-0.492998;0.032857;2.850000;0.000000
242.874628;-6.075009;-0.275565;-0.486576;0.031421;2.850000;0.000000
243.074525;-5.898204;-0.368386;-0.480436;0.029999;2.850000;0.000000
243.274422;-5.720602;-0.460270;-0.474562;0.028772;2.850000;0.000000
243.474319;-5.542477;-0.551129;-0.468929;0.027582;2.850000;0.000000
243.674216;-5.363937;-0.640963;-0.463538;0.026371;2.850000;0.000000
243.874112;-5.184983;-0.729827;-0.458391;0.025142;2.850000;0.000000
244.074009;-5.005612;-0.817778;-0.453493;0.023896;2.850000;0.000000
244.273906;-4.825821;-0.904872;-0.448845;0.022637;2.850000;0.000000
244.473803;-4.645610;-0.991166;-0.444449;0.021365;2.850000;0.000000
244.673700;-4.464977;-1.076715;-0.440307;0.020083;2.850000;0.000000
244.873596;-4.283920;-1.161578;-0.436420;0.018793;2.850000;0.000000
245.073493;-4.102437;-1.245809;-0.432721;0.017496;2.850000;0.000000
245.273390;-3.920878;-1.329274;-0.428637;0.022632;2.850000;0.000000
245.473287;-3.738917;-1.411928;-0.423455;0.029209;2.850000;0.000000
245.673184;-3.556408;-1.493549;-0.416957;0.035796;2.850000;0.000000
245.873081;-3.373284;-1.573877;-0.409138;0.042403;2.850000;0.000000
246.072977;-3.189478;-1.652652;-0.399996;0.049034;2.850000;0.000000
246.272874;-3.004923;-1.729616;-0.389526;0.055692;2.850000;0.000000
246.472771;-2.819550;-1.804508;-0.377723;0.062375;2.850000;0.000000
246.672668;-2.633294;-1.877069;-0.364585;0.069076;2.850000;0.000000
246.872565;-2.446087;-1.947039;-0.350109;0.075785;2.850000;0.000000
247.072461;-2.257862;-2.014159;-0.334364;0.082484;2.850000;0.000000
247.272358;-2.068599;-2.078181;-0.317859;0.083403;2.850000;0.000000
247.472255;-1.878291;-2.139043;-0.301208;0.083274;2.850000;0.000000
247.672152;-1.686981;-2.196735;-0.284578;0.083162;2.850000;0.000000
247.872049;-1.494718;-2.251245;-0.267968;0.083067;2.850000;0.000000
248.071945;-1.301554;-2.302562;-0.251373;0.082990;2.850000;0.000000
248.271842;-1.107539;-2.350674;-0.234789;0.082929;2.850000;0.000000
248.471739;-0.912722;-2.395571;-0.218214;0.082886;2.850000;0.000000
248.671636;-0.717156;-2.437240;-0.201642;0.082861;2.850000;0.000000
248.871533;-0.520889;-2.475670;-0.185070;0.082852;2.850000;0.000000
249.071430;-0.323972;-2.510849;-0.168420;0.082861;2.850000;0.000000
249.271326;-0.126186;-2.542781;-0.151244;0.088050;2.850000;0.000000
249.471223;0.072156;-2.571222;-0.132992;0.094156;2.850000;0.000000
249.671120;0.270922;-2.595907;-0.113507;0.100408;2.850000;0.000000
249.871017;0.470020;-2.616577;-0.092769;0.106798;2.850000;0.000000
250.070914;0.669360;-2.632976;-0.070756;0.113312;2.850000;0.000000
250.270810;0.868849;-2.644844;-0.047449;0.119926;2.850000;0.000000
250.470707;1.068396;-2.651924;-0.022834;0.126611;2.850000;0.000000
250.670604;1.267909;-2.653957;0.003100;0.133323;2.850000;0.000000
250.870501;1.467298;-2.650687;0.030358;0.140013;2.850000;0.000000
251.070398;1.666471;-2.641854;0.058733;0.146617;2.850000;0.000000
251.270295;1.865123;-2.627295;0.087061;0.139504;2.850000;0.000000
251.470191;2.063389;-2.607211;0.114015;0.130969;2.850000;0.000000
251.670088;2.261236;-2.581935;0.139290;0.122444;2.850000;0.000000
251.869985;2.458612;-2.551801;0.162894;0.113988;2.850000;0.000000
252.069882;2.655462;-2.517144;0.184844;0.105643;2.850000;0.000000
252.269779;2.851732;-2.478296;0.205160;0.097439;2.850000;0.000000
252.469675;3.047368;-2.435593;0.223865;0.089391;2.850000;0.000000
252.669572;3.242316;-2.389367;0.240985;0.081506;2.850000;0.000000
252.869469;3.436522;-2.339954;0.256543;0.073777;2.850000;0.000000
253.069366;3.629933;-2.287686;0.270727;0.066193;2.850000;0.000000
253.269263;3.822786;-2.232750;0.284431;0.069066;2.850000;0.000000
253.469159;4.014726;-2.175189;0.298630;0.072663;2.850000;0.000000
253.669056;4.205649;-2.114891;0.313543;0.076294;2.850000;0.000000
253.868953;4.395473;-2.051737;0.329171;0.079949;2.850000;0.000000
254.068850;4.584116;-1.985607;0.345521;0.083622;2.850000;0.000000
254.268747;4.771494;-1.916384;0.362593;0.087300;2.850000;0.000000
254.468644;4.957525;-1.843948;0.380389;0.090972;2.850000;0.000000
254.668540;5.142126;-1.768182;0.398907;0.094621;2.850000;0.000000
254.868437;5.325213;-1.688966;0.418145;0.098232;2.850000;0.000000
255.068334;5.506706;-1.606181;0.437847;0.101783;2.850000;0.000000
255.268231;5.686315;-1.519915;0.456789;0.090562;2.850000;0.000000
255.468128;5.864431;-1.430375;0.473695;0.079039;2.850000;0.000000
255.668024;6.041251;-1.337967;0.488316;0.067528;2.850000;0.000000
255.867921;6.216964;-1.243100;0.500655;0.056062;2.850000;0.000000
256.067818;6.391761;-1.146183;0.510720;0.044658;2.850000;0.000000
256.267715;6.565833;-1.047627;0.518519;0.033321;2.850000;0.000000
256.467612;6.739371;-0.947839;0.524060;0.022046;2.850000;0.000000
256.667508;6.912564;-0.847228;0.527351;0.010818;2.850000;0.000000
256.867405;7.085604;-0.746205;0.528396;-0.000381;2.850000;0.000000
257.067302;7.258680;-0.645178;0.527509;-0.011331;2.850000;0.000000
257.267199;7.431855;-0.544487;0.526194;-0.004658;2.850000;0.000000
257.467096;7.605096;-0.443974;0.525929;0.002017;2.850000;0.000000
257.666993;7.778246;-0.343420;0.527003;0.008703;2.850000;0.000000
257.866889;7.951147;-0.242608;0.529415;0.015408;2.850000;0.000000
258.066786;8.123642;-0.141318;0.533170;0.022138;2.850000;0.000000
258.266683;8.295574;-0.039333;0.538271;0.028900;2.850000;0.000000
258.466580;8.466786;0.063567;0.544723;0.035698;2.850000;0.000000
258.666477;8.637120;0.167599;0.552529;0.042533;2.850000;0.000000
258.866373;8.806419;0.272982;0.561696;0.049405;2.850000;0.000000
259.066270;8.974531;0.379937;0.572026;0.055868;2.850000;0.000000
259.266167;9.141450;0.488685;0.582581;0.051740;2.850000;0.000000
259.466064;9.307183;0.599109;0.592465;0.047513;2.850000;0.000000
259.665961;9.471883;0.711110;0.601501;0.043209;2.850000;0.000000
259.865857;9.635703;0.824586;0.609677;0.038846;2.850000;0.000000
260.065754;9.798794;0.939437;0.616987;0.034445;2.850000;0.000000
260.265651;9.961311;1.055563;0.623426;0.030023;2.850000;0.000000
260.465548;10.123405;1.172862;0.628990;0.025596;2.850000;0.000000
260.665445;10.285229;1.291235;0.633679;0.021179;2.850000;0.000000
260.865342;10.446936;1.410581;0.637493;0.016787;2.850000;0.000000
261.065238;10.608671;1.530794;0.640558;0.012863;2.850000;0.000000
261.265135;10.770412;1.651704;0.643398;0.014470;2.850000;0.000000
261.465032;10.932035;1.773265;0.646493;0.016148;2.850000;0.000000
261.664929;11.093265;1.895357;0.649937;0.017918;2.850000;0.000000
261.864826;11.253828;2.017862;0.653745;0.019804;2.850000;0.000000
262.064722;11.413449;2.140660;0.657936;0.021830;2.850000;0.000000
262.264619;11.571853;2.263632;0.662532;0.024024;2.850000;0.000000
262.464516;11.728765;2.386660;0.667558;0.026420;2.850000;0.000000
262.664413;11.883911;2.509624;0.673047;0.029053;2.850000;0.000000
262.864310;12.037017;2.632405;0.679031;0.031969;2.850000;0.000000
263.064206;12.187802;2.754881;0.685217;0.033653;2.850000;0.000000
263.264103;12.336267;2.876991;0.690267;0.020668;2.850000;0.000000
263.464000;12.483429;2.999006;0.692902;0.006851;2.850000;0.000000
263.663897;12.630431;3.121213;0.692874;-0.007117;2.850000;0.000000
263.863794;12.778417;3.243899;0.690205;-0.020549;2.850000;0.000000
264.063691;12.928532;3.367350;0.685004;-0.032816;2.850000;0.000000
264.263587;13.081920;3.491852;0.677455;-0.043411;2.850000;0.000000
264.463484;13.239723;3.617691;0.667806;-0.051988;2.850000;0.000000
264.663381;13.403087;3.745153;0.656352;-0.058374;2.850000;0.000000
264.863278;13.573154;3.874525;0.643401;-0.062567;2.850000;-2.010767
265.063175;13.751346;4.006293;0.628454;-0.068156;2.705293;-2.385365
265.263071;13.939646;4.140872;0.608867;-0.098796;2.522886;-2.271175
265.462968;14.133593;4.272808;0.581439;-0.135790;2.336012;-2.155488
265.662865;14.330138;4.397514;0.544178;-0.186012;2.143642;-2.024258
265.862762;14.526231;4.510403;0.494103;-0.259960;1.945743;-1.864145
266.062659;14.718822;4.606886;0.426346;-0.375788;1.743744;-1.659318
266.262556;14.904862;4.682379;0.333079;-0.566192;1.541836;-1.387414
266.462452;15.081300;4.732293;0.201960;-0.887013;1.350029;-1.005567
266.662349;15.245088;4.752041;0.015208;-1.406207;1.191873;-0.303553
266.862246;15.393176;4.737036;-0.244283;-2.077695;1.139825;-0.002896
267.062143;15.522102;4.682992;-0.556427;-2.311169;1.139317;-0.002896
267.262040;15.630063;4.589696;-0.842161;-1.656090;1.138809;0.849346
267.461936;15.719989;4.461261;-1.052352;-1.050229;1.279238;1.277702
267.661833;15.793763;4.302754;-1.199213;-0.657594;1.465356;1.583181
267.861730;15.853270;4.119239;-1.301917;-0.423779;1.667397;1.815602
268.061627;15.900394;3.915782;-1.374791;-0.282812;1.872453;2.000618
268.261524;15.937018;3.697450;-1.427031;-0.193527;2.075069;2.157084
268.461420;15.965027;3.469308;-1.464294;-0.132865;2.273390;2.301787
268.661317;15.986305;3.236421;-1.489957;-0.087553;2.467497;2.453350
268.861214;16.002736;3.003856;-1.505874;-0.048951;2.658830;2.634172
269.061111;16.016206;2.776513;-1.514189;-0.021001;2.850000;0.000000
269.261008;16.028049;2.557161;-1.518926;-0.019585;2.850000;0.000000
269.460905;16.038587;2.345423;-1.522849;-0.017358;2.850000;0.000000
269.660801;16.048059;2.140160;-1.526109;-0.014289;2.850000;0.000000
269.860698;16.056706;1.940231;-1.528589;-0.010409;2.850000;0.000000
270.060595;16.064768;1.744497;-1.530186;-0.005826;2.850000;0.000000
270.260492;16.072488;1.551817;-1.530822;-0.000720;2.850000;0.000000
270.460389;16.080105;1.361052;-1.530447;0.004664;2.850000;0.000000
270.660285;16.087859;1.171061;-1.529048;0.010044;2.850000;0.000000
270.860182;16.095993;0.980705;-1.526647;0.015130;2.850000;0.000000
271.060079;16.104747;0.788810;-1.523370;0.019041;2.850000;0.000000
271.259976;16.114313;0.594698;-1.519456;0.021346;2.850000;0.000000
271.459873;16.124795;0.398646;-1.515040;0.023641;2.850000;0.000000
271.659769;16.136292;0.200921;-1.510128;0.025953;2.850000;0.000000
271.859666;16.148901;0.001790;-1.504715;0.028309;2.850000;0.000000
272.059563;16.162723;-0.198482;-1.498789;0.030732;2.850000;0.000000
272.259460;16.177856;-0.399628;-1.492337;0.033249;2.850000;0.000000
272.459357;16.194400;-0.601381;-1.485340;0.035884;2.850000;0.000000
272.659254;16.212452;-0.803476;-1.477779;0.038663;2.850000;0.000000
272.859150;16.232112;-1.005646;-1.469619;0.041615;2.850000;0.000000
273.059047;16.253430;-1.207104;-1.459808;0.054086;2.850000;0.000000
273.258944;16.276855;-1.407123;-1.445786;0.083823;2.850000;0.000000
273.458841;16.303591;-1.606265;-1.425897;0.114215;2.850000;0.000000
273.658738;16.334790;-1.804147;-1.399903;0.145361;2.850000;0.000000
273.858634;16.371607;-2.000387;-1.367706;0.177169;2.850000;0.000000
274.058531;16.415196;-2.194601;-1.329238;0.209294;2.850000;-0.172435
274.258428;16.466710;-2.386406;-1.284495;0.241071;2.837880;-0.932032
274.458325;16.527305;-2.575420;-1.233590;0.271465;2.771451;-0.816865
274.658222;16.598133;-2.761260;-1.176793;0.299080;2.711893;-0.741293
274.858118;16.680349;-2.943542;-1.114490;0.322252;2.656690;-0.736882
275.058015;16.775430;-3.122459;-1.048180;0.331746;2.600654;-0.754693
275.257912;16.884280;-3.297565;-0.980342;0.330135;2.541983;-0.871679
275.457809;17.005411;-3.465605;-0.911117;0.338517;2.472486;-0.940923
275.657706;17.137830;-3.624476;-0.839235;0.356866;2.395206;-0.945251
275.857603;17.280544;-3.772080;-0.763040;0.385644;2.314974;-0.880359
276.057499;17.432561;-3.906314;-0.680810;0.425554;2.237665;-0.767961
276.257396;17.592889;-4.025080;-0.590767;0.477121;2.167975;-0.602294
276.457293;17.760535;-4.126276;-0.491153;0.539914;2.111711;-0.375313
276.657190;17.934508;-4.207802;-0.380432;0.611309;2.075880;-0.080100
276.857087;18.113814;-4.267557;-0.257787;0.684889;2.068152;-0.009533
277.056983;18.297376;-4.303473;-0.128080;0.702010;2.067230;-0.009533
277.256880;18.484173;-4.315253;-0.003722;0.626043;2.066308;0.317502
277.456777;18.673392;-4.304873;0.107052;0.540964;2.096799;0.611810
277.656674;18.864095;-4.274426;0.203615;0.458689;2.154336;0.860797
277.856571;19.055343;-4.226009;0.286838;0.385462;2.232779;1.067235
278.056468;19.246198;-4.161716;0.358134;0.323304;2.326366;1.238214
278.256364;19.435720;-4.083644;0.419055;0.271859;2.430434;1.380947
278.456261;19.622971;-3.993886;0.471070;0.229735;2.541476;1.501712
278.656158;19.807012;-3.894540;0.515463;0.195247;2.656968;1.605908
278.856055;19.986904;-3.787699;0.553297;0.166767;2.775159;1.053023
279.055952;20.161283;-3.675724;0.586544;0.153156;2.850000;0.000000
279.255848;20.329714;-3.559881;0.617901;0.152371;2.850000;0.000000
279.455745;20.492963;-3.439984;0.648599;0.150636;2.850000;0.000000
279.655642;20.651273;-3.316140;0.678622;0.147982;2.850000;0.000000
279.855539;20.804890;-3.188451;0.707842;0.144457;2.850000;0.000000
280.055436;20.954058;-3.057022;0.736141;0.140130;2.850000;0.000000
280.255332;21.099021;-2.921958;0.763414;0.135081;2.850000;0.000000
280.455229;21.240022;-2.783362;0.789568;0.129399;2.850000;0.000000
280.655126;21.377308;-2.641340;0.814520;0.123180;2.850000;0.000000
280.855023;21.511120;-2.495996;0.838209;0.116518;2.850000;0.000000
281.054920;21.641868;-2.347249;0.860342;0.107184;2.850000;0.000000
281.254817;21.769847;-2.195262;0.880402;0.095040;2.850000;0.000000
281.454713;21.895171;-2.040586;0.898125;0.083022;2.850000;0.000000
281.654610;22.018153;-1.883559;0.913500;0.071161;2.850000;0.000000
281.854507;22.139107;-1.724518;0.926549;0.059468;2.850000;0.000000
282.054404;22.258346;-1.563799;0.937294;0.047935;2.850000;0.000000
282.254301;22.376185;-1.401739;0.945756;0.036542;2.850000;0.000000
282.454197;22.492938;-1.238676;0.951952;0.025258;2.850000;0.000000
282.654094;22.608917;-1.074946;0.955895;0.014046;2.850000;0.000000
282.853991;22.724436;-0.910885;0.957625;0.002860;2.850000;0.000000
283.053888;22.839771;-0.746865;0.958014;0.000278;2.850000;0.000000
283.253785;22.954973;-0.582984;0.958775;0.006910;2.850000;0.000000
283.453681;23.069873;-0.419052;0.960824;0.013565;2.850000;0.000000
283.653578;23.184254;-0.254913;0.964205;0.020239;2.850000;0.000000
283.853475;23.297902;-0.090412;0.968920;0.026929;2.850000;0.000000
284.053372;23.410601;0.074608;0.974971;0.033632;2.850000;0.000000
284.253269;23.522135;0.240303;0.982359;0.040341;2.850000;0.000000
284.453166;23.632289;0.406828;0.991083;0.047046;2.850000;0.000000
284.653062;23.740849;0.574340;1.001142;0.053734;2.850000;0.000000
284.852959;23.847598;0.742995;1.012521;0.060390;2.850000;0.000000
285.052856;23.952328;0.912951;1.024964;0.064470;2.850000;0.000000
285.252753;24.054893;1.084286;1.037990;0.066095;2.850000;0.000000
285.452650;24.155210;1.256999;1.051356;0.067734;2.850000;0.000000
285.652546;24.253203;1.431091;1.065052;0.069383;2.850000;0.000000
285.852443;24.348794;1.606564;1.079083;0.071041;2.850000;0.000000
286.052340;24.441907;1.783419;1.093448;0.072704;2.850000;0.000000
286.252237;24.532465;1.961658;1.108150;0.074368;2.850000;0.000000
286.452134;24.620390;2.141281;1.123190;0.076028;2.850000;0.000000
286.652030;24.705607;2.322291;1.138567;0.077682;2.850000;0.000000
286.851927;24.788038;2.504689;1.154307;0.079323;2.850000;0.000000
287.051824;24.867685;2.688677;1.170781;0.084722;2.850000;0.000000
287.251721;24.944280;2.874221;1.188684;0.093623;2.850000;0.000000
287.451618;25.017352;3.061109;1.208388;0.102775;2.850000;0.000000
287.651515;25.086497;3.249309;1.229937;0.112188;2.850000;0.000000
287.851411;25.151316;3.438788;1.253372;0.121857;2.850000;0.000000
288.051308;25.211407;3.629512;1.278730;0.131760;2.850000;0.000000
288.251205;25.266369;3.821450;1.306045;0.141853;2.850000;0.000000
288.451102;25.315801;4.014567;1.335344;0.152071;2.850000;0.000000
288.650999;25.359302;4.208831;1.366643;0.162321;2.850000;0.000000
288.850895;25.396472;4.404208;1.399867;0.172481;2.850000;0.000000
289.050792;25.426912;4.600514;1.433902;0.170937;2.850000;0.000000
289.250689;25.450678;4.797701;1.466825;0.160662;2.850000;0.000000
289.450586;25.468155;4.995755;1.497736;0.150224;2.850000;0.000000
289.650483;25.479723;5.194551;1.526611;0.139754;2.850000;0.000000
289.850380;25.485761;5.393964;1.553457;0.129357;2.850000;0.000000
290.050276;25.486648;5.593869;1.578293;0.119108;2.850000;0.000000
290.250173;25.482761;5.794142;1.601145;0.109061;2.850000;0.000000
290.450070;25.474481;5.994658;1.622046;0.099244;2.850000;0.000000
290.649967;25.462185;6.195291;1.641031;0.089670;2.850000;0.000000
290.849864;25.446252;6.395917;1.658228;0.080336;2.850000;0.000000
291.049760;25.427017;6.596498;1.675019;0.085260;2.850000;0.000000
291.249657;25.404323;6.796758;1.693665;0.099589;2.850000;0.000000
291.449554;25.377644;6.996308;1.715201;0.114386;2.850000;0.000000
291.649451;25.346438;7.194822;1.739723;0.129700;2.850000;0.000000
291.849348;25.310163;7.391970;1.767308;0.145538;2.850000;0.000000
292.049244;25.268278;7.587424;1.798030;0.161854;2.850000;0.000000
292.249141;25.220242;7.780857;1.831955;0.178538;2.850000;0.000000
292.449038;25.165512;7.971940;1.869125;0.195401;2.850000;0.000000
292.648935;25.103547;8.160345;1.909554;0.212166;2.850000;0.000000
292.848832;25.033805;8.345745;1.952992;0.228460;2.850000;0.000000
293.048729;24.955966;8.527498;1.996965;0.217997;2.850000;0.000000
293.248625;24.870325;8.705841;2.037609;0.192811;2.850000;0.000000
293.448522;24.777679;8.881268;2.073361;0.167576;2.850000;0.000000
293.648419;24.678912;9.054094;2.104241;0.142701;2.850000;0.000000
293.848316;24.574906;9.224630;2.130314;0.118408;2.850000;0.000000
294.048213;24.466544;9.393189;2.151667;0.094769;2.850000;0.000000
294.248109;24.354709;9.560084;2.168388;0.071742;2.850000;0.000000
294.448006;24.240284;9.725627;2.180554;0.049200;2.850000;0.000000
294.647903;24.124152;9.890131;2.188220;0.026955;2.850000;0.000000
294.847800;24.007196;10.053908;2.191521;0.004779;2.850000;0.000000
295.047697;23.890152;10.217402;2.191842;-0.002796;2.850000;0.000000
295.247593;23.773387;10.380690;2.191301;-0.002741;2.850000;0.000000
295.447490;23.656924;10.543745;2.190758;-0.002684;2.850000;0.000000
295.647387;23.540726;10.706614;2.190227;-0.002622;2.850000;0.000000
295.847284;23.424758;10.869340;2.189710;-0.002557;2.850000;0.000000
296.047181;23.308984;11.031971;2.189206;-0.002489;2.850000;0.000000
296.247078;23.193367;11.194551;2.188716;-0.002418;2.850000;0.000000
296.446974;23.077873;11.357125;2.188241;-0.002344;2.850000;0.000000
296.646871;22.962464;11.519740;2.187782;-0.002267;2.850000;0.000000
296.846768;22.847105;11.682440;2.187340;-0.002187;2.850000;0.000000
297.046665;22.731743;11.845293;2.186952;-0.001738;2.850000;0.000000
297.246562;22.616367;12.008285;2.186667;-0.001118;2.850000;0.000000
297.446458;22.500975;12.171378;2.186506;-0.000500;2.850000;0.000000
297.646355;22.385555;12.334544;2.186467;0.000117;2.850000;0.000000
297.846252;22.270097;12.497756;2.186552;0.000733;2.850000;0.000000
298.046149;22.154588;12.660989;2.186760;0.001348;2.850000;0.000000
298.246046;22.039019;12.824215;2.187092;0.001964;2.850000;0.000000
298.445942;21.923377;12.987406;2.187546;0.002579;2.850000;0.000000
298.645839;21.807651;13.150538;2.188123;0.003196;2.850000;0.000000
298.845736;21.691831;13.313581;2.188816;0.003814;2.850000;0.000000
299.045633;21.575901;13.476522;2.189538;0.003483;2.850000;0.000000
299.245530;21.459874;13.639359;2.190161;0.002760;2.850000;0.000000
299.445427;21.343773;13.802110;2.190641;0.002036;2.850000;0.000000
299.645323;21.227617;13.964797;2.190975;0.001312;2.850000;0.000000
299.845220;21.111428;14.127441;2.191165;0.000587;2.850000;0.000000
300.045117;20.995226;14.290063;2.191210;-0.000138;2.850000;0.000000
300.245014;20.879030;14.452685;2.191110;-0.000863;2.850000;0.000000
300.444911;20.762862;14.615328;2.190865;-0.001588;2.850000;0.000000
300.644807;20.646742;14.778013;2.190475;-0.002313;2.850000;0.000000
300.844704;20.530690;14.940762;2.189948;-0.003037;2.850000;0.000000
301.044601;20.414749;15.103558;2.189360;-0.002923;2.850000;0.000000
301.244498;20.298902;15.266424;2.188818;-0.002506;2.850000;0.000000
301.444395;20.183128;15.429360;2.188358;-0.002090;2.850000;0.000000
301.644291;20.067415;15.592355;2.187982;-0.001673;2.850000;0.000000
301.844188;19.951751;15.755396;2.187689;-0.001257;2.850000;0.000000
302.044085;19.836123;15.918472;2.187480;-0.000841;2.850000;0.000000
302.243982;19.720520;16.081572;2.187353;-0.000425;2.850000;0.000000
302.443879;19.604930;16.244683;2.187309;-0.000010;2.850000;0.000000
302.643776;19.489341;16.407794;2.187349;0.000406;2.850000;0.000000
302.843672;19.373740;16.570892;2.187468;0.000822;2.850000;0.000000
303.043569;19.258111;16.733976;2.187631;0.000848;2.850000;0.000000
303.243466;19.142457;16.897037;2.187791;0.000749;2.850000;0.000000
303.443363;19.026781;17.060077;2.187931;0.000650;2.850000;0.000000
303.643260;18.911088;17.223097;2.188051;0.000551;2.850000;0.000000
303.843156;18.795378;17.386101;2.188151;0.000452;2.850000;0.000000
304.043053;18.679656;17.549092;2.188231;0.000353;2.850000;0.000000
304.242950;18.563925;17.712071;2.188292;0.000254;2.850000;0.000000
304.442847;18.448187;17.875043;2.188333;0.000155;2.850000;0.000000
304.642744;18.332445;18.038009;2.188354;0.000056;2.850000;0.000000
304.842641;18.216702;18.200973;2.188357;-0.000043;2.850000;0.000000
305.042537;18.100952;18.363949;2.188351;-0.000024;2.850000;0.000000
305.242434;17.985200;18.526930;2.188352;0.000026;2.850000;0.000000
305.442331;17.869448;18.689908;2.188362;0.000077;2.850000;0.000000
305.642228;17.753694;18.852884;2.188382;0.000128;2.850000;0.000000
305.842125;17.637937;19.015855;2.188413;0.000179;2.850000;0.000000
306.042021;17.522175;19.178821;2.188454;0.000230;2.850000;0.000000
306.241918;17.406407;19.341780;2.188505;0.000280;2.850000;0.000000
306.441815;17.290630;19.504732;2.188566;0.000331;2.850000;0.000000
306.641712;17.174844;19.667674;2.188637;0.000382;2.850000;0.000000
306.841609;17.059047;19.830605;2.188718;0.000433;2.850000;0.000000
307.041505;16.943232;19.993532;2.188800;0.000396;2.850000;0.000000
307.241402;16.827404;20.156449;2.188873;0.000338;2.850000;0.000000
307.441299;16.711566;20.319358;2.188935;0.000281;2.850000;0.000000
307.641196;16.595720;20.482260;2.188985;0.000223;2.850000;0.000000
307.841093;16.479865;20.645156;2.189024;0.000165;2.850000;0.000000
308.040990;16.364005;20.808050;2.189052;0.000108;2.850000;0.000000
308.240886;16.248141;20.970942;2.189067;0.000050;2.850000;0.000000
308.440783;16.132274;21.133835;2.189071;-0.000008;2.850000;0.000000
308.640680;16.016406;21.296730;2.189064;-0.000065;2.850000;0.000000
308.840577;15.900538;21.459629;2.189046;-0.000123;2.850000;0.000000
309.040474;15.784683;21.622517;2.189021;-0.000132;2.850000;0.000000
309.240370;15.668833;21.785407;2.188995;-0.000130;2.850000;0.000000
309.440267;15.552986;21.948304;2.188969;-0.000129;2.850000;0.000000
309.640164;15.437140;22.111206;2.188943;-0.000128;2.850000;0.000000
309.840061;15.321297;22.274114;2.188918;-0.000127;2.850000;0.000000
310.039958;15.205457;22.437026;2.188893;-0.000125;2.850000;0.000000
310.239854;15.089619;22.599944;2.188868;-0.000124;2.850000;0.000000
310.439751;14.973785;22.762866;2.188843;-0.000123;2.850000;0.000000
310.639648;14.857953;22.925793;2.188819;-0.000122;2.850000;0.000000
310.839545;14.742124;23.088723;2.188794;-0.000120;2.850000;0.000000
311.039442;14.626306;23.251647;2.188764;-0.000174;2.850000;0.000000
311.239339;14.510495;23.414573;2.188723;-0.000237;2.850000;0.000000
311.439235;14.394691;23.577506;2.188669;-0.000299;2.850000;0.000000
311.639132;14.278896;23.740447;2.188603;-0.000362;2.850000;0.000000
311.839029;14.163112;23.903397;2.188524;-0.000424;2.850000;0.000000
312.038926;14.047342;24.066358;2.188433;-0.000487;2.850000;0.000000
312.238823;13.931586;24.229330;2.188330;-0.000550;2.850000;0.000000
312.438719;13.815848;24.392316;2.188213;-0.000612;2.850000;0.000000
312.638616;13.700130;24.555317;2.188085;-0.000675;2.850000;0.000000
312.838513;13.584433;24.718334;2.187947;-0.000737;2.850000;0.000000
313.038410;13.468764;24.881361;2.187824;-0.000530;2.850000;0.000000
313.238307;13.353112;25.044400;2.187742;-0.000287;2.850000;0.000000
313.438203;13.237469;25.207446;2.187709;-0.000044;2.850000;0.000000
313.638100;13.121826;25.370495;2.187725;0.000199;2.850000;0.000000
313.837997;13.006177;25.533539;2.187789;0.000442;2.850000;0.000000
314.037894;12.890513;25.696574;2.187902;0.000686;2.850000;0.000000
314.237791;12.774825;25.859594;2.188063;0.000929;2.850000;0.000000
314.437688;12.659106;26.022595;2.188273;0.001172;2.850000;0.000000
314.637584;12.543349;26.185569;2.188532;0.001415;2.850000;0.000000
314.837481;12.427544;26.348512;2.188824;0.001658;2.850000;0.000000
315.037378;12.311689;26.511420;2.189062;0.000860;2.850000;0.000000
315.237275;12.195806;26.674309;2.189143;-0.000046;2.850000;0.000000
315.437172;12.079925;26.837199;2.189043;-0.000952;2.850000;0.000000
315.637068;11.964075;27.000111;2.188763;-0.001858;2.850000;0.000000
315.836965;11.848286;27.163064;2.188301;-0.002763;2.850000;0.000000
316.036862;11.732589;27.326078;2.187658;-0.003669;2.850000;0.000000
316.236759;11.617014;27.489175;2.186834;-0.004575;2.850000;0.000000
316.436656;11.501590;27.652374;2.185829;-0.005482;2.850000;0.000000
316.636553;11.386348;27.815695;2.184642;-0.006388;2.850000;0.000000
316.836449;11.271318;27.979159;2.183323;-0.007295;2.850000;0.000000
317.036346;11.156469;28.142839;2.182163;-0.004805;2.850000;0.000000
317.236243;11.041778;28.306627;2.181477;-0.002059;2.850000;0.000000
317.436140;10.927161;28.470454;2.181340;0.000689;2.850000;0.000000
317.636037;10.812528;28.634255;2.181752;0.003437;2.850000;0.000000
317.835933;10.697791;28.797965;2.182714;0.006186;2.850000;0.000000
318.035830;10.582862;28.961518;2.184225;0.008936;2.850000;0.000000
318.235727;10.467651;29.124851;2.186287;0.011689;2.850000;0.000000
318.435624;10.352072;29.287897;2.188898;0.014443;2.850000;0.000000
318.635521;10.236034;29.450592;2.192059;0.017198;2.850000;0.000000
318.835417;10.119449;29.612871;2.195711;0.019955;2.850000;0.000000
319.035314;10.002194;29.774760;2.199510;0.018685;2.850000;0.000000
319.235211;9.884340;29.936203;2.203100;0.017233;2.850000;0.000000
319.435108;9.765935;30.097233;2.206399;0.015779;2.850000;0.000000
319.635005;9.647023;30.257888;2.209407;0.014323;2.850000;0.000000
319.834902;9.527650;30.418204;2.212125;0.012867;2.850000;0.000000
320.034798;9.407861;30.578218;2.214551;0.011410;2.850000;0.000000
320.234695;9.287701;30.737967;2.216686;0.009952;2.850000;0.000000
320.434592;9.167216;30.897487;2.218530;0.008495;2.850000;0.000000
320.634489;9.046449;31.056816;2.220083;0.007038;2.850000;0.000000
320.834386;8.925447;31.215990;2.221403;0.005581;2.850000;0.000000
321.034282;8.804300;31.374946;2.222792;0.007728;2.850000;0.000000
321.234179;8.682899;31.533728;2.224555;0.009912;2.850000;0.000000
321.434076;8.561176;31.692279;2.226754;0.012097;2.850000;0.000000
321.633973;8.439064;31.850542;2.229391;0.014281;2.850000;0.000000
321.833870;8.316497;32.008460;2.232464;0.016466;2.850000;0.000000
322.033766;8.193409;32.165977;2.235974;0.018652;2.850000;0.000000
322.233663;8.069733;32.323036;2.239922;0.020839;2.850000;0.000000
322.433560;7.945403;32.479579;2.244306;0.023025;2.850000;0.000000
322.633457;7.820352;32.635550;2.249127;0.025212;2.850000;0.000000
322.833354;7.694515;32.790890;2.254272;0.027287;2.850000;0.000000
323.033251;7.567903;32.945521;2.259197;0.023015;2.850000;0.000000
323.233147;7.440574;33.099577;2.263370;0.018742;2.850000;0.000000
323.433044;7.312660;33.253164;2.266689;0.014470;2.850000;0.000000
323.632941;7.184295;33.406391;2.269155;0.010201;2.850000;0.000000
323.832838;7.055610;33.559364;2.270768;0.005933;2.850000;0.000000
324.032735;6.926737;33.712192;2.271527;0.001666;2.850000;0.000000
324.232631;6.797810;33.864981;2.271434;-0.002600;2.850000;0.000000
324.432528;6.668961;34.017839;2.270487;-0.006866;2.850000;0.000000
324.632425;6.540322;34.170873;2.268688;-0.011132;2.850000;0.000000
324.832322;6.412024;34.324193;2.266204;-0.015035;2.850000;0.000000
325.032219;6.284131;34.477884;2.263798;-0.010351;2.850000;0.000000
325.232115;6.156559;34.631836;2.262197;-0.005666;2.850000;0.000000
325.432012;6.029166;34.785927;2.261532;-0.000981;2.850000;0.000000
325.631909;5.901810;34.940035;2.261805;0.003706;2.850000;0.000000
325.831806;5.774348;35.094039;2.263014;0.008394;2.850000;0.000000
326.031703;5.646637;35.247817;2.265161;0.013084;2.850000;0.000000
326.231600;5.518535;35.401247;2.268245;0.017777;2.850000;0.000000
326.431496;5.389900;35.554209;2.272267;0.022472;2.850000;0.000000
326.631393;5.260588;35.706580;2.277227;0.027167;2.850000;0.000000
326.831290;5.130456;35.858241;2.282948;0.031280;2.850000;0.000000
327.031187;4.999384;36.009153;2.288669;0.027166;2.850000;0.000000
327.231084;4.867492;36.159352;2.293688;0.023051;2.850000;0.000000
327.430980;4.734906;36.308947;2.297885;0.018936;2.850000;0.000000
327.630877;4.601751;36.458043;2.301259;0.014822;2.850000;0.000000
327.830774;4.468151;36.606748;2.303811;0.010709;2.850000;0.000000
328.030671;4.334230;36.755169;2.305540;0.006597;2.850000;0.000000
328.230568;4.200115;36.903412;2.306448;0.002485;2.850000;0.000000
328.430464;4.065929;37.051586;2.306534;-0.001627;2.850000;0.000000
328.630361;3.931798;37.199796;2.305798;-0.005740;2.850000;0.000000
328.830258;3.797850;37.348145;2.304373;-0.009281;2.850000;0.000000
329.030155;3.664213;37.496657;2.302793;-0.007283;2.850000;0.000000
329.230052;3.530795;37.645361;2.301538;-0.005284;2.850000;0.000000
329.429949;3.397529;37.794212;2.300682;-0.003284;2.850000;0.000000
329.629845;3.264349;37.943163;2.300226;-0.001284;2.850000;0.000000
329.829742;3.131187;38.092169;2.300169;0.000715;2.850000;0.000000
330.029639;2.997978;38.241187;2.300511;0.002711;2.850000;0.000000
330.229536;2.864654;38.390170;2.301253;0.004705;2.850000;0.000000
330.429433;2.731149;38.539074;2.302393;0.006694;2.850000;0.000000
330.629329;2.597396;38.687853;2.303930;0.008678;2.850000;0.000000
330.829226;2.463326;38.836464;2.305719;0.009914;2.850000;0.000000
331.029123;2.328916;38.984902;2.307199;0.005596;2.850000;0.000000
331.229020;2.194312;39.133221;2.307889;0.001289;2.850000;0.000000
331.428917;2.059672;39.281501;2.307716;-0.003018;2.850000;0.000000
331.628814;1.925158;39.429823;2.306679;-0.007334;2.850000;0.000000
331.828710;1.790929;39.578268;2.304778;-0.011667;2.850000;0.000000
332.028607;1.657145;39.726917;2.302009;-0.016027;2.850000;0.000000
332.228504;1.523967;39.875851;2.298368;-0.020423;2.850000;0.000000
332.428401;1.391553;40.025149;2.293851;-0.024862;2.850000;0.000000
332.628298;1.260065;40.174894;2.288450;-0.029353;2.850000;0.000000
332.828194;1.129668;40.325158;2.282665;-0.030972;2.850000;0.000000
333.028091;1.000366;40.475896;2.278319;-0.014917;2.850000;0.000000
333.227988;0.871612;40.626897;2.276963;0.001251;2.850000;0.000000
333.427885;0.742818;40.777868;2.278816;0.017413;2.850000;0.000000
333.627782;0.613394;40.928520;2.283869;0.033450;2.850000;0.000000
333.827678;0.482753;41.078561;2.292097;0.049238;2.850000;0.000000
334.027575;0.350305;41.227699;2.303459;0.064639;2.850000;0.000000
334.227472;0.215461;41.375643;2.317893;0.079504;2.850000;0.000000
334.427369;0.077633;41.522101;2.335316;0.093668;2.850000;0.000000
334.627266;-0.063769;41.666783;2.355621;0.106948;2.850000;0.000000
334.827163;-0.209324;41.809388;2.379043;0.121469;2.850000;0.000000
335.027059;-0.359409;41.949213;2.406854;0.148431;2.850000;-0.236782
335.226956;-0.514049;42.084703;2.440409;0.178199;2.833344;-1.438569
335.426853;-0.673162;42.214119;2.480368;0.211743;2.729964;-1.280898
335.626750;-0.836664;42.335720;2.527368;0.249918;2.634504;-1.108570
335.826647;-1.004475;42.447769;2.582144;0.293336;2.549002;-0.916172
336.026543;-1.176511;42.548526;2.645468;0.342107;2.476112;-0.699103
336.226440;-1.352689;42.636251;2.718058;0.395437;2.419015;-0.455122
336.426337;-1.532929;42.709205;2.800428;0.451088;2.381109;-0.187817
336.626234;-1.717146;42.765650;2.892775;0.504892;2.365289;-0.012469
336.826131;-1.905651;42.803907;2.992903;0.536710;2.364235;-0.012469
337.026027;-2.099411;42.822911;3.092849;0.500025;2.363180;0.195094
337.225924;-2.295415;42.822921;-3.095738;0.464089;2.379626;0.359406
337.425821;-2.492251;42.804885;-3.007153;0.431533;2.409628;0.481433
337.625718;-2.688505;42.769753;-2.923828;0.403904;2.449241;0.563689
337.825615;-2.882764;42.718475;-2.844853;0.381987;2.494823;0.608573
338.025512;-3.073616;42.651999;-2.769240;0.366119;2.543117;0.617716
338.225408;-3.259648;42.571275;-2.695965;0.356425;2.591216;0.591841
338.425305;-3.439446;42.477251;-2.623987;0.352984;2.636478;0.530897
338.625202;-3.611599;42.370878;-2.552315;0.355935;2.676428;0.434362
338.825099;-3.774476;42.253280;-2.480951;0.356474;2.708675;0.368209
339.024996;-3.927145;42.125656;-2.411960;0.336402;2.735714;0.465627
339.224892;-4.070533;41.988530;-2.347480;0.312915;2.769528;0.582741
339.424789;-4.205140;41.842774;-2.287871;0.287522;2.811274;0.548384
339.624686;-4.331464;41.689265;-2.233274;0.261471;2.850000;0.000000
339.824583;-4.450007;41.528874;-2.183684;0.235689;2.850000;0.000000
340.024480;-4.561269;41.362478;-2.138995;0.210792;2.850000;0.000000
340.224376;-4.665749;41.190949;-2.099038;0.187124;2.850000;0.000000
340.424273;-4.763948;41.015161;-2.063611;0.164812;2.850000;0.000000
340.624170;-4.856366;40.835990;-2.032531;0.143826;2.850000;0.000000
340.824067;-4.943306;40.654725;-2.005334;0.126524;2.850000;0.000000
341.023964;-5.025211;40.472196;-1.981289;0.113098;2.850000;0.000000
341.223861;-5.102907;40.288007;-1.960043;0.099427;2.850000;0.000000
341.423757;-5.176904;40.102372;-1.941551;0.085624;2.850000;0.000000
341.623654;-5.247711;39.915505;-1.925825;0.071768;2.850000;0.000000
341.823551;-5.315838;39.727621;-1.912866;0.057908;2.850000;0.000000
342.023448;-5.381796;39.538933;-1.902675;0.044069;2.850000;0.000000
342.223345;-5.446094;39.349658;-1.895246;0.030258;2.850000;0.000000
342.423241;-5.509241;39.160009;-1.890577;0.016462;2.850000;0.000000
342.623138;-5.571749;38.970200;-1.888663;0.002664;2.850000;0.000000
342.823035;-5.634126;38.780447;-1.889414;-0.010289;2.850000;0.000000
343.022932;-5.696855;38.590927;-1.892638;-0.022077;2.850000;0.000000
343.222829;-5.760394;38.401759;-1.898221;-0.033875;2.850000;0.000000
343.422726;-5.825196;38.213065;-1.906155;-0.045661;2.850000;0.000000
343.622622;-5.891714;38.024969;-1.916437;-0.057403;2.850000;0.000000
343.822519;-5.960402;37.837593;-1.929058;-0.069060;2.850000;0.000000
344.022416;-6.031713;37.651058;-1.944001;-0.080577;2.850000;0.000000
344.222313;-6.106102;37.465487;-1.961244;-0.091884;2.850000;0.000000
344.422210;-6.184020;37.281002;-1.980752;-0.102892;2.850000;0.000000
344.622106;-6.265923;37.097726;-2.002585;-0.113495;2.850000;0.000000
344.822003;-6.352888;36.914525;-2.027480;-0.130906;2.850000;0.000000
345.021900;-6.445690;36.731844;-2.057066;-0.158646;2.850000;0.000000
345.221797;-6.544204;36.552601;-2.092601;-0.189035;2.850000;-0.912713
345.421694;-6.649037;36.378173;-2.134470;-0.222662;2.785247;-1.116083
345.621590;-6.760795;36.209937;-2.183181;-0.259899;2.703960;-0.928235
345.821487;-6.880083;36.049269;-2.239264;-0.300743;2.634445;-0.722956
346.021384;-7.007508;35.897548;-2.303204;-0.344578;2.579005;-0.498913
346.221281;-7.143675;35.756149;-2.375341;-0.389888;2.540040;-0.259073
346.421178;-7.289191;35.626450;-2.455744;-0.433993;2.519569;-0.014149
346.621075;-7.444660;35.509828;-2.543159;-0.472994;2.518446;-0.014149
346.820971;-7.608317;35.408858;-2.633153;-0.461987;2.517323;0.058294
347.020868;-7.780262;35.322794;-2.718749;-0.424172;2.521947;0.287986
347.220765;-7.960585;35.250341;-2.797674;-0.387582;2.544672;0.475822
347.420662;-8.148087;35.191057;-2.870608;-0.353952;2.581779;0.625831
347.620559;-8.341572;35.144496;-2.938094;-0.324230;2.629788;0.742269
347.820455;-8.539841;35.110216;-3.000771;-0.298811;2.685618;0.828724
348.020352;-8.741696;35.087774;-3.059312;-0.277758;2.746609;0.887801
348.220249;-8.945938;35.076727;-3.114396;-0.260965;2.810480;0.559545
348.420146;-9.151370;35.076630;3.116494;-0.248272;2.850000;0.000000
348.620043;-9.356794;35.087041;3.066161;-0.239547;2.850000;0.000000
348.819939;-9.561950;35.107659;3.016161;-0.245042;2.850000;-0.016421
349.019836;-9.765445;35.138569;2.964177;-0.260673;2.848848;-0.845616
349.219733;-9.965654;35.180044;2.908986;-0.279220;2.788882;-0.771079
349.419630;-10.161592;35.232414;2.850180;-0.300630;2.733055;-0.678873
349.619527;-10.352275;35.296012;2.787319;-0.324691;2.682943;-0.569311
349.819424;-10.536721;35.371167;2.720010;-0.350938;2.640185;-0.443586
350.019320;-10.713945;35.458210;2.647944;-0.378549;2.606383;-0.304619
350.219217;-10.882963;35.557473;2.570954;-0.406248;2.582914;-0.158263
350.419114;-11.042791;35.669287;2.489064;-0.432264;2.570637;-0.014728
350.619011;-11.192447;35.793982;2.402614;-0.454388;2.569491;-0.014728
350.818908;-11.331333;35.932212;2.314616;-0.445273;2.568345;0.048089
351.018804;-11.458532;36.083168;2.228943;-0.423027;2.572085;0.186657
351.218701;-11.573336;36.245224;2.146705;-0.404603;2.586551;0.278179
351.418598;-11.675267;36.416947;2.067266;-0.390569;2.607961;0.328387
351.618495;-11.763848;36.596901;1.989831;-0.381207;2.633011;0.341722
351.818392;-11.838602;36.783651;1.913575;-0.376634;2.658828;0.321668
352.018288;-11.899052;36.975765;1.837665;-0.376875;2.682903;0.271212
352.218185;-11.944720;37.171806;1.761264;-0.381897;2.703035;0.193409
352.418082;-11.975128;37.370340;1.683547;-0.391607;2.717300;0.022432
352.617979;-11.989800;37.569933;1.604240;-0.405806;2.718950;-0.016492
352.817876;-11.988427;37.767835;1.525278;-0.391892;2.717737;0.088974
353.017773;-11.971840;37.964218;1.450747;-0.362562;2.724274;0.292626
353.217669;-11.941204;38.159306;1.382184;-0.331237;2.745661;0.486099
353.417566;-11.897670;38.352785;1.319584;-0.299758;2.780826;0.664721
353.617463;-11.842390;38.544345;1.262833;-0.269403;2.828206;0.309542
353.817360;-11.776516;38.733674;1.211680;-0.240937;2.850000;0.000000
354.017257;-11.701199;38.920461;1.165802;-0.214725;2.850000;0.000000
354.217153;-11.617591;39.104393;1.124841;-0.190837;2.850000;0.000000
354.417050;-11.526844;39.285160;1.088443;-0.169152;2.850000;0.000000
354.616947;-11.430110;39.462451;1.056206;-0.149428;2.850000;0.000000
354.816844;-11.328189;39.636514;1.027591;-0.134182;2.850000;0.000000
355.016741;-11.221954;39.807198;1.002093;-0.119517;2.850000;0.000000
355.216637;-11.112023;39.974727;0.979678;-0.104136;2.850000;0.000000
355.416534;-10.998892;40.139542;0.960444;-0.088240;2.850000;0.000000
355.616431;-10.883054;40.302086;0.944449;-0.071996;2.850000;0.000000
355.816328;-10.765002;40.462802;0.931732;-0.055530;2.850000;0.000000
356.016225;-10.645231;40.622131;0.922316;-0.038938;2.850000;0.000000
356.216122;-10.524235;40.780517;0.916214;-0.022292;2.850000;0.000000
356.416018;-10.402508;40.938400;0.913430;-0.005641;2.850000;0.000000
356.615915;-10.280543;41.096224;0.913816;0.010976;2.850000;0.000000
356.815812;-10.158845;41.254321;0.915906;0.011504;2.850000;0.000000
357.015709;-10.037439;41.412785;0.917689;0.006430;2.850000;0.000000
357.215606;-9.916162;41.571504;0.918468;0.001374;2.850000;0.000000
357.415502;-9.794866;41.730337;0.918239;-0.003668;2.850000;0.000000
357.615399;-9.673406;41.889145;0.917002;-0.008702;2.850000;0.000000
357.815296;-9.551632;42.047788;0.914759;-0.013731;2.850000;0.000000
358.015193;-9.429400;42.206128;0.911509;-0.018762;2.850000;0.000000
358.215090;-9.306562;42.364023;0.907252;-0.023796;2.850000;0.000000
358.414987;-9.182970;42.521336;0.901988;-0.028837;2.850000;0.000000
358.614883;-9.058479;42.677926;0.895770;-0.033888;2.850000;0.000000
358.814780;-8.932985;42.833635;0.889119;-0.033204;2.850000;0.000000
359.014677;-8.806479;42.988485;0.882726;-0.030757;2.850000;0.000000
359.214574;-8.679032;43.142544;0.876821;-0.028309;2.850000;0.000000
359.414471;-8.550723;43.295869;0.871406;-0.025860;2.850000;0.000000
359.614367;-8.421631;43.448519;0.866480;-0.023412;2.850000;0.000000
359.814264;-8.291835;43.600552;0.862045;-0.020965;2.850000;0.000000
360.014161;-8.161415;43.752028;0.858099;-0.018519;2.850000;0.000000
360.214058;-8.030448;43.903003;0.854642;-0.016073;2.850000;0.000000
360.413955;-7.899015;44.053537;0.851674;-0.013628;2.850000;0.000000
360.613851;-7.767194;44.203687;0.849155;-0.011183;2.850000;0.000000
360.813748;-7.634941;44.353629;0.846736;-0.012608;2.850000;0.000000
361.013645;-7.502305;44.503243;0.843967;-0.015083;2.850000;0.000000
361.213542;-7.369239;44.652431;0.840705;-0.017557;2.850000;0.000000
361.413439;-7.235669;44.801133;0.836948;-0.020031;2.850000;0.000000
361.613336;-7.101516;44.949284;0.832698;-0.022503;2.850000;0.000000
361.813232;-6.966705;45.096824;0.827954;-0.024972;2.850000;0.000000
362.013129;-6.831159;45.243689;0.822717;-0.027436;2.850000;0.000000
362.213026;-6.694802;45.389818;0.816987;-0.029894;2.850000;0.000000
362.412923;-6.557558;45.535147;0.810767;-0.032342;2.850000;0.000000
362.612820;-6.419349;45.679614;0.804085;-0.034780;2.850000;0.000000
362.812716;-6.280208;45.823060;0.797138;-0.034970;2.850000;0.000000
363.012613;-6.140056;45.965544;0.790178;-0.034677;2.850000;0.000000
363.212510;-5.998891;46.107080;0.783275;-0.034393;2.850000;0.000000
363.412407;-5.856737;46.247661;0.776426;-0.034120;2.850000;0.000000
363.612304;-5.713616;46.387281;0.769631;-0.033856;2.850000;0.000000
363.812200;-5.569551;46.525931;0.762887;-0.033602;2.850000;0.000000
364.012097;-5.424564;46.663603;0.756193;-0.033358;2.850000;0.000000
364.211994;-5.278678;46.800292;0.749548;-0.033123;2.850000;0.000000
364.411891;-5.131914;46.935988;0.742949;-0.032898;2.850000;0.000000
364.611788;-4.984295;47.070685;0.736402;-0.032683;2.850000;0.000000
364.811685;-4.835717;47.204495;0.729965;-0.031804;2.850000;0.000000
365.011581;-4.686303;47.337345;0.723708;-0.030792;2.850000;0.000000
365.211478;-4.536103;47.469248;0.717654;-0.029774;2.850000;0.000000
365.411375;-4.385140;47.600238;0.711806;-0.028749;2.850000;0.000000
365.611272;-4.233436;47.730350;0.706163;-0.027717;2.850000;0.000000
365.811169;-4.081017;47.859618;0.700727;-0.026681;2.850000;0.000000
366.011065;-3.927905;47.988076;0.695498;-0.025641;2.850000;0.000000
366.210962;-3.774124;48.115758;0.690478;-0.024597;2.850000;0.000000
366.410859;-3.619698;48.242698;0.685665;-0.023550;2.850000;0.000000
366.610756;-3.464649;48.368931;0.681018;-0.022501;2.850000;0.000000
366.810653;-3.309077;48.494409;0.676236;-0.024898;2.850000;0.000000
367.010549;-3.152870;48.619120;0.670971;-0.027780;2.850000;0.000000
367.210446;-2.995958;48.742974;0.665129;-0.030667;2.850000;0.000000
367.410343;-2.838283;48.865869;0.658710;-0.033560;2.850000;0.000000
367.610240;-2.679785;48.987704;0.651711;-0.036458;2.850000;0.000000
367.810137;-2.520408;49.108378;0.644132;-0.039362;2.850000;0.000000
368.010034;-2.360090;49.227791;0.635973;-0.042270;2.850000;0.000000
368.209930;-2.198775;49.345840;0.627232;-0.045180;2.850000;0.000000
368.409827;-2.036404;49.462426;0.617910;-0.048090;2.850000;0.000000
368.609724;-1.872917;49.577447;0.608000;-0.050996;2.850000;0.000000
368.809621;-1.708372;49.690718;0.597427;-0.054709;2.850000;0.000000
369.009518;-1.542605;49.802180;0.586118;-0.058516;2.850000;0.000000
369.209414;-1.375542;49.911700;0.574048;-0.062328;2.850000;0.000000
369.409311;-1.207118;50.019138;0.561215;-0.066139;2.850000;0.000000
369.609208;-1.037271;50.124352;0.547620;-0.069944;2.850000;0.000000
369.809105;-0.865940;50.227200;0.533264;-0.073731;2.850000;0.000000
370.009002;-0.693060;50.327543;0.518150;-0.077491;2.850000;0.000000
370.208899;-0.518569;50.425239;0.502280;-0.081210;2.850000;0.000000
370.408795;-0.342404;50.520147;0.485662;-0.084875;2.850000;0.000000
370.608692;-0.164503;50.612125;0.468222;-0.088467;2.850000;0.000000
370.808589;0.015388;50.701094;0.449551;-0.097013;2.850000;0.000000
371.008486;0.197061;50.786580;0.429146;-0.106265;2.850000;0.000000
371.208383;0.380454;50.868143;0.406856;-0.115858;2.850000;0.000000
371.408279;0.565520;50.945348;0.382627;-0.125802;2.850000;0.000000
371.608176;0.752213;51.017762;0.356406;-0.136090;2.850000;0.000000
371.808073;0.940488;51.084951;0.328141;-0.146690;2.850000;0.000000
372.007970;1.130297;51.146480;0.297786;-0.157548;2.850000;0.000000
372.207867;1.321596;51.201917;0.265304;-0.168578;2.850000;0.000000
372.407763;1.514337;51.250828;0.230674;-0.179660;2.850000;0.000000
372.607660;1.708475;51.292778;0.194247;-0.190638;2.850000;0.000000
372.807557;1.904124;51.327510;0.158136;-0.176622;2.850000;0.000000
373.007454;2.100980;51.355370;0.124551;-0.161150;2.850000;0.000000
373.207351;2.298877;51.376932;0.094020;-0.145552;2.850000;0.000000
373.407248;2.497656;51.392775;0.066543;-0.130018;2.850000;0.000000
373.607144;2.697160;51.403475;0.042099;-0.114677;2.850000;0.000000
373.807041;2.897230;51.409607;0.020656;-0.099600;2.850000;0.000000
374.006938;3.097707;51.411749;0.002171;-0.084814;2.850000;0.000000
374.206835;3.298434;51.410478;-0.013396;-0.070306;2.850000;0.000000
374.406732;3.499251;51.406370;-0.020454;-0.056034;2.850000;0.000000
