# s_m;x_m;y_m;psi_rad;kappa_radpm;vx_mps;ax_mps2
0.000000;2.000001;52.350002;-3.013960;0.227243;2.850000;0.000000
0.199953;1.803496;52.324784;-2.992956;0.211717;2.850000;0.000000
0.399906;1.607915;52.291290;-2.952502;0.195914;2.850000;0.000000
0.599858;1.413339;52.250117;-2.915099;0.180155;2.850000;0.000000
0.799811;1.219852;52.201862;-2.880714;0.164676;2.850000;0.000000
0.999764;1.027534;52.147122;-2.849290;0.149633;2.850000;0.000000
1.199717;0.836469;52.086494;-2.820753;0.135114;2.850000;0.000000
1.399669;0.646738;52.020575;-2.795019;0.121153;2.850000;0.000000
1.599622;0.458423;51.949962;-2.772004;0.107738;2.850000;0.000000
1.799575;0.271607;51.875253;-2.751629;0.094824;2.850000;0.000000
1.999528;0.086370;51.797043;-2.733601;0.082462;2.850000;0.000000
2.199480;-0.097357;51.715770;-2.716842;0.082441;2.850000;0.000000
2.399433;-0.279418;51.631604;-2.700312;0.082368;2.850000;0.000000
2.599386;-0.459810;51.544567;-2.683826;0.082244;2.850000;0.000000
2.799339;-0.638532;51.454679;-2.667389;0.082070;2.850000;0.000000
2.999291;-0.815582;51.361961;-2.651008;0.081847;2.850000;0.000000
3.199244;-0.990958;51.266434;-2.634689;0.081575;2.850000;0.000000
3.399197;-1.164658;51.168119;-2.618437;0.081257;2.850000;0.000000
3.599150;-1.336680;51.067036;-2.602260;0.080894;2.850000;0.000000
3.799102;-1.507022;50.963206;-2.586161;0.080487;2.850000;0.000000
3.999055;-1.675685;50.856648;-2.570270;0.079841;2.850000;0.000000
4.199008;-1.842773;50.747373;-2.555185;0.072379;2.850000;0.000000
4.398961;-2.008326;50.635653;-2.541474;0.064915;2.850000;0.000000
4.598914;-2.172490;50.521744;-2.529247;0.057467;2.850000;0.000000
4.798866;-2.335410;50.405904;-2.518501;0.050045;2.850000;0.000000
4.998819;-2.497232;50.288390;-2.509232;0.042656;2.850000;0.000000
5.198772;-2.658101;50.169456;-2.501434;0.035299;2.850000;0.000000
5.398725;-2.818165;50.049361;-2.495104;0.027971;2.850000;0.000000
5.598677;-2.977568;49.928362;-2.490238;0.020664;2.850000;0.000000
5.798630;-3.136457;49.806714;-2.486832;0.013370;2.850000;0.000000
5.998583;-3.294984;49.684668;-2.484693;0.006591;2.850000;0.000000
6.198536;-3.453385;49.562314;-2.482964;0.009270;2.850000;0.000000
6.398488;-3.611496;49.439716;-2.480842;0.011952;2.850000;0.000000
6.598441;-3.769259;49.316783;-2.478183;0.014636;2.850000;0.000000
6.798394;-3.926616;49.193424;-2.474988;0.017320;2.850000;0.000000
6.998347;-4.083512;49.069547;-2.471258;0.020003;2.850000;0.000000
7.198299;-4.239889;48.945061;-2.466992;0.022681;2.850000;0.000000
7.398252;-4.395690;48.819876;-2.462191;0.025354;2.850000;0.000000
7.598205;-4.550858;48.693900;-2.456858;0.028018;2.850000;0.000000
7.798158;-4.705336;48.567043;-2.450992;0.030670;2.850000;0.000000
7.998110;-4.859062;48.439217;-2.444645;0.033121;2.850000;0.000000
8.198063;-5.011933;48.310395;-2.438009;0.033543;2.850000;0.000000
8.398016;-5.163973;48.180520;-2.431258;0.033976;2.850000;0.000000
8.597969;-5.315151;48.049594;-2.424419;0.034420;2.850000;0.000000
8.797922;-5.465438;47.917619;-2.417489;0.034876;2.850000;0.000000
8.997874;-5.614802;47.784596;-2.410467;0.035343;2.850000;0.000000
9.197827;-5.763215;47.650529;-2.403350;0.035822;2.850000;0.000000
9.397780;-5.910645;47.515417;-2.396138;0.036313;2.850000;0.000000
9.597733;-6.057063;47.379265;-2.388827;0.036815;2.850000;0.000000
9.797685;-6.202438;47.242073;-2.381417;0.037330;2.850000;0.000000
9.997638;-6.346758;47.103827;-2.373960;0.037564;2.850000;0.000000
10.197591;-6.490134;46.964422;-2.366691;0.035475;2.850000;0.000000
10.397544;-6.632483;46.824038;-2.359809;0.033371;2.850000;0.000000
10.597496;-6.773871;46.682729;-2.353349;0.031254;2.850000;0.000000
10.797449;-6.914364;46.540548;-2.347315;0.029127;2.850000;0.000000
10.997402;-7.054030;46.397549;-2.341706;0.026993;2.850000;0.000000
11.197355;-7.192936;46.253785;-2.336524;0.024852;2.850000;0.000000
11.397307;-7.331148;46.109309;-2.331769;0.022707;2.850000;0.000000
11.597260;-7.468732;45.964175;-2.327443;0.020560;2.850000;0.000000
11.797213;-7.605757;45.818436;-2.323545;0.018412;2.850000;0.000000
11.997166;-7.742261;45.672175;-2.319957;0.016981;2.850000;0.000000
12.197118;-7.878143;45.525557;-2.316252;0.019585;2.850000;0.000000
12.397071;-8.013485;45.378371;-2.312075;0.022193;2.850000;0.000000
12.597024;-8.148195;45.230560;-2.307376;0.024807;2.850000;0.000000
12.796977;-8.282180;45.082071;-2.302152;0.027428;2.850000;0.000000
12.996929;-8.415351;44.932847;-2.296404;0.030057;2.850000;0.000000
13.196882;-8.547615;44.782834;-2.290129;0.032696;2.850000;0.000000
13.396835;-8.678880;44.631976;-2.283326;0.035344;2.850000;0.000000
13.596788;-8.809056;44.480218;-2.275993;0.038001;2.850000;0.000000
13.796741;-8.938051;44.327504;-2.268131;0.040668;2.850000;0.000000
13.996693;-9.065787;44.173762;-2.260002;0.041587;2.850000;0.000000
14.196646;-9.192311;44.018936;-2.252510;0.034297;2.850000;0.000000
14.396599;-9.317758;43.863261;-2.246383;0.026993;2.850000;0.000000
14.596552;-9.442359;43.706918;-2.241717;0.019682;2.850000;0.000000
14.796504;-9.566344;43.550084;-2.238513;0.012369;2.850000;0.000000
14.996457;-9.689946;43.392937;-2.236771;0.005057;2.850000;0.000000
15.196410;-9.813396;43.235657;-2.236491;-0.002254;2.850000;0.000000
15.396363;-9.936926;43.078422;-2.237673;-0.009562;2.850000;0.000000
15.596315;-10.060766;42.921411;-2.240315;-0.016867;2.850000;0.000000
15.796268;-10.185148;42.764801;-2.244415;-0.024165;2.850000;0.000000
15.996221;-10.310282;42.608798;-2.249465;-0.027817;2.850000;0.000000
16.196174;-10.436176;42.453531;-2.253866;-0.017647;2.850000;0.000000
16.396126;-10.562637;42.298684;-2.256379;-0.007488;2.850000;0.000000
16.596079;-10.689345;42.144008;-2.256861;0.002664;2.850000;0.000000
16.796032;-10.815979;41.989255;-2.255314;0.012812;2.850000;0.000000
16.995985;-10.942218;41.834176;-2.251737;0.022963;2.850000;0.000000
17.195937;-11.067741;41.678522;-2.246130;0.033117;2.850000;0.000000
17.395890;-11.192227;41.522044;-2.238493;0.043271;2.850000;0.000000
17.595843;-11.315356;41.364494;-2.228826;0.053419;2.850000;0.000000
17.795796;-11.436806;41.205623;-2.217132;0.063542;2.850000;0.000000
17.995749;-11.556234;41.045213;-2.203466;0.073270;2.850000;0.000000
18.195701;-11.673262;40.883129;-2.187964;0.081889;2.850000;0.000000
18.395654;-11.787628;40.719140;-2.170720;0.090604;2.850000;0.000000
18.595607;-11.898991;40.553128;-2.151728;0.099404;2.850000;0.000000
18.795560;-12.007010;40.384972;-2.130974;0.108270;2.850000;0.000000
18.995512;-12.111344;40.214554;-2.108449;0.117166;2.850000;0.000000
19.195465;-12.211652;40.041754;-2.084149;0.126042;2.850000;0.000000
19.395418;-12.307593;39.866453;-2.058079;0.134830;2.850000;0.000000
19.595371;-12.398825;39.688532;-2.030253;0.143445;2.850000;0.000000
19.795323;-12.485009;39.507872;-2.000696;0.151786;2.850000;0.000000
19.995276;-12.565815;39.324323;-1.969356;0.160424;2.850000;0.000000
20.195229;-12.640831;39.137832;-1.935971;0.171659;2.850000;0.000000
20.395182;-12.709398;38.948768;-1.900209;0.183997;2.850000;0.000000
20.595134;-12.770877;38.757436;-1.861882;0.197433;2.850000;0.000000
20.795087;-12.824631;38.564138;-1.820815;0.211914;2.850000;0.000000
20.995040;-12.870022;38.369181;-1.776847;0.227325;2.850000;0.000000
21.194993;-12.906413;38.172866;-1.729837;0.243468;2.850000;0.000000
21.394945;-12.933167;37.975500;-1.679677;0.260038;2.850000;0.000000
21.594898;-12.949645;37.777386;-1.626308;0.276608;2.850000;0.000000
21.794851;-12.955209;37.578828;-1.569739;0.292619;2.850000;0.000000
21.994804;-12.949225;37.380107;-1.510704;0.302111;2.850000;0.000000
22.194757;-12.931313;37.181638;-1.451062;0.297631;2.850000;0.000000
22.394709;-12.901596;36.984220;-1.391916;0.294679;2.850000;0.000000
22.594662;-12.860249;36.788617;-1.333121;0.293286;2.850000;0.000000
22.794615;-12.807449;36.595592;-1.274392;0.293454;2.850000;0.000000
22.994568;-12.743369;36.405907;-1.215446;0.295158;2.850000;0.000000
23.194520;-12.668186;36.220326;-1.156004;0.298342;2.850000;0.000000
23.394473;-12.582075;36.039613;-1.095799;0.302916;2.850000;0.000000
23.594426;-12.485211;35.864529;-1.034575;0.308750;2.850000;0.000000
23.794379;-12.377768;35.695838;-0.972137;0.315662;2.850000;0.000000
23.994331;-12.260032;35.534437;-0.909018;0.317467;2.850000;0.000000
24.194284;-12.132558;35.381046;-0.846904;0.305539;2.850000;0.000000
24.394237;-11.995827;35.235555;-0.787008;0.294161;2.850000;0.000000
24.594190;-11.850581;35.098160;-0.729218;0.283700;2.850000;0.000000
24.794142;-11.697564;34.969055;-0.673329;0.274433;2.850000;0.000000
24.994095;-11.537518;34.848433;-0.619105;0.266561;2.850000;0.000000
25.194048;-11.371185;34.736491;-0.566284;0.260234;2.850000;0.000000
25.394001;-11.199309;34.633421;-0.514589;0.255563;2.850000;0.000000
25.593953;-11.022631;34.539418;-0.463729;0.252642;2.850000;0.000000
25.793906;-10.841895;34.454677;-0.413351;0.251552;2.850000;0.000000
25.993859;-10.657457;34.379245;-0.363203;0.251188;2.850000;0.000000
26.193812;-10.469318;34.313074;-0.313551;0.247913;2.850000;0.000000
26.393765;-10.278647;34.256417;-0.264639;0.243608;2.850000;0.000000
26.593717;-10.085673;34.209108;-0.216726;0.238441;2.850000;0.000000
26.793670;-9.890627;34.170982;-0.169898;0.232584;2.850000;0.000000
26.993623;-9.693739;34.141871;-0.124223;0.226208;2.850000;0.000000
27.193576;-9.495240;34.121611;-0.079743;0.219476;2.850000;0.000000
27.393528;-9.295359;34.110036;-0.036481;0.212537;2.850000;0.000000
27.593481;-9.094328;34.106979;0.005556;0.205522;2.850000;0.000000
27.793434;-8.892377;34.112275;0.046315;0.198546;2.850000;0.000000
27.993387;-8.690502;34.125695;0.086272;0.196337;2.850000;0.000000
28.193339;-8.489775;34.147094;0.126843;0.203844;2.850000;0.000000
28.393292;-8.289698;34.176809;0.169050;0.213545;2.850000;0.000000
28.593245;-8.091138;34.215133;0.213434;0.225463;2.850000;0.000000
28.793198;-7.894961;34.262362;0.260354;0.239619;2.850000;0.000000
28.993150;-7.702035;34.318791;0.310166;0.256006;2.850000;0.000000
29.193103;-7.513227;34.384712;0.363222;0.274545;2.850000;0.000000
29.393056;-7.329404;34.460422;0.419851;0.295043;2.850000;0.000000
29.593009;-7.151433;34.546215;0.480346;0.317129;2.850000;0.000000
29.792961;-6.980182;34.642385;0.545051;0.340195;2.850000;0.000000
29.992914;-6.815847;34.749686;0.612720;0.349573;2.850000;0.000000
30.192867;-6.658291;34.868666;0.679189;0.328140;2.850000;0.000000
30.392820;-6.508706;34.997648;0.741731;0.304632;2.850000;0.000000
30.592773;-6.366784;35.135765;0.799683;0.280306;2.850000;0.000000
30.792725;-6.232216;35.282151;0.853034;0.256136;2.850000;0.000000
30.992678;-6.104694;35.435942;0.901882;0.232803;2.850000;0.000000
31.192631;-5.983909;35.596269;0.946398;0.210734;2.850000;0.000000
31.392584;-5.869553;35.762269;0.986798;0.190143;2.850000;0.000000
31.592536;-5.761316;35.933074;1.023315;0.171092;2.850000;0.000000
31.792489;-5.658890;36.107819;1.056150;0.153530;2.850000;0.000000
31.992442;-5.562218;36.285163;1.085717;0.139138;2.850000;0.000000
32.192395;-5.471009;36.464271;1.112593;0.127555;2.850000;0.000000
32.392347;-5.384500;36.645491;1.137041;0.115905;2.850000;0.000000
32.592300;-5.302296;36.828525;1.159130;0.104263;2.850000;0.000000
32.792253;-5.224008;37.013074;1.178871;0.092674;2.850000;0.000000
32.992206;-5.149243;37.198840;1.196276;0.081157;2.850000;0.000000
33.192158;-5.077608;37.385524;1.211360;0.069709;2.850000;0.000000
33.392111;-5.008713;37.572827;1.224135;0.058307;2.850000;0.000000
33.592064;-4.942166;37.760452;1.234610;0.046911;2.850000;0.000000
33.792017;-4.877574;37.948099;1.242789;0.035466;2.850000;0.000000
33.991969;-4.814517;38.135558;1.248730;0.024521;2.850000;0.000000
34.191922;-4.752545;38.322791;1.252541;0.014073;2.850000;0.000000
34.391875;-4.691184;38.509915;1.254266;0.003438;2.850000;0.000000
34.591828;-4.629923;38.697161;1.253895;-0.007201;2.850000;0.000000
34.791781;-4.568252;38.884760;1.251437;-0.017660;2.850000;0.000000
34.991733;-4.505659;39.072943;1.246928;-0.027763;2.850000;0.000000
35.191686;-4.441635;39.261944;1.240425;-0.037343;2.850000;0.000000
35.391639;-4.375669;39.451992;1.232009;-0.046250;2.850000;0.000000
35.591592;-4.307249;39.643320;1.221779;-0.054351;2.850000;0.000000
35.791544;-4.235864;39.836159;1.209803;-0.061538;2.850000;0.000000
35.991497;-4.161094;40.030445;1.194614;-0.082972;2.850000;-1.391149
36.191450;-4.082237;40.225097;1.173019;-0.121937;2.750668;-1.894444
36.391403;-3.998243;40.418024;1.142915;-0.164608;2.609324;-1.704218
36.591355;-3.908157;40.606800;1.103419;-0.213716;2.475287;-1.509757
36.791308;-3.811022;40.789002;1.053370;-0.272042;2.350167;-1.298651
36.991261;-3.705879;40.962205;0.991257;-0.342232;2.236951;-1.058334
37.191214;-3.591772;41.123985;0.915313;-0.426109;2.140261;-0.775593
37.391166;-3.467744;41.271917;0.823738;-0.523102;2.066531;-0.439126
37.591119;-3.332837;41.403577;0.715160;-0.627606;2.023596;-0.050583
37.791072;-3.186095;41.516540;0.588550;-0.726065;2.018592;-0.009082
37.991025;-3.023975;41.609729;0.451523;-0.736905;2.017692;-0.009082
38.190977;-2.846485;41.681229;0.318051;-0.668992;2.016792;0.269835
38.390930;-2.658837;41.729943;0.194432;-0.604023;2.043370;0.468672
38.590883;-2.463737;41.756599;0.080807;-0.548881;2.088728;0.595620
38.790836;-2.263888;41.761927;-0.024752;-0.506523;2.144988;0.659236
38.990788;-2.061996;41.746653;-0.124426;-0.477693;2.205585;0.665360
39.190741;-1.860766;41.711507;-0.220457;-0.462208;2.265102;0.617112
39.390694;-1.662902;41.657217;-0.315065;-0.459708;2.318938;0.515938
39.590647;-1.471109;41.584510;-0.410445;-0.469982;2.363007;0.363255
39.790600;-1.288092;41.494114;-0.506644;-0.492985;2.393547;0.162873
39.990552;-1.120994;41.390210;-0.600588;-0.454687;2.407115;0.352524
40.190505;-0.965131;41.272886;-0.683495;-0.390536;2.436222;0.668857
40.390458;-0.817963;41.143404;-0.753416;-0.322329;2.490514;0.986869
40.590411;-0.678138;41.003688;-0.810470;-0.255033;2.568523;1.302752
40.790363;-0.544300;40.855662;-0.854952;-0.191110;2.668012;1.623746
40.990316;-0.415096;40.701251;-0.887352;-0.131133;2.787048;0.887370
41.190269;-0.289172;40.542381;-0.908163;-0.074483;2.850000;0.000000
41.390222;-0.165173;40.380974;-0.917753;-0.019880;2.850000;0.000000
41.590174;-0.041746;40.218956;-0.916292;0.034268;2.850000;0.000000
41.790127;0.082463;40.058252;-0.904235;0.089638;2.850000;0.000000
41.990080;0.209248;39.899897;-0.886231;0.093600;2.850000;0.000000
42.190033;0.338412;39.744681;-0.868498;0.082190;2.850000;0.000000
42.389985;0.469503;39.592349;-0.853182;0.070174;2.850000;0.000000
42.589938;0.602222;39.442444;-0.840378;0.057674;2.850000;0.000000
42.789891;0.736270;39.294509;-0.830146;0.044801;2.850000;0.000000
42.989844;0.871348;39.148086;-0.822528;0.031657;2.850000;0.000000
43.189796;1.007159;39.002719;-0.817553;0.018334;2.850000;0.000000
43.389749;1.143402;38.857949;-0.815242;0.004915;2.850000;0.000000
43.589702;1.279779;38.713320;-0.815601;-0.008521;2.850000;0.000000
43.789655;1.415992;38.568375;-0.818496;-0.021895;2.850000;0.000000
43.989608;1.551802;38.422667;-0.822842;-0.023089;2.850000;0.000000
44.189560;1.687118;38.276145;-0.827282;-0.021453;2.850000;0.000000
44.389513;1.821953;38.128883;-0.831404;-0.019839;2.850000;0.000000
44.589466;1.956328;37.980951;-0.835210;-0.018246;2.850000;0.000000
44.789419;2.090265;37.832415;-0.838701;-0.016671;2.850000;0.000000
44.989371;2.223787;37.683343;-0.841882;-0.015112;2.850000;0.000000
45.189324;2.356914;37.533804;-0.844753;-0.013567;2.850000;0.000000
45.389277;2.489670;37.383864;-0.847316;-0.012034;2.850000;0.000000
45.589230;2.622075;37.233592;-0.849573;-0.010510;2.850000;0.000000
45.789182;2.754152;37.083055;-0.851524;-0.008992;2.850000;0.000000
45.989135;2.885876;36.932373;-0.853160;-0.007358;2.850000;0.000000
46.189088;3.017334;36.781550;-0.854466;-0.005697;2.850000;0.000000
46.389041;3.148589;36.630612;-0.855439;-0.004034;2.850000;0.000000
46.588993;3.279694;36.479600;-0.856079;-0.002368;2.850000;0.000000
46.788946;3.410705;36.328552;-0.856386;-0.000701;2.850000;0.000000
46.988899;3.541676;36.177509;-0.856359;0.000967;2.850000;0.000000
47.188852;3.672660;36.026508;-0.855999;0.002637;2.850000;0.000000
47.388804;3.803712;35.875590;-0.855305;0.004307;2.850000;0.000000
47.588757;3.934887;35.724794;-0.854277;0.005977;2.850000;0.000000
47.788710;4.066238;35.574158;-0.852970;0.007646;2.850000;0.000000
47.988663;4.197871;35.423631;-0.851767;0.004937;2.850000;0.000000
48.188616;4.329663;35.273222;-0.851119;0.001545;2.850000;0.000000
48.388568;4.461500;35.122856;-0.851150;-0.001846;2.850000;0.000000
48.588521;4.593277;34.972444;-0.851858;-0.005238;2.850000;0.000000
48.788474;4.724892;34.821901;-0.853245;-0.008632;2.850000;0.000000
48.988427;4.856241;34.671139;-0.855310;-0.012026;2.850000;0.000000
49.188379;4.987219;34.520069;-0.858054;-0.015421;2.850000;0.000000
49.388332;5.117723;34.368605;-0.861477;-0.018818;2.850000;0.000000
49.588285;5.247649;34.216660;-0.865578;-0.022215;2.850000;0.000000
49.788238;5.376893;34.064146;-0.870274;-0.025612;2.850000;0.000000
49.988190;5.505379;33.910996;-0.875014;-0.022663;2.850000;0.000000
50.188143;5.633171;33.757264;-0.879177;-0.018981;2.850000;0.000000
50.388096;5.760383;33.603043;-0.882603;-0.015298;2.850000;0.000000
50.588049;5.887130;33.448425;-0.885294;-0.011616;2.850000;0.000000
50.788001;6.013526;33.293504;-0.887248;-0.007935;2.850000;0.000000
50.987954;6.139683;33.138372;-0.888467;-0.004254;2.850000;0.000000
51.187907;6.265718;32.983121;-0.888950;-0.000575;2.850000;0.000000
51.387860;6.391744;32.827846;-0.888697;0.003103;2.850000;0.000000
51.587812;6.517874;32.672638;-0.887709;0.006779;2.850000;0.000000
51.787765;6.644224;32.517590;-0.886080;0.010454;2.850000;0.000000
51.987718;6.770840;32.362817;-0.884376;0.007532;2.850000;0.000000
52.187671;6.897694;32.208230;-0.883213;0.004104;2.850000;0.000000
52.387624;7.024678;32.053742;-0.882735;0.000676;2.850000;0.000000
52.587576;7.151683;31.899271;-0.882943;-0.002751;2.850000;0.000000
52.787529;7.278601;31.744733;-0.883836;-0.006179;2.850000;0.000000
52.987482;7.405322;31.590046;-0.885414;-0.009609;2.850000;0.000000
53.187435;7.531737;31.435126;-0.887678;-0.013040;2.850000;0.000000
53.387387;7.657736;31.279890;-0.890629;-0.016474;2.850000;0.000000
53.587340;7.783211;31.124255;-0.894266;-0.019910;2.850000;0.000000
53.787293;7.908053;30.968139;-0.898536;-0.023349;2.850000;0.000000
53.987246;8.032230;30.811394;-0.903133;-0.023190;2.850000;0.000000
54.187198;8.155672;30.654084;-0.907738;-0.022869;2.850000;0.000000
54.387151;8.278386;30.496221;-0.912279;-0.022546;2.850000;0.000000
54.587104;8.400382;30.337812;-0.916754;-0.022222;2.850000;0.000000
54.787057;8.521671;30.178865;-0.921165;-0.021897;2.850000;0.000000
54.987009;8.642264;30.019389;-0.925510;-0.021570;2.850000;0.000000
55.186962;8.762169;29.859391;-0.929790;-0.021242;2.850000;0.000000
55.386915;8.881399;29.698879;-0.934004;-0.020913;2.850000;0.000000
55.586868;8.999962;29.537862;-0.938153;-0.020583;2.850000;0.000000
55.786820;9.117871;29.376346;-0.942200;-0.020252;2.850000;0.000000
55.986773;9.235095;29.214418;-0.945968;-0.017787;2.850000;0.000000
56.186726;9.351752;29.052062;-0.949276;-0.015303;2.850000;0.000000
56.386679;9.467921;28.889336;-0.952088;-0.012820;2.850000;0.000000
56.586632;9.583681;28.726302;-0.954403;-0.010340;2.850000;0.000000
56.786584;9.699109;28.563019;-0.956223;-0.007860;2.850000;0.000000
56.986537;9.814286;28.399549;-0.957547;-0.005382;2.850000;0.000000
57.186490;9.929289;28.235952;-0.958375;-0.002904;2.850000;0.000000
57.386443;10.044197;28.072288;-0.958708;-0.000427;2.850000;0.000000
57.586395;10.159088;27.908617;-0.958546;0.002051;2.850000;0.000000
57.786348;10.274042;27.745001;-0.957935;0.004475;2.850000;0.000000
57.986301;10.389140;27.581461;-0.957100;0.004292;2.850000;0.000000
58.186254;10.504372;27.418029;-0.956260;0.004109;2.850000;0.000000
58.386206;10.619733;27.254700;-0.955457;0.003925;2.850000;0.000000
58.586159;10.735217;27.091467;-0.954691;0.003742;2.850000;0.000000
58.786112;10.850821;26.928326;-0.953961;0.003558;2.850000;0.000000
58.986065;10.966537;26.765270;-0.953268;0.003374;2.850000;0.000000
59.186017;11.082363;26.602295;-0.952611;0.003191;2.850000;0.000000
59.385970;11.198292;26.439394;-0.951992;0.003007;2.850000;0.000000
59.585923;11.314319;26.276562;-0.951409;0.002823;2.850000;0.000000
59.785876;11.430439;26.113795;-0.950872;0.002616;2.850000;0.000000
59.985828;11.546635;25.951096;-0.950417;0.001994;2.850000;0.000000
60.185781;11.662899;25.788440;-0.950081;0.001371;2.850000;0.000000
60.385734;11.779210;25.625812;-0.949869;0.000749;2.850000;0.000000
60.585687;11.895548;25.463198;-0.949781;0.000127;2.850000;0.000000
60.785640;12.011893;25.300583;-0.949818;-0.000495;2.850000;0.000000
60.985592;12.128225;25.137952;-0.949979;-0.001117;2.850000;0.000000
61.185545;12.244523;24.975291;-0.950264;-0.001738;2.850000;0.000000
61.385498;12.360769;24.812585;-0.950674;-0.002360;2.850000;0.000000
61.585451;12.476941;24.649819;-0.951208;-0.002982;2.850000;0.000000
61.785403;12.593017;24.486982;-0.951843;-0.003511;2.850000;0.000000
61.985356;12.708966;24.324093;-0.952479;-0.003003;2.850000;0.000000
62.185309;12.824819;24.161129;-0.953029;-0.002496;2.850000;0.000000
62.385262;12.940594;23.998105;-0.953477;-0.001988;2.850000;0.000000
62.585214;13.056306;23.835032;-0.953824;-0.001481;2.850000;0.000000
62.785167;13.171971;23.671923;-0.954070;-0.000973;2.850000;0.000000
62.985120;13.287604;23.508791;-0.954214;-0.000466;2.850000;0.000000
63.185073;13.403222;23.345648;-0.954256;0.000041;2.850000;0.000000
63.385025;13.518840;23.182508;-0.954197;0.000548;2.850000;0.000000
63.584978;13.634475;23.019382;-0.954037;0.001056;2.850000;0.000000
63.784931;13.750143;22.856283;-0.953790;0.001489;2.850000;0.000000
63.984884;13.865866;22.693203;-0.953517;0.001323;2.850000;0.000000
64.184836;13.981629;22.530158;-0.953269;0.001156;2.850000;0.000000
64.384789;14.097428;22.367143;-0.953055;0.000990;2.850000;0.000000
64.584742;14.213257;22.204153;-0.952873;0.000824;2.850000;0.000000
64.784695;14.329111;22.041185;-0.952725;0.000658;2.850000;0.000000
64.984647;14.444986;21.878235;-0.952610;0.000491;2.850000;0.000000
65.184600;14.560875;21.715297;-0.952529;0.000325;2.850000;0.000000
65.384553;14.676773;21.552369;-0.952480;0.000159;2.850000;0.000000
65.584506;14.792676;21.389444;-0.952465;-0.000007;2.850000;0.000000
65.784459;14.908579;21.226520;-0.952479;-0.000150;2.850000;0.000000
65.984411;15.024480;21.063590;-0.952507;-0.000144;2.850000;0.000000
66.184364;15.140376;20.900657;-0.952535;-0.000138;2.850000;0.000000
66.384317;15.256267;20.737720;-0.952562;-0.000133;2.850000;0.000000
66.584270;15.372155;20.574779;-0.952588;-0.000127;2.850000;0.000000
66.784222;15.488040;20.411834;-0.952613;-0.000121;2.850000;0.000000
66.984175;15.603921;20.248885;-0.952636;-0.000115;2.850000;0.000000
67.184128;15.719800;20.085932;-0.952659;-0.000110;2.850000;0.000000
67.384081;15.835677;19.922974;-0.952680;-0.000104;2.850000;0.000000
67.584033;15.951553;19.760011;-0.952700;-0.000098;2.850000;0.000000
67.783986;16.067424;19.597047;-0.952720;-0.000098;2.850000;0.000000
67.983939;16.183283;19.434094;-0.952743;-0.000124;2.850000;0.000000
68.183892;16.299139;19.271135;-0.952770;-0.000149;2.850000;0.000000
68.383844;16.414992;19.108171;-0.952802;-0.000175;2.850000;0.000000
68.583797;16.530841;18.945200;-0.952840;-0.000201;2.850000;0.000000
68.783750;16.646685;18.782223;-0.952883;-0.000226;2.850000;0.000000
68.983703;16.762522;18.619239;-0.952931;-0.000252;2.850000;0.000000
69.183655;16.878353;18.456248;-0.952984;-0.000278;2.850000;0.000000
69.383608;16.994175;18.293249;-0.953042;-0.000304;2.850000;0.000000
69.583561;17.109988;18.130242;-0.953105;-0.000329;2.850000;0.000000
69.783514;17.225789;17.967229;-0.953172;-0.000345;2.850000;0.000000
69.983467;17.341572;17.804218;-0.953238;-0.000322;2.850000;0.000000
70.183419;17.457345;17.641199;-0.953300;-0.000298;2.850000;0.000000
70.383372;17.573109;17.478172;-0.953357;-0.000274;2.850000;0.000000
70.583325;17.688865;17.315137;-0.953410;-0.000251;2.850000;0.000000
70.783278;17.804614;17.152095;-0.953458;-0.000227;2.850000;0.000000
70.983230;17.920357;16.989046;-0.953501;-0.000203;2.850000;0.000000
71.183183;18.036094;16.825991;-0.953539;-0.000180;2.850000;0.000000
71.383136;18.151827;16.662930;-0.953572;-0.000156;2.850000;0.000000
71.583089;18.267556;16.499862;-0.953601;-0.000132;2.850000;0.000000
71.783041;18.383282;16.336791;-0.953627;-0.000118;2.850000;0.000000
71.982994;18.499002;16.173719;-0.953653;-0.000138;2.850000;0.000000
72.182947;18.614718;16.010643;-0.953682;-0.000158;2.850000;0.000000
72.382900;18.730430;15.847563;-0.953716;-0.000177;2.850000;0.000000
72.582852;18.846135;15.684479;-0.953753;-0.000197;2.850000;0.000000
72.782805;18.961833;15.521392;-0.953794;-0.000216;2.850000;0.000000
72.982758;19.077523;15.358302;-0.953839;-0.000236;2.850000;0.000000
73.182711;19.193202;15.195211;-0.953889;-0.000256;2.850000;0.000000
73.382663;19.308869;15.032118;-0.953942;-0.000276;2.850000;0.000000
73.582616;19.424524;14.869025;-0.953999;-0.000295;2.850000;0.000000
73.782569;19.540164;14.705931;-0.954052;-0.000254;2.850000;0.000000
73.982522;19.655792;14.542837;-0.954079;-0.000035;2.850000;0.000000
74.182475;19.771417;14.379746;-0.954064;0.000185;2.850000;0.000000
74.382427;19.887048;14.216659;-0.954005;0.000405;2.850000;0.000000
74.582380;20.002696;14.053577;-0.953902;0.000625;2.850000;0.000000
74.782333;20.118368;13.890503;-0.953755;0.000845;2.850000;0.000000
74.982286;20.234076;13.727438;-0.953564;0.001064;2.850000;0.000000
75.182238;20.349827;13.564384;-0.953330;0.001284;2.850000;0.000000
75.382191;20.465633;13.401342;-0.953051;0.001503;2.850000;0.000000
75.582144;20.581503;13.238315;-0.952729;0.001722;2.850000;0.000000
75.782097;20.697447;13.075302;-0.952393;0.001693;2.850000;0.000000
75.982049;20.813463;12.912300;-0.952126;0.001030;2.850000;0.000000
76.182002;20.929520;12.749312;-0.951986;0.000367;2.850000;0.000000
76.381955;21.045587;12.586335;-0.951979;-0.000296;2.850000;0.000000
76.581908;21.161633;12.423368;-0.952105;-0.000960;2.850000;0.000000
76.781860;21.277626;12.260407;-0.952363;-0.001624;2.850000;0.000000
76.981813;21.393538;12.097451;-0.952755;-0.002289;2.850000;0.000000
77.181766;21.509335;11.934496;-0.953279;-0.002957;2.850000;0.000000
77.381719;21.624989;11.771540;-0.953937;-0.003627;2.850000;0.000000
77.581671;21.740467;11.608581;-0.954727;-0.004299;2.850000;0.000000
77.781624;21.855744;11.445611;-0.955532;-0.003964;2.850000;0.000000
77.981577;21.970846;11.282627;-0.956043;-0.001347;2.850000;0.000000
78.181530;22.085876;11.119653;-0.956051;0.001276;2.850000;0.000000
78.381483;22.200953;10.956700;-0.955535;0.003897;2.850000;0.000000
78.581435;22.316195;10.793782;-0.954496;0.006508;2.850000;0.000000
78.781388;22.431722;10.630911;-0.952937;0.009104;2.850000;0.000000
78.981341;22.547650;10.468102;-0.950860;0.011677;2.850000;0.000000
79.181294;22.664101;10.305365;-0.948269;0.014221;2.850000;0.000000
79.381246;22.781191;10.142714;-0.945167;0.016728;2.850000;0.000000
79.581199;22.899040;9.980163;-0.941578;0.019193;2.850000;0.000000
79.781152;23.017711;9.817787;-0.938545;0.012480;2.850000;0.000000
79.981105;23.136867;9.655515;-0.938644;-0.012129;2.850000;0.000000
80.181057;23.255703;9.492847;-0.943563;-0.036718;2.850000;0.000000
80.381010;23.373264;9.329399;-0.953452;-0.061552;2.850000;0.000000
80.580963;23.488597;9.164783;-0.968361;-0.086855;2.850000;0.000000
80.780916;23.600749;8.998616;-0.988367;-0.112792;2.850000;0.000000
80.980868;23.708765;8.830511;-1.013561;-0.139434;2.850000;0.000000
81.180821;23.811691;8.660082;-1.044035;-0.166720;2.850000;0.000000
81.380774;23.908574;8.486944;-1.079863;-0.194411;2.850000;0.000000
81.580727;23.998460;8.310712;-1.121072;-0.222048;2.850000;0.000000
81.780679;24.080510;8.130760;-1.166100;-0.234864;2.850000;0.000000
81.980632;24.154352;7.946768;-1.211072;-0.220988;2.850000;0.000000
82.180585;24.220138;7.759495;-1.253534;-0.206718;2.850000;0.000000
82.380538;24.278297;7.569293;-1.293232;-0.192380;2.850000;0.000000
82.580491;24.329257;7.376516;-1.330186;-0.178227;2.850000;0.000000
82.780443;24.373444;7.181515;-1.364445;-0.164439;2.850000;0.000000
82.980396;24.411287;6.984645;-1.396078;-0.151137;2.850000;0.000000
83.180349;24.443214;6.786258;-1.425165;-0.138387;2.850000;0.000000
83.380302;24.469653;6.586706;-1.451794;-0.126212;2.850000;0.000000
83.580254;24.491031;6.386343;-1.476073;-0.114602;2.850000;0.000000
83.780207;24.507766;6.185549;-1.498901;-0.111152;2.850000;0.000000
83.980160;24.519963;5.984621;-1.522154;-0.119213;2.850000;0.000000
84.180113;24.527327;5.783709;-1.546965;-0.127602;2.850000;0.000000
84.380065;24.529536;5.583003;-1.573451;-0.136308;2.850000;0.000000
84.580018;24.526263;5.382692;-1.601660;-0.145302;2.850000;0.000000
84.779971;24.517185;5.182964;-1.631636;-0.154535;2.850000;0.000000
84.979924;24.501977;4.984009;-1.663413;-0.163939;2.850000;0.000000
85.179876;24.480315;4.786016;-1.697016;-0.173421;2.850000;0.000000
85.379829;24.451875;4.589174;-1.732454;-0.182860;2.850000;0.000000
85.579782;24.416332;4.393671;-1.769684;-0.192108;2.850000;0.000000
85.779735;24.373374;4.199692;-1.807642;-0.190820;2.850000;0.000000
85.979687;24.323079;4.007336;-1.844175;-0.177168;2.850000;0.000000
86.179640;24.265959;3.816611;-1.878089;-0.163455;2.850000;0.000000
86.379593;24.202545;3.627515;-1.909337;-0.149866;2.850000;0.000000
86.579546;24.133372;3.440047;-1.937951;-0.136527;2.850000;0.000000
86.779499;24.058974;3.254208;-1.963978;-0.123518;2.850000;0.000000
86.979451;23.979883;3.069996;-1.987472;-0.110875;2.850000;0.000000
87.179404;23.896633;2.887411;-2.008488;-0.098604;2.850000;0.000000
87.379357;23.809757;2.706452;-2.027082;-0.086678;2.850000;0.000000
87.579310;23.719789;2.527118;-2.043311;-0.075048;2.850000;0.000000
87.779262;23.627343;2.349571;-2.057496;-0.066423;2.850000;0.000000
87.979215;23.532776;2.173699;-2.070175;-0.060376;2.850000;0.000000
88.179168;23.436188;1.999146;-2.081601;-0.054165;2.850000;0.000000
88.379121;23.337759;1.825713;-2.091772;-0.047829;2.850000;0.000000
88.579073;23.237665;1.653201;-2.100671;-0.041404;2.850000;0.000000
88.779026;23.136085;1.481413;-2.108288;-0.034924;2.850000;0.000000
88.978979;23.033197;1.310148;-2.114616;-0.028418;2.850000;0.000000
89.178932;22.929177;1.139209;-2.119651;-0.021915;2.850000;0.000000
89.378884;22.824205;0.968397;-2.123395;-0.015440;2.850000;0.000000
89.578837;22.718458;0.797513;-2.125890;-0.009015;2.850000;0.000000
89.778790;22.612142;0.626435;-2.127928;-0.010593;2.850000;0.000000
89.978743;22.505259;0.455278;-2.130928;-0.018901;2.850000;0.000000
90.178695;22.397635;0.284391;-2.135590;-0.027273;2.850000;0.000000
90.378648;22.289124;0.114181;-2.141955;-0.035809;2.850000;0.000000
90.578601;22.179579;-0.054941;-2.150053;-0.044603;2.850000;0.000000
90.778554;22.068855;-0.222566;-2.159928;-0.053752;2.850000;0.000000
90.978506;21.956804;-0.388287;-2.171637;-0.063356;2.850000;0.000000
91.178459;21.843281;-0.551693;-2.185247;-0.073513;2.850000;0.000000
91.378412;21.728138;-0.712377;-2.200840;-0.084326;2.850000;0.000000
91.578365;21.611230;-0.869928;-2.218477;-0.095895;2.850000;0.000000
91.778318;21.492444;-1.023914;-2.237677;-0.101956;2.850000;0.000000
91.978270;21.371456;-1.174522;-2.257379;-0.101979;2.850000;0.000000
92.178223;21.247786;-1.322420;-2.276886;-0.100228;2.850000;0.000000
92.378176;21.120981;-1.468247;-2.295936;-0.096779;2.850000;0.000000
92.578129;20.990589;-1.612645;-2.314292;-0.091808;2.850000;0.000000
92.778081;20.856155;-1.756252;-2.331745;-0.085571;2.850000;0.000000
92.978034;20.717228;-1.899710;-2.348118;-0.078373;2.850000;0.000000
93.177987;20.573355;-2.043658;-2.363270;-0.070545;2.850000;0.000000
93.377940;20.424083;-2.188736;-2.377101;-0.062409;2.850000;0.000000
93.577892;20.268960;-2.335584;-2.389700;-0.054259;2.850000;-1.899578
93.777845;20.108094;-2.484229;-2.403857;-0.072791;2.713457;-2.296618
93.977798;19.941955;-2.632814;-2.424434;-0.111377;2.538586;-2.138878
94.177751;19.771529;-2.777732;-2.454289;-0.156303;2.364121;-1.986096
94.377703;19.598163;-2.915003;-2.495026;-0.213689;2.189707;-1.822579
94.577656;19.423204;-3.040648;-2.549169;-0.291811;2.016422;-1.633648
94.777609;19.247999;-3.150688;-2.620527;-0.402609;1.847337;-1.401646
94.977562;19.073895;-3.241144;-2.714524;-0.562638;1.688824;-1.099245
95.177514;18.902239;-3.308036;-2.838326;-0.790098;1.553233;-0.672913
95.377467;18.734378;-3.347385;-2.999841;-1.087913;1.464047;-0.010641
95.577420;18.571658;-3.355213;3.078096;-1.399665;1.462593;-0.004768
95.777373;18.412616;-3.326927;2.849648;-1.403660;1.461941;-0.004768
95.977326;18.259063;-3.261268;2.638627;-1.127915;1.461288;0.586728
96.177278;18.113858;-3.162563;2.464921;-0.851169;1.539480;0.977444
96.377231;17.977511;-3.035134;2.326852;-0.634883;1.661591;1.241003
96.577184;17.850526;-2.883304;2.216860;-0.482430;1.804763;1.421377
96.777137;17.733409;-2.711397;2.127646;-0.379424;1.955910;1.539946
96.977089;17.626669;-2.523735;2.053337;-0.311513;2.107467;1.606534
97.177042;17.530810;-2.324641;1.989428;-0.268520;2.254746;1.623536
97.376995;17.446339;-2.118438;1.932415;-0.244320;2.394398;1.586487
97.576948;17.373763;-1.909449;1.880032;-0.236132;2.523407;1.482207
97.776900;17.314569;-1.705994;1.830501;-0.227272;2.638243;1.402585
97.976853;17.266362;-1.505241;1.785084;-0.211058;2.742486;1.395809
98.176806;17.227530;-1.306053;1.744383;-0.189499;2.842432;0.107723
98.376759;17.196729;-1.108135;1.708984;-0.163499;2.850000;0.000000
98.576711;17.172616;-0.911194;1.679431;-0.134055;2.850000;0.000000
98.776664;17.153845;-0.714933;1.656125;-0.102142;2.850000;0.000000
98.976617;17.139074;-0.519058;1.639339;-0.068645;2.850000;0.000000
99.176570;17.126958;-0.323274;1.629235;-0.034329;2.850000;0.000000
99.376522;17.116153;-0.127287;1.625883;0.000145;2.850000;0.000000
99.576475;17.105316;0.069198;1.628758;0.034183;2.850000;0.000000
99.776428;17.093301;0.266536;1.634289;0.027021;2.850000;0.000000
99.976381;17.080175;0.464637;1.638386;0.014301;2.850000;0.000000
100.176334;17.066437;0.663392;1.639991;0.001836;2.850000;0.000000
100.376286;17.052587;0.862706;1.639128;-0.010449;2.850000;0.000000
100.576239;17.039124;1.062484;1.635816;-0.022627;2.850000;0.000000
100.776192;17.026547;1.262632;1.630060;-0.034766;2.850000;0.000000
100.976145;17.015356;1.463055;1.621861;-0.046927;2.850000;0.000000
101.176097;17.006051;1.663658;1.611209;-0.059161;2.850000;0.000000
101.376050;16.999130;1.864347;1.598090;-0.071509;2.850000;0.000000
101.576003;16.995093;2.065027;1.583190;-0.083993;2.850000;0.000000
101.775956;16.994164;2.264995;1.570705;-0.047438;2.850000;0.000000
101.975908;16.995130;2.464769;1.565360;-0.006031;2.850000;0.000000
102.175861;16.996335;2.664382;1.568303;0.035539;2.850000;0.000000
102.375814;16.996125;2.863807;1.579554;0.077319;2.850000;0.000000
102.575767;16.992844;3.063019;1.599135;0.119245;2.850000;0.000000
102.775719;16.984838;3.261991;1.627046;0.161012;2.850000;-0.368610
102.975672;16.970451;3.460698;1.663222;0.201945;2.824020;-1.212280
103.175625;16.948029;3.659113;1.707475;0.240902;2.736840;-1.064140
103.375578;16.915916;3.857210;1.759434;0.276248;2.657958;-0.972393
103.575530;16.872458;4.054964;1.818600;0.305952;2.583771;-0.958793
103.775483;16.815192;4.255324;1.881735;0.308827;2.508475;-1.062283
103.975436;16.744499;4.453139;1.947754;0.320682;2.422320;-1.129119
104.175389;16.660756;4.645421;2.017431;0.344289;2.327250;-1.119774
104.375342;16.564262;4.829487;2.092702;0.380676;2.228966;-1.047455
104.575294;16.455316;5.002650;2.175703;0.431418;2.132934;-0.928437
104.775247;16.334218;5.162226;2.268739;0.498043;2.044045;-0.758019
104.975200;16.201267;5.305530;2.374178;0.580809;1.968498;-0.530563
105.175153;16.056764;5.429877;2.494148;0.676423;1.913846;-0.246155
105.375105;15.901006;5.532581;2.629865;0.774835;1.887954;-0.007944
105.575058;15.734431;5.610908;2.777404;0.842415;1.887112;-0.007944
105.775011;15.558848;5.663009;2.922823;0.749562;1.886270;0.325111
105.974964;15.374795;5.690865;3.052816;0.643829;1.920424;0.617314
106.174916;15.184131;5.696363;-3.117056;0.543703;1.983657;0.851807
106.374869;14.988717;5.681390;-3.018954;0.458029;2.067738;1.032141
106.574822;14.790412;5.647834;-2.933870;0.389018;2.165248;1.165708
106.774775;14.591077;5.597582;-2.859479;0.335639;2.270346;1.258458
106.974727;14.392571;5.532522;-2.793603;0.295817;2.378599;1.313726
107.174680;14.196755;5.454541;-2.734297;0.267534;2.486584;1.332018
107.374633;14.005487;5.365527;-2.679890;0.249306;2.591483;1.310731
107.574586;13.821005;5.267579;-2.629327;0.237580;2.690716;1.263784
107.774538;13.645322;5.162992;-2.582806;0.215998;2.783046;0.943110
107.974491;13.476225;5.052001;-2.541652;0.190477;2.850000;0.000000
108.174444;13.312773;4.935512;-2.506243;0.162032;2.850000;0.000000
108.374397;13.154026;4.814431;-2.476914;0.131561;2.850000;0.000000
108.574350;12.999043;4.689665;-2.453887;0.099788;2.850000;0.000000
108.774302;12.846884;4.562118;-2.437298;0.067244;2.850000;0.000000
108.974255;12.696607;4.432697;-2.427226;0.034299;2.850000;0.000000
109.174208;12.547272;4.302309;-2.423707;0.001200;2.850000;0.000000
109.374161;12.397938;4.171860;-2.426744;-0.031868;2.850000;0.000000
109.574113;12.247586;4.042184;-2.435169;-0.056143;2.850000;0.000000
109.774066;12.095390;3.913687;-2.445320;-0.049085;2.850000;0.000000
109.974019;11.941752;3.786526;-2.454411;-0.042090;2.850000;0.000000
110.173972;11.786870;3.660513;-2.462122;-0.035155;2.850000;0.000000
110.373924;11.630946;3.535461;-2.468461;-0.028278;2.850000;0.000000
110.573877;11.474177;3.411182;-2.473434;-0.021450;2.850000;0.000000
110.773830;11.316765;3.287490;-2.477049;-0.014663;2.850000;0.000000
110.973783;11.158908;3.164196;-2.479309;-0.007905;2.850000;0.000000
111.173735;11.000807;3.041115;-2.480217;-0.001164;2.850000;0.000000
111.373688;10.842661;2.918058;-2.479779;0.005572;2.850000;0.000000
111.573641;10.684687;2.794853;-2.478447;0.008780;2.850000;0.000000
111.773594;10.527004;2.671480;-2.477548;0.001218;2.850000;0.000000
111.973546;10.369398;2.548106;-2.478062;-0.006356;2.850000;0.000000
112.173499;10.211686;2.424972;-2.480092;-0.013943;2.850000;0.000000
112.373452;10.053686;2.302320;-2.483641;-0.021543;2.850000;0.000000
112.573405;9.895215;2.180394;-2.488710;-0.029157;2.850000;0.000000
112.773358;9.736090;2.059434;-2.495299;-0.036782;2.850000;0.000000
112.973310;9.576128;1.939683;-2.503412;-0.044412;2.850000;0.000000
113.173263;9.415147;1.821384;-2.513046;-0.052038;2.850000;0.000000
113.373216;9.252963;1.704778;-2.524196;-0.059646;2.850000;0.000000
113.573169;9.089412;1.590117;-2.536394;-0.063431;2.850000;0.000000
113.773121;8.924449;1.477513;-2.548352;-0.057171;2.850000;0.000000
113.973074;8.758160;1.366767;-2.559150;-0.050914;2.850000;0.000000
114.173027;8.590696;1.257682;-2.568701;-0.044668;2.850000;0.000000
114.372980;8.422208;1.150059;-2.577009;-0.038439;2.850000;0.000000
114.572932;8.252844;1.043702;-2.584075;-0.032229;2.850000;0.000000
114.772885;8.082755;0.938412;-2.589903;-0.026037;2.850000;0.000000
114.972838;7.912092;0.833992;-2.594494;-0.019861;2.850000;0.000000
115.172791;7.741004;0.730244;-2.597851;-0.013696;2.850000;0.000000
115.372743;7.569642;0.626972;-2.599980;-0.007536;2.850000;0.000000
115.572696;7.398143;0.523971;-2.601264;-0.004617;2.850000;0.000000
115.772649;7.226554;0.421161;-2.602724;-0.009359;2.850000;0.000000
115.972602;7.054812;0.318696;-2.605070;-0.014105;2.850000;0.000000
116.172554;6.882817;0.216737;-2.608365;-0.018853;2.850000;0.000000
116.372507;6.710466;0.115442;-2.612609;-0.023602;2.850000;0.000000
116.572460;6.537656;0.014971;-2.617801;-0.028347;2.850000;0.000000
116.772413;6.364284;-0.084515;-2.623941;-0.033086;2.850000;0.000000
116.972365;6.190250;-0.182858;-2.631028;-0.037812;2.850000;0.000000
117.172318;6.015450;-0.279897;-2.639058;-0.042520;2.850000;0.000000
117.372271;5.839782;-0.375474;-2.648032;-0.047201;2.850000;0.000000
117.572224;5.663139;-0.469431;-2.658027;-0.052582;2.850000;0.000000
117.772177;5.485430;-0.561563;-2.669260;-0.059533;2.850000;0.000000
117.972129;5.306613;-0.651581;-2.681881;-0.066556;2.850000;0.000000
118.172082;5.126636;-0.739198;-2.695914;-0.073656;2.850000;0.000000
118.372035;4.945447;-0.824124;-2.711371;-0.080835;2.850000;0.000000
118.571988;4.762994;-0.906069;-2.728264;-0.088085;2.850000;0.000000
118.771940;4.579227;-0.984746;-2.746603;-0.095393;2.850000;0.000000
118.971893;4.394092;-1.059865;-2.766397;-0.102738;2.850000;0.000000
119.171846;4.207538;-1.131137;-2.787649;-0.110087;2.850000;0.000000
119.371799;4.019513;-1.198273;-2.810350;-0.117400;2.850000;0.000000
119.571751;3.830026;-1.260969;-2.834100;-0.121129;2.850000;0.000000
119.771704;3.639143;-1.319065;-2.857952;-0.118318;2.850000;0.000000
119.971657;3.446861;-1.372661;-2.881293;-0.115524;2.850000;0.000000
120.171610;3.253295;-1.421833;-2.904091;-0.112764;2.850000;0.000000
120.371562;3.058559;-1.466658;-2.926354;-0.110050;2.850000;0.000000
120.571515;2.862770;-1.507212;-2.948094;-0.107396;2.850000;0.000000
120.771468;2.666040;-1.543572;-2.969322;-0.104810;2.850000;0.000000
120.971421;2.468485;-1.575815;-2.990051;-0.102301;2.850000;0.000000
121.171373;2.270219;-1.604019;-3.010296;-0.099877;2.850000;0.000000
121.371326;2.071358;-1.628258;-3.030085;-0.097545;2.850000;0.000000
121.571279;1.871890;-1.648621;-3.049768;-0.098335;2.850000;0.000000
121.771232;1.671851;-1.665046;-3.070150;-0.104525;2.850000;0.000000
121.971185;1.471602;-1.677267;-3.091763;-0.110932;2.850000;0.000000
122.171137;1.271288;-1.685023;-3.114664;-0.117551;2.850000;0.000000
122.371090;1.071056;-1.688055;-3.138888;-0.124367;2.850000;0.000000
122.571043;0.871051;-1.686106;3.118722;-0.131357;2.850000;0.000000
122.770996;0.671420;-1.678914;3.091768;-0.138487;2.850000;0.000000
122.970948;0.472309;-1.666222;3.063414;-0.145711;2.850000;0.000000
123.170901;0.273863;-1.647770;3.033646;-0.152969;2.850000;0.000000
123.370854;0.076229;-1.623300;3.002487;-0.160190;2.850000;0.000000
123.570807;-0.120396;-1.592570;2.970876;-0.158454;2.850000;0.000000
123.770759;-0.315929;-1.555694;2.940919;-0.143311;2.850000;0.000000
123.970712;-0.510511;-1.513216;2.913894;-0.128036;2.850000;0.000000
124.170665;-0.704208;-1.465723;2.889879;-0.112787;2.850000;0.000000
124.370618;-0.897086;-1.413801;2.868861;-0.097666;2.850000;0.000000
124.570570;-1.089211;-1.358037;2.850817;-0.082732;2.850000;0.000000
124.770523;-1.280649;-1.299017;2.835720;-0.068004;2.850000;0.000000
124.970476;-1.471466;-1.237328;2.823542;-0.053467;2.850000;0.000000
125.170429;-1.661727;-1.173556;2.814257;-0.039085;2.850000;0.000000
125.370381;-1.851499;-1.108287;2.807821;-0.024799;2.850000;0.000000
125.570334;-2.040867;-1.042091;2.803354;-0.018883;2.850000;0.000000
125.770287;-2.229845;-0.975202;2.798990;-0.024056;2.850000;0.000000
125.970240;-2.418342;-0.907458;2.793652;-0.029248;2.850000;0.000000
126.170193;-2.606290;-0.838666;2.787278;-0.034454;2.850000;0.000000
126.370145;-2.793623;-0.768632;2.779865;-0.039672;2.850000;0.000000
126.570098;-2.980274;-0.697160;2.771414;-0.044894;2.850000;0.000000
126.770051;-3.166176;-0.624056;2.761925;-0.050111;2.850000;0.000000
126.970004;-3.351262;-0.549125;2.751399;-0.055314;2.850000;0.000000
127.169956;-3.535465;-0.472174;2.739840;-0.060490;2.850000;0.000000
127.369909;-3.718719;-0.393007;2.727270;-0.065622;2.850000;0.000000
127.569862;-3.900924;-0.311453;2.714200;-0.065772;2.850000;0.000000
127.769815;-4.082076;-0.227509;2.701658;-0.060129;2.850000;0.000000
127.969767;-4.262287;-0.141359;2.690210;-0.054497;2.850000;0.000000
128.169720;-4.441633;-0.053210;2.679881;-0.048884;2.850000;0.000000
128.369673;-4.620190;0.036728;2.670666;-0.043294;2.850000;0.000000
128.569626;-4.798034;0.128245;2.662564;-0.037730;2.850000;0.000000
128.769578;-4.975240;0.221133;2.655569;-0.032189;2.850000;0.000000
128.969531;-5.151885;0.315181;2.649680;-0.026671;2.850000;0.000000
129.169484;-5.328044;0.410182;2.644892;-0.021171;2.850000;0.000000
129.369437;-5.503794;0.505925;2.641187;-0.015682;2.850000;0.000000
129.569389;-5.679236;0.602224;2.638131;-0.014495;2.850000;0.000000
129.769342;-5.854377;0.699029;2.634875;-0.017849;2.850000;0.000000
129.969295;-6.029125;0.796433;2.630968;-0.021207;2.850000;0.000000
130.169248;-6.203414;0.894552;2.626390;-0.024569;2.850000;0.000000
130.369201;-6.377177;0.993502;2.621141;-0.027933;2.850000;0.000000
130.569153;-6.550347;1.093401;2.615220;-0.031297;2.850000;0.000000
130.769106;-6.722860;1.194363;2.608628;-0.034660;2.850000;0.000000
130.969059;-6.894648;1.296506;2.601366;-0.038019;2.850000;0.000000
131.169012;-7.065645;1.399945;2.593432;-0.041370;2.850000;0.000000
131.368964;-7.235786;1.504796;2.584864;-0.044708;2.850000;0.000000
131.568917;-7.404986;1.611151;2.576378;-0.040792;2.850000;0.000000
131.768870;-7.573330;1.718879;2.569321;-0.030093;2.850000;0.000000
131.968823;-7.741058;1.827642;2.564373;-0.019408;2.850000;0.000000
132.168775;-7.908395;1.937074;2.561560;-0.008736;2.850000;0.000000
132.368728;-8.075564;2.046815;2.560879;0.001927;2.850000;0.000000
132.568681;-8.242789;2.156500;2.562330;0.012586;2.850000;0.000000
132.768634;-8.410293;2.265766;2.565913;0.023246;2.850000;0.000000
132.968586;-8.578301;2.374251;2.571629;0.033911;2.850000;0.000000
133.168539;-8.747036;2.481591;2.579477;0.044576;2.850000;0.000000
133.368492;-8.916722;2.587422;2.589460;0.055234;2.850000;0.000000
133.568445;-9.087593;2.691389;2.601609;0.066227;2.850000;0.000000
133.768397;-9.259832;2.793085;2.615992;0.077586;2.850000;0.000000
133.968350;-9.433582;2.892070;2.632652;0.089043;2.850000;0.000000
134.168303;-9.608991;2.987904;2.651604;0.100583;2.850000;0.000000
134.368256;-9.786210;3.080152;2.672859;0.112174;2.850000;0.000000
134.568209;-9.965391;3.168376;2.696422;0.123756;2.850000;0.000000
134.768161;-10.146684;3.252139;2.722288;0.135243;2.850000;0.000000
134.968114;-10.330238;3.331003;2.750440;0.146523;2.850000;0.000000
135.168067;-10.516206;3.404531;2.780842;0.157450;2.850000;0.000000
135.368020;-10.704736;3.472286;2.813412;0.167852;2.850000;0.000000
135.567972;-10.895769;3.533770;2.847937;0.176288;2.850000;0.000000
135.767925;-11.089165;3.588537;2.884215;0.184610;2.850000;0.000000
135.967878;-11.284628;3.636123;2.922316;0.194196;2.850000;0.000000
136.167831;-11.481709;3.676019;2.962454;0.205028;2.850000;0.000000
136.367783;-11.679964;3.707711;3.004829;0.217067;2.850000;0.000000
136.567736;-11.878945;3.730687;3.049632;0.230230;2.850000;0.000000
136.767689;-12.078205;3.744437;3.097038;0.244378;2.850000;0.000000
136.967642;-12.277297;3.748448;-3.135984;0.259291;2.850000;0.000000
137.167594;-12.475774;3.742207;-3.082949;0.274650;2.850000;0.000000
137.367547;-12.673190;3.725204;-3.027034;0.290025;2.850000;0.000000
137.567500;-12.869356;3.696921;-2.969924;0.287342;2.850000;0.000000
137.767453;-13.063863;3.657471;-2.914509;0.271409;2.850000;0.000000
137.967405;-13.256283;3.607514;-2.862129;0.255332;2.850000;0.000000
138.167358;-13.446371;3.547702;-2.812802;0.239581;2.850000;0.000000
138.367311;-13.633886;3.478686;-2.766429;0.224501;2.850000;0.000000
138.567264;-13.818583;3.401119;-2.722871;0.210328;2.850000;0.000000
138.767216;-14.000219;3.315653;-2.681965;0.197211;2.850000;0.000000
138.967169;-14.178550;3.222940;-2.643531;0.185235;2.850000;0.000000
139.167122;-14.353335;3.123633;-2.607382;0.174432;2.850000;0.000000
139.367075;-14.524328;3.018383;-2.573342;0.164804;2.850000;0.000000
139.567028;-14.691493;2.907717;-2.541743;0.150818;2.850000;0.000000
139.766980;-14.854936;2.792275;-2.513362;0.132932;2.850000;0.000000
139.966933;-15.015021;2.672704;-2.488638;0.114482;2.850000;0.000000
140.166886;-15.172234;2.549581;-2.467648;0.095709;2.850000;0.000000
140.366839;-15.327061;2.423479;-2.450424;0.076786;2.850000;0.000000
140.566791;-15.479987;2.294976;-2.436980;0.057826;2.850000;0.000000
140.766744;-15.631499;2.164644;-2.427315;0.038894;2.850000;0.000000
140.966697;-15.782082;2.033061;-2.421426;0.020017;2.850000;0.000000
141.166650;-15.932222;1.900801;-2.419304;0.001198;2.850000;0.000000
141.366602;-16.082405;1.768439;-2.420826;-0.017575;2.850000;0.000000
141.566555;-16.232825;1.636744;-2.424532;-0.020791;2.850000;0.000000
141.766508;-16.383712;1.505736;-2.428217;-0.016216;2.850000;0.000000
141.966461;-16.535071;1.375175;-2.431002;-0.011653;2.850000;0.000000
142.166413;-16.686775;1.244933;-2.432877;-0.007098;2.850000;0.000000
142.366366;-16.838695;1.114879;-2.433842;-0.002550;2.850000;0.000000
142.566319;-16.990702;0.984886;-2.433897;0.001994;2.850000;0.000000
142.766272;-17.142667;0.854823;-2.433044;0.006538;2.850000;0.000000
142.966224;-17.294461;0.724561;-2.431282;0.011083;2.850000;0.000000
143.166177;-17.445957;0.593972;-2.428610;0.015632;2.850000;0.000000
143.366130;-17.597024;0.462926;-2.425066;0.020188;2.850000;0.000000
143.566083;-17.747585;0.331272;-2.421101;0.019887;2.850000;0.000000
143.766036;-17.897616;0.199025;-2.417376;0.017397;2.850000;0.000000
143.965988;-18.047167;0.066274;-2.414147;0.014904;2.850000;0.000000
144.165941;-18.196309;-0.066910;-2.411416;0.012408;2.850000;0.000000
144.365894;-18.345111;-0.200455;-2.409185;0.009910;2.850000;0.000000
144.565847;-18.493642;-0.334290;-2.407454;0.007410;2.850000;0.000000
144.765799;-18.641972;-0.468342;-2.406222;0.004910;2.850000;0.000000
144.965752;-18.790171;-0.602541;-2.405490;0.002409;2.850000;0.000000
145.165705;-18.938308;-0.736813;-2.405259;-0.000091;2.850000;0.000000
145.365658;-19.086452;-0.871087;-2.405513;-0.002591;2.850000;0.000000
145.565610;-19.234659;-1.005285;-2.406109;-0.003512;2.850000;0.000000
145.765563;-19.382964;-1.139383;-2.406840;-0.003813;2.850000;0.000000
145.965516;-19.531376;-1.273373;-2.407633;-0.004115;2.850000;0.000000
146.165469;-19.679904;-1.407244;-2.408486;-0.004417;2.850000;0.000000
146.365421;-19.828552;-1.540988;-2.409399;-0.004719;2.850000;0.000000
146.565374;-19.977328;-1.674592;-2.410373;-0.005021;2.850000;0.000000
146.765327;-20.126238;-1.808046;-2.411407;-0.005323;2.850000;0.000000
146.965280;-20.275289;-1.941342;-2.412502;-0.005625;2.850000;0.000000
147.165232;-20.424487;-2.074467;-2.413657;-0.005928;2.850000;0.000000
147.365185;-20.573839;-2.207411;-2.414867;-0.006231;2.850000;0.000000
147.565138;-20.723361;-2.340178;-2.416073;-0.005899;2.850000;0.000000
147.765091;-20.873040;-2.472767;-2.417198;-0.005349;2.850000;0.000000
147.965044;-21.022857;-2.605194;-2.418212;-0.004800;2.850000;0.000000
148.164996;-21.172798;-2.737474;-2.419117;-0.004250;2.850000;0.000000
148.364949;-21.322850;-2.869625;-2.419912;-0.003700;2.850000;0.000000
148.564902;-21.472999;-3.001664;-2.420597;-0.003150;2.850000;0.000000
148.764855;-21.623231;-3.133609;-2.421172;-0.002600;2.850000;0.000000
148.964807;-21.773533;-3.265476;-2.421637;-0.002050;2.850000;0.000000
149.164760;-21.923890;-3.397284;-2.421992;-0.001500;2.850000;0.000000
149.364713;-22.074290;-3.529049;-2.422235;-0.000950;2.850000;0.000000
149.564666;-22.224714;-3.660785;-2.422350;-0.000219;2.850000;0.000000
149.764618;-22.375145;-3.792516;-2.422315;0.000564;2.850000;0.000000
149.964571;-22.525563;-3.924266;-2.422124;0.001348;2.850000;0.000000
150.164524;-22.675946;-4.056056;-2.421777;0.002131;2.850000;0.000000
150.364477;-22.826273;-4.187911;-2.421272;0.002915;2.850000;0.000000
150.564429;-22.976521;-4.319852;-2.420611;0.003698;2.850000;0.000000
150.764382;-23.126670;-4.451901;-2.419793;0.004482;2.850000;0.000000
150.964335;-23.276696;-4.584083;-2.418819;0.005266;2.850000;0.000000
151.164288;-23.426580;-4.716419;-2.417687;0.006050;2.850000;0.000000
151.364240;-23.576298;-4.848931;-2.416412;0.006835;2.850000;0.000000
151.564193;-23.725859;-4.981662;-2.415097;0.006443;2.850000;0.000000
151.764146;-23.875249;-5.114587;-2.413877;0.005760;2.850000;0.000000
151.964099;-24.024482;-5.247680;-2.412793;0.005077;2.850000;0.000000
152.164052;-24.173577;-5.380921;-2.411846;0.004394;2.850000;0.000000
152.364004;-24.322551;-5.514291;-2.411036;0.003711;2.850000;0.000000
152.563957;-24.471424;-5.647769;-2.410362;0.003027;2.850000;0.000000
152.763910;-24.620214;-5.781335;-2.409825;0.002344;2.850000;0.000000
152.963863;-24.768941;-5.914970;-2.409425;0.001660;2.850000;0.000000
153.163815;-24.917622;-6.048653;-2.409162;0.000977;2.850000;0.000000
153.363768;-25.066277;-6.182366;-2.409042;0.000293;2.850000;0.000000
153.563721;-25.214919;-6.316079;-2.409122;-0.001021;2.850000;0.000000
153.763674;-25.363589;-6.449761;-2.409470;-0.002463;2.850000;0.000000
153.963626;-25.512326;-6.583372;-2.410107;-0.003904;2.850000;0.000000
154.163579;-25.661169;-6.716868;-2.411031;-0.005345;2.850000;0.000000
154.363532;-25.810158;-6.850208;-2.412244;-0.006786;2.850000;0.000000
154.563485;-25.959331;-6.983349;-2.413745;-0.008227;2.850000;0.000000
154.763437;-26.108729;-7.116250;-2.415534;-0.009667;2.850000;0.000000
154.963390;-26.258390;-7.248867;-2.417611;-0.011107;2.850000;0.000000
155.163343;-26.408354;-7.381159;-2.419976;-0.012545;2.850000;0.000000
155.363296;-26.558659;-7.513083;-2.422580;-0.013982;2.850000;0.000000
155.563248;-26.709285;-7.644571;-2.425080;-0.011507;2.850000;0.000000
155.763201;-26.860217;-7.775715;-2.427070;-0.008403;2.850000;0.000000
155.963154;-27.011378;-7.906613;-2.428440;-0.005300;2.850000;0.000000
156.163107;-27.162683;-8.037356;-2.429190;-0.002198;2.850000;0.000000
156.363060;-27.314048;-8.168034;-2.429320;0.000903;2.850000;0.000000
156.563012;-27.465389;-8.298739;-2.428829;0.004004;2.850000;0.000000
156.762965;-27.616620;-8.429561;-2.427718;0.007106;2.850000;0.000000
156.962918;-27.767658;-8.560591;-2.425987;0.010209;2.850000;0.000000
157.162871;-27.918418;-8.691920;-2.423635;0.013315;2.850000;0.000000
157.362823;-28.068815;-8.823640;-2.420720;0.016422;2.850000;0.000000
157.562776;-28.218839;-8.955874;-2.417619;0.015163;2.850000;0.000000
157.762729;-28.368457;-9.088559;-2.414769;0.013347;2.850000;0.000000
157.962682;-28.517711;-9.221635;-2.412281;0.011530;2.850000;0.000000
158.162634;-28.666651;-9.355049;-2.410158;0.009712;2.850000;0.000000
158.362587;-28.815327;-9.488747;-2.408397;0.007894;2.850000;0.000000
158.562540;-28.963788;-9.622677;-2.407001;0.006075;2.850000;0.000000
158.762493;-29.112083;-9.756784;-2.405968;0.004255;2.850000;0.000000
158.962445;-29.260262;-9.891015;-2.405299;0.002436;2.850000;0.000000
159.162398;-29.408375;-10.025317;-2.404994;0.000616;2.850000;0.000000
159.362351;-29.556471;-10.159638;-2.405047;-0.001203;2.850000;0.000000
159.562304;-29.704594;-10.293922;-2.405418;-0.002575;2.850000;0.000000
159.762256;-29.852788;-10.428131;-2.406066;-0.003906;2.850000;0.000000
159.962209;-30.001088;-10.562225;-2.406980;-0.005238;2.850000;0.000000
160.162162;-30.149530;-10.696166;-2.408160;-0.006569;2.850000;0.000000
160.362115;-30.298152;-10.829915;-2.409607;-0.007899;2.850000;0.000000
160.562068;-30.446989;-10.963433;-2.411319;-0.009230;2.850000;0.000000
160.762020;-30.596078;-11.096681;-2.413298;-0.010559;2.850000;0.000000
160.961973;-30.745455;-11.229620;-2.415542;-0.011888;2.850000;0.000000
161.161926;-30.895157;-11.362212;-2.418052;-0.013216;2.850000;0.000000
161.361879;-31.045219;-11.494417;-2.420773;-0.014543;2.850000;0.000000
161.561831;-31.195604;-11.626161;-2.423393;-0.012209;2.850000;0.000000
161.761784;-31.346318;-11.757544;-2.425580;-0.009673;2.850000;0.000000
161.961737;-31.497296;-11.888644;-2.427261;-0.007140;2.850000;0.000000
162.161690;-31.648468;-12.019535;-2.428435;-0.004607;2.850000;0.000000
162.361642;-31.799765;-12.150290;-2.429104;-0.002075;2.850000;0.000000
162.561595;-31.951116;-12.280982;-2.429265;0.000457;2.850000;0.000000
162.761548;-32.102454;-12.411687;-2.428921;0.002988;2.850000;0.000000
162.961501;-32.253707;-12.542477;-2.428070;0.005521;2.850000;0.000000
163.161453;-32.404807;-12.673426;-2.426713;0.008055;2.850000;0.000000
163.361406;-32.555684;-12.804608;-2.424883;0.010590;2.850000;0.000000
163.561359;-32.706332;-12.936133;-2.422763;0.010960;2.850000;0.000000
163.761312;-32.856680;-13.067979;-2.420540;0.011269;2.850000;0.000000
163.961264;-33.006721;-13.200155;-2.418256;0.011578;2.850000;0.000000
164.161217;-33.156448;-13.332671;-2.415910;0.011887;2.850000;0.000000
164.361170;-33.305856;-13.465539;-2.413502;0.012195;2.850000;0.000000
164.561123;-33.454936;-13.598768;-2.411034;0.012502;2.850000;0.000000
164.761075;-33.603683;-13.732370;-2.408503;0.012808;2.850000;0.000000
164.961028;-33.752091;-13.866355;-2.405912;0.013114;2.850000;0.000000
165.160981;-33.900152;-14.000734;-2.403259;0.013418;2.850000;0.000000
165.360934;-34.047861;-14.135517;-2.400666;0.013701;2.850000;0.000000
165.560887;-34.195241;-14.270679;-2.398725;0.006887;2.850000;0.000000
165.760839;-34.342442;-14.406049;-2.398028;0.000077;2.850000;0.000000
165.960792;-34.489641;-14.541423;-2.398694;-0.006734;2.850000;0.000000
166.160745;-34.637019;-14.676594;-2.400722;-0.013547;2.850000;0.000000
166.360698;-34.784752;-14.811357;-2.404112;-0.020363;2.850000;0.000000
166.560650;-34.933021;-14.945506;-2.408865;-0.027183;2.850000;0.000000
166.760603;-35.082004;-15.078837;-2.414982;-0.034006;2.850000;0.000000
166.960556;-35.231880;-15.211142;-2.422463;-0.040829;2.850000;0.000000
167.160509;-35.382828;-15.342217;-2.431306;-0.047645;2.850000;0.000000
167.360461;-35.535024;-15.471853;-2.441201;-0.053898;2.850000;0.000000
167.560414;-35.688501;-15.599886;-2.450715;-0.043834;2.850000;0.000000
167.760367;-35.843128;-15.726598;-2.458473;-0.033780;2.850000;0.000000
167.960320;-35.998641;-15.852289;-2.464224;-0.023741;2.850000;0.000000
168.160272;-36.154777;-15.977263;-2.467969;-0.013717;2.850000;0.000000
168.360225;-36.311271;-16.101820;-2.469712;-0.003703;2.850000;0.000000
168.560178;-36.467860;-16.226264;-2.469451;0.006310;2.850000;0.000000
168.760131;-36.624279;-16.350895;-2.467187;0.016328;2.850000;0.000000
168.960083;-36.780266;-16.476017;-2.462919;0.026359;2.850000;0.000000
169.160036;-36.935557;-16.601931;-2.456645;0.036408;2.850000;0.000000
169.359989;-37.089887;-16.728939;-2.448447;0.046226;2.850000;0.000000
169.559942;-37.243024;-16.857325;-2.438692;0.052007;2.850000;0.000000
169.759895;-37.394783;-16.987265;-2.427724;0.057791;2.850000;0.000000
169.959847;-37.545007;-17.118927;-2.415602;0.063570;2.850000;0.000000
170.159800;-37.693537;-17.252476;-2.402329;0.069330;2.850000;0.000000
170.359753;-37.840215;-17.388080;-2.387907;0.075054;2.850000;0.000000
170.559706;-37.984881;-17.525904;-2.372343;0.080723;2.850000;0.000000
170.759658;-38.127378;-17.666115;-2.355645;0.086312;2.850000;0.000000
170.959611;-38.267546;-17.808880;-2.337826;0.091790;2.850000;0.000000
171.159564;-38.405228;-17.954364;-2.318905;0.097126;2.850000;0.000000
171.359517;-38.540243;-18.102712;-2.298866;0.102487;2.850000;0.000000
171.559469;-38.672173;-18.253816;-2.277484;0.110231;2.850000;0.000000
171.759422;-38.800848;-18.407947;-2.254533;0.118399;2.850000;0.000000
171.959375;-38.925831;-18.565107;-2.229895;0.127014;2.850000;0.000000
172.159328;-39.046685;-18.725294;-2.203498;0.136088;2.850000;0.000000
172.359280;-39.162971;-18.888511;-2.175271;0.145618;2.850000;0.000000
172.559233;-39.274252;-19.054755;-2.145143;0.155584;2.850000;0.000000
172.759186;-39.380091;-19.224029;-2.113047;0.165939;2.850000;0.000000
172.959139;-39.480049;-19.396331;-2.078925;0.176612;2.850000;0.000000
173.159091;-39.573690;-19.571663;-2.042724;0.187497;2.850000;0.000000
173.359044;-39.660611;-19.750101;-2.004796;0.196521;2.850000;0.000000
173.558997;-39.740840;-19.932311;-1.967086;0.185682;2.850000;0.000000
173.758950;-39.814261;-20.117311;-1.931245;0.174362;2.850000;0.000000
173.958903;-39.881258;-20.304856;-1.897666;0.162777;2.850000;0.000000
174.158855;-39.942209;-20.494702;-1.866369;0.151105;2.850000;0.000000
174.358808;-39.997496;-20.686602;-1.837350;0.139485;2.850000;0.000000
174.558761;-40.047500;-20.880311;-1.810591;0.128020;2.850000;0.000000
174.758714;-40.092602;-21.075584;-1.786060;0.116778;2.850000;0.000000
174.958666;-40.133182;-21.272175;-1.763721;0.105801;2.850000;0.000000
175.158619;-40.169621;-21.469840;-1.743537;0.095102;2.850000;0.000000
175.358572;-40.202284;-21.668221;-1.725092;0.086965;2.850000;0.000000
175.558525;-40.231325;-21.866568;-1.706901;0.092585;2.850000;0.000000
175.758477;-40.256678;-22.065403;-1.687764;0.098370;2.850000;0.000000
175.958430;-40.278098;-22.264620;-1.667458;0.104318;2.850000;0.000000
176.158383;-40.295339;-22.464111;-1.645958;0.110422;2.850000;0.000000
176.358336;-40.308155;-22.663767;-1.623241;0.116667;2.850000;0.000000
176.558288;-40.316303;-22.863481;-1.599284;0.123032;2.850000;0.000000
176.758241;-40.319536;-23.063145;-1.574069;0.129486;2.850000;0.000000
176.958194;-40.317609;-23.262652;-1.547583;0.135990;2.850000;0.000000
177.158147;-40.310278;-23.461892;-1.519809;0.142495;2.850000;0.000000
177.358099;-40.297286;-23.660896;-1.490881;0.147823;2.850000;0.000000
177.558052;-40.278386;-23.860110;-1.461465;0.147356;2.850000;0.000000
177.758005;-40.253625;-24.058654;-1.432012;0.147025;2.850000;0.000000
177.957958;-40.223038;-24.256355;-1.402615;0.146833;2.850000;0.000000
178.157911;-40.186664;-24.453040;-1.373248;0.146781;2.850000;0.000000
178.357863;-40.144540;-24.648534;-1.343882;0.146872;2.850000;0.000000
178.557816;-40.096703;-24.842664;-1.314491;0.147103;2.850000;0.000000
178.757769;-40.043192;-25.035256;-1.285046;0.147476;2.850000;0.000000
178.957722;-39.984042;-25.226137;-1.255521;0.147988;2.850000;0.000000
179.157674;-39.919293;-25.415134;-1.225894;0.148635;2.850000;0.000000
179.357627;-39.849005;-25.602012;-1.196251;0.148659;2.850000;0.000000
179.557580;-39.773315;-25.786483;-1.166879;0.146003;2.850000;0.000000
179.757533;-39.692278;-25.968695;-1.138029;0.143297;2.850000;0.000000
179.957485;-39.606032;-26.148587;-1.109710;0.140568;2.850000;0.000000
180.157438;-39.514717;-26.326101;-1.081918;0.137838;2.850000;0.000000
180.357391;-39.418472;-26.501178;-1.054647;0.135131;2.850000;0.000000
180.557344;-39.317436;-26.673759;-1.027887;0.132465;2.850000;0.000000
180.757296;-39.211747;-26.843784;-1.001627;0.129859;2.850000;0.000000
180.957249;-39.101546;-27.011194;-0.975852;0.127326;2.850000;0.000000
181.157202;-38.986971;-27.175929;-0.950550;0.124881;2.850000;0.000000
181.357155;-38.868233;-27.337834;-0.925421;0.124930;2.850000;0.000000
181.557107;-38.745549;-27.496572;-0.899569;0.131989;2.850000;0.000000
181.757060;-38.618677;-27.652036;-0.872330;0.139496;2.850000;0.000000
181.957013;-38.487558;-27.803825;-0.843553;0.147442;2.850000;0.000000
182.156966;-38.352133;-27.951535;-0.813168;0.155807;2.850000;0.000000
182.356919;-38.212343;-28.094765;-0.781107;0.164554;2.850000;0.000000
182.556871;-38.068130;-28.233111;-0.747312;0.173624;2.850000;0.000000
182.756824;-37.919434;-28.366171;-0.711733;0.182938;2.850000;0.000000
182.956777;-37.766197;-28.493543;-0.674331;0.192385;2.850000;0.000000
183.156730;-37.608358;-28.614823;-0.635097;0.201825;2.850000;0.000000
183.356682;-37.445918;-28.729572;-0.594402;0.208085;2.850000;0.000000
183.556635;-37.279013;-28.837444;-0.553220;0.206712;2.850000;0.000000
183.756588;-37.107724;-28.938422;-0.512241;0.205362;2.850000;0.000000
183.956541;-36.932294;-29.032405;-0.471489;0.204054;2.850000;0.000000
184.156493;-36.752960;-29.119295;-0.430940;0.202805;2.850000;0.000000
184.356446;-36.569964;-29.198990;-0.390569;0.201624;2.850000;0.000000
184.556399;-36.383544;-29.271391;-0.350347;0.200518;2.850000;0.000000
184.756352;-36.193940;-29.336397;-0.310249;0.199491;2.850000;0.000000
184.956304;-36.001393;-29.393909;-0.270246;0.198543;2.850000;0.000000
185.156257;-35.806141;-29.443827;-0.230356;0.197669;2.850000;0.000000
185.356210;-35.608948;-29.485945;-0.189926;0.202806;2.850000;0.000000
185.556163;-35.410969;-29.519796;-0.146850;0.223746;2.850000;0.000000
185.756115;-35.211651;-29.544711;-0.099565;0.247086;2.850000;-0.641227
185.956068;-35.011701;-29.559681;-0.047445;0.272764;2.804651;-0.742515
186.156021;-34.811824;-29.563695;0.009870;0.300480;2.751206;-0.600853
186.355974;-34.612729;-29.555743;0.072672;0.329587;2.707185;-0.449478
186.555927;-34.415122;-29.534815;0.141142;0.358992;2.673780;-0.293907
186.755879;-34.219710;-29.499900;0.215279;0.387080;2.651710;-0.144085
186.955832;-34.027199;-29.449989;0.294836;0.411743;2.640823;-0.015544
187.155785;-33.838298;-29.384070;0.379315;0.430556;2.639646;-0.015544
187.355738;-33.653377;-29.300976;0.463928;0.412189;2.638468;0.115012
187.555690;-33.471894;-29.200740;0.535407;0.292192;2.647170;0.936830
187.755643;-33.294532;-29.088108;0.585538;0.186145;2.717011;-0.491401
187.955596;-33.120604;-28.967795;0.614637;0.089582;2.680604;-2.350156
188.155549;-32.949424;-28.844516;0.623627;-0.004678;2.499159;-2.456888
188.355501;-32.780304;-28.722984;0.612310;-0.105420;2.294182;-2.015881
188.555454;-32.612558;-28.607914;0.579185;-0.223028;2.111187;-1.598530
188.755407;-32.445498;-28.504020;0.521338;-0.369314;1.953932;-1.142803
188.955360;-32.278438;-28.416015;0.434566;-0.554830;1.833259;-0.564540
189.155312;-32.110690;-28.348616;0.312776;-0.779074;1.770614;-0.006988
189.355265;-31.938119;-28.305960;0.154855;-0.957769;1.769825;-0.006988
189.555218;-31.751682;-28.292573;-0.012486;-0.900618;1.769035;0.174546
189.755171;-31.565168;-28.310616;-0.173019;-0.803862;1.788655;0.421076
189.955123;-31.380385;-28.357463;-0.316483;-0.697205;1.835124;0.644524
190.155076;-31.199143;-28.430486;-0.443348;-0.600119;1.904055;0.816225
190.355029;-31.023250;-28.527059;-0.555830;-0.521081;1.987923;0.931954
190.554982;-30.854515;-28.644553;-0.656826;-0.461775;2.079551;0.993393
190.754934;-30.694748;-28.780344;-0.749325;-0.421000;2.172970;1.001588
190.954887;-30.545757;-28.931802;-0.835913;-0.396985;2.263258;0.955084
191.154840;-30.410160;-29.095241;-0.915301;-0.384937;2.346120;0.868918
191.354793;-30.297349;-29.254867;-0.988104;-0.331797;2.419042;1.045345
191.554746;-30.194749;-29.422104;-1.047768;-0.276059;2.503958;1.255178
191.754698;-30.100776;-29.595791;-1.096822;-0.220776;2.602260;1.489852
191.954651;-30.013842;-29.774767;-1.135434;-0.167553;2.714325;1.749109
192.154604;-29.932362;-29.957871;-1.163909;-0.116868;2.840253;0.138693
192.354557;-29.854751;-30.143942;-1.182567;-0.068445;2.850000;0.000000
192.554509;-29.779423;-30.331818;-1.191664;-0.021562;2.850000;0.000000
192.754462;-29.704792;-30.520338;-1.191342;0.024725;2.850000;0.000000
192.954415;-29.629273;-30.708341;-1.181611;0.071418;2.850000;0.000000
193.154368;-29.551264;-30.894703;-1.163569;0.115483;2.850000;0.000000
193.354320;-29.469369;-31.079056;-1.142491;0.102168;2.850000;0.000000
193.554273;-29.384023;-31.261000;-1.123352;0.088236;2.850000;0.000000
193.754226;-29.295726;-31.440885;-1.107109;0.073836;2.850000;0.000000
193.954179;-29.204975;-31.619061;-1.093815;0.059097;2.850000;0.000000
194.154131;-29.112271;-31.795880;-1.083509;0.044119;2.850000;0.000000
194.354084;-29.018114;-31.971691;-1.076218;0.028983;2.850000;0.000000
194.554037;-28.923002;-32.146845;-1.071959;0.013755;2.850000;0.000000
194.753990;-28.827435;-32.321692;-1.070739;-0.001513;2.850000;0.000000
194.953942;-28.731912;-32.496584;-1.072561;-0.016771;2.850000;0.000000
195.153895;-28.636932;-32.671873;-1.077022;-0.030353;2.850000;0.000000
195.353848;-28.542842;-32.847854;-1.082484;-0.026776;2.850000;0.000000
195.553801;-28.449630;-33.024460;-1.087476;-0.023222;2.850000;0.000000
195.753754;-28.357180;-33.201605;-1.091762;-0.019686;2.850000;0.000000
195.953706;-28.265380;-33.379206;-1.095346;-0.016167;2.850000;0.000000
196.153659;-28.174115;-33.557181;-1.098229;-0.012663;2.850000;0.000000
196.353612;-28.083272;-33.735443;-1.100413;-0.009170;2.850000;0.000000
196.553565;-27.992736;-33.913911;-1.101899;-0.005684;2.850000;0.000000
196.753517;-27.902394;-34.092501;-1.102689;-0.002204;2.850000;0.000000
196.953470;-27.812132;-34.271128;-1.102781;0.001277;2.850000;0.000000
197.153423;-27.721835;-34.449710;-1.102270;0.004308;2.850000;0.000000
197.353376;-27.631413;-34.628200;-1.101513;0.003735;2.850000;0.000000
197.553328;-27.540876;-34.806584;-1.100823;0.003161;2.850000;0.000000
197.753281;-27.450244;-34.984879;-1.100249;0.002587;2.850000;0.000000
197.953234;-27.359535;-35.163096;-1.099789;0.002011;2.850000;0.000000
198.153187;-27.268767;-35.341251;-1.099444;0.001435;2.850000;0.000000
198.353139;-27.177959;-35.519359;-1.099215;0.000859;2.850000;0.000000
198.553092;-27.087130;-35.697432;-1.099101;0.000282;2.850000;0.000000
198.753045;-26.996299;-35.875485;-1.099102;-0.000295;2.850000;0.000000
198.952998;-26.905483;-36.053534;-1.099219;-0.000872;2.850000;0.000000
199.152950;-26.814697;-36.231601;-1.099407;-0.001206;2.850000;0.000000
199.352903;-26.723915;-36.409750;-1.099510;-0.000012;2.850000;0.000000
199.552856;-26.633134;-36.587896;-1.099393;0.001183;2.850000;0.000000
199.752809;-26.542312;-36.766021;-1.099037;0.002377;2.850000;0.000000
199.952762;-26.451405;-36.944102;-1.098442;0.003571;2.850000;0.000000
200.152714;-26.360370;-37.122120;-1.097609;0.004765;2.850000;0.000000
200.352667;-26.269164;-37.300054;-1.096537;0.005959;2.850000;0.000000
200.552620;-26.177743;-37.477884;-1.095226;0.007152;2.850000;0.000000
200.752573;-26.086065;-37.655591;-1.093677;0.008345;2.850000;0.000000
200.952525;-25.994086;-37.833152;-1.091889;0.009537;2.850000;0.000000
201.152478;-25.901759;-38.010555;-1.090011;0.009789;2.850000;0.000000
201.352431;-25.809082;-38.187831;-1.088549;0.005369;2.850000;0.000000
201.552384;-25.716212;-38.365011;-1.087917;0.000950;2.850000;0.000000
201.752336;-25.623312;-38.542167;-1.088169;-0.003469;2.850000;0.000000
201.952289;-25.530542;-38.719374;-1.089305;-0.007890;2.850000;0.000000
202.152242;-25.438064;-38.896703;-1.091326;-0.012316;2.850000;0.000000
202.352195;-25.346039;-39.074230;-1.094232;-0.016748;2.850000;0.000000
202.552147;-25.254628;-39.252026;-1.098024;-0.021187;2.850000;0.000000
202.752100;-25.163993;-39.430165;-1.102703;-0.025633;2.850000;0.000000
202.952053;-25.074295;-39.608720;-1.108267;-0.030087;2.850000;0.000000
203.152006;-24.985708;-39.787735;-1.114278;-0.031456;2.850000;0.000000
203.351958;-24.898274;-39.967126;-1.119326;-0.020433;2.850000;0.000000
203.551911;-24.811574;-40.146870;-1.122302;-0.009394;2.850000;0.000000
203.751864;-24.725197;-40.326805;-1.123076;0.001643;2.850000;0.000000
203.951817;-24.638733;-40.506769;-1.121647;0.012660;2.850000;0.000000
204.151770;-24.551774;-40.686600;-1.118021;0.023643;2.850000;0.000000
204.351722;-24.463907;-40.866137;-1.112202;0.034572;2.850000;0.000000
204.551675;-24.374725;-41.045217;-1.104199;0.045423;2.850000;0.000000
204.751628;-24.283816;-41.223678;-1.094024;0.056166;2.850000;0.000000
204.951581;-24.190772;-41.401359;-1.081704;0.066761;2.850000;0.000000
205.151533;-24.095208;-41.578057;-1.068490;0.068060;2.850000;0.000000
205.351486;-23.997242;-41.753680;-1.058137;0.038057;2.850000;0.000000
205.551439;-23.897832;-41.928727;-1.053467;0.008361;2.850000;0.000000
205.751392;-23.798131;-42.103599;-1.054768;-0.021304;2.850000;0.000000
205.951344;-23.699294;-42.278696;-1.062056;-0.051231;2.850000;0.000000
206.151297;-23.602476;-42.454420;-1.075382;-0.081681;2.850000;0.000000
206.351250;-23.508830;-42.631170;-1.094829;-0.112843;2.850000;0.000000
206.551203;-23.419512;-42.809348;-1.120496;-0.144773;2.850000;0.000000
206.751155;-23.335675;-42.989353;-1.152475;-0.177337;2.850000;0.000000
206.951108;-23.258474;-43.171587;-1.190834;-0.210134;2.850000;0.000000
207.151061;-23.188996;-43.356629;-1.233987;-0.229816;2.850000;0.000000
207.351014;-23.127697;-43.545074;-1.276924;-0.207938;2.850000;0.000000
207.550966;-23.074158;-43.736092;-1.315951;-0.185398;2.850000;0.000000
207.750919;-23.027584;-43.929372;-1.350561;-0.162719;2.850000;0.000000
207.950872;-22.987184;-44.124601;-1.380762;-0.140258;2.850000;0.000000
208.150825;-22.952163;-44.321468;-1.406602;-0.118226;2.850000;0.000000
208.350778;-22.921728;-44.519662;-1.428147;-0.096711;2.850000;0.000000
208.550730;-22.895086;-44.718871;-1.445469;-0.075704;2.850000;0.000000
208.750683;-22.871443;-44.918784;-1.458634;-0.055125;2.850000;0.000000
208.950636;-22.850007;-45.119090;-1.467696;-0.034838;2.850000;0.000000
209.150589;-22.830003;-45.319302;-1.473098;-0.018103;2.850000;0.000000
209.350541;-22.810816;-45.518963;-1.475957;-0.009658;2.850000;0.000000
209.550494;-22.792033;-45.718463;-1.477042;-0.001167;2.850000;0.000000
209.750447;-22.773314;-45.917787;-1.476423;0.007362;2.850000;0.000000
209.950400;-22.754318;-46.116917;-1.474094;0.015925;2.850000;0.000000
210.150352;-22.734701;-46.315836;-1.470053;0.024514;2.850000;0.000000
210.350305;-22.714124;-46.514529;-1.464296;0.033120;2.850000;0.000000
210.550258;-22.692245;-46.712978;-1.456824;0.041731;2.850000;0.000000
210.750211;-22.668722;-46.911167;-1.447637;0.050329;2.850000;0.000000
210.950163;-22.643214;-47.109078;-1.436742;0.058893;2.850000;0.000000
211.150116;-22.615375;-47.306729;-1.424381;0.065324;2.850000;0.000000
211.350069;-22.584956;-47.504127;-1.411176;0.067275;2.850000;0.000000
211.550022;-22.551878;-47.701147;-1.397539;0.069243;2.850000;0.000000
211.749974;-22.516069;-47.897736;-1.383504;0.071226;2.850000;0.000000
211.949927;-22.477457;-48.093840;-1.369068;0.073221;2.850000;0.000000
212.149880;-22.435969;-48.289404;-1.354229;0.075223;2.850000;0.000000
212.349833;-22.391533;-48.484373;-1.338986;0.077227;2.850000;0.000000
212.549786;-22.344076;-48.678694;-1.323337;0.079229;2.850000;0.000000
212.749738;-22.293525;-48.872312;-1.307283;0.081223;2.850000;0.000000
212.949691;-22.239808;-49.065173;-1.290819;0.083202;2.850000;0.000000
213.149644;-22.182853;-49.257218;-1.273724;0.087164;2.850000;0.000000
213.349597;-22.122517;-49.448314;-1.255442;0.095031;2.850000;0.000000
213.549549;-22.058553;-49.638224;-1.235591;0.103098;2.850000;0.000000
213.749502;-21.990706;-49.826698;-1.214111;0.111366;2.850000;0.000000
213.949455;-21.918723;-50.013482;-1.190972;0.119822;2.850000;0.000000
214.149408;-21.842349;-50.198326;-1.166144;0.128441;2.850000;0.000000
214.349360;-21.761329;-50.380979;-1.139604;0.137182;2.850000;0.000000
214.549313;-21.675409;-50.561188;-1.111335;0.145986;2.850000;0.000000
214.749266;-21.584335;-50.738702;-1.081327;0.154775;2.850000;0.000000
214.949219;-21.487853;-50.913269;-1.049594;0.163451;2.850000;0.000000
215.149171;-21.385718;-51.084629;-1.016567;0.168106;2.850000;0.000000
215.349124;-21.277853;-51.252558;-0.983208;0.166513;2.850000;0.000000
215.549077;-21.164396;-51.416910;-0.950088;0.165127;2.850000;0.000000
215.749030;-21.045511;-51.577522;-0.917204;0.163959;2.850000;0.000000
215.948982;-20.921362;-51.734233;-0.884515;0.163017;2.850000;0.000000
216.148935;-20.792115;-51.886879;-0.851976;0.162307;2.850000;0.000000
216.348888;-20.657935;-52.035299;-0.819545;0.161833;2.850000;0.000000
216.548841;-20.518986;-52.179329;-0.787178;0.161599;2.850000;0.000000
216.748793;-20.375433;-52.318807;-0.754829;0.161604;2.850000;0.000000
216.948746;-20.227442;-52.453572;-0.722464;0.161849;2.850000;0.000000
217.148699;-20.075235;-52.583414;-0.690199;0.160859;2.850000;0.000000
217.348652;-19.919032;-52.708217;-0.658341;0.157813;2.850000;0.000000
217.548605;-19.758963;-52.828034;-0.627077;0.154862;2.850000;0.000000
217.748557;-19.595243;-52.942850;-0.596389;0.152035;2.850000;0.000000
217.948510;-19.428086;-53.052649;-0.566248;0.149355;2.850000;0.000000
218.148463;-19.257708;-53.157417;-0.536623;0.146843;2.850000;0.000000
218.348416;-19.084323;-53.257137;-0.507483;0.144516;2.850000;0.000000
218.548368;-18.908146;-53.351794;-0.478791;0.142391;2.850000;0.000000
218.748321;-18.729393;-53.441372;-0.450510;0.140480;2.850000;0.000000
218.948274;-18.548278;-53.525856;-0.422582;0.138795;2.850000;0.000000
219.148227;-18.364827;-53.605307;-0.394793;0.138970;2.850000;0.000000
219.348179;-18.179125;-53.679670;-0.366746;0.141484;2.850000;0.000000
219.548132;-17.991521;-53.748703;-0.338203;0.144044;2.850000;0.000000
219.748085;-17.802109;-53.812273;-0.309162;0.146628;2.850000;0.000000
219.948038;-17.610979;-53.870250;-0.279613;0.149215;2.850000;0.000000
220.147990;-17.418224;-53.922500;-0.249553;0.151778;2.850000;0.000000
220.347943;-17.223936;-53.968893;-0.218979;0.154291;2.850000;0.000000
220.547896;-17.028208;-54.009297;-0.187894;0.156722;2.850000;0.000000
220.747849;-16.831130;-54.043580;-0.156305;0.159042;2.850000;0.000000
220.947801;-16.632796;-54.071611;-0.124234;0.161217;2.850000;0.000000
221.147754;-16.433490;-54.093236;-0.091545;0.164760;2.850000;0.000000
221.347707;-16.233481;-54.108268;-0.057884;0.170629;2.850000;0.000000
221.547660;-16.032947;-54.116447;-0.022969;0.177293;2.850000;0.000000
221.747613;-15.832288;-54.117485;0.013354;0.184728;2.850000;0.000000
221.947565;-15.631906;-54.111092;0.051210;0.192894;2.850000;0.000000
222.147518;-15.432200;-54.096978;0.090718;0.201735;2.850000;0.000000
222.347471;-15.233569;-54.074856;0.131986;0.211168;2.850000;0.000000
222.547424;-15.036416;-54.044435;0.175109;0.221077;2.850000;0.000000
222.747376;-14.841139;-54.005427;0.220165;0.231308;2.850000;0.000000
222.947329;-14.648139;-53.957541;0.267125;0.241660;2.850000;0.000000
223.147282;-14.458001;-53.900575;0.314548;0.237192;2.850000;0.000000
223.347235;-14.270871;-53.834798;0.359524;0.216525;2.850000;0.000000
223.547187;-14.086428;-53.760916;0.400471;0.195531;2.850000;0.000000
223.747140;-13.904549;-53.679716;0.437342;0.174656;2.850000;0.000000
223.947093;-13.725111;-53.591986;0.470185;0.154199;2.850000;0.000000
224.147046;-13.547990;-53.498513;0.499074;0.134324;2.850000;0.000000
224.346998;-13.373063;-53.400085;0.524101;0.115087;2.850000;0.000000
224.546951;-13.200207;-53.297488;0.545358;0.096458;2.850000;0.000000
224.746904;-13.029298;-53.191510;0.562932;0.078340;2.850000;0.000000
224.946857;-12.860212;-53.082937;0.576937;0.060583;2.850000;0.000000
225.146809;-12.692396;-52.972254;0.588281;0.051561;2.850000;0.000000
225.346762;-12.525747;-52.859826;0.598667;0.051507;2.850000;0.000000
225.546715;-12.360661;-52.745951;0.608984;0.051370;2.850000;0.000000
225.746668;-12.197077;-52.630609;0.619245;0.051153;2.850000;0.000000
225.946621;-12.034934;-52.513782;0.629439;0.050854;2.850000;0.000000
226.146573;-11.874170;-52.395451;0.639553;0.050475;2.850000;0.000000
226.346526;-11.714724;-52.275595;0.649576;0.050018;2.850000;0.000000
226.546479;-11.556535;-52.154196;0.659498;0.049484;2.850000;0.000000
226.746432;-11.399542;-52.031234;0.669306;0.048876;2.850000;0.000000
226.946384;-11.243682;-51.906689;0.678981;0.048197;2.850000;0.000000
227.146337;-11.089056;-51.780679;0.688443;0.046722;2.850000;0.000000
227.346290;-10.935597;-51.653222;0.697558;0.044640;2.850000;0.000000
227.546243;-10.783144;-51.524287;0.706266;0.042588;2.850000;0.000000
227.746195;-10.631674;-51.393958;0.714574;0.040566;2.850000;0.000000
227.946148;-10.481165;-51.262316;0.722486;0.038573;2.850000;0.000000
228.146101;-10.331594;-51.129444;0.730006;0.036607;2.850000;0.000000
228.346054;-10.182938;-50.995425;0.737139;0.034668;2.850000;0.000000
228.546006;-10.035176;-50.860340;0.743887;0.032752;2.850000;0.000000
228.745959;-9.888284;-50.724272;0.750256;0.030860;2.850000;0.000000
228.945912;-9.742241;-50.587303;0.756235;0.028988;2.850000;0.000000
229.145865;-9.597066;-50.449562;0.761634;0.025120;2.850000;0.000000
229.345817;-9.452651;-50.311160;0.766119;0.019766;2.850000;0.000000
229.545770;-9.308810;-50.172211;0.769536;0.014403;2.850000;0.000000
229.745723;-9.165388;-50.032868;0.771880;0.009035;2.850000;0.000000
229.945676;-9.022234;-49.893281;0.773149;0.003663;2.850000;0.000000
230.145629;-8.879193;-49.753600;0.773344;-0.001712;2.850000;0.000000
230.345581;-8.736112;-49.613975;0.772465;-0.007087;2.850000;0.000000
230.545534;-8.592838;-49.474557;0.770511;-0.012463;2.850000;0.000000
230.745487;-8.449216;-49.335497;0.767482;-0.017838;2.850000;0.000000
230.945440;-8.305095;-49.196945;0.763422;-0.023208;2.850000;0.000000
231.145392;-8.160323;-49.059030;0.759002;-0.021547;2.850000;0.000000
231.345345;-8.014940;-48.921718;0.755329;-0.015306;2.850000;0.000000
231.545298;-7.869128;-48.784841;0.752892;-0.009069;2.850000;0.000000
231.745251;-7.723063;-48.648225;0.751702;-0.002834;2.850000;0.000000
231.945203;-7.576922;-48.511693;0.751758;0.003400;2.850000;0.000000
232.145156;-7.430883;-48.375070;0.753062;0.009637;2.850000;0.000000
232.345109;-7.285123;-48.238180;0.755613;0.015878;2.850000;0.000000
232.545062;-7.139818;-48.100847;0.759412;0.022126;2.850000;0.000000
232.745014;-6.995146;-47.962895;0.764460;0.028382;2.850000;0.000000
232.944967;-6.851284;-47.824149;0.770713;0.034643;2.850000;0.000000
233.144920;-6.708349;-47.684401;0.777508;0.033909;2.850000;0.000000
233.344873;-6.566350;-47.543676;0.783802;0.029153;2.850000;0.000000
233.544825;-6.425178;-47.402132;0.789154;0.024390;2.850000;0.000000
233.744778;-6.284696;-47.259899;0.793554;0.019624;2.850000;0.000000
233.944731;-6.144766;-47.117109;0.797001;0.014857;2.850000;0.000000
234.144684;-6.005251;-46.973893;0.799495;0.010091;2.850000;0.000000
234.344637;-5.866012;-46.830382;0.801036;0.005326;2.850000;0.000000
234.544589;-5.726912;-46.686709;0.801625;0.000563;2.850000;0.000000
234.744542;-5.587812;-46.543005;0.801261;-0.004197;2.850000;0.000000
234.944495;-5.448576;-46.399400;0.799980;-0.008954;2.850000;0.000000
235.144448;-5.309156;-46.256101;0.798192;-0.009302;2.850000;0.000000
235.344400;-5.169493;-46.113084;0.796517;-0.007489;2.850000;0.000000
235.544353;-5.029601;-45.970260;0.795201;-0.005679;2.850000;0.000000
235.744306;-4.889534;-45.827581;0.794246;-0.003869;2.850000;0.000000
235.944259;-4.749345;-45.685000;0.793653;-0.002060;2.850000;0.000000
236.144211;-4.609089;-45.542467;0.793422;-0.000252;2.850000;0.000000
236.344164;-4.468819;-45.399935;0.793553;0.001555;2.850000;0.000000
236.544117;-4.328590;-45.257356;0.794044;0.003363;2.850000;0.000000
236.744070;-4.188455;-45.114680;0.794898;0.005170;2.850000;0.000000
236.944022;-4.048468;-44.971860;0.796083;0.006978;2.850000;0.000000
237.143975;-3.908669;-44.828851;0.797267;0.005178;2.850000;0.000000
237.343928;-3.769019;-44.685698;0.797964;0.001815;2.850000;0.000000
237.543881;-3.629426;-44.542500;0.797991;-0.001549;2.850000;0.000000
237.743833;-3.489794;-44.399351;0.797344;-0.004914;2.850000;0.000000
237.943786;-3.350029;-44.256346;0.796025;-0.008279;2.850000;0.000000
238.143739;-3.210034;-44.113581;0.794034;-0.011646;2.850000;0.000000
238.343692;-3.069715;-43.971149;0.791368;-0.015013;2.850000;0.000000
238.543644;-2.928977;-43.829147;0.788030;-0.018381;2.850000;0.000000
238.743597;-2.787724;-43.687669;0.784019;-0.021750;2.850000;0.000000
238.943550;-2.645861;-43.546811;0.779408;-0.025117;2.850000;0.000000
239.143503;-2.503263;-43.406596;0.774981;-0.019953;2.850000;0.000000
239.343456;-2.360088;-43.266931;0.771834;-0.011557;2.850000;0.000000
239.543408;-2.216594;-43.127601;0.770362;-0.003162;2.850000;0.000000
239.743361;-2.073019;-42.988368;0.770569;0.005235;2.850000;0.000000
239.943314;-1.929603;-42.848998;0.772456;0.013636;2.850000;0.000000
240.143267;-1.786585;-42.709254;0.776023;0.022045;2.850000;0.000000
240.343219;-1.644204;-42.568901;0.781271;0.030459;2.850000;0.000000
240.543172;-1.502700;-42.427702;0.788202;0.038879;2.850000;0.000000
240.743125;-1.362310;-42.285422;0.796814;0.047296;2.850000;0.000000
240.943078;-1.223276;-42.141824;0.806987;0.055699;2.850000;0.000000
241.143030;-1.085862;-41.996772;0.817596;0.051692;2.850000;0.000000
241.342983;-0.949944;-41.850300;0.827124;0.043714;2.850000;0.000000
241.542936;-0.815278;-41.702609;0.835065;0.035744;2.850000;0.000000
241.742889;-0.681634;-41.553920;0.841415;0.027787;2.850000;0.000000
241.942841;-0.548787;-41.404456;0.846178;0.019844;2.850000;0.000000
242.142794;-0.416509;-41.254437;0.849353;0.011914;2.850000;0.000000
242.342747;-0.284574;-41.104085;0.850944;0.003993;2.850000;0.000000
242.542700;-0.152753;-40.953622;0.850951;-0.003926;2.850000;0.000000
242.742652;-0.020820;-40.803269;0.849374;-0.011847;2.850000;0.000000
242.942605;0.111452;-40.653248;0.846299;-0.019778;2.850000;0.000000
243.142558;0.244307;-40.503709;0.842509;-0.019034;2.850000;0.000000
243.342511;0.377718;-40.354689;0.839018;-0.015892;2.850000;0.000000
243.542464;0.511583;-40.206115;0.836154;-0.012746;2.850000;0.000000
243.742416;0.645812;-40.057900;0.833920;-0.009597;2.850000;0.000000
243.942369;0.780312;-39.909955;0.832316;-0.006446;2.850000;0.000000
244.142322;0.914995;-39.762193;0.831343;-0.003293;2.850000;0.000000
244.342275;1.049769;-39.614527;0.831000;-0.000139;2.850000;0.000000
244.542227;1.184542;-39.466869;0.831287;0.003015;2.850000;0.000000
244.742180;1.319225;-39.319132;0.832205;0.006169;2.850000;0.000000
244.942133;1.453727;-39.171227;0.833715;0.009323;2.850000;0.000000
245.142086;1.587965;-39.023082;0.835502;0.008950;2.850000;0.000000
245.342038;1.721941;-38.874693;0.837173;0.007773;2.850000;0.000000
245.541991;1.855692;-38.726090;0.838610;0.006597;2.850000;0.000000
245.741944;1.989252;-38.577305;0.839811;0.005420;2.850000;0.000000
245.941897;2.122656;-38.428369;0.840777;0.004244;2.850000;0.000000
246.141849;2.255940;-38.279314;0.841508;0.003067;2.850000;0.000000
246.341802;2.389138;-38.130170;0.842004;0.001892;2.850000;0.000000
246.541755;2.522285;-37.980970;0.842265;0.000716;2.850000;0.000000
246.741708;2.655417;-37.831744;0.842290;-0.000459;2.850000;0.000000
246.941660;2.788567;-37.682525;0.842094;-0.001634;2.850000;0.000000
247.141613;2.921738;-37.533373;0.841771;-0.001723;2.850000;0.000000
247.341566;3.054959;-37.384268;0.841438;-0.001611;2.850000;0.000000
247.541519;3.188231;-37.235202;0.841127;-0.001499;2.850000;0.000000
247.741472;3.321550;-37.086175;0.840839;-0.001387;2.850000;0.000000
247.941424;3.454912;-36.937182;0.840573;-0.001275;2.850000;0.000000
248.141377;3.588311;-36.788225;0.840329;-0.001163;2.850000;0.000000
248.341330;3.721743;-36.639299;0.840108;-0.001051;2.850000;0.000000
248.541283;3.855205;-36.490405;0.839909;-0.000939;2.850000;0.000000
248.741235;3.988691;-36.341539;0.839732;-0.000828;2.850000;0.000000
248.941188;4.122196;-36.192701;0.839579;-0.000716;2.850000;0.000000
249.141141;4.255743;-36.043859;0.839455;-0.000529;2.850000;0.000000
249.341094;4.389304;-35.895033;0.839369;-0.000330;2.850000;0.000000
249.541046;4.522870;-35.746221;0.839323;-0.000132;2.850000;0.000000
249.740999;4.656436;-35.597417;0.839317;0.000067;2.850000;0.000000
249.940952;4.789997;-35.448616;0.839350;0.000266;2.850000;0.000000
250.140905;4.923547;-35.299810;0.839423;0.000464;2.850000;0.000000
250.340857;5.057081;-35.150994;0.839535;0.000663;2.850000;0.000000
250.540810;5.190595;-35.002161;0.839688;0.000861;2.850000;0.000000
250.740763;5.324082;-34.853306;0.839880;0.001060;2.850000;0.000000
250.940716;5.457537;-34.704423;0.840107;0.001258;2.850000;0.000000
251.140668;5.590962;-34.555502;0.840335;0.001075;2.850000;0.000000
251.340621;5.724357;-34.406550;0.840527;0.000851;2.850000;0.000000
251.540574;5.857726;-34.257575;0.840675;0.000626;2.850000;0.000000
251.740527;5.991078;-34.108583;0.840777;0.000401;2.850000;0.000000
251.940480;6.124417;-33.959580;0.840835;0.000176;2.850000;0.000000
252.140432;6.257752;-33.810572;0.840848;-0.000048;2.850000;0.000000
252.340385;6.391088;-33.661566;0.840816;-0.000273;2.850000;0.000000
252.540338;6.524432;-33.512566;0.840739;-0.000498;2.850000;0.000000
252.740291;6.657791;-33.363581;0.840617;-0.000723;2.850000;0.000000
252.940243;6.791171;-33.214615;0.840455;-0.000947;2.850000;0.000000
253.140196;6.924578;-33.065672;0.840285;-0.000810;2.850000;0.000000
253.340149;7.058009;-32.916751;0.840139;-0.000646;2.850000;0.000000
253.540102;7.191459;-32.767848;0.840026;-0.000482;2.850000;0.000000
253.740054;7.324923;-32.618958;0.839946;-0.000318;2.850000;0.000000
253.940007;7.458396;-32.470076;0.839899;-0.000153;2.850000;0.000000
254.139960;7.591874;-32.321199;0.839885;0.000011;2.850000;0.000000
254.339913;7.725352;-32.172321;0.839904;0.000175;2.850000;0.000000
254.539865;7.858824;-32.023438;0.839955;0.000339;2.850000;0.000000
254.739818;7.992287;-31.874546;0.840039;0.000503;2.850000;0.000000
254.939771;8.125736;-31.725640;0.840150;0.000667;2.850000;0.000000
255.139724;8.259166;-31.576717;0.840257;0.000458;2.850000;0.000000
255.339676;8.392584;-31.427781;0.840327;0.000235;2.850000;0.000000
255.539629;8.525994;-31.278839;0.840351;0.000011;2.850000;0.000000
255.739582;8.659404;-31.129897;0.840331;-0.000212;2.850000;0.000000
255.939535;8.792820;-30.980961;0.840266;-0.000436;2.850000;0.000000
256.139488;8.926249;-30.832037;0.840157;-0.000659;2.850000;0.000000
256.339440;9.059696;-30.683132;0.840002;-0.000883;2.850000;0.000000
256.539393;9.193169;-30.534251;0.839804;-0.001107;2.850000;0.000000
256.739346;9.326673;-30.385401;0.839560;-0.001330;2.850000;0.000000
256.939299;9.460216;-30.236588;0.839277;-0.001554;2.850000;0.000000
257.139251;9.593805;-30.087813;0.838986;-0.001421;2.850000;0.000000
257.339204;9.727435;-29.939077;0.838715;-0.001285;2.850000;0.000000
257.539157;9.861103;-29.790376;0.838472;-0.001148;2.850000;0.000000
257.739110;9.994805;-29.641706;0.838256;-0.001012;2.850000;0.000000
257.939062;10.128538;-29.493062;0.838067;-0.000876;2.850000;0.000000
258.139015;10.262298;-29.344440;0.837906;-0.000740;2.850000;0.000000
258.338968;10.396082;-29.195837;0.837771;-0.000604;2.850000;0.000000
258.538921;10.529885;-29.047246;0.837664;-0.000468;2.850000;0.000000
258.738873;10.663706;-28.898666;0.837584;-0.000331;2.850000;0.000000
258.938826;10.797539;-28.750091;0.837536;-0.000190;2.850000;0.000000
259.138779;10.931363;-28.601535;0.837538;0.000178;2.850000;0.000000
259.338732;11.065185;-28.452971;0.837611;0.000546;2.850000;0.000000
259.538684;11.198993;-28.304390;0.837757;0.000914;2.850000;0.000000
259.738637;11.332776;-28.155783;0.837976;0.001282;2.850000;0.000000
259.938590;11.466521;-28.007140;0.838269;0.001650;2.850000;0.000000
260.138543;11.600218;-27.858452;0.838636;0.002018;2.850000;0.000000
260.338496;11.733855;-27.709711;0.839076;0.002386;2.850000;0.000000
260.538448;11.867419;-27.560908;0.839590;0.002754;2.850000;0.000000
260.738401;12.000900;-27.412032;0.840178;0.003122;2.850000;0.000000
260.938354;12.134287;-27.263075;0.840799;0.003385;2.850000;0.000000
261.138307;12.267595;-27.114021;0.841279;0.001705;2.850000;0.000000
261.338259;12.400849;-26.964924;0.841452;0.000025;2.850000;0.000000
261.538212;12.534099;-26.815830;0.841289;-0.001655;2.850000;0.000000
261.738165;12.667396;-26.666783;0.840790;-0.003336;2.850000;0.000000
261.938118;12.800789;-26.517828;0.839955;-0.005016;2.850000;0.000000
262.138070;12.934329;-26.369011;0.838783;-0.006697;2.850000;0.000000
262.338023;13.068066;-26.220375;0.837276;-0.008378;2.850000;0.000000
262.537976;13.202050;-26.071965;0.835433;-0.010059;2.850000;0.000000
262.737929;13.336330;-25.923827;0.833254;-0.011740;2.850000;0.000000
262.937881;13.470956;-25.776006;0.830839;-0.013032;2.850000;0.000000
263.137834;13.605944;-25.628525;0.828599;-0.009982;2.850000;0.000000
263.337787;13.741227;-25.481312;0.826908;-0.006932;2.850000;0.000000
263.537740;13.876718;-25.334284;0.825827;-0.003882;2.850000;0.000000
263.737692;14.012326;-25.187357;0.825356;-0.000832;2.850000;0.000000
263.937645;14.147962;-25.040449;0.825495;0.002218;2.850000;0.000000
264.137598;14.283536;-24.893476;0.826243;0.005266;2.850000;0.000000
264.337551;14.418960;-24.746356;0.827601;0.008315;2.850000;0.000000
264.537503;14.554144;-24.599006;0.829568;0.011362;2.850000;0.000000
264.737456;14.688999;-24.451343;0.832145;0.014409;2.850000;0.000000
264.937409;14.823430;-24.303289;0.835195;0.016791;2.850000;0.000000
265.137362;14.957353;-24.154838;0.838196;0.013914;2.850000;0.000000
265.337315;15.090870;-24.006005;0.840690;0.011039;2.850000;0.000000
265.537267;15.224066;-23.856871;0.842610;0.008165;2.850000;0.000000
265.737220;15.357023;-23.707513;0.843955;0.005292;2.850000;0.000000
265.937173;15.489824;-23.558012;0.844726;0.002419;2.850000;0.000000
266.137126;15.622554;-23.408446;0.844923;-0.000453;2.850000;0.000000
266.337078;15.755295;-23.258895;0.844545;-0.003325;2.850000;0.000000
266.537031;15.888129;-23.109438;0.843593;-0.006198;2.850000;0.000000
266.736984;16.021142;-22.960154;0.842067;-0.009073;2.850000;0.000000
266.936937;16.154422;-22.811115;0.840071;-0.011347;2.850000;0.000000
267.136889;16.288059;-22.662330;0.837996;-0.009874;2.850000;0.000000
267.336842;16.421980;-22.513820;0.836169;-0.008400;2.850000;0.000000
267.536795;16.556143;-22.365543;0.834637;-0.006926;2.850000;0.000000
267.736748;16.690504;-22.217459;0.833399;-0.005451;2.850000;0.000000
267.936700;16.825023;-22.069526;0.832457;-0.003975;2.850000;0.000000
268.136653;16.959655;-21.921705;0.831810;-0.002499;2.850000;0.000000
268.336606;17.094358;-21.773954;0.831458;-0.001023;2.850000;0.000000
268.536559;17.229089;-21.626233;0.831401;0.000454;2.850000;0.000000
268.736511;17.363807;-21.478499;0.831639;0.001930;2.850000;0.000000
268.936464;17.498468;-21.330714;0.832171;0.003395;2.850000;0.000000
269.136417;17.633026;-21.182840;0.832990;0.004806;2.850000;0.000000
269.336370;17.767444;-21.034835;0.834092;0.006217;2.850000;0.000000
269.536323;17.901680;-20.886661;0.835476;0.007627;2.850000;0.000000
269.736275;18.035692;-20.738280;0.837142;0.009037;2.850000;0.000000
269.936228;18.169439;-20.589653;0.839090;0.010447;2.850000;0.000000
270.136181;18.302879;-20.440743;0.841319;0.011856;2.850000;0.000000
270.336134;18.435970;-20.291512;0.843831;0.013265;2.850000;0.000000
270.536086;18.568671;-20.141921;0.846624;0.014673;2.850000;0.000000
270.736039;18.700941;-19.991932;0.849698;0.016080;2.850000;0.000000
270.935992;18.832722;-19.841526;0.852797;0.015701;2.850000;0.000000
271.135945;18.964001;-19.690787;0.855103;0.008132;2.850000;0.000000
271.335897;19.095045;-19.539824;0.855972;0.000566;2.850000;0.000000
271.535850;19.226081;-19.388836;0.855329;-0.006997;2.850000;0.000000
271.735803;19.357334;-19.238024;0.853175;-0.014559;2.850000;0.000000
271.935756;19.489030;-19.087589;0.849508;-0.022119;2.850000;0.000000
272.135708;19.621396;-18.937731;0.844329;-0.029678;2.850000;0.000000
272.335661;19.754658;-18.788652;0.837640;-0.037230;2.850000;0.000000
272.535614;19.889042;-18.640551;0.829440;-0.044770;2.850000;0.000000
272.735567;20.024774;-18.493630;0.819733;-0.052287;2.850000;0.000000
272.935519;20.162098;-18.348070;0.808537;-0.059628;2.850000;0.000000
273.135472;20.301257;-18.204046;0.795913;-0.066520;2.850000;0.000000
273.335425;20.442328;-18.061883;0.781892;-0.073503;2.850000;0.000000
273.535378;20.585443;-17.921846;0.766466;-0.080583;2.850000;0.000000
273.735331;20.730734;-17.784197;0.749620;-0.087758;2.850000;0.000000
273.935283;20.878330;-17.649201;0.731340;-0.095020;2.850000;0.000000
274.135236;21.028365;-17.517123;0.711613;-0.102353;2.850000;0.000000
274.335189;21.180968;-17.388225;0.690429;-0.109730;2.850000;0.000000
274.535142;21.336272;-17.262774;0.667783;-0.117117;2.850000;0.000000
274.735094;21.494407;-17.141031;0.643675;-0.124467;2.850000;0.000000
274.935047;21.655527;-17.023245;0.618436;-0.129121;2.850000;0.000000
275.135000;21.819721;-16.909554;0.593031;-0.126041;2.850000;0.000000
275.334953;21.986781;-16.799995;0.568151;-0.123010;2.850000;0.000000
275.534905;22.156548;-16.694536;0.543862;-0.120047;2.850000;0.000000
275.734858;22.328862;-16.593142;0.520147;-0.117165;2.850000;0.000000
275.934811;22.503566;-16.495779;0.496991;-0.114379;2.850000;0.000000
276.134764;22.680500;-16.402413;0.474376;-0.111698;2.850000;0.000000
276.334716;22.859506;-16.313009;0.452282;-0.109133;2.850000;0.000000
276.534669;23.040425;-16.227535;0.430689;-0.106692;2.850000;0.000000
276.734622;23.223098;-16.145956;0.409577;-0.104379;2.850000;0.000000
276.934575;23.407356;-16.068240;0.389116;-0.100613;2.850000;0.000000
277.134527;23.593035;-15.994273;0.369807;-0.092899;2.850000;0.000000
277.334480;23.780029;-15.923777;0.352018;-0.085117;2.850000;0.000000
277.534433;23.968208;-15.856466;0.335787;-0.077303;2.850000;0.000000
277.734386;24.157443;-15.792058;0.321115;-0.069486;2.850000;0.000000
277.934339;24.347605;-15.730268;0.308001;-0.061685;2.850000;0.000000
278.134291;24.538563;-15.670814;0.296442;-0.053912;2.850000;0.000000
278.334244;24.730189;-15.613411;0.286431;-0.046172;2.850000;0.000000
278.534197;24.922353;-15.557776;0.277966;-0.038463;2.850000;0.000000
278.734150;25.114925;-15.503625;0.271040;-0.030780;2.850000;0.000000
278.934102;25.307784;-15.450673;0.265639;-0.023211;2.850000;0.000000
279.134055;25.500834;-15.398631;0.261734;-0.015835;2.850000;0.000000
279.334008;25.694000;-15.347214;0.259307;-0.008443;2.850000;0.000000
279.533961;25.887223;-15.296130;0.258359;-0.001042;2.850000;0.000000
279.733913;26.080447;-15.245089;0.258891;0.006361;2.850000;0.000000
279.933866;26.273614;-15.193801;0.260902;0.013760;2.850000;0.000000
280.133819;26.466667;-15.141973;0.264391;0.021148;2.850000;0.000000
280.333772;26.659548;-15.089317;0.269356;0.028517;2.850000;0.000000
280.533724;26.852200;-15.035541;0.275795;0.035856;2.850000;0.000000
280.733677;27.044566;-14.980355;0.283706;0.043153;2.850000;0.000000
280.933630;27.236654;-14.923445;0.293290;0.052228;2.850000;0.000000
281.133583;27.428368;-14.864447;0.305035;0.064687;2.850000;0.000000
281.333535;27.619299;-14.802965;0.319275;0.077308;2.850000;0.000000
281.533488;27.809152;-14.738565;0.336057;0.090128;2.850000;0.000000
281.733441;27.997631;-14.670811;0.355413;0.103163;2.850000;0.000000
281.933394;28.184441;-14.599267;0.377374;0.116403;2.850000;0.000000
282.133347;28.369287;-14.523497;0.401968;0.129808;2.850000;0.000000
282.333299;28.551872;-14.443067;0.429215;0.143300;2.850000;0.000000
282.533252;28.731901;-14.357539;0.459123;0.156757;2.850000;0.000000
282.733205;28.909078;-14.266479;0.491670;0.170015;2.850000;0.000000
282.933158;29.083172;-14.169421;0.526227;0.177258;2.850000;0.000000
283.133110;29.253951;-14.066157;0.561437;0.176149;2.850000;0.000000
283.333063;29.421108;-13.956875;0.596537;0.175313;2.850000;0.000000
283.533016;29.584433;-13.841738;0.631519;0.174754;2.850000;0.000000
283.732969;29.743719;-13.720904;0.666434;0.174476;2.850000;0.000000
283.932921;29.898757;-13.594533;0.701337;0.174477;2.850000;0.000000
284.132874;30.049337;-13.462786;0.736279;0.174757;2.850000;0.000000
284.332827;30.195253;-13.325822;0.771313;0.175309;2.850000;0.000000
284.532780;30.336294;-13.183801;0.806489;0.176128;2.850000;0.000000
284.732732;30.472253;-13.036884;0.841833;0.177203;2.850000;0.000000
284.932685;30.602775;-12.885407;0.877261;0.177253;2.850000;0.000000
285.132638;30.727691;-12.729607;0.912549;0.175945;2.850000;0.000000
285.332591;30.847078;-12.569485;0.947582;0.174793;2.850000;0.000000
285.532543;30.960831;-12.405248;0.982410;0.173809;2.850000;0.000000
285.732496;31.068847;-12.237107;1.017070;0.173003;2.850000;0.000000
285.932449;31.171021;-12.065270;1.051600;0.172381;2.850000;0.000000
286.132402;31.267249;-11.889945;1.086037;0.171949;2.850000;0.000000
286.332355;31.357426;-11.711342;1.120422;0.171709;2.850000;0.000000
286.532307;31.441448;-11.529669;1.154792;0.171662;2.850000;0.000000
286.732260;31.519212;-11.345135;1.189219;0.171805;2.850000;0.000000
286.932213;31.590714;-11.157660;1.223908;0.173770;2.850000;0.000000
287.132166;31.655741;-10.967466;1.259246;0.178033;2.850000;0.000000
287.332118;31.713894;-10.775160;1.295510;0.182946;2.850000;0.000000
287.532071;31.764890;-10.581043;1.332787;0.188482;2.850000;0.000000
287.732024;31.808448;-10.385418;1.371179;0.194603;2.850000;0.000000
287.931977;31.844288;-10.188586;1.410785;0.201257;2.850000;0.000000
288.131929;31.872128;-9.990850;1.451691;0.208379;2.850000;0.000000
288.331882;31.891687;-9.792512;1.493978;0.215880;2.850000;0.000000
288.531835;31.902683;-9.593874;1.537711;0.223649;2.850000;0.000000
288.731788;31.904836;-9.395239;1.582880;0.231547;2.850000;0.000000
288.931740;31.897885;-9.196852;1.628257;0.226438;2.850000;0.000000
289.131693;31.882037;-8.998915;1.671549;0.209842;2.850000;0.000000
289.331646;31.857924;-8.801566;1.711598;0.192922;2.850000;0.000000
289.531599;31.826190;-8.604900;1.748352;0.176021;2.850000;0.000000
289.731551;31.787481;-8.409010;1.781842;0.159389;2.850000;0.000000
289.931504;31.742444;-8.213992;1.812121;0.143185;2.850000;0.000000
290.131457;31.691723;-8.019939;1.839265;0.127493;2.850000;0.000000
290.331410;31.635964;-7.826947;1.863351;0.112333;2.850000;0.000000
290.531362;31.575812;-7.635108;1.884459;0.097677;2.850000;0.000000
290.731315;31.511915;-7.444518;1.902653;0.083458;2.850000;0.000000
290.931268;31.445063;-7.255686;1.918122;0.070769;2.850000;0.000000
291.131221;31.375741;-7.068349;1.931070;0.058718;2.850000;0.000000
291.331174;31.304284;-6.881984;1.941572;0.046502;2.850000;0.000000
291.531126;31.231122;-6.696345;1.949623;0.034185;2.850000;0.000000
291.731079;31.156686;-6.511183;1.955212;0.021823;2.850000;0.000000
291.931032;31.081404;-6.326252;1.958335;0.009462;2.850000;0.000000
292.130985;31.005709;-6.141305;1.958994;-0.002859;2.850000;0.000000
292.330937;30.930028;-5.956094;1.957196;-0.015103;2.850000;0.000000
292.530890;30.854794;-5.770372;1.952952;-0.027233;2.850000;0.000000
292.730843;30.780435;-5.583893;1.946251;-0.039209;2.850000;0.000000
292.930796;30.707458;-5.396567;1.936640;-0.055997;2.850000;0.000000
293.130748;30.636527;-5.208240;1.923372;-0.075798;2.850000;0.000000
293.330701;30.568470;-5.018830;1.906087;-0.095992;2.850000;0.000000
293.530654;30.504153;-4.828344;1.884707;-0.116740;2.850000;0.000000
293.730607;30.444442;-4.636790;1.859141;-0.138137;2.850000;0.000000
293.930559;30.390203;-4.444172;1.829294;-0.160195;2.850000;0.000000
294.130512;30.342301;-4.250497;1.795077;-0.182812;2.850000;0.000000
294.330465;30.301602;-4.055773;1.756421;-0.205750;2.850000;0.000000
294.530418;30.268972;-3.860004;1.713304;-0.228598;2.850000;0.000000
294.730370;30.245276;-3.663198;1.665962;-0.250759;2.850000;0.000000
294.930323;30.231330;-3.465660;1.616621;-0.248986;2.850000;0.000000
295.130276;30.227129;-3.267463;1.568667;-0.234685;2.850000;0.000000
295.330229;30.232175;-3.068780;1.523415;-0.220576;2.850000;0.000000
295.530182;30.245978;-2.869937;1.480802;-0.206929;2.850000;0.000000
295.730134;30.268046;-2.671259;1.440733;-0.193936;2.850000;0.000000
295.930087;30.297889;-2.473074;1.403087;-0.181723;2.850000;0.000000
296.130040;30.335014;-2.275706;1.367732;-0.170364;2.850000;0.000000
296.329993;30.378930;-2.079482;1.334531;-0.159889;2.850000;0.000000
296.529945;30.429146;-1.884729;1.303339;-0.150303;2.850000;0.000000
296.729898;30.485171;-1.691772;1.273973;-0.141588;2.850000;0.000000
296.929851;30.546670;-1.500486;1.246150;-0.135318;2.850000;0.000000
297.129804;30.613265;-1.311166;1.219553;-0.129830;2.850000;0.000000
297.329756;30.684631;-1.123996;1.194117;-0.124088;2.850000;0.000000
297.529709;30.760518;-0.938909;1.169884;-0.118154;2.850000;0.000000
297.729662;30.840679;-0.755843;1.146875;-0.112081;2.850000;0.000000
297.929615;30.924865;-0.574733;1.125103;-0.105917;2.850000;0.000000
298.129567;31.012828;-0.395513;1.104576;-0.099702;2.850000;0.000000
298.329520;31.104320;-0.218120;1.085297;-0.093470;2.850000;0.000000
298.529473;31.199091;-0.042489;1.067263;-0.087245;2.850000;0.000000
298.729426;31.296894;0.131444;1.050477;-0.081048;2.850000;0.000000
298.929378;31.397558;0.303884;1.035076;-0.073364;2.850000;0.000000
299.129331;31.500773;0.474891;1.021271;-0.064900;2.850000;0.000000
299.329284;31.606214;0.644573;1.009153;-0.056413;2.850000;0.000000
299.529237;31.713590;0.813102;0.998729;-0.047924;2.850000;0.000000
299.729190;31.822613;0.980654;0.989996;-0.039446;2.850000;0.000000
299.929142;31.932994;1.147401;0.982954;-0.030987;2.850000;0.000000
300.129095;32.044445;1.313517;0.977600;-0.022548;2.850000;0.000000
300.329048;32.156675;1.479176;0.973931;-0.014127;2.850000;0.000000
300.529001;32.269397;1.644551;0.971945;-0.005719;2.850000;0.000000
300.728953;32.382322;1.809816;0.971581;0.002681;2.850000;0.000000
300.928906;32.495097;1.975011;0.972195;0.004084;2.850000;0.000000
301.128859;32.607703;2.140247;0.972864;0.002648;2.850000;0.000000
301.328812;32.720222;2.305540;0.973250;0.001213;2.850000;0.000000
301.528764;32.832699;2.470860;0.973349;-0.000223;2.850000;0.000000
301.728717;32.945183;2.636174;0.973161;-0.001658;2.850000;0.000000
301.928670;33.057722;2.801449;0.972686;-0.003094;2.850000;0.000000
302.128623;33.170361;2.966654;0.971924;-0.004530;2.850000;0.000000
302.328575;33.283150;3.131755;0.970874;-0.005966;2.850000;0.000000
302.528528;33.396135;3.296722;0.969538;-0.007401;2.850000;0.000000
302.728481;33.509364;3.461521;0.968047;-0.008837;2.850000;0.000000
302.928434;33.622956;3.626317;0.967727;0.004244;2.850000;0.000000
303.128386;33.736428;3.791242;0.970401;0.022415;2.850000;0.000000
303.328339;33.849114;3.956611;0.976709;0.040639;2.850000;0.000000
303.528292;33.960389;4.122796;0.986666;0.058938;2.850000;0.000000
303.728245;34.069628;4.290173;1.000281;0.077310;2.850000;0.000000
303.928198;34.176204;4.459115;1.017563;0.095714;2.850000;0.000000
304.128150;34.279491;4.629997;1.038509;0.114066;2.850000;0.000000
304.328103;34.378864;4.803193;1.063103;0.132224;2.850000;0.000000
304.528056;34.473696;4.979077;1.091307;0.149977;2.850000;0.000000
304.728009;34.563362;5.158024;1.122947;0.167045;2.850000;0.000000
304.927961;34.647182;5.340201;1.157221;0.175556;2.850000;0.000000
305.127914;34.724670;5.525561;1.193230;0.182908;2.850000;0.000000
305.327867;34.795340;5.713778;1.230856;0.191407;2.850000;0.000000
305.527820;34.858684;5.904486;1.270288;0.201033;2.850000;0.000000
305.727772;34.914197;6.097318;1.311705;0.211746;2.850000;0.000000
305.927725;34.961371;6.291910;1.355282;0.223474;2.850000;0.000000
306.127678;34.999700;6.487895;1.401178;0.236099;2.850000;0.000000
306.327631;35.028677;6.684907;1.449534;0.249440;2.850000;0.000000
306.527583;35.047796;6.882580;1.500461;0.263243;2.850000;0.000000
306.727536;35.056550;7.080549;1.553713;0.277162;2.850000;0.000000
306.927489;35.054557;7.278315;1.606933;0.263494;2.850000;0.000000
307.127442;35.042261;7.475797;1.657038;0.242681;2.850000;0.000000
307.327394;35.020444;7.672887;1.703067;0.221415;2.850000;0.000000
307.527347;34.989887;7.869448;1.745015;0.200261;2.850000;0.000000
307.727300;34.951371;8.065339;1.782936;0.179609;2.850000;0.000000
307.927253;34.905679;8.260421;1.816925;0.159694;2.850000;0.000000
308.127206;34.853592;8.454554;1.847103;0.140624;2.850000;0.000000
308.327158;34.795891;8.647598;1.873596;0.122404;2.850000;0.000000
308.527111;34.733359;8.839415;1.896528;0.104966;2.850000;0.000000
308.727064;34.666776;9.029865;1.915911;0.088180;2.850000;0.000000
308.927017;34.596884;9.219037;1.931020;0.062758;2.850000;0.000000
309.126969;34.524716;9.407023;1.940909;0.035447;2.850000;0.000000
309.326922;34.451339;9.594160;1.945270;0.007912;2.850000;0.000000
309.526875;34.377808;9.780817;1.944072;-0.019886;2.850000;0.000000
309.726828;34.305178;9.967365;1.937282;-0.047997;2.850000;0.000000
309.926780;34.234504;10.154174;1.924859;-0.076445;2.850000;0.000000
310.126733;34.166841;10.341615;1.906764;-0.105184;2.850000;0.000000
310.326686;34.103243;10.530058;1.882972;-0.134057;2.850000;0.000000
310.526639;34.044766;10.719874;1.853490;-0.162750;2.850000;0.000000
310.726591;33.992464;10.911433;1.818909;-0.190756;2.850000;0.000000
310.926544;33.947359;11.104376;1.782465;-0.181192;2.850000;0.000000
311.126497;33.909150;11.299144;1.747948;-0.166493;2.850000;0.000000
311.326450;33.877324;11.495571;1.716259;-0.151988;2.850000;0.000000
311.526402;33.851393;11.693399;1.687349;-0.137810;2.850000;0.000000
311.726355;33.830866;11.892371;1.661162;-0.124040;2.850000;0.000000
311.926308;33.815254;12.092229;1.637634;-0.110711;2.850000;0.000000
312.126261;33.804068;12.292715;1.616700;-0.097819;2.850000;0.000000
312.326214;33.796818;12.493574;1.598297;-0.085329;2.850000;0.000000
312.526166;33.793014;12.694546;1.582368;-0.073183;2.850000;0.000000
312.726119;33.792168;12.895375;1.568710;-0.061303;2.850000;0.000000
312.926072;33.793853;13.096416;1.556377;-0.060174;2.850000;0.000000
313.126025;33.797962;13.297121;1.544263;-0.060528;2.850000;0.000000
313.325977;33.804495;13.497424;1.532101;-0.060836;2.850000;0.000000
313.525930;33.813456;13.697343;1.519900;-0.061096;2.850000;0.000000
313.725883;33.824845;13.896897;1.507666;-0.061308;2.850000;0.000000
313.925836;33.838663;14.096103;1.495407;-0.061470;2.850000;0.000000
314.125788;33.854913;14.294980;1.483129;-0.061583;2.850000;0.000000
314.325741;33.873595;14.493546;1.470840;-0.061645;2.850000;0.000000
314.525694;33.894712;14.691819;1.458547;-0.061657;2.850000;0.000000
314.725647;33.918264;14.889818;1.446311;-0.061618;2.850000;0.000000
314.925599;33.944252;15.087717;1.434524;-0.057135;2.850000;0.000000
315.125552;33.972506;15.285391;1.423609;-0.052187;2.850000;0.000000
315.325505;34.002832;15.482839;1.413678;-0.047245;2.850000;0.000000
315.525458;34.035034;15.680076;1.404729;-0.042315;2.850000;0.000000
315.725410;34.068918;15.877118;1.396760;-0.037402;2.850000;0.000000
315.925363;34.104288;16.073981;1.389769;-0.032505;2.850000;0.000000
316.125316;34.140952;16.270678;1.383753;-0.027626;2.850000;0.000000
316.325269;34.178712;16.467226;1.378711;-0.022763;2.850000;0.000000
316.525221;34.217376;16.663641;1.374639;-0.017914;2.850000;0.000000
316.725174;34.256749;16.859937;1.371465;-0.013075;2.850000;0.000000
316.925127;34.296622;17.055917;1.368763;-0.013196;2.850000;0.000000
317.125080;34.337008;17.251777;1.366082;-0.013614;2.850000;0.000000
317.325033;34.377928;17.447522;1.363318;-0.014034;2.850000;0.000000
317.524985;34.419395;17.643145;1.360469;-0.014454;2.850000;0.000000
317.724938;34.461425;17.838640;1.357537;-0.014874;2.850000;0.000000
317.924891;34.504035;18.034001;1.354521;-0.015296;2.850000;0.000000
318.124844;34.547240;18.229221;1.351420;-0.015717;2.850000;0.000000
318.324796;34.591056;18.424294;1.348236;-0.016140;2.850000;0.000000
318.524749;34.635499;18.619212;1.344967;-0.016563;2.850000;0.000000
318.724702;34.680584;18.813970;1.341607;-0.016986;2.850000;0.000000
318.924655;34.726343;19.008620;1.338128;-0.017766;2.850000;0.000000
319.124607;34.772792;19.203099;1.334497;-0.018556;2.850000;0.000000
319.324560;34.819960;19.397395;1.330708;-0.019345;2.850000;0.000000
319.524513;34.867878;19.591504;1.326761;-0.020133;2.850000;0.000000
319.724466;34.916576;19.785417;1.322657;-0.020920;2.850000;0.000000
319.924418;34.966086;19.979127;1.318396;-0.021706;2.850000;0.000000
320.124371;35.016438;20.172628;1.313978;-0.022490;2.850000;0.000000
320.324324;35.067663;20.365912;1.309402;-0.023271;2.850000;0.000000
320.524277;35.119791;20.558973;1.304671;-0.024051;2.850000;0.000000
320.724229;35.172853;20.751802;1.299962;-0.024810;2.850000;0.000000
320.924182;35.226816;20.944430;1.296168;-0.014898;2.850000;0.000000
321.124135;35.281357;21.136910;1.294178;-0.004994;2.850000;0.000000
321.324088;35.336089;21.329336;1.294170;0.004909;2.850000;0.000000
321.524041;35.390628;21.521798;1.296142;0.014817;2.850000;0.000000
321.723993;35.444587;21.714388;1.300098;0.024739;2.850000;0.000000
321.923946;35.497580;21.907196;1.306038;0.034678;2.850000;0.000000
322.123899;35.549221;22.100314;1.313965;0.044634;2.850000;0.000000
322.323852;35.599123;22.293834;1.323882;0.054601;2.850000;0.000000
322.523804;35.646901;22.487846;1.335787;0.064565;2.850000;0.000000
322.723757;35.692168;22.682440;1.349280;0.073783;2.850000;0.000000
322.923710;35.734673;22.877574;1.362530;0.062113;2.850000;0.000000
323.123663;35.774764;23.073276;1.373772;0.050436;2.850000;0.000000
323.323615;35.812895;23.269443;1.382685;0.038776;2.850000;0.000000
323.523568;35.849519;23.465975;1.389274;0.027142;2.850000;0.000000
323.723521;35.885088;23.662770;1.393541;0.015535;2.850000;0.000000
323.923474;35.920054;23.859727;1.395490;0.003949;2.850000;0.000000
324.123426;35.954870;24.056744;1.395122;-0.007626;2.850000;0.000000
324.323379;35.989990;24.253721;1.392438;-0.019200;2.850000;0.000000
324.523332;36.025864;24.450556;1.387438;-0.030783;2.850000;0.000000
324.723285;36.062948;24.647154;1.380579;-0.040986;2.850000;0.000000
324.923237;36.101532;24.843542;1.373868;-0.029316;2.850000;0.000000
325.123190;36.141262;25.039679;1.369170;-0.017641;2.850000;0.000000
325.323143;36.181680;25.235647;1.366808;-0.005961;2.850000;0.000000
325.523096;36.222322;25.431528;1.366785;0.005728;2.850000;0.000000
325.723049;36.262730;25.627404;1.369101;0.017434;2.850000;0.000000
325.923001;36.302442;25.823359;1.373759;0.029162;2.850000;0.000000
326.122954;36.340998;26.019475;1.380762;0.040912;2.850000;0.000000
326.322907;36.377937;26.215833;1.390111;0.052678;2.850000;0.000000
326.522860;36.412798;26.412517;1.401809;0.064444;2.850000;0.000000
326.722812;36.445119;26.609600;1.415359;0.074104;2.850000;0.000000
326.922765;36.474624;26.807064;1.428780;0.063136;2.850000;0.000000
327.122718;36.501645;27.004941;1.440293;0.052155;2.850000;0.000000
327.322671;36.526612;27.203166;1.449617;0.041186;2.850000;0.000000
327.522623;36.549957;27.401676;1.456755;0.030240;2.850000;0.000000
327.722576;36.572111;27.600407;1.461710;0.019323;2.850000;0.000000
327.922529;36.593505;27.799295;1.464486;0.008431;2.850000;0.000000
328.122482;36.614569;27.998275;1.465085;-0.002442;2.850000;0.000000
328.322434;36.635735;28.197285;1.463509;-0.013305;2.850000;0.000000
328.522387;36.657432;28.396261;1.459760;-0.024167;2.850000;0.000000
328.722340;36.680093;28.595138;1.454348;-0.032416;2.850000;0.000000
328.922293;36.703945;28.793880;1.449221;-0.021314;2.850000;0.000000
329.122245;36.728643;28.992509;1.446066;-0.010215;2.850000;0.000000
329.322198;36.753744;29.191060;1.445132;0.000888;2.850000;0.000000
329.522151;36.778804;29.389571;1.446421;0.012003;2.850000;0.000000
329.722104;36.803379;29.588077;1.449936;0.023141;2.850000;0.000000
329.922057;36.827026;29.786616;1.455679;0.034307;2.850000;0.000000
330.122009;36.849301;29.985225;1.463653;0.045502;2.850000;0.000000
330.321962;36.869760;30.183939;1.473864;0.056721;2.850000;0.000000
330.521915;36.887960;30.382795;1.486311;0.067946;2.850000;0.000000
330.721868;36.903458;30.581849;1.500476;0.076082;2.850000;0.000000
330.921820;36.916023;30.781211;1.514481;0.066335;2.850000;0.000000
331.121773;36.925946;30.980753;1.526758;0.056566;2.850000;0.000000
331.321726;36.933616;31.180449;1.537087;0.046798;2.850000;0.000000
331.521679;36.939419;31.380272;1.545467;0.037046;2.850000;0.000000
331.721631;36.943743;31.580197;1.551902;0.027316;2.850000;0.000000
331.921584;36.946976;31.780196;1.556395;0.017606;2.850000;0.000000
332.121537;36.949505;31.980243;1.558947;0.007912;2.850000;0.000000
332.321490;36.951717;32.180313;1.559561;-0.001774;2.850000;0.000000
332.521442;36.954001;32.380378;1.558239;-0.011461;2.850000;0.000000
332.721395;36.956742;32.580406;1.555342;-0.018745;2.850000;0.000000
332.921348;36.960183;32.780357;1.552081;-0.015083;2.850000;0.000000
333.121301;36.964226;32.980269;1.549432;-0.011416;2.850000;0.000000
333.321253;36.968725;33.180153;1.547516;-0.007746;2.850000;0.000000
333.521206;36.973534;33.380019;1.546335;-0.004073;2.850000;0.000000
333.721159;36.978505;33.579878;1.545888;-0.000399;2.850000;0.000000
333.921112;36.983493;33.779741;1.546175;0.003274;2.850000;0.000000
334.121065;36.988350;33.979619;1.547197;0.006946;2.850000;0.000000
334.321017;36.992929;34.179523;1.548952;0.010615;2.850000;0.000000
334.520970;36.997085;34.379464;1.551441;0.014279;2.850000;0.000000
334.720923;37.000670;34.579419;1.554543;0.017088;2.850000;0.000000
334.920876;37.003584;34.779301;1.557895;0.016758;2.850000;0.000000
335.120828;37.005829;34.979227;1.561213;0.016431;2.850000;0.000000
335.320781;37.007417;35.179184;1.564466;0.016108;2.850000;0.000000
335.520734;37.008360;35.379163;1.567655;0.015788;2.850000;0.000000
335.720687;37.008673;35.579151;1.570781;0.015470;2.850000;0.000000
335.920639;37.008367;35.779139;1.573843;0.015156;2.850000;0.000000
336.120592;37.007454;35.979115;1.576843;0.014844;2.850000;0.000000
336.320545;37.005948;36.179069;1.579780;0.014536;2.850000;0.000000
336.520498;37.003862;36.378989;1.582657;0.014229;2.850000;0.000000
336.720450;37.001206;36.578919;1.585509;0.014206;2.850000;0.000000
336.920403;36.997976;36.778975;1.588447;0.015086;2.850000;0.000000
337.120356;36.994144;36.978979;1.591553;0.015965;2.850000;0.000000
337.320309;36.989673;37.178932;1.594834;0.016845;2.850000;0.000000
337.520261;36.984530;37.378835;1.598290;0.017724;2.850000;0.000000
337.720214;36.978679;37.578690;1.601922;0.018602;2.850000;0.000000
337.920167;36.972086;37.778496;1.605728;0.019479;2.850000;0.000000
338.120120;36.964716;37.978255;1.609710;0.020355;2.850000;0.000000
338.320073;36.956534;38.177968;1.613866;0.021229;2.850000;0.000000
338.520025;36.947504;38.377636;1.618196;0.022102;2.850000;0.000000
338.719978;36.937594;38.577250;1.622726;0.023176;2.850000;0.000000
338.919931;36.926758;38.776792;1.627524;0.024792;2.850000;0.000000
339.119884;36.914933;38.976286;1.632639;0.026405;2.850000;0.000000
339.319836;36.902055;39.175729;1.638078;0.028015;2.850000;0.000000
339.519789;36.888059;39.375117;1.643838;0.029622;2.850000;0.000000
339.719742;36.872880;39.574448;1.649920;0.031223;2.850000;0.000000
339.919695;36.856454;39.773717;1.656322;0.032818;2.850000;0.000000
340.119647;36.838717;39.972922;1.663044;0.034405;2.850000;0.000000
340.319600;36.819603;40.172058;1.670085;0.035983;2.850000;0.000000
340.519553;36.799049;40.371124;1.677446;0.037551;2.850000;0.000000
340.719506;36.776988;40.570122;1.685350;0.041018;2.850000;0.000000
340.919458;36.753269;40.769020;1.694381;0.048818;2.850000;0.000000
341.119411;36.727604;40.967685;1.704947;0.056683;2.850000;0.000000
341.319364;36.699692;41.165997;1.717093;0.064622;2.850000;0.000000
341.519317;36.669231;41.363836;1.730831;0.072644;2.850000;0.000000
341.719269;36.635919;41.561085;1.746173;0.080746;2.850000;0.000000
341.919222;36.599453;41.757622;1.763131;0.088920;2.850000;0.000000
342.119175;36.559532;41.953329;1.781714;0.097147;2.850000;0.000000
342.319128;36.515854;42.148087;1.801928;0.105396;2.850000;0.000000
342.519080;36.468116;42.341775;1.823763;0.113627;2.850000;0.000000
342.719033;36.416034;42.534231;1.846595;0.116271;2.850000;0.000000
342.918986;36.359556;42.725367;1.868900;0.108233;2.850000;0.000000
343.118939;36.298940;42.915325;1.889674;0.100123;2.850000;0.000000
343.318892;36.234495;43.104172;1.908842;0.091993;2.850000;0.000000
343.518844;36.166533;43.291972;1.926405;0.083880;2.850000;0.000000
343.718797;36.095363;43.478791;1.942368;0.075814;2.850000;0.000000
343.918750;36.021293;43.664695;1.956739;0.067813;2.850000;0.000000
344.118703;35.944635;43.849748;1.969528;0.059888;2.850000;0.000000
344.318655;35.865698;44.034017;1.980746;0.052039;2.850000;0.000000
344.518608;35.784792;44.217567;1.990423;0.044263;2.850000;0.000000
344.718561;35.702195;44.400514;1.999385;0.044030;2.850000;0.000000
344.918514;35.617910;44.582804;2.009564;0.056535;2.850000;0.000000
345.118466;35.531603;44.764035;2.022181;0.069187;2.850000;0.000000
345.318419;35.442872;44.943882;2.037342;0.082017;2.850000;0.000000
345.518372;35.351312;45.122021;2.055072;0.095038;2.850000;0.000000
345.718325;35.256519;45.298128;2.075399;0.108239;2.850000;0.000000
345.918277;35.158089;45.471876;2.098346;0.121579;2.850000;0.000000
346.118230;35.055619;45.642943;2.123929;0.134985;2.850000;0.000000
346.318183;34.948705;45.811003;2.152151;0.148345;2.850000;0.000000
346.518136;34.836942;45.975731;2.182979;0.161502;2.850000;0.000000
346.718088;34.719939;46.136800;2.215690;0.167774;2.850000;0.000000
346.918041;34.597555;46.293989;2.248745;0.164567;2.850000;0.000000
347.117994;34.469969;46.447216;2.281254;0.161474;2.850000;0.000000
347.317947;34.337386;46.596398;2.313191;0.158525;2.850000;0.000000
347.517900;34.200008;46.741454;2.344588;0.155743;2.850000;0.000000
347.717852;34.058042;46.882302;2.375477;0.153147;2.850000;0.000000
347.917805;33.911691;47.018861;2.405896;0.150756;2.850000;0.000000
348.117758;33.761159;47.151050;2.435882;0.148582;2.850000;0.000000
348.317711;33.606651;47.278785;2.465476;0.146638;2.850000;0.000000
348.517663;33.448371;47.401986;2.494730;0.144934;2.850000;0.000000
348.717616;33.286489;47.520592;2.523914;0.145674;2.850000;0.000000
348.917569;33.121164;47.634437;2.553552;0.149511;2.850000;0.000000
349.117522;32.952569;47.743224;2.583974;0.153722;2.850000;0.000000
349.317474;32.780834;47.846680;2.615254;0.158289;2.850000;0.000000
349.517427;32.606087;47.944533;2.647449;0.163187;2.850000;0.000000
349.717380;32.428459;48.036512;2.680615;0.168386;2.850000;0.000000
349.917333;32.248078;48.122345;2.714801;0.173846;2.850000;0.000000
350.117285;32.065075;48.201758;2.750053;0.179516;2.850000;0.000000
350.317238;31.879579;48.274482;2.786407;0.185335;2.850000;0.000000
350.517191;31.691718;48.340243;2.823830;0.191230;2.850000;0.000000
350.717144;31.501698;48.398770;2.860953;0.183242;2.850000;0.000000
350.917096;31.309717;48.450353;2.895029;0.160071;2.850000;0.000000
351.117049;31.115959;48.495854;2.924564;0.136680;2.850000;0.000000
351.317002;30.920685;48.536136;2.949492;0.113377;2.850000;0.000000
351.516955;30.724157;48.572060;2.969839;0.090332;2.850000;0.000000
351.716908;30.526634;48.604489;2.985643;0.067611;2.850000;0.000000
351.916860;30.328378;48.634286;2.996948;0.045194;2.850000;0.000000
352.116813;30.129650;48.662314;3.003789;0.023002;2.850000;0.000000
352.316766;29.930710;48.689436;3.006190;0.000918;2.850000;0.000000
352.516719;29.731819;48.716513;3.004215;-0.021193;2.850000;0.000000
352.716671;29.533173;48.744395;2.999171;-0.030181;2.850000;0.000000
352.916624;29.334874;48.773432;2.993508;-0.026811;2.850000;0.000000
353.116577;29.136934;48.803504;2.988481;-0.023404;2.850000;0.000000
353.316530;28.939299;48.834477;2.984142;-0.019968;2.850000;0.000000
353.516482;28.741918;48.866219;2.980496;-0.016506;2.850000;0.000000
353.716435;28.544739;48.898595;2.977546;-0.013026;2.850000;0.000000
353.916388;28.347710;48.931474;2.975292;-0.009533;2.850000;0.000000
354.116341;28.150779;48.964721;2.973738;-0.006030;2.850000;0.000000
354.316293;27.953895;48.998205;2.972884;-0.002523;2.850000;0.000000
354.516246;27.757004;49.031792;2.972728;0.000983;2.850000;0.000000
354.716199;27.560059;49.065350;2.973232;0.004086;2.850000;0.000000
354.916152;27.363030;49.098756;2.974325;0.006869;2.850000;0.000000
355.116104;27.165907;49.131900;2.975976;0.009649;2.850000;0.000000
355.316057;26.968682;49.164670;2.978183;0.012429;2.850000;0.000000
355.516010;26.771346;49.196955;2.980946;0.015208;2.850000;0.000000
355.715963;26.573890;49.228643;2.984266;0.017989;2.850000;0.000000
355.915916;26.376306;49.259624;2.988142;0.020771;2.850000;0.000000
356.115868;26.178585;49.289784;2.992574;0.023554;2.850000;0.000000
356.315821;25.980719;49.319013;2.997564;0.026340;2.850000;0.000000
356.515774;25.782700;49.347200;3.003077;0.029127;2.850000;0.000000
356.715727;25.584559;49.374241;3.008562;0.026174;2.850000;0.000000
356.915679;25.386303;49.400246;3.013099;0.019307;2.850000;0.000000
357.115632;25.187941;49.425487;3.016273;0.012442;2.850000;0.000000
357.315585;24.989513;49.450234;3.018075;0.005578;2.850000;0.000000
357.515538;24.791057;49.474760;3.018504;-0.001285;2.850000;0.000000
357.715490;24.592609;49.499336;3.017561;-0.008149;2.850000;0.000000
357.915443;24.394208;49.524235;3.015245;-0.015014;2.850000;0.000000
358.115396;24.195893;49.549729;3.011557;-0.021882;2.850000;0.000000
358.315349;23.997701;49.576088;3.006495;-0.028751;2.850000;0.000000
358.515301;23.799670;49.603586;3.000117;-0.035619;2.850000;0.000000
358.715254;23.601845;49.632469;2.993243;-0.033832;2.850000;0.000000
358.915207;23.404215;49.662685;2.987178;-0.026961;2.850000;0.000000
359.115160;23.206736;49.693969;2.982474;-0.020091;2.850000;0.000000
359.315112;23.009368;49.726048;2.979143;-0.013226;2.850000;0.000000
359.515065;22.812075;49.758652;2.977185;-0.006363;2.850000;0.000000
359.715018;22.614818;49.791507;2.976598;0.000498;2.850000;0.000000
359.914971;22.417557;49.824342;2.977384;0.007358;2.850000;0.000000
360.114924;22.220256;49.856886;2.979541;0.014221;2.850000;0.000000
360.314876;22.022876;49.888867;2.983071;0.021088;2.850000;0.000000
360.514829;21.825378;49.920012;2.987920;0.027958;2.850000;0.000000
360.714782;21.627707;49.950076;2.993395;0.027424;2.850000;0.000000
360.914735;21.429873;49.979058;2.998444;0.023142;2.850000;0.000000
361.114687;21.231910;50.007124;3.002642;0.018858;2.850000;0.000000
361.314640;21.033840;50.034444;3.005985;0.014574;2.850000;0.000000
361.514593;20.835689;50.061186;3.008470;0.010289;2.850000;0.000000
361.714546;20.637478;50.087522;3.010099;0.006005;2.850000;0.000000
361.914498;20.439232;50.113620;3.010872;0.001721;2.850000;0.000000
362.114451;20.240974;50.139651;3.010788;-0.002562;2.850000;0.000000
362.314404;20.042728;50.165783;3.009847;-0.006845;2.850000;0.000000
362.514357;19.844517;50.192186;3.008075;-0.011128;2.850000;0.000000
362.714309;19.646377;50.219019;3.005754;-0.012358;2.850000;0.000000
362.914262;19.448309;50.246340;3.003293;-0.012278;2.850000;0.000000
363.114215;19.250307;50.274148;3.000846;-0.012198;2.850000;0.000000
363.314168;19.052372;50.302438;2.998415;-0.012118;2.850000;0.000000
363.514120;18.854504;50.331208;2.996000;-0.012038;2.850000;0.000000
363.714073;18.656703;50.360455;2.993601;-0.011959;2.850000;0.000000
363.914026;18.458970;50.390175;2.991218;-0.011879;2.850000;0.000000
364.113979;18.261304;50.420365;2.988851;-0.011799;2.850000;0.000000
364.313931;18.063705;50.451022;2.986499;-0.011719;2.850000;0.000000
364.513884;17.866175;50.482143;2.984189;-0.011639;2.850000;0.000000
364.713837;17.668721;50.513713;2.982177;-0.008749;2.850000;0.000000
364.913790;17.471322;50.545627;2.980820;-0.004845;2.850000;0.000000
365.113743;17.273952;50.577734;2.980241;-0.000942;2.850000;0.000000
365.313695;17.076588;50.609877;2.980443;0.002961;2.850000;0.000000
365.513648;16.879208;50.641903;2.981425;0.006864;2.850000;0.000000
365.713601;16.681789;50.673657;2.983188;0.010768;2.850000;0.000000
365.913554;16.484309;50.704986;2.985731;0.014673;2.850000;0.000000
366.113506;16.286743;50.735733;2.989056;0.018579;2.850000;0.000000
366.313459;16.089071;50.765746;2.993161;0.022485;2.850000;0.000000
366.513412;15.891270;50.794869;2.997976;0.026390;2.850000;0.000000
366.713365;15.693303;50.822979;3.002853;0.023121;2.850000;0.000000
366.913317;15.495200;50.850175;3.006933;0.017699;2.850000;0.000000
367.113270;15.296996;50.876670;3.009930;0.012278;2.850000;0.000000
367.313223;15.098724;50.902680;3.011843;0.006858;2.850000;0.000000
367.513176;14.900416;50.928417;3.012673;0.001439;2.850000;0.000000
367.713128;14.702105;50.954097;3.012419;-0.003981;2.850000;0.000000
367.913081;14.503824;50.979933;3.011081;-0.009402;2.850000;0.000000
368.113034;14.305604;51.006141;3.008659;-0.014825;2.850000;0.000000
368.312987;14.107479;51.032934;3.005152;-0.020252;2.850000;0.000000
368.512939;13.909479;51.060526;3.000644;-0.025681;2.850000;0.000000
368.712892;13.711603;51.089104;2.995826;-0.023370;2.850000;0.000000
368.912845;13.513863;51.118606;2.991574;-0.019174;2.850000;0.000000
369.112798;13.316237;51.148865;2.988160;-0.014975;2.850000;0.000000
369.312751;13.118700;51.179717;2.985586;-0.010776;2.850000;0.000000
369.512703;12.921223;51.210995;2.983851;-0.006577;2.850000;0.000000
369.712656;12.723779;51.242534;2.982956;-0.002379;2.850000;0.000000
369.912609;12.526339;51.274169;2.982900;0.001819;2.850000;0.000000
370.112562;12.328877;51.305734;2.983683;0.006015;2.850000;0.000000
370.312514;12.131365;51.337063;2.985306;0.010209;2.850000;0.000000
370.512467;11.933775;51.367991;2.987712;0.014402;2.850000;0.000000
370.712420;11.736166;51.398361;2.990495;0.013984;2.850000;0.000000
370.912373;11.538473;51.428179;2.993162;0.012700;2.850000;0.000000
371.112325;11.340690;51.457496;2.995573;0.011417;2.850000;0.000000
371.312278;11.142830;51.486364;2.997728;0.010135;2.850000;0.000000
371.512231;10.944904;51.514832;2.999627;0.008854;2.850000;0.000000
371.712184;10.746923;51.542950;3.001269;0.007573;2.850000;0.000000
371.912136;10.548897;51.570769;3.002656;0.006294;2.850000;0.000000
372.112089;10.350839;51.598338;3.003786;0.005014;2.850000;0.000000
372.312042;10.152760;51.625707;3.004661;0.003735;2.850000;0.000000
372.511995;9.954671;51.652927;3.005276;0.002456;2.850000;0.000000
372.711947;9.756599;51.680047;3.005605;0.000874;2.850000;0.000000
372.911900;9.558534;51.707131;3.005618;-0.000752;2.850000;0.000000
373.111853;9.360478;51.734244;3.005305;-0.002378;2.850000;0.000000
373.311806;9.162431;51.761452;3.004667;-0.004004;2.850000;0.000000
373.511759;8.964397;51.788820;3.003704;-0.005629;2.850000;0.000000
373.711711;8.766378;51.816412;3.002416;-0.007252;2.850000;0.000000
373.911664;8.568377;51.844295;3.000804;-0.008874;2.850000;0.000000
374.111617;8.370396;51.872533;2.998867;-0.010493;2.850000;0.000000
374.311570;8.172439;51.901192;2.996607;-0.012109;2.850000;0.000000
374.511522;7.974507;51.930337;2.994154;-0.013722;2.850000;0.000000
374.711475;7.776525;51.959992;2.992342;-0.005708;2.850000;0.000000
374.911428;7.578546;51.989877;2.992102;0.003308;2.850000;0.000000
375.111381;7.380557;52.019630;2.993667;0.012328;2.850000;0.000000
375.311333;7.182540;52.048888;2.997039;0.021367;2.850000;0.000000
375.511286;6.984474;52.077288;3.002221;0.030435;2.850000;0.000000
375.711239;6.786339;52.104467;3.009218;0.039541;2.850000;0.000000
375.911192;6.588115;52.130064;3.018035;0.048689;2.850000;0.000000
376.111144;6.389783;52.153716;3.028677;0.057878;2.850000;0.000000
376.311097;6.191323;52.175060;3.041150;0.067098;2.850000;0.000000
376.511050;5.992715;52.193733;3.055150;0.076332;2.850000;0.000000
376.711003;5.793892;52.209500;3.068892;0.064561;2.850000;0.000000
376.910955;5.594894;52.222706;3.080454;0.051372;2.850000;0.000000
377.110908;5.395718;52.233875;3.089383;0.038146;2.850000;0.000000
377.310861;5.196361;52.243532;3.095676;0.024923;2.850000;0.000000
377.510814;4.996818;52.252204;3.099336;0.011730;2.850000;0.000000
377.710767;4.797084;52.260414;3.100367;-0.001413;2.850000;0.000000
377.910719;4.597156;52.268689;3.098774;-0.014492;2.850000;0.000000
378.110672;4.397029;52.277554;3.094568;-0.027489;2.850000;0.000000
378.310625;4.196699;52.287535;3.087760;-0.040384;2.850000;0.000000
378.510578;3.996162;52.299155;3.079003;-0.053151;2.850000;0.000000
378.710530;3.795756;52.312662;3.071620;-0.026605;2.850000;0.000000
378.910483;3.595249;52.327254;3.069006;0.000589;2.850000;0.000000
379.110436;3.394740;52.341822;3.071857;0.027786;2.850000;0.000000
379.310389;3.194335;52.355257;3.080188;0.055202;2.850000;0.000000
379.510341;2.994140;52.366452;3.094041;0.083024;2.850000;0.000000
379.710294;2.794259;52.374296;3.113478;0.111365;2.850000;0.000000
379.910247;2.594799;52.377682;3.138569;0.140225;2.850000;0.000000
380.110200;2.395866;52.375501;-3.113812;0.169447;2.850000;0.000000
380.310152;2.197565;52.366644;-3.096957;0.198660;2.850000;0.000000
