# s_m;x_m;y_m;psi_rad;kappa_radpm;vx_mps;ax_mps2
0.000000;3.900001;52.350002;-1.615140;-0.028236;2.850000;0.000000
0.199965;4.100328;52.340538;-1.620903;-0.029245;2.850000;0.000000
0.399930;4.300445;52.329907;-1.626865;-0.030255;2.850000;0.000000
0.599895;4.500350;52.318073;-1.633025;-0.031266;2.850000;0.000000
0.799860;4.700040;52.304996;-1.639383;-0.032277;2.850000;0.000000
0.999825;4.899512;52.290640;-1.645939;-0.033287;2.850000;0.000000
1.199790;5.098763;52.274966;-1.652693;-0.034296;2.850000;0.000000
1.399754;5.297791;52.257936;-1.659645;-0.035303;2.850000;0.000000
1.599719;5.496592;52.239513;-1.666793;-0.036306;2.850000;0.000000
1.799684;5.695165;52.219659;-1.674138;-0.037305;2.850000;0.000000
1.999649;5.893521;52.198334;-1.681679;-0.038092;2.850000;0.000000
2.199614;6.092137;52.175492;-1.688730;-0.032432;2.850000;0.000000
2.399579;6.290561;52.151368;-1.694645;-0.026752;2.850000;0.000000
2.599544;6.488838;52.126185;-1.699423;-0.021059;2.850000;0.000000
2.799509;6.687010;52.100167;-1.703063;-0.015359;2.850000;0.000000
2.999474;6.885120;52.073539;-1.705563;-0.009658;2.850000;0.000000
3.199439;7.083213;52.046523;-1.706924;-0.003958;2.850000;0.000000
3.399404;7.281330;52.019345;-1.707146;0.001735;2.850000;0.000000
3.599369;7.479516;51.992227;-1.706230;0.007420;2.850000;0.000000
3.799333;7.677814;51.965393;-1.704178;0.013092;2.850000;0.000000
3.999298;7.876224;51.939073;-1.701000;0.017772;2.850000;0.000000
4.199263;8.074362;51.913449;-1.697997;0.012293;2.850000;0.000000
4.399228;8.272646;51.888301;-1.696086;0.006829;2.850000;0.000000
4.599193;8.471031;51.863416;-1.695266;0.001377;2.850000;0.000000
4.799158;8.669471;51.838579;-1.695535;-0.004068;2.850000;0.000000
4.999123;8.867924;51.813576;-1.696893;-0.009510;2.850000;0.000000
5.199088;9.066343;51.788195;-1.699340;-0.014954;2.850000;0.000000
5.399053;9.264686;51.762219;-1.702876;-0.020401;2.850000;0.000000
5.599018;9.462907;51.735437;-1.707502;-0.025856;2.850000;0.000000
5.798983;9.660962;51.707633;-1.713219;-0.031320;2.850000;0.000000
5.998948;9.858816;51.678592;-1.720012;-0.035298;2.850000;0.000000
6.198913;10.056506;51.648206;-1.726367;-0.028249;2.850000;0.000000
6.398877;10.254000;51.616708;-1.731311;-0.021190;2.850000;0.000000
6.598842;10.451345;51.584374;-1.734842;-0.014126;2.850000;0.000000
6.798807;10.648588;51.551486;-1.736961;-0.007061;2.850000;0.000000
6.998772;10.845777;51.518319;-1.737666;0.000007;2.850000;0.000000
7.198737;11.042960;51.485155;-1.736958;0.007075;2.850000;0.000000
7.398702;11.240184;51.452270;-1.734836;0.014145;2.850000;0.000000
7.598667;11.437496;51.419944;-1.731301;0.021214;2.850000;0.000000
7.798632;11.634944;51.388455;-1.726353;0.028281;2.850000;0.000000
7.998597;11.832565;51.358082;-1.720023;0.033406;2.850000;0.000000
8.198562;12.030341;51.328987;-1.713887;0.027984;2.850000;0.000000
8.398527;12.228299;51.300994;-1.708834;0.022565;2.850000;0.000000
8.598492;12.426404;51.273892;-1.704863;0.017151;2.850000;0.000000
8.798456;12.624621;51.247467;-1.701974;0.011741;2.850000;0.000000
8.998421;12.822916;51.221506;-1.700167;0.006334;2.850000;0.000000
9.198386;13.021251;51.195794;-1.699441;0.000930;2.850000;0.000000
9.398351;13.219593;51.170119;-1.699795;-0.004475;2.850000;0.000000
9.598316;13.417905;51.144268;-1.701231;-0.009880;2.850000;0.000000
9.798281;13.616153;51.118026;-1.703747;-0.015289;2.850000;0.000000
9.998246;13.814304;51.091181;-1.707320;-0.019317;2.850000;0.000000
10.198211;14.012349;51.063597;-1.710985;-0.017348;2.850000;0.000000
10.398176;14.210283;51.035329;-1.714257;-0.015375;2.850000;0.000000
10.598141;14.408123;51.006453;-1.717134;-0.013401;2.850000;0.000000
10.798106;14.605885;50.977047;-1.719615;-0.011425;2.850000;0.000000
10.998071;14.803586;50.947189;-1.721702;-0.009448;2.850000;0.000000
11.198036;15.001239;50.916956;-1.723393;-0.007470;2.850000;0.000000
11.398000;15.198862;50.886425;-1.724690;-0.005493;2.850000;0.000000
11.597965;15.396471;50.855674;-1.725591;-0.003517;2.850000;0.000000
11.797930;15.594080;50.824781;-1.726096;-0.001541;2.850000;0.000000
11.997895;15.791679;50.793827;-1.726211;0.000267;2.850000;0.000000
12.197860;15.989210;50.762892;-1.726036;0.001484;2.850000;0.000000
12.397825;16.186772;50.732012;-1.725617;0.002700;2.850000;0.000000
12.597790;16.384366;50.701236;-1.724956;0.003916;2.850000;0.000000
12.797755;16.581993;50.670614;-1.724051;0.005133;2.850000;0.000000
12.997720;16.779655;50.640194;-1.722903;0.006349;2.850000;0.000000
13.197685;16.977353;50.610025;-1.721511;0.007567;2.850000;0.000000
13.397650;17.175088;50.580157;-1.719876;0.008786;2.850000;0.000000
13.597615;17.372862;50.550639;-1.717997;0.010006;2.850000;0.000000
13.797579;17.570675;50.521519;-1.715874;0.011228;2.850000;0.000000
13.997544;17.768561;50.492841;-1.713531;0.011487;2.850000;0.000000
14.197509;17.966583;50.464597;-1.711500;0.008817;2.850000;0.000000
14.397474;18.164632;50.436706;-1.710004;0.006144;2.850000;0.000000
14.597439;18.362696;50.409060;-1.709043;0.003469;2.850000;0.000000
14.797404;18.560764;50.381554;-1.708617;0.000793;2.850000;0.000000
14.997369;18.758823;50.354082;-1.708726;-0.001883;2.850000;0.000000
15.197334;18.956861;50.326536;-1.709370;-0.004561;2.850000;0.000000
15.397299;19.154867;50.298811;-1.710549;-0.007238;2.850000;0.000000
15.597264;19.352828;50.270799;-1.712264;-0.009915;2.850000;0.000000
15.797229;19.550733;50.242396;-1.714514;-0.012592;2.850000;0.000000
15.997194;19.748572;50.213494;-1.717262;-0.013958;2.850000;0.000000
16.197159;19.946342;50.184050;-1.719855;-0.011976;2.850000;0.000000
16.397123;20.144048;50.154131;-1.722052;-0.009995;2.850000;0.000000
16.597088;20.341700;50.123816;-1.723852;-0.008014;2.850000;0.000000
16.797053;20.539308;50.093184;-1.725257;-0.006034;2.850000;0.000000
16.997018;20.736883;50.062312;-1.726266;-0.004055;2.850000;0.000000
17.196983;20.934434;50.031281;-1.726878;-0.002075;2.850000;0.000000
17.396948;21.131972;50.000167;-1.727096;-0.000096;2.850000;0.000000
17.596913;21.329507;49.969050;-1.726917;0.001883;2.850000;0.000000
17.796878;21.527048;49.938008;-1.726342;0.003863;2.850000;0.000000
17.996843;21.724609;49.907120;-1.725383;0.005500;2.850000;0.000000
18.196808;21.922201;49.876446;-1.724194;0.006390;2.850000;0.000000
18.396773;22.119827;49.846026;-1.722827;0.007280;2.850000;0.000000
18.596738;22.317493;49.815894;-1.721282;0.008170;2.850000;0.000000
18.796702;22.515208;49.786085;-1.719560;0.009060;2.850000;0.000000
18.996667;22.712979;49.756635;-1.717659;0.009949;2.850000;0.000000
19.196632;22.910814;49.727576;-1.715581;0.010837;2.850000;0.000000
19.396597;23.108719;49.698946;-1.713325;0.011724;2.850000;0.000000
19.596562;23.306703;49.670777;-1.710892;0.012611;2.850000;0.000000
19.796527;23.504772;49.643106;-1.708282;0.013496;2.850000;0.000000
19.996492;23.702913;49.615969;-1.705556;0.012616;2.850000;0.000000
20.196457;23.901099;49.589325;-1.703450;0.008451;2.850000;0.000000
20.396422;24.099346;49.563014;-1.702176;0.004288;2.850000;0.000000
20.596387;24.297623;49.536872;-1.701734;0.000127;2.850000;0.000000
20.796352;24.495903;49.510735;-1.702125;-0.004033;2.850000;0.000000
20.996317;24.694156;49.484439;-1.703348;-0.008195;2.850000;0.000000
21.196282;24.892355;49.457819;-1.705403;-0.012359;2.850000;0.000000
21.396246;25.090471;49.430712;-1.708291;-0.016526;2.850000;0.000000
21.596211;25.288475;49.402953;-1.712012;-0.020697;2.850000;0.000000
21.796176;25.486339;49.374378;-1.716567;-0.024871;2.850000;0.000000
21.996141;25.684090;49.344819;-1.721818;-0.025385;2.850000;0.000000
22.196106;25.881760;49.314261;-1.726350;-0.019927;2.850000;0.000000
22.396071;26.079291;49.282917;-1.729789;-0.014464;2.850000;0.000000
22.596036;26.276718;49.251005;-1.732135;-0.009000;2.850000;0.000000
22.796001;26.474076;49.218739;-1.733388;-0.003534;2.850000;0.000000
22.995966;26.671399;49.186335;-1.733548;0.001934;2.850000;0.000000
23.195931;26.868722;49.154010;-1.732615;0.007404;2.850000;0.000000
23.395896;27.066079;49.121979;-1.730588;0.012875;2.850000;0.000000
23.595861;27.263505;49.090458;-1.727466;0.018348;2.850000;0.000000
23.795825;27.461035;49.059664;-1.723251;0.023821;2.850000;0.000000
23.995790;27.658618;49.029819;-1.718108;0.025394;2.850000;0.000000
24.195755;27.856237;49.000981;-1.713420;0.021545;2.850000;0.000000
24.395720;28.054002;48.972991;-1.709502;0.017691;2.850000;0.000000
24.595685;28.251906;48.945693;-1.706353;0.013836;2.850000;0.000000
24.795650;28.449942;48.918936;-1.703973;0.009982;2.850000;0.000000
24.995615;28.648100;48.892564;-1.702362;0.006132;2.850000;0.000000
25.195580;28.846373;48.866424;-1.701520;0.002289;2.850000;0.000000
25.395545;29.044753;48.840363;-1.701446;-0.001545;2.850000;0.000000
25.595510;29.243232;48.814226;-1.702138;-0.005369;2.850000;0.000000
25.795475;29.441802;48.787860;-1.703596;-0.009180;2.850000;0.000000
25.995440;29.640396;48.761113;-1.706019;-0.017505;2.850000;0.000000
26.195404;29.838918;48.733655;-1.710923;-0.031445;2.850000;0.000000
26.395369;30.037269;48.704945;-1.718626;-0.045436;2.850000;0.000000
26.595334;30.235278;48.674441;-1.729138;-0.059523;2.850000;0.000000
26.795299;30.432773;48.641601;-1.742475;-0.073732;2.850000;0.000000
26.995264;30.629582;48.605883;-1.758655;-0.088069;2.850000;0.000000
27.195229;30.825534;48.566745;-1.777695;-0.102514;2.850000;0.000000
27.395194;31.020456;48.523645;-1.799607;-0.117012;2.850000;0.000000
27.595159;31.214177;48.476040;-1.824394;-0.131474;2.850000;0.000000
27.795124;31.406525;48.423389;-1.852043;-0.145763;2.850000;0.000000
27.995089;31.597380;48.365143;-1.882225;-0.153239;2.850000;0.000000
28.195054;31.786555;48.301034;-1.912851;-0.153437;2.850000;0.000000
28.395019;31.973780;48.231117;-1.943556;-0.153868;2.850000;0.000000
28.594984;32.158844;48.155443;-1.974384;-0.154526;2.850000;0.000000
28.794948;32.341535;48.074062;-2.005374;-0.155405;2.850000;0.000000
28.994913;32.521640;47.987027;-2.036567;-0.156496;2.850000;0.000000
29.194878;32.698948;47.894388;-2.068001;-0.157792;2.850000;0.000000
29.394843;32.873246;47.796196;-2.099715;-0.159280;2.850000;0.000000
29.594808;33.044323;47.692504;-2.131745;-0.160949;2.850000;0.000000
29.794773;33.211967;47.583361;-2.164123;-0.162783;2.850000;0.000000
29.994738;33.376073;47.468744;-2.196831;-0.163289;2.850000;0.000000
30.194703;33.536447;47.348749;-2.229456;-0.162504;2.850000;0.000000
30.394668;33.692810;47.223614;-2.261944;-0.161957;2.850000;0.000000
30.594633;33.844997;47.093505;-2.294338;-0.161653;2.850000;0.000000
30.794598;33.992842;46.958587;-2.326685;-0.161595;2.850000;0.000000
30.994563;34.136178;46.819025;-2.359030;-0.161787;2.850000;0.000000
31.194527;34.274840;46.674984;-2.391418;-0.162230;2.850000;0.000000
31.394492;34.408662;46.526631;-2.423897;-0.162923;2.850000;0.000000
31.594457;34.537477;46.374131;-2.456512;-0.163864;2.850000;0.000000
31.794422;34.661121;46.217649;-2.489307;-0.165049;2.850000;0.000000
31.994387;34.779461;46.057326;-2.521942;-0.159061;2.850000;0.000000
32.194352;34.892626;45.893404;-2.552371;-0.146402;2.850000;0.000000
32.394317;35.000990;45.726211;-2.580256;-0.133476;2.850000;0.000000
32.594282;35.104955;45.556053;-2.605574;-0.120440;2.850000;0.000000
32.794247;35.204921;45.383237;-2.628318;-0.107413;2.850000;0.000000
32.994212;35.301292;45.208071;-2.648497;-0.094476;2.850000;0.000000
33.194177;35.394468;45.030859;-2.666129;-0.081678;2.850000;0.000000
33.394142;35.484851;44.851909;-2.681234;-0.069043;2.850000;0.000000
33.594107;35.572843;44.671528;-2.693836;-0.056567;2.850000;0.000000
33.794071;35.658846;44.490022;-2.703957;-0.044230;2.850000;0.000000
33.994036;35.743120;44.307939;-2.712269;-0.043430;2.850000;0.000000
34.194001;35.825712;44.125314;-2.721726;-0.050941;2.850000;0.000000
34.393966;35.906411;43.941909;-2.732691;-0.058518;2.850000;0.000000
34.593931;35.984914;43.757665;-2.745175;-0.066167;2.850000;0.000000
34.793896;36.060918;43.572523;-2.759189;-0.073889;2.850000;0.000000
34.993861;36.134119;43.386424;-2.774743;-0.081680;2.850000;0.000000
35.193826;36.204215;43.199308;-2.791847;-0.089524;2.850000;0.000000
35.393791;36.270901;43.011117;-2.810507;-0.097399;2.850000;0.000000
35.593756;36.333874;42.821791;-2.830727;-0.105272;2.850000;0.000000
35.793721;36.392831;42.631272;-2.852504;-0.113101;2.850000;0.000000
35.993686;36.447515;42.439410;-2.875313;-0.112030;2.850000;0.000000
36.193650;36.497927;42.246278;-2.896979;-0.105046;2.850000;0.000000
36.393615;36.544298;42.052053;-2.917256;-0.098045;2.850000;0.000000
36.593580;36.586879;41.856851;-2.936147;-0.091060;2.850000;0.000000
36.793545;36.625925;41.660787;-2.953656;-0.084118;2.850000;0.000000
36.993510;36.661688;41.463978;-2.969793;-0.077236;2.850000;0.000000
37.193475;36.694422;41.266538;-2.984568;-0.070424;2.850000;0.000000
37.393440;36.724380;41.068585;-2.997992;-0.063688;2.850000;0.000000
37.593405;36.751816;40.870232;-3.010077;-0.057026;2.850000;0.000000
37.793370;36.776983;40.671598;-3.020834;-0.050431;2.850000;0.000000
37.993335;36.800132;40.472755;-3.030426;-0.046310;2.850000;0.000000
38.193300;36.821429;40.273771;-3.039424;-0.043605;2.850000;0.000000
38.393265;36.840982;40.074679;-3.047875;-0.040885;2.850000;0.000000
38.593230;36.858902;39.875487;-3.055779;-0.038151;2.850000;0.000000
38.793194;36.875298;39.676205;-3.063133;-0.035408;2.850000;0.000000
38.993159;36.890281;39.476842;-3.069937;-0.032658;2.850000;0.000000
39.193124;36.903960;39.277407;-3.076190;-0.029903;2.850000;0.000000
39.393089;36.916446;39.077911;-3.081892;-0.027145;2.850000;0.000000
39.593054;36.927848;38.878362;-3.087042;-0.024385;2.850000;0.000000
39.793019;36.938278;38.678769;-3.091640;-0.021625;2.850000;0.000000
39.992984;36.947842;38.479111;-3.095778;-0.020250;2.850000;0.000000
40.192949;36.956597;38.279403;-3.099759;-0.019586;2.850000;0.000000
40.392914;36.964570;38.079661;-3.103608;-0.018920;2.850000;0.000000
40.592879;36.971789;37.879882;-3.107324;-0.018252;2.850000;0.000000
40.792844;36.978279;37.680062;-3.110906;-0.017582;2.850000;0.000000
40.992809;36.984066;37.480200;-3.114354;-0.016910;2.850000;0.000000
41.192773;36.989179;37.280293;-3.117668;-0.016238;2.850000;0.000000
41.392738;36.993644;37.080339;-3.120849;-0.015564;2.850000;0.000000
41.592703;36.997486;36.880335;-3.123895;-0.014890;2.850000;0.000000
41.792668;37.000733;36.680279;-3.126806;-0.014215;2.850000;0.000000
41.992633;37.003408;36.480328;-3.129625;-0.014169;2.850000;0.000000
42.192598;37.005516;36.280398;-3.132481;-0.014403;2.850000;0.000000
42.392563;37.007049;36.080433;-3.135385;-0.014640;2.850000;0.000000
42.592528;37.007996;35.880444;-3.138337;-0.014879;2.850000;0.000000
42.792493;37.008348;35.680442;-3.141337;-0.015122;2.850000;0.000000
42.992458;37.008095;35.480438;3.138800;-0.015368;2.850000;0.000000
43.192423;37.007228;35.280444;3.135701;-0.015616;2.850000;0.000000
43.392388;37.005735;35.080472;3.132553;-0.015868;2.850000;0.000000
43.592353;37.003609;34.880533;3.129355;-0.016124;2.850000;0.000000
43.792317;37.000839;34.680638;3.126106;-0.016382;2.850000;0.000000
43.992282;36.997421;34.480658;3.122981;-0.014164;2.850000;0.000000
44.192247;36.993436;34.280673;3.120468;-0.010961;2.850000;0.000000
44.392212;36.989014;34.080732;3.118596;-0.007753;2.850000;0.000000
44.592177;36.984282;33.880823;3.117367;-0.004542;2.850000;0.000000
44.792142;36.979369;33.680937;3.116780;-0.001329;2.850000;0.000000
44.992107;36.974404;33.481064;3.116836;0.001885;2.850000;0.000000
45.192072;36.969514;33.281195;3.117534;0.005100;2.850000;0.000000
45.392037;36.964827;33.081319;3.118875;0.008314;2.850000;0.000000
45.592002;36.960473;32.881427;3.120858;0.011525;2.850000;0.000000
45.791967;36.956579;32.681509;3.123484;0.014734;2.850000;0.000000
45.991932;36.953243;32.481551;3.126140;0.009782;2.850000;0.000000
46.191896;36.950297;32.281565;3.127328;0.002098;2.850000;0.000000
46.391861;36.947435;32.081569;3.126979;-0.005585;2.850000;0.000000
46.591826;36.944349;31.881581;3.125094;-0.013270;2.850000;0.000000
46.791791;36.940733;31.681615;3.121671;-0.020960;2.850000;0.000000
46.991756;36.936279;31.481690;3.116710;-0.028658;2.850000;0.000000
47.191721;36.930680;31.281821;3.110209;-0.036363;2.850000;0.000000
47.391686;36.923630;31.082025;3.102169;-0.044072;2.850000;0.000000
47.591651;36.914820;30.882318;3.092588;-0.051779;2.850000;0.000000
47.791616;36.903943;30.682716;3.081469;-0.059470;2.850000;0.000000
47.991581;36.890750;30.483388;3.069693;-0.055987;2.850000;0.000000
48.191546;36.875329;30.284217;3.059169;-0.049373;2.850000;0.000000
48.391511;36.857939;30.085150;3.049963;-0.042763;2.850000;0.000000
48.591476;36.838842;29.886174;3.042075;-0.036164;2.850000;0.000000
48.791440;36.818300;29.687277;3.035503;-0.029580;2.850000;0.000000
48.991405;36.796576;29.488446;3.030243;-0.023012;2.850000;0.000000
49.191370;36.773931;29.289669;3.026295;-0.016458;2.850000;0.000000
49.391335;36.750627;29.090933;3.023657;-0.009914;2.850000;0.000000
49.591300;36.726927;28.892226;3.022327;-0.003377;2.850000;0.000000
49.791265;36.703093;28.693536;3.022305;0.003159;2.850000;0.000000
49.991230;36.679347;28.494826;3.022894;0.001018;2.850000;0.000000
50.191195;36.655642;28.296131;3.022671;-0.003242;2.850000;0.000000
50.391160;36.631813;28.097483;3.021596;-0.007505;2.850000;0.000000
50.591125;36.607689;27.898907;3.019668;-0.011773;2.850000;0.000000
50.791090;36.583103;27.700427;3.016886;-0.016046;2.850000;0.000000
50.991055;36.557886;27.502069;3.013250;-0.020325;2.850000;0.000000
51.191019;36.531868;27.303857;3.008759;-0.024608;2.850000;0.000000
51.390984;36.504881;27.105816;3.003412;-0.028894;2.850000;0.000000
51.590949;36.476756;26.907972;2.997210;-0.033183;2.850000;0.000000
51.790914;36.447325;26.710349;2.990151;-0.037471;2.850000;0.000000
51.990879;36.416429;26.512853;2.982776;-0.035199;2.850000;0.000000
52.190844;36.384142;26.315563;2.976102;-0.031561;2.850000;0.000000
52.390809;36.350611;26.118478;2.970157;-0.027918;2.850000;0.000000
52.590774;36.315978;25.921573;2.964940;-0.024274;2.850000;0.000000
52.790739;36.280387;25.724823;2.960450;-0.020630;2.850000;0.000000
52.990704;36.243981;25.528202;2.956689;-0.016987;2.850000;0.000000
53.190669;36.206904;25.331687;2.953656;-0.013346;2.850000;0.000000
53.390634;36.169299;25.135252;2.951351;-0.009707;2.850000;0.000000
53.590599;36.131309;24.938872;2.949773;-0.006070;2.850000;0.000000
53.790563;36.093077;24.742521;2.948923;-0.002435;2.850000;0.000000
53.990528;36.054739;24.546262;2.948367;-0.003834;2.850000;0.000000
54.190493;36.016251;24.350035;2.947378;-0.006055;2.850000;0.000000
54.390458;35.977523;24.153848;2.945945;-0.008277;2.850000;0.000000
54.590423;35.938471;23.957724;2.944068;-0.010498;2.850000;0.000000
54.790388;35.899007;23.761682;2.941746;-0.012721;2.850000;0.000000
54.990353;35.859045;23.565744;2.938980;-0.014944;2.850000;0.000000
55.190318;35.818499;23.369931;2.935769;-0.017168;2.850000;0.000000
55.390283;35.777282;23.174263;2.932114;-0.019392;2.850000;0.000000
55.590248;35.735307;22.978763;2.928014;-0.021617;2.850000;0.000000
55.790213;35.692490;22.783451;2.923469;-0.023843;2.850000;0.000000
55.990178;35.648741;22.588303;2.918632;-0.024331;2.850000;0.000000
56.190142;35.604042;22.393368;2.913739;-0.024599;2.850000;0.000000
56.390107;35.558387;22.198661;2.908793;-0.024868;2.850000;0.000000
56.590072;35.511765;22.004190;2.903793;-0.025138;2.850000;0.000000
56.790037;35.464169;21.809964;2.898739;-0.025409;2.850000;0.000000
56.990002;35.415588;21.615990;2.893631;-0.025681;2.850000;0.000000
57.189967;35.366014;21.422278;2.888469;-0.025955;2.850000;0.000000
57.389932;35.315438;21.228836;2.883252;-0.026229;2.850000;0.000000
57.589897;35.263851;21.035671;2.877980;-0.026504;2.850000;0.000000
57.789862;35.211244;20.842794;2.872654;-0.026781;2.850000;0.000000
57.989827;35.157625;20.650120;2.867946;-0.019671;2.850000;0.000000
58.189792;35.103249;20.457658;2.864792;-0.011877;2.850000;0.000000
58.389757;35.048418;20.265333;2.863196;-0.004082;2.850000;0.000000
58.589722;34.993432;20.073062;2.863159;0.003715;2.850000;0.000000
58.789686;34.938592;19.880760;2.864682;0.011514;2.850000;0.000000
58.989651;34.884199;19.688345;2.867764;0.019316;2.850000;0.000000
59.189616;34.830552;19.495734;2.872406;0.027119;2.850000;0.000000
59.389581;34.777953;19.302843;2.878608;0.034922;2.850000;0.000000
59.589546;34.726702;19.109589;2.886370;0.042717;2.850000;0.000000
59.789511;34.677099;18.915889;2.895689;0.050496;2.850000;0.000000
59.989476;34.629433;18.721928;2.905372;0.045834;2.850000;0.000000
60.189441;34.583536;18.527501;2.913996;0.040508;2.850000;0.000000
60.389406;34.539200;18.332648;2.921560;0.035188;2.850000;0.000000
60.589371;34.496222;18.137427;2.928063;0.029878;2.850000;0.000000
60.789336;34.454398;17.941890;2.933507;0.024579;2.850000;0.000000
60.989301;34.413524;17.746095;2.937894;0.019292;2.850000;0.000000
61.189265;34.373396;17.550096;2.941226;0.014015;2.850000;0.000000
61.389230;34.333810;17.353948;2.943503;0.008747;2.850000;0.000000
61.589195;34.294563;17.157706;2.944727;0.003484;2.850000;0.000000
61.789160;34.255450;16.961426;2.944898;-0.001776;2.850000;0.000000
61.989125;34.216324;16.765044;2.945216;0.005331;2.850000;0.000000
62.189090;34.177412;16.568642;2.947034;0.012835;2.850000;0.000000
62.389055;34.139013;16.372185;2.950356;0.020353;2.850000;0.000000
62.589020;34.101427;16.175636;2.955182;0.027890;2.850000;0.000000
62.788985;34.064953;15.978958;2.961517;0.035449;2.850000;0.000000
62.988950;34.029889;15.782115;2.969362;0.043033;2.850000;0.000000
63.188915;33.996536;15.585068;2.978722;0.050636;2.850000;0.000000
63.388880;33.965191;15.387781;2.989597;0.058252;2.850000;0.000000
63.588845;33.936155;15.190217;3.001990;0.065869;2.850000;0.000000
63.788809;33.909727;14.992338;3.015899;0.073467;2.850000;0.000000
63.988774;33.886155;14.794222;3.030378;0.071623;2.850000;0.000000
64.188739;33.865414;14.595768;3.044478;0.069696;2.850000;0.000000
64.388704;33.847431;14.396987;3.058194;0.067738;2.850000;0.000000
64.588669;33.832130;14.197894;3.071522;0.065757;2.850000;0.000000
64.788634;33.819438;13.998500;3.084461;0.063757;2.850000;0.000000
64.988599;33.809280;13.798818;3.097007;0.061744;2.850000;0.000000
65.188564;33.801583;13.598861;3.109161;0.059723;2.850000;0.000000
65.388529;33.796272;13.398641;3.120920;0.057697;2.850000;0.000000
65.588494;33.793274;13.198171;3.132285;0.055671;2.850000;0.000000
65.788459;33.792513;12.997464;-3.139930;0.053854;2.850000;0.000000
65.988424;33.794011;12.796519;-3.127962;0.065285;2.850000;0.000000
66.188388;33.798148;12.595554;-3.113674;0.076918;2.850000;0.000000
66.388353;33.805388;12.394770;-3.097030;0.088811;2.850000;0.000000
66.588318;33.816196;12.194370;-3.077988;0.101004;2.850000;0.000000
66.788283;33.831037;11.994555;-3.056502;0.113517;2.850000;0.000000
66.988248;33.850376;11.795526;-3.032525;0.126342;2.850000;0.000000
67.188213;33.874679;11.597485;-3.006013;0.139444;2.850000;0.000000
67.388178;33.904410;11.400634;-2.976930;0.152747;2.850000;0.000000
67.588143;33.940035;11.205174;-2.945251;0.166136;2.850000;0.000000
67.788108;33.982020;11.011297;-2.910976;0.178059;2.850000;0.000000
67.988073;34.030646;10.818865;-2.877967;0.154412;2.850000;0.000000
68.188038;34.085171;10.627927;-2.849700;0.130234;2.850000;0.000000
68.388003;34.144701;10.438195;-2.826222;0.105909;2.850000;0.000000
68.587968;34.208346;10.249382;-2.807536;0.081685;2.850000;0.000000
68.787932;34.275213;10.061199;-2.793623;0.057701;2.850000;0.000000
68.987897;34.344408;9.873360;-2.784450;0.034008;2.850000;0.000000
69.187862;34.415041;9.685576;-2.779980;0.010600;2.850000;0.000000
69.387827;34.486218;9.497561;-2.780182;-0.012562;2.850000;0.000000
69.587792;34.557048;9.309027;-2.785028;-0.035526;2.850000;0.000000
69.787757;34.626639;9.119684;-2.794496;-0.058128;2.850000;0.000000
69.987722;34.694102;8.929301;-2.808274;-0.078356;2.850000;0.000000
70.187687;34.758532;8.737905;-2.826180;-0.099077;2.850000;0.000000
70.387652;34.819028;8.545551;-2.848304;-0.120488;2.850000;0.000000
70.587617;34.874690;8.352296;-2.874755;-0.142715;2.850000;0.000000
70.787582;34.924619;8.158195;-2.905657;-0.165796;2.850000;0.000000
70.987547;34.967913;7.963305;-2.941127;-0.189646;2.850000;0.000000
71.187511;35.003674;7.767679;-2.981260;-0.214022;2.850000;0.000000
71.387476;35.030999;7.571376;-3.026109;-0.238488;2.850000;0.000000
71.587441;35.048990;7.374450;-3.075652;-0.262384;2.850000;0.000000
71.787406;35.056747;7.176956;-3.129724;-0.280874;2.850000;0.000000
71.987371;35.053682;6.979028;3.099211;-0.267187;2.850000;0.000000
72.187336;35.040109;6.781038;3.047524;-0.253728;2.850000;0.000000
72.387301;35.016500;6.583396;2.998311;-0.240825;2.850000;0.000000
72.587266;34.983328;6.386511;2.951447;-0.228723;2.850000;0.000000
72.787231;34.941067;6.190792;2.906779;-0.217590;2.850000;0.000000
72.987196;34.890188;5.996649;2.864133;-0.207538;2.850000;0.000000
73.187161;34.831165;5.804491;2.823326;-0.198639;2.850000;0.000000
73.387126;34.764470;5.614729;2.784164;-0.190934;2.850000;0.000000
73.587090;34.690578;5.427771;2.746450;-0.184449;2.850000;0.000000
73.787055;34.609962;5.244032;2.710012;-0.177494;2.850000;0.000000
73.987020;34.523146;5.063754;2.676147;-0.160824;2.850000;0.000000
74.186985;34.430730;4.886643;2.645745;-0.143431;2.850000;0.000000
74.386950;34.333337;4.712355;2.618882;-0.125616;2.850000;0.000000
74.586915;34.231595;4.540548;2.595595;-0.107606;2.850000;0.000000
74.786880;34.126129;4.370877;2.575901;-0.089559;2.850000;0.000000
74.986845;34.017565;4.203001;2.559796;-0.071570;2.850000;0.000000
75.186810;33.906530;4.036575;2.547268;-0.053681;2.850000;0.000000
75.386775;33.793647;3.871258;2.538305;-0.035893;2.850000;0.000000
75.586740;33.679545;3.706705;2.532892;-0.018178;2.850000;0.000000
75.786705;33.564864;3.542599;2.530968;-0.003481;2.850000;0.000000
75.986670;33.450128;3.378758;2.530430;-0.001890;2.850000;0.000000
76.186634;33.335360;3.215003;2.530212;-0.000295;2.850000;0.000000
76.386599;33.220602;3.051284;2.530312;0.001301;2.850000;0.000000
76.586564;33.105900;2.887553;2.530732;0.002897;2.850000;0.000000
76.786529;32.991297;2.723761;2.531470;0.004493;2.850000;0.000000
76.986494;32.876837;2.559861;2.532528;0.006087;2.850000;0.000000
77.186459;32.762563;2.395804;2.533904;0.007678;2.850000;0.000000
77.386424;32.648521;2.231540;2.535598;0.009266;2.850000;0.000000
77.586389;32.534753;2.067023;2.537610;0.010849;2.850000;0.000000
77.786354;32.421312;1.902214;2.539960;0.013436;2.850000;0.000000
77.986319;32.308318;1.737079;2.543279;0.019732;2.850000;0.000000
78.186284;32.195957;1.571469;2.547858;0.026036;2.850000;0.000000
78.386249;32.084459;1.405275;2.553701;0.032357;2.850000;0.000000
78.586213;31.974056;1.238386;2.560810;0.038702;2.850000;0.000000
78.786178;31.864977;1.070691;2.569189;0.045075;2.850000;0.000000
78.986143;31.757453;0.902080;2.578843;0.051477;2.850000;0.000000
79.186108;31.651715;0.732444;2.589775;0.057906;2.850000;0.000000
79.386073;31.547994;0.561671;2.601989;0.064358;2.850000;0.000000
79.586038;31.446519;0.389652;2.615488;0.070821;2.850000;0.000000
79.786003;31.347508;0.216252;2.630265;0.076893;2.850000;0.000000
79.985968;31.251150;0.041322;2.646105;0.081727;2.850000;0.000000
80.185933;31.157678;-0.135122;2.662906;0.086562;2.850000;0.000000
80.385898;31.067278;-0.313138;2.680671;0.091380;2.850000;0.000000
80.585863;30.980136;-0.492783;2.699395;0.096163;2.850000;0.000000
80.785828;30.896437;-0.674115;2.719073;0.100886;2.850000;0.000000
80.985793;30.816369;-0.857192;2.739697;0.105521;2.850000;0.000000
81.185757;30.740115;-1.042071;2.761254;0.110036;2.850000;0.000000
81.385722;30.667863;-1.228810;2.783727;0.114398;2.850000;0.000000
81.585687;30.599798;-1.417467;2.807093;0.118569;2.850000;0.000000
81.785652;30.536140;-1.607996;2.831356;0.124152;2.850000;0.000000
81.985617;30.477238;-1.800167;2.857344;0.134543;2.850000;0.000000
82.185582;30.423515;-1.994018;2.885515;0.145668;2.850000;0.000000
82.385547;30.375514;-2.189288;2.915990;0.157565;2.850000;0.000000
82.585512;30.333778;-2.385717;2.948893;0.170242;2.850000;0.000000
82.785477;30.298848;-2.583046;2.984343;0.183673;2.850000;0.000000
82.985442;30.271267;-2.781014;3.022457;0.197784;2.850000;0.000000
83.185407;30.251579;-2.979360;3.063335;0.212441;2.850000;0.000000
83.385372;30.240324;-3.177826;3.107055;0.227436;2.850000;0.000000
83.585336;30.238047;-3.376151;-3.129524;0.242477;2.850000;0.000000
83.785301;30.245288;-3.574142;-3.080268;0.247966;2.850000;0.000000
83.985266;30.262178;-3.771701;-3.032970;0.228946;2.850000;0.000000
84.185231;30.288056;-3.968551;-2.989446;0.209423;2.850000;0.000000
84.385196;30.322181;-4.164600;-2.949717;0.189881;2.850000;0.000000
84.585161;30.363813;-4.359756;-2.913751;0.170662;2.850000;0.000000
84.785126;30.412213;-4.553925;-2.881478;0.151984;2.850000;0.000000
84.985091;30.466641;-4.747014;-2.852807;0.133954;2.850000;0.000000
85.185056;30.526358;-4.938932;-2.827638;0.116594;2.850000;0.000000
85.385021;30.590623;-5.129586;-2.805874;0.099857;2.850000;0.000000
85.584986;30.658697;-5.318882;-2.787424;0.083641;2.850000;0.000000
85.784951;30.729854;-5.506763;-2.772209;0.068022;2.850000;0.000000
85.984916;30.803437;-5.693318;-2.760089;0.052797;2.850000;0.000000
86.184880;30.878857;-5.878759;-2.751063;0.037333;2.850000;0.000000
86.384845;30.955562;-6.063396;-2.745159;0.021706;2.850000;0.000000
86.584810;31.032999;-6.247536;-2.742393;0.005977;2.850000;0.000000
86.784775;31.110615;-6.431490;-2.742774;-0.009801;2.850000;0.000000
86.984740;31.187860;-6.615567;-2.746306;-0.025578;2.850000;0.000000
87.184705;31.264179;-6.800074;-2.752984;-0.041298;2.850000;0.000000
87.384670;31.339022;-6.985321;-2.762796;-0.056895;2.850000;0.000000
87.584635;31.411835;-7.171617;-2.775720;-0.072287;2.850000;0.000000
87.784600;31.482089;-7.359331;-2.791706;-0.086753;2.850000;0.000000
87.984565;31.549225;-7.548681;-2.810469;-0.100099;2.850000;0.000000
88.184530;31.612572;-7.739452;-2.831969;-0.113896;2.850000;0.000000
88.384495;31.671508;-7.931534;-2.856283;-0.128214;2.850000;0.000000
88.584459;31.725407;-8.124816;-2.883493;-0.143087;2.850000;0.000000
88.784424;31.773645;-8.319187;-2.913685;-0.158509;2.850000;0.000000
88.984389;31.815598;-8.514539;-2.946938;-0.174413;2.850000;0.000000
89.184354;31.850643;-8.710760;-2.983321;-0.190670;2.850000;0.000000
89.384319;31.878154;-8.907740;-3.022876;-0.207066;2.850000;0.000000
89.584284;31.897507;-9.105369;-3.065614;-0.223297;2.850000;0.000000
89.784249;31.908089;-9.303621;-3.111210;-0.230563;2.850000;0.000000
89.984214;31.909622;-9.502378;3.126878;-0.223171;2.850000;0.000000
90.184179;31.902326;-9.701213;3.083206;-0.215796;2.850000;0.000000
90.384144;31.886473;-9.899843;3.040926;-0.208580;2.850000;0.000000
90.584109;31.862330;-10.097980;2.999988;-0.201639;2.850000;0.000000
90.784074;31.830167;-10.295340;2.960329;-0.195070;2.850000;0.000000
90.984039;31.790255;-10.491637;2.921873;-0.188945;2.850000;0.000000
91.184003;31.742861;-10.686586;2.884537;-0.183322;2.850000;0.000000
91.383968;31.688256;-10.879901;2.848229;-0.178244;2.850000;0.000000
91.583933;31.626709;-11.071296;2.812853;-0.173745;2.850000;0.000000
91.783898;31.558613;-11.260155;2.778310;-0.171307;2.850000;0.000000
91.983863;31.484250;-11.446102;2.744011;-0.171253;2.850000;0.000000
92.183828;31.403567;-11.629361;2.709701;-0.171474;2.850000;0.000000
92.383793;31.316662;-11.809696;2.675328;-0.171968;2.850000;0.000000
92.583758;31.223635;-11.986870;2.640842;-0.172733;2.850000;0.000000
92.783723;31.124585;-12.160646;2.606191;-0.173762;2.850000;0.000000
92.983688;31.019611;-12.330786;2.571326;-0.175049;2.850000;0.000000
93.183653;30.908813;-12.497055;2.536200;-0.176584;2.850000;0.000000
93.383618;30.792289;-12.659215;2.500764;-0.178352;2.850000;0.000000
93.583582;30.670140;-12.817029;2.464975;-0.180338;2.850000;0.000000
93.783547;30.542302;-12.970452;2.428832;-0.180452;2.850000;0.000000
93.983512;30.408852;-13.119357;2.393005;-0.177897;2.850000;0.000000
94.183477;30.270219;-13.263392;2.357688;-0.175431;2.850000;0.000000
94.383442;30.126628;-13.402471;2.322853;-0.173087;2.850000;0.000000
94.583407;29.978301;-13.536507;2.288471;-0.170892;2.850000;0.000000
94.783372;29.825463;-13.665413;2.254506;-0.168871;2.850000;0.000000
94.983337;29.668337;-13.789102;2.220922;-0.167043;2.850000;0.000000
95.183302;29.507147;-13.907489;2.187678;-0.165428;2.850000;0.000000
95.383267;29.342117;-14.020485;2.154732;-0.164039;2.850000;0.000000
95.583232;29.173469;-14.128006;2.122041;-0.162889;2.850000;0.000000
95.783197;29.001611;-14.229864;2.089726;-0.159094;2.850000;0.000000
95.983162;28.826811;-14.326107;2.058688;-0.151972;2.850000;0.000000
96.183126;28.649103;-14.417039;2.029064;-0.144823;2.850000;0.000000
96.383091;28.468728;-14.502848;2.000846;-0.137715;2.850000;0.000000
96.583056;28.285926;-14.583721;1.974020;-0.130705;2.850000;0.000000
96.783021;28.100936;-14.659844;1.948563;-0.123838;2.850000;0.000000
96.982986;27.913998;-14.731405;1.924447;-0.117144;2.850000;0.000000
97.182951;27.725353;-14.798590;1.901642;-0.110645;2.850000;0.000000
97.382916;27.535239;-14.861587;1.880116;-0.104354;2.850000;0.000000
97.582881;27.343898;-14.920582;1.859833;-0.098276;2.850000;0.000000
97.782846;27.151478;-14.975796;1.840996;-0.087272;2.850000;0.000000
97.982811;26.958171;-15.027638;1.825191;-0.070644;2.850000;0.000000
98.182776;26.764231;-15.076723;1.812730;-0.053918;2.850000;0.000000
98.382741;26.569817;-15.123702;1.803622;-0.037150;2.850000;0.000000
98.582705;26.375087;-15.169229;1.797871;-0.020365;2.850000;0.000000
98.782670;26.180196;-15.213957;1.795478;-0.003570;2.850000;0.000000
98.982635;25.985304;-15.258540;1.796444;0.013237;2.850000;0.000000
99.182600;25.790568;-15.303629;1.800771;0.030061;2.850000;0.000000
99.382565;25.596144;-15.349878;1.808461;0.046901;2.850000;0.000000
99.582530;25.402191;-15.397941;1.819515;0.063738;2.850000;0.000000
99.782495;25.208874;-15.448452;1.833490;0.071816;2.850000;0.000000
99.982460;25.016286;-15.501722;1.847792;0.071337;2.850000;0.000000
100.182425;24.824449;-15.557740;1.862001;0.070865;2.850000;0.000000
100.382390;24.633393;-15.616479;1.876120;0.070403;2.850000;0.000000
100.582355;24.443147;-15.677912;1.890150;0.069952;2.850000;0.000000
100.782320;24.253743;-15.742012;1.904093;0.069511;2.850000;0.000000
100.982285;24.065210;-15.808753;1.917952;0.069083;2.850000;0.000000
101.182249;23.877578;-15.878107;1.931730;0.068666;2.850000;0.000000
101.382214;23.690876;-15.950047;1.945428;0.068263;2.850000;0.000000
101.582179;23.505135;-16.024547;1.959050;0.067874;2.850000;0.000000
101.782144;23.320176;-16.101677;1.972856;0.072063;2.850000;0.000000
101.982109;23.136168;-16.181558;1.988149;0.080438;2.850000;0.000000
102.182074;22.953551;-16.264361;2.005130;0.088965;2.850000;0.000000
102.382039;22.772572;-16.350346;2.023823;0.097648;2.850000;0.000000
102.582004;22.593482;-16.439767;2.044252;0.106478;2.850000;0.000000
102.781969;22.416530;-16.532881;2.066436;0.115432;2.850000;0.000000
102.981934;22.241964;-16.629947;2.090395;0.124474;2.850000;0.000000
103.181899;22.070034;-16.731220;2.116138;0.133549;2.850000;0.000000
103.381864;21.900989;-16.836958;2.143670;0.142587;2.850000;0.000000
103.581828;21.735078;-16.947416;2.172982;0.151494;2.850000;0.000000
103.781793;21.572729;-17.062691;2.203375;0.148976;2.850000;0.000000
103.981758;21.413889;-17.182703;2.231943;0.138006;2.850000;0.000000
104.181723;21.258230;-17.307178;2.258355;0.127028;2.850000;0.000000
104.381688;21.105566;-17.435731;2.282618;0.116131;2.850000;0.000000
104.581653;20.955710;-17.567980;2.304751;0.105376;2.850000;0.000000
104.781618;20.808477;-17.703541;2.324779;0.094800;2.850000;0.000000
104.981583;20.663679;-17.842030;2.342731;0.084420;2.850000;0.000000
105.181548;20.521130;-17.983064;2.358635;0.074233;2.850000;0.000000
105.381513;20.380644;-18.126259;2.372519;0.064223;2.850000;0.000000
105.581478;20.242035;-18.271232;2.384410;0.054361;2.850000;0.000000
105.781443;20.105105;-18.417614;2.394403;0.045863;2.850000;0.000000
105.981408;19.969639;-18.565127;2.402819;0.038174;2.850000;0.000000
106.181372;19.835396;-18.713569;2.409686;0.030436;2.850000;0.000000
106.381337;19.702131;-18.862745;2.414997;0.022662;2.850000;0.000000
106.581302;19.569601;-19.012460;2.418749;0.014862;2.850000;0.000000
106.781267;19.437558;-19.162519;2.420939;0.007044;2.850000;0.000000
106.981232;19.305759;-19.312728;2.421564;-0.000786;2.850000;0.000000
107.181197;19.173959;-19.462891;2.420624;-0.008622;2.850000;0.000000
107.381162;19.041911;-19.612813;2.418119;-0.016458;2.850000;0.000000
107.581127;18.909372;-19.762300;2.414049;-0.024289;2.850000;0.000000
107.781092;18.776085;-19.911197;2.408885;-0.024546;2.850000;0.000000
107.981057;18.642038;-20.059480;2.404408;-0.020246;2.850000;0.000000
108.181022;18.507372;-20.207241;2.400790;-0.015951;2.850000;0.000000
108.380987;18.372218;-20.354591;2.398030;-0.011660;2.850000;0.000000
108.580951;18.236704;-20.501643;2.396127;-0.007372;2.850000;0.000000
108.780916;18.100962;-20.648508;2.395081;-0.003087;2.850000;0.000000
108.980881;17.965121;-20.795299;2.394892;0.001197;2.850000;0.000000
109.180846;17.829311;-20.942126;2.395560;0.005480;2.850000;0.000000
109.380811;17.693661;-21.089103;2.397084;0.009763;2.850000;0.000000
109.580776;17.558302;-21.236340;2.399465;0.014048;2.850000;0.000000
109.780741;17.423359;-21.383938;2.402435;0.014229;2.850000;0.000000
109.980706;17.288842;-21.531911;2.405080;0.012224;2.850000;0.000000
110.180671;17.154692;-21.680207;2.407324;0.010218;2.850000;0.000000
110.380636;17.020848;-21.828773;2.409167;0.008212;2.850000;0.000000
110.580601;16.887250;-21.977557;2.410609;0.006206;2.850000;0.000000
110.780566;16.753838;-22.126506;2.411649;0.004199;2.850000;0.000000
110.980531;16.620552;-22.275565;2.412288;0.002192;2.850000;0.000000
111.180495;16.487332;-22.424683;2.412525;0.000185;2.850000;0.000000
111.380460;16.354117;-22.573805;2.412362;-0.001822;2.850000;0.000000
111.580425;16.220847;-22.722879;2.411797;-0.003829;2.850000;0.000000
111.780390;16.087466;-22.871857;2.410954;-0.004021;2.850000;0.000000
111.980355;15.953965;-23.020728;2.410216;-0.003362;2.850000;0.000000
112.180320;15.820363;-23.169511;2.409609;-0.002703;2.850000;0.000000
112.380285;15.686681;-23.318221;2.409135;-0.002045;2.850000;0.000000
112.580250;15.552937;-23.466878;2.408792;-0.001386;2.850000;0.000000
112.780215;15.419151;-23.615498;2.408580;-0.000727;2.850000;0.000000
112.980180;15.285344;-23.764098;2.408501;-0.000068;2.850000;0.000000
113.180145;15.151535;-23.912697;2.408553;0.000591;2.850000;0.000000
113.380110;15.017744;-24.061311;2.408737;0.001249;2.850000;0.000000
113.580074;14.883990;-24.209958;2.409053;0.001908;2.850000;0.000000
113.780039;14.750292;-24.358653;2.409440;0.001719;2.850000;0.000000
113.980004;14.616646;-24.507393;2.409730;0.001183;2.850000;0.000000
114.179969;14.483034;-24.656165;2.409913;0.000646;2.850000;0.000000
114.379934;14.349442;-24.804954;2.409989;0.000110;2.850000;0.000000
114.579899;14.215853;-24.953746;2.409957;-0.000426;2.850000;0.000000
114.779864;14.082251;-25.102528;2.409818;-0.000963;2.850000;0.000000
114.979829;13.948620;-25.251284;2.409572;-0.001499;2.850000;0.000000
115.179794;13.814943;-25.400002;2.409219;-0.002036;2.850000;0.000000
115.379759;13.681204;-25.548666;2.408758;-0.002572;2.850000;0.000000
115.579724;13.547387;-25.697264;2.408190;-0.003108;2.850000;0.000000
115.779689;13.413485;-25.845775;2.407582;-0.002733;2.850000;0.000000
115.979654;13.279502;-25.994212;2.407106;-0.002032;2.850000;0.000000
116.179618;13.145458;-26.142597;2.406769;-0.001331;2.850000;0.000000
116.379583;13.011373;-26.290947;2.406573;-0.000631;2.850000;0.000000
116.579548;12.877269;-26.439280;2.406517;0.000070;2.850000;0.000000
116.779513;12.743167;-26.587616;2.406601;0.000770;2.850000;0.000000
116.979478;12.609088;-26.735972;2.406825;0.001471;2.850000;0.000000
117.179443;12.475053;-26.884367;2.407189;0.002172;2.850000;0.000000
117.379408;12.341083;-27.032820;2.407694;0.002872;2.850000;0.000000
117.579373;12.207200;-27.181348;2.408338;0.003573;2.850000;0.000000
117.779338;12.073418;-27.329972;2.409055;0.003385;2.850000;0.000000
117.979303;11.939736;-27.478687;2.409686;0.002925;2.850000;0.000000
118.179268;11.806143;-27.627478;2.410224;0.002464;2.850000;0.000000
118.379233;11.672623;-27.776335;2.410671;0.002003;2.850000;0.000000
118.579197;11.539164;-27.925244;2.411026;0.001543;2.850000;0.000000
118.779162;11.405750;-28.074195;2.411288;0.001082;2.850000;0.000000
118.979127;11.272369;-28.223174;2.411458;0.000621;2.850000;0.000000
119.179092;11.139006;-28.372170;2.411536;0.000160;2.850000;0.000000
119.379057;11.005648;-28.521171;2.411522;-0.000301;2.850000;0.000000
119.579022;10.872280;-28.670165;2.411416;-0.000761;2.850000;0.000000
119.778987;10.738889;-28.819141;2.411254;-0.000766;2.850000;0.000000
119.978952;10.605475;-28.968097;2.411112;-0.000651;2.850000;0.000000
120.178917;10.472042;-29.117036;2.410994;-0.000537;2.850000;0.000000
120.378882;10.338592;-29.265961;2.410898;-0.000422;2.850000;0.000000
120.578847;10.205130;-29.414874;2.410825;-0.000308;2.850000;0.000000
120.778812;10.071660;-29.563778;2.410775;-0.000193;2.850000;0.000000
120.978777;9.938185;-29.712676;2.410748;-0.000078;2.850000;0.000000
121.178741;9.804710;-29.861570;2.410743;0.000036;2.850000;0.000000
121.378706;9.671237;-30.010463;2.410762;0.000151;2.850000;0.000000
121.578671;9.537771;-30.159357;2.410804;0.000265;2.850000;0.000000
121.778636;9.404315;-30.308255;2.410859;0.000264;2.850000;0.000000
121.978601;9.270869;-30.457159;2.410909;0.000238;2.850000;0.000000
122.178566;9.137429;-30.606068;2.410954;0.000211;2.850000;0.000000
122.378531;9.003996;-30.754984;2.410993;0.000185;2.850000;0.000000
122.578496;8.870566;-30.903907;2.411027;0.000158;2.850000;0.000000
122.778461;8.737137;-31.052839;2.411056;0.000132;2.850000;0.000000
122.978426;8.603708;-31.201778;2.411080;0.000105;2.850000;0.000000
123.178391;8.470276;-31.350727;2.411099;0.000079;2.850000;0.000000
123.378356;8.336839;-31.499686;2.411112;0.000052;2.850000;0.000000
123.578320;8.203396;-31.648655;2.411119;0.000026;2.850000;0.000000
123.778285;8.069982;-31.797594;2.411122;0.000000;2.850000;0.000000
123.978250;7.936566;-31.946535;2.411120;-0.000025;2.850000;0.000000
124.178215;7.803143;-32.095481;2.411112;-0.000051;2.850000;0.000000
124.378180;7.669715;-32.244431;2.411099;-0.000076;2.850000;0.000000
124.578145;7.536282;-32.393381;2.411081;-0.000102;2.850000;0.000000
124.778110;7.402846;-32.542329;2.411059;-0.000127;2.850000;0.000000
124.978075;7.269407;-32.691271;2.411031;-0.000153;2.850000;0.000000
125.178040;7.135968;-32.840206;2.410997;-0.000178;2.850000;0.000000
125.378005;7.002529;-32.989129;2.410959;-0.000204;2.850000;0.000000
125.577970;6.869092;-33.138039;2.410916;-0.000229;2.850000;0.000000
125.777935;6.735619;-33.286975;2.410872;-0.000202;2.850000;0.000000
125.977899;6.602142;-33.435902;2.410835;-0.000168;2.850000;0.000000
126.177864;6.468669;-33.584817;2.410805;-0.000134;2.850000;0.000000
126.377829;6.335197;-33.733721;2.410782;-0.000100;2.850000;0.000000
126.577794;6.201727;-33.882618;2.410765;-0.000065;2.850000;0.000000
126.777759;6.068259;-34.031508;2.410756;-0.000031;2.850000;0.000000
126.977724;5.934792;-34.180395;2.410753;0.000003;2.850000;0.000000
127.177689;5.801326;-34.329281;2.410757;0.000038;2.850000;0.000000
127.377654;5.667862;-34.478168;2.410768;0.000072;2.850000;0.000000
127.577619;5.534398;-34.627059;2.410786;0.000106;2.850000;0.000000
127.777584;5.400935;-34.775955;2.410810;0.000135;2.850000;0.000000
127.977549;5.267473;-34.924857;2.410840;0.000162;2.850000;0.000000
128.177514;5.134015;-35.073766;2.410875;0.000190;2.850000;0.000000
128.377479;5.000560;-35.222682;2.410915;0.000217;2.850000;0.000000
128.577443;4.867111;-35.371604;2.410962;0.000245;2.850000;0.000000
128.777408;4.733668;-35.520534;2.411013;0.000272;2.850000;0.000000
128.977373;4.600233;-35.669472;2.411071;0.000300;2.850000;0.000000
129.177338;4.466807;-35.818418;2.411133;0.000328;2.850000;0.000000
129.377303;4.333392;-35.967372;2.411202;0.000355;2.850000;0.000000
129.577268;4.199987;-36.116335;2.411275;0.000383;2.850000;0.000000
129.777233;4.066593;-36.265303;2.411297;-0.000205;2.850000;0.000000
129.977198;3.933193;-36.414266;2.411193;-0.000840;2.850000;0.000000
130.177163;3.799770;-36.563205;2.410962;-0.001474;2.850000;0.000000
130.377128;3.666302;-36.712105;2.410603;-0.002108;2.850000;0.000000
130.577093;3.532772;-36.860949;2.410118;-0.002743;2.850000;0.000000
130.777058;3.399159;-37.009720;2.409507;-0.003377;2.850000;0.000000
130.977022;3.265445;-37.158401;2.408768;-0.004012;2.850000;0.000000
131.176987;3.131610;-37.306977;2.407902;-0.004646;2.850000;0.000000
131.376952;2.997636;-37.455431;2.406910;-0.005280;2.850000;0.000000
131.576917;2.863502;-37.603746;2.405790;-0.005914;2.850000;0.000000
131.776882;2.729205;-37.751904;2.404695;-0.004972;2.850000;0.000000
131.976847;2.594758;-37.899930;2.403802;-0.003961;2.850000;0.000000
132.176812;2.460193;-38.047852;2.403111;-0.002949;2.850000;0.000000
132.376777;2.325539;-38.195694;2.402623;-0.001938;2.850000;0.000000
132.576742;2.190829;-38.343484;2.402336;-0.000927;2.850000;0.000000
132.776707;2.056093;-38.491248;2.402252;0.000085;2.850000;0.000000
132.976672;1.921362;-38.639011;2.402370;0.001096;2.850000;0.000000
133.176637;1.786667;-38.786801;2.402690;0.002108;2.850000;0.000000
133.376602;1.652038;-38.934642;2.403213;0.003120;2.850000;0.000000
133.576566;1.517507;-39.082561;2.403938;0.004132;2.850000;0.000000
133.776531;1.383090;-39.230594;2.404803;0.004514;2.850000;0.000000
133.976496;1.248811;-39.378744;2.405743;0.004885;2.850000;0.000000
134.176461;1.114678;-39.527023;2.406757;0.005257;2.850000;0.000000
134.376426;0.980702;-39.675442;2.407845;0.005628;2.850000;0.000000
134.576391;0.846890;-39.824015;2.409008;0.005999;2.850000;0.000000
134.776356;0.713252;-39.972753;2.410244;0.006369;2.850000;0.000000
134.976321;0.579798;-40.121668;2.411555;0.006739;2.850000;0.000000
135.176286;0.446535;-40.270774;2.412939;0.007109;2.850000;0.000000
135.376251;0.313473;-40.420080;2.414398;0.007477;2.850000;0.000000
135.576216;0.180622;-40.569601;2.415930;0.007778;2.850000;0.000000
135.776181;0.047968;-40.719318;2.417009;0.003004;2.850000;0.000000
135.976145;-0.084605;-40.869124;2.417132;-0.001769;2.850000;0.000000
136.176110;-0.217230;-41.018884;2.416301;-0.006542;2.850000;0.000000
136.376075;-0.350045;-41.168462;2.414514;-0.011318;2.850000;0.000000
136.576040;-0.483183;-41.317722;2.411773;-0.016099;2.850000;0.000000
136.776005;-0.616780;-41.466530;2.408075;-0.020887;2.850000;0.000000
136.975970;-0.750972;-41.614750;2.403419;-0.025682;2.850000;0.000000
137.175935;-0.885893;-41.762247;2.397806;-0.030484;2.850000;0.000000
137.375900;-1.021680;-41.908885;2.391233;-0.035294;2.850000;0.000000
137.575865;-1.158471;-42.054534;2.383701;-0.039740;2.850000;0.000000
137.775830;-1.296447;-42.199203;2.376176;-0.035540;2.850000;0.000000
137.975795;-1.435434;-42.342874;2.369493;-0.031326;2.850000;0.000000
138.175760;-1.575316;-42.485670;2.363653;-0.027104;2.850000;0.000000
138.375725;-1.715976;-42.627712;2.358657;-0.022878;2.850000;0.000000
138.575689;-1.857298;-42.769124;2.354505;-0.018651;2.850000;0.000000
138.775654;-1.999166;-42.910027;2.351199;-0.014423;2.850000;0.000000
138.975619;-2.141464;-43.050543;2.348737;-0.010198;2.850000;0.000000
139.175584;-2.284075;-43.190797;2.347119;-0.005977;2.850000;0.000000
139.375549;-2.426884;-43.330908;2.346346;-0.001759;2.850000;0.000000
139.575514;-2.569759;-43.470987;2.346414;0.002253;2.850000;0.000000
139.775479;-2.712441;-43.610983;2.347021;0.003819;2.850000;0.000000
139.975444;-2.855044;-43.751114;2.347941;0.005384;2.850000;0.000000
140.175409;-2.997516;-43.891419;2.349174;0.006950;2.850000;0.000000
140.375374;-3.139807;-44.031936;2.350720;0.008515;2.850000;0.000000
140.575339;-3.281868;-44.172704;2.352580;0.010081;2.850000;0.000000
140.775304;-3.423649;-44.313763;2.354753;0.011649;2.850000;0.000000
140.975268;-3.565099;-44.455149;2.357239;0.013219;2.850000;0.000000
141.175233;-3.706168;-44.596902;2.360040;0.014791;2.850000;0.000000
141.375198;-3.846806;-44.739061;2.363155;0.016365;2.850000;0.000000
141.575163;-3.986971;-44.881672;2.366581;0.017546;2.850000;0.000000
141.775128;-4.126707;-45.024820;2.369846;0.015094;2.850000;0.000000
141.975093;-4.265995;-45.168373;2.372620;0.012640;2.850000;0.000000
142.175058;-4.404905;-45.312263;2.374902;0.010184;2.850000;0.000000
142.375023;-4.543510;-45.456423;2.376693;0.007727;2.850000;0.000000
142.574988;-4.681880;-45.600785;2.377993;0.005269;2.850000;0.000000
142.774953;-4.820088;-45.745282;2.378800;0.002810;2.850000;0.000000
142.974918;-4.958204;-45.889846;2.379116;0.000350;2.850000;0.000000
143.174883;-5.096300;-46.034409;2.378940;-0.002111;2.850000;0.000000
143.374848;-5.234447;-46.178903;2.378272;-0.004573;2.850000;0.000000
143.574812;-5.372727;-46.323271;2.377112;-0.007004;2.850000;0.000000
143.774777;-5.511263;-46.467504;2.375490;-0.009216;2.850000;0.000000
143.974742;-5.650057;-46.611473;2.373426;-0.011429;2.850000;0.000000
144.174707;-5.789172;-46.755117;2.370919;-0.013642;2.850000;0.000000
144.374672;-5.928672;-46.898374;2.367970;-0.015855;2.850000;0.000000
144.574637;-6.068621;-47.041184;2.364579;-0.018067;2.850000;0.000000
144.774602;-6.209082;-47.183485;2.360745;-0.020279;2.850000;0.000000
144.974567;-6.350121;-47.325216;2.356470;-0.022489;2.850000;0.000000
145.174532;-6.491800;-47.466316;2.351752;-0.024696;2.850000;0.000000
145.374497;-6.634183;-47.606724;2.346593;-0.026899;2.850000;0.000000
145.574462;-6.777323;-47.746367;2.341013;-0.027947;2.850000;0.000000
145.774427;-6.921175;-47.885185;2.335924;-0.022963;2.850000;0.000000
145.974391;-7.065683;-48.023360;2.331831;-0.017983;2.850000;0.000000
146.174356;-7.210705;-48.161031;2.328732;-0.013009;2.850000;0.000000
146.374321;-7.356099;-48.298338;2.326628;-0.008039;2.850000;0.000000
146.574286;-7.501722;-48.435420;2.325517;-0.003071;2.850000;0.000000
146.774251;-7.647432;-48.572415;2.325399;0.001896;2.850000;0.000000
146.974216;-7.793088;-48.709462;2.326275;0.006863;2.850000;0.000000
147.174181;-7.938546;-48.846700;2.328145;0.011833;2.850000;0.000000
147.374146;-8.083664;-48.984269;2.331008;0.016807;2.850000;0.000000
147.574111;-8.228298;-49.122303;2.334835;0.020148;2.850000;0.000000
147.774076;-8.372365;-49.260867;2.338491;0.016429;2.850000;0.000000
147.974041;-8.515968;-49.399895;2.341402;0.012703;2.850000;0.000000
148.174006;-8.659218;-49.539287;2.343569;0.008975;2.850000;0.000000
148.373971;-8.802226;-49.678945;2.344990;0.005246;2.850000;0.000000
148.573935;-8.945104;-49.818769;2.345666;0.001518;2.850000;0.000000
148.773900;-9.087964;-49.958659;2.345597;-0.002207;2.850000;0.000000
148.973865;-9.230917;-50.098517;2.344784;-0.005928;2.850000;0.000000
149.173830;-9.374074;-50.238244;2.343226;-0.009642;2.850000;0.000000
149.373795;-9.517547;-50.377739;2.340926;-0.013349;2.850000;0.000000
149.573760;-9.661441;-50.516897;2.337878;-0.017288;2.850000;0.000000
149.773725;-9.805843;-50.655578;2.333934;-0.022117;2.850000;0.000000
149.973690;-9.950883;-50.793642;2.329020;-0.026962;2.850000;0.000000
150.173655;-10.096660;-50.930914;2.323134;-0.031829;2.850000;0.000000
150.373620;-10.243274;-51.067223;2.316273;-0.036727;2.850000;0.000000
150.573585;-10.390827;-51.202396;2.308430;-0.041661;2.850000;0.000000
150.773550;-10.539419;-51.336260;2.299602;-0.046634;2.850000;0.000000
150.973514;-10.689149;-51.468641;2.289781;-0.051650;2.850000;0.000000
151.173479;-10.840119;-51.599368;2.278962;-0.056708;2.850000;0.000000
151.373444;-10.992429;-51.728266;2.267139;-0.061807;2.850000;0.000000
151.573409;-11.146262;-51.855233;2.254336;-0.065378;2.850000;0.000000
151.773374;-11.301869;-51.980312;2.241425;-0.063952;2.850000;0.000000
151.973339;-11.458989;-52.103339;2.228812;-0.062445;2.850000;0.000000
152.173304;-11.617610;-52.224384;2.216509;-0.060862;2.850000;0.000000
152.373269;-11.777724;-52.343520;2.204526;-0.059211;2.850000;0.000000
152.573234;-11.939322;-52.460818;2.192872;-0.057498;2.850000;0.000000
152.773199;-12.102393;-52.576349;2.181557;-0.055730;2.850000;0.000000
152.973164;-12.266928;-52.690185;2.170588;-0.053915;2.850000;0.000000
153.173129;-12.432918;-52.802398;2.159971;-0.052058;2.850000;0.000000
153.373094;-12.600354;-52.913060;2.149712;-0.050167;2.850000;0.000000
153.573058;-12.769028;-53.022112;2.139684;-0.053243;2.850000;0.000000
153.773023;-12.938683;-53.129194;2.127444;-0.068799;2.850000;0.000000
153.972988;-13.109926;-53.233999;2.112052;-0.084583;2.850000;0.000000
154.172953;-13.282893;-53.335862;2.093462;-0.100692;2.850000;0.000000
154.372918;-13.457717;-53.434116;2.071622;-0.117189;2.850000;0.000000
154.572883;-13.634531;-53.528093;2.046471;-0.134088;2.850000;0.000000
154.772848;-13.813469;-53.617128;2.017951;-0.151351;2.850000;0.000000
154.972813;-13.994665;-53.700552;1.986015;-0.168870;2.850000;0.000000
155.172778;-14.178253;-53.777700;1.950633;-0.186454;2.850000;0.000000
155.372743;-14.364365;-53.847905;1.911809;-0.203822;2.850000;0.000000
155.572708;-14.553292;-53.910551;1.869736;-0.214359;2.850000;0.000000
155.772673;-14.745223;-53.965265;1.827411;-0.209815;2.850000;0.000000
155.972637;-14.939440;-54.011929;1.785922;-0.205634;2.850000;0.000000
156.172602;-15.135572;-54.050606;1.745195;-0.201871;2.850000;0.000000
156.372567;-15.333245;-54.081355;1.705146;-0.198571;2.850000;0.000000
156.572532;-15.532087;-54.104237;1.665688;-0.195771;2.850000;0.000000
156.772497;-15.731726;-54.119313;1.626727;-0.193499;2.850000;0.000000
156.972462;-15.931788;-54.126643;1.588168;-0.191781;2.850000;0.000000
157.172427;-16.131902;-54.126288;1.549912;-0.190634;2.850000;0.000000
157.372392;-16.331695;-54.118308;1.511858;-0.190076;2.850000;0.000000
157.572357;-16.530955;-54.102749;1.473927;-0.188404;2.850000;0.000000
157.772322;-16.729561;-54.079700;1.436765;-0.183272;2.850000;0.000000
157.972287;-16.927047;-54.049416;1.400674;-0.177973;2.850000;0.000000
158.172252;-17.123282;-54.012140;1.365659;-0.172596;2.850000;0.000000
158.372217;-17.318137;-53.968117;1.331717;-0.167217;2.850000;0.000000
158.572181;-17.511480;-53.917591;1.298832;-0.161902;2.850000;0.000000
158.772146;-17.703184;-53.860806;1.266982;-0.156710;2.850000;0.000000
158.972111;-17.893117;-53.798008;1.236137;-0.151686;2.850000;0.000000
159.172076;-18.081149;-53.729439;1.206263;-0.146870;2.850000;0.000000
159.372041;-18.267152;-53.655345;1.177319;-0.142292;2.850000;0.000000
159.572006;-18.450788;-53.576062;1.149236;-0.139428;2.850000;0.000000
159.771971;-18.631822;-53.491835;1.121442;-0.138974;2.850000;0.000000
159.971936;-18.810472;-53.402606;1.093730;-0.138571;2.850000;0.000000
160.171901;-18.986623;-53.308447;1.066087;-0.138222;2.850000;0.000000
160.371866;-19.160162;-53.209428;1.038499;-0.137929;2.850000;0.000000
160.571831;-19.330975;-53.105623;1.010953;-0.137694;2.850000;0.000000
160.771796;-19.498948;-52.997101;0.983435;-0.137516;2.850000;0.000000
160.971760;-19.663966;-52.883935;0.955931;-0.137397;2.850000;0.000000
161.171725;-19.825917;-52.766197;0.928427;-0.137334;2.850000;0.000000
161.371690;-19.984686;-52.643958;0.900909;-0.137328;2.850000;0.000000
161.571655;-20.140137;-52.517304;0.873290;-0.139243;2.850000;0.000000
161.771620;-20.292052;-52.386298;0.844878;-0.144091;2.850000;0.000000
161.971585;-20.440121;-52.250950;0.815449;-0.149372;2.850000;0.000000
162.171550;-20.584002;-52.111290;0.784932;-0.155067;2.850000;0.000000
162.371515;-20.723352;-51.967350;0.753261;-0.161153;2.850000;0.000000
162.571480;-20.857829;-51.819160;0.720372;-0.167596;2.850000;0.000000
162.771445;-20.987091;-51.666751;0.686208;-0.174351;2.850000;0.000000
162.971410;-21.110794;-51.510153;0.650716;-0.181358;2.850000;0.000000
163.171375;-21.228598;-51.349396;0.613856;-0.188541;2.850000;0.000000
163.371340;-21.340158;-51.184512;0.575597;-0.195806;2.850000;0.000000
163.571304;-21.445114;-51.015587;0.536337;-0.193877;2.850000;0.000000
163.771269;-21.543467;-50.842816;0.499151;-0.180133;2.850000;0.000000
163.971234;-21.635652;-50.666473;0.464696;-0.166142;2.850000;0.000000
164.171199;-21.722084;-50.486907;0.432983;-0.152127;2.850000;0.000000
164.371164;-21.803177;-50.304466;0.403999;-0.138249;2.850000;0.000000
164.571129;-21.879344;-50.119499;0.377712;-0.124617;2.850000;0.000000
164.771094;-21.951001;-49.932353;0.354079;-0.111296;2.850000;0.000000
164.971059;-22.018562;-49.743377;0.333052;-0.098308;2.850000;0.000000
165.171024;-22.082441;-49.552919;0.314580;-0.085645;2.850000;0.000000
165.370989;-22.143051;-49.361327;0.298617;-0.073271;2.850000;0.000000
165.570954;-22.200790;-49.168984;0.284859;-0.066825;2.850000;0.000000
165.770919;-22.255870;-48.976094;0.271436;-0.067002;2.850000;0.000000
165.970883;-22.308309;-48.782648;0.257989;-0.067184;2.850000;0.000000
166.170848;-22.358098;-48.588675;0.244516;-0.067371;2.850000;0.000000
166.370813;-22.405228;-48.394206;0.231016;-0.067563;2.850000;0.000000
166.570778;-22.449692;-48.199270;0.217487;-0.067760;2.850000;0.000000
166.770743;-22.491480;-48.003895;0.203929;-0.067961;2.850000;0.000000
166.970708;-22.530584;-47.808112;0.190340;-0.068167;2.850000;0.000000
167.170673;-22.566996;-47.611949;0.176719;-0.068377;2.850000;0.000000
167.370638;-22.600708;-47.415436;0.163064;-0.068591;2.850000;0.000000
167.570603;-22.631729;-47.218513;0.149535;-0.065321;2.850000;0.000000
167.770568;-22.660193;-47.021184;0.137221;-0.058195;2.850000;0.000000
167.970533;-22.686367;-46.823537;0.126336;-0.050990;2.850000;0.000000
168.170498;-22.710538;-46.625563;0.116889;-0.043736;2.850000;0.000000
168.370463;-22.732996;-46.427254;0.108886;-0.036460;2.850000;0.000000
168.570427;-22.754029;-46.228601;0.102330;-0.029182;2.850000;0.000000
168.770392;-22.773927;-46.029596;0.097220;-0.021921;2.850000;0.000000
168.970357;-22.792977;-45.830231;0.093555;-0.014693;2.850000;0.000000
169.170322;-22.811469;-45.630498;0.091329;-0.007511;2.850000;0.000000
169.370287;-22.829692;-45.430389;0.090537;-0.000385;2.850000;0.000000
169.570252;-22.847950;-45.229882;0.091595;0.015006;2.850000;0.000000
169.770217;-22.866853;-45.029158;0.096991;0.038525;2.850000;0.000000
169.970182;-22.887315;-44.828594;0.107143;0.062248;2.850000;0.000000
170.170147;-22.910262;-44.628554;0.122100;0.086413;2.850000;0.000000
170.370112;-22.936624;-44.429403;0.141937;0.111203;2.850000;0.000000
170.570077;-22.967327;-44.231505;0.166749;0.136716;2.850000;0.000000
170.770042;-23.003298;-44.035225;0.196635;0.162933;2.850000;0.000000
170.970006;-23.045467;-43.840927;0.231682;0.189677;2.850000;0.000000
171.169971;-23.094759;-43.648977;0.271940;0.216570;2.850000;0.000000
171.369936;-23.152103;-43.459738;0.317394;0.242994;2.850000;0.000000
171.569901;-23.218325;-43.273677;0.366212;0.236050;2.850000;0.000000
171.769866;-23.293184;-43.090706;0.409304;0.199800;2.850000;0.000000
171.969831;-23.375479;-42.910275;0.445322;0.163505;2.850000;0.000000
172.169796;-23.463931;-42.731926;0.474305;0.127810;2.850000;0.000000
172.369761;-23.557266;-42.555204;0.496351;0.092981;2.850000;0.000000
172.569726;-23.654206;-42.379652;0.511576;0.059012;2.850000;0.000000
172.769691;-23.753475;-42.204813;0.520083;0.025707;2.850000;0.000000
172.969656;-23.853798;-42.030230;0.521939;-0.007234;2.850000;0.000000
173.169621;-23.953896;-41.855447;0.517169;-0.040158;2.850000;0.000000
173.369585;-24.052495;-41.680008;0.505752;-0.073395;2.850000;0.000000
173.569550;-24.148398;-41.503414;0.489015;-0.081693;2.850000;0.000000
173.769515;-24.241267;-41.325572;0.473915;-0.068784;2.850000;0.000000
173.969480;-24.331543;-41.146728;0.461445;-0.055681;2.850000;0.000000
174.169445;-24.419722;-40.967088;0.451625;-0.042443;2.850000;0.000000
174.369410;-24.506299;-40.786859;0.444470;-0.029113;2.850000;0.000000
174.569375;-24.591771;-40.606248;0.439989;-0.015720;2.850000;0.000000
174.769340;-24.676632;-40.425460;0.438191;-0.002284;2.850000;0.000000
174.969305;-24.761378;-40.244703;0.439078;0.011178;2.850000;0.000000
175.169270;-24.846505;-40.064184;0.442654;0.024652;2.850000;0.000000
175.369235;-24.932508;-39.884107;0.448917;0.038120;2.850000;0.000000
175.569200;-25.019912;-39.704568;0.457252;0.040609;2.850000;0.000000
175.769165;-25.108816;-39.525629;0.464779;0.034738;2.850000;0.000000
175.969129;-25.198979;-39.347273;0.471135;0.028871;2.850000;0.000000
176.169094;-25.290191;-39.169397;0.476320;0.023011;2.850000;0.000000
176.369059;-25.382242;-38.991901;0.480336;0.017159;2.850000;0.000000
176.569024;-25.474922;-38.814684;0.483183;0.011315;2.850000;0.000000
176.768989;-25.568020;-38.637645;0.484863;0.005479;2.850000;0.000000
176.968954;-25.661326;-38.460681;0.485375;-0.000352;2.850000;0.000000
177.168919;-25.754629;-38.283692;0.484722;-0.006181;2.850000;0.000000
177.368884;-25.847719;-38.106576;0.482902;-0.012008;2.850000;0.000000
177.568849;-25.940357;-37.929313;0.480203;-0.013070;2.850000;0.000000
177.768814;-26.032509;-37.751858;0.477803;-0.010932;2.850000;0.000000
177.968779;-26.124275;-37.574198;0.475831;-0.008793;2.850000;0.000000
178.168744;-26.215730;-37.396374;0.474286;-0.006655;2.850000;0.000000
178.368708;-26.306950;-37.218425;0.473169;-0.004517;2.850000;0.000000
178.568673;-26.398010;-37.040393;0.472480;-0.002379;2.850000;0.000000
178.768638;-26.488986;-36.862316;0.472218;-0.000242;2.850000;0.000000
178.968603;-26.579953;-36.684234;0.472383;0.001896;2.850000;0.000000
179.168568;-26.670988;-36.506189;0.472976;0.004034;2.850000;0.000000
179.368533;-26.762164;-36.328218;0.473996;0.006171;2.850000;0.000000
179.568498;-26.853549;-36.150369;0.475287;0.005779;2.850000;0.000000
179.768463;-26.945134;-35.972632;0.476249;0.003849;2.850000;0.000000
179.968428;-27.036856;-35.794966;0.476826;0.001920;2.850000;0.000000
180.168393;-27.128647;-35.617333;0.477017;-0.000010;2.850000;0.000000
180.368358;-27.220439;-35.439696;0.476822;-0.001940;2.850000;0.000000
180.568323;-27.312165;-35.262019;0.476241;-0.003869;2.850000;0.000000
180.768288;-27.403758;-35.084263;0.475275;-0.005798;2.850000;0.000000
180.968252;-27.495148;-34.906393;0.473922;-0.007726;2.850000;0.000000
181.168217;-27.586269;-34.728371;0.472184;-0.009653;2.850000;0.000000
181.368182;-27.677054;-34.550160;0.470061;-0.011579;2.850000;0.000000
181.568147;-27.767446;-34.371722;0.467810;-0.009520;2.850000;0.000000
181.768112;-27.857508;-34.193098;0.466330;-0.005273;2.850000;0.000000
181.968077;-27.947382;-34.014376;0.465700;-0.001026;2.850000;0.000000
182.168042;-28.037218;-33.835641;0.465919;0.003220;2.850000;0.000000
182.368007;-28.127160;-33.656979;0.466988;0.007469;2.850000;0.000000
182.567972;-28.217357;-33.478476;0.468907;0.011723;2.850000;0.000000
182.767937;-28.307956;-33.300218;0.471677;0.015982;2.850000;0.000000
182.967902;-28.399104;-33.122290;0.475299;0.020249;2.850000;0.000000
183.167867;-28.490947;-32.944778;0.479773;0.024524;2.850000;0.000000
183.367831;-28.583634;-32.767767;0.485100;0.028807;2.850000;0.000000
183.567796;-28.677296;-32.591297;0.490508;0.021477;2.850000;0.000000
183.767761;-28.771700;-32.415249;0.493490;0.008373;2.850000;0.000000
183.967726;-28.866389;-32.239375;0.493853;-0.004741;2.850000;0.000000
184.167691;-28.960913;-32.063411;0.491596;-0.017851;2.850000;0.000000
184.367656;-29.054819;-31.887091;0.486721;-0.030947;2.850000;0.000000
184.567621;-29.147655;-31.710150;0.479232;-0.044008;2.850000;0.000000
184.767586;-29.238971;-31.532324;0.469134;-0.057006;2.850000;0.000000
184.967551;-29.328315;-31.353348;0.456439;-0.069901;2.850000;0.000000
185.167516;-29.415234;-31.172957;0.441163;-0.082634;2.850000;0.000000
185.367481;-29.499278;-30.990886;0.423334;-0.095128;2.850000;0.000000
185.567446;-29.579961;-30.807253;0.405581;-0.070730;2.850000;0.000000
185.767411;-29.658109;-30.622323;0.395408;-0.030694;2.850000;0.000000
185.967375;-29.735173;-30.436777;0.393237;0.009066;2.850000;0.000000
186.167340;-29.812546;-30.251441;0.399056;0.048940;2.850000;0.000000
186.367305;-29.891622;-30.067141;0.412905;0.089294;2.850000;0.000000
186.567270;-29.973795;-29.884703;0.434867;0.130361;2.850000;-1.373753
186.767235;-30.060460;-29.704954;0.465036;0.172115;2.751926;-1.524449
186.967200;-30.153010;-29.528717;0.503482;0.214131;2.638830;-1.376087
187.167165;-30.252839;-29.356821;0.550181;0.255450;2.532407;-1.274805
187.367130;-30.361342;-29.190090;0.604941;0.294476;2.429661;-1.270968
187.567095;-30.487666;-29.019445;0.670240;0.316636;2.322704;-1.301063
187.767060;-30.628624;-28.853976;0.741994;0.346293;2.207854;-1.290756
187.967025;-30.779631;-28.701542;0.821103;0.394403;2.087680;-1.206930
188.166990;-30.939237;-28.565440;0.910788;0.464873;1.968685;-1.068705
188.366954;-31.105995;-28.448969;1.014752;0.562300;1.856964;-0.869679
188.566919;-31.278457;-28.355430;1.137056;0.689320;1.760824;-0.603957
188.766884;-31.455176;-28.288120;1.281471;0.840312;1.690847;-0.285438
188.966849;-31.634704;-28.250339;1.449929;0.991212;1.656746;-0.006118
189.166814;-31.815593;-28.245385;1.640042;1.093948;1.656007;-0.006118
189.366779;-31.988072;-28.274074;1.827153;0.960434;1.655269;0.362381
189.566744;-32.152952;-28.330892;1.970123;0.685172;1.698482;1.016951
189.766709;-32.317958;-28.411576;2.074093;0.458046;1.814263;1.484977
189.966674;-32.483585;-28.511205;2.145035;0.285410;1.971151;1.882388
190.166639;-32.650328;-28.624861;2.188712;0.153744;2.153662;2.276550
190.366604;-32.818679;-28.747622;2.209303;0.047404;2.355572;2.724590
190.566569;-32.989135;-28.874570;2.209234;-0.046764;2.576502;2.674754
190.766534;-33.162188;-29.000784;2.189346;-0.139459;2.776343;-0.815971
190.966498;-33.338333;-29.121344;2.149097;-0.239727;2.716937;-0.461024
191.166463;-33.518064;-29.231331;2.086777;-0.354995;2.682792;-0.016042
191.366428;-33.701799;-29.325932;2.003605;-0.417191;2.681596;-0.016042
191.566393;-33.889474;-29.403226;1.919652;-0.408452;2.680399;0.049434
191.766358;-34.080552;-29.464091;1.839216;-0.392451;2.684084;0.156591
191.966323;-34.274429;-29.509487;1.763106;-0.371077;2.695725;0.287194
192.166288;-34.470497;-29.540380;1.691853;-0.346320;2.716945;0.427073
192.366253;-34.668153;-29.557730;1.625727;-0.319970;2.748198;0.566549
192.566218;-34.866791;-29.562502;1.564782;-0.293460;2.789117;0.699773
192.766183;-35.065805;-29.555658;1.508913;-0.267814;2.838843;0.158698
192.966148;-35.264590;-29.538162;1.457902;-0.243684;2.850000;0.000000
193.166113;-35.462540;-29.510976;1.411465;-0.221421;2.850000;0.000000
193.366077;-35.659580;-29.474941;1.368763;-0.209662;2.850000;0.000000
193.566042;-35.855289;-29.430558;1.326868;-0.207884;2.850000;0.000000
193.766007;-36.048787;-29.378105;1.285345;-0.206363;2.850000;0.000000
193.965972;-36.239779;-29.317750;1.244136;-0.205134;2.850000;0.000000
194.165937;-36.427972;-29.249661;1.203176;-0.204223;2.850000;0.000000
194.365902;-36.613072;-29.174003;1.162398;-0.203652;2.850000;0.000000
194.565867;-36.794783;-29.090945;1.121734;-0.203438;2.850000;0.000000
194.765832;-36.972811;-29.000653;1.081113;-0.203592;2.850000;0.000000
194.965797;-37.146863;-28.903296;1.040462;-0.204119;2.850000;0.000000
195.165762;-37.316644;-28.799040;0.999707;-0.205021;2.850000;0.000000
195.365727;-37.481958;-28.687993;0.959021;-0.200919;2.850000;0.000000
195.565692;-37.642709;-28.570426;0.919960;-0.191264;2.850000;0.000000
195.765657;-37.798909;-28.446788;0.882841;-0.181354;2.850000;0.000000
195.965621;-37.950673;-28.317471;0.847676;-0.171362;2.850000;0.000000
196.165586;-38.098117;-28.182870;0.814457;-0.161430;2.850000;0.000000
196.365551;-38.241354;-28.043379;0.783159;-0.151667;2.850000;0.000000
196.565516;-38.380499;-27.899390;0.753746;-0.142155;2.850000;0.000000
196.765481;-38.515667;-27.751298;0.726171;-0.132950;2.850000;0.000000
196.965446;-38.646973;-27.599497;0.700382;-0.124084;2.850000;0.000000
197.165411;-38.774531;-27.444379;0.676322;-0.115574;2.850000;0.000000
197.365376;-38.898368;-27.286432;0.653571;-0.114440;2.850000;0.000000
197.565341;-39.018421;-27.125835;0.630111;-0.119580;2.850000;0.000000
197.765306;-39.134515;-26.962512;0.605620;-0.124895;2.850000;0.000000
197.965271;-39.246397;-26.796470;0.580067;-0.130366;2.850000;0.000000
198.165236;-39.353815;-26.627712;0.553430;-0.135966;2.850000;0.000000
198.365200;-39.456516;-26.456245;0.525685;-0.141661;2.850000;0.000000
198.565165;-39.554249;-26.282073;0.496819;-0.147408;2.850000;0.000000
198.765130;-39.646761;-26.105202;0.466820;-0.153157;2.850000;0.000000
198.965095;-39.733799;-25.925638;0.435687;-0.158848;2.850000;0.000000
199.165060;-39.815111;-25.743385;0.403427;-0.164410;2.850000;0.000000
199.365025;-39.890433;-25.558507;0.370312;-0.165384;2.850000;0.000000
199.564990;-39.959654;-25.371133;0.337511;-0.163055;2.850000;0.000000
199.764955;-40.022778;-25.181465;0.305127;-0.160984;2.850000;0.000000
199.964920;-40.079798;-24.989752;0.273111;-0.159184;2.850000;0.000000
200.164885;-40.130705;-24.796238;0.241414;-0.157667;2.850000;0.000000
200.364850;-40.175490;-24.601173;0.209985;-0.156442;2.850000;0.000000
200.564815;-40.214145;-24.404801;0.178771;-0.155516;2.850000;0.000000
200.764780;-40.246662;-24.207371;0.147720;-0.154898;2.850000;0.000000
200.964744;-40.273032;-24.009129;0.116777;-0.154592;2.850000;0.000000
201.164709;-40.293247;-23.810322;0.085887;-0.154603;2.850000;0.000000
201.364674;-40.307309;-23.611210;0.055299;-0.149686;2.850000;0.000000
201.564639;-40.315417;-23.411927;0.026329;-0.140760;2.850000;0.000000
201.764604;-40.317929;-23.212510;-0.000835;-0.131613;2.850000;0.000000
201.964569;-40.315204;-23.013011;-0.026172;-0.122349;2.850000;0.000000
202.164534;-40.307603;-22.813481;-0.049673;-0.113049;2.850000;0.000000
202.364499;-40.295485;-22.613972;-0.071342;-0.103779;2.850000;0.000000
202.564464;-40.279212;-22.414534;-0.091187;-0.094584;2.850000;0.000000
202.764429;-40.259142;-22.215219;-0.109222;-0.085495;2.850000;0.000000
202.964394;-40.235636;-22.016078;-0.125465;-0.076529;2.850000;0.000000
203.164359;-40.209054;-21.817163;-0.139934;-0.067689;2.850000;0.000000
203.364323;-40.179663;-21.618139;-0.153494;-0.072694;2.850000;0.000000
203.564288;-40.147315;-21.419336;-0.169602;-0.087307;2.850000;0.000000
203.764253;-40.111512;-21.221331;-0.188670;-0.102288;2.850000;0.000000
203.964218;-40.071712;-21.024440;-0.210756;-0.117684;2.850000;0.000000
204.164183;-40.027370;-20.828974;-0.235922;-0.133503;2.850000;0.000000
204.364148;-39.977944;-20.635248;-0.264228;-0.149703;2.850000;0.000000
204.564113;-39.922890;-20.443576;-0.295723;-0.166185;2.850000;0.000000
204.764078;-39.861664;-20.254269;-0.330439;-0.182776;2.850000;0.000000
204.964043;-39.793722;-20.067643;-0.368380;-0.199225;2.850000;0.000000
205.164008;-39.718522;-19.884011;-0.409511;-0.215193;2.850000;0.000000
205.363973;-39.635720;-19.703975;-0.452420;-0.210748;2.850000;0.000000
205.563938;-39.545425;-19.527444;-0.492665;-0.195141;2.850000;0.000000
205.763903;-39.448138;-19.354145;-0.529898;-0.179559;2.850000;0.000000
205.963867;-39.344443;-19.183975;-0.564148;-0.164235;2.850000;0.000000
206.163832;-39.234923;-19.016833;-0.595470;-0.149327;2.850000;0.000000
206.363797;-39.120163;-18.852617;-0.623935;-0.134927;2.850000;0.000000
206.563762;-39.000747;-18.691224;-0.649624;-0.121070;2.850000;0.000000
206.763727;-38.877259;-18.532552;-0.672619;-0.107750;2.850000;0.000000
206.963692;-38.750282;-18.376499;-0.693000;-0.094925;2.850000;0.000000
207.163657;-38.620401;-18.222963;-0.710837;-0.082525;2.850000;0.000000
207.363622;-38.488083;-18.071745;-0.726739;-0.078444;2.850000;0.000000
207.563587;-38.353596;-17.922851;-0.742468;-0.078334;2.850000;0.000000
207.763552;-38.216997;-17.776314;-0.758144;-0.078157;2.850000;0.000000
207.963517;-38.078298;-17.632114;-0.773759;-0.077913;2.850000;0.000000
208.163482;-37.937512;-17.490236;-0.789302;-0.077603;2.850000;0.000000
208.363446;-37.794648;-17.350661;-0.804765;-0.077229;2.850000;0.000000
208.563411;-37.649720;-17.213371;-0.820140;-0.076794;2.850000;0.000000
208.763376;-37.502737;-17.078350;-0.835419;-0.076298;2.850000;0.000000
208.963341;-37.353713;-16.945579;-0.850593;-0.075744;2.850000;0.000000
209.163306;-37.202657;-16.815042;-0.865655;-0.075134;2.850000;0.000000
209.363271;-37.049693;-16.686772;-0.879926;-0.064999;2.850000;0.000000
209.563236;-36.895018;-16.560446;-0.891492;-0.050837;2.850000;0.000000
209.763201;-36.738965;-16.435615;-0.900241;-0.036733;2.850000;0.000000
209.963166;-36.581907;-16.311861;-0.906180;-0.022687;2.850000;0.000000
210.163131;-36.424218;-16.188765;-0.909318;-0.008687;2.850000;0.000000
210.363096;-36.266269;-16.065908;-0.909658;0.005287;2.850000;0.000000
210.563061;-36.108436;-15.942872;-0.907202;0.019258;2.850000;0.000000
210.763026;-35.951090;-15.819239;-0.901949;0.033247;2.850000;0.000000
210.962990;-35.794605;-15.694589;-0.893896;0.047268;2.850000;0.000000
211.162955;-35.639355;-15.568505;-0.883037;0.061326;2.850000;0.000000
211.362920;-35.485655;-15.440592;-0.870508;0.059646;2.850000;0.000000
211.562885;-35.333509;-15.310874;-0.859351;0.051947;2.850000;0.000000
211.762850;-35.182726;-15.179589;-0.849737;0.044230;2.850000;0.000000
211.962815;-35.033105;-15.046972;-0.841666;0.036505;2.850000;0.000000
212.162780;-34.884443;-14.913256;-0.835139;0.028781;2.850000;0.000000
212.362745;-34.736540;-14.778673;-0.830156;0.021062;2.850000;0.000000
212.562710;-34.589193;-14.643458;-0.826715;0.013348;2.850000;0.000000
212.762675;-34.442201;-14.507844;-0.824817;0.005638;2.850000;0.000000
212.962640;-34.295362;-14.372064;-0.824460;-0.002070;2.850000;0.000000
213.162605;-34.148474;-14.236353;-0.825645;-0.009781;2.850000;0.000000
213.362569;-34.001334;-14.100912;-0.827965;-0.012066;2.850000;0.000000
213.562534;-33.853876;-13.965834;-0.830426;-0.012549;2.850000;0.000000
213.762499;-33.706091;-13.831137;-0.832983;-0.013031;2.850000;0.000000
213.962464;-33.557963;-13.696832;-0.835637;-0.013512;2.850000;0.000000
214.162429;-33.409476;-13.562931;-0.838387;-0.013992;2.850000;0.000000
214.362394;-33.260616;-13.429446;-0.841232;-0.014471;2.850000;0.000000
214.562359;-33.111366;-13.296389;-0.844174;-0.014948;2.850000;0.000000
214.762324;-32.961711;-13.163772;-0.847210;-0.015423;2.850000;0.000000
214.962289;-32.811636;-13.031607;-0.850342;-0.015897;2.850000;0.000000
215.162254;-32.661125;-12.899905;-0.853569;-0.016369;2.850000;0.000000
215.362219;-32.510230;-12.768719;-0.856640;-0.013646;2.850000;0.000000
215.562184;-32.358976;-12.637944;-0.859006;-0.010019;2.850000;0.000000
215.762149;-32.207445;-12.507458;-0.860647;-0.006394;2.850000;0.000000
215.962113;-32.055736;-12.377158;-0.861563;-0.002772;2.850000;0.000000
216.162078;-31.903950;-12.246937;-0.861756;0.000849;2.850000;0.000000
216.362043;-31.752186;-12.116690;-0.861224;0.004470;2.850000;0.000000
216.562008;-31.600544;-11.986312;-0.859968;0.008093;2.850000;0.000000
216.761973;-31.449122;-11.855698;-0.857987;0.011717;2.850000;0.000000
216.961938;-31.298022;-11.724741;-0.855281;0.015345;2.850000;0.000000
217.161903;-31.147343;-11.593338;-0.851851;0.018976;2.850000;0.000000
217.361868;-30.997108;-11.461343;-0.848088;0.017672;2.850000;0.000000
217.561833;-30.847341;-11.328819;-0.844807;0.015141;2.850000;0.000000
217.761798;-30.697988;-11.195853;-0.842032;0.012608;2.850000;0.000000
217.961763;-30.548978;-11.062518;-0.839765;0.010073;2.850000;0.000000
218.161728;-30.400242;-10.928887;-0.838004;0.007536;2.850000;0.000000
218.361692;-30.251708;-10.795032;-0.836751;0.004999;2.850000;0.000000
218.561657;-30.103306;-10.661028;-0.836005;0.002462;2.850000;0.000000
218.761622;-29.954966;-10.526947;-0.835767;-0.000075;2.850000;0.000000
218.961587;-29.806617;-10.392862;-0.836035;-0.002612;2.850000;0.000000
219.161552;-29.658188;-10.258846;-0.836811;-0.005148;2.850000;0.000000
219.361517;-29.509659;-10.124999;-0.837866;-0.004932;2.850000;0.000000
219.561482;-29.360995;-9.991296;-0.838774;-0.004150;2.850000;0.000000
219.761447;-29.212211;-9.857708;-0.839526;-0.003370;2.850000;0.000000
219.961412;-29.063330;-9.724215;-0.840121;-0.002589;2.850000;0.000000
220.161377;-28.914375;-9.590793;-0.840561;-0.001809;2.850000;0.000000
220.361342;-28.765368;-9.457423;-0.840845;-0.001029;2.850000;0.000000
220.561307;-28.616333;-9.324082;-0.840973;-0.000249;2.850000;0.000000
220.761271;-28.467291;-9.190749;-0.840944;0.000531;2.850000;0.000000
220.961236;-28.318266;-9.057402;-0.840760;0.001311;2.850000;0.000000
221.161201;-28.169280;-8.924020;-0.840420;0.002091;2.850000;0.000000
221.361166;-28.020341;-8.790581;-0.840096;0.000857;2.850000;0.000000
221.561131;-27.871428;-8.657120;-0.840083;-0.000721;2.850000;0.000000
221.761096;-27.722500;-8.523683;-0.840384;-0.002299;2.850000;0.000000
221.961061;-27.573514;-8.390318;-0.841002;-0.003878;2.850000;0.000000
222.161026;-27.424426;-8.257070;-0.841935;-0.005456;2.850000;0.000000
222.360991;-27.275192;-8.123984;-0.843184;-0.007034;2.850000;0.000000
222.560956;-27.125770;-7.991107;-0.844748;-0.008611;2.850000;0.000000
222.760921;-26.976115;-7.858484;-0.846628;-0.010188;2.850000;0.000000
222.960886;-26.826185;-7.726162;-0.848823;-0.011765;2.850000;0.000000
223.160851;-26.675936;-7.594185;-0.851333;-0.013339;2.850000;0.000000
223.360815;-26.525371;-7.462614;-0.853811;-0.010969;2.850000;0.000000
223.560780;-26.374513;-7.331368;-0.855713;-0.008061;2.850000;0.000000
223.760745;-26.223436;-7.200360;-0.857035;-0.005154;2.850000;0.000000
223.960710;-26.072218;-7.069502;-0.857775;-0.002248;2.850000;0.000000
224.160675;-25.920939;-6.938711;-0.857934;0.000657;2.850000;0.000000
224.360640;-25.769677;-6.807899;-0.857512;0.003563;2.850000;0.000000
224.560605;-25.618512;-6.676983;-0.856509;0.006470;2.850000;0.000000
224.760570;-25.467523;-6.545876;-0.854924;0.009377;2.850000;0.000000
224.960535;-25.316787;-6.414494;-0.852759;0.012286;2.850000;0.000000
225.160500;-25.166385;-6.282751;-0.850011;0.015196;2.850000;0.000000
225.360465;-25.016334;-6.150535;-0.847033;0.014209;2.850000;0.000000
225.560430;-24.866663;-6.017897;-0.844332;0.012800;2.850000;0.000000
225.760394;-24.717340;-5.884883;-0.841914;0.011390;2.850000;0.000000
225.960359;-24.568325;-5.751534;-0.839777;0.009980;2.850000;0.000000
226.160324;-24.419581;-5.617892;-0.837923;0.008569;2.850000;0.000000
226.360289;-24.271070;-5.483998;-0.836350;0.007158;2.850000;0.000000
226.560254;-24.122753;-5.349894;-0.835060;0.005746;2.850000;0.000000
226.760219;-23.974592;-5.215621;-0.834052;0.004335;2.850000;0.000000
226.960184;-23.826549;-5.081221;-0.833327;0.002923;2.850000;0.000000
227.160149;-23.678584;-4.946736;-0.832883;0.001511;2.850000;0.000000
227.360114;-23.530656;-4.812206;-0.832780;-0.000527;2.850000;0.000000
227.560079;-23.382714;-4.677692;-0.833094;-0.002614;2.850000;0.000000
227.760044;-23.234701;-4.543254;-0.833826;-0.004700;2.850000;0.000000
227.960009;-23.086561;-4.408955;-0.834974;-0.006786;2.850000;0.000000
228.159974;-22.938237;-4.274856;-0.836540;-0.008872;2.850000;0.000000
228.359938;-22.789673;-4.141018;-0.838522;-0.010958;2.850000;0.000000
228.559903;-22.640812;-4.007502;-0.840922;-0.013043;2.850000;0.000000
228.759868;-22.491598;-3.874370;-0.843738;-0.015127;2.850000;0.000000
228.959833;-22.341974;-3.741683;-0.846972;-0.017209;2.850000;0.000000
229.159798;-22.191884;-3.609503;-0.850622;-0.019290;2.850000;0.000000
229.359763;-22.041353;-3.477917;-0.854161;-0.015869;2.850000;0.000000
229.559728;-21.890395;-3.346801;-0.856966;-0.012194;2.850000;0.000000
229.759693;-21.739106;-3.216044;-0.859038;-0.008522;2.850000;0.000000
229.959658;-21.587587;-3.085537;-0.860375;-0.004852;2.850000;0.000000
230.159623;-21.435936;-2.955173;-0.860978;-0.001183;2.850000;0.000000
230.359588;-21.284252;-2.824844;-0.860848;0.002486;2.850000;0.000000
230.559553;-21.132636;-2.694441;-0.859984;0.006156;2.850000;0.000000
230.759517;-20.981187;-2.563857;-0.858386;0.009827;2.850000;0.000000
230.959482;-20.830003;-2.432983;-0.856054;0.013499;2.850000;0.000000
231.159447;-20.679185;-2.301712;-0.852987;0.017174;2.850000;0.000000
231.359412;-20.528765;-2.169922;-0.849702;0.015566;2.850000;0.000000
231.559377;-20.378765;-2.037672;-0.846762;0.013839;2.850000;0.000000
231.759342;-20.229139;-1.905014;-0.844167;0.012110;2.850000;0.000000
231.959307;-20.079839;-1.771997;-0.841919;0.010380;2.850000;0.000000
232.159272;-19.930818;-1.638674;-0.840016;0.008650;2.850000;0.000000
232.359237;-19.782028;-1.505093;-0.838459;0.006919;2.850000;0.000000
232.559202;-19.633422;-1.371306;-0.837249;0.005188;2.850000;0.000000
232.759167;-19.484953;-1.237363;-0.836385;0.003457;2.850000;0.000000
232.959132;-19.336573;-1.103314;-0.835866;0.001726;2.850000;0.000000
233.159097;-19.188236;-0.969210;-0.835694;-0.000003;2.850000;0.000000
233.359061;-19.039906;-0.835110;-0.835815;-0.001205;2.850000;0.000000
233.559026;-18.891541;-0.701041;-0.836176;-0.002408;2.850000;0.000000
233.758991;-18.743108;-0.567042;-0.836778;-0.003611;2.850000;0.000000
233.958956;-18.594578;-0.433149;-0.837620;-0.004814;2.850000;0.000000
234.158921;-18.445919;-0.299399;-0.838703;-0.006016;2.850000;0.000000
234.358886;-18.297100;-0.165829;-0.840027;-0.007220;2.850000;0.000000
234.558851;-18.148091;-0.032476;-0.841591;-0.008423;2.850000;0.000000
234.758816;-17.998861;0.100623;-0.843395;-0.009627;2.850000;0.000000
234.958781;-17.849379;0.233431;-0.845441;-0.010831;2.850000;0.000000
235.158746;-17.699613;0.365911;-0.847726;-0.011914;2.850000;0.000000
235.358711;-17.549554;0.498050;-0.849799;-0.008820;2.850000;0.000000
235.558676;-17.399265;0.629922;-0.851254;-0.005726;2.850000;0.000000
235.758640;-17.248824;0.761623;-0.852089;-0.002632;2.850000;0.000000
235.958605;-17.098312;0.893246;-0.852306;0.000462;2.850000;0.000000
236.158570;-16.947808;1.024886;-0.851904;0.003556;2.850000;0.000000
236.358535;-16.797392;1.156638;-0.850884;0.006649;2.850000;0.000000
236.558500;-16.647145;1.288596;-0.849245;0.009742;2.850000;0.000000
236.758465;-16.497146;1.420855;-0.846988;0.012832;2.850000;0.000000
236.958430;-16.347474;1.553509;-0.844113;0.015920;2.850000;0.000000
237.158395;-16.198210;1.686653;-0.840626;0.017858;2.850000;0.000000
237.358360;-16.049336;1.820242;-0.838908;-0.000678;2.850000;0.000000
237.558325;-15.900451;1.953805;-0.840897;-0.019219;2.850000;0.000000
237.758290;-15.751085;2.086766;-0.846597;-0.037791;2.850000;0.000000
237.958255;-15.600770;2.218550;-0.856011;-0.056410;2.850000;0.000000
238.158220;-15.449036;2.348582;-0.869147;-0.075065;2.850000;0.000000
238.358184;-15.295414;2.476286;-0.886006;-0.093713;2.850000;0.000000
238.558149;-15.139434;2.601087;-0.906583;-0.112263;2.850000;0.000000
238.758114;-14.980628;2.722411;-0.930854;-0.130567;2.850000;0.000000
238.958079;-14.818526;2.839681;-0.958773;-0.148411;2.850000;0.000000
239.158044;-14.652667;2.952317;-0.990254;-0.164791;2.850000;0.000000
239.358009;-14.482823;3.059685;-1.024148;-0.172754;2.850000;0.000000
239.557974;-14.309083;3.161241;-1.059818;-0.181923;2.850000;0.000000
239.757939;-14.131723;3.256375;-1.097459;-0.192303;2.850000;0.000000
239.957904;-13.951017;3.344476;-1.137265;-0.203882;2.850000;0.000000
240.157869;-13.767241;3.424933;-1.179428;-0.216614;2.850000;0.000000
240.357834;-13.580672;3.497135;-1.224129;-0.230408;2.850000;0.000000
240.557799;-13.391585;3.560471;-1.271531;-0.245107;2.850000;0.000000
240.757763;-13.200254;3.614331;-1.321772;-0.260468;2.850000;0.000000
240.957728;-13.006957;3.658103;-1.374952;-0.276144;2.850000;0.000000
241.157693;-12.811882;3.691189;-1.431115;-0.288946;2.850000;0.000000
241.357658;-12.614597;3.713267;-1.487124;-0.275119;2.850000;0.000000
241.557623;-12.416278;3.724547;-1.540357;-0.260757;2.850000;0.000000
241.757588;-12.217310;3.725537;-1.590808;-0.246340;2.850000;0.000000
241.957553;-12.018077;3.716744;-1.638526;-0.232250;2.850000;0.000000
242.157518;-11.818964;3.698676;-1.683604;-0.218771;2.850000;0.000000
242.357483;-11.620356;3.671842;-1.726167;-0.206103;2.850000;0.000000
242.557448;-11.422638;3.636748;-1.766362;-0.194377;2.850000;0.000000
242.757413;-11.226194;3.593903;-1.804352;-0.183670;2.850000;0.000000
242.957378;-11.031410;3.543815;-1.840306;-0.174022;2.850000;0.000000
243.157343;-10.838770;3.487022;-1.874375;-0.165178;2.850000;0.000000
243.357307;-10.648960;3.424172;-1.906402;-0.155081;2.850000;0.000000
243.557272;-10.461377;3.355539;-1.936337;-0.144595;2.850000;0.000000
243.757237;-10.275914;3.281544;-1.964143;-0.133872;2.850000;0.000000
243.957202;-10.092464;3.202605;-1.989799;-0.123033;2.850000;0.000000
244.157167;-9.910919;3.119140;-2.013297;-0.112175;2.850000;0.000000
244.357132;-9.731173;3.031568;-2.034644;-0.101366;2.850000;0.000000
244.557097;-9.553118;2.940307;-2.053852;-0.090653;2.850000;0.000000
244.757062;-9.376646;2.845776;-2.070938;-0.080059;2.850000;0.000000
244.957027;-9.201650;2.748393;-2.085921;-0.069591;2.850000;0.000000
245.156992;-9.028050;2.648594;-2.098825;-0.059594;2.850000;0.000000
245.356957;-8.855811;2.546816;-2.109902;-0.051134;2.850000;0.000000
245.556922;-8.684647;2.443297;-2.119283;-0.042654;2.850000;0.000000
245.756886;-8.514385;2.338329;-2.126965;-0.034166;2.850000;0.000000
245.956851;-8.344852;2.232205;-2.132950;-0.025676;2.850000;0.000000
246.156816;-8.175878;2.125219;-2.137236;-0.017186;2.850000;0.000000
246.356781;-8.007288;2.017663;-2.139824;-0.008696;2.850000;0.000000
246.556746;-7.838911;1.909830;-2.140714;-0.000202;2.850000;0.000000
246.756711;-7.670574;1.802014;-2.139904;0.008302;2.850000;0.000000
246.956676;-7.502105;1.694506;-2.137394;0.016819;2.850000;0.000000
247.156641;-7.333263;1.587557;-2.133213;0.023776;2.850000;0.000000
247.356606;-7.163727;1.481267;-2.128349;0.024845;2.850000;0.000000
247.556571;-6.993718;1.375852;-2.123272;0.025911;2.850000;0.000000
247.756536;-6.823208;1.271347;-2.117984;0.026974;2.850000;0.000000
247.956501;-6.652171;1.167784;-2.112485;0.028032;2.850000;0.000000
248.156466;-6.480580;1.065195;-2.106775;0.029086;2.850000;0.000000
248.356430;-6.308411;0.963614;-2.100856;0.030133;2.850000;0.000000
248.556395;-6.135634;0.863074;-2.094728;0.031174;2.850000;0.000000
248.756360;-5.962226;0.763607;-2.088393;0.032207;2.850000;0.000000
248.956325;-5.788159;0.665246;-2.081851;0.033230;2.850000;0.000000
249.156290;-5.613436;0.568040;-2.075106;0.034208;2.850000;0.000000
249.356255;-5.438100;0.472057;-2.068182;0.035080;2.850000;0.000000
249.556220;-5.262060;0.377288;-2.061080;0.035960;2.850000;0.000000
249.756185;-5.085317;0.283772;-2.053801;0.036847;2.850000;0.000000
249.956150;-4.907872;0.191552;-2.046343;0.037743;2.850000;0.000000
250.156115;-4.729723;0.100668;-2.038705;0.038646;2.850000;0.000000
250.356080;-4.550873;0.011161;-2.030885;0.039557;2.850000;0.000000
250.556045;-4.371321;-0.076928;-2.022882;0.040475;2.850000;0.000000
250.756009;-4.191068;-0.163558;-2.014695;0.041400;2.850000;0.000000
250.955974;-4.010114;-0.248687;-2.006323;0.042331;2.850000;0.000000
251.155939;-3.828478;-0.332267;-1.997765;0.043274;2.850000;0.000000
251.355904;-3.646186;-0.414246;-1.989020;0.044230;2.850000;0.000000
251.555869;-3.463182;-0.494607;-1.980084;0.045183;2.850000;0.000000
251.755834;-3.279458;-0.573313;-1.970959;0.046130;2.850000;0.000000
251.955799;-3.095006;-0.650326;-1.961644;0.047072;2.850000;0.000000
252.155764;-2.909815;-0.725609;-1.952140;0.048006;2.850000;0.000000
252.355729;-2.723878;-0.799124;-1.942449;0.048931;2.850000;0.000000
252.555694;-2.537184;-0.870834;-1.932572;0.049847;2.850000;0.000000
252.755659;-2.349726;-0.940701;-1.922509;0.050751;2.850000;0.000000
252.955624;-2.161495;-1.008688;-1.912262;0.051642;2.850000;0.000000
253.155589;-1.972464;-1.074760;-1.901773;0.054422;2.850000;0.000000
253.355553;-1.782610;-1.138793;-1.890178;0.061333;2.850000;0.000000
253.555518;-1.591975;-1.200491;-1.877188;0.068334;2.850000;0.000000
253.755483;-1.400563;-1.259557;-1.862790;0.075435;2.850000;0.000000
253.955448;-1.208381;-1.315696;-1.846968;0.082639;2.850000;0.000000
254.155413;-1.015434;-1.368610;-1.829705;0.089942;2.850000;0.000000
254.355378;-0.821727;-1.418004;-1.810987;0.097334;2.850000;0.000000
254.555343;-0.627266;-1.463581;-1.790802;0.104795;2.850000;0.000000
254.755308;-0.432056;-1.505046;-1.769140;0.112295;2.850000;0.000000
254.955273;-0.236103;-1.542101;-1.745997;0.119796;2.850000;0.000000
255.155238;-0.039172;-1.574490;-1.721437;0.124573;2.850000;0.000000
255.355203;0.158900;-1.602037;-1.696540;0.124425;2.850000;0.000000
255.555168;0.357560;-1.624644;-1.671672;0.124323;2.850000;0.000000
255.755132;0.556698;-1.642304;-1.646823;0.124267;2.850000;0.000000
255.955097;0.756203;-1.655011;-1.621982;0.124257;2.850000;0.000000
256.155062;0.955964;-1.662758;-1.597138;0.124294;2.850000;0.000000
256.355027;1.155870;-1.665540;-1.572281;0.124377;2.850000;0.000000
256.554992;1.355809;-1.663350;-1.547399;0.124505;2.850000;0.000000
256.754957;1.555670;-1.656181;-1.522482;0.124679;2.850000;0.000000
256.954922;1.755343;-1.644027;-1.497519;0.124895;2.850000;0.000000
257.154887;1.954497;-1.626906;-1.472586;0.123775;2.850000;0.000000
257.354852;2.152945;-1.604894;-1.448170;0.120797;2.850000;0.000000
257.554817;2.350898;-1.578089;-1.424332;0.117878;2.850000;0.000000
257.754782;2.548261;-1.546614;-1.401059;0.115031;2.850000;0.000000
257.954747;2.744941;-1.510591;-1.378335;0.112269;2.850000;0.000000
258.154712;2.940843;-1.470145;-1.356146;0.109602;2.850000;0.000000
258.354676;3.135873;-1.425398;-1.334472;0.107041;2.850000;0.000000
258.554641;3.329939;-1.376475;-1.313296;0.104591;2.850000;0.000000
258.754606;3.522945;-1.323497;-1.292597;0.102260;2.850000;0.000000
258.954571;3.714797;-1.266589;-1.272356;0.100053;2.850000;0.000000
259.154536;3.905411;-1.205872;-1.252572;0.097497;2.850000;0.000000
259.354501;4.094740;-1.141472;-1.233384;0.094394;2.850000;0.000000
259.554466;4.282776;-1.073527;-1.214824;0.091262;2.850000;0.000000
259.754431;4.469524;-1.002168;-1.196893;0.088117;2.850000;0.000000
259.954396;4.654987;-0.927531;-1.179591;0.084969;2.850000;0.000000
260.154361;4.839169;-0.849748;-1.162917;0.081829;2.850000;0.000000
260.354326;5.022074;-0.768953;-1.146867;0.078706;2.850000;0.000000
260.554291;5.203707;-0.685280;-1.131438;0.075607;2.850000;0.000000
260.754255;5.384070;-0.598861;-1.116624;0.072538;2.850000;0.000000
260.954220;5.563167;-0.509832;-1.102420;0.069504;2.850000;0.000000
261.154185;5.740867;-0.418401;-1.088944;0.064246;2.850000;0.000000
261.354150;5.917248;-0.324770;-1.076862;0.056756;2.850000;0.000000
261.554115;6.092591;-0.229127;-1.066276;0.049248;2.850000;0.000000
261.754080;6.267038;-0.131734;-1.057187;0.041737;2.850000;0.000000
261.954045;6.440734;-0.032851;-1.049595;0.034234;2.850000;0.000000
262.154010;6.613821;0.067260;-1.043499;0.026745;2.850000;0.000000
262.353975;6.786445;0.168339;-1.038896;0.019274;2.850000;0.000000
262.553940;6.958748;0.270125;-1.035785;0.011820;2.850000;0.000000
262.753905;7.130875;0.372357;-1.034164;0.004382;2.850000;0.000000
262.953870;7.302969;0.474773;-1.034030;-0.003042;2.850000;0.000000
263.153835;7.475095;0.577085;-1.034935;-0.002092;2.850000;0.000000
263.353799;7.647225;0.679315;-1.034525;0.006188;2.850000;0.000000
263.553764;7.819230;0.781758;-1.032457;0.014472;2.850000;0.000000
263.753729;7.990911;0.884684;-1.028730;0.022771;2.850000;0.000000
263.953694;8.162071;0.988361;-1.023341;0.031095;2.850000;0.000000
264.153659;8.332512;1.093057;-1.016286;0.039450;2.850000;0.000000
264.353624;8.502035;1.199041;-1.007561;0.047840;2.850000;0.000000
264.553589;8.670444;1.306581;-0.997160;0.056264;2.850000;0.000000
264.753554;8.837539;1.415946;-0.985081;0.064712;2.850000;0.000000
264.953519;9.003123;1.527403;-0.971320;0.073170;2.850000;0.000000
265.153484;9.167108;1.641275;-0.956408;0.071836;2.850000;0.000000
265.353449;9.329502;1.757517;-0.942990;0.062529;2.850000;0.000000
265.553414;9.490446;1.875788;-0.931434;0.053184;2.850000;0.000000
265.753378;9.650165;1.995792;-0.921744;0.043826;2.850000;0.000000
265.953343;9.808886;2.117236;-0.913920;0.034474;2.850000;0.000000
266.153308;9.966834;2.239824;-0.907961;0.025137;2.850000;0.000000
266.353273;10.124237;2.363260;-0.903865;0.015822;2.850000;0.000000
266.553238;10.281319;2.487251;-0.901629;0.006528;2.850000;0.000000
266.753203;10.438307;2.611501;-0.901251;-0.002745;2.850000;0.000000
266.953168;10.595428;2.735715;-0.902727;-0.011999;2.850000;0.000000
267.153133;10.752881;2.859606;-0.905490;-0.011523;2.850000;0.000000
267.353098;10.910644;2.983163;-0.907056;-0.004114;2.850000;0.000000
267.553063;11.068511;3.106591;-0.907139;0.003290;2.850000;0.000000
267.753028;11.226260;3.230095;-0.905737;0.010706;2.850000;0.000000
267.952993;11.383672;3.353880;-0.902849;0.018148;2.850000;0.000000
268.152957;11.540525;3.478151;-0.898469;0.025632;2.850000;0.000000
268.352922;11.696599;3.603113;-0.892592;0.033171;2.850000;0.000000
268.552887;11.851674;3.728970;-0.885209;0.040774;2.850000;0.000000
268.752852;12.005529;3.855928;-0.876311;0.048449;2.850000;0.000000
268.952817;12.157943;3.984193;-0.865889;0.056200;2.850000;0.000000
269.152782;12.308567;4.113776;-0.855412;0.039899;2.850000;0.000000
269.352747;12.457914;4.244313;-0.850643;0.008162;2.850000;0.000000
269.552712;12.607000;4.375048;-0.852178;-0.023649;2.850000;0.000000
269.752677;12.756741;4.505121;-0.860017;-0.055349;2.850000;0.000000
269.952642;12.908055;4.633673;-0.874129;-0.086713;2.850000;0.000000
270.152607;13.061859;4.759843;-0.894449;-0.117425;2.850000;0.000000
270.352572;13.219069;4.882772;-0.920863;-0.147033;2.850000;0.000000
270.552537;13.380602;5.001600;-0.953184;-0.174926;2.850000;-0.190637
270.752501;13.547376;5.115468;-0.991128;-0.200332;2.836593;-1.347398
270.952466;13.720307;5.223516;-1.034297;-0.222361;2.739962;-1.345641
271.152431;13.901486;5.325524;-1.082195;-0.236748;2.639930;-1.364582
271.352396;14.089908;5.419605;-1.133847;-0.255152;2.534461;-1.349183
271.552361;14.283147;5.503407;-1.190333;-0.282795;2.425679;-1.288205
271.752326;14.479499;5.575009;-1.253240;-0.321077;2.317051;-1.191673
271.952291;14.677256;5.632490;-1.324360;-0.371870;2.211818;-1.056128
272.152256;14.874715;5.673928;-1.405712;-0.437125;2.114181;-0.875495
272.352221;15.070169;5.697404;-1.499464;-0.517934;2.029686;-0.641866
272.552186;15.261913;5.700995;-1.607705;-0.612684;1.965432;-0.349532
272.752151;15.448241;5.682782;-1.731942;-0.714122;1.929543;-0.008298
272.952116;15.627447;5.640843;-1.872279;-0.806491;1.928683;-0.008298
273.152080;15.799305;5.572889;-2.020826;-0.768887;1.927822;0.134142
273.352045;15.961820;5.479993;-2.156523;-0.678888;1.941686;0.432082
273.552010;16.113974;5.364897;-2.277449;-0.589538;1.985686;0.666686
273.751975;16.255256;5.230200;-2.384660;-0.510974;2.051725;0.839624
273.951940;16.385160;5.078502;-2.480089;-0.447072;2.131986;0.957754
274.151905;16.503175;4.912399;-2.565966;-0.398179;2.220000;1.026621
274.351870;16.608792;4.734492;-2.644516;-0.363227;2.310623;1.048828
274.551835;16.701503;4.547379;-2.717843;-0.340954;2.399674;1.023795
274.751800;16.780799;4.353658;-2.787931;-0.330515;2.483522;0.947666
274.951765;16.846170;4.155929;-2.856703;-0.331805;2.558687;0.813108
275.151730;16.896469;3.960856;-2.920753;-0.301852;2.621463;0.910321
275.351695;16.934567;3.764732;-2.977464;-0.264938;2.690006;1.066731
275.551660;16.962166;3.567576;-3.026213;-0.224299;2.768167;1.149578
275.751624;16.980931;3.369518;-3.066634;-0.181854;2.850000;0.000000
275.951589;16.992531;3.170688;-3.098577;-0.138912;2.850000;0.000000
276.151554;16.998633;2.971214;-3.122030;-0.096208;2.850000;0.000000
276.351519;17.000903;2.771227;-3.137042;-0.054022;2.850000;0.000000
276.551484;17.001010;2.570856;3.139504;-0.012327;2.850000;0.000000
276.751449;17.000621;2.370230;3.141187;0.029074;2.850000;0.000000
276.951414;17.001403;2.169479;-3.132013;0.070411;2.850000;0.000000
277.151379;17.004718;1.968110;-3.118565;0.062145;2.850000;0.000000
277.351344;17.010551;1.766834;-3.106979;0.052953;2.850000;0.000000
277.551309;17.018525;1.565767;-3.097241;0.043834;2.850000;0.000000
277.751274;17.028260;1.365010;-3.089344;0.034754;2.850000;0.000000
277.951239;17.039377;1.164665;-3.083280;0.025676;2.850000;0.000000
278.151203;17.051497;0.964834;-3.079052;0.016555;2.850000;0.000000
278.351168;17.064242;0.765618;-3.076664;0.007342;2.850000;0.000000
278.551133;17.077232;0.567120;-3.076131;-0.002015;2.850000;0.000000
278.751098;17.090090;0.369441;-3.077472;-0.011574;2.850000;0.000000
278.951063;17.102434;0.172687;-3.080715;-0.020835;2.850000;0.000000
279.151028;17.114131;-0.022905;-3.082113;0.006694;2.850000;0.000000
279.350993;17.126048;-0.217902;-3.078084;0.034566;2.850000;0.000000
279.550958;17.139274;-0.412723;-3.068631;0.062153;2.850000;0.000000
279.750923;17.154898;-0.607785;-3.053840;0.088787;2.850000;0.000000
279.950888;17.174005;-0.803505;-3.033887;0.113771;2.850000;0.000000
280.150853;17.197686;-1.000303;-3.009045;0.136387;2.850000;0.000000
280.350818;17.227027;-1.198596;-2.979684;0.155942;2.850000;-0.264278
280.550783;17.263116;-1.398803;-2.946273;0.171813;2.831397;-1.638677
280.750747;17.307041;-1.601340;-2.909372;0.183517;2.713200;-1.659917
280.950712;17.359944;-1.806818;-2.869577;0.190881;2.587972;-1.732843
281.150677;17.424242;-2.019460;-2.825804;0.205197;2.450426;-1.779436
281.350642;17.498941;-2.230839;-2.776970;0.232833;2.300638;-1.735401
281.550607;17.583986;-2.436558;-2.720565;0.277210;2.144504;-1.650559
281.750572;17.679319;-2.632218;-2.653397;0.344834;1.984639;-1.520914
281.950537;17.784886;-2.813420;-2.571207;0.446330;1.824974;-1.336465
282.150502;17.900631;-2.975765;-2.468244;0.597192;1.672136;-1.077814
282.350467;18.026498;-3.114855;-2.337074;0.814998;1.537852;-0.707160
282.550432;18.162431;-3.226291;-2.169422;1.103406;1.442974;-0.160532
282.750397;18.308374;-3.305675;-1.959951;1.409320;1.420554;-0.004498
282.950362;18.463043;-3.348465;-1.718514;1.487966;1.419921;-0.004498
283.150326;18.623821;-3.354227;-1.503323;1.171680;1.419287;0.635303
283.350291;18.791810;-3.327514;-1.331933;0.853622;1.506138;1.058538
283.550256;18.965312;-3.272235;-1.200237;0.608000;1.640669;1.357385
283.750221;19.142627;-3.192302;-1.099881;0.436090;1.798514;1.582184
283.950186;19.322057;-3.091625;-1.023080;0.318691;1.966574;1.758862
284.150151;19.501902;-2.974114;-0.963881;0.237657;2.137951;1.903512
284.350116;19.680464;-2.843679;-0.918060;0.180006;2.309136;2.028293
284.550081;19.856044;-2.704232;-0.882732;0.137030;2.478565;2.144482
284.750046;20.026943;-2.559681;-0.856009;0.102718;2.645926;2.265260
284.950011;20.191590;-2.413812;-0.836407;0.083385;2.811916;0.539170
285.149976;20.349231;-2.268844;-0.817869;0.089650;2.850000;0.000000
285.349941;20.500057;-2.124779;-0.798588;0.095090;2.850000;0.000000
285.549906;20.644673;-1.981127;-0.778746;0.099402;2.850000;0.000000
285.749870;20.783684;-1.837394;-0.758554;0.102311;2.850000;0.000000
285.949835;20.917695;-1.693087;-0.738250;0.103593;2.850000;0.000000
286.149800;21.047313;-1.547713;-0.718092;0.103106;2.850000;0.000000
286.349765;21.173141;-1.400780;-0.698339;0.100807;2.850000;0.000000
286.549730;21.295787;-1.251794;-0.679249;0.096760;2.850000;0.000000
286.749695;21.415854;-1.100263;-0.661062;0.091132;2.850000;0.000000
286.949660;21.533945;-0.945698;-0.644034;0.082960;2.850000;0.000000
287.149625;21.650488;-0.787937;-0.628809;0.072426;2.850000;0.000000
287.349590;21.765635;-0.627321;-0.615481;0.062568;2.850000;0.000000
287.549555;21.879515;-0.464235;-0.603968;0.053288;2.850000;0.000000
287.749520;21.992256;-0.299066;-0.594199;0.044487;2.850000;0.000000
287.949485;22.103986;-0.132199;-0.586116;0.036075;2.850000;0.000000
288.149449;22.214835;0.035979;-0.579672;0.027959;2.850000;0.000000
288.349414;22.324931;0.205082;-0.574831;0.020053;2.850000;0.000000
288.549379;22.434403;0.374725;-0.571569;0.012268;2.850000;0.000000
288.749344;22.543379;0.544522;-0.569875;0.004519;2.850000;0.000000
288.949309;22.651999;0.714111;-0.569552;0.002193;2.850000;0.000000
289.149274;22.760265;0.883364;-0.568357;0.009724;2.850000;0.000000
289.349239;22.867957;1.052445;-0.565647;0.017325;2.850000;0.000000
289.549204;22.974862;1.221583;-0.561416;0.024969;2.850000;0.000000
289.749169;23.080767;1.391005;-0.555662;0.032627;2.850000;0.000000
289.949134;23.185458;1.560939;-0.548387;0.040267;2.850000;0.000000
290.149099;23.288723;1.731613;-0.539597;0.047853;2.850000;0.000000
290.349064;23.390347;1.903254;-0.529302;0.055346;2.850000;0.000000
290.549029;23.490119;2.076090;-0.517520;0.062701;2.850000;0.000000
290.748993;23.587825;2.250349;-0.504274;0.069871;2.850000;0.000000
290.948958;23.683296;2.426344;-0.489516;0.078575;2.850000;0.000000
291.148923;23.776201;2.604257;-0.472587;0.090170;2.850000;0.000000
291.348888;23.865930;2.783944;-0.453284;0.102107;2.850000;0.000000
291.548853;23.951934;2.965392;-0.431549;0.114441;2.850000;0.000000
291.748818;24.033666;3.148586;-0.407319;0.127206;2.850000;0.000000
291.948783;24.110577;3.333511;-0.380527;0.140407;2.850000;0.000000
292.148748;24.182121;3.520154;-0.351107;0.154011;2.850000;0.000000
292.348713;24.247749;3.708501;-0.319004;0.167945;2.850000;0.000000
292.548678;24.306914;3.898537;-0.284171;0.182081;2.850000;0.000000
292.748643;24.359067;4.090248;-0.246586;0.196234;2.850000;0.000000
292.948608;24.403697;4.283729;-0.206688;0.199523;2.850000;0.000000
293.148572;24.440677;4.478924;-0.168139;0.188458;2.850000;0.000000
293.348537;24.470343;4.675509;-0.131797;0.177080;2.850000;0.000000
293.548502;24.493100;4.873297;-0.097684;0.165590;2.850000;0.000000
293.748467;24.509348;5.072102;-0.065796;0.154150;2.850000;0.000000
293.948432;24.519492;5.271737;-0.036112;0.142880;2.850000;0.000000
294.148397;24.523933;5.472016;-0.008596;0.131868;2.850000;0.000000
294.348362;24.523074;5.672752;0.016796;0.121169;2.850000;0.000000
294.548327;24.517318;5.873758;0.040114;0.110810;2.850000;0.000000
294.748292;24.507067;6.074849;0.061412;0.100796;2.850000;0.000000
294.948257;24.492702;6.275888;0.081289;0.102068;2.850000;0.000000
295.148222;24.474181;6.476618;0.103173;0.115137;2.850000;0.000000
295.348187;24.451031;6.676650;0.127718;0.128735;2.850000;0.000000
295.548152;24.422759;6.875650;0.155007;0.142887;2.850000;0.000000
295.748116;24.388871;7.073282;0.185123;0.157578;2.850000;0.000000
295.948081;24.348873;7.269211;0.218144;0.172746;2.850000;0.000000
296.148046;24.302270;7.463103;0.254136;0.188265;2.850000;0.000000
296.348011;24.248568;7.654621;0.293143;0.203936;2.850000;0.000000
296.547976;24.187273;7.843432;0.335177;0.219482;2.850000;0.000000
296.747941;24.117892;8.029199;0.380208;0.234535;2.850000;0.000000
296.947906;24.040217;8.211060;0.426822;0.226999;2.850000;0.000000
297.147871;23.954533;8.389162;0.469154;0.201297;2.850000;0.000000
297.347836;23.861536;8.564248;0.506507;0.175556;2.850000;0.000000
297.547801;23.762123;8.736623;0.538910;0.150224;2.850000;0.000000
297.747766;23.657191;8.906592;0.566440;0.125547;2.850000;0.000000
297.947731;23.547637;9.074460;0.589194;0.101609;2.850000;0.000000
298.147695;23.434357;9.240531;0.607273;0.078369;2.850000;0.000000
298.347660;23.318247;9.405111;0.620766;0.055692;2.850000;0.000000
298.547625;23.200206;9.568504;0.629739;0.033382;2.850000;0.000000
298.747590;23.081129;9.731016;0.634230;0.011194;2.850000;0.000000
298.947555;22.961781;9.893087;0.634908;0.000691;2.850000;0.000000
299.147520;22.842596;10.054870;0.634911;-0.000670;2.850000;0.000000
299.347485;22.723676;10.216339;0.634639;-0.002044;2.850000;0.000000
299.547450;22.605027;10.377578;0.634091;-0.003428;2.850000;0.000000
299.747415;22.486656;10.538671;0.633267;-0.004817;2.850000;0.000000
299.947380;22.368570;10.699701;0.632166;-0.006208;2.850000;0.000000
300.147345;22.250774;10.860753;0.630789;-0.007596;2.850000;0.000000
300.347310;22.133275;11.021911;0.629136;-0.008977;2.850000;0.000000
300.547275;22.016080;11.183257;0.627209;-0.010347;2.850000;0.000000
300.747239;21.899196;11.344877;0.625010;-0.011703;2.850000;0.000000
300.947204;21.782615;11.506864;0.622640;-0.011346;2.850000;0.000000
301.147169;21.666323;11.669224;0.620529;-0.009794;2.850000;0.000000
301.347134;21.550287;11.831897;0.618726;-0.008250;2.850000;0.000000
301.547099;21.434467;11.994835;0.617231;-0.006713;2.850000;0.000000
301.747064;21.318823;12.157989;0.616042;-0.005180;2.850000;0.000000
301.947029;21.203315;12.321309;0.615158;-0.003651;2.850000;0.000000
302.146994;21.087903;12.484746;0.614581;-0.002125;2.850000;0.000000
302.346959;20.972547;12.648251;0.614308;-0.000600;2.850000;0.000000
302.546924;20.857208;12.811776;0.614340;0.000924;2.850000;0.000000
302.746889;20.741844;12.975270;0.614678;0.002449;2.850000;0.000000
302.946854;20.626423;13.138681;0.615249;0.002811;2.850000;0.000000
303.146818;20.510931;13.301998;0.615774;0.002436;2.850000;0.000000
303.346783;20.395375;13.465237;0.616224;0.002060;2.850000;0.000000
303.546748;20.279765;13.628409;0.616598;0.001684;2.850000;0.000000
303.746713;20.164111;13.791528;0.616897;0.001307;2.850000;0.000000
303.946678;20.048422;13.954605;0.617121;0.000931;2.850000;0.000000
304.146643;19.932708;14.117653;0.617269;0.000554;2.850000;0.000000
304.346608;19.816979;14.280684;0.617342;0.000177;2.850000;0.000000
304.546573;19.701244;14.443711;0.617340;-0.000201;2.850000;0.000000
304.746538;19.585514;14.606745;0.617262;-0.000578;2.850000;0.000000
304.946503;19.469799;14.769796;0.617131;-0.000598;2.850000;0.000000
305.146468;19.354099;14.932868;0.617030;-0.000414;2.850000;0.000000
305.346433;19.238407;15.095955;0.616966;-0.000231;2.850000;0.000000
305.546398;19.122720;15.259053;0.616938;-0.000048;2.850000;0.000000
305.746362;19.007031;15.422157;0.616947;0.000135;2.850000;0.000000
305.946327;18.891335;15.585260;0.616992;0.000319;2.850000;0.000000
306.146292;18.775628;15.748359;0.617074;0.000502;2.850000;0.000000
306.346257;18.659903;15.911447;0.617193;0.000685;2.850000;0.000000
306.546222;18.544155;16.074519;0.617348;0.000868;2.850000;0.000000
306.746187;18.428380;16.237570;0.617540;0.001051;2.850000;0.000000
306.946152;18.312571;16.400599;0.617751;0.000971;2.850000;0.000000
307.146117;18.196730;16.563605;0.617924;0.000755;2.850000;0.000000
307.346082;18.080866;16.726591;0.618053;0.000540;2.850000;0.000000
307.546047;17.964986;16.889562;0.618139;0.000324;2.850000;0.000000
307.746012;17.849097;17.052524;0.618183;0.000109;2.850000;0.000000
307.945977;17.733206;17.215481;0.618183;-0.000107;2.850000;0.000000
308.145941;17.617320;17.378439;0.618140;-0.000322;2.850000;0.000000
308.345906;17.501446;17.541402;0.618054;-0.000538;2.850000;0.000000
308.545871;17.385591;17.704375;0.617925;-0.000753;2.850000;0.000000
308.745836;17.269762;17.867364;0.617753;-0.000969;2.850000;0.000000
308.945801;17.153957;18.030383;0.617577;-0.000608;2.850000;0.000000
309.145766;17.038169;18.193419;0.617518;0.000016;2.850000;0.000000
309.345731;16.922381;18.356454;0.617583;0.000639;2.850000;0.000000
309.545696;16.806574;18.519472;0.617774;0.001263;2.850000;0.000000
309.745661;16.690726;18.682460;0.618089;0.001886;2.850000;0.000000
309.945626;16.574818;18.845403;0.618528;0.002510;2.850000;0.000000
310.145591;16.458828;19.008288;0.619092;0.003134;2.850000;0.000000
310.345556;16.342736;19.171099;0.619781;0.003757;2.850000;0.000000
310.545521;16.226522;19.333824;0.620595;0.004381;2.850000;0.000000
310.745485;16.110165;19.496447;0.621533;0.005004;2.850000;0.000000
310.945450;15.993638;19.658977;0.622423;0.003203;2.850000;0.000000
311.145415;15.877003;19.821441;0.622786;0.000426;2.850000;0.000000
311.345380;15.760355;19.983892;0.622594;-0.002351;2.850000;0.000000
311.545345;15.643787;20.146393;0.621846;-0.005129;2.850000;0.000000
311.745310;15.527391;20.309007;0.620542;-0.007907;2.850000;0.000000
311.945275;15.411257;20.471797;0.618683;-0.010686;2.850000;0.000000
312.145240;15.295479;20.634825;0.616269;-0.013467;2.850000;0.000000
312.345205;15.180147;20.798153;0.613298;-0.016248;2.850000;0.000000
312.545170;15.065354;20.961846;0.609771;-0.019030;2.850000;0.000000
312.745135;14.951191;21.125964;0.605689;-0.021813;2.850000;0.000000
312.945100;14.837707;21.290598;0.601447;-0.019218;2.850000;0.000000
313.145064;14.724850;21.455676;0.598052;-0.014741;2.850000;0.000000
313.345029;14.612481;21.621084;0.595552;-0.010263;2.850000;0.000000
313.544994;14.500453;21.786722;0.593947;-0.005785;2.850000;0.000000
313.744959;14.388616;21.952489;0.593238;-0.001307;2.850000;0.000000
313.944924;14.276823;22.118284;0.593425;0.003171;2.850000;0.000000
314.144889;14.164926;22.284008;0.594506;0.007649;2.850000;0.000000
314.344854;14.052776;22.449559;0.596484;0.012127;2.850000;0.000000
314.544819;13.940225;22.614836;0.599356;0.016605;2.850000;0.000000
314.744784;13.827126;22.779741;0.603124;0.021082;2.850000;0.000000
314.944749;13.713367;22.944156;0.607355;0.019956;2.850000;0.000000
315.144714;13.598954;23.108114;0.611066;0.017174;2.850000;0.000000
315.344679;13.483973;23.271687;0.614222;0.014392;2.850000;0.000000
315.544644;13.368516;23.434938;0.616821;0.011610;2.850000;0.000000
315.744608;13.252675;23.597928;0.618865;0.008830;2.850000;0.000000
315.944573;13.136540;23.760722;0.620353;0.006051;2.850000;0.000000
316.144538;13.020203;23.923381;0.621285;0.003272;2.850000;0.000000
316.344503;12.903757;24.085969;0.621662;0.000494;2.850000;0.000000
316.544468;12.787292;24.248548;0.621483;-0.002284;2.850000;0.000000
316.744433;12.670901;24.411182;0.620748;-0.005061;2.850000;0.000000
316.944398;12.554675;24.573910;0.619699;-0.004833;2.850000;0.000000
317.144363;12.438610;24.736746;0.618830;-0.003856;2.850000;0.000000
317.344328;12.322670;24.899671;0.618157;-0.002879;2.850000;0.000000
317.544293;12.206825;25.062662;0.617679;-0.001902;2.850000;0.000000
317.744258;12.091042;25.225697;0.617396;-0.000925;2.850000;0.000000
317.944223;11.975289;25.388753;0.617309;0.000052;2.850000;0.000000
318.144187;11.859535;25.551807;0.617417;0.001029;2.850000;0.000000
318.344152;11.743748;25.714837;0.617721;0.002006;2.850000;0.000000
318.544117;11.627895;25.877820;0.618220;0.002984;2.850000;0.000000
318.744082;11.511946;26.040734;0.618914;0.003961;2.850000;0.000000
318.944047;11.395881;26.203552;0.619646;0.003037;2.850000;0.000000
319.144012;11.279718;26.366298;0.620122;0.001719;2.850000;0.000000
319.343977;11.163499;26.529005;0.620334;0.000400;2.850000;0.000000
319.543942;11.047265;26.691706;0.620282;-0.000918;2.850000;0.000000
319.743907;10.931058;26.854430;0.619966;-0.002236;2.850000;0.000000
319.943872;10.814922;27.017210;0.619387;-0.003554;2.850000;0.000000
320.143837;10.698899;27.180077;0.618545;-0.004872;2.850000;0.000000
320.343802;10.583030;27.343062;0.617439;-0.006189;2.850000;0.000000
320.543766;10.467359;27.506197;0.616070;-0.007506;2.850000;0.000000
320.743731;10.351927;27.669513;0.614437;-0.008823;2.850000;0.000000
320.943696;10.236774;27.833009;0.612917;-0.005738;2.850000;0.000000
321.143661;10.121805;27.996641;0.612153;-0.001908;2.850000;0.000000
321.343626;10.006898;28.160319;0.612154;0.001922;2.850000;0.000000
321.543591;9.891927;28.323954;0.612921;0.005751;2.850000;0.000000
321.743556;9.776771;28.487452;0.614455;0.009582;2.850000;0.000000
321.943521;9.661307;28.650722;0.616754;0.013414;2.850000;0.000000
322.143486;9.545411;28.813672;0.619819;0.017248;2.850000;0.000000
322.343451;9.428962;28.976212;0.623651;0.021083;2.850000;0.000000
322.543416;9.311836;29.138249;0.628250;0.024920;2.850000;0.000000
322.743381;9.193911;29.299692;0.633616;0.028757;2.850000;0.000000
322.943346;9.075059;29.460501;0.639274;0.027184;2.850000;0.000000
323.143310;8.955333;29.620664;0.644479;0.024877;2.850000;0.000000
323.343275;8.834812;29.780230;0.649223;0.022570;2.850000;0.000000
323.543240;8.713570;29.939252;0.653506;0.020263;2.850000;0.000000
323.743205;8.591684;30.097783;0.657327;0.017956;2.850000;0.000000
323.943170;8.469230;30.255875;0.660687;0.015651;2.850000;0.000000
324.143135;8.346282;30.413583;0.663586;0.013346;2.850000;0.000000
324.343100;8.222916;30.570958;0.666025;0.011042;2.850000;0.000000
324.543065;8.099207;30.728055;0.668002;0.008738;2.850000;0.000000
324.743030;7.975232;30.884926;0.669519;0.006435;2.850000;0.000000
324.942995;7.851029;31.041648;0.670798;0.006579;2.850000;0.000000
325.142960;7.726626;31.198199;0.672153;0.006969;2.850000;0.000000
325.342925;7.602011;31.354569;0.673585;0.007359;2.850000;0.000000
325.542889;7.477169;31.510752;0.675095;0.007748;2.850000;0.000000
325.742854;7.352086;31.666740;0.676683;0.008137;2.850000;0.000000
325.942819;7.226747;31.822528;0.678349;0.008525;2.850000;0.000000
326.142784;7.101138;31.978108;0.680093;0.008912;2.850000;0.000000
326.342749;6.975243;32.133473;0.681913;0.009298;2.850000;0.000000
326.542714;6.849050;32.288617;0.683811;0.009683;2.850000;0.000000
326.742679;6.722543;32.443533;0.685787;0.010068;2.850000;0.000000
326.942644;6.595766;32.598146;0.687800;0.010045;2.850000;0.000000
327.142609;6.468668;32.752517;0.689804;0.009998;2.850000;0.000000
327.342574;6.341253;32.906645;0.691799;0.009952;2.850000;0.000000
327.542539;6.213525;33.060527;0.693784;0.009907;2.850000;0.000000
327.742504;6.085490;33.214158;0.695761;0.009863;2.850000;0.000000
327.942469;5.957153;33.367535;0.697729;0.009821;2.850000;0.000000
328.142433;5.828520;33.520654;0.699689;0.009780;2.850000;0.000000
328.342398;5.699597;33.673510;0.701641;0.009739;2.850000;0.000000
328.542363;5.570388;33.826101;0.703584;0.009700;2.850000;0.000000
328.742328;5.440901;33.978421;0.705520;0.009662;2.850000;0.000000
328.942293;5.311054;34.130570;0.707422;0.009353;2.850000;0.000000
329.142258;5.180937;34.282459;0.709261;0.009032;2.850000;0.000000
329.342223;5.050560;34.434096;0.711035;0.008711;2.850000;0.000000
329.542188;4.919930;34.585493;0.712745;0.008389;2.850000;0.000000
329.742153;4.789054;34.736662;0.714390;0.008065;2.850000;0.000000
329.942118;4.657940;34.887613;0.715970;0.007741;2.850000;0.000000
330.142083;4.526595;35.038359;0.717485;0.007417;2.850000;0.000000
330.342048;4.395025;35.188911;0.718936;0.007091;2.850000;0.000000
330.542012;4.263238;35.339280;0.720321;0.006765;2.850000;0.000000
330.741977;4.131241;35.489479;0.721641;0.006439;2.850000;0.000000
330.941942;3.999131;35.639432;0.722751;0.004661;2.850000;0.000000
331.141907;3.866869;35.789275;0.723504;0.002880;2.850000;0.000000
331.341872;3.734508;35.939057;0.723902;0.001099;2.850000;0.000000
331.541837;3.602097;36.088828;0.723944;-0.000681;2.850000;0.000000
331.741802;3.469689;36.238638;0.723630;-0.002459;2.850000;0.000000
331.941767;3.337334;36.388535;0.722960;-0.004236;2.850000;0.000000
332.141732;3.205084;36.538570;0.721936;-0.006011;2.850000;0.000000
332.341697;3.072991;36.688791;0.720556;-0.007784;2.850000;0.000000
332.541662;2.941104;36.839249;0.718821;-0.009555;2.850000;0.000000
332.741627;2.809477;36.989991;0.716732;-0.011182;2.850000;0.000000
332.941592;2.678142;37.141021;0.714931;-0.006818;2.850000;0.000000
333.141556;2.546998;37.292249;0.714003;-0.002460;2.850000;0.000000
333.341521;2.415929;37.443540;0.713946;0.001896;2.850000;0.000000
333.541486;2.284820;37.594762;0.714762;0.006257;2.850000;0.000000
333.741451;2.153555;37.745781;0.716451;0.010626;2.850000;0.000000
333.941416;2.022019;37.896463;0.719014;0.015009;2.850000;0.000000
334.141381;1.890097;38.046676;0.722454;0.019409;2.850000;0.000000
334.341346;1.757672;38.196285;0.726773;0.023831;2.850000;0.000000
334.541311;1.624630;38.345159;0.731975;0.028277;2.850000;0.000000
334.741276;1.490855;38.493163;0.738058;0.031954;2.850000;0.000000
334.941241;1.356298;38.640278;0.743227;0.019887;2.850000;0.000000
335.141206;1.221216;38.786798;0.745983;0.007762;2.850000;0.000000
335.341171;1.085909;38.933105;0.746320;-0.004376;2.850000;0.000000
335.541135;0.950681;39.079584;0.744240;-0.016486;2.850000;0.000000
335.741100;0.815834;39.226618;0.739748;-0.028523;2.850000;0.000000
335.941065;0.681669;39.374589;0.732858;-0.040442;2.850000;0.000000
336.141030;0.548490;39.523880;0.723588;-0.052190;2.850000;0.000000
336.340995;0.416598;39.674876;0.711966;-0.063705;2.850000;0.000000
336.540960;0.286296;39.827959;0.698026;-0.074915;2.850000;0.000000
336.740925;0.157917;39.983473;0.681853;-0.081272;2.850000;0.000000
336.940890;0.031799;40.140940;0.670379;-0.032699;2.850000;0.000000
337.140855;-0.093507;40.299530;0.668610;0.015150;2.850000;0.000000
337.340820;-0.219253;40.457679;0.676514;0.063216;2.850000;0.000000
337.540785;-0.346691;40.613821;0.694183;0.112387;2.850000;-0.788024
337.740750;-0.477072;40.766389;0.721811;0.163312;2.794163;-1.454039
337.940715;-0.611649;40.913818;0.759655;0.216180;2.688091;-1.189721
338.140679;-0.751673;41.054543;0.807942;0.270419;2.598081;-0.947672
338.340644;-0.898395;41.186999;0.866757;0.324366;2.524089;-0.734572
338.540609;-1.053069;41.309618;0.935879;0.375003;2.465207;-0.593620
338.740574;-1.217427;41.421136;1.014811;0.414293;2.416576;-0.564461
338.940539;-1.398652;41.523302;1.099767;0.404539;2.369408;-0.723144
339.140504;-1.588435;41.610062;1.184387;0.408510;2.307572;-0.827664
339.340469;-1.784233;41.680079;1.270956;0.426205;2.234700;-0.882557
339.540434;-1.983505;41.732018;1.361796;0.458277;2.154280;-0.830741
339.740399;-2.183708;41.764541;1.459313;0.505693;2.075737;-0.721514
339.940364;-2.382300;41.776311;1.565981;0.569000;2.005026;-0.550379
340.140329;-2.576739;41.765992;1.684187;0.646865;1.949363;-0.311552
340.340294;-2.764482;41.732247;1.815863;0.733699;1.917137;-0.008192
340.540258;-2.942989;41.673738;1.961818;0.816962;1.916283;-0.008192
340.740223;-3.106750;41.591039;2.114789;0.804962;1.915428;0.038520
340.940188;-3.255158;41.486535;2.250129;0.682960;1.919445;0.475572
341.140153;-3.392627;41.361287;2.365411;0.558026;1.968366;0.829304
341.340118;-3.519945;41.217986;2.461390;0.446499;2.050885;1.112585
341.540083;-3.637902;41.059324;2.540147;0.353619;2.156637;1.344914
341.740048;-3.747285;40.887993;2.604098;0.278548;2.277928;1.543054
341.940013;-3.848882;40.706685;2.655473;0.218104;2.409578;1.720719
342.139978;-3.943483;40.518092;2.696104;0.168648;2.548379;1.890271
342.339943;-4.031875;40.324904;2.727378;0.126760;2.692622;2.064786
342.539908;-4.114847;40.129815;2.750235;0.089319;2.841827;0.116319
342.739873;-4.193321;39.935115;2.765902;0.067421;2.850000;0.000000
342.939838;-4.267967;39.742046;2.779194;0.060792;2.850000;0.000000
343.139802;-4.339176;39.550809;2.790829;0.053044;2.850000;0.000000
343.339767;-4.407495;39.361120;2.800658;0.044284;2.850000;0.000000
343.539732;-4.473475;39.172697;2.808552;0.034652;2.850000;0.000000
343.739697;-4.537665;38.985260;2.814405;0.024318;2.850000;0.000000
343.939662;-4.600615;38.798525;2.818136;0.013477;2.850000;0.000000
344.139627;-4.662874;38.612212;2.819693;0.002341;2.850000;0.000000
344.339592;-4.724991;38.426038;2.819052;-0.008866;2.850000;0.000000
344.539557;-4.787516;38.239722;2.816219;-0.019918;2.850000;0.000000
344.739522;-4.850966;38.053073;2.811253;-0.030181;2.850000;0.000000
344.939487;-4.915779;37.866079;2.804323;-0.039820;2.850000;0.000000
345.139452;-4.982315;37.678902;2.795462;-0.049374;2.850000;0.000000
345.339417;-5.050904;37.491796;2.784674;-0.058887;2.850000;0.000000
345.539381;-5.121876;37.305014;2.771958;-0.068392;2.850000;0.000000
345.739346;-5.195558;37.118809;2.757309;-0.077912;2.850000;0.000000
345.939311;-5.272282;36.933435;2.740721;-0.087458;2.850000;0.000000
346.139276;-5.352375;36.749145;2.722185;-0.097028;2.850000;0.000000
346.339241;-5.436169;36.566192;2.701696;-0.106605;2.850000;0.000000
346.539206;-5.523991;36.384830;2.679251;-0.116155;2.850000;0.000000
346.739171;-5.616488;36.204738;2.654476;-0.131151;2.850000;0.000000
346.939136;-5.714059;36.026613;2.625746;-0.152000;2.850000;0.000000
347.139101;-5.816892;35.851906;2.592691;-0.174372;2.850000;0.000000
347.339066;-5.925439;35.681551;2.555067;-0.198428;2.850000;0.000000
347.539031;-6.040151;35.516482;2.512618;-0.224191;2.850000;0.000000
347.738996;-6.161481;35.357633;2.465098;-0.251493;2.850000;0.000000
347.938961;-6.289881;35.205938;2.412303;-0.279902;2.850000;0.000000
348.138925;-6.425803;35.062332;2.354107;-0.308641;2.850000;0.000000
348.338890;-6.569698;34.927747;2.290514;-0.336535;2.850000;0.000000
348.538855;-6.722020;34.803120;2.221705;-0.362012;2.850000;0.000000
348.738820;-6.881822;34.690211;2.150426;-0.355096;2.850000;0.000000
348.938785;-7.049093;34.588644;2.083386;-0.330018;2.850000;0.000000
349.138750;-7.223720;34.497533;2.020783;-0.305786;2.850000;0.000000
349.338715;-7.404803;34.416575;1.962399;-0.283154;2.850000;0.000000
349.538680;-7.591442;34.345464;1.907932;-0.262581;2.850000;0.000000
349.738645;-7.782739;34.283895;1.857035;-0.244305;2.850000;0.000000
349.938610;-7.977793;34.231563;1.809339;-0.228417;2.850000;0.000000
350.138575;-8.175706;34.188162;1.764462;-0.214917;2.850000;0.000000
350.338540;-8.375577;34.153388;1.722029;-0.203762;2.850000;0.000000
350.538504;-8.576507;34.126934;1.681667;-0.194900;2.850000;0.000000
350.738469;-8.778485;34.108451;1.642389;-0.195889;2.850000;0.000000
350.938434;-8.980713;34.098023;1.601993;-0.203128;2.850000;0.000000
351.138399;-9.182265;34.095913;1.560291;-0.210676;2.850000;0.000000
351.338364;-9.382855;34.102315;1.517231;-0.218436;2.850000;0.000000
351.538329;-9.582196;34.117426;1.472775;-0.226287;2.850000;0.000000
351.738294;-9.780000;34.141443;1.426904;-0.234083;2.850000;0.000000
351.938259;-9.975980;34.174563;1.379616;-0.241650;2.850000;0.000000
352.138224;-10.169849;34.216980;1.330937;-0.248792;2.850000;0.000000
352.338189;-10.361320;34.268893;1.280918;-0.255292;2.850000;0.000000
352.538154;-10.550106;34.330497;1.229640;-0.260923;2.850000;0.000000
352.738119;-10.735676;34.401877;1.177556;-0.261199;2.850000;0.000000
352.938084;-10.917651;34.482967;1.125687;-0.259678;2.850000;0.000000
353.138048;-11.095570;34.573572;1.073873;-0.259510;2.850000;0.000000
353.338013;-11.268820;34.673437;1.021879;-0.260656;2.850000;0.000000
353.537978;-11.436793;34.782310;0.969477;-0.263068;2.850000;0.000000
353.737943;-11.598878;34.899937;0.916444;-0.266679;2.850000;0.000000
353.937908;-11.754463;35.026064;0.862570;-0.271405;2.850000;0.000000
354.137873;-11.902938;35.160439;0.807655;-0.277133;2.850000;0.000000
354.337838;-12.043692;35.302807;0.751519;-0.283719;2.850000;0.000000
354.537803;-12.176115;35.452916;0.694002;-0.290972;2.850000;0.000000
354.737768;-12.299806;35.610765;0.635320;-0.291679;2.850000;0.000000
354.937733;-12.414185;35.775776;0.577000;-0.289414;2.850000;0.000000
355.137698;-12.518767;35.947126;0.519003;-0.288576;2.850000;0.000000
355.337663;-12.613196;36.124144;0.461060;-0.289199;2.850000;0.000000
355.537627;-12.697115;36.306157;0.402903;-0.291289;2.850000;0.000000
355.737592;-12.770170;36.492494;0.344264;-0.294824;2.850000;0.000000
355.937557;-12.832006;36.682483;0.284881;-0.299751;2.850000;0.000000
356.137522;-12.882265;36.875452;0.224499;-0.305978;2.850000;0.000000
356.337487;-12.920594;37.070730;0.162882;-0.313363;2.850000;0.000000
356.537452;-12.946636;37.267645;0.099814;-0.321706;2.850000;0.000000
356.737417;-12.960081;37.465388;0.036318;-0.312979;2.850000;0.000000
356.937382;-12.961252;37.663535;-0.023890;-0.294495;2.850000;0.000000
357.137347;-12.950836;37.861765;-0.080480;-0.275590;2.850000;0.000000
357.337312;-12.929520;38.059681;-0.133479;-0.256936;2.850000;0.000000
357.537277;-12.897991;38.256891;-0.182992;-0.239026;2.850000;0.000000
357.737242;-12.856936;38.453000;-0.229181;-0.222192;2.850000;0.000000
357.937207;-12.807042;38.647613;-0.272238;-0.206635;2.850000;0.000000
358.137171;-12.748996;38.840336;-0.312380;-0.192457;2.850000;0.000000
358.337136;-12.683485;39.030774;-0.349832;-0.179689;2.850000;0.000000
358.537101;-12.611196;39.218533;-0.384820;-0.168318;2.850000;0.000000
358.737066;-12.532736;39.403391;-0.417657;-0.159032;2.850000;0.000000
358.937031;-12.448617;39.585230;-0.448602;-0.149767;2.850000;0.000000
359.136996;-12.359243;39.764151;-0.477592;-0.140050;2.850000;0.000000
359.336961;-12.264992;39.940324;-0.504577;-0.130021;2.850000;0.000000
359.536926;-12.166240;40.113913;-0.529526;-0.119800;2.850000;0.000000
359.736891;-12.063366;40.285089;-0.552422;-0.109481;2.850000;0.000000
359.936856;-11.956746;40.454016;-0.573260;-0.099139;2.850000;0.000000
360.136821;-11.846758;40.620864;-0.592040;-0.088826;2.850000;0.000000
360.336786;-11.733780;40.785800;-0.608773;-0.078576;2.850000;0.000000
360.536750;-11.618189;40.948990;-0.623468;-0.068406;2.850000;0.000000
360.736715;-11.500461;41.110462;-0.636208;-0.059385;2.850000;0.000000
360.936680;-11.380844;41.270500;-0.647211;-0.050750;2.850000;0.000000
361.136645;-11.259580;41.429356;-0.656490;-0.042117;2.850000;0.000000
361.336610;-11.136948;41.587232;-0.664048;-0.033497;2.850000;0.000000
361.536575;-11.013225;41.744328;-0.669885;-0.024893;2.850000;0.000000
361.736540;-10.888691;41.900845;-0.674005;-0.016306;2.850000;0.000000
361.936505;-10.763624;42.056983;-0.676410;-0.007732;2.850000;0.000000
362.136470;-10.638302;42.212945;-0.677099;0.000836;2.850000;0.000000
362.336435;-10.513005;42.368929;-0.676075;0.009403;2.850000;0.000000
362.536400;-10.388011;42.525137;-0.673337;0.017976;2.850000;0.000000
362.736365;-10.263542;42.681769;-0.669753;0.015127;2.850000;0.000000
362.936330;-10.139560;42.838761;-0.667370;0.008699;2.850000;0.000000
363.136294;-10.015868;42.995946;-0.666273;0.002267;2.850000;0.000000
363.336259;-9.892263;43.153166;-0.666463;-0.004169;2.850000;0.000000
363.536224;-9.768543;43.310264;-0.667941;-0.010610;2.850000;0.000000
363.736189;-9.644504;43.467081;-0.670706;-0.017053;2.850000;0.000000
363.936154;-9.519944;43.623458;-0.674760;-0.023499;2.850000;0.000000
364.136119;-9.394660;43.779237;-0.680101;-0.029943;2.850000;0.000000
364.336084;-9.268448;43.934260;-0.686731;-0.036382;2.850000;0.000000
364.536049;-9.141106;44.088369;-0.694647;-0.042809;2.850000;0.000000
364.736014;-9.012500;44.241375;-0.703199;-0.041063;2.850000;0.000000
364.935979;-8.882630;44.393336;-0.711018;-0.037169;2.850000;0.000000
365.135944;-8.751611;44.544355;-0.718061;-0.033281;2.850000;0.000000
365.335909;-8.619567;44.694524;-0.724328;-0.029401;2.850000;0.000000
365.535873;-8.486625;44.843935;-0.729821;-0.025530;2.850000;0.000000
365.735838;-8.352909;44.992679;-0.734540;-0.021666;2.850000;0.000000
365.935803;-8.218545;45.140847;-0.738488;-0.017809;2.850000;0.000000
366.135768;-8.083658;45.288531;-0.741665;-0.013956;2.850000;0.000000
366.335733;-7.948375;45.435821;-0.744071;-0.010106;2.850000;0.000000
366.535698;-7.812819;45.582811;-0.745707;-0.006255;2.850000;0.000000
366.735663;-7.676952;45.729724;-0.747137;-0.009302;2.850000;0.000000
366.935628;-7.540818;45.876376;-0.749458;-0.013905;2.850000;0.000000
367.135593;-7.404314;46.022609;-0.752701;-0.018513;2.850000;0.000000
367.335558;-7.267305;46.168297;-0.756864;-0.023126;2.850000;0.000000
367.535523;-7.129655;46.313317;-0.761949;-0.027741;2.850000;0.000000
367.735488;-6.991229;46.457545;-0.767956;-0.032355;2.850000;0.000000
367.935452;-6.851891;46.600856;-0.774884;-0.036966;2.850000;0.000000
368.135417;-6.711505;46.743125;-0.782733;-0.041567;2.850000;0.000000
368.335382;-6.569937;46.884230;-0.791500;-0.046152;2.850000;0.000000
368.535347;-6.427050;47.024045;-0.801183;-0.050713;2.850000;0.000000
368.735312;-6.282879;47.162336;-0.811104;-0.047486;2.850000;0.000000
368.935277;-6.137377;47.299278;-0.820139;-0.042947;2.850000;0.000000
369.135242;-5.990655;47.435012;-0.828270;-0.038421;2.850000;0.000000
369.335207;-5.842848;47.569657;-0.835501;-0.033910;2.850000;0.000000
369.535172;-5.694091;47.703334;-0.841833;-0.029414;2.850000;0.000000
369.735137;-5.544519;47.836161;-0.847268;-0.024932;2.850000;0.000000
369.935102;-5.394268;47.968256;-0.851809;-0.020462;2.850000;0.000000
370.135067;-5.243471;48.099741;-0.855456;-0.016001;2.850000;0.000000
370.335032;-5.092264;48.230733;-0.858212;-0.011546;2.850000;0.000000
370.534996;-4.940783;48.361352;-0.860076;-0.007092;2.850000;0.000000
370.734961;-4.789005;48.491800;-0.861712;-0.010153;2.850000;0.000000
370.934926;-4.636991;48.621915;-0.864151;-0.014230;2.850000;0.000000
371.134891;-4.484650;48.751560;-0.867406;-0.018313;2.850000;0.000000
371.334856;-4.331875;48.880613;-0.871477;-0.022398;2.850000;0.000000
371.534821;-4.178557;49.008951;-0.876364;-0.026485;2.850000;0.000000
371.734786;-4.024590;49.136454;-0.882067;-0.030571;2.850000;0.000000
371.934751;-3.869865;49.262997;-0.888586;-0.034653;2.850000;0.000000
372.134716;-3.714275;49.388460;-0.895919;-0.038726;2.850000;0.000000
372.334681;-3.557712;49.512720;-0.904066;-0.042785;2.850000;0.000000
372.534646;-3.400068;49.635655;-0.913023;-0.046823;2.850000;0.000000
372.734611;-3.241417;49.757035;-0.922408;-0.046813;2.850000;0.000000
372.934575;-3.081607;49.876948;-0.931725;-0.046447;2.850000;0.000000
373.134540;-2.920647;49.995404;-0.940971;-0.046088;2.850000;0.000000
373.334505;-2.758561;50.112404;-0.950149;-0.045735;2.850000;0.000000
373.534470;-2.595371;50.227945;-0.959259;-0.045389;2.850000;0.000000
373.734435;-2.431102;50.342026;-0.968303;-0.045050;2.850000;0.000000
373.934400;-2.265776;50.454647;-0.977281;-0.044719;2.850000;0.000000
374.134365;-2.099416;50.565806;-0.986196;-0.044394;2.850000;0.000000
374.334330;-1.932047;50.675501;-0.995048;-0.044078;2.850000;0.000000
374.534295;-1.763691;50.783733;-1.003839;-0.043769;2.850000;0.000000
374.734260;-1.594418;50.890422;-1.013216;-0.050359;2.850000;0.000000
374.934225;-1.424088;50.995393;-1.023996;-0.057405;2.850000;0.000000
375.134190;-1.252594;51.098384;-1.036188;-0.064490;2.850000;0.000000
375.334155;-1.079830;51.199127;-1.049797;-0.071610;2.850000;0.000000
375.534119;-0.905691;51.297359;-1.064828;-0.078755;2.850000;0.000000
375.734084;-0.730073;51.392812;-1.081285;-0.085909;2.850000;0.000000
375.934049;-0.552871;51.485220;-1.099168;-0.093048;2.850000;0.000000
376.134014;-0.373980;51.574319;-1.118474;-0.100140;2.850000;0.000000
376.333979;-0.193295;51.659841;-1.139195;-0.107147;2.850000;0.000000
376.533944;-0.010712;51.741521;-1.161317;-0.114019;2.850000;0.000000
376.733909;0.173771;51.819073;-1.184495;-0.117541;2.850000;0.000000
376.933874;0.360137;51.892306;-1.208393;-0.121188;2.850000;0.000000
377.133839;0.548264;51.961007;-1.233051;-0.125082;2.850000;0.000000
377.333804;0.738027;52.024965;-1.258509;-0.129212;2.850000;0.000000
377.533769;0.929302;52.083968;-1.284806;-0.133566;2.850000;0.000000
377.733734;1.121963;52.137803;-1.311979;-0.138126;2.850000;0.000000
377.933698;1.315886;52.186259;-1.340060;-0.142871;2.850000;0.000000
378.133663;1.510947;52.229123;-1.369082;-0.147772;2.850000;0.000000
378.333628;1.707021;52.266182;-1.399069;-0.152795;2.850000;0.000000
378.533593;1.903982;52.297225;-1.430045;-0.157899;2.850000;0.000000
378.733558;2.101749;52.322158;-1.460299;-0.145252;2.850000;0.000000
378.933523;2.300183;52.341358;-1.487941;-0.132021;2.850000;0.000000
379.133488;2.499186;52.355337;-1.512950;-0.118699;2.850000;0.000000
379.333453;2.698661;52.364606;-1.535325;-0.105401;2.850000;0.000000
379.533418;2.898511;52.369679;-1.555074;-0.092201;2.850000;0.000000
379.733383;3.098640;52.371066;-1.572217;-0.079140;2.850000;0.000000
379.933348;3.298951;52.369281;-1.586775;-0.066232;2.850000;0.000000
380.133313;3.499346;52.364833;-1.598770;-0.053467;2.850000;0.000000
380.333278;3.699728;52.358236;-1.608220;-0.040817;2.850000;0.000000
