#x_m,y_m,w_tr_right_m,w_tr_left_m
20.350001264363527,58.800001837313175,0.1500000052154064,0.8688779322491196
20.30000126361847,58.75000183656812,0.20000000596046447,0.8307764217641807
19.950001258403063,58.75000183656812,0.1500000052154064,0.8547511712034664
19.900001257658005,58.70000183582306,0.20000000596046447,0.8111874358757011
19.700001254677773,58.70000183582306,0.1500000052154064,0.8547511712034664
19.650001253932714,58.650001835078,0.20000000596046447,0.8111874358757011
19.50000125169754,58.650001835078,0.15355339586162983,0.8440306664483241
19.450001250952482,58.60000183433294,0.20000000596046447,0.8111874358757011
19.300001248717308,58.60000183433294,0.15355339586162983,0.8440306664483241
19.25000124797225,58.550001833587885,0.20000000596046447,0.8111874358757011
19.100001245737076,58.550001833587885,0.15355339586162983,0.8440306664483241
19.050001244992018,58.50000183284283,0.20000000596046447,0.8111874358757011
18.900001242756844,58.50000183284283,0.15355339586162983,0.8440306664483241
18.850001242011786,58.45000183209777,0.20000000596046447,0.8111874358757011
18.75000124052167,58.45000183209777,0.16400549988813046,0.8307764217641807
18.70000123977661,58.40000183135271,0.20311289342177757,0.7962429571037405
18.600001238286495,58.40000183135271,0.16400549988813046,0.8307764217641807
18.550001237541437,58.35000183060765,0.20311289342177757,0.7962429571037405
18.45000123605132,58.35000183060765,0.160555132919089,0.8307764217641807
18.400001235306263,58.300001829862595,0.18078866096738858,0.7962429571037405
18.350001234561205,58.300001829862595,0.16400549988813046,0.8124228516521053
18.300001233816147,58.25000182911754,0.20311289342177757,0.7823441498574933
18.20000123232603,58.25000182911754,0.16400549988813046,0.8124228516521053
18.150001231580973,58.20000182837248,0.20311289342177757,0.7823441498574933
18.050001230090857,58.20000182837248,0.16400549988813046,0.8124228516521053
18.0000012293458,58.15000182762742,0.20311289342177757,0.7823441498574933
17.900001227855682,58.15000182762742,0.16400549988813046,0.8124228516521053
17.850001227110624,58.10000182688236,0.20311289342177757,0.7848857948555522
17.750001225620508,58.10000182688236,0.16400549988813046,0.8295630294403845
17.70000122487545,58.050001826137304,0.20311289342177757,0.7962429571037405
17.600001223385334,58.050001826137304,0.160555132919089,0.8307764217641807
17.550001222640276,58.000001825392246,0.18078866096738858,0.7962429571037405
17.500001221895218,58.000001825392246,0.16400549988813046,0.8124228516521053
17.45000122115016,57.95000182464719,0.20311289342177757,0.7848857948555522
17.350001219660044,57.95000182464719,0.160555132919089,0.8295630294403845
17.300001218914986,57.90000182390213,0.18078866096738858,0.8062306048689096
17.250001218169928,57.90000182390213,0.160555132919089,0.8295630294403845
17.20000121742487,57.85000182315707,0.18078866096738858,0.8062306048689096
17.15000121667981,57.85000182315707,0.160555132919089,0.8295630294403845
17.100001215934753,57.800001822412014,0.18078866096738858,0.8062306048689096
17.050001215189695,57.800001822412014,0.160555132919089,0.8295630294403845
17.000001214444637,57.750001821666956,0.18078866096738858,0.8062306048689096
16.95000121369958,57.750001821666956,0.160555132919089,0.8295630294403845
16.90000121295452,57.7000018209219,0.18078866096738858,0.8062306048689096
16.850001212209463,57.7000018209219,0.160555132919089,0.8295630294403845
16.800001211464405,57.65000182017684,0.18078866096738858,0.8062306048689096
16.750001210719347,57.65000182017684,0.16400549988813046,0.8295630294403845
16.70000120997429,57.60000181943178,0.20311289342177757,0.8062306048689096
16.65000120922923,57.60000181943178,0.18078866096738858,0.8295630294403845
16.600001208484173,57.550001818686724,0.20311289342177757,0.8062306048689096
16.550001207739115,57.550001818686724,0.18078866096738858,0.8295630294403845
16.500001206994057,57.500001817941666,0.20311289342177757,0.8062306048689096
16.450001206249,57.500001817941666,0.18078866096738858,0.8295630294403845
16.40000120550394,57.45000181719661,0.20311289342177757,0.7962429571037405
16.300001204013824,57.45000181719661,0.160555132919089,0.8307764217641807
16.250001203268766,57.40000181645155,0.18078866096738858,0.8062306048689096
16.20000120252371,57.40000181645155,0.160555132919089,0.8295630294403845
16.15000120177865,57.35000181570649,0.18078866096738858,0.8062306048689096
16.100001201033592,57.35000181570649,0.160555132919089,0.8295630294403845
16.050001200288534,57.30000181496143,0.18078866096738858,0.8062306048689096
16.000001199543476,57.30000181496143,0.160555132919089,0.8295630294403845
15.950001198798418,57.250001814216375,0.18078866096738858,0.8062306048689096
15.90000119805336,57.250001814216375,0.160555132919089,0.8295630294403845
15.850001197308302,57.20000181347132,0.18078866096738858,0.8062306048689096
15.800001196563244,57.20000181347132,0.160555132919089,0.8295630294403845
15.750001195818186,57.15000181272626,0.18078866096738858,0.8062306048689096
15.700001195073128,57.15000181272626,0.16400549988813046,0.8295630294403845
15.65000119432807,57.1000018119812,0.20311289342177757,0.8062306048689096
15.600001193583012,57.1000018119812,0.18078866096738858,0.8295630294403845
15.550001192837954,57.05000181123614,0.20311289342177757,0.8062306048689096
15.500001192092896,57.05000181123614,0.18078866096738858,0.8295630294403845
15.450001191347837,57.000001810491085,0.20311289342177757,0.8062306048689096
15.40000119060278,57.000001810491085,0.18078866096738858,0.8295630294403845
15.350001189857721,56.95000180974603,0.20311289342177757,0.7962429571037405
15.250001188367605,56.95000180974603,0.160555132919089,0.8307764217641807
15.200001187622547,56.90000180900097,0.18078866096738858,0.8062306048689096
15.150001186877489,56.90000180900097,0.160555132919089,0.8295630294403845
15.100001186132431,56.85000180825591,0.18078866096738858,0.8062306048689096
15.050001185387373,56.85000180825591,0.160555132919089,0.8295630294403845
15.000001184642315,56.80000180751085,0.18078866096738858,0.8062306048689096
14.950001183897257,56.80000180751085,0.160555132919089,0.8295630294403845
14.900001183152199,56.750001806765795,0.18078866096738858,0.8062306048689096
14.85000118240714,56.750001806765795,0.160555132919089,0.8295630294403845
14.800001181662083,56.70000180602074,0.18078866096738858,0.8062306048689096
14.750001180917025,56.70000180602074,0.160555132919089,0.8295630294403845
14.700001180171967,56.65000180527568,0.18078866096738858,0.8062306048689096
14.650001179426908,56.65000180527568,0.16400549988813046,0.8295630294403845
14.60000117868185,56.60000180453062,0.20311289342177757,0.8062306048689096
14.550001177936792,56.60000180453062,0.18078866096738858,0.8295630294403845
14.500001177191734,56.55000180378556,0.20311289342177757,0.8062306048689096
14.450001176446676,56.55000180378556,0.18078866096738858,0.8295630294403845
14.400001175701618,56.500001803040504,0.20311289342177757,0.8062306048689096
14.35000117495656,56.500001803040504,0.18078866096738858,0.8295630294403845
14.300001174211502,56.450001802295446,0.20311289342177757,0.7962429571037405
14.200001172721386,56.450001802295446,0.160555132919089,0.8307764217641807
14.150001171976328,56.40000180155039,0.18078866096738858,0.8062306048689096
14.10000117123127,56.40000180155039,0.160555132919089,0.8295630294403845
14.050001170486212,56.35000180080533,0.18078866096738858,0.8062306048689096
14.000001169741154,56.35000180080533,0.160555132919089,0.8295630294403845
13.950001168996096,56.30000180006027,0.18078866096738858,0.8062306048689096
13.900001168251038,56.30000180006027,0.160555132919089,0.8295630294403845
13.85000116750598,56.250001799315214,0.18078866096738858,0.8062306048689096
13.800001166760921,56.250001799315214,0.160555132919089,0.8295630294403845
13.750001166015863,56.200001798570156,0.18078866096738858,0.8062306048689096
13.700001165270805,56.200001798570156,0.160555132919089,0.8295630294403845
13.650001164525747,56.1500017978251,0.18078866096738858,0.8062306048689096
13.60000116378069,56.1500017978251,0.160555132919089,0.8295630294403845
13.550001163035631,56.10000179708004,0.18078866096738858,0.8062306048689096
13.500001162290573,56.10000179708004,0.16400549988813046,0.8295630294403845
13.450001161545515,56.05000179633498,0.20311289342177757,0.8062306048689096
13.400001160800457,56.05000179633498,0.18078866096738858,0.8295630294403845
13.350001160055399,56.000001795589924,0.20311289342177757,0.8062306048689096
13.30000115931034,56.000001795589924,0.18078866096738858,0.8295630294403845
13.250001158565283,55.950001794844866,0.20311289342177757,0.8062306048689096
13.200001157820225,55.950001794844866,0.18078866096738858,0.8295630294403845
13.150001157075167,55.90000179409981,0.20311289342177757,0.7962429571037405
13.05000115558505,55.90000179409981,0.160555132919089,0.8307764217641807
13.000001154839993,55.85000179335475,0.18078866096738858,0.8062306048689096
12.950001154094934,55.85000179335475,0.160555132919089,0.8295630294403845
12.900001153349876,55.80000179260969,0.18078866096738858,0.8062306048689096
12.850001152604818,55.80000179260969,0.160555132919089,0.8295630294403845
12.80000115185976,55.750001791864634,0.18078866096738858,0.8062306048689096
12.750001151114702,55.750001791864634,0.160555132919089,0.8295630294403845
12.700001150369644,55.700001791119576,0.18078866096738858,0.8062306048689096
12.650001149624586,55.700001791119576,0.160555132919089,0.8295630294403845
12.600001148879528,55.65000179037452,0.18078866096738858,0.8062306048689096
12.55000114813447,55.65000179037452,0.160555132919089,0.8295630294403845
12.500001147389412,55.60000178962946,0.18078866096738858,0.8062306048689096
12.450001146644354,55.60000178962946,0.16400549988813046,0.8295630294403845
12.400001145899296,55.5500017888844,0.20311289342177757,0.8062306048689096
12.350001145154238,55.5500017888844,0.18078866096738858,0.8295630294403845
12.30000114440918,55.50000178813934,0.20311289342177757,0.8062306048689096
12.250001143664122,55.50000178813934,0.18078866096738858,0.8295630294403845
12.200001142919064,55.450001787394285,0.20311289342177757,0.8062306048689096
12.150001142174006,55.450001787394285,0.18078866096738858,0.8295630294403845
12.100001141428947,55.40000178664923,0.20311289342177757,0.7962429571037405
12.000001139938831,55.40000178664923,0.160555132919089,0.8307764217641807
11.950001139193773,55.35000178590417,0.18078866096738858,0.8062306048689096
11.900001138448715,55.35000178590417,0.160555132919089,0.8295630294403845
11.850001137703657,55.30000178515911,0.18078866096738858,0.8062306048689096
11.800001136958599,55.30000178515911,0.160555132919089,0.8295630294403845
11.750001136213541,55.25000178441405,0.18078866096738858,0.8062306048689096
11.700001135468483,55.25000178441405,0.160555132919089,0.8295630294403845
11.650001134723425,55.200001783668995,0.18078866096738858,0.8062306048689096
11.600001133978367,55.200001783668995,0.160555132919089,0.8295630294403845
11.550001133233309,55.15000178292394,0.18078866096738858,0.8062306048689096
11.50000113248825,55.15000178292394,0.160555132919089,0.8295630294403845
11.450001131743193,55.10000178217888,0.18078866096738858,0.8062306048689096
11.400001130998135,55.10000178217888,0.16400549988813046,0.8295630294403845
11.350001130253077,55.05000178143382,0.20311289342177757,0.8062306048689096
11.300001129508018,55.05000178143382,0.18078866096738858,0.8295630294403845
11.25000112876296,55.00000178068876,0.20311289342177757,0.8062306048689096
11.200001128017902,55.00000178068876,0.18078866096738858,0.8295630294403845
11.150001127272844,54.950001779943705,0.20311289342177757,0.8062306048689096
11.100001126527786,54.950001779943705,0.18078866096738858,0.8295630294403845
11.050001125782728,54.90000177919865,0.20311289342177757,0.7962429571037405
10.950001124292612,54.90000177919865,0.160555132919089,0.8307764217641807
10.900001123547554,54.85000177845359,0.18078866096738858,0.8062306048689096
10.850001122802496,54.85000177845359,0.160555132919089,0.8295630294403845
10.800001122057438,54.80000177770853,0.18078866096738858,0.8062306048689096
10.75000112131238,54.80000177770853,0.160555132919089,0.8295630294403845
10.700001120567322,54.75000177696347,0.18078866096738858,0.8062306048689096
10.650001119822264,54.75000177696347,0.160555132919089,0.8295630294403845
10.600001119077206,54.700001776218414,0.18078866096738858,0.8062306048689096
10.550001118332148,54.700001776218414,0.160555132919089,0.8295630294403845
10.50000111758709,54.650001775473356,0.18078866096738858,0.8062306048689096
10.450001116842031,54.650001775473356,0.160555132919089,0.8295630294403845
10.400001116096973,54.6000017747283,0.18078866096738858,0.8062306048689096
10.350001115351915,54.6000017747283,0.160555132919089,0.8295630294403845
10.300001114606857,54.55000177398324,0.18078866096738858,0.8062306048689096
10.2500011138618,54.55000177398324,0.16400549988813046,0.8295630294403845
10.200001113116741,54.50000177323818,0.20311289342177757,0.8062306048689096
10.150001112371683,54.50000177323818,0.18078866096738858,0.8295630294403845
10.100001111626625,54.450001772493124,0.20311289342177757,0.8062306048689096
10.050001110881567,54.450001772493124,0.18078866096738858,0.8295630294403845
10.000001110136509,54.400001771748066,0.20311289342177757,0.8062306048689096
9.95000110939145,54.400001771748066,0.18078866096738858,0.8295630294403845
9.900001108646393,54.35000177100301,0.20311289342177757,0.7962429571037405
9.800001107156277,54.35000177100301,0.160555132919089,0.8307764217641807
9.750001106411219,54.30000177025795,0.18078866096738858,0.8062306048689096
9.70000110566616,54.30000177025795,0.160555132919089,0.8295630294403845
9.650001104921103,54.25000176951289,0.18078866096738858,0.8062306048689096
9.600001104176044,54.25000176951289,0.160555132919089,0.8295630294403845
9.550001103430986,54.200001768767834,0.18078866096738858,0.8062306048689096
9.500001102685928,54.200001768767834,0.16400549988813046,0.8295630294403845
9.45000110194087,54.150001768022776,0.20311289342177757,0.8062306048689096
9.400001101195812,54.150001768022776,0.18078866096738858,0.8295630294403845
9.350001100450754,54.10000176727772,0.20311289342177757,0.7962429571037405
9.250001098960638,54.10000176727772,0.16400549988813046,0.8307764217641807
9.20000109821558,54.05000176653266,0.20311289342177757,0.8062306048689096
9.150001097470522,54.05000176653266,0.18078866096738858,0.8295630294403845
9.100001096725464,54.0000017657876,0.20311289342177757,0.7962429571037405
9.000001095235348,54.0000017657876,0.16400549988813046,0.8307764217641807
8.95000109449029,53.95000176504254,0.20311289342177757,0.8062306048689096
8.900001093745232,53.95000176504254,0.18078866096738858,0.8295630294403845
8.850001093000174,53.900001764297485,0.20311289342177757,0.7962429571037405
8.750001091510057,53.900001764297485,0.16400549988813046,0.8307764217641807
8.700001090765,53.85000176355243,0.20311289342177757,0.7962429571037405
8.600001089274883,53.85000176355243,0.160555132919089,0.8307764217641807
8.550001088529825,53.80000176280737,0.18078866096738858,0.8062306048689096
8.500001087784767,53.80000176280737,0.16400549988813046,0.8295630294403845
8.450001087039709,53.75000176206231,0.20311289342177757,0.7962429571037405
8.350001085549593,53.75000176206231,0.16400549988813046,0.8307764217641807
8.300001084804535,53.70000176131725,0.20311289342177757,0.7962429571037405
8.200001083314419,53.70000176131725,0.160555132919089,0.8307764217641807
8.15000108256936,53.650001760572195,0.18078866096738858,0.7962429571037405
8.100001081824303,53.650001760572195,0.16400549988813046,0.8124228516521053
8.050001081079245,53.60000175982714,0.20311289342177757,0.7848857948555522
7.9500010795891285,53.60000175982714,0.16400549988813046,0.8295630294403845
7.90000107884407,53.55000175908208,0.20311289342177757,0.7962429571037405
7.800001077353954,53.55000175908208,0.16400549988813046,0.8307764217641807
7.750001076608896,53.50000175833702,0.19051248961442216,0.8062306048689096
7.700001075863838,53.50000175833702,0.160555132919089,0.8295630294403845
7.65000107511878,53.45000175759196,0.18078866096738858,0.8062306048689096
7.600001074373722,53.45000175759196,0.160555132919089,0.8295630294403845
7.550001073628664,53.400001756846905,0.18078866096738858,0.8062306048689096
7.500001072883606,53.400001756846905,0.160555132919089,0.8295630294403845
7.40000107139349,53.30000175535679,0.19051248961442216,0.8000000149011612
7.350001070648432,53.30000175535679,0.160555132919089,0.8295630294403845
6.900001063942909,52.850001748651266,0.160555132919089,0.8295630294403845
6.900001063942909,52.80000174790621,0.19051248961442216,0.8000000149011612
6.800001062452793,52.70000174641609,0.160555132919089,0.8295630294403845
6.800001062452793,52.650001745671034,0.19051248961442216,0.8062306048689096
6.750001061707735,52.600001744925976,0.16400549988813046,0.8295630294403845
6.750001061707735,52.55000174418092,0.18078866096738858,0.8062306048689096
6.700001060962677,52.50000174343586,0.160555132919089,0.8295630294403845
6.700001060962677,52.4500017426908,0.18078866096738858,0.8062306048689096
6.650001060217619,52.400001741945744,0.160555132919089,0.8295630294403845
6.650001060217619,52.350001741200686,0.18078866096738858,0.8062306048689096
6.600001059472561,52.30000174045563,0.160555132919089,0.8295630294403845
6.600001059472561,52.25000173971057,0.18078866096738858,0.8062306048689096
6.550001058727503,52.20000173896551,0.160555132919089,0.8307764217641807
6.550001058727503,52.100001737475395,0.20311289342177757,0.7962429571037405
6.500001057982445,52.05000173673034,0.16400549988813046,0.8295630294403845
6.500001057982445,52.00000173598528,0.18078866096738858,0.8062306048689096
6.450001057237387,51.95000173524022,0.160555132919089,0.8295630294403845
6.450001057237387,51.90000173449516,0.18078866096738858,0.8062306048689096
6.400001056492329,51.850001733750105,0.160555132919089,0.8295630294403845
6.400001056492329,51.80000173300505,0.18078866096738858,0.8062306048689096
6.350001055747271,51.75000173225999,0.160555132919089,0.8307764217641807
6.350001055747271,51.70000173151493,0.18078866096738858,0.8124228516521053
6.3000010550022125,51.65000173076987,0.160555132919089,0.8440306664483241
6.3000010550022125,51.600001730024815,0.18078866096738858,0.825914241721473
6.2500010542571545,51.55000172927976,0.160555132919089,0.8307764217641807
6.2500010542571545,51.5000017285347,0.18078866096738858,0.8000000149011612
6.000001050531864,51.25000172480941,0.18078866096738858,0.8062306048689096
5.950001049786806,51.25000172480941,0.160555132919089,0.8295630294403845
5.900001049041748,51.20000172406435,0.18078866096738858,0.8124228516521053
5.85000104829669,51.20000172406435,0.160555132919089,0.8307764217641807
5.800001047551632,51.15000172331929,0.18078866096738858,0.7962429571037405
5.650001045316458,51.15000172331929,0.1500000052154064,0.8440306664483241
5.6000010445714,51.100001722574234,0.20000000596046447,0.8111874358757011
5.4500010423362255,51.100001722574234,0.15355339586162983,0.8440306664483241
5.4000010415911674,51.050001721829176,0.20000000596046447,0.8049875770875707
5.200001038610935,51.050001721829176,0.1500000052154064,0.8440306664483241
5.150001037865877,51.00000172108412,0.20000000596046447,0.8049875770875707
4.900001034140587,51.00000172108412,0.1500000052154064,0.8547511712034664
4.850001033395529,50.95000172033906,0.20000000596046447,0.8111874358757011
4.6500010304152966,50.95000172033906,0.1500000052154064,0.8547511712034664
4.6000010296702385,50.900001719594,0.20000000596046447,0.8111874358757011
4.350001025944948,50.900001719594,0.1500000052154064,0.8547511712034664
4.30000102519989,50.850001718848944,0.20000000596046447,0.8111874358757011
4.000001020729542,50.850001718848944,0.1500000052154064,0.8547511712034664
3.9500010199844837,50.800001718103886,0.20000000596046447,0.8111874358757011
3.6500010155141354,50.800001718103886,0.1500000052154064,0.8606601875848896
3.6000010147690773,50.75000171735883,0.20000000596046447,0.8198039179148193
3.350001011043787,50.75000171735883,0.1500000052154064,0.8547511712034664
3.300001010298729,50.70000171661377,0.20000000596046447,0.8111874358757011
3.0000010058283806,50.70000171661377,0.1500000052154064,0.8547511712034664
2.9500010050833225,50.65000171586871,0.20000000596046447,0.8111874358757011
2.650001000612974,50.65000171586871,0.1500000052154064,0.8606601875848896
2.600000999867916,50.60000171512365,0.20000000596046447,0.8198039179148193
2.3000009953975677,50.60000171512365,0.1500000052154064,0.8606601875848896
2.2500009946525097,50.550001714378595,0.20000000596046447,0.8198039179148193
2.0000009909272194,50.550001714378595,0.1500000052154064,0.8547511712034664
1.9500009901821613,50.50000171363354,0.20000000596046447,0.8111874358757011
1.650000985711813,50.50000171363354,0.1500000052154064,0.8606601875848896
1.600000984966755,50.45000171288848,0.20000000596046447,0.8198039179148193
1.3000009804964066,50.45000171288848,0.1500000052154064,0.8606601875848896
1.2500009797513485,50.40000171214342,0.20000000596046447,0.8198039179148193
1.0000009760260582,50.40000171214342,0.1500000052154064,0.8547511712034664
0.9500009752810001,50.35000171139836,0.20000000596046447,0.8111874358757011
0.6500009708106518,50.35000171139836,0.1500000052154064,0.8606601875848896
0.6000009700655937,50.300001710653305,0.20000000596046447,0.8198039179148193
0.30000096559524536,50.300001710653305,0.1500000052154064,0.8606601875848896
0.2500009648501873,50.25000170990825,0.20000000596046447,0.8198039179148193
9.611248970031738e-07,50.25000170990825,0.1500000052154064,0.8547511712034664
-0.049999039620161057,50.20000170916319,0.20000000596046447,0.8111874358757011
-0.3499990440905094,50.20000170916319,0.1500000052154064,0.8606601875848896
-0.3999990448355675,50.15000170841813,0.20000000596046447,0.8198039179148193
-0.6999990493059158,50.15000170841813,0.1500000052154064,0.8606601875848896
-0.7499990500509739,50.10000170767307,0.20000000596046447,0.8198039179148193
-0.9999990537762642,50.10000170767307,0.1500000052154064,0.8547511712034664
-1.0499990545213223,50.050001706928015,0.20000000596046447,0.8111874358757011
-1.3499990589916706,50.050001706928015,0.1500000052154064,0.8547511712034664
-1.3999990597367287,50.00000170618296,0.20000000596046447,0.8111874358757011
-1.699999064207077,50.00000170618296,0.1500000052154064,0.8606601875848896
-1.749999064952135,49.9500017054379,0.20000000596046447,0.8198039179148193
-1.9999990686774254,49.9500017054379,0.1500000052154064,0.8547511712034664
-2.0499990694224834,49.90000170469284,0.20000000596046447,0.8111874358757011
-2.349999073892832,49.90000170469284,0.1500000052154064,0.8547511712034664
-2.39999907463789,49.85000170394778,0.20000000596046447,0.8111874358757011
-2.699999079108238,49.85000170394778,0.1500000052154064,0.8606601875848896
-2.7499990798532963,49.800001703202724,0.20000000596046447,0.8198039179148193
-2.9999990835785866,49.800001703202724,0.1500000052154064,0.8547511712034664
-3.0499990843236446,49.750001702457666,0.20000000596046447,0.8111874358757011
-3.349999088793993,49.750001702457666,0.1500000052154064,0.8547511712034664
-3.399999089539051,49.70000170171261,0.20000000596046447,0.8111874358757011
-3.6999990940093994,49.70000170171261,0.1500000052154064,0.8606601875848896
-3.7499990947544575,49.65000170096755,0.20000000596046447,0.8198039179148193
-3.9999990984797478,49.65000170096755,0.1500000052154064,0.8547511712034664
-4.049999099224806,49.60000170022249,0.20000000596046447,0.8111874358757011
-4.349999103695154,49.60000170022249,0.1500000052154064,0.8547511712034664
-4.399999104440212,49.550001699477434,0.20000000596046447,0.8111874358757011
-4.699999108910561,49.550001699477434,0.1500000052154064,0.8606601875848896
-4.749999109655619,49.500001698732376,0.20000000596046447,0.8198039179148193
-5.049999114125967,49.500001698732376,0.1500000052154064,0.8606601875848896
-5.099999114871025,49.45000169798732,0.20000000596046447,0.8198039179148193
-5.349999118596315,49.45000169798732,0.1500000052154064,0.8547511712034664
-5.399999119341373,49.40000169724226,0.20000000596046447,0.8111874358757011
-5.699999123811722,49.40000169724226,0.1500000052154064,0.8606601875848896
-5.74999912455678,49.3500016964972,0.20000000596046447,0.8198039179148193
-6.049999129027128,49.3500016964972,0.1500000052154064,0.8606601875848896
-6.099999129772186,49.300001695752144,0.20000000596046447,0.8198039179148193
-6.349999133497477,49.300001695752144,0.1500000052154064,0.8547511712034664
-6.399999134242535,49.250001695007086,0.20000000596046447,0.8111874358757011
-6.699999138712883,49.250001695007086,0.1500000052154064,0.8606601875848896
-6.749999139457941,49.20000169426203,0.20000000596046447,0.8198039179148193
-7.049999143928289,49.20000169426203,0.1500000052154064,0.8606601875848896
-7.0999991446733475,49.15000169351697,0.20000000596046447,0.8198039179148193
-7.349999148398638,49.15000169351697,0.1500000052154064,0.8547511712034664
-7.399999149143696,49.10000169277191,0.20000000596046447,0.8111874358757011
-7.699999153614044,49.10000169277191,0.1500000052154064,0.8606601875848896
-7.749999154359102,49.050001692026854,0.20000000596046447,0.8198039179148193
-8.04999915882945,49.050001692026854,0.1500000052154064,0.8606601875848896
-8.099999159574509,49.000001691281796,0.20000000596046447,0.8198039179148193
-8.349999163299799,49.000001691281796,0.1500000052154064,0.8547511712034664
-8.399999164044857,48.95000169053674,0.20000000596046447,0.8111874358757011
-8.699999168515205,48.95000169053674,0.1500000052154064,0.8547511712034664
-8.749999169260263,48.90000168979168,0.20000000596046447,0.8111874358757011
-9.049999173730612,48.90000168979168,0.1500000052154064,0.8606601875848896
-9.09999917447567,48.85000168904662,0.20000000596046447,0.8198039179148193
-9.34999917820096,48.85000168904662,0.1500000052154064,0.8547511712034664
-9.399999178946018,48.80000168830156,0.20000000596046447,0.8111874358757011
-9.699999183416367,48.80000168830156,0.1500000052154064,0.8547511712034664
-9.749999184161425,48.750001687556505,0.20000000596046447,0.8111874358757011
-10.049999188631773,48.750001687556505,0.1500000052154064,0.8606601875848896
-10.099999189376831,48.70000168681145,0.20000000596046447,0.8198039179148193
-10.349999193102121,48.70000168681145,0.1500000052154064,0.8547511712034664
-10.39999919384718,48.65000168606639,0.20000000596046447,0.8111874358757011
-10.699999198317528,48.65000168606639,0.1500000052154064,0.8547511712034664
-10.749999199062586,48.60000168532133,0.20000000596046447,0.8111874358757011
-10.949999202042818,48.60000168532133,0.1500000052154064,0.8547511712034664
-10.999999202787876,48.55000168457627,0.20000000596046447,0.8111874358757011
-11.199999205768108,48.55000168457627,0.1500000052154064,0.8547511712034664
-11.249999206513166,48.500001683831215,0.20000000596046447,0.8111874358757011
-11.449999209493399,48.500001683831215,0.1500000052154064,0.8547511712034664
-11.499999210238457,48.45000168308616,0.20000000596046447,0.8111874358757011
-11.649999212473631,48.45000168308616,0.15355339586162983,0.8440306664483241
-11.699999213218689,48.4000016823411,0.20000000596046447,0.8049875770875707
-11.899999216198921,48.4000016823411,0.1500000052154064,0.8440306664483241
-11.94999921694398,48.35000168159604,0.20000000596046447,0.8111874358757011
-12.149999219924212,48.35000168159604,0.1500000052154064,0.8547511712034664
-12.19999922066927,48.30000168085098,0.20000000596046447,0.8111874358757011
-12.399999223649502,48.30000168085098,0.1500000052154064,0.8547511712034664
-12.44999922439456,48.250001680105925,0.20000000596046447,0.8111874358757011
-12.599999226629734,48.250001680105925,0.15355339586162983,0.8440306664483241
-12.649999227374792,48.20000167936087,0.20000000596046447,0.8049875770875707
-12.849999230355024,48.20000167936087,0.1500000052154064,0.8440306664483241
-12.899999231100082,48.15000167861581,0.20000000596046447,0.8049875770875707
-13.099999234080315,48.15000167861581,0.1500000052154064,0.8440306664483241
-13.149999234825373,48.10000167787075,0.20000000596046447,0.8111874358757011
-13.349999237805605,48.10000167787075,0.1500000052154064,0.8594810208083519
-13.399999238550663,48.05000167712569,0.20000000596046447,0.8198039179148193
-13.49999924004078,48.05000167712569,0.16400549988813046,0.8440306664483241
-13.549999240785837,48.000001676380634,0.20311289342177757,0.8111874358757011
-13.699999243021011,48.000001676380634,0.15355339586162983,0.8440306664483241
-13.74999924376607,47.950001675635576,0.20000000596046447,0.8111874358757011
-13.849999245256186,47.950001675635576,0.16400549988813046,0.8307764217641807
-13.899999246001244,47.90000167489052,0.20311289342177757,0.7962429571037405
-13.99999924749136,47.90000167489052,0.16400549988813046,0.8198039179148193
-14.049999248236418,47.85000167414546,0.20311289342177757,0.7823441498574933
-14.149999249726534,47.85000167414546,0.16400549988813046,0.8111874358757011
-14.199999250471592,47.8000016734004,0.20311289342177757,0.7708244064137908
-14.349999252706766,47.8000016734004,0.15355339586162983,0.8124228516521053
-14.399999253451824,47.750001672655344,0.20000000596046447,0.7823441498574933
-14.49999925494194,47.750001672655344,0.16400549988813046,0.8111874358757011
-14.549999255686998,47.700001671910286,0.20311289342177757,0.7708244064137908
-14.699999257922173,47.700001671910286,0.15355339586162983,0.8111874358757011
-14.74999925866723,47.65000167116523,0.18078866096738858,0.7708244064137908
-14.849999260157347,47.65000167116523,0.15355339586162983,0.7962429571037405
-14.899999260902405,47.60000167042017,0.18078866096738858,0.7656604101808596
-14.999999262392521,47.60000167042017,0.15355339586162983,0.7962429571037405
-15.049999263137579,47.55000166967511,0.18078866096738858,0.7656604101808596
-15.149999264627695,47.55000166967511,0.15355339586162983,0.8062306048689096
-15.199999265372753,47.500001668930054,0.20000000596046447,0.7823441498574933
-15.29999926686287,47.500001668930054,0.16400549988813046,0.8124228516521053
-15.349999267607927,47.450001668184996,0.20311289342177757,0.7823441498574933
-15.449999269098043,47.450001668184996,0.16400549988813046,0.8124228516521053
-15.499999269843102,47.40000166743994,0.20311289342177757,0.7848857948555522
-15.599999271333218,47.40000166743994,0.16400549988813046,0.8295630294403845
-15.649999272078276,47.35000166669488,0.20311289342177757,0.7962429571037405
-15.79999927431345,47.35000166669488,0.15355339586162983,0.8440306664483241
-15.849999275058508,47.30000166594982,0.20000000596046447,0.8124228516521053
-15.899999275803566,47.30000166594982,0.18078866096738858,0.8307764217641807
-15.949999276548624,47.25000166520476,0.20311289342177757,0.8062306048689096
-15.999999277293682,47.25000166520476,0.18078866096738858,0.8295630294403845
-16.04999927803874,47.200001664459705,0.20311289342177757,0.7962429571037405
-16.149999279528856,47.200001664459705,0.16400549988813046,0.8307764217641807
-16.199999280273914,47.15000166371465,0.20311289342177757,0.7962429571037405
-16.29999928176403,47.15000166371465,0.160555132919089,0.8307764217641807
-16.34999928250909,47.10000166296959,0.18078866096738858,0.7962429571037405
-16.399999283254147,47.10000166296959,0.16400549988813046,0.8124228516521053
-16.449999283999205,47.05000166222453,0.20311289342177757,0.7848857948555522
-16.54999928548932,47.05000166222453,0.160555132919089,0.8295630294403845
-16.59999928623438,47.00000166147947,0.18078866096738858,0.7962429571037405
-16.649999286979437,47.00000166147947,0.16400549988813046,0.8124228516521053
-16.699999287724495,46.950001660734415,0.20311289342177757,0.7823441498574933
-16.79999928921461,46.950001660734415,0.160555132919089,0.8124228516521053
-16.84999928995967,46.90000165998936,0.18078866096738858,0.7848857948555522
-16.899999290704727,46.90000165998936,0.160555132919089,0.8062306048689096
-16.949999291449785,46.8500016592443,0.18078866096738858,0.7848857948555522
-16.999999292194843,46.8500016592443,0.16400549988813046,0.8062306048689096
-17.0499992929399,46.80000165849924,0.20311289342177757,0.7823441498574933
-17.149999294430017,46.80000165849924,0.160555132919089,0.8124228516521053
-17.199999295175076,46.75000165775418,0.18078866096738858,0.7848857948555522
-17.249999295920134,46.75000165775418,0.16400549988813046,0.8062306048689096
-17.29999929666519,46.700001657009125,0.20311289342177757,0.7848857948555522
-17.399999298155308,46.700001657009125,0.160555132919089,0.8295630294403845
-17.449999298900366,46.65000165626407,0.18078866096738858,0.8062306048689096
-17.499999299645424,46.65000165626407,0.160555132919089,0.8295630294403845
-17.549999300390482,46.60000165551901,0.18078866096738858,0.7962429571037405
-17.59999930113554,46.60000165551901,0.16400549988813046,0.8124228516521053
-17.649999301880598,46.55000165477395,0.20311289342177757,0.7848857948555522
-17.749999303370714,46.55000165477395,0.160555132919089,0.8295630294403845
-17.799999304115772,46.50000165402889,0.18078866096738858,0.8062306048689096
-17.84999930486083,46.50000165402889,0.16400549988813046,0.8295630294403845
-17.89999930560589,46.450001653283834,0.20311289342177757,0.8062306048689096
-17.949999306350946,46.450001653283834,0.18078866096738858,0.8295630294403845
-17.999999307096004,46.400001652538776,0.20311289342177757,0.7962429571037405
-18.09999930858612,46.400001652538776,0.160555132919089,0.8307764217641807
-18.14999930933118,46.35000165179372,0.18078866096738858,0.8062306048689096
-18.199999310076237,46.35000165179372,0.16400549988813046,0.8295630294403845
-18.249999310821295,46.30000165104866,0.20311289342177757,0.8062306048689096
-18.299999311566353,46.30000165104866,0.18078866096738858,0.8295630294403845
-18.34999931231141,46.2500016503036,0.20311289342177757,0.7962429571037405
-18.449999313801527,46.2500016503036,0.160555132919089,0.8307764217641807
-18.499999314546585,46.200001649558544,0.18078866096738858,0.8062306048689096
-18.549999315291643,46.200001649558544,0.160555132919089,0.8295630294403845
-18.5999993160367,46.150001648813486,0.18078866096738858,0.8062306048689096
-18.64999931678176,46.150001648813486,0.160555132919089,0.8295630294403845
-18.699999317526817,46.10000164806843,0.18078866096738858,0.8062306048689096
-18.749999318271875,46.10000164806843,0.15355339586162983,0.8295630294403845
-18.84999931976199,46.00000164657831,0.18078866096738858,0.7848857948555522
-18.89999932050705,46.00000164657831,0.160555132919089,0.8062306048689096
-18.949999321252108,45.950001645833254,0.18078866096738858,0.7861541608606429
-18.999999321997166,45.950001645833254,0.160555132919089,0.8124228516521053
-19.049999322742224,45.900001645088196,0.18078866096738858,0.8000000149011612
-19.099999323487282,45.900001645088196,0.160555132919089,0.8295630294403845
-19.14999932423234,45.85000164434314,0.18078866096738858,0.8062306048689096
-19.199999324977398,45.85000164434314,0.160555132919089,0.8295630294403845
-19.249999325722456,45.80000164359808,0.18078866096738858,0.8062306048689096
-19.299999326467514,45.80000164359808,0.15355339586162983,0.8295630294403845
-19.39999932795763,45.700001642107964,0.18078866096738858,0.7848857948555522
-19.449999328702688,45.700001642107964,0.160555132919089,0.8062306048689096
-19.499999329447746,45.650001641362906,0.18078866096738858,0.7861541608606429
-19.549999330192804,45.650001641362906,0.160555132919089,0.8124228516521053
-19.599999330937862,45.60000164061785,0.18078866096738858,0.8000000149011612
-19.64999933168292,45.60000164061785,0.160555132919089,0.8295630294403845
-19.69999933242798,45.55000163987279,0.18078866096738858,0.8062306048689096
-19.749999333173037,45.55000163987279,0.15355339586162983,0.8295630294403845
-19.849999334663153,45.45000163838267,0.18078866096738858,0.7848857948555522
-19.89999933540821,45.45000163838267,0.160555132919089,0.8062306048689096
-19.94999933615327,45.400001637637615,0.18078866096738858,0.7861541608606429
-19.999999336898327,45.400001637637615,0.160555132919089,0.8124228516521053
-20.049999337643385,45.35000163689256,0.18078866096738858,0.8000000149011612
-20.099999338388443,45.35000163689256,0.160555132919089,0.8295630294403845
-20.19999933987856,45.25000163540244,0.19051248961442216,0.8000000149011612
-20.249999340623617,45.25000163540244,0.160555132919089,0.8307764217641807
-20.39999934285879,45.10000163316727,0.1889087354477928,0.8000000149011612
-20.44999934360385,45.10000163316727,0.15355339586162983,0.8295630294403845
-20.599999345839024,44.95000163093209,0.1889087354477928,0.7924716768529406
-20.64999934658408,44.95000163093209,0.15355339586162983,0.825914241721473
-20.849999349564314,44.75000162795186,0.1889087354477928,0.7861541608606429
-20.899999350309372,44.75000162795186,0.15355339586162983,0.8124228516521053
-20.999999351799488,44.650001626461744,0.18078866096738858,0.7861541608606429
-21.049999352544546,44.650001626461744,0.15355339586162983,0.8124228516521053
-21.19999935477972,44.50000162422657,0.18078866096738858,0.7861541608606429
-21.24999935552478,44.50000162422657,0.15355339586162983,0.8124228516521053
-21.549999359995127,44.20000161975622,0.19051248961442216,0.7899495084125635
-21.599999360740185,44.20000161975622,0.160555132919089,0.8253048479987265
-22.599999375641346,43.20000160485506,0.15355339586162983,0.8124228516521053
-22.599999375641346,43.15000160411,0.1889087354477928,0.7861541608606429
-23.099999383091927,42.65000159665942,0.160555132919089,0.8404326178378946
-23.099999383091927,42.600001595914364,0.19051248961442216,0.8124228516521053
-23.199999384582043,42.50000159442425,0.160555132919089,0.8253048479987265
-23.199999384582043,42.45000159367919,0.19051248961442216,0.7899495084125635
-23.349999386817217,42.300001591444016,0.15355339586162983,0.8124228516521053
-23.349999386817217,42.25000159069896,0.18078866096738858,0.7861541608606429
-23.449999388307333,42.15000158920884,0.15355339586162983,0.8000000149011612
-23.449999388307333,42.10000158846378,0.18078866096738858,0.7708244064137908
-23.54999938979745,42.00000158697367,0.15355339586162983,0.8000000149011612
-23.54999938979745,41.95000158622861,0.18078866096738858,0.7708244064137908
-23.649999391287565,41.85000158473849,0.15355339586162983,0.8000000149011612
-23.649999391287565,41.800001583993435,0.18078866096738858,0.7708244064137908
-23.74999939277768,41.70000158250332,0.15355339586162983,0.8062306048689096
-23.74999939277768,41.65000158175826,0.18078866096738858,0.7848857948555522
-23.849999394267797,41.550001580268145,0.15355339586162983,0.8124228516521053
-23.849999394267797,41.50000157952309,0.1889087354477928,0.7861541608606429
-23.99999939650297,41.35000157728791,0.15355339586162983,0.8295630294403845
-23.99999939650297,41.300001576542854,0.18078866096738858,0.8000000149011612
-24.099999397993088,41.20000157505274,0.15355339586162983,0.8295630294403845
-24.099999397993088,41.15000157430768,0.18078866096738858,0.8062306048689096
-24.149999398738146,41.10000157356262,0.160555132919089,0.8295630294403845
-24.149999398738146,41.050001572817564,0.19051248961442216,0.8000000149011612
-24.249999400228262,40.95000157132745,0.160555132919089,0.8295630294403845
-24.249999400228262,40.90000157058239,0.18078866096738858,0.8062306048689096
-24.29999940097332,40.85000156983733,0.160555132919089,0.8295630294403845
-24.29999940097332,40.800001569092274,0.18078866096738858,0.8062306048689096
-24.349999401718378,40.750001568347216,0.160555132919089,0.8295630294403845
-24.349999401718378,40.70000156760216,0.18078866096738858,0.8062306048689096
-24.399999402463436,40.6500015668571,0.160555132919089,0.8295630294403845
-24.399999402463436,40.55000156536698,0.20311289342177757,0.7848857948555522
-24.449999403208494,40.500001564621925,0.16400549988813046,0.8062306048689096
-24.449999403208494,40.45000156387687,0.18078866096738858,0.7848857948555522
-24.499999403953552,40.40000156313181,0.160555132919089,0.8062306048689096
-24.499999403953552,40.35000156238675,0.18078866096738858,0.7848857948555522
-24.54999940469861,40.30000156164169,0.160555132919089,0.8124228516521053
-24.54999940469861,40.250001560896635,0.18078866096738858,0.7962429571037405
-24.59999940544367,40.20000156015158,0.160555132919089,0.8295630294403845
-24.59999940544367,40.10000155866146,0.20311289342177757,0.7848857948555522
-24.649999406188726,40.0500015579164,0.16400549988813046,0.8062306048689096
-24.649999406188726,40.000001557171345,0.18078866096738858,0.7848857948555522
-24.699999406933784,39.95000155642629,0.160555132919089,0.8062306048689096
-24.699999406933784,39.90000155568123,0.18078866096738858,0.7848857948555522
-24.749999407678843,39.85000155493617,0.160555132919089,0.8062306048689096
-24.749999407678843,39.80000155419111,0.18078866096738858,0.7848857948555522
-24.7999994084239,39.750001553446054,0.160555132919089,0.8062306048689096
-24.7999994084239,39.65000155195594,0.20311289342177757,0.7656604101808596
-24.84999940916896,39.60000155121088,0.16400549988813046,0.7962429571037405
-24.84999940916896,39.55000155046582,0.18078866096738858,0.7823441498574933
-24.899999409914017,39.500001549720764,0.160555132919089,0.8124228516521053
-24.899999409914017,39.450001548975706,0.18078866096738858,0.7962429571037405
-24.949999410659075,39.40000154823065,0.160555132919089,0.8295630294403845
-24.949999410659075,39.35000154748559,0.18078866096738858,0.8062306048689096
-24.999999411404133,39.30000154674053,0.160555132919089,0.8307764217641807
-24.999999411404133,39.200001545250416,0.20311289342177757,0.7962429571037405
-25.04999941214919,39.15000154450536,0.16400549988813046,0.8307764217641807
-25.04999941214919,39.05000154301524,0.20311289342177757,0.7962429571037405
-25.09999941289425,39.000001542270184,0.16400549988813046,0.8307764217641807
-25.09999941289425,38.90000154078007,0.20311289342177757,0.7962429571037405
-25.149999413639307,38.85000154003501,0.16400549988813046,0.8307764217641807
-25.149999413639307,38.75000153854489,0.20311289342177757,0.7962429571037405
-25.199999414384365,38.700001537799835,0.16400549988813046,0.8307764217641807
-25.199999414384365,38.60000153630972,0.20000000596046447,0.7962429571037405
-25.249999415129423,38.55000153556466,0.15355339586162983,0.8307764217641807
-25.249999415129423,38.40000153332949,0.20311289342177757,0.7823441498574933
-25.29999941587448,38.35000153258443,0.16400549988813046,0.8124228516521053
-25.29999941587448,38.25000153109431,0.20000000596046447,0.7823441498574933
-25.34999941661954,38.200001530349255,0.15355339586162983,0.8124228516521053
-25.34999941661954,38.05000152811408,0.20311289342177757,0.7656604101808596
-25.399999417364597,38.00000152736902,0.16400549988813046,0.7962429571037405
-25.399999417364597,37.900001525878906,0.20311289342177757,0.7708244064137908
-25.449999418109655,37.85000152513385,0.16400549988813046,0.8111874358757011
-25.449999418109655,37.75000152364373,0.20000000596046447,0.7823441498574933
-25.499999418854713,37.700001522898674,0.15355339586162983,0.8198039179148193
-25.499999418854713,37.5500015206635,0.20311289342177757,0.7823441498574933
-25.54999941959977,37.50000151991844,0.16400549988813046,0.8198039179148193
-25.54999941959977,37.400001518428326,0.20000000596046447,0.7962429571037405
-25.59999942034483,37.35000151768327,0.15355339586162983,0.8307764217641807
-25.59999942034483,37.20000151544809,0.20311289342177757,0.7962429571037405
-25.649999421089888,37.150001514703035,0.16400549988813046,0.8307764217641807
-25.649999421089888,37.05000151321292,0.20311289342177757,0.7962429571037405
-25.699999421834946,37.00000151246786,0.16400549988813046,0.8307764217641807
-25.699999421834946,36.900001510977745,0.20000000596046447,0.8111874358757011
-25.749999422580004,36.85000151023269,0.15355339586162983,0.8440306664483241
-25.749999422580004,36.70000150799751,0.20311289342177757,0.8111874358757011
-25.799999423325062,36.650001507252455,0.16400549988813046,0.8440306664483241
-25.799999423325062,36.55000150576234,0.20000000596046447,0.8198039179148193
-25.84999942407012,36.50000150501728,0.1500000052154064,0.8594810208083519
-25.84999942407012,36.25000150129199,0.20000000596046447,0.7823441498574933
-25.899999424815178,36.20000150054693,0.1500000052154064,0.8198039179148193
-25.899999424815178,36.0000014975667,0.20000000596046447,0.7823441498574933
-25.949999425560236,35.95000149682164,0.1500000052154064,0.8198039179148193
-25.949999425560236,35.75000149384141,0.20000000596046447,0.7962429571037405
-25.999999426305294,35.70000149309635,0.1500000052154064,0.8307764217641807
-25.999999426305294,35.50000149011612,0.20000000596046447,0.7962429571037405
-26.049999427050352,35.45000148937106,0.1500000052154064,0.8307764217641807
-26.049999427050352,35.25000148639083,0.20000000596046447,0.7962429571037405
-26.09999942779541,35.20000148564577,0.1500000052154064,0.8307764217641807
-26.09999942779541,34.95000148192048,0.20000000596046447,0.7823441498574933
-26.149999428540468,34.90000148117542,0.1500000052154064,0.8198039179148193
-26.149999428540468,34.70000147819519,0.20000000596046447,0.7962429571037405
-26.199999429285526,34.65000147745013,0.1500000052154064,0.8307764217641807
-26.199999429285526,34.4500014744699,0.20000000596046447,0.8012492346448155
-26.249999430030584,34.40000147372484,0.1500000052154064,0.8440306664483241
-26.249999430030584,34.20000147074461,0.20000000596046447,0.8049875770875707
-26.299999430775642,34.15000146999955,0.1500000052154064,0.8511898177453807
-26.299999430775642,33.90000146627426,0.20000000596046447,0.8307764217641807
-26.3499994315207,33.8500014655292,0.1500000052154064,0.8688779322491196
-26.3499994315207,33.40000145882368,0.20000000596046447,0.8307764217641807
-26.39999943226576,33.35000145807862,0.1500000052154064,0.8688779322491196
-26.39999943226576,32.800001449882984,0.20000000596046447,0.8111874358757011
-26.449999433010817,32.750001449137926,0.1500000052154064,0.8547511712034664
-26.449999433010817,32.15000144019723,0.20000000596046447,0.8440306664483241
-26.499999433755875,32.10000143945217,0.1500000052154064,0.8793516733297382
-26.499999433755875,31.500001430511475,0.20000000596046447,0.8500000156462193
-26.549999434500933,31.450001429766417,0.1500000052154064,0.9000000163912774
-26.549999434500933,29.750001404434443,0.20000000596046447,0.8500000156462193
-26.59999943524599,29.700001403689384,0.1500000052154064,0.9000000163912774
-26.59999943524599,28.400001384317875,0.1500000052154064,0.9000000163912774
-26.549999434500933,28.350001383572817,0.18078866096738858,0.8500000156462193
-26.549999434500933,27.900001376867294,0.1500000052154064,0.8500000156462193
-26.499999433755875,27.850001376122236,0.18078866096738858,0.8012492346448155
-26.499999433755875,27.400001369416714,0.1500000052154064,0.8511898177453807
-26.449999433010817,27.350001368671656,0.18078866096738858,0.8049875770875707
-26.449999433010817,26.900001361966133,0.1500000052154064,0.8547511712034664
-26.39999943226576,26.850001361221075,0.18078866096738858,0.8111874358757011
-26.39999943226576,26.45000135526061,0.1500000052154064,0.8547511712034664
-26.3499994315207,26.400001354515553,0.18078866096738858,0.8111874358757011
-26.3499994315207,26.000001348555088,0.1500000052154064,0.8688779322491196
-26.299999430775642,25.95000134781003,0.18078866096738858,0.8307764217641807
-26.299999430775642,25.800001345574856,0.1500000052154064,0.8606601875848896
-26.249999430030584,25.750001344829798,0.18078866096738858,0.8198039179148193
-26.249999430030584,25.550001341849566,0.1500000052154064,0.8606601875848896
-26.199999429285526,25.500001341104507,0.18078866096738858,0.8198039179148193
-26.199999429285526,25.350001338869333,0.1500000052154064,0.8547511712034664
-26.149999428540468,25.300001338124275,0.18078866096738858,0.8111874358757011
-26.149999428540468,25.100001335144043,0.1500000052154064,0.8547511712034664
-26.09999942779541,25.050001334398985,0.18078866096738858,0.8111874358757011
-26.09999942779541,24.90000133216381,0.1500000052154064,0.8440306664483241
-26.049999427050352,24.850001331418753,0.18078866096738858,0.8049875770875707
-26.049999427050352,24.65000132843852,0.1500000052154064,0.8440306664483241
-25.999999426305294,24.600001327693462,0.18078866096738858,0.8049875770875707
-25.999999426305294,24.40000132471323,0.1500000052154064,0.8440306664483241
-25.949999425560236,24.350001323968172,0.18078866096738858,0.8049875770875707
-25.949999425560236,24.200001321732998,0.1500000052154064,0.8307764217641807
-25.899999424815178,24.15000132098794,0.18078866096738858,0.7962429571037405
-25.899999424815178,23.950001318007708,0.1500000052154064,0.8440306664483241
-25.84999942407012,23.90000131726265,0.18078866096738858,0.8111874358757011
-25.84999942407012,23.750001315027475,0.1500000052154064,0.8440306664483241
-25.799999423325062,23.700001314282417,0.18078866096738858,0.8124228516521053
-25.799999423325062,23.500001311302185,0.1500000052154064,0.8688779322491196
-25.749999422580004,23.450001310557127,0.18078866096738858,0.8307764217641807
-25.749999422580004,23.300001308321953,0.1500000052154064,0.8688779322491196
-25.699999421834946,23.250001307576895,0.18078866096738858,0.8307764217641807
-25.699999421834946,23.15000130608678,0.15355339586162983,0.8594810208083519
-25.649999421089888,23.10000130534172,0.18078866096738858,0.8198039179148193
-25.649999421089888,22.950001303106546,0.1500000052154064,0.8594810208083519
-25.59999942034483,22.90000130236149,0.18078866096738858,0.8198039179148193
-25.59999942034483,22.750001300126314,0.1500000052154064,0.8594810208083519
-25.54999941959977,22.700001299381256,0.18078866096738858,0.8198039179148193
-25.54999941959977,22.60000129789114,0.15355339586162983,0.8440306664483241
-25.499999418854713,22.550001297146082,0.18078866096738858,0.8111874358757011
-25.499999418854713,22.400001294910908,0.1500000052154064,0.8440306664483241
-25.449999418109655,22.35000129416585,0.18078866096738858,0.8124228516521053
-25.449999418109655,22.200001291930676,0.1500000052154064,0.8594810208083519
-25.399999417364597,22.150001291185617,0.18078866096738858,0.8198039179148193
-25.399999417364597,22.0500012896955,0.15355339586162983,0.8440306664483241
-25.34999941661954,22.000001288950443,0.18078866096738858,0.8111874358757011
-25.34999941661954,21.85000128671527,0.1500000052154064,0.8440306664483241
-25.29999941587448,21.80000128597021,0.18078866096738858,0.8111874358757011
-25.29999941587448,21.650001283735037,0.1500000052154064,0.8440306664483241
-25.249999415129423,21.60000128298998,0.18078866096738858,0.8124228516521053
-25.249999415129423,21.500001281499863,0.15355339586162983,0.8440306664483241
-25.199999414384365,21.450001280754805,0.18078866096738858,0.8111874358757011
-25.199999414384365,21.30000127851963,0.1500000052154064,0.8440306664483241
-25.149999413639307,21.250001277774572,0.18078866096738858,0.8111874358757011
-25.149999413639307,21.100001275539398,0.1500000052154064,0.8440306664483241
-25.09999941289425,21.05000127479434,0.18078866096738858,0.8124228516521053
-25.09999941289425,20.900001272559166,0.1500000052154064,0.8594810208083519
-25.04999941214919,20.850001271814108,0.18078866096738858,0.8198039179148193
-25.04999941214919,20.75000127032399,0.15355339586162983,0.8440306664483241
-24.999999411404133,20.700001269578934,0.18078866096738858,0.8111874358757011
-24.999999411404133,20.55000126734376,0.1500000052154064,0.8440306664483241
-24.949999410659075,20.5000012665987,0.18078866096738858,0.8124228516521053
-24.949999410659075,20.350001264363527,0.1500000052154064,0.8594810208083519
-24.899999409914017,20.30000126361847,0.18078866096738858,0.8198039179148193
-24.899999409914017,20.200001262128353,0.15355339586162983,0.8440306664483241
-24.84999940916896,20.150001261383295,0.18078866096738858,0.8111874358757011
-24.84999940916896,20.05000125989318,0.15355339586162983,0.8307764217641807
-24.7999994084239,20.00000125914812,0.18078866096738858,0.7962429571037405
-24.7999994084239,19.900001257658005,0.15355339586162983,0.8307764217641807
-24.749999407678843,19.850001256912947,0.18078866096738858,0.7962429571037405
-24.749999407678843,19.75000125542283,0.15355339586162983,0.8307764217641807
-24.699999406933784,19.700001254677773,0.18078866096738858,0.7962429571037405
-24.699999406933784,19.600001253187656,0.15355339586162983,0.8198039179148193
-24.649999406188726,19.5500012524426,0.18078866096738858,0.7823441498574933
-24.649999406188726,19.450001250952482,0.13541020162296988,0.8124228516521053
-24.59999940544367,19.400001250207424,0.16400549988813046,0.7823441498574933
-24.59999940544367,19.300001248717308,0.13541020162296988,0.8111874358757011
-24.54999940469861,19.25000124797225,0.16400549988813046,0.7708244064137908
-24.54999940469861,19.150001246482134,0.13541020162296988,0.7962429571037405
-24.499999403953552,19.100001245737076,0.16400549988813046,0.7617692174150451
-24.499999403953552,19.00000124424696,0.13541020162296988,0.7823441498574933
-24.449999403208494,18.9500012435019,0.16400549988813046,0.7486833121869966
-24.449999403208494,18.850001242011786,0.13541020162296988,0.7823441498574933
-24.399999402463436,18.800001241266727,0.160555132919089,0.7486833121869966
-24.399999402463436,18.70000123977661,0.11622777072899887,0.7708244064137908
-24.349999401718378,18.650001239031553,0.15355339586162983,0.7340770985323035
-24.349999401718378,18.550001237541437,0.11622777072899887,0.7617692174150451
-24.29999940097332,18.50000123679638,0.15355339586162983,0.7219544594674806
-24.29999940097332,18.350001234561205,0.10413813104692221,0.7656604101808596
-24.249999400228262,18.300001233816147,0.1500000052154064,0.7340770985323035
-24.249999400228262,17.650001224130392,0.18078866096738858,0.7962429571037405
-24.29999940097332,17.600001223385334,0.160555132919089,0.825914241721473
-24.29999940097332,17.550001222640276,0.19051248961442216,0.7924716768529406
-24.399999402463436,17.45000122115016,0.1889087354477928,0.7848857948555522
-24.449999403208494,17.45000122115016,0.15355339586162983,0.8062306048689096
-24.54999940469861,17.350001219660044,0.18078866096738858,0.7486833121869966
-24.649999406188726,17.350001219660044,0.13541020162296988,0.7823441498574933
-24.699999406933784,17.300001218914986,0.160555132919089,0.7486833121869966
-24.749999407678843,17.300001218914986,0.13541020162296988,0.7656604101808596
-24.7999994084239,17.250001218169928,0.16400549988813046,0.7340770985323035
-24.899999409914017,17.250001218169928,0.13541020162296988,0.7656604101808596
-24.949999410659075,17.20000121742487,0.16400549988813046,0.7394147254011668
-24.999999411404133,17.20000121742487,0.15355339586162983,0.7617692174150451
-25.04999941214919,17.15000121667981,0.18078866096738858,0.7394147254011668
-25.149999413639307,17.15000121667981,0.13541020162296988,0.7848857948555522
-25.199999414384365,17.100001215934753,0.16400549988813046,0.7617692174150451
-25.249999415129423,17.100001215934753,0.15355339586162983,0.7848857948555522
-25.29999941587448,17.050001215189695,0.160555132919089,0.7617692174150451
-25.34999941661954,17.050001215189695,0.13541020162296988,0.7861541608606429
-25.399999417364597,17.000001214444637,0.160555132919089,0.7708244064137908
-25.449999418109655,17.000001214444637,0.13541020162296988,0.8000000149011612
-25.749999422580004,16.70000120997429,0.13541020162296988,0.8000000149011612
-25.749999422580004,16.65000120922923,0.160555132919089,0.7708244064137908
-25.799999423325062,16.600001208484173,0.15355339586162983,0.7861541608606429
-25.799999423325062,16.550001207739115,0.18078866096738858,0.7617692174150451
-25.84999942407012,16.500001206994057,0.160555132919089,0.7848857948555522
-25.84999942407012,16.450001206249,0.18078866096738858,0.7617692174150451
-25.899999424815178,16.40000120550394,0.15355339586162983,0.7848857948555522
-25.899999424815178,16.300001204013824,0.18078866096738858,0.7486833121869966
-25.949999425560236,16.250001203268766,0.1500000052154064,0.7823441498574933
-25.949999425560236,16.100001201033592,0.18078866096738858,0.7340770985323035
-25.999999426305294,16.050001200288534,0.1500000052154064,0.7708244064137908
-25.999999426305294,15.850001197308302,0.16400549988813046,0.7500000141561032
-26.049999427050352,15.800001196563244,0.13541020162296988,0.8000000149011612
-26.049999427050352,15.40000119060278,0.16400549988813046,0.7500000141561032
-26.09999942779541,15.350001189857721,0.13541020162296988,0.8000000149011612
-26.09999942779541,14.300001174211502,0.1500000052154064,0.8500000156462193
-26.049999427050352,14.250001173466444,0.18078866096738858,0.8000000149011612
-26.049999427050352,12.350001145154238,0.1500000052154064,0.8500000156462193
-25.999999426305294,12.30000114440918,0.18078866096738858,0.8000000149011612
-25.999999426305294,10.600001119077206,0.1500000052154064,0.9500000171363354
-25.949999425560236,10.550001118332148,0.20000000596046447,0.9000000163912774
-25.949999425560236,9.250001098960638,0.18078866096738858,1.0000000178813935
-25.899999424815178,9.20000109821558,0.21231056870567222,0.9500000171363354
-25.899999424815178,6.10000105202198,0.1500000052154064,0.9500000171363354
-25.84999942407012,6.050001051276922,0.20000000596046447,0.9000000163912774
-25.84999942407012,3.200001008808613,0.18078866096738858,0.959741367755813
-25.799999423325062,3.1500010080635548,0.21231056870567222,0.9180340054098997
-25.799999423325062,0.20000096410512924,0.20000000596046447,1.0041594758226038
-25.749999422580004,0.15000096336007118,0.22720019363165536,0.959741367755813
-25.749999422580004,-2.7999990805983543,0.20000000596046447,1.0539936390844065
-25.699999421834946,-2.8499990813434124,0.24721360216395982,1.0093386802653328
-25.699999421834946,-4.44999910518527,0.20000000596046447,1.0747548973935241
-25.649999421089888,-4.499999105930328,0.2500000067055225,1.0369317061170167
-25.649999421089888,-6.099999129772186,0.20000000596046447,1.1000000193715096
-25.59999942034483,-6.149999130517244,0.2500000067055225,1.0500000186264515
-25.59999942034483,-8.999999172985554,0.22720019363165536,1.1238202492138314
-25.54999941959977,-9.049999173730612,0.26097722973374027,1.0854960323736276
-25.54999941959977,-11.999999217689037,0.24721360216395982,1.1729530422331924
-25.499999418854713,-12.049999218434095,0.27434165609349825,1.1341664262932623
-25.499999418854713,-14.899999260902405,0.2500000067055225,1.2035669056765963
-25.449999418109655,-14.949999261647463,0.3000000074505806,1.1583077909609756
-25.449999418109655,-16.399999283254147,0.2500000067055225,1.2035669056765963
-25.399999417364597,-16.449999283999205,0.3000000074505806,1.1583077909609756
-25.399999417364597,-18.199999310076237,0.25276926365365854,1.2500000216066838
-25.34999941661954,-18.249999310821295,0.3000000074505806,1.2000000208616257
-25.34999941661954,-21.149999354034662,0.27434165609349825,1.2916434112448485
-25.29999941587448,-21.19999935477972,0.30990195895740963,1.2500000216066838
-25.29999941587448,-24.149999398738146,0.29244289742777607,1.3297058768722292
-25.249999415129423,-24.199999399483204,0.32201533322416204,1.2916434112448485
-25.249999415129423,-25.749999422580004,0.3000000074505806,1.3500000230968
-25.199999414384365,-25.799999423325062,0.35000000819563865,1.3000000223517418
-25.199999414384365,-27.39999944716692,0.3000000074505806,1.3500000230968
-25.149999413639307,-27.449999447911978,0.35000000819563865,1.3000000223517418
-25.149999413639307,-30.349999491125345,0.30990195895740963,1.400000023841858
-25.09999941289425,-30.399999491870403,0.3522680590887983,1.3500000230968
-25.09999941289425,-33.29999953508377,0.32201533322416204,1.449242274822689
-25.04999941214919,-33.34999953582883,0.3590170027049498,1.400000023841858
-25.04999941214919,-36.249999579042196,0.35000000819563865,1.486712804477279
-24.999999411404133,-36.299999579787254,0.3852350042566623,1.449242274822689
-24.999999411404133,-38.64999961480498,0.35000000819563865,1.486712804477279
-24.949999410659075,-38.69999961555004,0.40000000894069676,1.449242274822689
-24.949999410659075,-39.49999962747097,0.33851648873797124,1.486712804477279
-24.899999409914017,-39.54999962821603,0.37008772104453785,1.449242274822689
-24.899999409914017,-39.74999963119626,0.32201533322416204,1.450000024586916
-24.84999940916896,-39.79999963194132,0.3590170027049498,1.400000023841858
-24.84999940916896,-39.94999963417649,0.30990195895740963,1.4070158919452223
-24.7999994084239,-39.99999963492155,0.33851648873797124,1.3628499840970576
-24.7999994084239,-40.09999963641167,0.30990195895740963,1.3787653639101314
-24.749999407678843,-40.149999637156725,0.33851648873797124,1.3402922030270783
-24.749999407678843,-40.24999963864684,0.29244289742777607,1.3500000230968
-24.699999406933784,-40.2999996393919,0.32201533322416204,1.3008331243445195
-24.699999406933784,-40.44999964162707,0.27434165609349825,1.3132746175917043
-24.649999406188726,-40.49999964237213,0.30990195895740963,1.2713939188816938
-24.649999406188726,-40.59999964386225,0.27434165609349825,1.2916434112448485
-24.59999940544367,-40.649999644607306,0.30990195895740963,1.2534442070328695
-24.59999940544367,-40.74999964609742,0.2716990636316938,1.2637281386416934
-24.54999940469861,-40.79999964684248,0.29244289742777607,1.22214628652442
-24.54999940469861,-40.899999648332596,0.26097722973374027,1.2430869904698527
-24.499999403953552,-40.949999649077654,0.29244289742777607,1.2008925934871162
-24.499999403953552,-41.04999965056777,0.26097722973374027,1.2080128050138979
-24.449999403208494,-41.09999965131283,0.29244289742777607,1.1647344267317454
-24.449999403208494,-41.199999652802944,0.24721360216395982,1.1829316892012207
-24.399999402463436,-41.249999653548,0.27434165609349825,1.1462912218449282
-24.399999402463436,-41.34999965503812,0.24721360216395982,1.1583077909609756
-24.349999401718378,-41.399999655783176,0.27434165609349825,1.1152946633960081
-24.349999401718378,-41.54999965801835,0.22720019363165536,1.1462912218449282
-24.29999940097332,-41.59999965876341,0.26097722973374027,1.103840500469267
-24.29999940097332,-41.699999660253525,0.22720019363165536,1.1152946633960081
-24.249999400228262,-41.74999966099858,0.24721360216395982,1.0747548973935241
-24.249999400228262,-41.8499996624887,0.21231056870567222,1.0980755179175492
-24.199999399483204,-41.89999966323376,0.24721360216395982,1.0509996189610271
-24.199999399483204,-41.99999966472387,0.21231056870567222,1.0589678499614998
-24.149999398738146,-42.04999966546893,0.24721360216395982,1.016552524187689
-24.149999398738146,-42.14999966695905,0.21231056870567222,1.0369317061170167
-24.099999397993088,-42.199999667704105,0.24721360216395982,1.0020815459295414
-24.099999397993088,-42.29999966919422,0.20311289342177757,1.0349089219244234
-24.04999939724803,-42.34999966993928,0.22720019363165536,1.0020815459295414
-24.04999939724803,-42.449999671429396,0.20311289342177757,1.0257650854784492
-23.99999939650297,-42.499999672174454,0.22720019363165536,0.9884864501102992
-23.99999939650297,-42.59999967366457,0.20311289342177757,1.016552524187689
-23.949999395757914,-42.64999967440963,0.22720019363165536,0.976860247130566
-23.949999395757914,-42.699999675154686,0.20311289342177757,0.9884864501102992
-23.899999395012856,-42.749999675899744,0.22720019363165536,0.9543396552625206
-23.899999395012856,-42.84999967738986,0.20311289342177757,0.9884864501102992
-23.849999394267797,-42.89999967813492,0.22720019363165536,0.9543396552625206
-23.849999394267797,-42.999999679625034,0.20311289342177757,0.976860247130566
-23.79999939352274,-43.04999968037009,0.22720019363165536,0.9401754420890758
-23.79999939352274,-43.19999968260527,0.18078866096738858,0.976860247130566
-23.74999939277768,-43.249999683350325,0.20311289342177757,0.9401754420890758
-23.74999939277768,-43.29999968409538,0.18078866096738858,0.9543396552625206
-23.699999392032623,-43.34999968484044,0.21231056870567222,0.9236102694553091
-23.699999392032623,-43.44999968633056,0.18078866096738858,0.9543396552625206
-23.649999391287565,-43.499999687075615,0.21231056870567222,0.9236102694553091
-23.649999391287565,-43.59999968856573,0.18078866096738858,0.9543396552625206
-23.599999390542507,-43.64999968931079,0.20311289342177757,0.9236102694553091
-23.599999390542507,-43.69999969005585,0.18078866096738858,0.9423659829021658
-23.54999938979745,-43.749999690800905,0.20311289342177757,0.9180340054098997
-23.54999938979745,-43.79999969154596,0.18078866096738858,0.9412712380575992
-23.49999938905239,-43.84999969229102,0.19051248961442216,0.9180340054098997
-23.49999938905239,-43.89999969303608,0.160555132919089,0.9401754420890758
-23.399999387562275,-43.999999694526196,0.20311289342177757,0.8770329774759426
-23.399999387562275,-44.09999969601631,0.160555132919089,0.9180340054098997
-23.349999386817217,-44.14999969676137,0.18078866096738858,0.8965856263134644
-23.349999386817217,-44.19999969750643,0.160555132919089,0.9180340054098997
-23.29999938607216,-44.249999698251486,0.18078866096738858,0.8965856263134644
-23.29999938607216,-44.299999698996544,0.16400549988813046,0.9180340054098997
-23.2499993853271,-44.3499996997416,0.20311289342177757,0.8920164996643914
-23.2499993853271,-44.39999970048666,0.18078866096738858,0.906797197551496
-23.199999384582043,-44.44999970123172,0.20311289342177757,0.8770329774759426
-23.199999384582043,-44.549999702721834,0.160555132919089,0.9180340054098997
-23.149999383836985,-44.59999970346689,0.18078866096738858,0.8965856263134644
-23.149999383836985,-44.64999970421195,0.160555132919089,0.9180340054098997
-23.099999383091927,-44.69999970495701,0.18078866096738858,0.8965856263134644
-23.099999383091927,-44.749999705702066,0.16400549988813046,0.9180340054098997
-23.04999938234687,-44.799999706447124,0.20311289342177757,0.8965856263134644
-23.04999938234687,-44.84999970719218,0.18078866096738858,0.9180340054098997
-22.99999938160181,-44.89999970793724,0.20311289342177757,0.8965856263134644
-22.99999938160181,-44.9499997086823,0.18078866096738858,0.9180340054098997
-22.949999380856752,-44.99999970942736,0.20311289342177757,0.8965856263134644
-22.949999380856752,-45.049999710172415,0.18078866096738858,0.9180340054098997
-22.899999380111694,-45.09999971091747,0.20311289342177757,0.8977249363623835
-22.899999380111694,-45.14999971166253,0.18078866096738858,0.9236102694553091
-22.849999379366636,-45.19999971240759,0.20311289342177757,0.9101801821016996
-22.849999379366636,-45.24999971315265,0.18078866096738858,0.9401754420890758
-22.799999378621578,-45.299999713897705,0.20311289342177757,0.9180340054098997
-22.799999378621578,-45.34999971464276,0.18078866096738858,0.9412712380575992
-22.74999937787652,-45.39999971538782,0.20311289342177757,0.9236102694553091
-22.74999937787652,-45.44999971613288,0.18078866096738858,0.9510864604746585
-22.699999377131462,-45.49999971687794,0.20311289342177757,0.9401754420890758
-22.699999377131462,-45.549999717622995,0.18078866096738858,0.966190396346651
-22.649999376386404,-45.59999971836805,0.20311289342177757,0.9510864604746585
-22.649999376386404,-45.64999971911311,0.18078866096738858,0.9800423897045963
-22.599999375641346,-45.69999971985817,0.20311289342177757,0.9629703522909092
-22.599999375641346,-45.74999972060323,0.18078866096738858,0.9853269767757179
-22.449999373406172,-45.8999997228384,0.19051248961442216,0.9401754420890758
-22.449999373406172,-45.94999972358346,0.160555132919089,0.966190396346651
-22.349999371916056,-46.049999725073576,0.1889087354477928,0.9401754420890758
-22.349999371916056,-46.099999725818634,0.15355339586162983,0.966190396346651
-22.149999368935823,-46.299999728798866,0.1889087354477928,0.9236102694553091
-22.149999368935823,-46.349999729543924,0.15355339586162983,0.9510864604746585
-21.94999936595559,-46.54999973252416,0.1889087354477928,0.9313708667572156
-21.94999936595559,-46.599999733269215,0.15355339586162983,0.9667262063433785
-20.849999349564314,-47.69999974966049,0.13541020162296988,0.9313708667572156
-20.799999348819256,-47.69999974966049,0.160555132919089,0.8960155271710525
-20.599999345839024,-47.899999752640724,0.13541020162296988,0.9101801821016996
-20.549999345093966,-47.899999752640724,0.160555132919089,0.8816653987572671
-20.299999341368675,-48.149999756366014,0.12015621664234175,0.8960155271710525
-20.249999340623617,-48.149999756366014,0.15355339586162983,0.8606601875848896
-20.049999337643385,-48.34999975934625,0.12015621664234175,0.8977249363623835
-19.999999336898327,-48.34999975934625,0.15355339586162983,0.8700467438965735
-19.849999334663153,-48.49999976158142,0.13541020162296988,0.9101801821016996
-19.799999333918095,-48.49999976158142,0.160555132919089,0.8816653987572671
-19.64999933168292,-48.649999763816595,0.12015621664234175,0.9101801821016996
-19.599999330937862,-48.649999763816595,0.15355339586162983,0.8816653987572671
-19.549999330192804,-48.69999976456165,0.13541020162296988,0.8977249363623835
-19.499999329447746,-48.69999976456165,0.160555132919089,0.8700467438965735
-19.39999932795763,-48.79999976605177,0.12015621664234175,0.8977249363623835
-19.349999327212572,-48.79999976605177,0.15355339586162983,0.8700467438965735
-19.249999325722456,-48.899999767541885,0.12015621664234175,0.8977249363623835
-19.199999324977398,-48.899999767541885,0.15355339586162983,0.8700467438965735
-19.099999323487282,-48.999999769032,0.12015621664234175,0.8977249363623835
-19.049999322742224,-48.999999769032,0.15355339586162983,0.8735455436762694
-18.949999321252108,-49.09999977052212,0.12015621664234175,0.9180340054098997
-18.89999932050705,-49.09999977052212,0.15355339586162983,0.8965856263134644
-18.84999931976199,-49.149999771267176,0.13541020162296988,0.9180340054098997
-18.799999319016933,-49.149999771267176,0.160555132919089,0.8965856263134644
-18.699999317526817,-49.24999977275729,0.13541020162296988,0.9423659829021658
-18.5999993160367,-49.24999977275729,0.18078866096738858,0.906797197551496
-18.549999315291643,-49.29999977350235,0.160555132919089,0.9401754420890758
-18.499999314546585,-49.29999977350235,0.18078866096738858,0.9180340054098997
-18.449999313801527,-49.34999977424741,0.160555132919089,0.9412712380575992
-18.39999931305647,-49.34999977424741,0.18078866096738858,0.9180340054098997
-18.34999931231141,-49.399999774992466,0.160555132919089,0.9412712380575992
-18.299999311566353,-49.399999774992466,0.18078866096738858,0.9180340054098997
-18.249999310821295,-49.449999775737524,0.160555132919089,0.9412712380575992
-18.199999310076237,-49.449999775737524,0.18078866096738858,0.9180340054098997
-18.14999930933118,-49.49999977648258,0.160555132919089,0.9423659829021658
-18.09999930858612,-49.49999977648258,0.18078866096738858,0.9236102694553091
-18.049999307841063,-49.54999977722764,0.160555132919089,0.9543396552625206
-17.999999307096004,-49.54999977722764,0.18078866096738858,0.9401754420890758
-17.949999306350946,-49.5999997779727,0.160555132919089,0.9704700085133247
-17.89999930560589,-49.5999997779727,0.18078866096738858,0.9543396552625206
-17.84999930486083,-49.649999778717756,0.160555132919089,0.9884864501102992
-17.749999303370714,-49.649999778717756,0.20311289342177757,0.9543396552625206
-17.699999302625656,-49.699999779462814,0.16400549988813046,0.9884864501102992
-17.59999930113554,-49.699999779462814,0.20311289342177757,0.9543396552625206
-17.549999300390482,-49.74999978020787,0.16400549988813046,0.9884864501102992
-17.449999298900366,-49.74999978020787,0.20311289342177757,0.9543396552625206
-17.399999298155308,-49.79999978095293,0.16400549988813046,0.9884864501102992
-17.29999929666519,-49.79999978095293,0.20311289342177757,0.9543396552625206
-17.249999295920134,-49.84999978169799,0.16400549988813046,0.9884864501102992
-17.149999294430017,-49.84999978169799,0.20311289342177757,0.9672617703864308
-17.09999929368496,-49.89999978244305,0.16400549988813046,1.0020815459295414
-16.84999928995967,-49.89999978244305,0.20311289342177757,0.9401754420890758
-16.79999928921461,-49.949999783188105,0.16400549988813046,0.976860247130566
-16.54999928548932,-49.949999783188105,0.20311289342177757,0.9401754420890758
-16.499999284744263,-49.99999978393316,0.16400549988813046,0.976860247130566
-15.649999272078276,-49.99999978393316,0.1500000052154064,0.9500000171363354
-15.599999271333218,-49.949999783188105,0.20000000596046447,0.9000000163912774
-15.199999265372753,-49.949999783188105,0.11622777072899887,0.9401754420890758
-15.149999264627695,-49.89999978244305,0.15355339586162983,0.9045361181775966
-14.999999262392521,-49.89999978244305,0.11622777072899887,0.9280514340771239
-14.949999261647463,-49.84999978169799,0.15355339586162983,0.8920164996643914
-14.849999260157347,-49.84999978169799,0.11622777072899887,0.9236102694553091
-14.799999259412289,-49.79999978095293,0.15355339586162983,0.8920164996643914
-14.699999257922173,-49.79999978095293,0.11622777072899887,0.9236102694553091
-14.649999257177114,-49.74999978020787,0.15355339586162983,0.8920164996643914
-14.549999255686998,-49.74999978020787,0.11622777072899887,0.9236102694553091
-14.49999925494194,-49.699999779462814,0.15355339586162983,0.8965856263134644
-14.399999253451824,-49.699999779462814,0.11622777072899887,0.9412712380575992
-14.349999252706766,-49.649999778717756,0.13541020162296988,0.9180340054098997
-14.299999251961708,-49.649999778717756,0.11622777072899887,0.9412712380575992
-14.24999925121665,-49.5999997779727,0.13541020162296988,0.9180340054098997
-14.199999250471592,-49.5999997779727,0.11622777072899887,0.9412712380575992
-14.149999249726534,-49.54999977722764,0.13541020162296988,0.9180340054098997
-14.099999248981476,-49.54999977722764,0.11622777072899887,0.9412712380575992
-14.049999248236418,-49.49999977648258,0.13541020162296988,0.9180340054098997
-13.99999924749136,-49.49999977648258,0.11622777072899887,0.9412712380575992
-13.949999246746302,-49.449999775737524,0.13541020162296988,0.9180340054098997
-13.899999246001244,-49.449999775737524,0.11622777072899887,0.9412712380575992
-13.849999245256186,-49.399999774992466,0.13541020162296988,0.9236102694553091
-13.799999244511127,-49.399999774992466,0.11622777072899887,0.9510864604746585
-13.699999243021011,-49.29999977350235,0.13541020162296988,0.933578421767098
-13.649999242275953,-49.29999977350235,0.11622777072899887,0.966190396346651
-13.549999240785837,-49.199999772012234,0.13541020162296988,0.9401754420890758
-13.49999924004078,-49.199999772012234,0.11622777072899887,0.9715374688432665
-13.299999237060547,-48.999999769032,0.15355339586162983,0.9510864604746585
-13.249999236315489,-48.999999769032,0.11819805627546684,0.9800423897045963
-12.999999232590199,-48.74999976530671,0.11622777072899887,0.9672617703864308
-12.999999232590199,-48.69999976456165,0.13541020162296988,0.933578421767098
-12.849999230355024,-48.54999976232648,0.11622777072899887,0.966190396346651
-12.849999230355024,-48.49999976158142,0.13541020162296988,0.933578421767098
-12.69999922811985,-48.34999975934625,0.11622777072899887,0.966190396346651
-12.69999922811985,-48.29999975860119,0.13541020162296988,0.9401754420890758
-12.649999227374792,-48.24999975785613,0.11622777072899887,0.9510864604746585
-12.649999227374792,-48.19999975711107,0.13541020162296988,0.9236102694553091
-12.549999225884676,-48.099999755620956,0.11622777072899887,0.9510864604746585
-12.549999225884676,-48.0499997548759,0.13541020162296988,0.9236102694553091
-12.499999225139618,-47.99999975413084,0.11622777072899887,0.9412712380575992
-12.499999225139618,-47.94999975338578,0.13541020162296988,0.9180340054098997
-12.44999922439456,-47.899999752640724,0.11622777072899887,0.9423659829021658
-12.44999922439456,-47.849999751895666,0.13541020162296988,0.9236102694553091
-12.399999223649502,-47.79999975115061,0.11622777072899887,0.9543396552625206
-12.399999223649502,-47.74999975040555,0.13541020162296988,0.9401754420890758
-12.349999222904444,-47.69999974966049,0.11622777072899887,0.9629703522909092
-12.349999222904444,-47.599999748170376,0.15355339586162983,0.9180340054098997
-12.299999222159386,-47.54999974742532,0.11622777072899887,0.9423659829021658
-12.299999222159386,-47.4499997459352,0.15355339586162983,0.906797197551496
-12.249999221414328,-47.399999745190144,0.11622777072899887,0.9401754420890758
-12.249999221414328,-47.29999974370003,0.15355339586162983,0.906797197551496
-12.19999922066927,-47.24999974295497,0.11622777072899887,0.9401754420890758
-12.19999922066927,-47.14999974146485,0.15355339586162983,0.9180340054098997
-12.149999219924212,-47.099999740719795,0.11622777072899887,0.9543396552625206
-12.149999219924212,-46.849999736994505,0.15355339586162983,0.8793516733297382
-12.099999219179153,-46.79999973624945,0.11622777072899887,0.9180340054098997
-12.099999219179153,-46.54999973252416,0.15355339586162983,0.8793516733297382
-12.049999218434095,-46.4999997317791,0.11622777072899887,0.9180340054098997
-12.049999218434095,-45.69999971985817,0.15355339586162983,0.8500000156462193
-11.999999217689037,-45.64999971911311,0.11622777072899887,0.9000000163912774
-11.999999217689037,-43.34999968484044,0.15355339586162983,0.8500000156462193
-11.94999921694398,-43.29999968409538,0.11622777072899887,0.9000000163912774
-11.94999921694398,-35.6499995701015,0.15355339586162983,0.8500000156462193
-11.899999216198921,-35.59999956935644,0.11622777072899887,0.9000000163912774
-11.899999216198921,-27.699999451637268,0.15355339586162983,0.8500000156462193
-11.849999215453863,-27.64999945089221,0.11622777072899887,0.9000000163912774
-11.849999215453863,-19.749999333173037,0.15355339586162983,0.8500000156462193
-11.799999214708805,-19.69999933242798,0.11622777072899887,0.9000000163912774
-11.799999214708805,-11.799999214708805,0.15355339586162983,0.8500000156462193
-11.749999213963747,-11.749999213963747,0.11622777072899887,0.9000000163912774
-11.749999213963747,-3.8499990962445736,0.15355339586162983,0.8500000156462193
-11.699999213218689,-3.7999990954995155,0.11622777072899887,0.9000000163912774
-11.699999213218689,-1.8999990671873093,0.13541020162296988,0.9000000163912774
-11.749999213963747,-1.8499990664422512,0.16400549988813046,0.8500000156462193
-11.749999213963747,-1.4999990612268448,0.11622777072899887,0.8793516733297382
-11.799999214708805,-1.4499990604817867,0.15355339586162983,0.8440306664483241
-11.799999214708805,-0.14999904111027718,0.15355339586162983,0.8500000156462193
-11.749999213963747,-0.09999904036521912,0.11622777072899887,0.8920164996643914
-11.749999213963747,0.20000096410512924,0.1500000052154064,0.8500000156462193
-11.699999213218689,0.2500009648501873,0.10413813104692221,0.8920164996643914
-11.699999213218689,0.45000096783041954,0.1500000052154064,0.8440306664483241
-11.649999212473631,0.5000009685754776,0.10413813104692221,0.8793516733297382
-11.649999212473631,0.5500009693205357,0.11622777072899887,0.8688779322491196
-11.599999211728573,0.6000009700655937,0.09154759908666274,0.8965856263134644
-11.599999211728573,0.6500009708106518,0.11622777072899887,0.8735455436762694
-11.549999210983515,0.7000009715557098,0.09154759908666274,0.8965856263134644
-11.549999210983515,0.7500009723007679,0.11622777072899887,0.8770329774759426
-11.499999210238457,0.800000973045826,0.09154759908666274,0.8977249363623835
-11.499999210238457,0.850000973790884,0.11622777072899887,0.8700467438965735
-11.39999920874834,0.9500009752810001,0.08284271668930387,0.8960155271710525
-11.39999920874834,1.0000009760260582,0.11819805627546684,0.8606601875848896
-10.999999202787876,1.4000009819865227,0.12015621664234175,0.8606601875848896
-10.949999202042818,1.4000009819865227,0.09154759908666274,0.8960155271710525
-10.099999189376831,2.2500009946525097,0.08284271668930387,0.8977249363623835
-10.099999189376831,2.3000009953975677,0.11819805627546684,0.8700467438965735
-9.999999187886715,2.400000996887684,0.09154759908666274,0.8977249363623835
-9.999999187886715,2.450000997632742,0.12015621664234175,0.8700467438965735
-9.899999186396599,2.550000999122858,0.09154759908666274,0.8977249363623835
-9.899999186396599,2.600000999867916,0.11622777072899887,0.8735455436762694
-9.84999918565154,2.650001000612974,0.09154759908666274,0.8965856263134644
-9.84999918565154,2.7000010013580322,0.11622777072899887,0.8735455436762694
-9.799999184906483,2.7500010021030903,0.09154759908666274,0.8965856263134644
-9.799999184906483,2.8000010028481483,0.11622777072899887,0.8735455436762694
-9.749999184161425,2.8500010035932064,0.09154759908666274,0.8965856263134644
-9.749999184161425,2.9000010043382645,0.11622777072899887,0.8735455436762694
-9.699999183416367,2.9500010050833225,0.09154759908666274,0.8965856263134644
-9.699999183416367,3.0500010065734386,0.13541020162296988,0.8594810208083519
-9.649999182671309,3.1000010073184967,0.10413813104692221,0.8920164996643914
-9.649999182671309,3.200001008808613,0.13541020162296988,0.8594810208083519
-9.59999918192625,3.250001009553671,0.10413813104692221,0.8920164996643914
-9.59999918192625,3.350001011043787,0.13541020162296988,0.8594810208083519
-9.549999181181192,3.400001011788845,0.10413813104692221,0.8920164996643914
-9.549999181181192,3.500001013278961,0.13541020162296988,0.8594810208083519
-9.499999180436134,3.5500010140240192,0.10413813104692221,0.8920164996643914
-9.499999180436134,3.6500010155141354,0.13541020162296988,0.8594810208083519
-9.449999179691076,3.7000010162591934,0.10413813104692221,0.8920164996643914
-9.449999179691076,3.9000010192394257,0.1500000052154064,0.8547511712034664
-9.399999178946018,3.9500010199844837,0.10413813104692221,0.8920164996643914
-9.399999178946018,4.250001024454832,0.15355339586162983,0.8500000156462193
-9.34999917820096,4.30000102519989,0.11622777072899887,0.8920164996643914
-9.34999917820096,5.4000010415911674,0.13541020162296988,0.8793516733297382
-9.399999178946018,5.4500010423362255,0.16400549988813046,0.8440306664483241
-9.399999178946018,5.700001046061516,0.11622777072899887,0.8793516733297382
-9.449999179691076,5.750001046806574,0.15355339586162983,0.8440306664483241
-9.449999179691076,5.900001049041748,0.11622777072899887,0.8688779322491196
-9.499999180436134,5.950001049786806,0.15355339586162983,0.8307764217641807
-9.499999180436134,6.150001052767038,0.11622777072899887,0.8688779322491196
-9.549999181181192,6.200001053512096,0.15355339586162983,0.8307764217641807
-9.549999181181192,6.400001056492329,0.11622777072899887,0.8688779322491196
-9.59999918192625,6.450001057237387,0.15355339586162983,0.8307764217641807
-9.59999918192625,6.650001060217619,0.11622777072899887,0.8688779322491196
-9.649999182671309,6.700001060962677,0.15355339586162983,0.8307764217641807
-9.649999182671309,6.900001063942909,0.11622777072899887,0.8793516733297382
-9.699999183416367,6.950001064687967,0.15355339586162983,0.8440306664483241
-9.699999183416367,7.1500010676681995,0.11622777072899887,0.8793516733297382
-9.749999184161425,7.200001068413258,0.15355339586162983,0.8440306664483241
-9.749999184161425,7.500001072883606,0.13541020162296988,0.8793516733297382
-9.799999184906483,7.550001073628664,0.16400549988813046,0.8440306664483241
-9.799999184906483,8.250001084059477,0.1500000052154064,0.8440306664483241
-9.749999184161425,8.300001084804535,0.10413813104692221,0.8793516733297382
-9.749999184161425,8.450001087039709,0.1500000052154064,0.8511898177453807
-9.699999183416367,8.500001087784767,0.10413813104692221,0.8770329774759426
-9.699999183416367,8.550001088529825,0.11622777072899887,0.8594810208083519
-9.649999182671309,8.600001089274883,0.09154759908666274,0.8920164996643914
-9.649999182671309,8.700001090765,0.13541020162296988,0.8594810208083519
-9.59999918192625,8.750001091510057,0.10413813104692221,0.8920164996643914
-9.59999918192625,8.800001092255116,0.11622777072899887,0.8700467438965735
-9.499999180436134,8.900001093745232,0.08284271668930387,0.8977249363623835
-9.499999180436134,8.95000109449029,0.11622777072899887,0.8735455436762694
-9.449999179691076,9.000001095235348,0.09154759908666274,0.8965856263134644
-9.449999179691076,9.050001095980406,0.12015621664234175,0.8630145971136167
-9.299999177455902,9.20000109821558,0.08284271668930387,0.8965856263134644
-9.299999177455902,9.250001098960638,0.11819805627546684,0.8630145971136167
-8.949999172240496,9.600001104176044,0.09154759908666274,0.8960155271710525
-8.949999172240496,9.650001104921103,0.12015621664234175,0.8606601875848896
-8.499999165534973,10.100001111626625,0.09154759908666274,0.8960155271710525
-8.499999165534973,10.150001112371683,0.12015621664234175,0.8606601875848896
-7.9499991573393345,10.700001120567322,0.09154759908666274,0.8960155271710525
-7.9499991573393345,10.75000112131238,0.12015621664234175,0.8606601875848896
-7.399999149143696,11.300001129508018,0.09154759908666274,0.8960155271710525
-7.399999149143696,11.350001130253077,0.12015621664234175,0.8606601875848896
-6.849999140948057,11.900001138448715,0.09154759908666274,0.8960155271710525
-6.849999140948057,11.950001139193773,0.12015621664234175,0.8606601875848896
-6.2499991320073605,12.55000114813447,0.09154759908666274,0.8960155271710525
-6.2499991320073605,12.600001148879528,0.12015621664234175,0.8606601875848896
-5.699999123811722,13.150001157075167,0.09154759908666274,0.8960155271710525
-5.699999123811722,13.200001157820225,0.12015621664234175,0.8606601875848896
-5.099999114871025,13.800001166760921,0.09154759908666274,0.8960155271710525
-5.099999114871025,13.85000116750598,0.12015621664234175,0.8606601875848896
-4.549999106675386,14.400001175701618,0.09154759908666274,0.8960155271710525
-4.549999106675386,14.450001176446676,0.12015621664234175,0.8606601875848896
-3.9999990984797478,15.000001184642315,0.09154759908666274,0.8960155271710525
-3.9999990984797478,15.050001185387373,0.12015621664234175,0.8606601875848896
-3.399999089539051,15.65000119432807,0.09154759908666274,0.8960155271710525
-3.399999089539051,15.700001195073128,0.12015621664234175,0.8606601875848896
-2.8499990813434124,16.250001203268766,0.09154759908666274,0.8960155271710525
-2.8499990813434124,16.300001204013824,0.12015621664234175,0.8606601875848896
-2.2999990731477737,16.850001212209463,0.09154759908666274,0.8960155271710525
-2.2999990731477737,16.90000121295452,0.12015621664234175,0.8606601875848896
-1.699999064207077,17.500001221895218,0.09154759908666274,0.8960155271710525
-1.699999064207077,17.550001222640276,0.12015621664234175,0.8606601875848896
-1.1499990560114384,18.100001230835915,0.09154759908666274,0.8960155271710525
-1.1499990560114384,18.150001231580973,0.12015621664234175,0.8606601875848896
-0.5499990470707417,18.75000124052167,0.09154759908666274,0.8960155271710525
-0.5499990470707417,18.800001241266727,0.12015621664234175,0.8606601875848896
9.611248970031738e-07,19.350001249462366,0.09154759908666274,0.8960155271710525
9.611248970031738e-07,19.400001250207424,0.12015621664234175,0.8606601875848896
0.5500009693205357,19.950001258403063,0.09154759908666274,0.8960155271710525
0.5500009693205357,20.00000125914812,0.12015621664234175,0.8606601875848896
1.650000985711813,21.100001275539398,0.09154759908666274,0.9313708667572156
1.650000985711813,21.150001276284456,0.12015621664234175,0.8960155271710525
1.9000009894371033,21.400001280009747,0.09154759908666274,0.9101801821016996
1.9000009894371033,21.450001280754805,0.12015621664234175,0.8816653987572671
2.1000009924173355,21.650001283735037,0.09154759908666274,0.8960155271710525
2.1000009924173355,21.700001284480095,0.12015621664234175,0.8606601875848896
2.600000999867916,22.200001291930676,0.08284271668930387,0.8816653987572671
2.600000999867916,22.250001292675734,0.11819805627546684,0.8547511712034664
2.9500010050833225,22.60000129789114,0.06925824436898563,0.8606601875848896
2.9500010050833225,22.650001298636198,0.09154759908666274,0.8253048479987265
3.250001009553671,22.950001303106546,0.06925824436898563,0.8606601875848896
3.250001009553671,23.000001303851604,0.09154759908666274,0.8253048479987265
3.5500010140240192,23.300001308321953,0.06925824436898563,0.825914241721473
3.5500010140240192,23.35000130906701,0.09154759908666274,0.7924716768529406
3.8500010184943676,23.65000131353736,0.06925824436898563,0.8253048479987265
3.8500010184943676,23.700001314282417,0.09154759908666274,0.7899495084125635
4.150001022964716,24.000001318752766,0.0500000037252903,0.7924716768529406
4.150001022964716,24.050001319497824,0.08284271668930387,0.7604686499270252
4.450001027435064,24.350001323968172,0.0500000037252903,0.7899495084125635
4.450001027435064,24.40000132471323,0.08284271668930387,0.7545941688264006
4.750001031905413,24.70000132918358,0.0500000037252903,0.7708244064137908
4.750001031905413,24.750001329928637,0.08284271668930387,0.7433981272633877
5.250001039355993,25.250001337379217,0.047487377103140875,0.7604686499270252
5.250001039355993,25.300001338124275,0.06925824436898563,0.7300537757457948
5.800001047551632,25.850001346319914,0.047487377103140875,0.7604686499270252
5.800001047551632,25.900001347064972,0.06925824436898563,0.7300537757457948
6.450001057237387,26.550001356750727,0.047487377103140875,0.7708244064137908
6.450001057237387,26.600001357495785,0.08284271668930387,0.7433981272633877
7.050001066178083,27.20000136643648,0.0500000037252903,0.7861541608606429
7.050001066178083,27.25000136718154,0.08284271668930387,0.7545941688264006
8.15000108256936,28.350001383572817,0.06925824436898563,0.8000000149011612
8.15000108256936,28.400001384317875,0.09154759908666274,0.7708244064137908
9.350001100450754,29.60000140219927,0.06925824436898563,0.8547511712034664
9.350001100450754,29.650001402944326,0.09154759908666274,0.8253048479987265
9.800001107156277,30.10000140964985,0.09154759908666274,0.825914241721473
9.850001107901335,30.10000140964985,0.06925824436898563,0.8630145971136167
9.95000110939145,30.200001411139965,0.08284271668930387,0.8816653987572671
9.95000110939145,30.250001411885023,0.11819805627546684,0.8547511712034664
10.75000112131238,31.050001423805952,0.12015621664234175,0.8606601875848896
10.800001122057438,31.050001423805952,0.09154759908666274,0.8960155271710525
11.200001128017902,31.450001429766417,0.12015621664234175,0.8606601875848896
11.25000112876296,31.450001429766417,0.09154759908666274,0.8960155271710525
11.650001134723425,31.85000143572688,0.12015621664234175,0.8606601875848896
11.700001135468483,31.85000143572688,0.09154759908666274,0.8960155271710525
12.100001141428947,32.250001441687346,0.12015621664234175,0.8606601875848896
12.150001142174006,32.250001441687346,0.09154759908666274,0.8960155271710525
12.55000114813447,32.65000144764781,0.12015621664234175,0.8606601875848896
12.600001148879528,32.65000144764781,0.09154759908666274,0.8960155271710525
12.900001153349876,32.95000145211816,0.12015621664234175,0.8606601875848896
12.950001154094934,32.95000145211816,0.09154759908666274,0.8960155271710525
13.200001157820225,33.20000145584345,0.12015621664234175,0.8606601875848896
13.250001158565283,33.20000145584345,0.09154759908666274,0.8960155271710525
13.450001161545515,33.40000145882368,0.12015621664234175,0.8816653987572671
13.500001162290573,33.40000145882368,0.09154759908666274,0.9101801821016996
13.750001166015863,33.65000146254897,0.12015621664234175,0.8960155271710525
13.800001166760921,33.65000146254897,0.09154759908666274,0.9313708667572156
14.050001170486212,33.90000146627426,0.12015621664234175,0.8816653987572671
14.10000117123127,33.90000146627426,0.09154759908666274,0.9101801821016996
14.300001174211502,34.100001469254494,0.11819805627546684,0.8630145971136167
14.35000117495656,34.100001469254494,0.08284271668930387,0.8965856263134644
14.500001177191734,34.25000147148967,0.11819805627546684,0.8630145971136167
14.550001177936792,34.25000147148967,0.08284271668930387,0.8965856263134644
14.650001179426908,34.350001472979784,0.11622777072899887,0.8700467438965735
14.700001180171967,34.350001472979784,0.08284271668930387,0.8977249363623835
14.85000118240714,34.50000147521496,0.12015621664234175,0.8630145971136167
14.900001183152199,34.50000147521496,0.09154759908666274,0.8965856263134644
15.000001184642315,34.600001476705074,0.12015621664234175,0.8700467438965735
15.050001185387373,34.600001476705074,0.09154759908666274,0.9011357936854637
15.100001186132431,34.65000147745013,0.11622777072899887,0.8965856263134644
15.150001186877489,34.65000147745013,0.09154759908666274,0.9236102694553091
15.250001188367605,34.75000147894025,0.12015621664234175,0.8977249363623835
15.300001189112663,34.75000147894025,0.09154759908666274,0.9236102694553091
15.40000119060278,34.850001480430365,0.12015621664234175,0.8965856263134644
15.450001191347837,34.850001480430365,0.09154759908666274,0.9180340054098997
15.550001192837954,34.95000148192048,0.12015621664234175,0.8816653987572671
15.600001193583012,34.95000148192048,0.09154759908666274,0.9101801821016996
15.700001195073128,35.0500014834106,0.12015621664234175,0.8735455436762694
15.750001195818186,35.0500014834106,0.09154759908666274,0.8977249363623835
15.800001196563244,35.100001484155655,0.11622777072899887,0.8816653987572671
15.850001197308302,35.100001484155655,0.09154759908666274,0.9101801821016996
15.950001198798418,35.20000148564577,0.12015621664234175,0.8816653987572671
16.000001199543476,35.20000148564577,0.09154759908666274,0.9101801821016996
16.100001201033592,35.30000148713589,0.12015621664234175,0.8735455436762694
16.15000120177865,35.30000148713589,0.09154759908666274,0.8977249363623835
16.250001203268766,35.400001488626,0.12015621664234175,0.8700467438965735
16.300001204013824,35.400001488626,0.09154759908666274,0.8965856263134644
16.350001204758883,35.45000148937106,0.11622777072899887,0.8735455436762694
16.40000120550394,35.45000148937106,0.09154759908666274,0.8977249363623835
16.500001206994057,35.55000149086118,0.12015621664234175,0.8700467438965735
16.550001207739115,35.55000149086118,0.09154759908666274,0.8965856263134644
16.600001208484173,35.600001491606236,0.11622777072899887,0.8735455436762694
16.65000120922923,35.600001491606236,0.08284271668930387,0.8977249363623835
16.750001210719347,35.70000149309635,0.11622777072899887,0.8700467438965735
16.800001211464405,35.70000149309635,0.09154759908666274,0.8977249363623835
16.90000121295452,35.80000149458647,0.12015621664234175,0.8700467438965735
16.95000121369958,35.80000149458647,0.09154759908666274,0.8965856263134644
17.000001214444637,35.850001495331526,0.11622777072899887,0.8735455436762694
17.050001215189695,35.850001495331526,0.09154759908666274,0.8977249363623835
17.15000121667981,35.95000149682164,0.12015621664234175,0.8700467438965735
17.20000121742487,35.95000149682164,0.09154759908666274,0.8965856263134644
17.250001218169928,36.0000014975667,0.11622777072899887,0.8735455436762694
17.300001218914986,36.0000014975667,0.08284271668930387,0.8977249363623835
17.4000012204051,36.100001499056816,0.11622777072899887,0.8700467438965735
17.45000122115016,36.100001499056816,0.09154759908666274,0.8977249363623835
17.550001222640276,36.20000150054693,0.12015621664234175,0.8700467438965735
17.600001223385334,36.20000150054693,0.09154759908666274,0.8965856263134644
17.650001224130392,36.25000150129199,0.11622777072899887,0.8735455436762694
17.70000122487545,36.25000150129199,0.09154759908666274,0.8977249363623835
17.800001226365566,36.350001502782106,0.12015621664234175,0.8700467438965735
17.850001227110624,36.350001502782106,0.09154759908666274,0.8965856263134644
17.900001227855682,36.400001503527164,0.11622777072899887,0.8735455436762694
17.95000122860074,36.400001503527164,0.09154759908666274,0.8977249363623835
18.050001230090857,36.50000150501728,0.12015621664234175,0.8700467438965735
18.100001230835915,36.50000150501728,0.09154759908666274,0.8977249363623835
18.150001231580973,36.55000150576234,0.11622777072899887,0.8816653987572671
18.20000123232603,36.55000150576234,0.09154759908666274,0.9101801821016996
18.300001233816147,36.650001507252455,0.12015621664234175,0.8735455436762694
18.350001234561205,36.650001507252455,0.09154759908666274,0.8977249363623835
18.400001235306263,36.70000150799751,0.11622777072899887,0.8816653987572671
18.45000123605132,36.70000150799751,0.09154759908666274,0.9101801821016996
18.550001237541437,36.80000150948763,0.12015621664234175,0.8735455436762694
18.600001238286495,36.80000150948763,0.09154759908666274,0.8977249363623835
18.650001239031553,36.85000151023269,0.11622777072899887,0.8816653987572671
18.70000123977661,36.85000151023269,0.09154759908666274,0.9101801821016996
18.800001241266727,36.9500015117228,0.12015621664234175,0.8735455436762694
18.850001242011786,36.9500015117228,0.09154759908666274,0.8977249363623835
18.900001242756844,37.00000151246786,0.11622777072899887,0.8816653987572671
18.9500012435019,37.00000151246786,0.09154759908666274,0.9101801821016996
19.050001244992018,37.10000151395798,0.12015621664234175,0.8816653987572671
19.100001245737076,37.10000151395798,0.09154759908666274,0.9101801821016996
19.200001247227192,37.20000151544809,0.13541020162296988,0.8735455436762694
19.25000124797225,37.20000151544809,0.11622777072899887,0.8977249363623835
19.300001248717308,37.25000151619315,0.12015621664234175,0.8816653987572671
19.350001249462366,37.25000151619315,0.09154759908666274,0.9101801821016996
19.450001250952482,37.35000151768327,0.13541020162296988,0.8735455436762694
19.50000125169754,37.35000151768327,0.11622777072899887,0.8977249363623835
19.5500012524426,37.400001518428326,0.12015621664234175,0.8816653987572671
19.600001253187656,37.400001518428326,0.09154759908666274,0.9101801821016996
19.700001254677773,37.50000151991844,0.12015621664234175,0.8735455436762694
19.75000125542283,37.50000151991844,0.09154759908666274,0.8965856263134644
19.80000125616789,37.5500015206635,0.11622777072899887,0.8735455436762694
19.850001256912947,37.5500015206635,0.09154759908666274,0.8977249363623835
19.950001258403063,37.650001522153616,0.12015621664234175,0.8700467438965735
20.00000125914812,37.650001522153616,0.09154759908666274,0.8965856263134644
20.05000125989318,37.700001522898674,0.11622777072899887,0.8735455436762694
20.100001260638237,37.700001522898674,0.09154759908666274,0.8965856263134644
20.150001261383295,37.75000152364373,0.11622777072899887,0.8735455436762694
20.200001262128353,37.75000152364373,0.08284271668930387,0.8977249363623835
20.30000126361847,37.85000152513385,0.11622777072899887,0.8700467438965735
20.350001264363527,37.85000152513385,0.09154759908666274,0.8965856263134644
20.400001265108585,37.900001525878906,0.11622777072899887,0.8735455436762694
20.450001265853643,37.900001525878906,0.08284271668930387,0.8965856263134644
20.55000126734376,38.00000152736902,0.11622777072899887,0.8547511712034664
20.600001268088818,38.00000152736902,0.09154759908666274,0.8816653987572671
20.650001268833876,38.05000152811408,0.11622777072899887,0.8700467438965735
20.700001269578934,38.05000152811408,0.09154759908666274,0.8965856263134644
20.75000127032399,38.10000152885914,0.11622777072899887,0.8735455436762694
20.80000127106905,38.10000152885914,0.09154759908666274,0.8965856263134644
20.850001271814108,38.1500015296042,0.11622777072899887,0.8735455436762694
20.900001272559166,38.1500015296042,0.09154759908666274,0.8965856263134644
20.950001273304224,38.200001530349255,0.11622777072899887,0.8735455436762694
21.000001274049282,38.200001530349255,0.09154759908666274,0.8977249363623835
21.05000127479434,38.25000153109431,0.11622777072899887,0.8816653987572671
21.100001275539398,38.25000153109431,0.09154759908666274,0.9101801821016996
21.200001277029514,38.35000153258443,0.13541020162296988,0.8735455436762694
21.250001277774572,38.35000153258443,0.11622777072899887,0.8965856263134644
21.30000127851963,38.40000153332949,0.13541020162296988,0.8735455436762694
21.35000127926469,38.40000153332949,0.11622777072899887,0.8977249363623835
21.400001280009747,38.450001534074545,0.13541020162296988,0.8816653987572671
21.450001280754805,38.450001534074545,0.11622777072899887,0.9101801821016996
21.500001281499863,38.5000015348196,0.13541020162296988,0.8965856263134644
21.55000128224492,38.5000015348196,0.11622777072899887,0.9180340054098997
21.60000128298998,38.55000153556466,0.13541020162296988,0.8965856263134644
21.650001283735037,38.55000153556466,0.11622777072899887,0.9180340054098997
21.700001284480095,38.60000153630972,0.13541020162296988,0.8965856263134644
21.750001285225153,38.60000153630972,0.11622777072899887,0.9180340054098997
21.80000128597021,38.65000153705478,0.13541020162296988,0.8965856263134644
21.85000128671527,38.65000153705478,0.11622777072899887,0.9180340054098997
21.900001287460327,38.700001537799835,0.13541020162296988,0.8965856263134644
21.950001288205385,38.700001537799835,0.11622777072899887,0.9180340054098997
22.000001288950443,38.75000153854489,0.13541020162296988,0.8965856263134644
22.0500012896955,38.75000153854489,0.11622777072899887,0.9180340054098997
22.10000129044056,38.80000153928995,0.13541020162296988,0.8965856263134644
22.150001291185617,38.80000153928995,0.11622777072899887,0.9180340054098997
22.200001291930676,38.85000154003501,0.13541020162296988,0.8965856263134644
22.250001292675734,38.85000154003501,0.11622777072899887,0.9180340054098997
22.30000129342079,38.90000154078007,0.13541020162296988,0.8965856263134644
22.35000129416585,38.90000154078007,0.11622777072899887,0.9180340054098997
22.400001294910908,38.950001541525126,0.13541020162296988,0.8920164996643914
22.450001295655966,38.950001541525126,0.11622777072899887,0.906797197551496
22.500001296401024,39.000001542270184,0.13541020162296988,0.8770329774759426
22.550001297146082,39.000001542270184,0.11622777072899887,0.8965856263134644
22.60000129789114,39.05000154301524,0.12015621664234175,0.8735455436762694
22.650001298636198,39.05000154301524,0.09154759908666274,0.8965856263134644
22.700001299381256,39.1000015437603,0.11622777072899887,0.8735455436762694
22.750001300126314,39.1000015437603,0.09154759908666274,0.8965856263134644
22.800001300871372,39.15000154450536,0.11622777072899887,0.8735455436762694
22.85000130161643,39.15000154450536,0.09154759908666274,0.8965856263134644
22.90000130236149,39.200001545250416,0.11622777072899887,0.8735455436762694
22.950001303106546,39.200001545250416,0.09154759908666274,0.8965856263134644
23.000001303851604,39.250001545995474,0.11622777072899887,0.8735455436762694
23.050001304596663,39.250001545995474,0.09154759908666274,0.8965856263134644
23.10000130534172,39.30000154674053,0.11622777072899887,0.8735455436762694
23.15000130608678,39.30000154674053,0.09154759908666274,0.8965856263134644
23.200001306831837,39.35000154748559,0.11622777072899887,0.8735455436762694
23.250001307576895,39.35000154748559,0.09154759908666274,0.8965856263134644
23.300001308321953,39.40000154823065,0.11622777072899887,0.8735455436762694
23.35000130906701,39.40000154823065,0.09154759908666274,0.8965856263134644
23.40000130981207,39.450001548975706,0.11622777072899887,0.8735455436762694
23.450001310557127,39.450001548975706,0.09154759908666274,0.8965856263134644
23.500001311302185,39.500001549720764,0.11622777072899887,0.8735455436762694
23.550001312047243,39.500001549720764,0.09154759908666274,0.8965856263134644
23.6000013127923,39.55000155046582,0.11622777072899887,0.8735455436762694
23.65000131353736,39.55000155046582,0.09154759908666274,0.8965856263134644
23.700001314282417,39.60000155121088,0.11622777072899887,0.8735455436762694
23.750001315027475,39.60000155121088,0.09154759908666274,0.8965856263134644
23.800001315772533,39.65000155195594,0.11622777072899887,0.8735455436762694
23.85000131651759,39.65000155195594,0.09154759908666274,0.8965856263134644
23.90000131726265,39.700001552700996,0.11622777072899887,0.8735455436762694
23.950001318007708,39.700001552700996,0.09154759908666274,0.8965856263134644
24.000001318752766,39.750001553446054,0.11622777072899887,0.8735455436762694
24.050001319497824,39.750001553446054,0.08284271668930387,0.8965856263134644
24.15000132098794,39.85000155493617,0.11622777072899887,0.8547511712034664
24.200001321732998,39.85000155493617,0.09154759908666274,0.8816653987572671
24.250001322478056,39.90000155568123,0.11622777072899887,0.8700467438965735
24.300001323223114,39.90000155568123,0.09154759908666274,0.8965856263134644
24.350001323968172,39.95000155642629,0.11622777072899887,0.8735455436762694
24.40000132471323,39.95000155642629,0.09154759908666274,0.8965856263134644
24.450001325458288,40.000001557171345,0.11622777072899887,0.8735455436762694
24.500001326203346,40.000001557171345,0.09154759908666274,0.8965856263134644
24.550001326948404,40.0500015579164,0.11622777072899887,0.8735455436762694
24.600001327693462,40.0500015579164,0.09154759908666274,0.8965856263134644
24.65000132843852,40.10000155866146,0.11622777072899887,0.8735455436762694
24.70000132918358,40.10000155866146,0.09154759908666274,0.8965856263134644
24.750001329928637,40.15000155940652,0.11622777072899887,0.8735455436762694
24.800001330673695,40.15000155940652,0.08284271668930387,0.8977249363623835
24.90000133216381,40.250001560896635,0.11622777072899887,0.8700467438965735
24.95000133290887,40.250001560896635,0.09154759908666274,0.8965856263134644
25.000001333653927,40.30000156164169,0.11622777072899887,0.8735455436762694
25.050001334398985,40.30000156164169,0.09154759908666274,0.8965856263134644
25.100001335144043,40.35000156238675,0.11622777072899887,0.8735455436762694
25.1500013358891,40.35000156238675,0.09154759908666274,0.8965856263134644
25.20000133663416,40.40000156313181,0.11622777072899887,0.8735455436762694
25.250001337379217,40.40000156313181,0.09154759908666274,0.8965856263134644
25.300001338124275,40.45000156387687,0.11622777072899887,0.8735455436762694
25.350001338869333,40.45000156387687,0.09154759908666274,0.8977249363623835
25.40000133961439,40.500001564621925,0.11622777072899887,0.8816653987572671
25.45000134035945,40.500001564621925,0.09154759908666274,0.9101801821016996
25.550001341849566,40.60000156611204,0.12015621664234175,0.8735455436762694
25.600001342594624,40.60000156611204,0.09154759908666274,0.8977249363623835
25.70000134408474,40.70000156760216,0.12015621664234175,0.8700467438965735
25.750001344829798,40.70000156760216,0.09154759908666274,0.8977249363623835
25.850001346319914,40.800001569092274,0.12015621664234175,0.8700467438965735
25.900001347064972,40.800001569092274,0.09154759908666274,0.8977249363623835
26.000001348555088,40.90000157058239,0.12015621664234175,0.8700467438965735
26.050001349300146,40.90000157058239,0.09154759908666274,0.9011357936854637
26.150001350790262,41.000001572072506,0.12015621664234175,0.8816653987572671
26.20000135153532,41.000001572072506,0.09154759908666274,0.9101801821016996
26.350001353770494,41.15000157430768,0.12015621664234175,0.8700467438965735
26.400001354515553,41.15000157430768,0.09154759908666274,0.9011357936854637
26.550001356750727,41.300001576542854,0.12015621664234175,0.8700467438965735
26.600001357495785,41.300001576542854,0.09154759908666274,0.8977249363623835
26.850001361221075,41.550001580268145,0.12015621664234175,0.8606601875848896
26.900001361966133,41.550001580268145,0.09154759908666274,0.8960155271710525
27.300001367926598,41.95000158622861,0.09154759908666274,0.8960155271710525
27.300001367926598,42.00000158697367,0.12015621664234175,0.8606601875848896
27.50000137090683,42.2000015899539,0.08284271668930387,0.8977249363623835
27.50000137090683,42.25000159069896,0.11622777072899887,0.8735455436762694
27.550001371651888,42.300001591444016,0.09154759908666274,0.8965856263134644
27.550001371651888,42.350001592189074,0.11622777072899887,0.8735455436762694
27.600001372396946,42.40000159293413,0.09154759908666274,0.8965856263134644
27.600001372396946,42.50000159442425,0.13541020162296988,0.8594810208083519
27.650001373142004,42.550001595169306,0.10413813104692221,0.8920164996643914
27.650001373142004,42.75000159814954,0.15355339586162983,0.8547511712034664
27.700001373887062,42.800001598894596,0.11622777072899887,0.9011357936854637
27.700001373887062,43.850001614540815,0.13541020162296988,0.9000000163912774
27.650001373142004,43.90000161528587,0.16400549988813046,0.8500000156462193
27.650001373142004,44.80000162869692,0.13541020162296988,0.9000000163912774
27.600001372396946,44.85000162944198,0.16400549988813046,0.8500000156462193
27.600001372396946,45.3000016361475,0.13541020162296988,0.8793516733297382
27.550001371651888,45.35000163689256,0.16400549988813046,0.8440306664483241
27.550001371651888,45.75000164285302,0.13541020162296988,0.8920164996643914
27.50000137090683,45.80000164359808,0.16400549988813046,0.8500000156462193
27.50000137090683,46.10000164806843,0.13541020162296988,0.8793516733297382
27.45000137016177,46.150001648813486,0.16400549988813046,0.8440306664483241
27.45000137016177,46.50000165402889,0.11622777072899887,0.8793516733297382
27.400001369416714,46.55000165477395,0.15355339586162983,0.8440306664483241
27.400001369416714,46.8500016592443,0.11622777072899887,0.8606601875848896
27.350001368671656,46.90000165998936,0.15355339586162983,0.8198039179148193
27.350001368671656,47.200001664459705,0.11622777072899887,0.8688779322491196
27.300001367926598,47.25000166520476,0.15355339586162983,0.8307764217641807
27.300001367926598,47.55000166967511,0.11622777072899887,0.8688779322491196
27.25000136718154,47.60000167042017,0.15355339586162983,0.8307764217641807
27.25000136718154,47.90000167489052,0.11622777072899887,0.8688779322491196
27.20000136643648,47.950001675635576,0.15355339586162983,0.8307764217641807
27.20000136643648,48.250001680105925,0.11622777072899887,0.8688779322491196
27.150001365691423,48.30000168085098,0.15355339586162983,0.8307764217641807
27.150001365691423,48.60000168532133,0.11622777072899887,0.8793516733297382
27.100001364946365,48.65000168606639,0.15355339586162983,0.8440306664483241
27.100001364946365,48.95000169053674,0.11622777072899887,0.8793516733297382
27.050001364201307,49.000001691281796,0.15355339586162983,0.8440306664483241
27.050001364201307,49.300001695752144,0.11622777072899887,0.8793516733297382
27.00000136345625,49.3500016964972,0.15355339586162983,0.8440306664483241
27.00000136345625,49.65000170096755,0.11622777072899887,0.8793516733297382
26.95000136271119,49.70000170171261,0.15355339586162983,0.8440306664483241
26.95000136271119,49.9500017054379,0.11622777072899887,0.8793516733297382
26.900001361966133,50.00000170618296,0.15355339586162983,0.8440306664483241
26.900001361966133,50.20000170916319,0.11622777072899887,0.8793516733297382
26.850001361221075,50.25000170990825,0.15355339586162983,0.8440306664483241
26.850001361221075,50.50000171363354,0.11622777072899887,0.8793516733297382
26.800001360476017,50.550001714378595,0.15355339586162983,0.8440306664483241
26.800001360476017,50.75000171735883,0.11622777072899887,0.8793516733297382
26.75000135973096,50.800001718103886,0.15355339586162983,0.8440306664483241
26.75000135973096,51.050001721829176,0.11622777072899887,0.8793516733297382
26.7000013589859,51.100001722574234,0.15355339586162983,0.8440306664483241
26.7000013589859,51.300001725554466,0.11622777072899887,0.8793516733297382
26.650001358240843,51.350001726299524,0.15355339586162983,0.8440306664483241
26.650001358240843,51.55000172927976,0.11622777072899887,0.8793516733297382
26.600001357495785,51.600001730024815,0.15355339586162983,0.8440306664483241
26.600001357495785,51.850001733750105,0.11622777072899887,0.8793516733297382
26.550001356750727,51.90000173449516,0.15355339586162983,0.8440306664483241
26.550001356750727,52.100001737475395,0.11622777072899887,0.8793516733297382
26.50000135600567,52.15000173822045,0.15355339586162983,0.8440306664483241
26.50000135600567,52.400001741945744,0.11622777072899887,0.8793516733297382
26.45000135526061,52.4500017426908,0.15355339586162983,0.8440306664483241
26.45000135526061,52.650001745671034,0.11622777072899887,0.8793516733297382
26.400001354515553,52.70000174641609,0.15355339586162983,0.8440306664483241
26.400001354515553,52.900001749396324,0.11622777072899887,0.8793516733297382
26.350001353770494,52.95000175014138,0.15355339586162983,0.8440306664483241
26.350001353770494,53.150001753121614,0.11622777072899887,0.8688779322491196
26.300001353025436,53.20000175386667,0.15355339586162983,0.8307764217641807
26.300001353025436,53.400001756846905,0.11622777072899887,0.8688779322491196
26.25000135228038,53.45000175759196,0.15355339586162983,0.8307764217641807
26.25000135228038,53.650001760572195,0.11622777072899887,0.8688779322491196
26.20000135153532,53.70000176131725,0.15355339586162983,0.8307764217641807
26.20000135153532,53.85000176355243,0.11622777072899887,0.8688779322491196
26.150001350790262,53.900001764297485,0.15355339586162983,0.8307764217641807
26.150001350790262,54.10000176727772,0.11622777072899887,0.8688779322491196
26.100001350045204,54.150001768022776,0.15355339586162983,0.8307764217641807
26.100001350045204,54.35000177100301,0.11622777072899887,0.8688779322491196
26.050001349300146,54.400001771748066,0.15355339586162983,0.8307764217641807
26.050001349300146,54.55000177398324,0.11622777072899887,0.8688779322491196
26.000001348555088,54.6000017747283,0.15355339586162983,0.8307764217641807
26.000001348555088,54.80000177770853,0.11622777072899887,0.8688779322491196
25.95000134781003,54.85000177845359,0.15355339586162983,0.8307764217641807
25.95000134781003,55.05000178143382,0.11622777072899887,0.8793516733297382
25.900001347064972,55.10000178217888,0.15355339586162983,0.8440306664483241
25.900001347064972,55.25000178441405,0.11622777072899887,0.8793516733297382
25.850001346319914,55.30000178515911,0.15355339586162983,0.8440306664483241
25.850001346319914,55.40000178664923,0.11622777072899887,0.8770329774759426
25.800001345574856,55.450001787394285,0.15355339586162983,0.8440306664483241
25.800001345574856,55.5500017888844,0.11622777072899887,0.8688779322491196
25.750001344829798,55.60000178962946,0.15355339586162983,0.8307764217641807
25.750001344829798,55.700001791119576,0.11622777072899887,0.8594810208083519
25.70000134408474,55.750001791864634,0.15355339586162983,0.8307764217641807
25.70000134408474,55.85000179335475,0.11622777072899887,0.8594810208083519
25.65000134333968,55.90000179409981,0.15355339586162983,0.8307764217641807
25.65000134333968,56.000001795589924,0.11622777072899887,0.8594810208083519
25.600001342594624,56.05000179633498,0.15355339586162983,0.8307764217641807
25.600001342594624,56.1500017978251,0.11622777072899887,0.8594810208083519
25.550001341849566,56.200001798570156,0.15355339586162983,0.8307764217641807
25.550001341849566,56.30000180006027,0.11622777072899887,0.8594810208083519
25.500001341104507,56.35000180080533,0.15355339586162983,0.8307764217641807
25.500001341104507,56.450001802295446,0.11622777072899887,0.8594810208083519
25.45000134035945,56.500001803040504,0.15355339586162983,0.8307764217641807
25.45000134035945,56.60000180453062,0.11622777072899887,0.8735455436762694
25.40000133961439,56.65000180527568,0.13541020162296988,0.8511898177453807
25.40000133961439,56.70000180602074,0.11622777072899887,0.8735455436762694
25.350001338869333,56.750001806765795,0.13541020162296988,0.8511898177453807
25.350001338869333,56.80000180751085,0.11622777072899887,0.8735455436762694
25.300001338124275,56.85000180825591,0.13541020162296988,0.8511898177453807
25.300001338124275,56.90000180900097,0.11622777072899887,0.8735455436762694
25.250001337379217,56.95000180974603,0.13541020162296988,0.8511898177453807
25.250001337379217,57.000001810491085,0.11622777072899887,0.8735455436762694
25.20000133663416,57.05000181123614,0.13541020162296988,0.8511898177453807
25.20000133663416,57.1000018119812,0.11622777072899887,0.8735455436762694
25.1500013358891,57.15000181272626,0.13541020162296988,0.8511898177453807
25.1500013358891,57.20000181347132,0.11622777072899887,0.8735455436762694
25.100001335144043,57.250001814216375,0.13541020162296988,0.8511898177453807
25.100001335144043,57.30000181496143,0.11622777072899887,0.8735455436762694
24.95000133290887,57.45000181719661,0.15355339586162983,0.8307764217641807
24.95000133290887,57.500001817941666,0.12015621664234175,0.8630145971136167
24.750001329928637,57.7000018209219,0.15355339586162983,0.825914241721473
24.750001329928637,57.750001821666956,0.12015621664234175,0.8606601875848896
24.500001326203346,58.000001825392246,0.13541020162296988,0.8606601875848896
24.450001325458288,58.000001825392246,0.160555132919089,0.825914241721473
24.300001323223114,58.15000182762742,0.13541020162296988,0.8547511712034664
24.250001322478056,58.15000182762742,0.160555132919089,0.8295630294403845
24.15000132098794,58.25000182911754,0.15355339586162983,0.8547511712034664
24.10000132024288,58.25000182911754,0.18078866096738858,0.8295630294403845
24.050001319497824,58.300001829862595,0.160555132919089,0.8511898177453807
24.000001318752766,58.300001829862595,0.18078866096738858,0.8295630294403845
23.950001318007708,58.35000183060765,0.160555132919089,0.8511898177453807
23.90000131726265,58.35000183060765,0.18078866096738858,0.8295630294403845
23.85000131651759,58.40000183135271,0.160555132919089,0.8511898177453807
23.800001315772533,58.40000183135271,0.18078866096738858,0.8295630294403845
23.750001315027475,58.45000183209777,0.15355339586162983,0.8511898177453807
23.65000131353736,58.45000183209777,0.18078866096738858,0.8124228516521053
23.6000013127923,58.50000183284283,0.15355339586162983,0.8440306664483241
23.500001311302185,58.50000183284283,0.18078866096738858,0.8124228516521053
23.450001310557127,58.550001833587885,0.15355339586162983,0.8440306664483241
23.35000130906701,58.550001833587885,0.18078866096738858,0.8124228516521053
23.300001308321953,58.60000183433294,0.15355339586162983,0.8440306664483241
23.200001306831837,58.60000183433294,0.18078866096738858,0.8198039179148193
23.15000130608678,58.650001835078,0.1500000052154064,0.8606601875848896
22.90000130236149,58.650001835078,0.18078866096738858,0.8198039179148193
22.85000130161643,58.70000183582306,0.1500000052154064,0.8606601875848896
22.550001297146082,58.70000183582306,0.18078866096738858,0.8500000156462193
22.500001296401024,58.75000183656812,0.1500000052154064,0.9000000163912774
21.500001281499863,58.75000183656812,0.18078866096738858,0.8500000156462193
21.450001280754805,58.800001837313175,0.1500000052154064,0.9000000163912774
