#x_m,y_m,w_tr_right_m,w_tr_left_m
21.000001274049282,58.45000183209777,0.5433034484420096,0.5000000104308129
21.05000127479434,58.40000183135271,0.5000000104308129,0.5500000111758709
22.250001292675734,58.40000183135271,0.5433034484420096,0.5000000104308129
22.30000129342079,58.35000183060765,0.5000000104308129,0.5500000111758709
22.85000130161643,58.35000183060765,0.5158910638314256,0.4800735355706574
22.90000130236149,58.300001829862595,0.4800735355706574,0.5158910638314256
23.15000130608678,58.300001829862595,0.5158910638314256,0.4800735355706574
23.200001306831837,58.25000182911754,0.4800735355706574,0.5158910638314256
23.300001308321953,58.25000182911754,0.5158910638314256,0.4800735355706574
23.35000130906701,58.20000182837248,0.4800735355706574,0.5158910638314256
23.450001310557127,58.20000182837248,0.5158910638314256,0.4800735355706574
23.500001311302185,58.15000182762742,0.4800735355706574,0.5158910638314256
23.550001312047243,58.15000182762742,0.49641942423666396,0.49641942423666396
23.6000013127923,58.10000182688236,0.4708204032459398,0.5280109997762609
23.65000131353736,58.10000182688236,0.4946222098231675,0.5158910638314256
23.700001314282417,58.050001826137304,0.4708204032459398,0.5382411640123205
23.750001315027475,58.050001826137304,0.4946222098231675,0.5158910638314256
23.800001315772533,58.000001825392246,0.4708204032459398,0.5382411640123205
23.85000131651759,58.000001825392246,0.4946222098231675,0.5158910638314256
23.90000131726265,57.95000182464719,0.4708204032459398,0.5382411640123205
23.950001318007708,57.95000182464719,0.4946222098231675,0.5071067917232597
24.000001318752766,57.90000182390213,0.4800735355706574,0.5106335307668594
24.050001319497824,57.90000182390213,0.5106335307668594,0.4800735355706574
24.15000132098794,57.800001822412014,0.4800735355706574,0.5071067917232597
24.200001321732998,57.800001822412014,0.5106335307668594,0.47268121237741656
24.600001327693462,57.40000181645155,0.5211102658381779,0.4708204032459398
24.600001327693462,57.35000181570649,0.4946222098231675,0.4946222098231675
24.70000132918358,57.250001814216375,0.5106335307668594,0.4708204032459398
24.70000132918358,57.20000181347132,0.4800735355706574,0.4946222098231675
24.800001330673695,57.1000018119812,0.5158910638314256,0.4708204032459398
24.800001330673695,57.05000181123614,0.4946222098231675,0.4946222098231675
24.850001331418753,57.000001810491085,0.5158910638314256,0.4708204032459398
24.850001331418753,56.95000180974603,0.4946222098231675,0.4946222098231675
24.90000133216381,56.90000180900097,0.5158910638314256,0.4708204032459398
24.90000133216381,56.85000180825591,0.4946222098231675,0.4946222098231675
24.95000133290887,56.80000180751085,0.5158910638314256,0.4708204032459398
24.95000133290887,56.750001806765795,0.4946222098231675,0.4946222098231675
25.000001333653927,56.70000180602074,0.5158910638314256,0.4708204032459398
25.000001333653927,56.65000180527568,0.4946222098231675,0.4946222098231675
25.050001334398985,56.60000180453062,0.5158910638314256,0.4708204032459398
25.050001334398985,56.55000180378556,0.4946222098231675,0.4946222098231675
25.100001335144043,56.500001803040504,0.5158910638314256,0.4708204032459398
25.100001335144043,56.450001802295446,0.4946222098231675,0.4946222098231675
25.1500013358891,56.40000180155039,0.5158910638314256,0.4670832131466311
25.1500013358891,56.30000180006027,0.4800735355706574,0.49641942423666396
25.20000133663416,56.250001799315214,0.5158910638314256,0.4670832131466311
25.20000133663416,56.1500017978251,0.4800735355706574,0.49641942423666396
25.250001337379217,56.10000179708004,0.5158910638314256,0.4670832131466311
25.250001337379217,56.000001795589924,0.4800735355706574,0.49641942423666396
25.300001338124275,55.950001794844866,0.5158910638314256,0.4670832131466311
25.300001338124275,55.85000179335475,0.4800735355706574,0.49641942423666396
25.350001338869333,55.80000179260969,0.5158910638314256,0.4670832131466311
25.350001338869333,55.700001791119576,0.4800735355706574,0.49641942423666396
25.40000133961439,55.65000179037452,0.5158910638314256,0.4670832131466311
25.40000133961439,55.50000178813934,0.4670832131466311,0.5158910638314256
25.45000134035945,55.450001787394285,0.5071067917232597,0.4800735355706574
25.45000134035945,55.35000178590417,0.4800735355706574,0.5158910638314256
25.500001341104507,55.30000178515911,0.5158910638314256,0.4800735355706574
25.500001341104507,55.200001783668995,0.4800735355706574,0.5158910638314256
25.550001341849566,55.15000178292394,0.5158910638314256,0.4800735355706574
25.550001341849566,55.00000178068876,0.4800735355706574,0.5158910638314256
25.600001342594624,54.950001779943705,0.5158910638314256,0.4800735355706574
25.600001342594624,54.75000177696347,0.4670832131466311,0.5158910638314256
25.65000134333968,54.700001776218414,0.5071067917232597,0.4800735355706574
25.65000134333968,54.50000177323818,0.4670832131466311,0.5158910638314256
25.70000134408474,54.450001772493124,0.5071067917232597,0.4800735355706574
25.70000134408474,54.30000177025795,0.4670832131466311,0.5158910638314256
25.750001344829798,54.25000176951289,0.5071067917232597,0.4800735355706574
25.750001344829798,54.05000176653266,0.4670832131466311,0.5158910638314256
25.800001345574856,54.0000017657876,0.5071067917232597,0.4800735355706574
25.800001345574856,53.80000176280737,0.4670832131466311,0.5158910638314256
25.850001346319914,53.75000176206231,0.5071067917232597,0.4800735355706574
25.850001346319914,53.60000175982714,0.4670832131466311,0.5158910638314256
25.900001347064972,53.55000175908208,0.5071067917232597,0.4800735355706574
25.900001347064972,53.35000175610185,0.4670832131466311,0.5158910638314256
25.95000134781003,53.30000175535679,0.5071067917232597,0.4800735355706574
25.95000134781003,53.100001752376556,0.4670832131466311,0.5158910638314256
26.000001348555088,53.0500017516315,0.5071067917232597,0.4800735355706574
26.000001348555088,52.850001748651266,0.4800735355706574,0.5158910638314256
26.050001349300146,52.80000174790621,0.5158910638314256,0.4800735355706574
26.050001349300146,52.600001744925976,0.4800735355706574,0.5158910638314256
26.100001350045204,52.55000174418092,0.5158910638314256,0.4800735355706574
26.100001350045204,52.350001741200686,0.4800735355706574,0.5158910638314256
26.150001350790262,52.30000174045563,0.5158910638314256,0.4800735355706574
26.150001350790262,52.05000173673034,0.4800735355706574,0.5158910638314256
26.20000135153532,52.00000173598528,0.5158910638314256,0.4800735355706574
26.20000135153532,51.80000173300505,0.4800735355706574,0.5158910638314256
26.25000135228038,51.75000173225999,0.5158910638314256,0.4800735355706574
26.25000135228038,51.5000017285347,0.4800735355706574,0.5158910638314256
26.300001353025436,51.45000172778964,0.5158910638314256,0.4800735355706574
26.300001353025436,51.25000172480941,0.4800735355706574,0.5158910638314256
26.350001353770494,51.20000172406435,0.5158910638314256,0.4800735355706574
26.350001353770494,51.00000172108412,0.4800735355706574,0.5158910638314256
26.400001354515553,50.95000172033906,0.5158910638314256,0.4800735355706574
26.400001354515553,50.70000171661377,0.4800735355706574,0.5158910638314256
26.45000135526061,50.65000171586871,0.5158910638314256,0.4800735355706574
26.45000135526061,50.45000171288848,0.4800735355706574,0.5158910638314256
26.50000135600567,50.40000171214342,0.5158910638314256,0.4800735355706574
26.50000135600567,50.15000170841813,0.4800735355706574,0.5158910638314256
26.550001356750727,50.10000170767307,0.5158910638314256,0.4800735355706574
26.550001356750727,49.90000170469284,0.4800735355706574,0.5158910638314256
26.600001357495785,49.85000170394778,0.5158910638314256,0.4800735355706574
26.600001357495785,49.60000170022249,0.4800735355706574,0.5158910638314256
26.650001358240843,49.550001699477434,0.5158910638314256,0.4800735355706574
26.650001358240843,49.250001695007086,0.4800735355706574,0.5158910638314256
26.7000013589859,49.20000169426203,0.5158910638314256,0.4800735355706574
26.7000013589859,48.90000168979168,0.4800735355706574,0.5158910638314256
26.75000135973096,48.85000168904662,0.5158910638314256,0.4800735355706574
26.75000135973096,48.55000168457627,0.4800735355706574,0.5158910638314256
26.800001360476017,48.500001683831215,0.5158910638314256,0.4800735355706574
26.800001360476017,48.20000167936087,0.4670832131466311,0.5158910638314256
26.850001361221075,48.15000167861581,0.5071067917232597,0.4800735355706574
26.850001361221075,47.85000167414546,0.4670832131466311,0.5158910638314256
26.900001361966133,47.8000016734004,0.5071067917232597,0.4800735355706574
26.900001361966133,47.500001668930054,0.4670832131466311,0.5158910638314256
26.95000136271119,47.450001668184996,0.5071067917232597,0.4800735355706574
26.95000136271119,47.15000166371465,0.4670832131466311,0.5158910638314256
27.00000136345625,47.10000166296959,0.5071067917232597,0.4800735355706574
27.00000136345625,46.8500016592443,0.4670832131466311,0.5071067917232597
27.050001364201307,46.80000165849924,0.5071067917232597,0.4670832131466311
27.050001364201307,46.450001653283834,0.4800735355706574,0.5158910638314256
27.100001364946365,46.400001652538776,0.5158910638314256,0.4800735355706574
27.100001364946365,46.10000164806843,0.49641942423666396,0.5158910638314256
27.150001365691423,46.05000164732337,0.5280109997762609,0.4800735355706574
27.150001365691423,45.700001642107964,0.49641942423666396,0.5280109997762609
27.20000136643648,45.650001641362906,0.5280109997762609,0.49641942423666396
27.20000136643648,45.3000016361475,0.49641942423666396,0.5158910638314256
27.25000136718154,45.25000163540244,0.5280109997762609,0.4800735355706574
27.25000136718154,44.650001626461744,0.5000000104308129,0.5500000111758709
27.300001367926598,44.600001625716686,0.5500000111758709,0.5000000104308129
27.300001367926598,43.70000161230564,0.5000000104308129,0.5500000111758709
27.350001368671656,43.65000161156058,0.5500000111758709,0.5000000104308129
27.350001368671656,43.00000160187483,0.5500000111758709,0.5000000104308129
27.300001367926598,42.95000160112977,0.5000000104308129,0.5433034484420096
27.300001367926598,42.65000159665942,0.5280109997762609,0.4670832131466311
27.25000136718154,42.600001595914364,0.49641942423666396,0.4946222098231675
27.25000136718154,42.50000159442425,0.5382411640123205,0.4500000096857548
27.20000136643648,42.45000159367919,0.5158910638314256,0.4708204032459398
27.20000136643648,42.40000159293413,0.5382411640123205,0.44031243328468356
27.100001364946365,42.300001591444016,0.5106335307668594,0.4708204032459398
27.100001364946365,42.25000159069896,0.5433034484420096,0.43639611255093375
26.50000135600567,41.65000158175826,0.5500000111758709,0.43639611255093375
26.45000135526061,41.65000158175826,0.5211102658381779,0.4708204032459398
26.350001353770494,41.550001580268145,0.5500000111758709,0.44031243328468356
26.300001353025436,41.550001580268145,0.5211102658381779,0.47268121237741656
26.150001350790262,41.40000157803297,0.5500000111758709,0.44031243328468356
26.100001350045204,41.40000157803297,0.5211102658381779,0.47268121237741656
26.000001348555088,41.300001576542854,0.5500000111758709,0.45192025023463345
25.95000134781003,41.300001576542854,0.5211102658381779,0.4800735355706574
25.800001345574856,41.15000157430768,0.5500000111758709,0.44031243328468356
25.750001344829798,41.15000157430768,0.5211102658381779,0.4708204032459398
25.65000134333968,41.050001572817564,0.5500000111758709,0.44031243328468356
25.600001342594624,41.050001572817564,0.5211102658381779,0.4708204032459398
25.500001341104507,40.95000157132745,0.5500000111758709,0.44031243328468356
25.45000134035945,40.95000157132745,0.5211102658381779,0.4708204032459398
25.40000133961439,40.90000157058239,0.5382411640123205,0.45192025023463345
25.350001338869333,40.90000157058239,0.5158910638314256,0.4800735355706574
25.250001337379217,40.800001569092274,0.5500000111758709,0.4500000096857548
25.20000133663416,40.800001569092274,0.5211102658381779,0.4708204032459398
25.1500013358891,40.750001568347216,0.5382411640123205,0.4500000096857548
25.100001335144043,40.750001568347216,0.5158910638314256,0.4708204032459398
25.050001334398985,40.70000156760216,0.5382411640123205,0.4500000096857548
25.000001333653927,40.70000156760216,0.5158910638314256,0.4708204032459398
24.95000133290887,40.6500015668571,0.5382411640123205,0.4500000096857548
24.90000133216381,40.6500015668571,0.5158910638314256,0.4708204032459398
24.850001331418753,40.60000156611204,0.5382411640123205,0.4500000096857548
24.800001330673695,40.60000156611204,0.5158910638314256,0.4708204032459398
24.750001329928637,40.55000156536698,0.5382411640123205,0.4500000096857548
24.70000132918358,40.55000156536698,0.5106335307668594,0.4708204032459398
24.600001327693462,40.45000156387687,0.5382411640123205,0.44031243328468356
24.550001326948404,40.45000156387687,0.5158910638314256,0.4708204032459398
24.500001326203346,40.40000156313181,0.5382411640123205,0.4500000096857548
24.450001325458288,40.40000156313181,0.5158910638314256,0.4708204032459398
24.40000132471323,40.35000156238675,0.5382411640123205,0.4500000096857548
24.350001323968172,40.35000156238675,0.5158910638314256,0.4708204032459398
24.300001323223114,40.30000156164169,0.5382411640123205,0.4500000096857548
24.250001322478056,40.30000156164169,0.5158910638314256,0.4708204032459398
24.200001321732998,40.250001560896635,0.5382411640123205,0.4500000096857548
24.15000132098794,40.250001560896635,0.5158910638314256,0.4708204032459398
24.10000132024288,40.20000156015158,0.5382411640123205,0.4500000096857548
24.050001319497824,40.20000156015158,0.5106335307668594,0.4708204032459398
24.000001318752766,40.15000155940652,0.5211102658381779,0.4500000096857548
23.950001318007708,40.15000155940652,0.4946222098231675,0.4708204032459398
23.85000131651759,40.0500015579164,0.5382411640123205,0.44031243328468356
23.800001315772533,40.0500015579164,0.5158910638314256,0.4708204032459398
23.750001315027475,40.000001557171345,0.5382411640123205,0.4500000096857548
23.700001314282417,40.000001557171345,0.5158910638314256,0.4708204032459398
23.65000131353736,39.95000155642629,0.5382411640123205,0.4500000096857548
23.6000013127923,39.95000155642629,0.5158910638314256,0.4708204032459398
23.550001312047243,39.90000155568123,0.5382411640123205,0.4500000096857548
23.500001311302185,39.90000155568123,0.5158910638314256,0.4708204032459398
23.450001310557127,39.85000155493617,0.5382411640123205,0.4500000096857548
23.40000130981207,39.85000155493617,0.5158910638314256,0.4708204032459398
23.35000130906701,39.80000155419111,0.5382411640123205,0.4500000096857548
23.300001308321953,39.80000155419111,0.5158910638314256,0.4708204032459398
23.250001307576895,39.750001553446054,0.5382411640123205,0.4500000096857548
23.200001306831837,39.750001553446054,0.5158910638314256,0.4708204032459398
23.15000130608678,39.700001552700996,0.5382411640123205,0.4500000096857548
23.10000130534172,39.700001552700996,0.5158910638314256,0.4708204032459398
23.050001304596663,39.65000155195594,0.5382411640123205,0.4500000096857548
23.000001303851604,39.65000155195594,0.5158910638314256,0.4708204032459398
22.950001303106546,39.60000155121088,0.5382411640123205,0.4500000096857548
22.90000130236149,39.60000155121088,0.5158910638314256,0.4708204032459398
22.85000130161643,39.55000155046582,0.5382411640123205,0.4500000096857548
22.800001300871372,39.55000155046582,0.5158910638314256,0.4708204032459398
22.750001300126314,39.500001549720764,0.5382411640123205,0.4500000096857548
22.700001299381256,39.500001549720764,0.5158910638314256,0.4708204032459398
22.650001298636198,39.450001548975706,0.5382411640123205,0.4500000096857548
22.60000129789114,39.450001548975706,0.5158910638314256,0.4708204032459398
22.550001297146082,39.40000154823065,0.5382411640123205,0.4500000096857548
22.500001296401024,39.40000154823065,0.5158910638314256,0.4708204032459398
22.450001295655966,39.35000154748559,0.5382411640123205,0.45192025023463345
22.400001294910908,39.35000154748559,0.5158910638314256,0.4800735355706574
22.35000129416585,39.30000154674053,0.5433034484420096,0.4708204032459398
22.30000129342079,39.30000154674053,0.5280109997762609,0.4946222098231675
22.250001292675734,39.250001545995474,0.5615773219347772,0.4708204032459398
22.200001291930676,39.250001545995474,0.5382411640123205,0.4946222098231675
22.150001291185617,39.200001545250416,0.5615773219347772,0.4708204032459398
22.10000129044056,39.200001545250416,0.5382411640123205,0.4946222098231675
22.0500012896955,39.15000154450536,0.5615773219347772,0.4708204032459398
22.000001288950443,39.15000154450536,0.5382411640123205,0.4946222098231675
21.950001288205385,39.1000015437603,0.5615773219347772,0.4708204032459398
21.900001287460327,39.1000015437603,0.5382411640123205,0.4946222098231675
21.85000128671527,39.05000154301524,0.5615773219347772,0.4708204032459398
21.80000128597021,39.05000154301524,0.5382411640123205,0.4946222098231675
21.750001285225153,39.000001542270184,0.5615773219347772,0.4708204032459398
21.700001284480095,39.000001542270184,0.5382411640123205,0.4946222098231675
21.650001283735037,38.950001541525126,0.5615773219347772,0.4708204032459398
21.60000128298998,38.950001541525126,0.5382411640123205,0.4946222098231675
21.55000128224492,38.90000154078007,0.5615773219347772,0.4708204032459398
21.500001281499863,38.90000154078007,0.5382411640123205,0.4946222098231675
21.450001280754805,38.85000154003501,0.5615773219347772,0.4708204032459398
21.400001280009747,38.85000154003501,0.5382411640123205,0.4946222098231675
21.35000127926469,38.80000153928995,0.5615773219347772,0.4708204032459398
21.30000127851963,38.80000153928995,0.5382411640123205,0.4946222098231675
21.250001277774572,38.75000153854489,0.5500000111758709,0.4708204032459398
21.200001277029514,38.75000153854489,0.5211102658381779,0.4946222098231675
21.150001276284456,38.700001537799835,0.5382411640123205,0.4708204032459398
21.100001275539398,38.700001537799835,0.5158910638314256,0.4946222098231675
21.05000127479434,38.65000153705478,0.5382411640123205,0.4708204032459398
21.000001274049282,38.65000153705478,0.5158910638314256,0.4946222098231675
20.900001272559166,38.55000153556466,0.5500000111758709,0.4500000096857548
20.850001271814108,38.55000153556466,0.5211102658381779,0.4708204032459398
20.80000127106905,38.5000015348196,0.5382411640123205,0.4500000096857548
20.75000127032399,38.5000015348196,0.5158910638314256,0.4708204032459398
20.700001269578934,38.450001534074545,0.5382411640123205,0.4500000096857548
20.650001268833876,38.450001534074545,0.5158910638314256,0.4708204032459398
20.600001268088818,38.40000153332949,0.5382411640123205,0.4500000096857548
20.55000126734376,38.40000153332949,0.5158910638314256,0.4708204032459398
20.5000012665987,38.35000153258443,0.5382411640123205,0.4500000096857548
20.450001265853643,38.35000153258443,0.5106335307668594,0.4708204032459398
20.400001265108585,38.30000153183937,0.5211102658381779,0.4500000096857548
20.350001264363527,38.30000153183937,0.4946222098231675,0.4708204032459398
20.25000126287341,38.200001530349255,0.5382411640123205,0.44031243328468356
20.200001262128353,38.200001530349255,0.5158910638314256,0.4708204032459398
20.150001261383295,38.1500015296042,0.5382411640123205,0.4500000096857548
20.100001260638237,38.1500015296042,0.5106335307668594,0.4708204032459398
20.00000125914812,38.05000152811408,0.5382411640123205,0.44031243328468356
19.950001258403063,38.05000152811408,0.5158910638314256,0.4708204032459398
19.900001257658005,38.00000152736902,0.5382411640123205,0.4500000096857548
19.850001256912947,38.00000152736902,0.5158910638314256,0.4708204032459398
19.75000125542283,37.900001525878906,0.5500000111758709,0.44031243328468356
19.700001254677773,37.900001525878906,0.5211102658381779,0.4708204032459398
19.650001253932714,37.85000152513385,0.5382411640123205,0.4500000096857548
19.600001253187656,37.85000152513385,0.5158910638314256,0.4708204032459398
19.5500012524426,37.80000152438879,0.5382411640123205,0.45192025023463345
19.50000125169754,37.80000152438879,0.5158910638314256,0.4800735355706574
19.400001250207424,37.700001522898674,0.5500000111758709,0.45192025023463345
19.350001249462366,37.700001522898674,0.5211102658381779,0.4800735355706574
19.300001248717308,37.650001522153616,0.5382411640123205,0.4708204032459398
19.25000124797225,37.650001522153616,0.5158910638314256,0.4946222098231675
19.150001246482134,37.5500015206635,0.5500000111758709,0.45192025023463345
19.100001245737076,37.5500015206635,0.5211102658381779,0.4800735355706574
19.050001244992018,37.50000151991844,0.5382411640123205,0.4708204032459398
19.00000124424696,37.50000151991844,0.5158910638314256,0.4946222098231675
18.900001242756844,37.400001518428326,0.5500000111758709,0.45192025023463345
18.850001242011786,37.400001518428326,0.5211102658381779,0.4800735355706574
18.75000124052167,37.30000151693821,0.5500000111758709,0.4500000096857548
18.70000123977661,37.30000151693821,0.5211102658381779,0.4708204032459398
18.650001239031553,37.25000151619315,0.5382411640123205,0.45192025023463345
18.600001238286495,37.25000151619315,0.5158910638314256,0.4800735355706574
18.50000123679638,37.150001514703035,0.5500000111758709,0.4500000096857548
18.45000123605132,37.150001514703035,0.5211102658381779,0.4708204032459398
18.400001235306263,37.10000151395798,0.5382411640123205,0.45192025023463345
18.350001234561205,37.10000151395798,0.5158910638314256,0.4800735355706574
18.25000123307109,37.00000151246786,0.5500000111758709,0.4500000096857548
18.20000123232603,37.00000151246786,0.5211102658381779,0.4708204032459398
18.150001231580973,36.9500015117228,0.5382411640123205,0.45192025023463345
18.100001230835915,36.9500015117228,0.5158910638314256,0.4800735355706574
18.0000012293458,36.85000151023269,0.5500000111758709,0.4500000096857548
17.95000122860074,36.85000151023269,0.5211102658381779,0.4708204032459398
17.850001227110624,36.75000150874257,0.5500000111758709,0.44031243328468356
17.800001226365566,36.75000150874257,0.5211102658381779,0.4708204032459398
17.750001225620508,36.70000150799751,0.5382411640123205,0.4500000096857548
17.70000122487545,36.70000150799751,0.5158910638314256,0.4708204032459398
17.600001223385334,36.6000015065074,0.5500000111758709,0.44031243328468356
17.550001222640276,36.6000015065074,0.5211102658381779,0.4708204032459398
17.500001221895218,36.55000150576234,0.5382411640123205,0.4500000096857548
17.45000122115016,36.55000150576234,0.5158910638314256,0.4708204032459398
17.350001219660044,36.45000150427222,0.5500000111758709,0.44031243328468356
17.300001218914986,36.45000150427222,0.5211102658381779,0.4708204032459398
17.250001218169928,36.400001503527164,0.5382411640123205,0.4500000096857548
17.20000121742487,36.400001503527164,0.5106335307668594,0.4708204032459398
17.100001215934753,36.30000150203705,0.5382411640123205,0.44031243328468356
17.050001215189695,36.30000150203705,0.5158910638314256,0.4708204032459398
16.95000121369958,36.20000150054693,0.5500000111758709,0.44031243328468356
16.90000121295452,36.20000150054693,0.5211102658381779,0.4708204032459398
16.850001212209463,36.150001499801874,0.5382411640123205,0.4500000096857548
16.800001211464405,36.150001499801874,0.5158910638314256,0.4708204032459398
16.70000120997429,36.05000149831176,0.5500000111758709,0.44031243328468356
16.65000120922923,36.05000149831176,0.5211102658381779,0.4708204032459398
16.600001208484173,36.0000014975667,0.5382411640123205,0.4500000096857548
16.550001207739115,36.0000014975667,0.5106335307668594,0.4708204032459398
16.450001206249,35.900001496076584,0.5382411640123205,0.44031243328468356
16.40000120550394,35.900001496076584,0.5158910638314256,0.4708204032459398
16.300001204013824,35.80000149458647,0.5500000111758709,0.44031243328468356
16.250001203268766,35.80000149458647,0.5211102658381779,0.4708204032459398
16.20000120252371,35.75000149384141,0.5382411640123205,0.4500000096857548
16.15000120177865,35.75000149384141,0.5158910638314256,0.4708204032459398
16.050001200288534,35.650001492351294,0.5500000111758709,0.44031243328468356
16.000001199543476,35.650001492351294,0.5211102658381779,0.4708204032459398
15.950001198798418,35.600001491606236,0.5382411640123205,0.45192025023463345
15.90000119805336,35.600001491606236,0.5158910638314256,0.4800735355706574
15.800001196563244,35.50000149011612,0.5500000111758709,0.45192025023463345
15.750001195818186,35.50000149011612,0.5211102658381779,0.4800735355706574
15.65000119432807,35.400001488626,0.5500000111758709,0.4500000096857548
15.600001193583012,35.400001488626,0.5211102658381779,0.4708204032459398
15.550001192837954,35.350001487880945,0.5382411640123205,0.45192025023463345
15.500001192092896,35.350001487880945,0.5158910638314256,0.4800735355706574
15.40000119060278,35.25000148639083,0.5500000111758709,0.45192025023463345
15.350001189857721,35.25000148639083,0.5211102658381779,0.4800735355706574
15.250001188367605,35.15000148490071,0.5615773219347772,0.45192025023463345
15.200001187622547,35.15000148490071,0.5382411640123205,0.4800735355706574
15.100001186132431,35.0500014834106,0.563216887496505,0.45192025023463345
15.050001185387373,35.0500014834106,0.5382411640123205,0.4800735355706574
15.000001184642315,35.00000148266554,0.5500000111758709,0.4708204032459398
14.950001183897257,35.00000148266554,0.5211102658381779,0.4946222098231675
14.800001181662083,34.850001480430365,0.5500000111758709,0.44031243328468356
14.750001180917025,34.850001480430365,0.5211102658381779,0.4708204032459398
14.650001179426908,34.75000147894025,0.5433034484420096,0.44031243328468356
14.60000117868185,34.75000147894025,0.5106335307668594,0.4708204032459398
14.500001177191734,34.65000147745013,0.5382411640123205,0.44031243328468356
14.450001176446676,34.65000147745013,0.5106335307668594,0.4708204032459398
14.300001174211502,34.50000147521496,0.5433034484420096,0.43639611255093375
14.250001173466444,34.50000147521496,0.5106335307668594,0.4708204032459398
14.050001170486212,34.300001472234726,0.5500000111758709,0.43639611255093375
14.000001169741154,34.300001472234726,0.5211102658381779,0.4717514521370966
13.900001168251038,34.20000147074461,0.5500000111758709,0.45192025023463345
13.85000116750598,34.20000147074461,0.5211102658381779,0.4800735355706574
13.60000116378069,33.95000146701932,0.5778174708955855,0.45192025023463345
13.550001163035631,33.95000146701932,0.5424621313094227,0.4800735355706574
13.30000115931034,33.70000146329403,0.5500000111758709,0.45192025023463345
13.250001158565283,33.70000146329403,0.5211102658381779,0.4800735355706574
12.900001153349876,33.35000145807862,0.5500000111758709,0.43639611255093375
12.850001152604818,33.35000145807862,0.5211102658381779,0.4717514521370966
12.55000114813447,33.050001453608274,0.5500000111758709,0.43639611255093375
12.500001147389412,33.050001453608274,0.5211102658381779,0.4717514521370966
12.150001142174006,32.70000144839287,0.5500000111758709,0.43639611255093375
12.100001141428947,32.70000144839287,0.5211102658381779,0.4717514521370966
11.700001135468483,32.300001442432404,0.5500000111758709,0.43639611255093375
11.650001134723425,32.300001442432404,0.5211102658381779,0.4717514521370966
11.25000112876296,31.90000143647194,0.5500000111758709,0.43639611255093375
11.200001128017902,31.90000143647194,0.5211102658381779,0.4717514521370966
10.850001122802496,31.550001431256533,0.5500000111758709,0.43639611255093375
10.800001122057438,31.550001431256533,0.5211102658381779,0.4717514521370966
10.400001116096973,31.150001425296068,0.5500000111758709,0.43639611255093375
10.350001115351915,31.150001425296068,0.5211102658381779,0.4717514521370966
10.200001113116741,31.000001423060894,0.5211102658381779,0.4717514521370966
10.200001113116741,30.950001422315836,0.5500000111758709,0.43639611255093375
9.000001095235348,29.750001404434443,0.4800735355706574,0.43639611255093375
9.000001095235348,29.700001403689384,0.5106335307668594,0.40104077296477064
7.9500010795891285,28.650001388043165,0.4708204032459398,0.4020797379113019
7.9500010795891285,28.600001387298107,0.4946222098231675,0.37008772104453785
7.350001070648432,28.00000137835741,0.4708204032459398,0.40104077296477064
7.350001070648432,27.950001377612352,0.4946222098231675,0.36568543337860776
6.750001061707735,27.350001368671656,0.45192025023463345,0.3830951981733255
6.750001061707735,27.300001367926598,0.4800735355706574,0.3590170027049498
5.650001045316458,26.20000135153532,0.43639611255093375,0.36568543337860776
5.650001045316458,26.150001350790262,0.4708204032459398,0.3315072985568083
5.100001037120819,25.600001342594624,0.43639611255093375,0.36568543337860776
5.100001037120819,25.550001341849566,0.4708204032459398,0.3315072985568083
4.800001032650471,25.250001337379217,0.43639611255093375,0.37008772104453785
4.800001032650471,25.20000133663416,0.4717514521370966,0.34083269937863353
4.450001027435064,24.850001331418753,0.44031243328468356,0.3830951981733255
4.450001027435064,24.800001330673695,0.47268121237741656,0.3590170027049498
4.000001020729542,24.350001323968172,0.4708204032459398,0.40104077296477064
4.000001020729542,24.300001323223114,0.4946222098231675,0.36568543337860776
3.6000010147690773,23.90000131726265,0.4717514521370966,0.41032778988127777
3.6000010147690773,23.85000131651759,0.5071067917232597,0.3830951981733255
3.300001010298729,23.550001312047243,0.47268121237741656,0.41032778988127777
3.300001010298729,23.500001311302185,0.5071067917232597,0.3830951981733255
2.9000010043382645,23.10000130534172,0.5071067917232597,0.43639611255093375
2.9000010043382645,23.050001304596663,0.5382411640123205,0.40104077296477064
2.450000997632742,22.60000129789114,0.5071067917232597,0.44031243328468356
2.450000997632742,22.550001297146082,0.5424621313094227,0.41032778988127777
2.1500009931623936,22.250001292675734,0.5071067917232597,0.44031243328468356
2.1500009931623936,22.200001291930676,0.5424621313094227,0.41032778988127777
1.600000984966755,21.650001283735037,0.5211102658381779,0.4800735355706574
1.600000984966755,21.60000128298998,0.5500000111758709,0.45192025023463345
1.3500009812414646,21.35000127926469,0.5424621313094227,0.4800735355706574
1.3500009812414646,21.30000127851963,0.5778174708955855,0.45192025023463345
0.6000009700655937,20.55000126734376,0.5211102658381779,0.4717514521370966
0.6000009700655937,20.5000012665987,0.5500000111758709,0.43639611255093375
9.611248970031738e-07,19.900001257658005,0.5211102658381779,0.4717514521370966
9.611248970031738e-07,19.850001256912947,0.5500000111758709,0.43639611255093375
-0.5499990470707417,19.300001248717308,0.5211102658381779,0.4717514521370966
-0.5499990470707417,19.25000124797225,0.5500000111758709,0.43639611255093375
-1.0999990552663803,18.70000123977661,0.5211102658381779,0.4717514521370966
-1.0999990552663803,18.650001239031553,0.5500000111758709,0.43639611255093375
-1.699999064207077,18.050001230090857,0.5211102658381779,0.4717514521370966
-1.699999064207077,18.0000012293458,0.5500000111758709,0.43639611255093375
-2.2499990724027157,17.45000122115016,0.5211102658381779,0.4717514521370966
-2.2499990724027157,17.4000012204051,0.5500000111758709,0.43639611255093375
-2.7999990805983543,16.850001212209463,0.5211102658381779,0.4717514521370966
-2.7999990805983543,16.800001211464405,0.5500000111758709,0.43639611255093375
-3.349999088793993,16.250001203268766,0.5211102658381779,0.4717514521370966
-3.349999088793993,16.20000120252371,0.5500000111758709,0.43639611255093375
-3.9499990977346897,15.600001193583012,0.5211102658381779,0.4717514521370966
-3.9499990977346897,15.550001192837954,0.5500000111758709,0.43639611255093375
-4.499999105930328,15.000001184642315,0.5211102658381779,0.4717514521370966
-4.499999105930328,14.950001183897257,0.5500000111758709,0.43639611255093375
-5.049999114125967,14.400001175701618,0.5211102658381779,0.4717514521370966
-5.049999114125967,14.35000117495656,0.5500000111758709,0.43639611255093375
-5.649999123066664,13.750001166015863,0.5211102658381779,0.4717514521370966
-5.649999123066664,13.700001165270805,0.5500000111758709,0.43639611255093375
-6.199999131262302,13.150001157075167,0.5211102658381779,0.4717514521370966
-6.199999131262302,13.100001156330109,0.5500000111758709,0.43639611255093375
-6.749999139457941,12.55000114813447,0.5211102658381779,0.4717514521370966
-6.749999139457941,12.500001147389412,0.5500000111758709,0.43639611255093375
-7.349999148398638,11.900001138448715,0.5211102658381779,0.4717514521370966
-7.349999148398638,11.850001137703657,0.5500000111758709,0.43639611255093375
-7.899999156594276,11.300001129508018,0.5211102658381779,0.4717514521370966
-7.899999156594276,11.25000112876296,0.5500000111758709,0.43639611255093375
-8.449999164789915,10.700001120567322,0.5211102658381779,0.4717514521370966
-8.449999164789915,10.650001119822264,0.5500000111758709,0.43639611255093375
-9.09999917447567,10.000001110136509,0.5211102658381779,0.4717514521370966
-9.09999917447567,9.95000110939145,0.5500000111758709,0.43639611255093375
-9.499999180436134,9.550001103430986,0.5211102658381779,0.4717514521370966
-9.499999180436134,9.500001102685928,0.5500000111758709,0.43639611255093375
-9.699999183416367,9.300001099705696,0.5106335307668594,0.4708204032459398
-9.699999183416367,9.250001098960638,0.5433034484420096,0.44031243328468356
-9.799999184906483,9.150001097470522,0.5158910638314256,0.4708204032459398
-9.799999184906483,9.100001096725464,0.5382411640123205,0.44031243328468356
-9.899999186396599,9.000001095235348,0.5106335307668594,0.4708204032459398
-9.899999186396599,8.95000109449029,0.5382411640123205,0.4500000096857548
-9.949999187141657,8.900001093745232,0.5158910638314256,0.4800735355706574
-9.949999187141657,8.850001093000174,0.5280109997762609,0.4670832131466311
-9.999999187886715,8.800001092255116,0.49641942423666396,0.4946222098231675
-9.999999187886715,8.700001090765,0.5280109997762609,0.4500000096857548
-10.049999188631773,8.650001090019941,0.49641942423666396,0.4800735355706574
-10.049999188631773,8.550001088529825,0.5382411640123205,0.4576473316980041
-10.099999189376831,8.500001087784767,0.5017834528382981,0.49641942423666396
-10.099999189376831,8.400001086294651,0.5158910638314256,0.4670832131466311
-10.14999919012189,8.350001085549593,0.4800735355706574,0.5071067917232597
-10.14999919012189,7.500001072883606,0.49641942423666396,0.5158910638314256
-10.099999189376831,7.450001072138548,0.5280109997762609,0.4800735355706574
-10.099999189376831,7.1000010669231415,0.4800735355706574,0.5158910638314256
-10.049999188631773,7.050001066178083,0.5158910638314256,0.4800735355706574
-10.049999188631773,6.850001063197851,0.4800735355706574,0.5158910638314256
-9.999999187886715,6.800001062452793,0.5158910638314256,0.4800735355706574
-9.999999187886715,6.600001059472561,0.4670832131466311,0.5158910638314256
-9.949999187141657,6.550001058727503,0.5071067917232597,0.4800735355706574
-9.949999187141657,6.350001055747271,0.4670832131466311,0.5158910638314256
-9.899999186396599,6.3000010550022125,0.5071067917232597,0.4800735355706574
-9.899999186396599,6.10000105202198,0.4670832131466311,0.5158910638314256
-9.84999918565154,6.050001051276922,0.5071067917232597,0.4800735355706574
-9.84999918565154,5.85000104829669,0.4670832131466311,0.5158910638314256
-9.799999184906483,5.800001047551632,0.5071067917232597,0.4800735355706574
-9.799999184906483,5.650001045316458,0.4800735355706574,0.5158910638314256
-9.749999184161425,5.6000010445714,0.5158910638314256,0.4800735355706574
-9.749999184161425,5.4000010415911674,0.49641942423666396,0.5158910638314256
-9.699999183416367,5.350001040846109,0.5280109997762609,0.4800735355706574
-9.699999183416367,4.350001025944948,0.5433034484420096,0.4670832131466311
-9.749999184161425,4.30000102519989,0.5000000104308129,0.5071067917232597
-9.749999184161425,4.0500010214746,0.5280109997762609,0.4670832131466311
-9.799999184906483,4.000001020729542,0.49641942423666396,0.5071067917232597
-9.799999184906483,3.8000010177493095,0.5280109997762609,0.4670832131466311
-9.84999918565154,3.7500010170042515,0.49641942423666396,0.49641942423666396
-9.84999918565154,3.6500010155141354,0.5280109997762609,0.4670832131466311
-9.899999186396599,3.6000010147690773,0.49641942423666396,0.49641942423666396
-9.899999186396599,3.500001013278961,0.5280109997762609,0.4670832131466311
-9.949999187141657,3.450001012533903,0.49641942423666396,0.49641942423666396
-9.949999187141657,3.350001011043787,0.5280109997762609,0.4670832131466311
-9.999999187886715,3.300001010298729,0.49641942423666396,0.49641942423666396
-9.999999187886715,3.200001008808613,0.5280109997762609,0.4670832131466311
-10.049999188631773,3.1500010080635548,0.49641942423666396,0.4946222098231675
-10.049999188631773,3.0500010065734386,0.5382411640123205,0.4500000096857548
-10.099999189376831,3.0000010058283806,0.5158910638314256,0.4708204032459398
-10.099999189376831,2.9500010050833225,0.5382411640123205,0.4500000096857548
-10.14999919012189,2.9000010043382645,0.5158910638314256,0.4708204032459398
-10.14999919012189,2.8500010035932064,0.5382411640123205,0.4500000096857548
-10.199999190866947,2.8000010028481483,0.5158910638314256,0.4708204032459398
-10.199999190866947,2.7500010021030903,0.5382411640123205,0.4500000096857548
-10.249999191612005,2.7000010013580322,0.5211102658381779,0.4708204032459398
-10.249999191612005,2.650001000612974,0.5500000111758709,0.44031243328468356
-10.349999193102121,2.550000999122858,0.5211102658381779,0.4708204032459398
-10.349999193102121,2.5000009983778,0.5500000111758709,0.43639611255093375
-10.499999195337296,2.350000996142626,0.5106335307668594,0.4708204032459398
-10.499999195337296,2.3000009953975677,0.5433034484420096,0.43639611255093375
-10.999999202787876,1.8000009879469872,0.5500000111758709,0.43639611255093375
-11.049999203532934,1.8000009879469872,0.5211102658381779,0.4717514521370966
-11.349999208003283,1.5000009834766388,0.5500000111758709,0.43639611255093375
-11.39999920874834,1.5000009834766388,0.5211102658381779,0.4717514521370966
-11.549999210983515,1.3500009812414646,0.5211102658381779,0.4717514521370966
-11.549999210983515,1.3000009804964066,0.5500000111758709,0.43639611255093375
-11.799999214708805,1.0500009767711163,0.5106335307668594,0.4708204032459398
-11.799999214708805,1.0000009760260582,0.5382411640123205,0.4500000096857548
-11.849999215453863,0.9500009752810001,0.5211102658381779,0.4708204032459398
-11.849999215453863,0.9000009745359421,0.5433034484420096,0.4500000096857548
-11.899999216198921,0.850000973790884,0.5158910638314256,0.4708204032459398
-11.899999216198921,0.800000973045826,0.5382411640123205,0.4500000096857548
-11.94999921694398,0.7500009723007679,0.5158910638314256,0.4708204032459398
-11.94999921694398,0.7000009715557098,0.5382411640123205,0.4500000096857548
-11.999999217689037,0.6500009708106518,0.5071067917232597,0.4800735355706574
-11.999999217689037,0.6000009700655937,0.5158910638314256,0.4670832131466311
-12.049999218434095,0.5500009693205357,0.4800735355706574,0.5071067917232597
-12.049999218434095,0.3500009663403034,0.5280109997762609,0.4670832131466311
-12.099999219179153,0.30000096559524536,0.49641942423666396,0.5071067917232597
-12.099999219179153,-0.049999039620161057,0.5433034484420096,0.4670832131466311
-12.149999219924212,-0.09999904036521912,0.5000000104308129,0.5071067917232597
-12.149999219924212,-1.5499990619719028,0.4800735355706574,0.5158910638314256
-12.099999219179153,-1.599999062716961,0.5158910638314256,0.4800735355706574
-12.099999219179153,-2.0499990694224834,0.5000000104308129,0.5500000111758709
-12.049999218434095,-2.0999990701675415,0.5500000111758709,0.5000000104308129
-12.049999218434095,-3.5999990925192833,0.5500000111758709,0.5000000104308129
-12.099999219179153,-3.6499990932643414,0.5000000104308129,0.5433034484420096
-12.099999219179153,-11.549999210983515,0.5500000111758709,0.5000000104308129
-12.149999219924212,-11.599999211728573,0.5000000104308129,0.5433034484420096
-12.149999219924212,-19.499999329447746,0.5500000111758709,0.5000000104308129
-12.19999922066927,-19.549999330192804,0.5000000104308129,0.5433034484420096
-12.19999922066927,-27.449999447911978,0.5500000111758709,0.5000000104308129
-12.249999221414328,-27.499999448657036,0.5000000104308129,0.5433034484420096
-12.249999221414328,-35.39999956637621,0.5500000111758709,0.5000000104308129
-12.299999222159386,-35.44999956712127,0.5000000104308129,0.5433034484420096
-12.299999222159386,-43.09999968111515,0.5500000111758709,0.5000000104308129
-12.349999222904444,-43.14999968186021,0.5000000104308129,0.5433034484420096
-12.349999222904444,-45.44999971613288,0.5500000111758709,0.5000000104308129
-12.399999223649502,-45.49999971687794,0.5000000104308129,0.5433034484420096
-12.399999223649502,-46.299999728798866,0.5500000111758709,0.5000000104308129
-12.44999922439456,-46.349999729543924,0.5017834528382981,0.5433034484420096
-12.44999922439456,-46.64999973401427,0.551664830119324,0.49641942423666396
-12.499999225139618,-46.69999973475933,0.5071067917232597,0.5280109997762609
-12.499999225139618,-46.89999973773956,0.5615773219347772,0.5000000104308129
-12.549999225884676,-46.94999973848462,0.5280109997762609,0.5433034484420096
-12.549999225884676,-47.099999740719795,0.5648529384361146,0.49641942423666396
-12.599999226629734,-47.14999974146485,0.5280109997762609,0.5280109997762609
-12.599999226629734,-47.24999974295497,0.5615773219347772,0.49641942423666396
-12.649999227374792,-47.29999974370003,0.5280109997762609,0.5280109997762609
-12.649999227374792,-47.399999745190144,0.5615773219347772,0.49641942423666396
-12.69999922811985,-47.4499997459352,0.5382411640123205,0.5280109997762609
-12.69999922811985,-47.54999974742532,0.5826238037869298,0.4946222098231675
-12.749999228864908,-47.599999748170376,0.5615773219347772,0.5158910638314256
-12.749999228864908,-47.649999748915434,0.5762087463794127,0.4946222098231675
-12.799999229609966,-47.69999974966049,0.5433034484420096,0.5158910638314256
-12.799999229609966,-47.74999975040555,0.5615773219347772,0.4946222098231675
-12.849999230355024,-47.79999975115061,0.5382411640123205,0.5158910638314256
-12.849999230355024,-47.849999751895666,0.563216887496505,0.4946222098231675
-12.899999231100082,-47.899999752640724,0.5500000111758709,0.5106335307668594
-12.899999231100082,-47.94999975338578,0.5810249792288443,0.4800735355706574
-12.999999232590199,-48.0499997548759,0.5500000111758709,0.5158910638314256
-12.999999232590199,-48.099999755620956,0.5810249792288443,0.4946222098231675
-13.049999233335257,-48.149999756366014,0.563216887496505,0.5071067917232597
-13.049999233335257,-48.19999975711107,0.590569426822497,0.47268121237741656
-13.19999923557043,-48.34999975934625,0.563216887496505,0.5071067917232597
-13.19999923557043,-48.399999760091305,0.590569426822497,0.47268121237741656
-13.549999240785837,-48.74999976530671,0.6062257868435552,0.4946222098231675
-13.599999241530895,-48.74999976530671,0.5778174708955855,0.5211102658381779
-13.799999244511127,-48.94999976828694,0.590569426822497,0.4800735355706574
-13.849999245256186,-48.94999976828694,0.563216887496505,0.5106335307668594
-13.949999246746302,-49.04999976977706,0.5810249792288443,0.4800735355706574
-13.99999924749136,-49.04999976977706,0.5500000111758709,0.5106335307668594
-14.049999248236418,-49.09999977052212,0.563216887496505,0.4946222098231675
-14.099999248981476,-49.09999977052212,0.5382411640123205,0.5158910638314256
-14.149999249726534,-49.149999771267176,0.5615773219347772,0.4946222098231675
-14.199999250471592,-49.149999771267176,0.5382411640123205,0.5158910638314256
-14.24999925121665,-49.199999772012234,0.5615773219347772,0.4946222098231675
-14.299999251961708,-49.199999772012234,0.5382411640123205,0.5158910638314256
-14.349999252706766,-49.24999977275729,0.5615773219347772,0.4946222098231675
-14.399999253451824,-49.24999977275729,0.5382411640123205,0.5158910638314256
-14.449999254196882,-49.29999977350235,0.5615773219347772,0.4946222098231675
-14.49999925494194,-49.29999977350235,0.5382411640123205,0.5158910638314256
-14.549999255686998,-49.34999977424741,0.5615773219347772,0.4946222098231675
-14.599999256432056,-49.34999977424741,0.5382411640123205,0.5158910638314256
-14.649999257177114,-49.399999774992466,0.5615773219347772,0.4800735355706574
-14.74999925866723,-49.399999774992466,0.5280109997762609,0.5158910638314256
-14.799999259412289,-49.449999775737524,0.5615773219347772,0.4800735355706574
-14.899999260902405,-49.449999775737524,0.5280109997762609,0.5158910638314256
-14.949999261647463,-49.49999977648258,0.5615773219347772,0.4800735355706574
-15.099999263882637,-49.49999977648258,0.5158910638314256,0.5280109997762609
-15.149999264627695,-49.54999977722764,0.5566373087958522,0.49641942423666396
-15.349999267607927,-49.54999977722764,0.5158910638314256,0.5433034484420096
-15.399999268352985,-49.5999997779727,0.5566373087958522,0.5000000104308129
-15.899999275803566,-49.5999997779727,0.5500000111758709,0.5762087463794127
-15.949999276548624,-49.649999778717756,0.600000011920929,0.5433034484420096
-16.249999281018972,-49.649999778717756,0.600000011920929,0.5500000111758709
-16.29999928176403,-49.5999997779727,0.551664830119324,0.600000011920929
-16.54999928548932,-49.5999997779727,0.600000011920929,0.551664830119324
-16.59999928623438,-49.54999977722764,0.551664830119324,0.600000011920929
-16.84999928995967,-49.54999977722764,0.6062257868435552,0.551664830119324
-16.899999290704727,-49.49999977648258,0.5648529384361146,0.600000011920929
-17.0499992929399,-49.49999977648258,0.6062257868435552,0.5615773219347772
-17.09999929368496,-49.449999775737524,0.5648529384361146,0.590569426822497
-17.199999295175076,-49.449999775737524,0.590569426822497,0.5615773219347772
-17.249999295920134,-49.399999774992466,0.5615773219347772,0.590569426822497
-17.34999929741025,-49.399999774992466,0.590569426822497,0.5615773219347772
-17.399999298155308,-49.34999977424741,0.5615773219347772,0.590569426822497
-17.499999299645424,-49.34999977424741,0.590569426822497,0.5615773219347772
-17.549999300390482,-49.29999977350235,0.5615773219347772,0.590569426822497
-17.649999301880598,-49.29999977350235,0.590569426822497,0.5615773219347772
-17.699999302625656,-49.24999977275729,0.5615773219347772,0.5826238037869298
-17.749999303370714,-49.24999977275729,0.5762087463794127,0.5615773219347772
-17.799999304115772,-49.199999772012234,0.5433034484420096,0.5826238037869298
-17.89999930560589,-49.199999772012234,0.5762087463794127,0.5382411640123205
-17.949999306350946,-49.149999771267176,0.5433034484420096,0.5615773219347772
-17.999999307096004,-49.149999771267176,0.5615773219347772,0.5382411640123205
-18.049999307841063,-49.09999977052212,0.5382411640123205,0.5615773219347772
-18.09999930858612,-49.09999977052212,0.5615773219347772,0.5382411640123205
-18.14999930933118,-49.04999976977706,0.5382411640123205,0.5615773219347772
-18.199999310076237,-49.04999976977706,0.5615773219347772,0.5382411640123205
-18.249999310821295,-48.999999769032,0.5382411640123205,0.5615773219347772
-18.299999311566353,-48.999999769032,0.5615773219347772,0.5382411640123205
-18.34999931231141,-48.94999976828694,0.5382411640123205,0.5615773219347772
-18.39999931305647,-48.94999976828694,0.5615773219347772,0.5382411640123205
-18.449999313801527,-48.899999767541885,0.5280109997762609,0.5615773219347772
-18.549999315291643,-48.899999767541885,0.5615773219347772,0.5106335307668594
-18.64999931678176,-48.79999976605177,0.5158910638314256,0.5382411640123205
-18.699999317526817,-48.79999976605177,0.5382411640123205,0.5106335307668594
-18.749999318271875,-48.74999976530671,0.5158910638314256,0.5211102658381779
-18.799999319016933,-48.74999976530671,0.5382411640123205,0.4946222098231675
-18.84999931976199,-48.69999976456165,0.5158910638314256,0.5106335307668594
-18.89999932050705,-48.69999976456165,0.5382411640123205,0.4800735355706574
-18.999999321997166,-48.59999976307154,0.5106335307668594,0.5106335307668594
-19.049999322742224,-48.59999976307154,0.5382411640123205,0.4800735355706574
-19.14999932423234,-48.49999976158142,0.5106335307668594,0.5106335307668594
-19.199999324977398,-48.49999976158142,0.5382411640123205,0.4800735355706574
-19.299999326467514,-48.399999760091305,0.5106335307668594,0.5158910638314256
-19.349999327212572,-48.399999760091305,0.5382411640123205,0.4946222098231675
-19.449999328702688,-48.29999975860119,0.5106335307668594,0.5211102658381779
-19.499999329447746,-48.29999975860119,0.5433034484420096,0.4946222098231675
-19.599999330937862,-48.19999975711107,0.5211102658381779,0.5211102658381779
-19.64999933168292,-48.19999975711107,0.5500000111758709,0.4946222098231675
-19.799999333918095,-48.0499997548759,0.5106335307668594,0.5106335307668594
-19.849999334663153,-48.0499997548759,0.5382411640123205,0.4800735355706574
-20.049999337643385,-47.849999751895666,0.5071067917232597,0.5106335307668594
-20.099999338388443,-47.849999751895666,0.5424621313094227,0.4800735355706574
-20.349999342113733,-47.599999748170376,0.5211102658381779,0.5211102658381779
-20.39999934285879,-47.599999748170376,0.5500000111758709,0.4946222098231675
-20.799999348819256,-47.19999974220991,0.5382411640123205,0.5424621313094227
-20.849999349564314,-47.19999974220991,0.563216887496505,0.5071067917232597
-21.19999935477972,-46.849999736994505,0.5500000111758709,0.5071067917232597
-21.19999935477972,-46.79999973624945,0.5211102658381779,0.5424621313094227
-21.6999993622303,-46.299999728798866,0.5778174708955855,0.5382411640123205
-21.6999993622303,-46.24999972805381,0.5424621313094227,0.563216887496505
-21.899999365210533,-46.049999725073576,0.5778174708955855,0.5382411640123205
-21.899999365210533,-45.99999972432852,0.5433034484420096,0.563216887496505
-22.049999367445707,-45.849999722093344,0.5810249792288443,0.5424621313094227
-22.049999367445707,-45.799999721348286,0.5500000111758709,0.5778174708955855
-22.149999368935823,-45.69999971985817,0.5810249792288443,0.5500000111758709
-22.149999368935823,-45.64999971911311,0.5500000111758709,0.5810249792288443
-22.24999937042594,-45.549999717622995,0.5826238037869298,0.5778174708955855
-22.24999937042594,-45.49999971687794,0.5615773219347772,0.6062257868435552
-22.299999371170998,-45.44999971613288,0.5810249792288443,0.5826238037869298
-22.299999371170998,-45.39999971538782,0.5500000111758709,0.6062257868435552
-22.399999372661114,-45.299999713897705,0.5810249792288443,0.5615773219347772
-22.399999372661114,-45.24999971315265,0.5500000111758709,0.5826238037869298
-22.449999373406172,-45.19999971240759,0.563216887496505,0.5615773219347772
-22.449999373406172,-45.14999971166253,0.5382411640123205,0.5826238037869298
-22.49999937415123,-45.09999971091747,0.5615773219347772,0.5615773219347772
-22.49999937415123,-45.049999710172415,0.5382411640123205,0.5826238037869298
-22.549999374896288,-44.99999970942736,0.5500000111758709,0.5615773219347772
-22.549999374896288,-44.9499997086823,0.5211102658381779,0.5826238037869298
-22.649999376386404,-44.84999970719218,0.5615773219347772,0.5382411640123205
-22.649999376386404,-44.799999706447124,0.5382411640123205,0.5615773219347772
-22.699999377131462,-44.749999705702066,0.5615773219347772,0.5382411640123205
-22.699999377131462,-44.69999970495701,0.5382411640123205,0.5615773219347772
-22.74999937787652,-44.64999970421195,0.5615773219347772,0.5280109997762609
-22.74999937787652,-44.549999702721834,0.5158910638314256,0.5615773219347772
-22.799999378621578,-44.499999701976776,0.5382411640123205,0.5382411640123205
-22.799999378621578,-44.44999970123172,0.5158910638314256,0.5615773219347772
-22.849999379366636,-44.39999970048666,0.5382411640123205,0.5382411640123205
-22.849999379366636,-44.3499996997416,0.5158910638314256,0.5615773219347772
-22.899999380111694,-44.299999698996544,0.5433034484420096,0.5382411640123205
-22.899999380111694,-44.249999698251486,0.5280109997762609,0.5615773219347772
-22.949999380856752,-44.19999969750643,0.5615773219347772,0.5280109997762609
-22.949999380856752,-44.09999969601631,0.5158910638314256,0.5615773219347772
-22.99999938160181,-44.049999695271254,0.5382411640123205,0.5382411640123205
-22.99999938160181,-43.999999694526196,0.5158910638314256,0.5615773219347772
-23.04999938234687,-43.94999969378114,0.5382411640123205,0.5382411640123205
-23.04999938234687,-43.89999969303608,0.5158910638314256,0.5615773219347772
-23.099999383091927,-43.84999969229102,0.5433034484420096,0.5382411640123205
-23.099999383091927,-43.79999969154596,0.5280109997762609,0.5615773219347772
-23.149999383836985,-43.749999690800905,0.5615773219347772,0.5382411640123205
-23.149999383836985,-43.69999969005585,0.5382411640123205,0.563216887496505
-23.199999384582043,-43.64999968931079,0.5615773219347772,0.5500000111758709
-23.199999384582043,-43.59999968856573,0.5382411640123205,0.5810249792288443
-23.2499993853271,-43.54999968782067,0.5615773219347772,0.5615773219347772
-23.2499993853271,-43.499999687075615,0.5433034484420096,0.5826238037869298
-23.29999938607216,-43.44999968633056,0.5762087463794127,0.5615773219347772
-23.29999938607216,-43.34999968484044,0.5433034484420096,0.590569426822497
-23.349999386817217,-43.29999968409538,0.5762087463794127,0.5615773219347772
-23.349999386817217,-43.19999968260527,0.5433034484420096,0.590569426822497
-23.399999387562275,-43.14999968186021,0.5762087463794127,0.5615773219347772
-23.399999387562275,-43.04999968037009,0.5566373087958522,0.6062257868435552
-23.449999388307333,-42.999999679625034,0.590569426822497,0.5762087463794127
-23.449999388307333,-42.89999967813492,0.5648529384361146,0.6077747331069568
-23.49999938905239,-42.84999967738986,0.6062257868435552,0.5762087463794127
-23.49999938905239,-42.749999675899744,0.5762087463794127,0.6077747331069568
-23.54999938979745,-42.699999675154686,0.6077747331069568,0.5762087463794127
-23.54999938979745,-42.59999967366457,0.5762087463794127,0.6077747331069568
-23.599999390542507,-42.54999967291951,0.6139410419336518,0.5826238037869298
-23.599999390542507,-42.449999671429396,0.590569426822497,0.6246211374113445
-23.649999391287565,-42.39999967068434,0.6246211374113445,0.590569426822497
-23.649999391287565,-42.24999966844916,0.590569426822497,0.6381527432014595
-23.699999392032623,-42.199999667704105,0.6246211374113445,0.6077747331069568
-23.699999392032623,-42.14999966695905,0.6077747331069568,0.6276472801952478
-23.74999939277768,-42.09999966621399,0.6381527432014595,0.6062257868435552
-23.74999939277768,-41.949999663978815,0.6062257868435552,0.6544003872633107
-23.79999939352274,-41.89999966323376,0.6514693309842018,0.6246211374113445
-23.79999939352274,-41.74999966099858,0.6381527432014595,0.6732124728405287
-23.849999394267797,-41.699999660253525,0.6732124728405287,0.6381527432014595
-23.849999394267797,-41.59999965876341,0.6558621511845243,0.6732124728405287
-23.899999395012856,-41.54999965801835,0.7013878322977225,0.6500000126659871
-23.899999395012856,-41.399999655783176,0.6732124728405287,0.7013878322977225
-23.949999395757914,-41.34999965503812,0.7124143931407667,0.6732124728405287
-23.949999395757914,-41.199999652802944,0.7000000134110451,0.7192388292402375
-23.99999939650297,-41.149999652057886,0.7340770985323035,0.68600227053593
-23.99999939650297,-40.949999649077654,0.7013878322977225,0.7617692174150451
-24.04999939724803,-40.899999648332596,0.7500000141561032,0.7340770985323035
-24.04999939724803,-40.79999964684248,0.7340770985323035,0.7656604101808596
-24.099999397993088,-40.74999964609742,0.7708244064137908,0.7340770985323035
-24.099999397993088,-40.59999964386225,0.7513148936977188,0.7848857948555522
-24.149999398738146,-40.54999964311719,0.7962429571037405,0.7617692174150451
-24.149999398738146,-40.399999640882015,0.7617692174150451,0.8124228516521053
-24.199999399483204,-40.34999964013696,0.8049875770875707,0.7823441498574933
-24.199999399483204,-40.149999637156725,0.8000000149011612,0.8440306664483241
-24.249999400228262,-40.09999963641167,0.8440306664483241,0.8124228516521053
-24.249999400228262,-39.94999963417649,0.8111874358757011,0.8735455436762694
-24.29999940097332,-39.899999633431435,0.8547511712034664,0.8440306664483241
-24.29999940097332,-39.649999629706144,0.8500000156462193,0.9236102694553091
-24.349999401718378,-39.599999628961086,0.9000000163912774,0.8920164996643914
-24.349999401718378,-39.399999625980854,0.8793516733297382,0.9401754420890758
-24.399999402463436,-39.349999625235796,0.9180340054098997,0.906797197551496
-24.399999402463436,-38.349999610334635,0.8511898177453807,0.9500000171363354
-24.449999403208494,-38.29999960958958,0.9000000163912774,0.9000000163912774
-24.449999403208494,-35.94999957457185,0.8511898177453807,0.9500000171363354
-24.499999403953552,-35.89999957382679,0.9000000163912774,0.9000000163912774
-24.499999403953552,-33.24999953433871,0.8500000156462193,0.9180340054098997
-24.54999940469861,-33.199999533593655,0.8920164996643914,0.8793516733297382
-24.54999940469861,-31.349999506026506,0.8000000149011612,0.9000000163912774
-24.59999940544367,-31.29999950528145,0.8500000156462193,0.8500000156462193
-24.59999940544367,-29.799999482929707,0.8000000149011612,0.9000000163912774
-24.649999406188726,-29.74999948218465,0.8500000156462193,0.8500000156462193
-24.649999406188726,-27.249999444931746,0.8000000149011612,0.8606601875848896
-24.699999406933784,-27.199999444186687,0.8500000156462193,0.8198039179148193
-24.699999406933784,-24.349999401718378,0.7500000141561032,0.8500000156462193
-24.749999407678843,-24.29999940097332,0.8000000149011612,0.8012492346448155
-24.749999407678843,-22.74999937787652,0.7500000141561032,0.8500000156462193
-24.7999994084239,-22.699999377131462,0.8000000149011612,0.8000000149011612
-24.7999994084239,-21.149999354034662,0.7500000141561032,0.8111874358757011
-24.84999940916896,-21.099999353289604,0.7962429571037405,0.7708244064137908
-24.84999940916896,-19.449999328702688,0.7124143931407667,0.8000000149011612
-24.899999409914017,-19.39999932795763,0.7552486729614543,0.7500000141561032
-24.899999409914017,-17.949999306350946,0.7124143931407667,0.7962429571037405
-24.949999410659075,-17.89999930560589,0.7552486729614543,0.7500000141561032
-24.949999410659075,-15.149999264627695,0.7000000134110451,0.7513148936977188
-24.999999411404133,-15.099999263882637,0.7486833121869966,0.7055385273073171
-24.999999411404133,-13.449999239295721,0.6732124728405287,0.7500000141561032
-25.04999941214919,-13.399999238550663,0.7124143931407667,0.7000000134110451
-25.04999941214919,-11.94999921694398,0.6732124728405287,0.7340770985323035
-25.09999941289425,-11.899999216198921,0.7124143931407667,0.7000000134110451
-25.09999941289425,-9.09999917447567,0.6500000126659871,0.7013878322977225
-25.149999413639307,-9.049999173730612,0.7000000134110451,0.6558621511845243
-25.149999413639307,-7.499999150633812,0.6381527432014595,0.7000000134110451
-25.199999414384365,-7.449999149888754,0.6732124728405287,0.6500000126659871
-25.199999414384365,-5.949999127537012,0.6381527432014595,0.6631338379432997
-25.249999415129423,-5.899999126791954,0.6732124728405287,0.6246211374113445
-25.249999415129423,-3.0499990843236446,0.600000011920929,0.6500000126659871
-25.29999941587448,-2.9999990835785866,0.6500000126659871,0.6015609890382593
-25.29999941587448,-1.4999990612268448,0.600000011920929,0.6500000126659871
-25.34999941661954,-1.4499990604817867,0.6381527432014595,0.600000011920929
-25.34999941661954,0.10000096261501312,0.5762087463794127,0.6062257868435552
-25.399999417364597,0.15000096336007118,0.6139410419336518,0.5648529384361146
-25.399999417364597,3.0500010065734386,0.5500000111758709,0.600000011920929
-25.449999418109655,3.1000010073184967,0.590569426822497,0.551664830119324
-25.449999418109655,4.55000102892518,0.5500000111758709,0.600000011920929
-25.499999418854713,4.6000010296702385,0.590569426822497,0.5500000111758709
-25.499999418854713,8.200001083314419,0.6246211374113445,0.600000011920929
-25.449999418109655,8.250001084059477,0.590569426822497,0.6500000126659871
-25.449999418109655,8.300001084804535,0.600000011920929,0.6500000126659871
-25.499999418854713,8.350001085549593,0.6381527432014595,0.600000011920929
-25.499999418854713,9.20000109821558,0.5500000111758709,0.6062257868435552
-25.54999941959977,9.250001098960638,0.600000011920929,0.5648529384361146
-25.54999941959977,10.050001110881567,0.5500000111758709,0.600000011920929
-25.59999942034483,10.100001111626625,0.590569426822497,0.5500000111758709
-25.59999942034483,11.25000112876296,0.5000000104308129,0.5500000111758709
-25.649999421089888,11.300001129508018,0.5433034484420096,0.5000000104308129
-25.649999421089888,12.200001142919064,0.4500000096857548,0.5017834528382981
-25.699999421834946,12.250001143664122,0.5000000104308129,0.4576473316980041
-25.699999421834946,14.150001171976328,0.4500000096857548,0.5017834528382981
-25.749999422580004,14.200001172721386,0.5000000104308129,0.4576473316980041
-25.749999422580004,15.600001193583012,0.4670832131466311,0.4500000096857548
-25.699999421834946,15.65000119432807,0.4324555414579977,0.5000000104308129
-25.699999421834946,15.950001198798418,0.4576473316980041,0.4500000096857548
-25.649999421089888,16.000001199543476,0.4184658530585083,0.49641942423666396
-25.649999421089888,16.100001201033592,0.4500000096857548,0.4670832131466311
-25.59999942034483,16.15000120177865,0.4184658530585083,0.5071067917232597
-25.59999942034483,16.250001203268766,0.4500000096857548,0.4800735355706574
-25.54999941959977,16.300001204013824,0.4264982136426342,0.5158910638314256
-25.54999941959977,16.350001204758883,0.4500000096857548,0.4946222098231675
-25.499999418854713,16.40000120550394,0.4264982136426342,0.5106335307668594
-25.499999418854713,16.450001206249,0.45192025023463345,0.4800735355706574
-25.249999415129423,16.70000120997429,0.44031243328468356,0.4946222098231675
-25.199999414384365,16.70000120997429,0.41032778988127777,0.5158910638314256
-25.09999941289425,16.800001211464405,0.4500000096857548,0.4800735355706574
-25.04999941214919,16.800001211464405,0.4264982136426342,0.49641942423666396
-24.999999411404133,16.850001212209463,0.4500000096857548,0.4708204032459398
-24.899999409914017,16.850001212209463,0.4041523076822994,0.5158910638314256
-24.84999940916896,16.90000121295452,0.4264982136426342,0.4800735355706574
-24.7999994084239,16.90000121295452,0.4041523076822994,0.49641942423666396
-24.749999407678843,16.95000121369958,0.4324555414579977,0.4670832131466311
-24.699999406933784,16.95000121369958,0.4184658530585083,0.4800735355706574
-24.649999406188726,17.000001214444637,0.4500000096857548,0.4500000096857548
-24.54999940469861,17.000001214444637,0.4184658530585083,0.4946222098231675
-24.499999403953552,17.050001215189695,0.4500000096857548,0.4708204032459398
-24.399999402463436,17.050001215189695,0.4184658530585083,0.5158910638314256
-24.349999401718378,17.100001215934753,0.4500000096857548,0.4946222098231675
-24.29999940097332,17.100001215934753,0.4264982136426342,0.5211102658381779
-23.949999395757914,17.45000122115016,0.4500000096857548,0.5382411640123205
-23.949999395757914,17.650001224130392,0.5017834528382981,0.4670832131466311
-23.899999395012856,17.70000122487545,0.4576473316980041,0.5071067917232597
-23.899999395012856,18.050001230090857,0.4500000096857548,0.5000000104308129
-23.949999395757914,18.100001230835915,0.49641942423666396,0.4500000096857548
-23.949999395757914,18.400001235306263,0.4184658530585083,0.4576473316980041
-23.99999939650297,18.45000123605132,0.4500000096857548,0.4184658530585083
-23.99999939650297,18.600001238286495,0.4082762620938444,0.4670832131466311
-24.04999939724803,18.650001239031553,0.4500000096857548,0.4324555414579977
-24.04999939724803,18.75000124052167,0.4184658530585083,0.4670832131466311
-24.099999397993088,18.800001241266727,0.4576473316980041,0.4324555414579977
-24.099999397993088,18.900001242756844,0.4324555414579977,0.4708204032459398
-24.149999398738146,18.9500012435019,0.4670832131466311,0.4500000096857548
-24.149999398738146,19.050001244992018,0.4324555414579977,0.4800735355706574
-24.199999399483204,19.100001245737076,0.4670832131466311,0.4500000096857548
-24.199999399483204,19.25000124797225,0.4324555414579977,0.49641942423666396
-24.249999400228262,19.300001248717308,0.4670832131466311,0.4670832131466311
-24.249999400228262,19.400001250207424,0.4500000096857548,0.49641942423666396
-24.29999940097332,19.450001250952482,0.4800735355706574,0.4670832131466311
-24.29999940097332,19.5500012524426,0.4500000096857548,0.49641942423666396
-24.349999401718378,19.600001253187656,0.4800735355706574,0.4708204032459398
-24.349999401718378,19.700001254677773,0.4576473316980041,0.5158910638314256
-24.399999402463436,19.75000125542283,0.49641942423666396,0.4800735355706574
-24.399999402463436,19.850001256912947,0.4670832131466311,0.5158910638314256
-24.449999403208494,19.900001257658005,0.49641942423666396,0.4800735355706574
-24.449999403208494,20.00000125914812,0.4670832131466311,0.5158910638314256
-24.499999403953552,20.05000125989318,0.49641942423666396,0.4800735355706574
-24.499999403953552,20.150001261383295,0.4670832131466311,0.5158910638314256
-24.54999940469861,20.200001262128353,0.5071067917232597,0.4800735355706574
-24.54999940469861,20.30000126361847,0.4800735355706574,0.5158910638314256
-24.59999940544367,20.350001264363527,0.5158910638314256,0.4800735355706574
-24.59999940544367,20.5000012665987,0.4800735355706574,0.5158910638314256
-24.649999406188726,20.55000126734376,0.5158910638314256,0.4800735355706574
-24.649999406188726,20.700001269578934,0.4670832131466311,0.5158910638314256
-24.699999406933784,20.75000127032399,0.5071067917232597,0.4800735355706574
-24.699999406933784,20.850001271814108,0.4800735355706574,0.5158910638314256
-24.749999407678843,20.900001272559166,0.5158910638314256,0.4800735355706574
-24.749999407678843,21.05000127479434,0.4800735355706574,0.5158910638314256
-24.7999994084239,21.100001275539398,0.5158910638314256,0.4800735355706574
-24.7999994084239,21.250001277774572,0.4670832131466311,0.5158910638314256
-24.84999940916896,21.30000127851963,0.5071067917232597,0.4800735355706574
-24.84999940916896,21.450001280754805,0.4670832131466311,0.5158910638314256
-24.899999409914017,21.500001281499863,0.5071067917232597,0.4800735355706574
-24.899999409914017,21.60000128298998,0.4800735355706574,0.5158910638314256
-24.949999410659075,21.650001283735037,0.5158910638314256,0.4800735355706574
-24.949999410659075,21.80000128597021,0.4670832131466311,0.5158910638314256
-24.999999411404133,21.85000128671527,0.5071067917232597,0.4800735355706574
-24.999999411404133,22.000001288950443,0.4670832131466311,0.5158910638314256
-25.04999941214919,22.0500012896955,0.5071067917232597,0.4800735355706574
-25.04999941214919,22.150001291185617,0.4800735355706574,0.5158910638314256
-25.09999941289425,22.200001291930676,0.5158910638314256,0.4800735355706574
-25.09999941289425,22.35000129416585,0.4800735355706574,0.5158910638314256
-25.149999413639307,22.400001294910908,0.5158910638314256,0.4800735355706574
-25.149999413639307,22.550001297146082,0.4670832131466311,0.5158910638314256
-25.199999414384365,22.60000129789114,0.5071067917232597,0.4800735355706574
-25.199999414384365,22.700001299381256,0.4800735355706574,0.5158910638314256
-25.249999415129423,22.750001300126314,0.5158910638314256,0.4800735355706574
-25.249999415129423,22.90000130236149,0.4800735355706574,0.5158910638314256
-25.29999941587448,22.950001303106546,0.5158910638314256,0.4800735355706574
-25.29999941587448,23.10000130534172,0.4800735355706574,0.5158910638314256
-25.34999941661954,23.15000130608678,0.5158910638314256,0.4800735355706574
-25.34999941661954,23.300001308321953,0.4800735355706574,0.5280109997762609
-25.399999417364597,23.35000130906701,0.5158910638314256,0.49641942423666396
-25.399999417364597,23.500001311302185,0.4800735355706574,0.5280109997762609
-25.449999418109655,23.550001312047243,0.5158910638314256,0.49641942423666396
-25.449999418109655,23.700001314282417,0.4800735355706574,0.5158910638314256
-25.499999418854713,23.750001315027475,0.5158910638314256,0.4800735355706574
-25.499999418854713,23.90000131726265,0.4670832131466311,0.5158910638314256
-25.54999941959977,23.950001318007708,0.5071067917232597,0.4800735355706574
-25.54999941959977,24.10000132024288,0.4670832131466311,0.5071067917232597
-25.59999942034483,24.15000132098794,0.5071067917232597,0.4670832131466311
-25.59999942034483,24.300001323223114,0.4670832131466311,0.5071067917232597
-25.649999421089888,24.350001323968172,0.5071067917232597,0.4670832131466311
-25.649999421089888,24.550001326948404,0.4670832131466311,0.5071067917232597
-25.699999421834946,24.600001327693462,0.5071067917232597,0.4670832131466311
-25.699999421834946,24.800001330673695,0.4670832131466311,0.5071067917232597
-25.749999422580004,24.850001331418753,0.5071067917232597,0.4670832131466311
-25.749999422580004,25.050001334398985,0.4670832131466311,0.5158910638314256
-25.799999423325062,25.100001335144043,0.5071067917232597,0.4800735355706574
-25.799999423325062,25.300001338124275,0.4670832131466311,0.5158910638314256
-25.84999942407012,25.350001338869333,0.5071067917232597,0.4800735355706574
-25.84999942407012,25.500001341104507,0.4800735355706574,0.5158910638314256
-25.899999424815178,25.550001341849566,0.5158910638314256,0.4800735355706574
-25.899999424815178,25.750001344829798,0.4800735355706574,0.5158910638314256
-25.949999425560236,25.800001345574856,0.5158910638314256,0.4800735355706574
-25.949999425560236,26.000001348555088,0.4800735355706574,0.5280109997762609
-25.999999426305294,26.050001349300146,0.5158910638314256,0.49641942423666396
-25.999999426305294,26.400001354515553,0.4670832131466311,0.5158910638314256
-26.049999427050352,26.45000135526061,0.5071067917232597,0.4800735355706574
-26.049999427050352,26.850001361221075,0.4670832131466311,0.5158910638314256
-26.09999942779541,26.900001361966133,0.5071067917232597,0.4800735355706574
-26.09999942779541,27.300001367926598,0.4670832131466311,0.5071067917232597
-26.149999428540468,27.350001368671656,0.5071067917232597,0.4670832131466311
-26.149999428540468,27.75000137463212,0.4670832131466311,0.5017834528382981
-26.199999429285526,27.800001375377178,0.5071067917232597,0.4576473316980041
-26.199999429285526,30.900001421570778,0.5280109997762609,0.5000000104308129
-26.149999428540468,30.950001422315836,0.49641942423666396,0.5500000111758709
-26.149999428540468,32.000001437962055,0.5158910638314256,0.5000000104308129
-26.09999942779541,32.05000143870711,0.4800735355706574,0.5500000111758709
-26.09999942779541,32.750001449137926,0.5071067917232597,0.49641942423666396
-26.049999427050352,32.800001449882984,0.4670832131466311,0.5280109997762609
-26.049999427050352,33.300001457333565,0.5158910638314256,0.5000000104308129
-25.999999426305294,33.35000145807862,0.4800735355706574,0.5433034484420096
-25.999999426305294,33.800001464784145,0.5158910638314256,0.5000000104308129
-25.949999425560236,33.8500014655292,0.4800735355706574,0.5433034484420096
-25.949999425560236,34.15000146999955,0.5017834528382981,0.49641942423666396
-25.899999424815178,34.20000147074461,0.4576473316980041,0.5280109997762609
-25.899999424815178,34.4500014744699,0.5017834528382981,0.4800735355706574
-25.84999942407012,34.50000147521496,0.4576473316980041,0.5158910638314256
-25.84999942407012,34.75000147894025,0.5017834528382981,0.4670832131466311
-25.799999423325062,34.80000147968531,0.4576473316980041,0.5071067917232597
-25.799999423325062,35.00000148266554,0.5017834528382981,0.4670832131466311
-25.749999422580004,35.0500014834106,0.4576473316980041,0.5071067917232597
-25.749999422580004,35.25000148639083,0.5017834528382981,0.4800735355706574
-25.699999421834946,35.30000148713589,0.4576473316980041,0.5158910638314256
-25.699999421834946,35.50000149011612,0.5017834528382981,0.4800735355706574
-25.649999421089888,35.55000149086118,0.4576473316980041,0.5158910638314256
-25.649999421089888,35.80000149458647,0.5017834528382981,0.4670832131466311
-25.59999942034483,35.850001495331526,0.4576473316980041,0.5071067917232597
-25.59999942034483,36.05000149831176,0.5017834528382981,0.4670832131466311
-25.54999941959977,36.100001499056816,0.4576473316980041,0.5071067917232597
-25.54999941959977,36.20000150054693,0.4800735355706574,0.49641942423666396
-25.499999418854713,36.25000150129199,0.4500000096857548,0.5280109997762609
-25.499999418854713,36.45000150427222,0.5071067917232597,0.5000000104308129
-25.449999418109655,36.50000150501728,0.4670832131466311,0.5433034484420096
-25.449999418109655,36.650001507252455,0.5071067917232597,0.49641942423666396
-25.399999417364597,36.70000150799751,0.4670832131466311,0.5280109997762609
-25.399999417364597,36.85000151023269,0.5071067917232597,0.49641942423666396
-25.34999941661954,36.900001510977745,0.4670832131466311,0.5280109997762609
-25.34999941661954,37.00000151246786,0.49641942423666396,0.49641942423666396
-25.29999941587448,37.05000151321292,0.4670832131466311,0.5280109997762609
-25.29999941587448,37.150001514703035,0.49641942423666396,0.49641942423666396
-25.249999415129423,37.20000151544809,0.4576473316980041,0.5280109997762609
-25.249999415129423,37.35000151768327,0.49641942423666396,0.49641942423666396
-25.199999414384365,37.400001518428326,0.4576473316980041,0.5280109997762609
-25.199999414384365,37.5500015206635,0.49641942423666396,0.4800735355706574
-25.149999413639307,37.60000152140856,0.4576473316980041,0.5158910638314256
-25.149999413639307,37.700001522898674,0.4800735355706574,0.49641942423666396
-25.09999941289425,37.75000152364373,0.4500000096857548,0.5280109997762609
-25.09999941289425,37.85000152513385,0.4670832131466311,0.49641942423666396
-25.04999941214919,37.900001525878906,0.4324555414579977,0.5280109997762609
-25.04999941214919,38.05000152811408,0.4800735355706574,0.4800735355706574
-24.999999411404133,38.10000152885914,0.4500000096857548,0.5158910638314256
-24.999999411404133,38.200001530349255,0.4800735355706574,0.49641942423666396
-24.949999410659075,38.25000153109431,0.4500000096857548,0.5280109997762609
-24.949999410659075,38.35000153258443,0.4800735355706574,0.49641942423666396
-24.899999409914017,38.40000153332949,0.4500000096857548,0.5280109997762609
-24.899999409914017,38.55000153556466,0.49641942423666396,0.49641942423666396
-24.84999940916896,38.60000153630972,0.4670832131466311,0.5280109997762609
-24.84999940916896,38.700001537799835,0.49641942423666396,0.49641942423666396
-24.7999994084239,38.75000153854489,0.4670832131466311,0.5280109997762609
-24.7999994084239,38.85000154003501,0.49641942423666396,0.49641942423666396
-24.749999407678843,38.90000154078007,0.4670832131466311,0.5280109997762609
-24.749999407678843,39.000001542270184,0.49641942423666396,0.49641942423666396
-24.699999406933784,39.05000154301524,0.4670832131466311,0.5280109997762609
-24.699999406933784,39.1000015437603,0.4800735355706574,0.5158910638314256
-24.649999406188726,39.15000154450536,0.4500000096857548,0.5382411640123205
-24.649999406188726,39.200001545250416,0.4708204032459398,0.5158910638314256
-24.59999940544367,39.250001545995474,0.4500000096857548,0.5382411640123205
-24.59999940544367,39.30000154674053,0.4670832131466311,0.5158910638314256
-24.54999940469861,39.35000154748559,0.4324555414579977,0.5382411640123205
-24.54999940469861,39.450001548975706,0.4670832131466311,0.49641942423666396
-24.499999403953552,39.500001549720764,0.4324555414579977,0.5280109997762609
-24.499999403953552,39.55000155046582,0.4500000096857548,0.5158910638314256
-24.449999403208494,39.60000155121088,0.4264982136426342,0.5382411640123205
-24.449999403208494,39.65000155195594,0.4500000096857548,0.5158910638314256
-24.399999402463436,39.700001552700996,0.4264982136426342,0.5382411640123205
-24.399999402463436,39.750001553446054,0.4500000096857548,0.5158910638314256
-24.349999401718378,39.80000155419111,0.4264982136426342,0.5382411640123205
-24.349999401718378,39.90000155568123,0.4708204032459398,0.49641942423666396
-24.29999940097332,39.95000155642629,0.4500000096857548,0.5280109997762609
-24.29999940097332,40.000001557171345,0.4708204032459398,0.5158910638314256
-24.249999400228262,40.0500015579164,0.4500000096857548,0.5382411640123205
-24.249999400228262,40.10000155866146,0.4670832131466311,0.5158910638314256
-24.199999399483204,40.15000155940652,0.4324555414579977,0.5382411640123205
-24.199999399483204,40.20000156015158,0.4500000096857548,0.5158910638314256
-24.149999398738146,40.250001560896635,0.4264982136426342,0.5382411640123205
-24.149999398738146,40.35000156238675,0.4708204032459398,0.49641942423666396
-24.099999397993088,40.40000156313181,0.4500000096857548,0.5280109997762609
-24.099999397993088,40.45000156387687,0.4708204032459398,0.5158910638314256
-24.04999939724803,40.500001564621925,0.4500000096857548,0.5382411640123205
-24.04999939724803,40.55000156536698,0.4708204032459398,0.5158910638314256
-23.99999939650297,40.60000156611204,0.4500000096857548,0.5382411640123205
-23.99999939650297,40.6500015668571,0.4708204032459398,0.5158910638314256
-23.949999395757914,40.70000156760216,0.4500000096857548,0.5382411640123205
-23.949999395757914,40.750001568347216,0.4708204032459398,0.5158910638314256
-23.899999395012856,40.800001569092274,0.45192025023463345,0.5382411640123205
-23.899999395012856,40.85000156983733,0.4800735355706574,0.5106335307668594
-23.79999939352274,40.95000157132745,0.4500000096857548,0.5382411640123205
-23.79999939352274,41.000001572072506,0.4708204032459398,0.5106335307668594
-23.699999392032623,41.10000157356262,0.44031243328468356,0.5382411640123205
-23.699999392032623,41.15000157430768,0.4708204032459398,0.5106335307668594
-23.599999390542507,41.250001575797796,0.44031243328468356,0.5382411640123205
-23.599999390542507,41.300001576542854,0.4708204032459398,0.5071067917232597
-23.49999938905239,41.40000157803297,0.44031243328468356,0.5211102658381779
-23.49999938905239,41.45000157877803,0.4708204032459398,0.4946222098231675
-23.399999387562275,41.550001580268145,0.4264982136426342,0.5211102658381779
-23.399999387562275,41.6000015810132,0.45192025023463345,0.4946222098231675
-23.29999938607216,41.70000158250332,0.4264982136426342,0.5211102658381779
-23.29999938607216,41.75000158324838,0.45192025023463345,0.4946222098231675
-23.199999384582043,41.85000158473849,0.4264982136426342,0.5211102658381779
-23.199999384582043,41.90000158548355,0.45192025023463345,0.4946222098231675
-23.099999383091927,42.00000158697367,0.43639611255093375,0.5211102658381779
-23.099999383091927,42.050001587718725,0.4708204032459398,0.4946222098231675
-22.99999938160181,42.15000158920884,0.44031243328468356,0.5211102658381779
-22.99999938160181,42.2000015899539,0.47268121237741656,0.4946222098231675
-22.799999378621578,42.40000159293413,0.45192025023463345,0.5500000111758709
-22.799999378621578,42.45000159367919,0.4800735355706574,0.5211102658381779
-22.549999374896288,42.70000159740448,0.45192025023463345,0.5424621313094227
-22.549999374896288,42.75000159814954,0.4800735355706574,0.5071067917232597
-21.19999935477972,44.100001618266106,0.4717514521370966,0.4946222098231675
-21.149999354034662,44.100001618266106,0.43639611255093375,0.5211102658381779
-20.999999351799488,44.25000162050128,0.4708204032459398,0.4946222098231675
-20.94999935105443,44.25000162050128,0.43639611255093375,0.5211102658381779
-20.799999348819256,44.400001622736454,0.4708204032459398,0.4946222098231675
-20.749999348074198,44.400001622736454,0.44031243328468356,0.5211102658381779
-20.599999345839024,44.55000162497163,0.47268121237741656,0.5071067917232597
-20.549999345093966,44.55000162497163,0.44031243328468356,0.5382411640123205
-20.39999934285879,44.7000016272068,0.47268121237741656,0.5071067917232597
-20.349999342113733,44.7000016272068,0.44031243328468356,0.5382411640123205
-20.19999933987856,44.85000162944198,0.4800735355706574,0.5071067917232597
-20.1499993391335,44.85000162944198,0.45192025023463345,0.5424621313094227
-19.999999336898327,45.00000163167715,0.4800735355706574,0.5106335307668594
-19.94999933615327,45.00000163167715,0.45192025023463345,0.5382411640123205
-19.89999933540821,45.05000163242221,0.4708204032459398,0.5158910638314256
-19.849999334663153,45.05000163242221,0.44031243328468356,0.5382411640123205
-19.799999333918095,45.10000163316727,0.45192025023463345,0.5158910638314256
-19.749999333173037,45.10000163316727,0.4264982136426342,0.5382411640123205
-19.69999933242798,45.150001633912325,0.4500000096857548,0.5158910638314256
-19.64999933168292,45.150001633912325,0.4264982136426342,0.5382411640123205
-19.549999330192804,45.25000163540244,0.4708204032459398,0.5106335307668594
-19.499999329447746,45.25000163540244,0.4500000096857548,0.5382411640123205
-19.449999328702688,45.3000016361475,0.4708204032459398,0.5158910638314256
-19.39999932795763,45.3000016361475,0.44031243328468356,0.5382411640123205
-19.349999327212572,45.35000163689256,0.45192025023463345,0.5158910638314256
-19.299999326467514,45.35000163689256,0.4264982136426342,0.5382411640123205
-19.249999325722456,45.400001637637615,0.4500000096857548,0.5158910638314256
-19.199999324977398,45.400001637637615,0.4264982136426342,0.5382411640123205
-19.099999323487282,45.50000163912773,0.4708204032459398,0.5106335307668594
-19.049999322742224,45.50000163912773,0.4500000096857548,0.5382411640123205
-18.999999321997166,45.55000163987279,0.4708204032459398,0.5158910638314256
-18.949999321252108,45.55000163987279,0.4500000096857548,0.5382411640123205
-18.89999932050705,45.60000164061785,0.4708204032459398,0.5158910638314256
-18.84999931976199,45.60000164061785,0.44031243328468356,0.5382411640123205
-18.799999319016933,45.650001641362906,0.45192025023463345,0.5158910638314256
-18.749999318271875,45.650001641362906,0.4264982136426342,0.5382411640123205
-18.699999317526817,45.700001642107964,0.4500000096857548,0.5158910638314256
-18.64999931678176,45.700001642107964,0.4264982136426342,0.5382411640123205
-18.549999315291643,45.80000164359808,0.4708204032459398,0.5106335307668594
-18.499999314546585,45.80000164359808,0.4500000096857548,0.5382411640123205
-18.449999313801527,45.85000164434314,0.4708204032459398,0.5158910638314256
-18.39999931305647,45.85000164434314,0.4500000096857548,0.5382411640123205
-18.34999931231141,45.900001645088196,0.4708204032459398,0.5158910638314256
-18.299999311566353,45.900001645088196,0.4500000096857548,0.5382411640123205
-18.249999310821295,45.950001645833254,0.4800735355706574,0.5158910638314256
-18.199999310076237,45.950001645833254,0.4670832131466311,0.5382411640123205
-18.14999930933118,46.00000164657831,0.4946222098231675,0.5158910638314256
-18.049999307841063,46.00000164657831,0.4500000096857548,0.5433034484420096
-17.999999307096004,46.05000164732337,0.4708204032459398,0.5158910638314256
-17.949999306350946,46.05000164732337,0.4500000096857548,0.5382411640123205
-17.89999930560589,46.10000164806843,0.4800735355706574,0.5158910638314256
-17.84999930486083,46.10000164806843,0.4670832131466311,0.5382411640123205
-17.799999304115772,46.150001648813486,0.4946222098231675,0.5158910638314256
-17.699999302625656,46.150001648813486,0.4500000096857548,0.5433034484420096
-17.649999301880598,46.200001649558544,0.4708204032459398,0.5158910638314256
-17.59999930113554,46.200001649558544,0.4500000096857548,0.5382411640123205
-17.549999300390482,46.2500016503036,0.4708204032459398,0.5158910638314256
-17.499999299645424,46.2500016503036,0.4500000096857548,0.5280109997762609
-17.449999298900366,46.30000165104866,0.4800735355706574,0.49641942423666396
-17.34999929741025,46.30000165104866,0.4500000096857548,0.5382411640123205
-17.29999929666519,46.35000165179372,0.4708204032459398,0.5158910638314256
-17.249999295920134,46.35000165179372,0.4500000096857548,0.5382411640123205
-17.199999295175076,46.400001652538776,0.4708204032459398,0.5158910638314256
-17.149999294430017,46.400001652538776,0.4500000096857548,0.5280109997762609
-17.09999929368496,46.450001653283834,0.4708204032459398,0.49641942423666396
-16.999999292194843,46.450001653283834,0.4324555414579977,0.5382411640123205
-16.949999291449785,46.50000165402889,0.4670832131466311,0.5158910638314256
-16.899999290704727,46.50000165402889,0.4500000096857548,0.5280109997762609
-16.84999928995967,46.55000165477395,0.4708204032459398,0.49641942423666396
-16.749999288469553,46.55000165477395,0.4264982136426342,0.5382411640123205
-16.699999287724495,46.60000165551901,0.4500000096857548,0.5158910638314256
-16.649999286979437,46.60000165551901,0.4324555414579977,0.5382411640123205
-16.59999928623438,46.65000165626407,0.4670832131466311,0.5158910638314256
-16.54999928548932,46.65000165626407,0.4500000096857548,0.5280109997762609
-16.499999284744263,46.700001657009125,0.4800735355706574,0.49641942423666396
-16.399999283254147,46.700001657009125,0.4500000096857548,0.5382411640123205
-16.34999928250909,46.75000165775418,0.4708204032459398,0.5158910638314256
-16.29999928176403,46.75000165775418,0.4500000096857548,0.5280109997762609
-16.249999281018972,46.80000165849924,0.4800735355706574,0.49641942423666396
-16.149999279528856,46.80000165849924,0.4500000096857548,0.5382411640123205
-16.099999278783798,46.8500016592443,0.4800735355706574,0.5158910638314256
-16.04999927803874,46.8500016592443,0.4670832131466311,0.5280109997762609
-15.999999277293682,46.90000165998936,0.49641942423666396,0.49641942423666396
-15.899999275803566,46.90000165998936,0.4670832131466311,0.5382411640123205
-15.849999275058508,46.950001660734415,0.4946222098231675,0.5158910638314256
-15.749999273568392,46.950001660734415,0.4500000096857548,0.5566373087958522
-15.699999272823334,47.00000166147947,0.4800735355706574,0.5158910638314256
-15.649999272078276,47.00000166147947,0.4670832131466311,0.5280109997762609
-15.599999271333218,47.05000166222453,0.49641942423666396,0.49641942423666396
-15.499999269843102,47.05000166222453,0.4670832131466311,0.5280109997762609
-15.449999269098043,47.10000166296959,0.4946222098231675,0.49641942423666396
-15.349999267607927,47.10000166296959,0.4500000096857548,0.5280109997762609
-15.29999926686287,47.15000166371465,0.4800735355706574,0.49641942423666396
-15.199999265372753,47.15000166371465,0.4500000096857548,0.5280109997762609
-15.149999264627695,47.200001664459705,0.4800735355706574,0.49641942423666396
-15.049999263137579,47.200001664459705,0.4500000096857548,0.5158910638314256
-14.999999262392521,47.25000166520476,0.4708204032459398,0.4800735355706574
-14.899999260902405,47.25000166520476,0.4324555414579977,0.5158910638314256
-14.849999260157347,47.30000166594982,0.4670832131466311,0.4800735355706574
-14.74999925866723,47.30000166594982,0.4324555414579977,0.5158910638314256
-14.699999257922173,47.35000166669488,0.4670832131466311,0.4800735355706574
-14.599999256432056,47.35000166669488,0.4500000096857548,0.5158910638314256
-14.549999255686998,47.40000166743994,0.4800735355706574,0.4800735355706574
-14.399999253451824,47.40000166743994,0.4500000096857548,0.5280109997762609
-14.349999252706766,47.450001668184996,0.4800735355706574,0.49641942423666396
-14.24999925121665,47.450001668184996,0.4500000096857548,0.5158910638314256
-14.199999250471592,47.500001668930054,0.4800735355706574,0.4800735355706574
-14.049999248236418,47.500001668930054,0.4500000096857548,0.5280109997762609
-13.99999924749136,47.55000166967511,0.4800735355706574,0.49641942423666396
-13.899999246001244,47.55000166967511,0.4576473316980041,0.5280109997762609
-13.849999245256186,47.60000167042017,0.49641942423666396,0.49641942423666396
-13.74999924376607,47.60000167042017,0.4670832131466311,0.5280109997762609
-13.699999243021011,47.65000167116523,0.5071067917232597,0.49641942423666396
-13.549999240785837,47.65000167116523,0.4670832131466311,0.5280109997762609
-13.49999924004078,47.700001671910286,0.5071067917232597,0.49641942423666396
-13.349999237805605,47.700001671910286,0.4670832131466311,0.5433034484420096
-13.299999237060547,47.750001672655344,0.5071067917232597,0.5017834528382981
-13.149999234825373,47.750001672655344,0.4670832131466311,0.5280109997762609
-13.099999234080315,47.8000016734004,0.5071067917232597,0.49641942423666396
-12.899999231100082,47.8000016734004,0.4576473316980041,0.5280109997762609
-12.849999230355024,47.85000167414546,0.5017834528382981,0.49641942423666396
-12.649999227374792,47.85000167414546,0.4576473316980041,0.5280109997762609
-12.599999226629734,47.90000167489052,0.5017834528382981,0.49641942423666396
-12.44999922439456,47.90000167489052,0.4670832131466311,0.5280109997762609
-12.399999223649502,47.950001675635576,0.5071067917232597,0.49641942423666396
-12.19999922066927,47.950001675635576,0.4670832131466311,0.5280109997762609
-12.149999219924212,48.000001676380634,0.5071067917232597,0.49641942423666396
-11.94999921694398,48.000001676380634,0.4670832131466311,0.5280109997762609
-11.899999216198921,48.05000167712569,0.5071067917232597,0.49641942423666396
-11.699999213218689,48.05000167712569,0.4576473316980041,0.5280109997762609
-11.649999212473631,48.10000167787075,0.5017834528382981,0.49641942423666396
-11.499999210238457,48.10000167787075,0.4670832131466311,0.5280109997762609
-11.449999209493399,48.15000167861581,0.5071067917232597,0.49641942423666396
-11.249999206513166,48.15000167861581,0.4670832131466311,0.5280109997762609
-11.199999205768108,48.20000167936087,0.5071067917232597,0.49641942423666396
-10.999999202787876,48.20000167936087,0.4670832131466311,0.5280109997762609
-10.949999202042818,48.250001680105925,0.5071067917232597,0.49641942423666396
-10.749999199062586,48.250001680105925,0.4670832131466311,0.5280109997762609
-10.699999198317528,48.30000168085098,0.5071067917232597,0.49641942423666396
-10.39999919384718,48.30000168085098,0.4670832131466311,0.5280109997762609
-10.349999193102121,48.35000168159604,0.5071067917232597,0.49641942423666396
-10.049999188631773,48.35000168159604,0.4670832131466311,0.5433034484420096
-9.999999187886715,48.4000016823411,0.5071067917232597,0.5000000104308129
-9.749999184161425,48.4000016823411,0.4670832131466311,0.5280109997762609
-9.699999183416367,48.45000168308616,0.5071067917232597,0.49641942423666396
-9.399999178946018,48.45000168308616,0.4670832131466311,0.5280109997762609
-9.34999917820096,48.500001683831215,0.5071067917232597,0.49641942423666396
-9.049999173730612,48.500001683831215,0.4670832131466311,0.5433034484420096
-8.999999172985554,48.55000168457627,0.5071067917232597,0.5000000104308129
-8.749999169260263,48.55000168457627,0.4670832131466311,0.5280109997762609
-8.699999168515205,48.60000168532133,0.5071067917232597,0.49641942423666396
-8.399999164044857,48.60000168532133,0.4670832131466311,0.5280109997762609
-8.349999163299799,48.65000168606639,0.5071067917232597,0.49641942423666396
-8.04999915882945,48.65000168606639,0.4670832131466311,0.5433034484420096
-7.9999991580843925,48.70000168681145,0.5071067917232597,0.5000000104308129
-7.699999153614044,48.70000168681145,0.4670832131466311,0.5433034484420096
-7.649999152868986,48.750001687556505,0.5071067917232597,0.5000000104308129
-7.399999149143696,48.750001687556505,0.4670832131466311,0.5280109997762609
-7.349999148398638,48.80000168830156,0.5071067917232597,0.49641942423666396
-7.049999143928289,48.80000168830156,0.4670832131466311,0.5433034484420096
-6.999999143183231,48.85000168904662,0.5071067917232597,0.5000000104308129
-6.699999138712883,48.85000168904662,0.4670832131466311,0.5433034484420096
-6.649999137967825,48.90000168979168,0.5071067917232597,0.5000000104308129
-6.399999134242535,48.90000168979168,0.4670832131466311,0.5280109997762609
-6.349999133497477,48.95000169053674,0.5071067917232597,0.49641942423666396
-6.049999129027128,48.95000169053674,0.4670832131466311,0.5433034484420096
-5.99999912828207,49.000001691281796,0.5071067917232597,0.5000000104308129
-5.699999123811722,49.000001691281796,0.4670832131466311,0.5433034484420096
-5.649999123066664,49.050001692026854,0.5071067917232597,0.5000000104308129
-5.399999119341373,49.050001692026854,0.4670832131466311,0.5280109997762609
-5.349999118596315,49.10000169277191,0.5071067917232597,0.49641942423666396
-5.049999114125967,49.10000169277191,0.4670832131466311,0.5433034484420096
-4.999999113380909,49.15000169351697,0.5071067917232597,0.5000000104308129
-4.699999108910561,49.15000169351697,0.4670832131466311,0.5433034484420096
-4.6499991081655025,49.20000169426203,0.5071067917232597,0.5000000104308129
-4.399999104440212,49.20000169426203,0.4670832131466311,0.5280109997762609
-4.349999103695154,49.250001695007086,0.5071067917232597,0.49641942423666396
-4.049999099224806,49.250001695007086,0.4670832131466311,0.5280109997762609
-3.9999990984797478,49.300001695752144,0.5071067917232597,0.49641942423666396
-3.6999990940093994,49.300001695752144,0.4670832131466311,0.5433034484420096
-3.6499990932643414,49.3500016964972,0.5071067917232597,0.5000000104308129
-3.399999089539051,49.3500016964972,0.4670832131466311,0.5280109997762609
-3.349999088793993,49.40000169724226,0.5071067917232597,0.49641942423666396
-3.0499990843236446,49.40000169724226,0.4670832131466311,0.5280109997762609
-2.9999990835785866,49.45000169798732,0.5071067917232597,0.49641942423666396
-2.699999079108238,49.45000169798732,0.4670832131466311,0.5433034484420096
-2.64999907836318,49.500001698732376,0.5071067917232597,0.5000000104308129
-2.39999907463789,49.500001698732376,0.4670832131466311,0.5280109997762609
-2.349999073892832,49.550001699477434,0.5071067917232597,0.49641942423666396
-2.0499990694224834,49.550001699477434,0.4670832131466311,0.5280109997762609
-1.9999990686774254,49.60000170022249,0.5071067917232597,0.49641942423666396
-1.699999064207077,49.60000170022249,0.4670832131466311,0.5433034484420096
-1.649999063462019,49.65000170096755,0.5071067917232597,0.5000000104308129
-1.3999990597367287,49.65000170096755,0.4670832131466311,0.5280109997762609
-1.3499990589916706,49.70000170171261,0.5071067917232597,0.49641942423666396
-1.0499990545213223,49.70000170171261,0.4670832131466311,0.5280109997762609
-0.9999990537762642,49.750001702457666,0.5071067917232597,0.49641942423666396
-0.6999990493059158,49.750001702457666,0.4670832131466311,0.5433034484420096
-0.6499990485608578,49.800001703202724,0.5071067917232597,0.5000000104308129
-0.3499990440905094,49.800001703202724,0.4670832131466311,0.5433034484420096
-0.29999904334545135,49.85000170394778,0.5071067917232597,0.5000000104308129
-0.049999039620161057,49.85000170394778,0.4670832131466311,0.5280109997762609
9.611248970031738e-07,49.90000170469284,0.5071067917232597,0.49641942423666396
0.30000096559524536,49.90000170469284,0.4670832131466311,0.5433034484420096
0.3500009663403034,49.9500017054379,0.5071067917232597,0.5000000104308129
0.6500009708106518,49.9500017054379,0.4670832131466311,0.5433034484420096
0.7000009715557098,50.00000170618296,0.5071067917232597,0.5000000104308129
0.9500009752810001,50.00000170618296,0.4670832131466311,0.5280109997762609
1.0000009760260582,50.050001706928015,0.5071067917232597,0.49641942423666396
1.3000009804964066,50.050001706928015,0.4670832131466311,0.5433034484420096
1.3500009812414646,50.10000170767307,0.5071067917232597,0.5000000104308129
1.650000985711813,50.10000170767307,0.4670832131466311,0.5433034484420096
1.700000986456871,50.15000170841813,0.5071067917232597,0.5000000104308129
1.9500009901821613,50.15000170841813,0.4670832131466311,0.5280109997762609
2.0000009909272194,50.20000170916319,0.5071067917232597,0.49641942423666396
2.3000009953975677,50.20000170916319,0.4670832131466311,0.5433034484420096
2.350000996142626,50.25000170990825,0.5071067917232597,0.5000000104308129
2.650001000612974,50.25000170990825,0.4670832131466311,0.5433034484420096
2.7000010013580322,50.300001710653305,0.5071067917232597,0.5000000104308129
2.9500010050833225,50.300001710653305,0.4670832131466311,0.5280109997762609
3.0000010058283806,50.35000171139836,0.5071067917232597,0.49641942423666396
3.300001010298729,50.35000171139836,0.4670832131466311,0.5280109997762609
3.350001011043787,50.40000171214342,0.5071067917232597,0.49641942423666396
3.6500010155141354,50.40000171214342,0.4670832131466311,0.5433034484420096
3.7000010162591934,50.45000171288848,0.5071067917232597,0.5000000104308129
3.9500010199844837,50.45000171288848,0.4670832131466311,0.5280109997762609
4.000001020729542,50.50000171363354,0.5071067917232597,0.49641942423666396
4.30000102519989,50.50000171363354,0.4670832131466311,0.5280109997762609
4.350001025944948,50.550001714378595,0.5071067917232597,0.49641942423666396
4.6000010296702385,50.550001714378595,0.4670832131466311,0.5280109997762609
4.6500010304152966,50.60000171512365,0.5071067917232597,0.49641942423666396
4.850001033395529,50.60000171512365,0.4670832131466311,0.5280109997762609
4.900001034140587,50.65000171586871,0.5071067917232597,0.49641942423666396
5.150001037865877,50.65000171586871,0.4576473316980041,0.5280109997762609
5.200001038610935,50.70000171661377,0.5017834528382981,0.49641942423666396
5.4000010415911674,50.70000171661377,0.4576473316980041,0.5280109997762609
5.4500010423362255,50.75000171735883,0.5017834528382981,0.49641942423666396
5.6000010445714,50.75000171735883,0.4670832131466311,0.5280109997762609
5.650001045316458,50.800001718103886,0.5071067917232597,0.49641942423666396
5.85000104829669,50.800001718103886,0.4500000096857548,0.5280109997762609
5.900001049041748,50.850001718848944,0.4800735355706574,0.49641942423666396
6.000001050531864,50.850001718848944,0.4500000096857548,0.5382411640123205
6.050001051276922,50.900001719594,0.4800735355706574,0.5158910638314256
6.10000105202198,50.900001719594,0.45192025023463345,0.5382411640123205
6.150001052767038,50.95000172033906,0.4708204032459398,0.5158910638314256
6.200001053512096,50.95000172033906,0.4500000096857548,0.5382411640123205
6.550001058727503,51.300001725554466,0.44031243328468356,0.5382411640123205
6.550001058727503,51.350001726299524,0.47268121237741656,0.5158910638314256
6.600001059472561,51.40000172704458,0.4708204032459398,0.5382411640123205
6.600001059472561,51.45000172778964,0.4946222098231675,0.5158910638314256
6.650001060217619,51.5000017285347,0.4670832131466311,0.5382411640123205
6.650001060217619,51.55000172927976,0.4800735355706574,0.5158910638314256
6.700001060962677,51.600001730024815,0.4500000096857548,0.5382411640123205
6.700001060962677,51.65000173076987,0.4708204032459398,0.5158910638314256
6.750001061707735,51.70000173151493,0.4500000096857548,0.5382411640123205
6.750001061707735,51.75000173225999,0.4708204032459398,0.5158910638314256
6.800001062452793,51.80000173300505,0.4500000096857548,0.5382411640123205
6.800001062452793,51.90000173449516,0.4946222098231675,0.49641942423666396
6.850001063197851,51.95000173524022,0.4670832131466311,0.5280109997762609
6.850001063197851,52.00000173598528,0.4800735355706574,0.5158910638314256
6.900001063942909,52.05000173673034,0.4500000096857548,0.5382411640123205
6.900001063942909,52.100001737475395,0.4708204032459398,0.5158910638314256
6.950001064687967,52.15000173822045,0.4500000096857548,0.5382411640123205
6.950001064687967,52.20000173896551,0.4708204032459398,0.5158910638314256
7.000001065433025,52.25000173971057,0.4500000096857548,0.5382411640123205
7.000001065433025,52.30000174045563,0.4708204032459398,0.5158910638314256
7.050001066178083,52.350001741200686,0.4500000096857548,0.5382411640123205
7.050001066178083,52.400001741945744,0.4708204032459398,0.5158910638314256
7.1000010669231415,52.4500017426908,0.4500000096857548,0.5433034484420096
7.1000010669231415,52.50000174343586,0.4708204032459398,0.5211102658381779
7.1500010676681995,52.55000174418092,0.45192025023463345,0.5382411640123205
7.1500010676681995,52.600001744925976,0.4800735355706574,0.5106335307668594
7.250001069158316,52.70000174641609,0.45192025023463345,0.5382411640123205
7.250001069158316,52.75000174716115,0.4800735355706574,0.5071067917232597
7.450001072138548,52.95000175014138,0.4800735355706574,0.5071067917232597
7.500001072883606,52.95000175014138,0.45192025023463345,0.5382411640123205
7.600001074373722,53.0500017516315,0.4800735355706574,0.5106335307668594
7.65000107511878,53.0500017516315,0.45192025023463345,0.5382411640123205
7.700001075863838,53.100001752376556,0.4708204032459398,0.5158910638314256
7.750001076608896,53.100001752376556,0.4500000096857548,0.5382411640123205
7.800001077353954,53.150001753121614,0.4708204032459398,0.5158910638314256
7.850001078099012,53.150001753121614,0.4500000096857548,0.5382411640123205
7.90000107884407,53.20000175386667,0.4708204032459398,0.5211102658381779
7.9500010795891285,53.20000175386667,0.4500000096857548,0.5433034484420096
8.000001080334187,53.25000175461173,0.4800735355706574,0.5158910638314256
8.050001081079245,53.25000175461173,0.4670832131466311,0.5280109997762609
8.100001081824303,53.30000175535679,0.4946222098231675,0.49641942423666396
8.200001083314419,53.30000175535679,0.4500000096857548,0.5280109997762609
8.250001084059477,53.35000175610185,0.4800735355706574,0.49641942423666396
8.350001085549593,53.35000175610185,0.4500000096857548,0.5382411640123205
8.400001086294651,53.400001756846905,0.4800735355706574,0.5158910638314256
8.450001087039709,53.400001756846905,0.4670832131466311,0.5280109997762609
8.500001087784767,53.45000175759196,0.49641942423666396,0.49641942423666396
8.600001089274883,53.45000175759196,0.4670832131466311,0.5280109997762609
8.650001090019941,53.50000175833702,0.4946222098231675,0.49641942423666396
8.750001091510057,53.50000175833702,0.4500000096857548,0.5382411640123205
8.800001092255116,53.55000175908208,0.4800735355706574,0.5158910638314256
8.850001093000174,53.55000175908208,0.4670832131466311,0.5280109997762609
8.900001093745232,53.60000175982714,0.49641942423666396,0.49641942423666396
9.000001095235348,53.60000175982714,0.4670832131466311,0.5382411640123205
9.050001095980406,53.650001760572195,0.4946222098231675,0.5158910638314256
9.150001097470522,53.650001760572195,0.4500000096857548,0.5433034484420096
9.20000109821558,53.70000176131725,0.4800735355706574,0.5158910638314256
9.250001098960638,53.70000176131725,0.4670832131466311,0.5382411640123205
9.300001099705696,53.75000176206231,0.4946222098231675,0.5158910638314256
9.400001101195812,53.75000176206231,0.4500000096857548,0.5433034484420096
9.45000110194087,53.80000176280737,0.4800735355706574,0.5158910638314256
9.500001102685928,53.80000176280737,0.4670832131466311,0.5382411640123205
9.550001103430986,53.85000176355243,0.4946222098231675,0.5158910638314256
9.650001104921103,53.85000176355243,0.4500000096857548,0.5433034484420096
9.70000110566616,53.900001764297485,0.4708204032459398,0.5158910638314256
9.750001106411219,53.900001764297485,0.4500000096857548,0.5382411640123205
9.800001107156277,53.95000176504254,0.4708204032459398,0.5158910638314256
9.850001107901335,53.95000176504254,0.4500000096857548,0.5382411640123205
9.900001108646393,54.0000017657876,0.4708204032459398,0.5158910638314256
9.95000110939145,54.0000017657876,0.4500000096857548,0.5382411640123205
10.000001110136509,54.05000176653266,0.4800735355706574,0.5158910638314256
10.050001110881567,54.05000176653266,0.4670832131466311,0.5382411640123205
10.100001111626625,54.10000176727772,0.4946222098231675,0.5158910638314256
10.200001113116741,54.10000176727772,0.4500000096857548,0.5615773219347772
10.2500011138618,54.150001768022776,0.4708204032459398,0.5382411640123205
10.300001114606857,54.150001768022776,0.4500000096857548,0.5615773219347772
10.350001115351915,54.200001768767834,0.4708204032459398,0.5280109997762609
10.400001116096973,54.200001768767834,0.4500000096857548,0.5433034484420096
10.450001116842031,54.25000176951289,0.4708204032459398,0.5158910638314256
10.50000111758709,54.25000176951289,0.4500000096857548,0.5382411640123205
10.550001118332148,54.30000177025795,0.4708204032459398,0.5158910638314256
10.600001119077206,54.30000177025795,0.4500000096857548,0.5382411640123205
10.650001119822264,54.35000177100301,0.4708204032459398,0.5158910638314256
10.700001120567322,54.35000177100301,0.4500000096857548,0.5382411640123205
10.75000112131238,54.400001771748066,0.4708204032459398,0.5158910638314256
10.800001122057438,54.400001771748066,0.4500000096857548,0.5382411640123205
10.850001122802496,54.450001772493124,0.4708204032459398,0.5158910638314256
10.900001123547554,54.450001772493124,0.4500000096857548,0.5382411640123205
10.950001124292612,54.50000177323818,0.4708204032459398,0.5158910638314256
11.00000112503767,54.50000177323818,0.4500000096857548,0.5382411640123205
11.050001125782728,54.55000177398324,0.4708204032459398,0.5158910638314256
11.100001126527786,54.55000177398324,0.4500000096857548,0.5382411640123205
11.150001127272844,54.6000017747283,0.4800735355706574,0.5158910638314256
11.200001128017902,54.6000017747283,0.4670832131466311,0.5382411640123205
11.25000112876296,54.650001775473356,0.4946222098231675,0.5158910638314256
11.350001130253077,54.650001775473356,0.4500000096857548,0.5615773219347772
11.400001130998135,54.700001776218414,0.4708204032459398,0.5382411640123205
11.450001131743193,54.700001776218414,0.4500000096857548,0.5615773219347772
11.50000113248825,54.75000177696347,0.4708204032459398,0.5280109997762609
11.550001133233309,54.75000177696347,0.4500000096857548,0.5433034484420096
11.600001133978367,54.80000177770853,0.4708204032459398,0.5158910638314256
11.650001134723425,54.80000177770853,0.4500000096857548,0.5382411640123205
11.700001135468483,54.85000177845359,0.4708204032459398,0.5158910638314256
11.750001136213541,54.85000177845359,0.4500000096857548,0.5382411640123205
11.800001136958599,54.90000177919865,0.4708204032459398,0.5158910638314256
11.850001137703657,54.90000177919865,0.4500000096857548,0.5382411640123205
11.900001138448715,54.950001779943705,0.4708204032459398,0.5158910638314256
11.950001139193773,54.950001779943705,0.4500000096857548,0.5382411640123205
12.000001139938831,55.00000178068876,0.4708204032459398,0.5158910638314256
12.05000114068389,55.00000178068876,0.4500000096857548,0.5382411640123205
12.100001141428947,55.05000178143382,0.4708204032459398,0.5158910638314256
12.150001142174006,55.05000178143382,0.4500000096857548,0.5382411640123205
12.200001142919064,55.10000178217888,0.4800735355706574,0.5158910638314256
12.250001143664122,55.10000178217888,0.4670832131466311,0.5382411640123205
12.30000114440918,55.15000178292394,0.4946222098231675,0.5158910638314256
12.400001145899296,55.15000178292394,0.4500000096857548,0.5615773219347772
12.450001146644354,55.200001783668995,0.4708204032459398,0.5382411640123205
12.500001147389412,55.200001783668995,0.4500000096857548,0.5615773219347772
12.55000114813447,55.25000178441405,0.4708204032459398,0.5280109997762609
12.600001148879528,55.25000178441405,0.4500000096857548,0.5433034484420096
12.650001149624586,55.30000178515911,0.4708204032459398,0.5158910638314256
12.700001150369644,55.30000178515911,0.4500000096857548,0.5382411640123205
12.750001151114702,55.35000178590417,0.4708204032459398,0.5158910638314256
12.80000115185976,55.35000178590417,0.4500000096857548,0.5382411640123205
12.850001152604818,55.40000178664923,0.4708204032459398,0.5158910638314256
12.900001153349876,55.40000178664923,0.4500000096857548,0.5382411640123205
12.950001154094934,55.450001787394285,0.4708204032459398,0.5158910638314256
13.000001154839993,55.450001787394285,0.4500000096857548,0.5382411640123205
13.05000115558505,55.50000178813934,0.4708204032459398,0.5158910638314256
13.100001156330109,55.50000178813934,0.4500000096857548,0.5382411640123205
13.150001157075167,55.5500017888844,0.4708204032459398,0.5158910638314256
13.200001157820225,55.5500017888844,0.4500000096857548,0.5382411640123205
13.250001158565283,55.60000178962946,0.4800735355706574,0.5158910638314256
13.30000115931034,55.60000178962946,0.4670832131466311,0.5382411640123205
13.350001160055399,55.65000179037452,0.4946222098231675,0.5158910638314256
13.450001161545515,55.65000179037452,0.4500000096857548,0.5615773219347772
13.500001162290573,55.700001791119576,0.4708204032459398,0.5382411640123205
13.550001163035631,55.700001791119576,0.4500000096857548,0.5615773219347772
13.60000116378069,55.750001791864634,0.4708204032459398,0.5280109997762609
13.650001164525747,55.750001791864634,0.4500000096857548,0.5433034484420096
13.700001165270805,55.80000179260969,0.4708204032459398,0.5158910638314256
13.750001166015863,55.80000179260969,0.4500000096857548,0.5382411640123205
13.800001166760921,55.85000179335475,0.4708204032459398,0.5158910638314256
13.85000116750598,55.85000179335475,0.4500000096857548,0.5382411640123205
13.900001168251038,55.90000179409981,0.4708204032459398,0.5158910638314256
13.950001168996096,55.90000179409981,0.4500000096857548,0.5382411640123205
14.000001169741154,55.950001794844866,0.4708204032459398,0.5158910638314256
14.050001170486212,55.950001794844866,0.4500000096857548,0.5382411640123205
14.10000117123127,56.000001795589924,0.4708204032459398,0.5158910638314256
14.150001171976328,56.000001795589924,0.4500000096857548,0.5382411640123205
14.200001172721386,56.05000179633498,0.4708204032459398,0.5158910638314256
14.250001173466444,56.05000179633498,0.4500000096857548,0.5382411640123205
14.300001174211502,56.10000179708004,0.4708204032459398,0.5158910638314256
14.35000117495656,56.10000179708004,0.4500000096857548,0.5382411640123205
14.400001175701618,56.1500017978251,0.4800735355706574,0.5158910638314256
14.450001176446676,56.1500017978251,0.4670832131466311,0.5382411640123205
14.500001177191734,56.200001798570156,0.4946222098231675,0.5158910638314256
14.60000117868185,56.200001798570156,0.4500000096857548,0.5615773219347772
14.650001179426908,56.250001799315214,0.4708204032459398,0.5382411640123205
14.700001180171967,56.250001799315214,0.4500000096857548,0.5615773219347772
14.750001180917025,56.30000180006027,0.4708204032459398,0.5280109997762609
14.800001181662083,56.30000180006027,0.4500000096857548,0.5433034484420096
14.85000118240714,56.35000180080533,0.4708204032459398,0.5158910638314256
14.900001183152199,56.35000180080533,0.4500000096857548,0.5382411640123205
14.950001183897257,56.40000180155039,0.4708204032459398,0.5158910638314256
15.000001184642315,56.40000180155039,0.4500000096857548,0.5382411640123205
15.050001185387373,56.450001802295446,0.4708204032459398,0.5158910638314256
15.100001186132431,56.450001802295446,0.4500000096857548,0.5382411640123205
15.150001186877489,56.500001803040504,0.4708204032459398,0.5158910638314256
15.200001187622547,56.500001803040504,0.4500000096857548,0.5382411640123205
15.250001188367605,56.55000180378556,0.4708204032459398,0.5158910638314256
15.300001189112663,56.55000180378556,0.4500000096857548,0.5382411640123205
15.350001189857721,56.60000180453062,0.4708204032459398,0.5158910638314256
15.40000119060278,56.60000180453062,0.4500000096857548,0.5382411640123205
15.450001191347837,56.65000180527568,0.4800735355706574,0.5158910638314256
15.500001192092896,56.65000180527568,0.4670832131466311,0.5382411640123205
15.550001192837954,56.70000180602074,0.4946222098231675,0.5158910638314256
15.65000119432807,56.70000180602074,0.4500000096857548,0.5615773219347772
15.700001195073128,56.750001806765795,0.4708204032459398,0.5382411640123205
15.750001195818186,56.750001806765795,0.4500000096857548,0.5615773219347772
15.800001196563244,56.80000180751085,0.4708204032459398,0.5280109997762609
15.850001197308302,56.80000180751085,0.4500000096857548,0.5433034484420096
15.90000119805336,56.85000180825591,0.4708204032459398,0.5158910638314256
15.950001198798418,56.85000180825591,0.4500000096857548,0.5382411640123205
16.000001199543476,56.90000180900097,0.4708204032459398,0.5158910638314256
16.050001200288534,56.90000180900097,0.4500000096857548,0.5382411640123205
16.100001201033592,56.95000180974603,0.4708204032459398,0.5158910638314256
16.15000120177865,56.95000180974603,0.4500000096857548,0.5382411640123205
16.20000120252371,57.000001810491085,0.4708204032459398,0.5158910638314256
16.250001203268766,57.000001810491085,0.4500000096857548,0.5382411640123205
16.300001204013824,57.05000181123614,0.4708204032459398,0.5158910638314256
16.350001204758883,57.05000181123614,0.4500000096857548,0.5382411640123205
16.40000120550394,57.1000018119812,0.4708204032459398,0.5158910638314256
16.450001206249,57.1000018119812,0.4500000096857548,0.5382411640123205
16.500001206994057,57.15000181272626,0.4800735355706574,0.5158910638314256
16.550001207739115,57.15000181272626,0.4670832131466311,0.5382411640123205
16.600001208484173,57.20000181347132,0.4946222098231675,0.5158910638314256
16.70000120997429,57.20000181347132,0.4500000096857548,0.5615773219347772
16.750001210719347,57.250001814216375,0.4708204032459398,0.5382411640123205
16.800001211464405,57.250001814216375,0.4500000096857548,0.5615773219347772
16.850001212209463,57.30000181496143,0.4708204032459398,0.5280109997762609
16.90000121295452,57.30000181496143,0.4500000096857548,0.5433034484420096
16.95000121369958,57.35000181570649,0.4708204032459398,0.5158910638314256
17.000001214444637,57.35000181570649,0.4500000096857548,0.5382411640123205
17.050001215189695,57.40000181645155,0.4708204032459398,0.5158910638314256
17.100001215934753,57.40000181645155,0.4500000096857548,0.5382411640123205
17.15000121667981,57.45000181719661,0.4708204032459398,0.5158910638314256
17.20000121742487,57.45000181719661,0.4500000096857548,0.5382411640123205
17.250001218169928,57.500001817941666,0.4708204032459398,0.5158910638314256
17.300001218914986,57.500001817941666,0.4500000096857548,0.5382411640123205
17.350001219660044,57.550001818686724,0.4708204032459398,0.5158910638314256
17.4000012204051,57.550001818686724,0.4500000096857548,0.5382411640123205
17.45000122115016,57.60000181943178,0.4708204032459398,0.5158910638314256
17.500001221895218,57.60000181943178,0.4500000096857548,0.5382411640123205
17.550001222640276,57.65000182017684,0.4708204032459398,0.5158910638314256
17.600001223385334,57.65000182017684,0.4500000096857548,0.5280109997762609
17.650001224130392,57.7000018209219,0.4800735355706574,0.49641942423666396
17.750001225620508,57.7000018209219,0.4500000096857548,0.5382411640123205
17.800001226365566,57.750001821666956,0.4800735355706574,0.5158910638314256
17.850001227110624,57.750001821666956,0.4670832131466311,0.5280109997762609
17.900001227855682,57.800001822412014,0.4946222098231675,0.49641942423666396
18.0000012293458,57.800001822412014,0.4500000096857548,0.5280109997762609
18.050001230090857,57.85000182315707,0.4800735355706574,0.49641942423666396
18.150001231580973,57.85000182315707,0.4500000096857548,0.5280109997762609
18.20000123232603,57.90000182390213,0.4800735355706574,0.49641942423666396
18.300001233816147,57.90000182390213,0.4500000096857548,0.5280109997762609
18.350001234561205,57.95000182464719,0.4800735355706574,0.49641942423666396
18.45000123605132,57.95000182464719,0.4500000096857548,0.5280109997762609
18.50000123679638,58.000001825392246,0.4800735355706574,0.49641942423666396
18.600001238286495,58.000001825392246,0.4500000096857548,0.5382411640123205
18.650001239031553,58.050001826137304,0.4800735355706574,0.5158910638314256
18.70000123977661,58.050001826137304,0.4670832131466311,0.5280109997762609
18.75000124052167,58.10000182688236,0.49641942423666396,0.49641942423666396
18.850001242011786,58.10000182688236,0.4670832131466311,0.5280109997762609
18.900001242756844,58.15000182762742,0.5071067917232597,0.49641942423666396
19.050001244992018,58.15000182762742,0.4670832131466311,0.5280109997762609
19.100001245737076,58.20000182837248,0.5071067917232597,0.49641942423666396
19.25000124797225,58.20000182837248,0.4670832131466311,0.5280109997762609
19.300001248717308,58.25000182911754,0.5071067917232597,0.49641942423666396
19.450001250952482,58.25000182911754,0.4670832131466311,0.5280109997762609
19.50000125169754,58.300001829862595,0.5071067917232597,0.49641942423666396
19.650001253932714,58.300001829862595,0.4670832131466311,0.5280109997762609
19.700001254677773,58.35000183060765,0.5071067917232597,0.49641942423666396
19.900001257658005,58.35000183060765,0.4670832131466311,0.5280109997762609
19.950001258403063,58.40000183135271,0.5071067917232597,0.49641942423666396
20.350001264363527,58.40000183135271,0.4800735355706574,0.5433034484420096
20.400001265108585,58.45000183209777,0.5158910638314256,0.5000000104308129
