#x_m,y_m,w_tr_right_m,w_tr_left_m
20.850001271814108,58.10000182688236,0.16400549988813046,0.8500000156462193
20.900001272559166,58.050001826137304,0.13541020162296988,0.9000000163912774
22.10000129044056,58.050001826137304,0.16400549988813046,0.8500000156462193
22.150001291185617,58.000001825392246,0.13541020162296988,0.9000000163912774
22.750001300126314,58.000001825392246,0.15355339586162983,0.8440306664483241
22.800001300871372,57.95000182464719,0.11622777072899887,0.8793516733297382
23.050001304596663,57.95000182464719,0.15355339586162983,0.8440306664483241
23.10000130534172,57.90000182390213,0.11622777072899887,0.8770329774759426
23.200001306831837,57.90000182390213,0.15355339586162983,0.8440306664483241
23.250001307576895,57.85000182315707,0.11622777072899887,0.8770329774759426
23.35000130906701,57.85000182315707,0.15355339586162983,0.8440306664483241
23.40000130981207,57.800001822412014,0.11622777072899887,0.8770329774759426
23.500001311302185,57.800001822412014,0.160555132919089,0.8440306664483241
23.550001312047243,57.750001821666956,0.13541020162296988,0.8735455436762694
23.6000013127923,57.750001821666956,0.160555132919089,0.8511898177453807
23.65000131353736,57.7000018209219,0.13541020162296988,0.8735455436762694
23.700001314282417,57.7000018209219,0.160555132919089,0.8511898177453807
23.750001315027475,57.65000182017684,0.13541020162296988,0.8630145971136167
23.800001315772533,57.65000182017684,0.160555132919089,0.8307764217641807
23.90000131726265,57.550001818686724,0.13541020162296988,0.8547511712034664
23.950001318007708,57.550001818686724,0.160555132919089,0.825914241721473
24.350001323968172,57.15000181272626,0.18078866096738858,0.8124228516521053
24.350001323968172,57.1000018119812,0.15355339586162983,0.8404326178378946
24.500001326203346,56.95000180974603,0.18078866096738858,0.8000000149011612
24.500001326203346,56.90000180900097,0.160555132919089,0.8295630294403845
24.550001326948404,56.85000180825591,0.18078866096738858,0.8062306048689096
24.550001326948404,56.80000180751085,0.160555132919089,0.8295630294403845
24.600001327693462,56.750001806765795,0.18078866096738858,0.8062306048689096
24.600001327693462,56.70000180602074,0.160555132919089,0.8295630294403845
24.65000132843852,56.65000180527568,0.18078866096738858,0.8062306048689096
24.65000132843852,56.60000180453062,0.160555132919089,0.8295630294403845
24.70000132918358,56.55000180378556,0.18078866096738858,0.8062306048689096
24.70000132918358,56.500001803040504,0.160555132919089,0.8295630294403845
24.750001329928637,56.450001802295446,0.18078866096738858,0.8062306048689096
24.750001329928637,56.40000180155039,0.160555132919089,0.8295630294403845
24.800001330673695,56.35000180080533,0.18078866096738858,0.8062306048689096
24.800001330673695,56.30000180006027,0.160555132919089,0.8295630294403845
24.850001331418753,56.250001799315214,0.18078866096738858,0.7962429571037405
24.850001331418753,56.1500017978251,0.15355339586162983,0.8307764217641807
24.90000133216381,56.10000179708004,0.18078866096738858,0.7962429571037405
24.90000133216381,56.000001795589924,0.15355339586162983,0.8307764217641807
24.95000133290887,55.950001794844866,0.18078866096738858,0.7962429571037405
24.95000133290887,55.85000179335475,0.15355339586162983,0.8307764217641807
25.000001333653927,55.80000179260969,0.18078866096738858,0.7962429571037405
25.000001333653927,55.700001791119576,0.15355339586162983,0.8307764217641807
25.050001334398985,55.65000179037452,0.18078866096738858,0.7962429571037405
25.050001334398985,55.5500017888844,0.15355339586162983,0.8307764217641807
25.100001335144043,55.50000178813934,0.18078866096738858,0.7962429571037405
25.100001335144043,55.35000178590417,0.1500000052154064,0.8440306664483241
25.1500013358891,55.30000178515911,0.18078866096738858,0.8124228516521053
25.1500013358891,55.200001783668995,0.15355339586162983,0.8440306664483241
25.20000133663416,55.15000178292394,0.18078866096738858,0.8124228516521053
25.20000133663416,55.00000178068876,0.1500000052154064,0.8594810208083519
25.250001337379217,54.950001779943705,0.18078866096738858,0.8198039179148193
25.250001337379217,54.80000177770853,0.1500000052154064,0.8547511712034664
25.300001338124275,54.75000177696347,0.18078866096738858,0.8111874358757011
25.300001338124275,54.55000177398324,0.1500000052154064,0.8547511712034664
25.350001338869333,54.50000177323818,0.18078866096738858,0.8111874358757011
25.350001338869333,54.35000177100301,0.1500000052154064,0.8440306664483241
25.40000133961439,54.30000177025795,0.18078866096738858,0.8111874358757011
25.40000133961439,54.10000176727772,0.1500000052154064,0.8547511712034664
25.45000134035945,54.05000176653266,0.18078866096738858,0.8111874358757011
25.45000134035945,53.85000176355243,0.1500000052154064,0.8547511712034664
25.500001341104507,53.80000176280737,0.18078866096738858,0.8111874358757011
25.500001341104507,53.650001760572195,0.1500000052154064,0.8440306664483241
25.550001341849566,53.60000175982714,0.18078866096738858,0.8111874358757011
25.550001341849566,53.400001756846905,0.1500000052154064,0.8547511712034664
25.600001342594624,53.35000175610185,0.18078866096738858,0.8111874358757011
25.600001342594624,53.150001753121614,0.1500000052154064,0.8547511712034664
25.65000134333968,53.100001752376556,0.18078866096738858,0.8111874358757011
25.65000134333968,52.850001748651266,0.1500000052154064,0.8606601875848896
25.70000134408474,52.80000174790621,0.18078866096738858,0.8198039179148193
25.70000134408474,52.600001744925976,0.1500000052154064,0.8606601875848896
25.750001344829798,52.55000174418092,0.18078866096738858,0.8198039179148193
25.750001344829798,52.350001741200686,0.1500000052154064,0.8606601875848896
25.800001345574856,52.30000174045563,0.18078866096738858,0.8198039179148193
25.800001345574856,52.05000173673034,0.1500000052154064,0.8606601875848896
25.850001346319914,52.00000173598528,0.18078866096738858,0.8198039179148193
25.850001346319914,51.80000173300505,0.1500000052154064,0.8606601875848896
25.900001347064972,51.75000173225999,0.18078866096738858,0.8198039179148193
25.900001347064972,51.5000017285347,0.1500000052154064,0.8606601875848896
25.95000134781003,51.45000172778964,0.18078866096738858,0.8198039179148193
25.95000134781003,51.25000172480941,0.1500000052154064,0.8606601875848896
26.000001348555088,51.20000172406435,0.18078866096738858,0.8198039179148193
26.000001348555088,51.00000172108412,0.1500000052154064,0.8606601875848896
26.050001349300146,50.95000172033906,0.18078866096738858,0.8198039179148193
26.050001349300146,50.70000171661377,0.1500000052154064,0.8606601875848896
26.100001350045204,50.65000171586871,0.18078866096738858,0.8198039179148193
26.100001350045204,50.45000171288848,0.1500000052154064,0.8606601875848896
26.150001350790262,50.40000171214342,0.18078866096738858,0.8198039179148193
26.150001350790262,50.15000170841813,0.1500000052154064,0.8606601875848896
26.20000135153532,50.10000170767307,0.18078866096738858,0.8198039179148193
26.20000135153532,49.90000170469284,0.1500000052154064,0.8606601875848896
26.25000135228038,49.85000170394778,0.18078866096738858,0.8198039179148193
26.25000135228038,49.60000170022249,0.1500000052154064,0.8606601875848896
26.300001353025436,49.550001699477434,0.18078866096738858,0.8198039179148193
26.300001353025436,49.250001695007086,0.1500000052154064,0.8606601875848896
26.350001353770494,49.20000169426203,0.18078866096738858,0.8198039179148193
26.350001353770494,48.90000168979168,0.1500000052154064,0.8606601875848896
26.400001354515553,48.85000168904662,0.18078866096738858,0.8198039179148193
26.400001354515553,48.55000168457627,0.1500000052154064,0.8606601875848896
26.45000135526061,48.500001683831215,0.18078866096738858,0.8198039179148193
26.45000135526061,48.250001680105925,0.1500000052154064,0.8547511712034664
26.50000135600567,48.20000167936087,0.18078866096738858,0.8111874358757011
26.50000135600567,47.90000167489052,0.1500000052154064,0.8547511712034664
26.550001356750727,47.85000167414546,0.18078866096738858,0.8111874358757011
26.550001356750727,47.55000166967511,0.1500000052154064,0.8547511712034664
26.600001357495785,47.500001668930054,0.18078866096738858,0.8111874358757011
26.600001357495785,47.200001664459705,0.1500000052154064,0.8547511712034664
26.650001358240843,47.15000166371465,0.18078866096738858,0.8111874358757011
26.650001358240843,46.90000165998936,0.1500000052154064,0.8511898177453807
26.7000013589859,46.8500016592443,0.18078866096738858,0.8049875770875707
26.7000013589859,46.450001653283834,0.1500000052154064,0.8606601875848896
26.75000135973096,46.400001652538776,0.18078866096738858,0.8198039179148193
26.75000135973096,46.05000164732337,0.1500000052154064,0.8688779322491196
26.800001360476017,46.00000164657831,0.18078866096738858,0.8307764217641807
26.800001360476017,45.650001641362906,0.1500000052154064,0.8793516733297382
26.850001361221075,45.60000164061785,0.18078866096738858,0.8440306664483241
26.850001361221075,45.25000163540244,0.1500000052154064,0.8688779322491196
26.900001361966133,45.20000163465738,0.18078866096738858,0.8307764217641807
26.900001361966133,44.30000162124634,0.1500000052154064,0.9000000163912774
26.95000136271119,44.25000162050128,0.18078866096738858,0.8500000156462193
26.95000136271119,42.65000159665942,0.20311289342177757,0.7848857948555522
26.900001361966133,42.600001595914364,0.18078866096738858,0.8000000149011612
26.900001361966133,42.550001595169306,0.20311289342177757,0.7708244064137908
26.25000135228038,41.90000158548355,0.20311289342177757,0.7861541608606429
26.20000135153532,41.90000158548355,0.18078866096738858,0.8124228516521053
26.100001350045204,41.800001583993435,0.20311289342177757,0.7924716768529406
26.050001349300146,41.800001583993435,0.18078866096738858,0.825914241721473
25.900001347064972,41.65000158175826,0.20311289342177757,0.7924716768529406
25.850001346319914,41.65000158175826,0.18078866096738858,0.825914241721473
25.750001344829798,41.550001580268145,0.20311289342177757,0.8000000149011612
25.70000134408474,41.550001580268145,0.18078866096738858,0.8295630294403845
25.550001341849566,41.40000157803297,0.20311289342177757,0.7861541608606429
25.500001341104507,41.40000157803297,0.18078866096738858,0.8124228516521053
25.40000133961439,41.300001576542854,0.20311289342177757,0.7861541608606429
25.350001338869333,41.300001576542854,0.18078866096738858,0.8124228516521053
25.250001337379217,41.20000157505274,0.20311289342177757,0.7861541608606429
25.20000133663416,41.20000157505274,0.18078866096738858,0.8124228516521053
25.1500013358891,41.15000157430768,0.20311289342177757,0.8000000149011612
25.100001335144043,41.15000157430768,0.18078866096738858,0.8295630294403845
25.000001333653927,41.050001572817564,0.20311289342177757,0.7848857948555522
24.95000133290887,41.050001572817564,0.18078866096738858,0.8062306048689096
24.90000133216381,41.000001572072506,0.20311289342177757,0.7848857948555522
24.850001331418753,41.000001572072506,0.18078866096738858,0.8062306048689096
24.800001330673695,40.95000157132745,0.20311289342177757,0.7848857948555522
24.750001329928637,40.95000157132745,0.18078866096738858,0.8062306048689096
24.70000132918358,40.90000157058239,0.20311289342177757,0.7848857948555522
24.65000132843852,40.90000157058239,0.18078866096738858,0.8062306048689096
24.600001327693462,40.85000156983733,0.20311289342177757,0.7848857948555522
24.550001326948404,40.85000156983733,0.18078866096738858,0.8062306048689096
24.450001325458288,40.750001568347216,0.20311289342177757,0.7708244064137908
24.40000132471323,40.750001568347216,0.18078866096738858,0.8000000149011612
24.350001323968172,40.70000156760216,0.20311289342177757,0.7848857948555522
24.300001323223114,40.70000156760216,0.18078866096738858,0.8062306048689096
24.250001322478056,40.6500015668571,0.20311289342177757,0.7848857948555522
24.200001321732998,40.6500015668571,0.18078866096738858,0.8062306048689096
24.15000132098794,40.60000156611204,0.20311289342177757,0.7848857948555522
24.10000132024288,40.60000156611204,0.18078866096738858,0.8062306048689096
24.050001319497824,40.55000156536698,0.20311289342177757,0.7848857948555522
24.000001318752766,40.55000156536698,0.18078866096738858,0.8062306048689096
23.950001318007708,40.500001564621925,0.20311289342177757,0.7848857948555522
23.90000131726265,40.500001564621925,0.18078866096738858,0.8062306048689096
23.800001315772533,40.40000156313181,0.20311289342177757,0.7617692174150451
23.750001315027475,40.40000156313181,0.18078866096738858,0.7861541608606429
23.700001314282417,40.35000156238675,0.20311289342177757,0.7708244064137908
23.65000131353736,40.35000156238675,0.18078866096738858,0.8000000149011612
23.6000013127923,40.30000156164169,0.20311289342177757,0.7848857948555522
23.550001312047243,40.30000156164169,0.18078866096738858,0.8062306048689096
23.500001311302185,40.250001560896635,0.20311289342177757,0.7848857948555522
23.450001310557127,40.250001560896635,0.18078866096738858,0.8062306048689096
23.40000130981207,40.20000156015158,0.20311289342177757,0.7848857948555522
23.35000130906701,40.20000156015158,0.18078866096738858,0.8062306048689096
23.300001308321953,40.15000155940652,0.20311289342177757,0.7848857948555522
23.250001307576895,40.15000155940652,0.18078866096738858,0.8062306048689096
23.200001306831837,40.10000155866146,0.20311289342177757,0.7848857948555522
23.15000130608678,40.10000155866146,0.18078866096738858,0.8062306048689096
23.10000130534172,40.0500015579164,0.20311289342177757,0.7848857948555522
23.050001304596663,40.0500015579164,0.18078866096738858,0.8062306048689096
23.000001303851604,40.000001557171345,0.20311289342177757,0.7848857948555522
22.950001303106546,40.000001557171345,0.18078866096738858,0.8062306048689096
22.90000130236149,39.95000155642629,0.20311289342177757,0.7848857948555522
22.85000130161643,39.95000155642629,0.18078866096738858,0.8062306048689096
22.800001300871372,39.90000155568123,0.20311289342177757,0.7848857948555522
22.750001300126314,39.90000155568123,0.18078866096738858,0.8062306048689096
22.700001299381256,39.85000155493617,0.20311289342177757,0.7848857948555522
22.650001298636198,39.85000155493617,0.18078866096738858,0.8062306048689096
22.60000129789114,39.80000155419111,0.20311289342177757,0.7848857948555522
22.550001297146082,39.80000155419111,0.18078866096738858,0.8062306048689096
22.500001296401024,39.750001553446054,0.20311289342177757,0.7848857948555522
22.450001295655966,39.750001553446054,0.18078866096738858,0.8062306048689096
22.400001294910908,39.700001552700996,0.20311289342177757,0.7848857948555522
22.35000129416585,39.700001552700996,0.18078866096738858,0.8062306048689096
22.30000129342079,39.65000155195594,0.20311289342177757,0.7861541608606429
22.200001291930676,39.65000155195594,0.16400549988813046,0.8404326178378946
22.150001291185617,39.60000155121088,0.20311289342177757,0.8295630294403845
22.10000129044056,39.60000155121088,0.18078866096738858,0.8511898177453807
22.0500012896955,39.55000155046582,0.20311289342177757,0.8295630294403845
22.000001288950443,39.55000155046582,0.18078866096738858,0.8511898177453807
21.950001288205385,39.500001549720764,0.20311289342177757,0.8295630294403845
21.900001287460327,39.500001549720764,0.18078866096738858,0.8511898177453807
21.85000128671527,39.450001548975706,0.20311289342177757,0.8295630294403845
21.80000128597021,39.450001548975706,0.18078866096738858,0.8511898177453807
21.750001285225153,39.40000154823065,0.20311289342177757,0.8295630294403845
21.700001284480095,39.40000154823065,0.18078866096738858,0.8511898177453807
21.650001283735037,39.35000154748559,0.20311289342177757,0.8295630294403845
21.60000128298998,39.35000154748559,0.18078866096738858,0.8511898177453807
21.55000128224492,39.30000154674053,0.20311289342177757,0.8295630294403845
21.500001281499863,39.30000154674053,0.18078866096738858,0.8511898177453807
21.450001280754805,39.250001545995474,0.20311289342177757,0.8295630294403845
21.400001280009747,39.250001545995474,0.18078866096738858,0.8511898177453807
21.35000127926469,39.200001545250416,0.20311289342177757,0.8295630294403845
21.30000127851963,39.200001545250416,0.18078866096738858,0.8511898177453807
21.250001277774572,39.15000154450536,0.20311289342177757,0.8295630294403845
21.200001277029514,39.15000154450536,0.18078866096738858,0.8511898177453807
21.100001275539398,39.05000154301524,0.22426407503395576,0.8062306048689096
21.05000127479434,39.05000154301524,0.19051248961442216,0.8295630294403845
21.000001274049282,39.000001542270184,0.20311289342177757,0.8062306048689096
20.950001273304224,39.000001542270184,0.18078866096738858,0.8295630294403845
20.900001272559166,38.950001541525126,0.20311289342177757,0.8062306048689096
20.850001271814108,38.950001541525126,0.18078866096738858,0.8295630294403845
20.80000127106905,38.90000154078007,0.20311289342177757,0.8062306048689096
20.75000127032399,38.90000154078007,0.18078866096738858,0.8295630294403845
20.650001268833876,38.80000153928995,0.20311289342177757,0.7848857948555522
20.600001268088818,38.80000153928995,0.18078866096738858,0.8062306048689096
20.55000126734376,38.75000153854489,0.20311289342177757,0.7848857948555522
20.5000012665987,38.75000153854489,0.18078866096738858,0.8062306048689096
20.450001265853643,38.700001537799835,0.20311289342177757,0.7848857948555522
20.400001265108585,38.700001537799835,0.18078866096738858,0.8062306048689096
20.350001264363527,38.65000153705478,0.20311289342177757,0.7848857948555522
20.30000126361847,38.65000153705478,0.18078866096738858,0.8062306048689096
20.200001262128353,38.55000153556466,0.20311289342177757,0.7617692174150451
20.150001261383295,38.55000153556466,0.18078866096738858,0.7861541608606429
20.100001260638237,38.5000015348196,0.20311289342177757,0.7708244064137908
20.05000125989318,38.5000015348196,0.18078866096738858,0.8000000149011612
20.00000125914812,38.450001534074545,0.20311289342177757,0.7848857948555522
19.950001258403063,38.450001534074545,0.18078866096738858,0.8062306048689096
19.850001256912947,38.35000153258443,0.20311289342177757,0.7708244064137908
19.80000125616789,38.35000153258443,0.18078866096738858,0.8000000149011612
19.75000125542283,38.30000153183937,0.20311289342177757,0.7848857948555522
19.700001254677773,38.30000153183937,0.18078866096738858,0.8062306048689096
19.650001253932714,38.25000153109431,0.20311289342177757,0.7861541608606429
19.600001253187656,38.25000153109431,0.18078866096738858,0.8124228516521053
19.50000125169754,38.1500015296042,0.20311289342177757,0.7848857948555522
19.450001250952482,38.1500015296042,0.18078866096738858,0.8062306048689096
19.400001250207424,38.10000152885914,0.20311289342177757,0.7861541608606429
19.350001249462366,38.10000152885914,0.18078866096738858,0.8124228516521053
19.300001248717308,38.05000152811408,0.20311289342177757,0.8000000149011612
19.25000124797225,38.05000152811408,0.18078866096738858,0.8295630294403845
19.150001246482134,37.950001526623964,0.20311289342177757,0.8000000149011612
19.100001245737076,37.950001526623964,0.18078866096738858,0.8295630294403845
19.050001244992018,37.900001525878906,0.20311289342177757,0.8062306048689096
19.00000124424696,37.900001525878906,0.18078866096738858,0.8295630294403845
18.900001242756844,37.80000152438879,0.20311289342177757,0.8000000149011612
18.850001242011786,37.80000152438879,0.18078866096738858,0.8295630294403845
18.800001241266727,37.75000152364373,0.20311289342177757,0.8062306048689096
18.75000124052167,37.75000152364373,0.18078866096738858,0.8295630294403845
18.650001239031553,37.650001522153616,0.20311289342177757,0.8000000149011612
18.600001238286495,37.650001522153616,0.18078866096738858,0.8295630294403845
18.50000123679638,37.5500015206635,0.20311289342177757,0.7861541608606429
18.45000123605132,37.5500015206635,0.18078866096738858,0.8124228516521053
18.400001235306263,37.50000151991844,0.20311289342177757,0.8000000149011612
18.350001234561205,37.50000151991844,0.18078866096738858,0.8295630294403845
18.25000123307109,37.400001518428326,0.20311289342177757,0.7861541608606429
18.20000123232603,37.400001518428326,0.18078866096738858,0.8124228516521053
18.150001231580973,37.35000151768327,0.20311289342177757,0.8000000149011612
18.100001230835915,37.35000151768327,0.18078866096738858,0.8295630294403845
18.0000012293458,37.25000151619315,0.20311289342177757,0.7861541608606429
17.95000122860074,37.25000151619315,0.18078866096738858,0.8124228516521053
17.900001227855682,37.20000151544809,0.20311289342177757,0.8000000149011612
17.850001227110624,37.20000151544809,0.18078866096738858,0.8295630294403845
17.750001225620508,37.10000151395798,0.20311289342177757,0.7861541608606429
17.70000122487545,37.10000151395798,0.18078866096738858,0.8124228516521053
17.600001223385334,37.00000151246786,0.20311289342177757,0.7848857948555522
17.550001222640276,37.00000151246786,0.18078866096738858,0.8062306048689096
17.500001221895218,36.9500015117228,0.20311289342177757,0.7861541608606429
17.45000122115016,36.9500015117228,0.18078866096738858,0.8124228516521053
17.350001219660044,36.85000151023269,0.20311289342177757,0.7848857948555522
17.300001218914986,36.85000151023269,0.18078866096738858,0.8062306048689096
17.250001218169928,36.80000150948763,0.20311289342177757,0.7861541608606429
17.20000121742487,36.80000150948763,0.18078866096738858,0.8124228516521053
17.100001215934753,36.70000150799751,0.20311289342177757,0.7848857948555522
17.050001215189695,36.70000150799751,0.18078866096738858,0.8062306048689096
16.95000121369958,36.6000015065074,0.20311289342177757,0.7708244064137908
16.90000121295452,36.6000015065074,0.18078866096738858,0.8000000149011612
16.850001212209463,36.55000150576234,0.20311289342177757,0.7861541608606429
16.800001211464405,36.55000150576234,0.18078866096738858,0.8124228516521053
16.70000120997429,36.45000150427222,0.20311289342177757,0.7848857948555522
16.65000120922923,36.45000150427222,0.18078866096738858,0.8062306048689096
16.600001208484173,36.400001503527164,0.20311289342177757,0.7861541608606429
16.550001207739115,36.400001503527164,0.18078866096738858,0.8124228516521053
16.450001206249,36.30000150203705,0.20311289342177757,0.7848857948555522
16.40000120550394,36.30000150203705,0.18078866096738858,0.8062306048689096
16.300001204013824,36.20000150054693,0.20311289342177757,0.7708244064137908
16.250001203268766,36.20000150054693,0.18078866096738858,0.8000000149011612
16.20000120252371,36.150001499801874,0.20311289342177757,0.7861541608606429
16.15000120177865,36.150001499801874,0.18078866096738858,0.8124228516521053
16.050001200288534,36.05000149831176,0.20311289342177757,0.7848857948555522
16.000001199543476,36.05000149831176,0.18078866096738858,0.8062306048689096
15.950001198798418,36.0000014975667,0.20311289342177757,0.7861541608606429
15.90000119805336,36.0000014975667,0.18078866096738858,0.8124228516521053
15.800001196563244,35.900001496076584,0.20311289342177757,0.7861541608606429
15.750001195818186,35.900001496076584,0.18078866096738858,0.8124228516521053
15.700001195073128,35.850001495331526,0.20311289342177757,0.8000000149011612
15.65000119432807,35.850001495331526,0.18078866096738858,0.8295630294403845
15.550001192837954,35.75000149384141,0.20311289342177757,0.8000000149011612
15.500001192092896,35.75000149384141,0.18078866096738858,0.8295630294403845
15.40000119060278,35.650001492351294,0.20311289342177757,0.7861541608606429
15.350001189857721,35.650001492351294,0.18078866096738858,0.8124228516521053
15.300001189112663,35.600001491606236,0.20311289342177757,0.8000000149011612
15.250001188367605,35.600001491606236,0.18078866096738858,0.8295630294403845
15.150001186877489,35.50000149011612,0.20311289342177757,0.8000000149011612
15.100001186132431,35.50000149011612,0.18078866096738858,0.8295630294403845
15.000001184642315,35.400001488626,0.22426407503395576,0.8000000149011612
14.950001183897257,35.400001488626,0.19051248961442216,0.8295630294403845
14.85000118240714,35.30000148713589,0.22426407503395576,0.8000000149011612
14.800001181662083,35.30000148713589,0.19051248961442216,0.8295630294403845
14.750001180917025,35.25000148639083,0.20311289342177757,0.8062306048689096
14.700001180171967,35.25000148639083,0.18078866096738858,0.8295630294403845
14.550001177936792,35.100001484155655,0.20311289342177757,0.7861541608606429
14.500001177191734,35.100001484155655,0.18078866096738858,0.8124228516521053
14.35000117495656,34.95000148192048,0.20311289342177757,0.7708244064137908
14.300001174211502,34.95000148192048,0.18078866096738858,0.8000000149011612
14.200001172721386,34.850001480430365,0.20311289342177757,0.7708244064137908
14.150001171976328,34.850001480430365,0.18078866096738858,0.8000000149011612
14.000001169741154,34.70000147819519,0.20311289342177757,0.7708244064137908
13.950001168996096,34.70000147819519,0.18078866096738858,0.8000000149011612
13.800001166760921,34.550001475960016,0.20311289342177757,0.7899495084125635
13.750001166015863,34.550001475960016,0.18078866096738858,0.8253048479987265
13.650001164525747,34.4500014744699,0.20311289342177757,0.8000000149011612
13.60000116378069,34.4500014744699,0.18078866096738858,0.8307764217641807
13.400001160800457,34.25000147148967,0.22426407503395576,0.8124228516521053
13.350001160055399,34.25000147148967,0.1889087354477928,0.8404326178378946
13.05000115558505,33.95000146701932,0.20311289342177757,0.8000000149011612
13.000001154839993,33.95000146701932,0.18078866096738858,0.8307764217641807
12.650001149624586,33.60000146180391,0.20311289342177757,0.7899495084125635
12.600001148879528,33.60000146180391,0.18078866096738858,0.8253048479987265
12.30000114440918,33.300001457333565,0.20311289342177757,0.7899495084125635
12.250001143664122,33.300001457333565,0.18078866096738858,0.8253048479987265
11.900001138448715,32.95000145211816,0.20311289342177757,0.7899495084125635
11.850001137703657,32.95000145211816,0.18078866096738858,0.8253048479987265
11.450001131743193,32.550001446157694,0.20311289342177757,0.7899495084125635
11.400001130998135,32.550001446157694,0.18078866096738858,0.8253048479987265
11.00000112503767,32.15000144019723,0.20311289342177757,0.7899495084125635
10.950001124292612,32.15000144019723,0.18078866096738858,0.8253048479987265
10.600001119077206,31.800001434981823,0.20311289342177757,0.7899495084125635
10.550001118332148,31.800001434981823,0.18078866096738858,0.8253048479987265
10.150001112371683,31.40000142902136,0.20311289342177757,0.7899495084125635
10.100001111626625,31.40000142902136,0.18078866096738858,0.8253048479987265
9.95000110939145,31.250001426786184,0.18078866096738858,0.8253048479987265
9.95000110939145,31.200001426041126,0.20311289342177757,0.7899495084125635
8.850001093000174,30.10000140964985,0.15355339586162983,0.7604686499270252
8.850001093000174,30.05000140890479,0.1889087354477928,0.7300537757457948
8.250001084059477,29.450001399964094,0.15355339586162983,0.7545941688264006
8.250001084059477,29.400001399219036,0.18078866096738858,0.7192388292402375
7.700001075863838,28.850001391023397,0.15355339586162983,0.7219544594674806
7.700001075863838,28.80000139027834,0.18078866096738858,0.6902247040036246
7.1000010669231415,28.200001381337643,0.15355339586162983,0.7192388292402375
7.1000010669231415,28.150001380592585,0.18078866096738858,0.6838834896540746
6.500001057982445,27.550001371651888,0.13541020162296988,0.7013878322977225
6.500001057982445,27.50000137090683,0.160555132919089,0.6746427972599882
5.950001049786806,26.95000136271119,0.13541020162296988,0.6838834896540746
5.950001049786806,26.900001361966133,0.160555132919089,0.6485281500679115
5.350001040846109,26.300001353025436,0.13541020162296988,0.6602325395227262
5.350001040846109,26.25000135228038,0.160555132919089,0.6321658612548995
4.800001032650471,25.70000134408474,0.13541020162296988,0.6602325395227262
4.800001032650471,25.65000134333968,0.160555132919089,0.6321658612548995
4.250001024454832,25.100001335144043,0.13541020162296988,0.6902247040036246
4.250001024454832,25.050001334398985,0.160555132919089,0.6602325395227262
3.7500010170042515,24.550001326948404,0.15355339586162983,0.7192388292402375
3.7500010170042515,24.500001326203346,0.18078866096738858,0.6838834896540746
3.1500010080635548,23.90000131726265,0.15355339586162983,0.7545941688264006
3.1500010080635548,23.85000131651759,0.18078866096738858,0.7192388292402375
2.7500010021030903,23.450001310557127,0.15355339586162983,0.7604686499270252
2.7500010021030903,23.40000130981207,0.1889087354477928,0.7300537757457948
2.450000997632742,23.10000130534172,0.15355339586162983,0.7604686499270252
2.450000997632742,23.050001304596663,0.1889087354477928,0.7300537757457948
2.0500009916722775,22.650001298636198,0.18078866096738858,0.7899495084125635
2.0500009916722775,22.60000129789114,0.20311289342177757,0.7545941688264006
1.3500009812414646,21.900001287460327,0.18078866096738858,0.8307764217641807
1.3500009812414646,21.85000128671527,0.20311289342177757,0.8000000149011612
1.0000009760260582,21.500001281499863,0.1889087354477928,0.8547511712034664
1.0000009760260582,21.450001280754805,0.22426407503395576,0.8253048479987265
0.3500009663403034,20.80000127106905,0.18078866096738858,0.8253048479987265
0.3500009663403034,20.75000127032399,0.20311289342177757,0.7899495084125635
-0.2499990426003933,20.150001261383295,0.18078866096738858,0.8253048479987265
-0.2499990426003933,20.100001260638237,0.20311289342177757,0.7899495084125635
-0.799999050796032,19.5500012524426,0.18078866096738858,0.8253048479987265
-0.799999050796032,19.50000125169754,0.20311289342177757,0.7899495084125635
-1.3499990589916706,18.9500012435019,0.18078866096738858,0.8253048479987265
-1.3499990589916706,18.900001242756844,0.20311289342177757,0.7899495084125635
-1.9499990679323673,18.300001233816147,0.18078866096738858,0.8253048479987265
-1.9499990679323673,18.25000123307109,0.20311289342177757,0.7899495084125635
-2.499999076128006,17.70000122487545,0.18078866096738858,0.8253048479987265
-2.499999076128006,17.650001224130392,0.20311289342177757,0.7899495084125635
-3.0499990843236446,17.100001215934753,0.18078866096738858,0.8253048479987265
-3.0499990843236446,17.050001215189695,0.20311289342177757,0.7899495084125635
-3.5999990925192833,16.500001206994057,0.18078866096738858,0.8253048479987265
-3.5999990925192833,16.450001206249,0.20311289342177757,0.7899495084125635
-4.19999910145998,15.850001197308302,0.18078866096738858,0.8253048479987265
-4.19999910145998,15.800001196563244,0.20311289342177757,0.7899495084125635
-4.749999109655619,15.250001188367605,0.18078866096738858,0.8253048479987265
-4.749999109655619,15.200001187622547,0.20311289342177757,0.7899495084125635
-5.299999117851257,14.650001179426908,0.18078866096738858,0.8253048479987265
-5.299999117851257,14.60000117868185,0.20311289342177757,0.7899495084125635
-5.899999126791954,14.000001169741154,0.18078866096738858,0.8253048479987265
-5.899999126791954,13.950001168996096,0.20311289342177757,0.7899495084125635
-6.449999134987593,13.400001160800457,0.18078866096738858,0.8253048479987265
-6.449999134987593,13.350001160055399,0.20311289342177757,0.7899495084125635
-6.999999143183231,12.80000115185976,0.18078866096738858,0.8253048479987265
-6.999999143183231,12.750001151114702,0.20311289342177757,0.7899495084125635
-7.599999152123928,12.150001142174006,0.18078866096738858,0.8253048479987265
-7.599999152123928,12.100001141428947,0.20311289342177757,0.7899495084125635
-8.149999160319567,11.550001133233309,0.18078866096738858,0.8253048479987265
-8.149999160319567,11.50000113248825,0.20311289342177757,0.7899495084125635
-8.699999168515205,10.950001124292612,0.18078866096738858,0.8253048479987265
-8.699999168515205,10.900001123547554,0.20311289342177757,0.7899495084125635
-9.34999917820096,10.2500011138618,0.18078866096738858,0.8253048479987265
-9.34999917820096,10.200001113116741,0.20311289342177757,0.7899495084125635
-9.749999184161425,9.800001107156277,0.18078866096738858,0.8253048479987265
-9.749999184161425,9.750001106411219,0.20311289342177757,0.7899495084125635
-9.899999186396599,9.600001104176044,0.18078866096738858,0.8000000149011612
-9.899999186396599,9.550001103430986,0.20311289342177757,0.7708244064137908
-10.049999188631773,9.400001101195812,0.18078866096738858,0.8124228516521053
-10.049999188631773,9.350001100450754,0.20311289342177757,0.7861541608606429
-10.099999189376831,9.300001099705696,0.18078866096738858,0.8000000149011612
-10.099999189376831,9.250001098960638,0.20311289342177757,0.7708244064137908
-10.199999190866947,9.150001097470522,0.18078866096738858,0.8062306048689096
-10.199999190866947,9.100001096725464,0.20311289342177757,0.7848857948555522
-10.249999191612005,9.050001095980406,0.18078866096738858,0.8124228516521053
-10.249999191612005,9.000001095235348,0.20311289342177757,0.7962429571037405
-10.299999192357063,8.95000109449029,0.16400549988813046,0.8295630294403845
-10.299999192357063,8.850001093000174,0.20311289342177757,0.7848857948555522
-10.349999193102121,8.800001092255116,0.16400549988813046,0.8124228516521053
-10.349999193102121,8.700001090765,0.20311289342177757,0.7823441498574933
-10.39999919384718,8.650001090019941,0.18078866096738858,0.8198039179148193
-10.39999919384718,8.600001089274883,0.20000000596046447,0.8111874358757011
-10.449999194592237,8.550001088529825,0.1500000052154064,0.8440306664483241
-10.449999194592237,8.350001085549593,0.20000000596046447,0.8049875770875707
-10.499999195337296,8.300001084804535,0.1500000052154064,0.8511898177453807
-10.499999195337296,8.000001080334187,0.20000000596046447,0.8500000156462193
-10.549999196082354,7.9500010795891285,0.1500000052154064,0.9000000163912774
-10.549999196082354,7.850001078099012,0.1500000052154064,0.9000000163912774
-10.499999195337296,7.800001077353954,0.18078866096738858,0.8500000156462193
-10.499999195337296,7.450001072138548,0.1500000052154064,0.8688779322491196
-10.449999194592237,7.40000107139349,0.18078866096738858,0.8307764217641807
-10.449999194592237,7.1000010669231415,0.1500000052154064,0.8606601875848896
-10.39999919384718,7.050001066178083,0.18078866096738858,0.8198039179148193
-10.39999919384718,6.850001063197851,0.1500000052154064,0.8606601875848896
-10.349999193102121,6.800001062452793,0.18078866096738858,0.8198039179148193
-10.349999193102121,6.650001060217619,0.1500000052154064,0.8547511712034664
-10.299999192357063,6.600001059472561,0.18078866096738858,0.8111874358757011
-10.299999192357063,6.400001056492329,0.1500000052154064,0.8547511712034664
-10.249999191612005,6.350001055747271,0.18078866096738858,0.8111874358757011
-10.249999191612005,6.150001052767038,0.1500000052154064,0.8547511712034664
-10.199999190866947,6.10000105202198,0.18078866096738858,0.8111874358757011
-10.199999190866947,5.900001049041748,0.1500000052154064,0.8547511712034664
-10.14999919012189,5.85000104829669,0.18078866096738858,0.8111874358757011
-10.14999919012189,5.650001045316458,0.1500000052154064,0.8594810208083519
-10.099999189376831,5.6000010445714,0.18078866096738858,0.8198039179148193
-10.099999189376831,5.350001040846109,0.1500000052154064,0.8688779322491196
-10.049999188631773,5.300001040101051,0.18078866096738858,0.8307764217641807
-10.049999188631773,4.400001026690006,0.20000000596046447,0.8198039179148193
-10.099999189376831,4.350001025944948,0.1500000052154064,0.8606601875848896
-10.099999189376831,4.0500010214746,0.20000000596046447,0.8111874358757011
-10.14999919012189,4.000001020729542,0.1500000052154064,0.8547511712034664
-10.14999919012189,3.8000010177493095,0.20311289342177757,0.7962429571037405
-10.199999190866947,3.7500010170042515,0.16400549988813046,0.8307764217641807
-10.199999190866947,3.6500010155141354,0.20311289342177757,0.7962429571037405
-10.249999191612005,3.6000010147690773,0.16400549988813046,0.8307764217641807
-10.249999191612005,3.500001013278961,0.20311289342177757,0.7962429571037405
-10.299999192357063,3.450001012533903,0.16400549988813046,0.8307764217641807
-10.299999192357063,3.350001011043787,0.20311289342177757,0.7962429571037405
-10.349999193102121,3.300001010298729,0.16400549988813046,0.8295630294403845
-10.349999193102121,3.200001008808613,0.20311289342177757,0.7848857948555522
-10.39999919384718,3.1500010080635548,0.18078866096738858,0.8062306048689096
-10.39999919384718,3.1000010073184967,0.20311289342177757,0.7848857948555522
-10.449999194592237,3.0500010065734386,0.18078866096738858,0.8062306048689096
-10.449999194592237,3.0000010058283806,0.20311289342177757,0.7848857948555522
-10.499999195337296,2.9500010050833225,0.18078866096738858,0.8062306048689096
-10.499999195337296,2.9000010043382645,0.20311289342177757,0.7848857948555522
-10.599999196827412,2.8000010028481483,0.18078866096738858,0.8124228516521053
-10.599999196827412,2.7500010021030903,0.20311289342177757,0.7861541608606429
-10.699999198317528,2.650001000612974,0.18078866096738858,0.8000000149011612
-10.699999198317528,2.600000999867916,0.20311289342177757,0.7708244064137908
-11.249999206513166,2.0500009916722775,0.20311289342177757,0.7899495084125635
-11.299999207258224,2.0500009916722775,0.18078866096738858,0.8253048479987265
-11.599999211728573,1.750000987201929,0.20311289342177757,0.7899495084125635
-11.649999212473631,1.750000987201929,0.18078866096738858,0.8253048479987265
-11.799999214708805,1.600000984966755,0.18078866096738858,0.8253048479987265
-11.799999214708805,1.5500009842216969,0.20311289342177757,0.7899495084125635
-11.999999217689037,1.3500009812414646,0.18078866096738858,0.8000000149011612
-11.999999217689037,1.3000009804964066,0.20311289342177757,0.7708244064137908
-12.099999219179153,1.2000009790062904,0.18078866096738858,0.8062306048689096
-12.099999219179153,1.1500009782612324,0.20311289342177757,0.7848857948555522
-12.149999219924212,1.1000009775161743,0.19051248961442216,0.8062306048689096
-12.149999219924212,1.0500009767711163,0.21231056870567222,0.7848857948555522
-12.19999922066927,1.0000009760260582,0.18078866096738858,0.8062306048689096
-12.19999922066927,0.9500009752810001,0.20311289342177757,0.7848857948555522
-12.249999221414328,0.9000009745359421,0.18078866096738858,0.8062306048689096
-12.249999221414328,0.850000973790884,0.20311289342177757,0.7848857948555522
-12.299999222159386,0.800000973045826,0.18078866096738858,0.8124228516521053
-12.299999222159386,0.7500009723007679,0.20000000596046447,0.7962429571037405
-12.349999222904444,0.7000009715557098,0.15355339586162983,0.8307764217641807
-12.349999222904444,0.5500009693205357,0.20000000596046447,0.8049875770875707
-12.399999223649502,0.5000009685754776,0.15355339586162983,0.8440306664483241
-12.399999223649502,0.3500009663403034,0.20000000596046447,0.8111874358757011
-12.44999922439456,0.30000096559524536,0.1500000052154064,0.8547511712034664
-12.44999922439456,9.611248970031738e-07,0.20000000596046447,0.8198039179148193
-12.499999225139618,-0.049999039620161057,0.1500000052154064,0.8606601875848896
-12.499999225139618,-0.44999904558062553,0.20000000596046447,0.8500000156462193
-12.549999225884676,-0.4999990463256836,0.1500000052154064,0.9000000163912774
-12.549999225884676,-1.1999990567564964,0.1500000052154064,0.9000000163912774
-12.499999225139618,-1.2499990575015545,0.18078866096738858,0.8500000156462193
-12.499999225139618,-1.5499990619719028,0.1500000052154064,0.8606601875848896
-12.44999922439456,-1.599999062716961,0.18078866096738858,0.8198039179148193
-12.44999922439456,-5.74999912455678,0.20000000596046447,0.8500000156462193
-12.499999225139618,-5.799999125301838,0.1500000052154064,0.9000000163912774
-12.499999225139618,-13.649999242275953,0.20000000596046447,0.8500000156462193
-12.549999225884676,-13.699999243021011,0.1500000052154064,0.9000000163912774
-12.549999225884676,-21.599999360740185,0.20000000596046447,0.8500000156462193
-12.599999226629734,-21.649999361485243,0.1500000052154064,0.9000000163912774
-12.599999226629734,-29.499999478459358,0.20000000596046447,0.8500000156462193
-12.649999227374792,-29.549999479204416,0.1500000052154064,0.9000000163912774
-12.649999227374792,-37.44999959692359,0.20000000596046447,0.8500000156462193
-12.69999922811985,-37.49999959766865,0.1500000052154064,0.9000000163912774
-12.69999922811985,-44.64999970421195,0.20000000596046447,0.8500000156462193
-12.749999228864908,-44.69999970495701,0.1500000052154064,0.9000000163912774
-12.749999228864908,-46.14999972656369,0.20000000596046447,0.8500000156462193
-12.799999229609966,-46.19999972730875,0.1500000052154064,0.9000000163912774
-12.799999229609966,-46.4999997317791,0.20000000596046447,0.8547511712034664
-12.849999230355024,-46.54999973252416,0.1500000052154064,0.9011357936854637
-12.849999230355024,-46.79999973624945,0.20311289342177757,0.8547511712034664
-12.899999231100082,-46.849999736994505,0.16400549988813046,0.9011357936854637
-12.899999231100082,-46.99999973922968,0.20311289342177757,0.8594810208083519
-12.94999923184514,-47.04999973997474,0.16400549988813046,0.8920164996643914
-12.94999923184514,-47.19999974220991,0.21231056870567222,0.8440306664483241
-12.999999232590199,-47.24999974295497,0.18078866096738858,0.8770329774759426
-12.999999232590199,-47.349999744445086,0.22720019363165536,0.8440306664483241
-13.049999233335257,-47.399999745190144,0.20311289342177757,0.8735455436762694
-13.049999233335257,-47.4499997459352,0.22720019363165536,0.8511898177453807
-13.099999234080315,-47.49999974668026,0.20311289342177757,0.8735455436762694
-13.099999234080315,-47.54999974742532,0.21231056870567222,0.8511898177453807
-13.149999234825373,-47.599999748170376,0.18078866096738858,0.8735455436762694
-13.149999234825373,-47.69999974966049,0.2301162697613631,0.8295630294403845
-13.249999236315489,-47.79999975115061,0.20311289342177757,0.8547511712034664
-13.249999236315489,-47.849999751895666,0.2301162697613631,0.8295630294403845
-13.349999237805605,-47.94999975338578,0.20311289342177757,0.8630145971136167
-13.349999237805605,-47.99999975413084,0.2301162697613631,0.8307764217641807
-13.49999924004078,-48.149999756366014,0.20311289342177757,0.8630145971136167
-13.49999924004078,-48.19999975711107,0.2301162697613631,0.8307764217641807
-13.699999243021011,-48.399999760091305,0.2301162697613631,0.8606601875848896
-13.74999924376607,-48.399999760091305,0.20311289342177757,0.8960155271710525
-13.99999924749136,-48.649999763816595,0.2301162697613631,0.8404326178378946
-14.049999248236418,-48.649999763816595,0.20311289342177757,0.8700467438965735
-14.199999250471592,-48.79999976605177,0.2301162697613631,0.8295630294403845
-14.24999925121665,-48.79999976605177,0.20311289342177757,0.8511898177453807
-14.299999251961708,-48.84999976679683,0.22720019363165536,0.8295630294403845
-14.349999252706766,-48.84999976679683,0.20311289342177757,0.8511898177453807
-14.399999253451824,-48.899999767541885,0.22720019363165536,0.8295630294403845
-14.449999254196882,-48.899999767541885,0.20311289342177757,0.8511898177453807
-14.49999925494194,-48.94999976828694,0.22720019363165536,0.8295630294403845
-14.549999255686998,-48.94999976828694,0.20311289342177757,0.8511898177453807
-14.599999256432056,-48.999999769032,0.22720019363165536,0.8295630294403845
-14.699999257922173,-48.999999769032,0.18078866096738858,0.8735455436762694
-14.74999925866723,-49.04999976977706,0.20311289342177757,0.8440306664483241
-14.849999260157347,-49.04999976977706,0.16400549988813046,0.8770329774759426
-14.899999260902405,-49.09999977052212,0.20311289342177757,0.8440306664483241
-14.999999262392521,-49.09999977052212,0.16400549988813046,0.8770329774759426
-15.049999263137579,-49.149999771267176,0.20311289342177757,0.8440306664483241
-15.199999265372753,-49.149999771267176,0.15355339586162983,0.8920164996643914
-15.249999266117811,-49.199999772012234,0.20000000596046447,0.8594810208083519
-15.699999272823334,-49.199999772012234,0.1500000052154064,0.9401754420890758
-15.749999273568392,-49.24999977275729,0.20000000596046447,0.9011357936854637
-16.34999928250909,-49.24999977275729,0.21231056870567222,0.9280514340771239
-16.399999283254147,-49.199999772012234,0.18078866096738858,0.9672617703864308
-16.649999286979437,-49.199999772012234,0.21231056870567222,0.9280514340771239
-16.699999287724495,-49.149999771267176,0.18078866096738858,0.9672617703864308
-16.84999928995967,-49.149999771267176,0.21231056870567222,0.9510864604746585
-16.899999290704727,-49.09999977052212,0.18078866096738858,0.9884864501102992
-17.0499992929399,-49.09999977052212,0.21231056870567222,0.9401754420890758
-17.09999929368496,-49.04999976977706,0.18078866096738858,0.9704700085133247
-17.199999295175076,-49.04999976977706,0.21231056870567222,0.9401754420890758
-17.249999295920134,-48.999999769032,0.18078866096738858,0.9704700085133247
-17.34999929741025,-48.999999769032,0.21231056870567222,0.9401754420890758
-17.399999298155308,-48.94999976828694,0.18078866096738858,0.9704700085133247
-17.499999299645424,-48.94999976828694,0.21231056870567222,0.9401754420890758
-17.549999300390482,-48.899999767541885,0.18078866096738858,0.9629703522909092
-17.649999301880598,-48.899999767541885,0.21231056870567222,0.9180340054098997
-17.699999302625656,-48.84999976679683,0.18078866096738858,0.9412712380575992
-17.749999303370714,-48.84999976679683,0.20311289342177757,0.9180340054098997
-17.799999304115772,-48.79999976605177,0.16400549988813046,0.9412712380575992
-17.89999930560589,-48.79999976605177,0.20311289342177757,0.8965856263134644
-17.949999306350946,-48.74999976530671,0.18078866096738858,0.9180340054098997
-17.999999307096004,-48.74999976530671,0.20311289342177757,0.8965856263134644
-18.049999307841063,-48.69999976456165,0.18078866096738858,0.9180340054098997
-18.09999930858612,-48.69999976456165,0.20311289342177757,0.8965856263134644
-18.14999930933118,-48.649999763816595,0.18078866096738858,0.9180340054098997
-18.199999310076237,-48.649999763816595,0.20311289342177757,0.8965856263134644
-18.249999310821295,-48.59999976307154,0.18078866096738858,0.9180340054098997
-18.299999311566353,-48.59999976307154,0.20311289342177757,0.8965856263134644
-18.34999931231141,-48.54999976232648,0.16400549988813046,0.9101801821016996
-18.449999313801527,-48.54999976232648,0.20311289342177757,0.8547511712034664
-18.549999315291643,-48.44999976083636,0.160555132919089,0.8816653987572671
-18.5999993160367,-48.44999976083636,0.18078866096738858,0.8547511712034664
-18.64999931678176,-48.399999760091305,0.160555132919089,0.8700467438965735
-18.699999317526817,-48.399999760091305,0.18078866096738858,0.8404326178378946
-18.749999318271875,-48.34999975934625,0.160555132919089,0.8547511712034664
-18.799999319016933,-48.34999975934625,0.19051248961442216,0.8295630294403845
-18.89999932050705,-48.24999975785613,0.160555132919089,0.8547511712034664
-18.949999321252108,-48.24999975785613,0.19051248961442216,0.8295630294403845
-19.049999322742224,-48.149999756366014,0.160555132919089,0.8547511712034664
-19.099999323487282,-48.149999756366014,0.19051248961442216,0.8295630294403845
-19.249999325722456,-47.99999975413084,0.15355339586162983,0.8816653987572671
-19.299999326467514,-47.99999975413084,0.1889087354477928,0.8547511712034664
-19.39999932795763,-47.899999752640724,0.160555132919089,0.8816653987572671
-19.449999328702688,-47.899999752640724,0.19051248961442216,0.8547511712034664
-19.549999330192804,-47.79999975115061,0.160555132919089,0.8630145971136167
-19.599999330937862,-47.79999975115061,0.19051248961442216,0.8307764217641807
-19.89999933540821,-47.49999974668026,0.15355339586162983,0.8816653987572671
-19.94999933615327,-47.49999974668026,0.1889087354477928,0.8547511712034664
-20.1499993391335,-47.29999974370003,0.160555132919089,0.8816653987572671
-20.19999933987856,-47.29999974370003,0.19051248961442216,0.8547511712034664
-20.64999934658408,-46.849999736994505,0.160555132919089,0.8960155271710525
-20.69999934732914,-46.849999736994505,0.19051248961442216,0.8606601875848896
-20.849999349564314,-46.69999973475933,0.1889087354477928,0.8606601875848896
-20.849999349564314,-46.64999973401427,0.15355339586162983,0.8960155271710525
-21.19999935477972,-46.299999728798866,0.19051248961442216,0.8960155271710525
-21.19999935477972,-46.24999972805381,0.160555132919089,0.9313708667572156
-21.49999935925007,-45.94999972358346,0.19051248961442216,0.9011357936854637
-21.49999935925007,-45.8999997228384,0.160555132919089,0.933578421767098
-21.649999361485243,-45.74999972060323,0.19051248961442216,0.9101801821016996
-21.649999361485243,-45.69999971985817,0.160555132919089,0.9401754420890758
-21.799999363720417,-45.549999717622995,0.20311289342177757,0.9236102694553091
-21.799999363720417,-45.49999971687794,0.18078866096738858,0.9510864604746585
-21.899999365210533,-45.39999971538782,0.20311289342177757,0.933578421767098
-21.899999365210533,-45.34999971464276,0.18078866096738858,0.9672617703864308
-21.94999936595559,-45.299999713897705,0.20311289342177757,0.9629703522909092
-21.94999936595559,-45.24999971315265,0.18078866096738858,0.9853269767757179
-22.049999367445707,-45.14999971166253,0.20311289342177757,0.9412712380575992
-22.049999367445707,-45.09999971091747,0.18078866096738858,0.9629703522909092
-22.099999368190765,-45.049999710172415,0.19051248961442216,0.9412712380575992
-22.099999368190765,-44.99999970942736,0.160555132919089,0.9629703522909092
-22.149999368935823,-44.9499997086823,0.18078866096738858,0.9412712380575992
-22.149999368935823,-44.89999970793724,0.160555132919089,0.9629703522909092
-22.24999937042594,-44.799999706447124,0.19051248961442216,0.9180340054098997
-22.24999937042594,-44.749999705702066,0.160555132919089,0.9412712380575992
-22.299999371170998,-44.69999970495701,0.18078866096738858,0.9180340054098997
-22.299999371170998,-44.64999970421195,0.160555132919089,0.9412712380575992
-22.349999371916056,-44.59999970346689,0.18078866096738858,0.9180340054098997
-22.349999371916056,-44.549999702721834,0.160555132919089,0.9401754420890758
-22.399999372661114,-44.499999701976776,0.18078866096738858,0.906797197551496
-22.399999372661114,-44.44999970123172,0.160555132919089,0.9236102694553091
-22.449999373406172,-44.39999970048666,0.18078866096738858,0.8965856263134644
-22.449999373406172,-44.3499996997416,0.160555132919089,0.9180340054098997
-22.49999937415123,-44.299999698996544,0.18078866096738858,0.8965856263134644
-22.49999937415123,-44.19999969750643,0.13541020162296988,0.9412712380575992
-22.549999374896288,-44.14999969676137,0.16400549988813046,0.9180340054098997
-22.549999374896288,-44.09999969601631,0.15355339586162983,0.9401754420890758
-22.599999375641346,-44.049999695271254,0.18078866096738858,0.906797197551496
-22.599999375641346,-43.999999694526196,0.160555132919089,0.9236102694553091
-22.649999376386404,-43.94999969378114,0.18078866096738858,0.8965856263134644
-22.649999376386404,-43.89999969303608,0.160555132919089,0.9180340054098997
-22.699999377131462,-43.84999969229102,0.18078866096738858,0.8965856263134644
-22.699999377131462,-43.749999690800905,0.13541020162296988,0.9412712380575992
-22.74999937787652,-43.69999969005585,0.16400549988813046,0.9180340054098997
-22.74999937787652,-43.64999968931079,0.15355339586162983,0.9412712380575992
-22.799999378621578,-43.59999968856573,0.18078866096738858,0.9180340054098997
-22.799999378621578,-43.54999968782067,0.160555132919089,0.9412712380575992
-22.849999379366636,-43.499999687075615,0.18078866096738858,0.9236102694553091
-22.849999379366636,-43.44999968633056,0.160555132919089,0.9510864604746585
-22.899999380111694,-43.3999996855855,0.18078866096738858,0.9401754420890758
-22.899999380111694,-43.29999968409538,0.15355339586162983,0.9853269767757179
-22.949999380856752,-43.249999683350325,0.18078866096738858,0.9543396552625206
-22.949999380856752,-43.14999968186021,0.15355339586162983,0.9884864501102992
-22.99999938160181,-43.09999968111515,0.18078866096738858,0.9543396552625206
-22.99999938160181,-42.999999679625034,0.15355339586162983,0.9884864501102992
-23.04999938234687,-42.949999678879976,0.20000000596046447,0.9629703522909092
-23.04999938234687,-42.84999967738986,0.16400549988813046,1.0020815459295414
-23.099999383091927,-42.7999996766448,0.20311289342177757,0.9704700085133247
-23.099999383091927,-42.64999967440963,0.16400549988813046,1.0175795843319415
-23.149999383836985,-42.59999967366457,0.20311289342177757,0.9884864501102992
-23.149999383836985,-42.499999672174454,0.16400549988813046,1.0175795843319415
-23.199999384582043,-42.449999671429396,0.20311289342177757,0.9884864501102992
-23.199999384582043,-42.34999966993928,0.18078866096738858,1.0298374059508897
-23.2499993853271,-42.29999966919422,0.21231056870567222,1.0020815459295414
-23.2499993853271,-42.14999966695905,0.18078866096738858,1.0500000186264515
-23.29999938607216,-42.09999966621399,0.21231056870567222,1.0175795843319415
-23.29999938607216,-41.99999966472387,0.18078866096738858,1.0539936390844065
-23.349999386817217,-41.949999663978815,0.21231056870567222,1.0298374059508897
-23.349999386817217,-41.79999966174364,0.20000000596046447,1.0816005808949662
-23.399999387562275,-41.74999966099858,0.2500000067055225,1.0500000186264515
-23.399999387562275,-41.54999965801835,0.20311289342177757,1.1124404943975559
-23.449999388307333,-41.49999965727329,0.2500000067055225,1.0816005808949662
-23.449999388307333,-41.34999965503812,0.22720019363165536,1.1416408064918795
-23.49999938905239,-41.29999965429306,0.26097722973374027,1.1124404943975559
-23.49999938905239,-41.04999965056777,0.22720019363165536,1.1928388484733279
-23.54999938979745,-40.99999964982271,0.26097722973374027,1.1601470711413149
-23.54999938979745,-40.84999964758754,0.2500000067055225,1.2115594423831848
-23.599999390542507,-40.79999964684248,0.3000000074505806,1.1865424830472975
-23.599999390542507,-40.59999964386225,0.25276926365365854,1.256021999552522
-23.649999391287565,-40.54999964311719,0.3000000074505806,1.2230249682804948
-23.649999391287565,-40.399999640882015,0.27434165609349825,1.2773286922833285
-23.699999392032623,-40.34999964013696,0.30990195895740963,1.2534442070328695
-23.699999392032623,-40.04999963566661,0.3000000074505806,1.350806265035896
-23.74999939277768,-39.99999963492155,0.33851648873797124,1.318222667692178
-23.74999939277768,-39.6999996304512,0.3000000074505806,1.4286497717590054
-23.79999939352274,-39.649999629706144,0.35000000819563865,1.3976545546739536
-23.79999939352274,-39.349999625235796,0.33851648873797124,1.486712804477279
-23.849999394267797,-39.29999962449074,0.37008772104453785,1.449242274822689
-23.849999394267797,-38.54999961331487,0.35000000819563865,1.500000025331974
-23.899999395012856,-38.49999961256981,0.3852350042566623,1.450000024586916
-23.899999395012856,-36.14999957755208,0.35000000819563865,1.486712804477279
-23.949999395757914,-36.09999957680702,0.3852350042566623,1.449242274822689
-23.949999395757914,-33.34999953582883,0.3000000074505806,1.4530275501136838
-23.99999939650297,-33.29999953508377,0.35000000819563865,1.4070158919452223
-23.99999939650297,-31.74999951198697,0.3000000074505806,1.450000024586916
-24.04999939724803,-31.699999511241913,0.35000000819563865,1.400000023841858
-24.04999939724803,-30.19999948889017,0.3000000074505806,1.4194134982013058
-24.099999397993088,-30.149999488145113,0.35000000819563865,1.3787653639101314
-24.099999397993088,-28.64999946579337,0.3000000074505806,1.400000023841858
-24.149999398738146,-28.599999465048313,0.35000000819563865,1.3500000230968
-24.149999398738146,-27.14999944344163,0.3000000074505806,1.3700318702060559
-24.199999399483204,-27.09999944269657,0.35000000819563865,1.3297058768722292
-24.199999399483204,-25.59999942034483,0.3000000074505806,1.3500000230968
-24.249999400228262,-25.54999941959977,0.33851648873797124,1.3000000223517418
-24.249999400228262,-24.04999939724803,0.29244289742777607,1.3297058768722292
-24.29999940097332,-23.99999939650297,0.32201533322416204,1.2916434112448485
-24.29999940097332,-22.49999937415123,0.27434165609349825,1.3000000223517418
-24.349999401718378,-22.449999373406172,0.30990195895740963,1.2500000216066838
-24.349999401718378,-20.94999935105443,0.27434165609349825,1.2916434112448485
-24.399999402463436,-20.899999350309372,0.30990195895740963,1.2500000216066838
-24.399999402463436,-18.09999930858612,0.2500000067055225,1.2577379954333137
-24.449999403208494,-18.049999307841063,0.3000000074505806,1.2142135834465193
-24.449999403208494,-16.59999928623438,0.2500000067055225,1.2500000216066838
-24.499999403953552,-16.54999928548932,0.3000000074505806,1.2000000208616257
-24.499999403953552,-14.999999262392521,0.24721360216395982,1.2142135834465193
-24.54999940469861,-14.949999261647463,0.27434165609349825,1.1729530422331924
-24.54999940469861,-13.449999239295721,0.24721360216395982,1.2000000208616257
-24.59999940544367,-13.399999238550663,0.27434165609349825,1.1500000201165677
-24.59999940544367,-11.899999216198921,0.22720019363165536,1.1829316892012207
-24.649999406188726,-11.849999215453863,0.26097722973374027,1.1462912218449282
-24.649999406188726,-10.39999919384718,0.22720019363165536,1.1500000201165677
-24.699999406933784,-10.349999193102121,0.26097722973374027,1.1000000193715096
-24.699999406933784,-8.84999917075038,0.21231056870567222,1.1341664262932623
-24.749999407678843,-8.799999170005322,0.25276926365365854,1.0980755179175492
-24.749999407678843,-5.99999912828207,0.20000000596046447,1.103840500469267
-24.7999994084239,-5.949999127537012,0.2500000067055225,1.0589678499614998
-24.7999994084239,-4.499999105930328,0.20000000596046447,1.1000000193715096
-24.84999940916896,-4.44999910518527,0.2500000067055225,1.0500000186264515
-24.84999940916896,-2.8499990813434124,0.18078866096738858,1.0658989089805797
-24.899999409914017,-2.7999990805983543,0.21231056870567222,1.0257650854784492
-24.899999409914017,-1.3499990589916706,0.18078866096738858,1.0500000186264515
-24.949999410659075,-1.2999990582466125,0.21231056870567222,1.0000000178813935
-24.949999410659075,0.20000096410512924,0.16400549988813046,1.016552524187689
-24.999999411404133,0.2500009648501873,0.20311289342177757,0.976860247130566
-24.999999411404133,1.750000987201929,0.16400549988813046,1.0000000178813935
-25.04999941214919,1.8000009879469872,0.20311289342177757,0.9500000171363354
-25.04999941214919,3.300001010298729,0.15355339586162983,0.976860247130566
-25.09999941289425,3.350001011043787,0.20000000596046447,0.9401754420890758
-25.09999941289425,6.150001052767038,0.1500000052154064,0.9510864604746585
-25.149999413639307,6.200001053512096,0.20000000596046447,0.9045361181775966
-25.149999413639307,7.700001075863838,0.20000000596046447,0.9500000171363354
-25.09999941289425,7.750001076608896,0.15355339586162983,1.0000000178813935
-25.09999941289425,8.050001081079245,0.20311289342177757,1.0000000178813935
-25.04999941214919,8.100001081824303,0.16400549988813046,1.0500000186264515
-25.04999941214919,8.450001087039709,0.18078866096738858,1.0500000186264515
-25.09999941289425,8.500001087784767,0.21231056870567222,1.0000000178813935
-25.09999941289425,9.100001096725464,0.16400549988813046,1.0000000178813935
-25.149999413639307,9.150001097470522,0.20311289342177757,0.9510864604746585
-25.149999413639307,9.70000110566616,0.16400549988813046,1.0000000178813935
-25.199999414384365,9.750001106411219,0.20311289342177757,0.9500000171363354
-25.199999414384365,10.650001119822264,0.1500000052154064,0.9500000171363354
-25.249999415129423,10.700001120567322,0.20000000596046447,0.9000000163912774
-25.249999415129423,11.400001130998135,0.13541020162296988,0.9000000163912774
-25.29999941587448,11.450001131743193,0.16400549988813046,0.8500000156462193
-25.29999941587448,12.05000114068389,0.11622777072899887,0.8500000156462193
-25.34999941661954,12.100001141428947,0.15355339586162983,0.8000000149011612
-25.34999941661954,13.800001166760921,0.11622777072899887,0.8500000156462193
-25.399999417364597,13.85000116750598,0.15355339586162983,0.8000000149011612
-25.399999417364597,14.85000118240714,0.11622777072899887,0.8500000156462193
-25.449999418109655,14.900001183152199,0.15355339586162983,0.8012492346448155
-25.449999418109655,15.300001189112663,0.1500000052154064,0.7708244064137908
-25.399999417364597,15.350001189857721,0.10000000447034836,0.8111874358757011
-25.399999417364597,15.750001195818186,0.1500000052154064,0.7708244064137908
-25.34999941661954,15.800001196563244,0.10000000447034836,0.8111874358757011
-25.34999941661954,15.950001198798418,0.11622777072899887,0.7962429571037405
-25.29999941587448,16.000001199543476,0.09154759908666274,0.8307764217641807
-25.29999941587448,16.100001201033592,0.11622777072899887,0.8111874358757011
-25.249999415129423,16.15000120177865,0.09154759908666274,0.8440306664483241
-25.249999415129423,16.20000120252371,0.11622777072899887,0.8295630294403845
-25.199999414384365,16.250001203268766,0.09154759908666274,0.8404326178378946
-25.199999414384365,16.300001204013824,0.12015621664234175,0.8124228516521053
-25.04999941214919,16.450001206249,0.12015621664234175,0.8062306048689096
-24.999999411404133,16.450001206249,0.09154759908666274,0.8295630294403845
-24.949999410659075,16.500001206994057,0.11622777072899887,0.8124228516521053
-24.899999409914017,16.500001206994057,0.09154759908666274,0.8307764217641807
-24.84999940916896,16.550001207739115,0.11622777072899887,0.8062306048689096
-24.7999994084239,16.550001207739115,0.09154759908666274,0.8295630294403845
-24.749999407678843,16.600001208484173,0.11622777072899887,0.7962429571037405
-24.649999406188726,16.600001208484173,0.06925824436898563,0.8307764217641807
-24.59999940544367,16.65000120922923,0.10413813104692221,0.7962429571037405
-24.499999403953552,16.65000120922923,0.06925824436898563,0.8307764217641807
-24.449999403208494,16.70000120997429,0.10413813104692221,0.8062306048689096
-24.399999402463436,16.70000120997429,0.09154759908666274,0.8295630294403845
-24.349999401718378,16.750001210719347,0.11622777072899887,0.8062306048689096
-24.249999400228262,16.750001210719347,0.09154759908666274,0.8511898177453807
-24.199999399483204,16.800001211464405,0.11622777072899887,0.8295630294403845
-24.149999398738146,16.800001211464405,0.09154759908666274,0.8547511712034664
-24.04999939724803,16.90000121295452,0.13541020162296988,0.8307764217641807
-23.99999939650297,16.90000121295452,0.11622777072899887,0.8630145971136167
-23.699999392032623,17.20000121742487,0.11622777072899887,0.8816653987572671
-23.699999392032623,17.250001218169928,0.13541020162296988,0.8547511712034664
-23.649999391287565,17.300001218914986,0.11622777072899887,0.8735455436762694
-23.649999391287565,17.350001219660044,0.13541020162296988,0.8511898177453807
-23.599999390542507,17.4000012204051,0.10413813104692221,0.8770329774759426
-23.599999390542507,17.600001223385334,0.1500000052154064,0.8198039179148193
-23.54999938979745,17.650001224130392,0.10413813104692221,0.8606601875848896
-23.54999938979745,17.900001227855682,0.11622777072899887,0.8500000156462193
-23.599999390542507,17.95000122860074,0.15355339586162983,0.8000000149011612
-23.599999390542507,18.400001235306263,0.09154759908666274,0.8049875770875707
-23.649999391287565,18.45000123605132,0.11622777072899887,0.7617692174150451
-23.649999391287565,18.550001237541437,0.09154759908666274,0.7823441498574933
-23.699999392032623,18.600001238286495,0.11622777072899887,0.7486833121869966
-23.699999392032623,18.75000124052167,0.09154759908666274,0.7962429571037405
-23.74999939277768,18.800001241266727,0.11622777072899887,0.7656604101808596
-23.74999939277768,18.9500012435019,0.09154759908666274,0.8124228516521053
-23.79999939352274,19.00000124424696,0.11622777072899887,0.7848857948555522
-23.79999939352274,19.100001245737076,0.09154759908666274,0.8295630294403845
-23.849999394267797,19.150001246482134,0.11622777072899887,0.7962429571037405
-23.849999394267797,19.200001247227192,0.10413813104692221,0.8124228516521053
-23.899999395012856,19.25000124797225,0.1500000052154064,0.7823441498574933
-23.899999395012856,19.400001250207424,0.10413813104692221,0.8307764217641807
-23.949999395757914,19.450001250952482,0.1500000052154064,0.7962429571037405
-23.949999395757914,19.600001253187656,0.10413813104692221,0.8440306664483241
-23.99999939650297,19.650001253932714,0.13541020162296988,0.8124228516521053
-23.99999939650297,19.75000125542283,0.10413813104692221,0.8511898177453807
-24.04999939724803,19.80000125616789,0.1500000052154064,0.8295630294403845
-24.04999939724803,19.900001257658005,0.11622777072899887,0.8594810208083519
-24.099999397993088,19.950001258403063,0.15355339586162983,0.8307764217641807
-24.099999397993088,20.05000125989318,0.11622777072899887,0.8594810208083519
-24.149999398738146,20.100001260638237,0.15355339586162983,0.8307764217641807
-24.149999398738146,20.200001262128353,0.11622777072899887,0.8594810208083519
-24.199999399483204,20.25000126287341,0.15355339586162983,0.8307764217641807
-24.199999399483204,20.400001265108585,0.11622777072899887,0.8770329774759426
-24.249999400228262,20.450001265853643,0.15355339586162983,0.8440306664483241
-24.249999400228262,20.600001268088818,0.11622777072899887,0.8793516733297382
-24.29999940097332,20.650001268833876,0.15355339586162983,0.8440306664483241
-24.29999940097332,20.75000127032399,0.11622777072899887,0.8688779322491196
-24.349999401718378,20.80000127106905,0.15355339586162983,0.8307764217641807
-24.349999401718378,20.950001273304224,0.11622777072899887,0.8770329774759426
-24.399999402463436,21.000001274049282,0.15355339586162983,0.8440306664483241
-24.399999402463436,21.150001276284456,0.11622777072899887,0.8793516733297382
-24.449999403208494,21.200001277029514,0.15355339586162983,0.8440306664483241
-24.449999403208494,21.30000127851963,0.11622777072899887,0.8688779322491196
-24.499999403953552,21.35000127926469,0.15355339586162983,0.8307764217641807
-24.499999403953552,21.500001281499863,0.11622777072899887,0.8688779322491196
-24.54999940469861,21.55000128224492,0.15355339586162983,0.8307764217641807
-24.54999940469861,21.700001284480095,0.11622777072899887,0.8770329774759426
-24.59999940544367,21.750001285225153,0.15355339586162983,0.8440306664483241
-24.59999940544367,21.85000128671527,0.11622777072899887,0.8688779322491196
-24.649999406188726,21.900001287460327,0.15355339586162983,0.8307764217641807
-24.649999406188726,22.0500012896955,0.11622777072899887,0.8688779322491196
-24.699999406933784,22.10000129044056,0.15355339586162983,0.8307764217641807
-24.699999406933784,22.250001292675734,0.11622777072899887,0.8770329774759426
-24.749999407678843,22.30000129342079,0.15355339586162983,0.8440306664483241
-24.749999407678843,22.450001295655966,0.11622777072899887,0.8793516733297382
-24.7999994084239,22.500001296401024,0.15355339586162983,0.8440306664483241
-24.7999994084239,22.60000129789114,0.11622777072899887,0.8688779322491196
-24.84999940916896,22.650001298636198,0.15355339586162983,0.8307764217641807
-24.84999940916896,22.800001300871372,0.11622777072899887,0.8770329774759426
-24.899999409914017,22.85000130161643,0.15355339586162983,0.8440306664483241
-24.899999409914017,23.000001303851604,0.11622777072899887,0.8793516733297382
-24.949999410659075,23.050001304596663,0.15355339586162983,0.8440306664483241
-24.949999410659075,23.200001306831837,0.11622777072899887,0.8793516733297382
-24.999999411404133,23.250001307576895,0.15355339586162983,0.8440306664483241
-24.999999411404133,23.40000130981207,0.11622777072899887,0.8920164996643914
-25.04999941214919,23.450001310557127,0.15355339586162983,0.8594810208083519
-25.04999941214919,23.6000013127923,0.11622777072899887,0.8920164996643914
-25.09999941289425,23.65000131353736,0.15355339586162983,0.8547511712034664
-25.09999941289425,23.800001315772533,0.11622777072899887,0.8793516733297382
-25.149999413639307,23.85000131651759,0.15355339586162983,0.8440306664483241
-25.149999413639307,23.950001318007708,0.11622777072899887,0.8688779322491196
-25.199999414384365,24.000001318752766,0.15355339586162983,0.8307764217641807
-25.199999414384365,24.15000132098794,0.11622777072899887,0.8606601875848896
-25.249999415129423,24.200001321732998,0.15355339586162983,0.8198039179148193
-25.249999415129423,24.350001323968172,0.11622777072899887,0.8594810208083519
-25.29999941587448,24.40000132471323,0.15355339586162983,0.8198039179148193
-25.29999941587448,24.600001327693462,0.11622777072899887,0.8606601875848896
-25.34999941661954,24.65000132843852,0.15355339586162983,0.8198039179148193
-25.34999941661954,24.850001331418753,0.11622777072899887,0.8606601875848896
-25.399999417364597,24.90000133216381,0.15355339586162983,0.8198039179148193
-25.399999417364597,25.100001335144043,0.11622777072899887,0.8688779322491196
-25.449999418109655,25.1500013358891,0.15355339586162983,0.8307764217641807
-25.449999418109655,25.350001338869333,0.11622777072899887,0.8688779322491196
-25.499999418854713,25.40000133961439,0.15355339586162983,0.8307764217641807
-25.499999418854713,25.600001342594624,0.11622777072899887,0.8793516733297382
-25.54999941959977,25.65000134333968,0.15355339586162983,0.8440306664483241
-25.54999941959977,25.850001346319914,0.11622777072899887,0.8793516733297382
-25.59999942034483,25.900001347064972,0.15355339586162983,0.8440306664483241
-25.59999942034483,26.100001350045204,0.11622777072899887,0.8920164996643914
-25.649999421089888,26.150001350790262,0.15355339586162983,0.8500000156462193
-25.649999421089888,26.45000135526061,0.11622777072899887,0.8688779322491196
-25.699999421834946,26.50000135600567,0.15355339586162983,0.8307764217641807
-25.699999421834946,26.900001361966133,0.11622777072899887,0.8688779322491196
-25.749999422580004,26.95000136271119,0.15355339586162983,0.8307764217641807
-25.749999422580004,27.350001368671656,0.11622777072899887,0.8606601875848896
-25.799999423325062,27.400001369416714,0.15355339586162983,0.8198039179148193
-25.799999423325062,27.800001375377178,0.11622777072899887,0.8547511712034664
-25.84999942407012,27.850001376122236,0.15355339586162983,0.8111874358757011
-25.84999942407012,30.750001419335604,0.15355339586162983,0.8500000156462193
-25.799999423325062,30.80000142008066,0.11622777072899887,0.9000000163912774
-25.799999423325062,31.90000143647194,0.15355339586162983,0.8500000156462193
-25.749999422580004,31.950001437216997,0.11622777072899887,0.9000000163912774
-25.749999422580004,32.65000144764781,0.1500000052154064,0.8500000156462193
-25.699999421834946,32.70000144839287,0.10413813104692221,0.8920164996643914
-25.699999421834946,33.20000145584345,0.15355339586162983,0.8500000156462193
-25.649999421089888,33.25000145658851,0.11622777072899887,0.9000000163912774
-25.649999421089888,33.70000146329403,0.15355339586162983,0.8500000156462193
-25.59999942034483,33.75000146403909,0.11622777072899887,0.9000000163912774
-25.59999942034483,34.100001469254494,0.1500000052154064,0.8440306664483241
-25.54999941959977,34.15000146999955,0.10413813104692221,0.8793516733297382
-25.54999941959977,34.40000147372484,0.1500000052154064,0.8307764217641807
-25.499999418854713,34.4500014744699,0.10413813104692221,0.8688779322491196
-25.499999418854713,34.70000147819519,0.1500000052154064,0.8198039179148193
-25.449999418109655,34.75000147894025,0.10413813104692221,0.8606601875848896
-25.449999418109655,34.95000148192048,0.1500000052154064,0.8198039179148193
-25.399999417364597,35.00000148266554,0.10413813104692221,0.8606601875848896
-25.399999417364597,35.20000148564577,0.1500000052154064,0.8307764217641807
-25.34999941661954,35.25000148639083,0.10413813104692221,0.8688779322491196
-25.34999941661954,35.45000148937106,0.1500000052154064,0.8307764217641807
-25.29999941587448,35.50000149011612,0.10413813104692221,0.8688779322491196
-25.29999941587448,35.75000149384141,0.1500000052154064,0.8198039179148193
-25.249999415129423,35.80000149458647,0.10413813104692221,0.8606601875848896
-25.249999415129423,36.0000014975667,0.1500000052154064,0.8198039179148193
-25.199999414384365,36.05000149831176,0.10413813104692221,0.8606601875848896
-25.199999414384365,36.150001499801874,0.13541020162296988,0.8440306664483241
-25.149999413639307,36.20000150054693,0.10413813104692221,0.8793516733297382
-25.149999413639307,36.350001502782106,0.1500000052154064,0.8547511712034664
-25.09999941289425,36.400001503527164,0.10413813104692221,0.9011357936854637
-25.09999941289425,36.55000150576234,0.1500000052154064,0.8594810208083519
-25.04999941214919,36.6000015065074,0.10413813104692221,0.8920164996643914
-25.04999941214919,36.75000150874257,0.1500000052154064,0.8594810208083519
-24.999999411404133,36.80000150948763,0.10413813104692221,0.8920164996643914
-24.999999411404133,36.900001510977745,0.13541020162296988,0.8594810208083519
-24.949999410659075,36.9500015117228,0.10413813104692221,0.8920164996643914
-24.949999410659075,37.10000151395798,0.1500000052154064,0.8440306664483241
-24.899999409914017,37.150001514703035,0.10413813104692221,0.8793516733297382
-24.899999409914017,37.30000151693821,0.1500000052154064,0.8440306664483241
-24.84999940916896,37.35000151768327,0.10413813104692221,0.8770329774759426
-24.84999940916896,37.50000151991844,0.1500000052154064,0.8307764217641807
-24.7999994084239,37.5500015206635,0.10413813104692221,0.8688779322491196
-24.7999994084239,37.700001522898674,0.1500000052154064,0.8307764217641807
-24.749999407678843,37.75000152364373,0.10413813104692221,0.8594810208083519
-24.749999407678843,37.85000152513385,0.13541020162296988,0.8307764217641807
-24.699999406933784,37.900001525878906,0.10413813104692221,0.8594810208083519
-24.699999406933784,38.00000152736902,0.13541020162296988,0.8307764217641807
-24.649999406188726,38.05000152811408,0.10413813104692221,0.8688779322491196
-24.649999406188726,38.1500015296042,0.13541020162296988,0.8440306664483241
-24.59999940544367,38.200001530349255,0.10413813104692221,0.8770329774759426
-24.59999940544367,38.30000153183937,0.13541020162296988,0.8440306664483241
-24.54999940469861,38.35000153258443,0.10413813104692221,0.8793516733297382
-24.54999940469861,38.450001534074545,0.13541020162296988,0.8594810208083519
-24.499999403953552,38.5000015348196,0.10413813104692221,0.8920164996643914
-24.499999403953552,38.60000153630972,0.13541020162296988,0.8594810208083519
-24.449999403208494,38.65000153705478,0.10413813104692221,0.8920164996643914
-24.449999403208494,38.75000153854489,0.13541020162296988,0.8594810208083519
-24.399999402463436,38.80000153928995,0.10413813104692221,0.8920164996643914
-24.399999402463436,38.90000154078007,0.13541020162296988,0.8594810208083519
-24.349999401718378,38.950001541525126,0.10413813104692221,0.8920164996643914
-24.349999401718378,39.05000154301524,0.13541020162296988,0.8511898177453807
-24.29999940097332,39.1000015437603,0.11622777072899887,0.8735455436762694
-24.29999940097332,39.15000154450536,0.13541020162296988,0.8511898177453807
-24.249999400228262,39.200001545250416,0.10413813104692221,0.8735455436762694
-24.249999400228262,39.30000154674053,0.13541020162296988,0.8307764217641807
-24.199999399483204,39.35000154748559,0.10413813104692221,0.8594810208083519
-24.199999399483204,39.40000154823065,0.11622777072899887,0.8440306664483241
-24.149999398738146,39.450001548975706,0.09154759908666274,0.8735455436762694
-24.149999398738146,39.500001549720764,0.11622777072899887,0.8511898177453807
-24.099999397993088,39.55000155046582,0.09154759908666274,0.8735455436762694
-24.099999397993088,39.60000155121088,0.11622777072899887,0.8511898177453807
-24.04999939724803,39.65000155195594,0.09154759908666274,0.8735455436762694
-24.04999939724803,39.700001552700996,0.11622777072899887,0.8511898177453807
-23.99999939650297,39.750001553446054,0.09154759908666274,0.8770329774759426
-23.99999939650297,39.85000155493617,0.13541020162296988,0.8440306664483241
-23.949999395757914,39.90000155568123,0.11622777072899887,0.8735455436762694
-23.949999395757914,39.95000155642629,0.13541020162296988,0.8511898177453807
-23.899999395012856,40.000001557171345,0.10413813104692221,0.8735455436762694
-23.899999395012856,40.0500015579164,0.11622777072899887,0.8511898177453807
-23.849999394267797,40.10000155866146,0.09154759908666274,0.8735455436762694
-23.849999394267797,40.15000155940652,0.11622777072899887,0.8511898177453807
-23.79999939352274,40.20000156015158,0.09154759908666274,0.8770329774759426
-23.79999939352274,40.30000156164169,0.13541020162296988,0.8440306664483241
-23.74999939277768,40.35000156238675,0.11622777072899887,0.8735455436762694
-23.74999939277768,40.40000156313181,0.13541020162296988,0.8511898177453807
-23.699999392032623,40.45000156387687,0.11622777072899887,0.8735455436762694
-23.699999392032623,40.500001564621925,0.13541020162296988,0.8511898177453807
-23.649999391287565,40.55000156536698,0.11622777072899887,0.8735455436762694
-23.649999391287565,40.60000156611204,0.13541020162296988,0.8511898177453807
-23.54999938979745,40.70000156760216,0.11622777072899887,0.8816653987572671
-23.54999938979745,40.750001568347216,0.13541020162296988,0.8547511712034664
-23.49999938905239,40.800001569092274,0.11622777072899887,0.8700467438965735
-23.49999938905239,40.85000156983733,0.13541020162296988,0.8404326178378946
-23.399999387562275,40.95000157132745,0.11622777072899887,0.8700467438965735
-23.399999387562275,41.000001572072506,0.13541020162296988,0.8404326178378946
-23.29999938607216,41.10000157356262,0.11622777072899887,0.8630145971136167
-23.29999938607216,41.15000157430768,0.13541020162296988,0.8307764217641807
-23.199999384582043,41.250001575797796,0.11622777072899887,0.8547511712034664
-23.199999384582043,41.300001576542854,0.13541020162296988,0.8295630294403845
-23.099999383091927,41.40000157803297,0.09154759908666274,0.8547511712034664
-23.099999383091927,41.45000157877803,0.12015621664234175,0.8295630294403845
-22.99999938160181,41.550001580268145,0.09154759908666274,0.8547511712034664
-22.99999938160181,41.6000015810132,0.12015621664234175,0.8295630294403845
-22.899999380111694,41.70000158250332,0.09154759908666274,0.8547511712034664
-22.899999380111694,41.75000158324838,0.12015621664234175,0.8295630294403845
-22.799999378621578,41.85000158473849,0.11622777072899887,0.8547511712034664
-22.799999378621578,41.90000158548355,0.13541020162296988,0.8295630294403845
-22.549999374896288,42.15000158920884,0.11622777072899887,0.8977249363623835
-22.549999374896288,42.2000015899539,0.13541020162296988,0.8700467438965735
-22.299999371170998,42.45000159367919,0.11622777072899887,0.8960155271710525
-22.299999371170998,42.50000159442425,0.13541020162296988,0.8606601875848896
-22.049999367445707,42.75000159814954,0.11622777072899887,0.8606601875848896
-22.049999367445707,42.800001598894596,0.13541020162296988,0.8253048479987265
-21.74999936297536,43.100001603364944,0.13541020162296988,0.8307764217641807
-21.6999993622303,43.100001603364944,0.11622777072899887,0.8700467438965735
-20.849999349564314,43.95000161603093,0.13541020162296988,0.825914241721473
-20.799999348819256,43.95000161603093,0.11622777072899887,0.8547511712034664
-20.64999934658408,44.100001618266106,0.13541020162296988,0.825914241721473
-20.599999345839024,44.100001618266106,0.11622777072899887,0.8547511712034664
-20.499999344348907,44.20000161975622,0.13541020162296988,0.8307764217641807
-20.44999934360385,44.20000161975622,0.11622777072899887,0.8630145971136167
-20.299999341368675,44.350001621991396,0.13541020162296988,0.8404326178378946
-20.249999340623617,44.350001621991396,0.11622777072899887,0.8700467438965735
-20.099999338388443,44.50000162422657,0.13541020162296988,0.8404326178378946
-20.049999337643385,44.50000162422657,0.11622777072899887,0.8700467438965735
-19.94999933615327,44.600001625716686,0.13541020162296988,0.8606601875848896
-19.89999933540821,44.600001625716686,0.11622777072899887,0.8960155271710525
-19.749999333173037,44.75000162795186,0.13541020162296988,0.8511898177453807
-19.69999933242798,44.75000162795186,0.11622777072899887,0.8735455436762694
-19.64999933168292,44.80000162869692,0.12015621664234175,0.8511898177453807
-19.599999330937862,44.80000162869692,0.09154759908666274,0.8735455436762694
-19.499999329447746,44.900001630187035,0.13541020162296988,0.8295630294403845
-19.449999328702688,44.900001630187035,0.11622777072899887,0.8547511712034664
-19.39999932795763,44.95000163093209,0.13541020162296988,0.8404326178378946
-19.349999327212572,44.95000163093209,0.11622777072899887,0.8700467438965735
-19.299999326467514,45.00000163167715,0.13541020162296988,0.8511898177453807
-19.249999325722456,45.00000163167715,0.11622777072899887,0.8735455436762694
-19.199999324977398,45.05000163242221,0.12015621664234175,0.8511898177453807
-19.14999932423234,45.05000163242221,0.09154759908666274,0.8735455436762694
-19.049999322742224,45.150001633912325,0.13541020162296988,0.8295630294403845
-18.999999321997166,45.150001633912325,0.11622777072899887,0.8547511712034664
-18.949999321252108,45.20000163465738,0.13541020162296988,0.8404326178378946
-18.89999932050705,45.20000163465738,0.11622777072899887,0.8700467438965735
-18.84999931976199,45.25000163540244,0.13541020162296988,0.8511898177453807
-18.799999319016933,45.25000163540244,0.11622777072899887,0.8735455436762694
-18.749999318271875,45.3000016361475,0.13541020162296988,0.8511898177453807
-18.699999317526817,45.3000016361475,0.11622777072899887,0.8735455436762694
-18.64999931678176,45.35000163689256,0.12015621664234175,0.8511898177453807
-18.5999993160367,45.35000163689256,0.09154759908666274,0.8735455436762694
-18.499999314546585,45.45000163838267,0.13541020162296988,0.8295630294403845
-18.449999313801527,45.45000163838267,0.11622777072899887,0.8547511712034664
-18.39999931305647,45.50000163912773,0.13541020162296988,0.8404326178378946
-18.34999931231141,45.50000163912773,0.11622777072899887,0.8700467438965735
-18.299999311566353,45.55000163987279,0.13541020162296988,0.8511898177453807
-18.249999310821295,45.55000163987279,0.11622777072899887,0.8735455436762694
-18.199999310076237,45.60000164061785,0.13541020162296988,0.8511898177453807
-18.09999930858612,45.60000164061785,0.10413813104692221,0.8965856263134644
-18.049999307841063,45.650001641362906,0.13541020162296988,0.8735455436762694
-17.999999307096004,45.650001641362906,0.11622777072899887,0.8920164996643914
-17.949999306350946,45.700001642107964,0.13541020162296988,0.8594810208083519
-17.89999930560589,45.700001642107964,0.11622777072899887,0.8770329774759426
-17.84999930486083,45.75000164285302,0.13541020162296988,0.8511898177453807
-17.749999303370714,45.75000164285302,0.10413813104692221,0.8965856263134644
-17.699999302625656,45.80000164359808,0.13541020162296988,0.8735455436762694
-17.649999301880598,45.80000164359808,0.11622777072899887,0.8920164996643914
-17.59999930113554,45.85000164434314,0.13541020162296988,0.8594810208083519
-17.549999300390482,45.85000164434314,0.11622777072899887,0.8770329774759426
-17.499999299645424,45.900001645088196,0.13541020162296988,0.8511898177453807
-17.449999298900366,45.900001645088196,0.11622777072899887,0.8735455436762694
-17.399999298155308,45.950001645833254,0.13541020162296988,0.8440306664483241
-17.29999929666519,45.950001645833254,0.10413813104692221,0.8770329774759426
-17.249999295920134,46.00000164657831,0.13541020162296988,0.8511898177453807
-17.199999295175076,46.00000164657831,0.11622777072899887,0.8735455436762694
-17.149999294430017,46.05000164732337,0.13541020162296988,0.8511898177453807
-17.09999929368496,46.05000164732337,0.11622777072899887,0.8735455436762694
-17.0499992929399,46.10000164806843,0.13541020162296988,0.8440306664483241
-16.949999291449785,46.10000164806843,0.09154759908666274,0.8770329774759426
-16.899999290704727,46.150001648813486,0.11622777072899887,0.8511898177453807
-16.84999928995967,46.150001648813486,0.10413813104692221,0.8735455436762694
-16.79999928921461,46.200001649558544,0.13541020162296988,0.8440306664483241
-16.699999287724495,46.200001649558544,0.09154759908666274,0.8770329774759426
-16.649999286979437,46.2500016503036,0.11622777072899887,0.8511898177453807
-16.59999928623438,46.2500016503036,0.09154759908666274,0.8735455436762694
-16.54999928548932,46.30000165104866,0.11622777072899887,0.8511898177453807
-16.499999284744263,46.30000165104866,0.10413813104692221,0.8735455436762694
-16.449999283999205,46.35000165179372,0.13541020162296988,0.8440306664483241
-16.34999928250909,46.35000165179372,0.10413813104692221,0.8770329774759426
-16.29999928176403,46.400001652538776,0.13541020162296988,0.8511898177453807
-16.249999281018972,46.400001652538776,0.11622777072899887,0.8735455436762694
-16.199999280273914,46.450001653283834,0.13541020162296988,0.8440306664483241
-16.099999278783798,46.450001653283834,0.10413813104692221,0.8770329774759426
-16.04999927803874,46.50000165402889,0.13541020162296988,0.8511898177453807
-15.949999276548624,46.50000165402889,0.10413813104692221,0.8920164996643914
-15.899999275803566,46.55000165477395,0.13541020162296988,0.8594810208083519
-15.79999927431345,46.55000165477395,0.10413813104692221,0.8965856263134644
-15.749999273568392,46.60000165551901,0.13541020162296988,0.8735455436762694
-15.699999272823334,46.60000165551901,0.11622777072899887,0.8965856263134644
-15.649999272078276,46.65000165626407,0.13541020162296988,0.8688779322491196
-15.54999927058816,46.65000165626407,0.10413813104692221,0.8920164996643914
-15.499999269843102,46.700001657009125,0.13541020162296988,0.8594810208083519
-15.399999268352985,46.700001657009125,0.10413813104692221,0.8920164996643914
-15.349999267607927,46.75000165775418,0.13541020162296988,0.8594810208083519
-15.29999926686287,46.75000165775418,0.11622777072899887,0.8770329774759426
-15.249999266117811,46.80000165849924,0.13541020162296988,0.8440306664483241
-15.149999264627695,46.80000165849924,0.10413813104692221,0.8770329774759426
-15.099999263882637,46.8500016592443,0.13541020162296988,0.8440306664483241
-14.999999262392521,46.8500016592443,0.10413813104692221,0.8688779322491196
-14.949999261647463,46.90000165998936,0.13541020162296988,0.8307764217641807
-14.849999260157347,46.90000165998936,0.09154759908666274,0.8594810208083519
-14.799999259412289,46.950001660734415,0.11622777072899887,0.8307764217641807
-14.699999257922173,46.950001660734415,0.09154759908666274,0.8594810208083519
-14.649999257177114,47.00000166147947,0.11622777072899887,0.8307764217641807
-14.549999255686998,47.00000166147947,0.10000000447034836,0.8594810208083519
-14.49999925494194,47.05000166222453,0.13541020162296988,0.8307764217641807
-14.399999253451824,47.05000166222453,0.10413813104692221,0.8594810208083519
-14.349999252706766,47.10000166296959,0.1500000052154064,0.8307764217641807
-14.199999250471592,47.10000166296959,0.10413813104692221,0.8688779322491196
-14.149999249726534,47.15000166371465,0.13541020162296988,0.8307764217641807
-14.049999248236418,47.15000166371465,0.10413813104692221,0.8594810208083519
-13.99999924749136,47.200001664459705,0.1500000052154064,0.8307764217641807
-13.849999245256186,47.200001664459705,0.10413813104692221,0.8770329774759426
-13.799999244511127,47.25000166520476,0.1500000052154064,0.8440306664483241
-13.649999242275953,47.25000166520476,0.10413813104692221,0.8920164996643914
-13.599999241530895,47.30000166594982,0.1500000052154064,0.8594810208083519
-13.449999239295721,47.30000166594982,0.10413813104692221,0.8920164996643914
-13.399999238550663,47.35000166669488,0.1500000052154064,0.8594810208083519
-13.249999236315489,47.35000166669488,0.10413813104692221,0.9045361181775966
-13.19999923557043,47.40000166743994,0.1500000052154064,0.8606601875848896
-13.049999233335257,47.40000166743994,0.10413813104692221,0.8920164996643914
-12.999999232590199,47.450001668184996,0.1500000052154064,0.8547511712034664
-12.849999230355024,47.450001668184996,0.10413813104692221,0.8793516733297382
-12.799999229609966,47.500001668930054,0.1500000052154064,0.8440306664483241
-12.599999226629734,47.500001668930054,0.10413813104692221,0.8793516733297382
-12.549999225884676,47.55000166967511,0.1500000052154064,0.8440306664483241
-12.349999222904444,47.55000166967511,0.10413813104692221,0.8920164996643914
-12.299999222159386,47.60000167042017,0.1500000052154064,0.8547511712034664
-12.099999219179153,47.60000167042017,0.10413813104692221,0.8920164996643914
-12.049999218434095,47.65000167116523,0.1500000052154064,0.8547511712034664
-11.849999215453863,47.65000167116523,0.10413813104692221,0.8920164996643914
-11.799999214708805,47.700001671910286,0.1500000052154064,0.8547511712034664
-11.649999212473631,47.700001671910286,0.10413813104692221,0.8793516733297382
-11.599999211728573,47.750001672655344,0.1500000052154064,0.8440306664483241
-11.39999920874834,47.750001672655344,0.10413813104692221,0.8920164996643914
-11.349999208003283,47.8000016734004,0.1500000052154064,0.8547511712034664
-11.14999920502305,47.8000016734004,0.10413813104692221,0.8920164996643914
-11.099999204277992,47.85000167414546,0.1500000052154064,0.8547511712034664
-10.89999920129776,47.85000167414546,0.10413813104692221,0.8920164996643914
-10.849999200552702,47.90000167489052,0.1500000052154064,0.8547511712034664
-10.64999919757247,47.90000167489052,0.10413813104692221,0.8920164996643914
-10.599999196827412,47.950001675635576,0.1500000052154064,0.8500000156462193
-10.299999192357063,47.950001675635576,0.10413813104692221,0.8920164996643914
-10.249999191612005,48.000001676380634,0.1500000052154064,0.8511898177453807
-9.949999187141657,48.000001676380634,0.10413813104692221,0.9000000163912774
-9.899999186396599,48.05000167712569,0.1500000052154064,0.8511898177453807
-9.649999182671309,48.05000167712569,0.10413813104692221,0.8920164996643914
-9.59999918192625,48.10000167787075,0.1500000052154064,0.8500000156462193
-9.299999177455902,48.10000167787075,0.10413813104692221,0.8920164996643914
-9.249999176710844,48.15000167861581,0.1500000052154064,0.8511898177453807
-8.949999172240496,48.15000167861581,0.10413813104692221,0.9000000163912774
-8.899999171495438,48.20000167936087,0.1500000052154064,0.8511898177453807
-8.649999167770147,48.20000167936087,0.10413813104692221,0.8920164996643914
-8.59999916702509,48.250001680105925,0.1500000052154064,0.8500000156462193
-8.299999162554741,48.250001680105925,0.10413813104692221,0.8920164996643914
-8.249999161809683,48.30000168085098,0.1500000052154064,0.8511898177453807
-7.9499991573393345,48.30000168085098,0.10413813104692221,0.9000000163912774
-7.899999156594276,48.35000168159604,0.1500000052154064,0.8511898177453807
-7.599999152123928,48.35000168159604,0.10413813104692221,0.9000000163912774
-7.54999915137887,48.4000016823411,0.1500000052154064,0.8511898177453807
-7.29999914765358,48.4000016823411,0.10413813104692221,0.8920164996643914
-7.249999146908522,48.45000168308616,0.1500000052154064,0.8511898177453807
-6.949999142438173,48.45000168308616,0.10413813104692221,0.9000000163912774
-6.899999141693115,48.500001683831215,0.1500000052154064,0.8511898177453807
-6.599999137222767,48.500001683831215,0.10413813104692221,0.9000000163912774
-6.549999136477709,48.55000168457627,0.1500000052154064,0.8511898177453807
-6.2999991327524185,48.55000168457627,0.10413813104692221,0.8920164996643914
-6.2499991320073605,48.60000168532133,0.1500000052154064,0.8511898177453807
-5.949999127537012,48.60000168532133,0.10413813104692221,0.9000000163912774
-5.899999126791954,48.65000168606639,0.1500000052154064,0.8511898177453807
-5.599999122321606,48.65000168606639,0.10413813104692221,0.9000000163912774
-5.549999121576548,48.70000168681145,0.1500000052154064,0.8511898177453807
-5.299999117851257,48.70000168681145,0.10413813104692221,0.8920164996643914
-5.249999117106199,48.750001687556505,0.1500000052154064,0.8511898177453807
-4.949999112635851,48.750001687556505,0.10413813104692221,0.9000000163912774
-4.899999111890793,48.80000168830156,0.1500000052154064,0.8511898177453807
-4.5999991074204445,48.80000168830156,0.10413813104692221,0.9000000163912774
-4.549999106675386,48.85000168904662,0.1500000052154064,0.8511898177453807
-4.299999102950096,48.85000168904662,0.10413813104692221,0.8920164996643914
-4.249999102205038,48.90000168979168,0.1500000052154064,0.8500000156462193
-3.9499990977346897,48.90000168979168,0.10413813104692221,0.8920164996643914
-3.8999990969896317,48.95000169053674,0.1500000052154064,0.8511898177453807
-3.5999990925192833,48.95000169053674,0.10413813104692221,0.9000000163912774
-3.5499990917742252,49.000001691281796,0.1500000052154064,0.8511898177453807
-3.299999088048935,49.000001691281796,0.10413813104692221,0.8920164996643914
-3.249999087303877,49.050001692026854,0.1500000052154064,0.8500000156462193
-2.9499990828335285,49.050001692026854,0.10413813104692221,0.8920164996643914
-2.8999990820884705,49.10000169277191,0.1500000052154064,0.8511898177453807
-2.599999077618122,49.10000169277191,0.10413813104692221,0.9000000163912774
-2.549999076873064,49.15000169351697,0.1500000052154064,0.8511898177453807
-2.2999990731477737,49.15000169351697,0.10413813104692221,0.8920164996643914
-2.2499990724027157,49.20000169426203,0.1500000052154064,0.8500000156462193
-1.9499990679323673,49.20000169426203,0.10413813104692221,0.8920164996643914
-1.8999990671873093,49.250001695007086,0.1500000052154064,0.8511898177453807
-1.599999062716961,49.250001695007086,0.10413813104692221,0.9000000163912774
-1.5499990619719028,49.300001695752144,0.1500000052154064,0.8511898177453807
-1.2999990582466125,49.300001695752144,0.10413813104692221,0.8920164996643914
-1.2499990575015545,49.3500016964972,0.1500000052154064,0.8500000156462193
-0.9499990530312061,49.3500016964972,0.10413813104692221,0.8920164996643914
-0.8999990522861481,49.40000169724226,0.1500000052154064,0.8511898177453807
-0.5999990478157997,49.40000169724226,0.10413813104692221,0.9000000163912774
-0.5499990470707417,49.45000169798732,0.1500000052154064,0.8511898177453807
-0.2499990426003933,49.45000169798732,0.10413813104692221,0.9000000163912774
-0.19999904185533524,49.500001698732376,0.1500000052154064,0.8511898177453807
0.05000096186995506,49.500001698732376,0.10413813104692221,0.8920164996643914
0.10000096261501312,49.550001699477434,0.1500000052154064,0.8511898177453807
0.4000009670853615,49.550001699477434,0.10413813104692221,0.9000000163912774
0.45000096783041954,49.60000170022249,0.1500000052154064,0.8511898177453807
0.7500009723007679,49.60000170022249,0.10413813104692221,0.9000000163912774
0.800000973045826,49.65000170096755,0.1500000052154064,0.8511898177453807
1.0500009767711163,49.65000170096755,0.10413813104692221,0.8920164996643914
1.1000009775161743,49.70000170171261,0.1500000052154064,0.8511898177453807
1.4000009819865227,49.70000170171261,0.10413813104692221,0.9000000163912774
1.4500009827315807,49.750001702457666,0.1500000052154064,0.8511898177453807
1.750000987201929,49.750001702457666,0.10413813104692221,0.9000000163912774
1.8000009879469872,49.800001703202724,0.1500000052154064,0.8511898177453807
2.0500009916722775,49.800001703202724,0.10413813104692221,0.8920164996643914
2.1000009924173355,49.85000170394778,0.1500000052154064,0.8511898177453807
2.400000996887684,49.85000170394778,0.10413813104692221,0.9000000163912774
2.450000997632742,49.90000170469284,0.1500000052154064,0.8511898177453807
2.7500010021030903,49.90000170469284,0.10413813104692221,0.9000000163912774
2.8000010028481483,49.9500017054379,0.1500000052154064,0.8511898177453807
3.0500010065734386,49.9500017054379,0.10413813104692221,0.8920164996643914
3.1000010073184967,50.00000170618296,0.1500000052154064,0.8500000156462193
3.400001011788845,50.00000170618296,0.10413813104692221,0.8920164996643914
3.450001012533903,50.050001706928015,0.1500000052154064,0.8511898177453807
3.7500010170042515,50.050001706928015,0.10413813104692221,0.9000000163912774
3.8000010177493095,50.10000170767307,0.1500000052154064,0.8511898177453807
4.0500010214746,50.10000170767307,0.10413813104692221,0.8920164996643914
4.100001022219658,50.15000170841813,0.1500000052154064,0.8500000156462193
4.400001026690006,50.15000170841813,0.10413813104692221,0.8920164996643914
4.450001027435064,50.20000170916319,0.1500000052154064,0.8511898177453807
4.700001031160355,50.20000170916319,0.10413813104692221,0.8920164996643914
4.750001031905413,50.25000170990825,0.1500000052154064,0.8547511712034664
4.950001034885645,50.25000170990825,0.10413813104692221,0.8920164996643914
5.000001035630703,50.300001710653305,0.1500000052154064,0.8511898177453807
5.200001038610935,50.300001710653305,0.10413813104692221,0.8793516733297382
5.250001039355993,50.35000171139836,0.1500000052154064,0.8440306664483241
5.4500010423362255,50.35000171139836,0.10413813104692221,0.8793516733297382
5.500001043081284,50.40000171214342,0.1500000052154064,0.8440306664483241
5.700001046061516,50.40000171214342,0.10413813104692221,0.8920164996643914
5.750001046806574,50.45000171288848,0.1500000052154064,0.8547511712034664
5.900001049041748,50.45000171288848,0.10413813104692221,0.8793516733297382
5.950001049786806,50.50000171363354,0.13541020162296988,0.8440306664483241
6.050001051276922,50.50000171363354,0.10413813104692221,0.8770329774759426
6.10000105202198,50.550001714378595,0.13541020162296988,0.8511898177453807
6.150001052767038,50.550001714378595,0.11622777072899887,0.8735455436762694
6.200001053512096,50.60000171512365,0.15355339586162983,0.8511898177453807
6.2500010542571545,50.60000171512365,0.12015621664234175,0.8735455436762694
6.3000010550022125,50.65000171586871,0.13541020162296988,0.8511898177453807
6.350001055747271,50.65000171586871,0.11622777072899887,0.8735455436762694
6.400001056492329,50.70000171661377,0.13541020162296988,0.8547511712034664
6.450001057237387,50.70000171661377,0.11622777072899887,0.8816653987572671
6.750001061707735,51.00000172108412,0.11622777072899887,0.8700467438965735
6.750001061707735,51.050001721829176,0.13541020162296988,0.8404326178378946
6.900001063942909,51.20000172406435,0.11622777072899887,0.8965856263134644
6.900001063942909,51.25000172480941,0.13541020162296988,0.8735455436762694
6.950001064687967,51.300001725554466,0.11622777072899887,0.8965856263134644
6.950001064687967,51.350001726299524,0.13541020162296988,0.8735455436762694
7.000001065433025,51.40000172704458,0.10413813104692221,0.8965856263134644
7.000001065433025,51.5000017285347,0.13541020162296988,0.8511898177453807
7.050001066178083,51.55000172927976,0.11622777072899887,0.8735455436762694
7.050001066178083,51.600001730024815,0.13541020162296988,0.8511898177453807
7.1000010669231415,51.65000173076987,0.11622777072899887,0.8735455436762694
7.1000010669231415,51.70000173151493,0.13541020162296988,0.8511898177453807
7.1500010676681995,51.75000173225999,0.11622777072899887,0.8770329774759426
7.1500010676681995,51.80000173300505,0.13541020162296988,0.8594810208083519
7.200001068413258,51.850001733750105,0.10413813104692221,0.8920164996643914
7.200001068413258,51.95000173524022,0.13541020162296988,0.8511898177453807
7.250001069158316,52.00000173598528,0.11622777072899887,0.8735455436762694
7.250001069158316,52.05000173673034,0.13541020162296988,0.8511898177453807
7.300001069903374,52.100001737475395,0.11622777072899887,0.8735455436762694
7.300001069903374,52.15000173822045,0.13541020162296988,0.8511898177453807
7.350001070648432,52.20000173896551,0.11622777072899887,0.8735455436762694
7.350001070648432,52.25000173971057,0.13541020162296988,0.8511898177453807
7.40000107139349,52.30000174045563,0.11622777072899887,0.8770329774759426
7.40000107139349,52.350001741200686,0.13541020162296988,0.8547511712034664
7.500001072883606,52.4500017426908,0.11622777072899887,0.8816653987572671
7.500001072883606,52.50000174343586,0.13541020162296988,0.8547511712034664
7.700001075863838,52.70000174641609,0.13541020162296988,0.8547511712034664
7.750001076608896,52.70000174641609,0.11622777072899887,0.8816653987572671
7.850001078099012,52.80000174790621,0.13541020162296988,0.8511898177453807
7.90000107884407,52.80000174790621,0.11622777072899887,0.8735455436762694
7.9500010795891285,52.850001748651266,0.13541020162296988,0.8511898177453807
8.000001080334187,52.850001748651266,0.11622777072899887,0.8735455436762694
8.050001081079245,52.900001749396324,0.13541020162296988,0.8547511712034664
8.15000108256936,52.900001749396324,0.10413813104692221,0.8920164996643914
8.200001083314419,52.95000175014138,0.13541020162296988,0.8594810208083519
8.250001084059477,52.95000175014138,0.11622777072899887,0.8770329774759426
8.300001084804535,53.00000175088644,0.13541020162296988,0.8440306664483241
8.400001086294651,53.00000175088644,0.10413813104692221,0.8770329774759426
8.450001087039709,53.0500017516315,0.13541020162296988,0.8511898177453807
8.550001088529825,53.0500017516315,0.10413813104692221,0.8920164996643914
8.600001089274883,53.100001752376556,0.13541020162296988,0.8594810208083519
8.700001090765,53.100001752376556,0.10413813104692221,0.8920164996643914
8.750001091510057,53.150001753121614,0.13541020162296988,0.8594810208083519
8.800001092255116,53.150001753121614,0.11622777072899887,0.8770329774759426
8.850001093000174,53.20000175386667,0.13541020162296988,0.8511898177453807
8.95000109449029,53.20000175386667,0.10413813104692221,0.8920164996643914
9.000001095235348,53.25000175461173,0.13541020162296988,0.8594810208083519
9.100001096725464,53.25000175461173,0.10413813104692221,0.8965856263134644
9.150001097470522,53.30000175535679,0.13541020162296988,0.8735455436762694
9.20000109821558,53.30000175535679,0.11622777072899887,0.8920164996643914
9.250001098960638,53.35000175610185,0.13541020162296988,0.8594810208083519
9.350001100450754,53.35000175610185,0.10413813104692221,0.8965856263134644
9.400001101195812,53.400001756846905,0.13541020162296988,0.8735455436762694
9.45000110194087,53.400001756846905,0.11622777072899887,0.8920164996643914
9.500001102685928,53.45000175759196,0.13541020162296988,0.8594810208083519
9.600001104176044,53.45000175759196,0.10413813104692221,0.8965856263134644
9.650001104921103,53.50000175833702,0.13541020162296988,0.8735455436762694
9.70000110566616,53.50000175833702,0.11622777072899887,0.8920164996643914
9.750001106411219,53.55000175908208,0.13541020162296988,0.8594810208083519
9.800001107156277,53.55000175908208,0.11622777072899887,0.8770329774759426
9.850001107901335,53.60000175982714,0.13541020162296988,0.8511898177453807
9.900001108646393,53.60000175982714,0.11622777072899887,0.8735455436762694
9.95000110939145,53.650001760572195,0.13541020162296988,0.8511898177453807
10.000001110136509,53.650001760572195,0.11622777072899887,0.8735455436762694
10.050001110881567,53.70000176131725,0.13541020162296988,0.8511898177453807
10.150001112371683,53.70000176131725,0.10413813104692221,0.8965856263134644
10.200001113116741,53.75000176206231,0.13541020162296988,0.8735455436762694
10.2500011138618,53.75000176206231,0.11622777072899887,0.8965856263134644
10.300001114606857,53.80000176280737,0.13541020162296988,0.8735455436762694
10.350001115351915,53.80000176280737,0.11622777072899887,0.8965856263134644
10.400001116096973,53.85000176355243,0.13541020162296988,0.8735455436762694
10.450001116842031,53.85000176355243,0.11622777072899887,0.8920164996643914
10.50000111758709,53.900001764297485,0.13541020162296988,0.8594810208083519
10.550001118332148,53.900001764297485,0.11622777072899887,0.8770329774759426
10.600001119077206,53.95000176504254,0.13541020162296988,0.8511898177453807
10.650001119822264,53.95000176504254,0.11622777072899887,0.8735455436762694
10.700001120567322,54.0000017657876,0.13541020162296988,0.8511898177453807
10.75000112131238,54.0000017657876,0.11622777072899887,0.8735455436762694
10.800001122057438,54.05000176653266,0.13541020162296988,0.8511898177453807
10.850001122802496,54.05000176653266,0.11622777072899887,0.8735455436762694
10.900001123547554,54.10000176727772,0.13541020162296988,0.8511898177453807
10.950001124292612,54.10000176727772,0.11622777072899887,0.8735455436762694
11.00000112503767,54.150001768022776,0.13541020162296988,0.8511898177453807
11.050001125782728,54.150001768022776,0.11622777072899887,0.8735455436762694
11.100001126527786,54.200001768767834,0.13541020162296988,0.8511898177453807
11.150001127272844,54.200001768767834,0.11622777072899887,0.8735455436762694
11.200001128017902,54.25000176951289,0.13541020162296988,0.8511898177453807
11.300001129508018,54.25000176951289,0.10413813104692221,0.8965856263134644
11.350001130253077,54.30000177025795,0.13541020162296988,0.8735455436762694
11.400001130998135,54.30000177025795,0.11622777072899887,0.8965856263134644
11.450001131743193,54.35000177100301,0.13541020162296988,0.8735455436762694
11.50000113248825,54.35000177100301,0.11622777072899887,0.8965856263134644
11.550001133233309,54.400001771748066,0.13541020162296988,0.8735455436762694
11.600001133978367,54.400001771748066,0.11622777072899887,0.8920164996643914
11.650001134723425,54.450001772493124,0.13541020162296988,0.8594810208083519
11.700001135468483,54.450001772493124,0.11622777072899887,0.8770329774759426
11.750001136213541,54.50000177323818,0.13541020162296988,0.8511898177453807
11.800001136958599,54.50000177323818,0.11622777072899887,0.8735455436762694
11.850001137703657,54.55000177398324,0.13541020162296988,0.8511898177453807
11.900001138448715,54.55000177398324,0.11622777072899887,0.8735455436762694
11.950001139193773,54.6000017747283,0.13541020162296988,0.8511898177453807
12.000001139938831,54.6000017747283,0.11622777072899887,0.8735455436762694
12.05000114068389,54.650001775473356,0.13541020162296988,0.8511898177453807
12.100001141428947,54.650001775473356,0.11622777072899887,0.8735455436762694
12.150001142174006,54.700001776218414,0.13541020162296988,0.8511898177453807
12.200001142919064,54.700001776218414,0.11622777072899887,0.8735455436762694
12.250001143664122,54.75000177696347,0.13541020162296988,0.8511898177453807
12.350001145154238,54.75000177696347,0.10413813104692221,0.8965856263134644
12.400001145899296,54.80000177770853,0.13541020162296988,0.8735455436762694
12.450001146644354,54.80000177770853,0.11622777072899887,0.8965856263134644
12.500001147389412,54.85000177845359,0.13541020162296988,0.8735455436762694
12.55000114813447,54.85000177845359,0.11622777072899887,0.8965856263134644
12.600001148879528,54.90000177919865,0.13541020162296988,0.8735455436762694
12.650001149624586,54.90000177919865,0.11622777072899887,0.8920164996643914
12.700001150369644,54.950001779943705,0.13541020162296988,0.8594810208083519
12.750001151114702,54.950001779943705,0.11622777072899887,0.8770329774759426
12.80000115185976,55.00000178068876,0.13541020162296988,0.8511898177453807
12.850001152604818,55.00000178068876,0.11622777072899887,0.8735455436762694
12.900001153349876,55.05000178143382,0.13541020162296988,0.8511898177453807
12.950001154094934,55.05000178143382,0.11622777072899887,0.8735455436762694
13.000001154839993,55.10000178217888,0.13541020162296988,0.8511898177453807
13.05000115558505,55.10000178217888,0.11622777072899887,0.8735455436762694
13.100001156330109,55.15000178292394,0.13541020162296988,0.8511898177453807
13.150001157075167,55.15000178292394,0.11622777072899887,0.8735455436762694
13.200001157820225,55.200001783668995,0.13541020162296988,0.8511898177453807
13.250001158565283,55.200001783668995,0.11622777072899887,0.8735455436762694
13.30000115931034,55.25000178441405,0.13541020162296988,0.8511898177453807
13.400001160800457,55.25000178441405,0.10413813104692221,0.8965856263134644
13.450001161545515,55.30000178515911,0.13541020162296988,0.8735455436762694
13.500001162290573,55.30000178515911,0.11622777072899887,0.8965856263134644
13.550001163035631,55.35000178590417,0.13541020162296988,0.8735455436762694
13.60000116378069,55.35000178590417,0.11622777072899887,0.8965856263134644
13.650001164525747,55.40000178664923,0.13541020162296988,0.8735455436762694
13.700001165270805,55.40000178664923,0.11622777072899887,0.8920164996643914
13.750001166015863,55.450001787394285,0.13541020162296988,0.8594810208083519
13.800001166760921,55.450001787394285,0.11622777072899887,0.8770329774759426
13.85000116750598,55.50000178813934,0.13541020162296988,0.8511898177453807
13.900001168251038,55.50000178813934,0.11622777072899887,0.8735455436762694
13.950001168996096,55.5500017888844,0.13541020162296988,0.8511898177453807
14.000001169741154,55.5500017888844,0.11622777072899887,0.8735455436762694
14.050001170486212,55.60000178962946,0.13541020162296988,0.8511898177453807
14.10000117123127,55.60000178962946,0.11622777072899887,0.8735455436762694
14.150001171976328,55.65000179037452,0.13541020162296988,0.8511898177453807
14.200001172721386,55.65000179037452,0.11622777072899887,0.8735455436762694
14.250001173466444,55.700001791119576,0.13541020162296988,0.8511898177453807
14.300001174211502,55.700001791119576,0.11622777072899887,0.8735455436762694
14.35000117495656,55.750001791864634,0.13541020162296988,0.8511898177453807
14.400001175701618,55.750001791864634,0.11622777072899887,0.8735455436762694
14.450001176446676,55.80000179260969,0.13541020162296988,0.8511898177453807
14.550001177936792,55.80000179260969,0.10413813104692221,0.8965856263134644
14.60000117868185,55.85000179335475,0.13541020162296988,0.8735455436762694
14.650001179426908,55.85000179335475,0.11622777072899887,0.8965856263134644
14.700001180171967,55.90000179409981,0.13541020162296988,0.8735455436762694
14.750001180917025,55.90000179409981,0.11622777072899887,0.8965856263134644
14.800001181662083,55.950001794844866,0.13541020162296988,0.8735455436762694
14.85000118240714,55.950001794844866,0.11622777072899887,0.8920164996643914
14.900001183152199,56.000001795589924,0.13541020162296988,0.8594810208083519
14.950001183897257,56.000001795589924,0.11622777072899887,0.8770329774759426
15.000001184642315,56.05000179633498,0.13541020162296988,0.8511898177453807
15.050001185387373,56.05000179633498,0.11622777072899887,0.8735455436762694
15.100001186132431,56.10000179708004,0.13541020162296988,0.8511898177453807
15.150001186877489,56.10000179708004,0.11622777072899887,0.8735455436762694
15.200001187622547,56.1500017978251,0.13541020162296988,0.8511898177453807
15.250001188367605,56.1500017978251,0.11622777072899887,0.8735455436762694
15.300001189112663,56.200001798570156,0.13541020162296988,0.8511898177453807
15.350001189857721,56.200001798570156,0.11622777072899887,0.8735455436762694
15.40000119060278,56.250001799315214,0.13541020162296988,0.8511898177453807
15.450001191347837,56.250001799315214,0.11622777072899887,0.8735455436762694
15.500001192092896,56.30000180006027,0.13541020162296988,0.8511898177453807
15.600001193583012,56.30000180006027,0.10413813104692221,0.8965856263134644
15.65000119432807,56.35000180080533,0.13541020162296988,0.8735455436762694
15.700001195073128,56.35000180080533,0.11622777072899887,0.8965856263134644
15.750001195818186,56.40000180155039,0.13541020162296988,0.8735455436762694
15.800001196563244,56.40000180155039,0.11622777072899887,0.8965856263134644
15.850001197308302,56.450001802295446,0.13541020162296988,0.8735455436762694
15.90000119805336,56.450001802295446,0.11622777072899887,0.8920164996643914
15.950001198798418,56.500001803040504,0.13541020162296988,0.8594810208083519
16.000001199543476,56.500001803040504,0.11622777072899887,0.8770329774759426
16.050001200288534,56.55000180378556,0.13541020162296988,0.8511898177453807
16.100001201033592,56.55000180378556,0.11622777072899887,0.8735455436762694
16.15000120177865,56.60000180453062,0.13541020162296988,0.8511898177453807
16.20000120252371,56.60000180453062,0.11622777072899887,0.8735455436762694
16.250001203268766,56.65000180527568,0.13541020162296988,0.8511898177453807
16.300001204013824,56.65000180527568,0.11622777072899887,0.8735455436762694
16.350001204758883,56.70000180602074,0.13541020162296988,0.8511898177453807
16.40000120550394,56.70000180602074,0.11622777072899887,0.8735455436762694
16.450001206249,56.750001806765795,0.13541020162296988,0.8511898177453807
16.500001206994057,56.750001806765795,0.11622777072899887,0.8735455436762694
16.550001207739115,56.80000180751085,0.13541020162296988,0.8511898177453807
16.65000120922923,56.80000180751085,0.10413813104692221,0.8965856263134644
16.70000120997429,56.85000180825591,0.13541020162296988,0.8735455436762694
16.750001210719347,56.85000180825591,0.11622777072899887,0.8965856263134644
16.800001211464405,56.90000180900097,0.13541020162296988,0.8735455436762694
16.850001212209463,56.90000180900097,0.11622777072899887,0.8965856263134644
16.90000121295452,56.95000180974603,0.13541020162296988,0.8735455436762694
16.95000121369958,56.95000180974603,0.11622777072899887,0.8920164996643914
17.000001214444637,57.000001810491085,0.13541020162296988,0.8594810208083519
17.050001215189695,57.000001810491085,0.11622777072899887,0.8770329774759426
17.100001215934753,57.05000181123614,0.13541020162296988,0.8511898177453807
17.15000121667981,57.05000181123614,0.11622777072899887,0.8735455436762694
17.20000121742487,57.1000018119812,0.13541020162296988,0.8511898177453807
17.250001218169928,57.1000018119812,0.11622777072899887,0.8735455436762694
17.300001218914986,57.15000181272626,0.13541020162296988,0.8511898177453807
17.350001219660044,57.15000181272626,0.11622777072899887,0.8735455436762694
17.4000012204051,57.20000181347132,0.13541020162296988,0.8511898177453807
17.45000122115016,57.20000181347132,0.11622777072899887,0.8735455436762694
17.500001221895218,57.250001814216375,0.13541020162296988,0.8511898177453807
17.550001222640276,57.250001814216375,0.11622777072899887,0.8735455436762694
17.600001223385334,57.30000181496143,0.13541020162296988,0.8511898177453807
17.650001224130392,57.30000181496143,0.11622777072899887,0.8735455436762694
17.70000122487545,57.35000181570649,0.13541020162296988,0.8440306664483241
17.800001226365566,57.35000181570649,0.10413813104692221,0.8770329774759426
17.850001227110624,57.40000181645155,0.13541020162296988,0.8511898177453807
17.95000122860074,57.40000181645155,0.10413813104692221,0.8920164996643914
18.0000012293458,57.45000181719661,0.13541020162296988,0.8594810208083519
18.050001230090857,57.45000181719661,0.11622777072899887,0.8770329774759426
18.100001230835915,57.500001817941666,0.13541020162296988,0.8440306664483241
18.20000123232603,57.500001817941666,0.10413813104692221,0.8770329774759426
18.25000123307109,57.550001818686724,0.13541020162296988,0.8440306664483241
18.350001234561205,57.550001818686724,0.10413813104692221,0.8770329774759426
18.400001235306263,57.60000181943178,0.13541020162296988,0.8440306664483241
18.50000123679638,57.60000181943178,0.10413813104692221,0.8770329774759426
18.550001237541437,57.65000182017684,0.13541020162296988,0.8440306664483241
18.650001239031553,57.65000182017684,0.10413813104692221,0.8770329774759426
18.70000123977661,57.7000018209219,0.13541020162296988,0.8511898177453807
18.800001241266727,57.7000018209219,0.10413813104692221,0.8920164996643914
18.850001242011786,57.750001821666956,0.13541020162296988,0.8594810208083519
18.9500012435019,57.750001821666956,0.10413813104692221,0.8920164996643914
19.00000124424696,57.800001822412014,0.1500000052154064,0.8594810208083519
19.150001246482134,57.800001822412014,0.10413813104692221,0.8920164996643914
19.200001247227192,57.85000182315707,0.1500000052154064,0.8594810208083519
19.350001249462366,57.85000182315707,0.10413813104692221,0.8920164996643914
19.400001250207424,57.90000182390213,0.1500000052154064,0.8594810208083519
19.5500012524426,57.90000182390213,0.10413813104692221,0.8920164996643914
19.600001253187656,57.95000182464719,0.1500000052154064,0.8594810208083519
19.75000125542283,57.95000182464719,0.10413813104692221,0.8920164996643914
19.80000125616789,58.000001825392246,0.1500000052154064,0.8547511712034664
20.00000125914812,58.000001825392246,0.10413813104692221,0.8920164996643914
20.05000125989318,58.050001826137304,0.1500000052154064,0.8500000156462193
20.450001265853643,58.050001826137304,0.11622777072899887,0.9000000163912774
20.5000012665987,58.10000182688236,0.15355339586162983,0.8500000156462193
